评论ID,分词结果
295382707808,事已至此 先 睡觉 吧
293612501200,眼泪
290848875121,章鱼 是 软体动物 但 梦想 让 他 有 了 脊柱
290091611745,弹幕 呢 这个 视频 的 弹幕 呢
290060784929,音无结 弦 之 时悦动 天使 之心 立于 浮华 之世响 奏 天籁 之音
292273225632,小时候 我们 以为 我们 都 是 海绵 宝宝 长大 了 才 发现 我们 是 章鱼 哥 也许 老后 我们 能 成为 派大星 但 作者 希望 我们 变成 海绵 宝宝
289884147793,我 的 生日 发 的 耶
291084756608,考古 初看 还是 高中生 再 看 大学 已 毕业
288715244833,泪目 了
290780321472,光 之 卡卡 罗特兽 空条 承太郎 之死
288579558897,但是 听到 这 首歌 有点 想 哭 啊
288316695377,破 千万 了
288100119505,这个 点 了 还有 人 跟 我 一起 看
287368645073,小时候 看 是 开心 长大 了 看 致郁 动画片 动漫 都 不香 了
287368619633,果然 任何 事情 与 钱 养家糊口 与 现实 粘 上 关系 注定 是 郁闷 的
288675640928,不管 今天 是 什么样 我 相信 明天 总会 好 的
286470925233,这 已经 20 年 的 了 还 像是 上个月 看 的 视频 这 就是 章鱼 哥 的 生活
288301563456,有 的 人生 来 就是 主角
288198335392,其实 全剧 里 只有 章鱼 哥 一个 正常人
288153123872,每次 看 这个 就 同情 章鱼 哥 小时候 我 看着 就 觉得 海绵 和 派 大星 好烦 然后 当时 我 和 朋友 说 了 他 说 我 就是 矫情 小气鬼 事多 然后 我 就 直接 拿 动画片 里 章鱼 哥 与 海绵 派大星 的 片段 问 他 换成 你 你 会 怎么 做 他 陷入 了 思考 然后 说 再 怎么着 他 才 是 主角 你 看 动画 名字 都 是 叫 海绵 宝宝
286053849025,泪目
288112312064,花 无 凋零 之时 爱 无 传达 之期 爱情 亘古 不变 紫罗兰 永世 长
288051371024,这 不 就是 我们 自己 吗
285936654337,始于 盛夏 终于 寒冬 花 将 凋落 雨 欲 停息 庭中 人难 有 重逢 之 日
285656534625,章鱼 本 没有 脊椎 梦想 是 支撑 他 的 脊梁
287638724240,没想到 再刷 到 已 是 六年 后 了 17 岁 已经 过去 六年 了 吗
288137489184,17 岁 的 雨夜
285355833057,嗯 一年 一个 感觉
287329376816,我们 甚至 连 章鱼 哥 都 不如 甚至 他 还有 喜爱 的 东西 不像 我 连 自己 喜欢 的 什么 都 不 知道
285257671201,上学 的 时候 看 感触 不深 现在 工作 了 再 看 终于 理解 了 或许 成家 之后 再 看 又 不 一样
284855973873,如果 没有 别人 爱 你 就 先 学会 自己 爱 自己
286683158448,小时候 以为 自己 派大星 永远快乐 无忧无虑 求学 的 时候 以为 自己 是 海绵 宝宝 处理 事情 游刃有余 身边 永远 有 一群 朋友 长大 后 参加 工作 后 发现自己 只是 章鱼 哥 处理 不 完 的 工作 受 不 完 的 气 永远 无法 实现 的 梦想 低三下四 的 伺候 上司
284528345601,明天 在 哪 呀 小章鱼
283298132625,没事 同志 们 我们 继续 阶级斗争 终 有 一天 共产主义 终将 实现
284899821696,长大 以后 我 才 发现 我 也 是 章鱼 哥
283774010896,人们 常在 羡慕 小时候 的 自己 阳光 快乐 无忧无虑 自责 着 自己 的 无能 可 他们 好像 忘 了 完美 不是 他们 的 代名词 自己 才 是
283514984944,魂归 幽都府 谈 人间 皆 有 怨 说 地府 都 恐去 羡 天堂 最值 留 议 地狱 惧下 也 - 叹 人生 必 逝去 在 凡间 仅 百载 这 人间 留 不久 过 十载 骨成 灰 - 望 红尘 早已 破 谈 情爱 淡如烟 知 生死 已 注定 世人 忙 为 银两 活 百载 何太忙 - 这 地府 必得 去 这 天堂 早 无缘 望 地狱 已 空荡 下 地府 又 何惧 - 阎王殿 身 坦荡 望 奈何 百万 魂 皆 饮汤 入 轮回 于 地府 忆 前世 - 千年 事皆忆 来 叹 人生 循环 已 厌 前缘 倦 轮回 断 因果 无来生 - 孟婆汤 挥手 诀 断 轮回 熄 因缘 这 地府 即吾乡 那 人间 不值 回 唉
281540671633,自己 将 快乐 分享 给 别人 谁 来 给 自己 快乐
281535276209,我 不 知道 你们 在 笑 什么
283398040672,法老 歌曲 是 借鉴 的 这里 吧
280992097105,2025.11 . 18 2230 我 还 在 看
283283643904,+ 1
282773154000,现在 还有 人 听 我 吃 室友 的
283235690416,小 馋猫
283315959680,小 馋猫 想 吃 直说
280708864721,明天 一定 会 更好 更 美丽 的
282115352592,有 谁 知道 中间 章鱼 哥用 竖笛 唱 的 那首歌 是 什么 吗 搜 了 好多 一直 没 找到
280104399169,章鱼 哥 内心 有 多么 强大 即使 我们 知道 也 不 可能 真 懂
281807777744,玩小破 站 四年 了 这 是 我 打开 的 第一个 视频 四年 了 这 还是 我 最 喜欢 的 视频 之一 今天 又 一次 刷 到 了 有感而发
281609023856,原来 第一次 看到 的 时候 我 的 梦想 就 一起 被 埋 在 里面 了
281468362992,唯一 个 2025 的 评论
281342335360,当时 还是 初中
279266395329,剪过 视频 的 小白 真的 知道 这个 视频 剪 出来 有 多难 好 厉害
278690815233,章鱼 哥死 后 的 第二天 成 了 名人
278620938177,这里 埋葬 的 是 章鱼 哥 的 梦想 但是 过 了 风吹日晒 它会 破土 花 开
278582113681,当时 只道 是 寻常
278497243585,还有 入 在 吗
279730580160,失败 又 怎样 痛苦 又 怎样 没有 梦想 跟 咸鱼 有 什么 区别 可是 如果 真的 没有 梦想 断绝 与 世间 的 一切 联系 那样 或许 真的 很 轻松 吧 ...
279204336576,蕾 姆
277362979201,一个 残酷 的 事实 到 了 能 理解 章鱼 哥 的 时候 没 多少 人能 刷 B 站 了 反过来说 能 经常 刷 B 站 的 大概 更 希望 像 派 大星 一样 肆意 吧
278945615985,精辟
278586414160,哦 外面 就 仅仅 只是 外面 是 吗 你 想 的 真 美好
276983941873,20 年 的 时候 我 还 不 懂 这个 鬼畜 哪里 好 了 现在 工作 五年 了 自己 成 了 章鱼 哥
276981443585,唉 好久 以后 再 来看 感触 不 一样 了
278373511600,唉 章鱼 哥 ....
276166304673,考古
275657325585,天帝
277041567232,唉 每次 心情 不好 都 会 来 刷 一次 希望 自己 能 早日 走 出去
276441124368,但是 海绵 宝宝 并 不 成功 他 也 只不过 是 一个 默默无闻 的 厨师 他 和 章鱼 哥 唯一 不同 的 地方 就是 心态
276093031312,唉 26 了 感觉 还是 15 的 样子 没 梦想 或者 是 理想
275983435344,加油 啊 在座 的 章鱼 哥
275983216272,笑话 章鱼 哥 讨厌 章鱼 哥 鄙视 章鱼 哥 发现 我 其实 就是 章鱼 哥
274291831521,我 现在 就是 章鱼 哥 我 真的 想 死 从 几年 前 已经 开始 慢慢 戒断 剥离 身边 的 一切 死亡 有时候 是 奖励 不可 轻易 奖赏 自己 那 是 唯一 的 退路 底牌 要 最后 再 打
273864756913,在 下森 正学
275097212704,为什么 我 又 回来 了 我 长大 了
274684192384,章鱼 是 软体动物 但 梦想 让 他 有 了 脊柱
274676597392,再见
273271488625,为什么 评论 这么 少
274178632465,七千 多条 呢
274722403681,回复 : 比不上 派大星 的 九 万多
274745921393,回复 : 如果 早 一点 的话 应该 会 的
277362870833,一个 残酷 的 事实 到 了 能 理解 章鱼 哥 的 时候 没 多少 人能 刷 B 站 了 反过来说 能 经常 刷 B 站 的 大概 更 希望 像 派 大星 一样 肆意 吧
273222092689,泪目 了
274522203520,纵使 现实 欲 将 我们 击垮 也 要 坚持 最初 的 理想 人生 不如意 事 十之八九 但 我们 能 做 的 是 面对 生活 接受 社会 的 一切 在 现实生活 里 为 理想 付诸 切实 的 行动 直到 有 一天 成为 我们 理想 的 模样 章鱼 哥 愿君 生 羽翼 一化 北溟 鱼
274374213536,三年 前 流泪 了 时隔 三年 再 来 再次 流泪 了 我 已经 忘 了 上 一次 肆无忌惮 的 哭 是 什么 时候 了
274374286336,不 说 了 两个 硬币
273065339857,孤独 的 天才 只 为 自己 流泪
274333382064,章鱼 没有 脊椎 梦想 支撑 起 了 他 的 躯体
274312282368,现在 还有 人 吗
274138305936,五年 多 了
274099369936,每 一次 看 都 有 不 一样 的 感觉
273065605537,是 啊 越来越 惨 越来越 糟
274016522704,明天 会 更好 但 前提 是 要 有 明天 活在 今天 的 人 不会 更好
272564324593,这个 更好 一些
272462890369,2025 年 50 刷
272338316401,请问 两分 半处 吹 笛子 的 音乐 叫 什么
271965911409,明明 是 只 章鱼 却 活得 像 个人
273108096256,章鱼 本 没有 脊椎 . 梦想 是 支撑 他 的 脊梁
271729820145,如果 你 没有 出生 在 越南
273007686112,又 回来 看 了 一遍 这才 是 B 站 啊 现在 完全 没有 当年 那个 味 了
271812985841,怀念 那个 时代
271675464753,原来 已经 过 了 五年 了 吗
272750764064,这里 埋葬 的 是 我 的 梦想
271427820961,章鱼 本 没有 脊骨 梦想 是 他 的 脊梁
271368429505,我 为 我 的 快乐 幸福 天真 梦想 爱情 希望 童年 举行 葬礼
272638389952,为什么 海绵 宝宝 经久不衰 因为 我们 总能 在 其中 看到 我们 自己 的 影子 我们 的 童年 就 像 海绵 宝宝 和 派 大星 自由自在 无忧无虑 这时候 的 我们 讨厌 蟹 老板 的 唯利是图 我们 嘲笑 痞 老板 和 电脑 谈 了 恋爱 我们 讨厌 章鱼 哥 的 做派 我们 讨厌 泡 芙 老师 的 固执 长大 后 我们 又 成为 了 他们 的 其中 一个 有 的 人 成为 了 蟹 老板 唯利是图 竭尽全力 的 敛财 但 我们 也 知道 他 是 为了 他 的 家庭 在 以后 的 日子 里 过 的 快乐 幸福 及时 遇到困难 也 可以 用钱 来 渡过 有 的 人 成为 了 痞 老板 将 自己 的 真实 内心 麻痹 在 虚拟 的 世界 里 但 我们 也 知道 他 是 被 太 多 的 人伤 过 他 付出 了 太 多 的 真心 却 一无所获 为了 寻求 安慰 才 不得不 如此 更 多 的 人 成为 了 章鱼 哥 平凡 而 普通 厌恶 自己 的 工作 厌恶 唯利是图 的 老板 厌恶 吵闹 的 邻居 但 我们 也 知道 他 归根结底 是 厌恶 自己 厌恶 自己 为什么 不能 实现 自己 的 梦想 厌恶 自己 不满 于 现状 却 无法 改变 的 弱小 或许 当 我们 老 了 我们 就 会 变成 泡 芙 老师 多年 的 风雨 打磨 也许 会 让 我们 也 变得 麻木 而 固执 看 啊 无论 何时 我们 都 能 在 其中 找到 自己 的 影子 也许 这 也 正 印证 了 那句话 真正 动人 的 不是 故事 而是 故事 里 有 你
272620542240,给 我 干 哪来 了
271276397953,音无结 弦 之 时悦动 天使 之心 立于 浮夸 之世 奏响 天籁 之音
271221734961,讨厌 章鱼 哥 理解 章鱼 哥 成为 章鱼 哥
271217759345,喜欢 海绵 宝宝 不过 是 喜欢 它 的 天真 罢了
272475635520,小时候 真的 不 喜欢 章鱼 哥 怎么 看着 那么 颓废 现在 回旋 镖 打 到 自己 身上 了 自己 才 是 章鱼 哥
271197069825,考古
271173351393,章鱼 没有 脊柱 但是 他 的 梦想 支撑 起 他 挺起胸来 有 谁 还 记得 章鱼 哥 梦想 成为 一个 有名气 的 竖笛 演奏家 但是 他 必须 要 在 蟹 堡 王 工作 营生 没有 时间 去 完成 他 的 梦想
271467160369,他 没有 资本 去 支持 他 的 梦想 当 他 有 了 足够 的 资本 后 他 也 老 了 没 时间 了
271138758017,本 在 看到 前面 时 我 并 没有 哭 但 每次 一 听到 章鱼 哥 吹 竖笛 我 就 开始 落泪 他 明明 是 最好 的 艺术家 演奏 出 了 世界 沧桑 让 人 止不住 的 落泪 你 是 最好 的 艺术家 站 起来 吧 小章鱼 创作 出 自己 的 艺术
271114632561,章鱼 哥 葬送 的 梦想
271041842977,再 看 还是 经典
272287510240,法老 的 歌 是不是 歌词 和 这个 雷同 好多
271023380241,小时候 觉得 章鱼 哥 很 贱长 得 跟 个 怪物 似的 现在 才 发现 只有 唱歌 是 比奇 堡 唯一 正常 的 居民
272276601024,小时候 觉得 比基 堡 海滩 就 章鱼 哥 不 正常 其实 章鱼 哥才 是 人们 的 常态
272276316944,引流
270958635953,2020 年前 的 吗 有点 意思
270948047889,前来 考古 感觉 又 有 了 新 的 感悟
270880535185,考古
270875022049,2025 年来 考古
270857090497,5 年 了 又 回来 了
270823992305,以前 看 海绵 宝宝 是 看个 乐 呵 现在 看 海绵 宝宝 我 感觉 我 就是 那个 章鱼 哥
270809630801,来 看看 我 剪 的 章鱼 哥 谢谢 我 想 把 童年 的 回忆 带给 每个 人 谢谢 啦
272026550928,上次 看到 这个 视频 还是 五年 前 时间 过得 好 快
270767600817,章鱼 威廉 挺 喜欢 你 的
271987671616,同样 的 镇 站 级别 的 视频 @
270760179441,我 记得 有个 场景 是 章鱼 哥 通过 窗户 看到 海绵 宝宝 和 派 大星 在 外面 开心 的 跑来跑去
271902434336,章鱼 哥是 衬托 主角 我们 不 也 多 是 过客 吗
270548526241,来 看看 我 剪 的 章鱼 哥 谢谢 我 想 把 童年 的 回忆 带给 每个 人 谢谢 啦
270532188497,考古 来 了
271776086672,为什么 点 不了 赞
270773000321,点 两下 就行了
271742784448,跟 法老 明天 是 美好 的 一天 挺 像
272584274145,原作 就是 傲木 法老 唱 的 时候 标注 了
271719915744,如果 这个 也 参加 了 黄绿 合战 那 绝对 和 派 大星 的 独白 并称 比奇 堡 两 大战 神
270408139729,我来 了
270312237057,那天 夕阳 下 的 奔跑 那 是 我 逝去 的 青春
270235342641,章鱼 哥 就是 太 聪明 了 海绵 宝宝 派大星 那种 对 世事 不 关心 的 人会 很快 乐章 鱼哥 正是 因为 想 的 太 多 所以 才 不 快乐
270152553745,往 好处 想 至少 章鱼 哥 不用 给 彩礼 因为 根本 没有 人爱 他
271377301792,章鱼 哥有 我爱你
271199170848,为什么 时隔 五年 才 火 啊 哈哈哈哈 哈哈哈
270088673569,一直 都 挺 火 的 这 貌似 是 我 下载 B 站 以来 收藏 的 第一个 视频 现在 眨眼 五年 过去 了 连 我 的 B 站 账号 都 LV 6 了 唉 时间 过得 真快 呀
270106624833,20 年 那会 热度 播放 量 就 不 低 不 懂 在 说 什么
269936821057,考古
269881779425,海绵 宝宝 好像 是 大多数 人 儿时 天真无邪 的 模样 而 章鱼 哥是 好多 的 大人 在生活中 艰难 前行 的 身影
269803248801,考古 大神
269588592785,章鱼 哥 还有 一个三层 小别墅 呢
270690221248,我 希望 正在 读 这句 话 的 人 永远 开心
269391134881,童年 绝杀 了 现在 的 自己
269349182577,在 虚伪 的 世界 待久 了 连 自己 是 谁 都 已经 认不 清楚 了 难道 这 正常 吗 有钱 有 权利 的 站 在 经济 权利 法律 的 制高点 对 普通 老百姓 指手画脚 这 tm 叫 正常 我 * * * 去 n 个 鸟 屎 狗屁 吊
270134650640,开场 有 什么 比 把 快乐 带给 别人 更 快乐 的 呢 去 死 或者 别的 什么 我 不 知道 你 对 这个 有 这么 强烈 的 感觉 你 要 干什么 我 想 我 无法 阻止 你 但是 章鱼 哥 外面 是 一个 冷酷 ...
269959134192,回味
269665154784,你们 的 梦想 是 什么 我 的 梦想 是 当 一名 画家 说说看 你 的 梦想 是 什么
269486729136,长大 后 觉得 是 在 看 自己 果然 人 的 三观 会 随着 年龄 变化
269087030752,转眼间 已 理解 章鱼 哥
268754772320,太 喜欢 了
267533232801,原来 快乐 这么 简单 啊 为什么 我 体会 不到 呢
268610353248,一遍 遍翻 更 多 这些 内容 只是 想 在 内容 里 看到 有 希望
268451722032,祝 不 完美 的 明天
268154332256,讨厌 章鱼 哥 理解 章鱼 哥 成为 章鱼 哥
268124535168,老 艺术家
266950548385,我刚 看 的 时候 才 几万 播放 量
268056084288,章鱼 没有 脊柱 梦想 支撑 了 他 的 躯体
266898271697,来 看看 我 剪 的 章鱼 哥 吧 谢谢
267855684448,配乐 名字 叫 啥
267710001904,章鱼 哥是 章鱼 是 软体动物 梦想 却 给 了 他 脊柱 但 上帝 狡诈 让 他 没 了 梦想 只能 垂丧 无力 的 生活
266505441409,章鱼 哥 亲自 埋葬 了 他 的 梦想
267482150528,小时候 可以 是 派 大星 也 可以 是 海绵 宝宝 长大 了 就是 章鱼 哥 被 谢 老板 压榨 想 做 自己 想 做 的 事 却 又 迫不得已
267217651904,准时 吃
266129575361,我 已经 看过 好 几次 类似 的 了
267232775408,回复 : 我 也 看过 不过 十二点 准时 赤
266127591025,为啥 在 吹 笛子 时 弹幕 要 刷 小奏 的 应援 词 啊 有 啥 关联 吗
267159821840,嘲笑 章鱼 哥 理解 章鱼 哥 成为 章鱼 哥
266002105185,再见 朋友 们
266973045424,播放 量 1508 万
265865837617,明天 一定 会 更 美好 更 美丽 的
266901758240,初 听 不知 曲 中意 再 听 已 是 曲中人
265524668385,来 看看 我 剪 的 章鱼 哥 吧 谢谢
266592650064,明天 是 美好 的 一天
266592115712,明天 是 美好 的 一天
266566194064,章鱼 哥 一身 软骨 他 的 梦想 却 为 他 竖起 独属 他 的 傲骨
266398871024,谁 小时候 就 喜欢 章鱼 哥
265289212257,来 看看 我 剪 的 章鱼 哥 吧 谢谢
266384843504,好 的
266385742096,嘿 伙计 你 tnnd 可 真是 个 天才
265278584257,命运 真是 幽默 我 穷尽 一生 所 追求 的 所 争取 的 不过 是 某人 的 起点
266258726784,就是 单纯 的 正常人 理解 不了 精神病 的 快乐
265968906304,我 的 命运 或者 在 我 出生 时 就 决定 好 了 可 哪 又 有 什么 意义 呢 我 吧 以前 的 自己 给 埋葬 但 我 并 不想 这样
264843810129,为什么 大家 都 讨厌 章鱼 哥 因为 那 是 成年 的 自己
264702267569,谁 能比 这个 黄色 海绵 更 热爱 上班
264540409281,说 的 不 就是 我 吗 呜呜 呜
265543727120,看吧 没有 人会 想 成为 章鱼 哥 这样 的 可是 我 想 他 的 朋友 和 家人 一个个 都 很 爱 他
265515898864,再见 朋友 愿 我们 永远 忆 当年
265441848608,章鱼 是 软体动物 梦想 让 它 有 了 脊梁
264281293537,看 最 幼稚 的 动画 懂 最 深刻 的 的 道理
265181862416,我 浏览 了 好 多家 瑞幸 章鱼 哥 他们 都 不要 你
263917367953,章鱼 哥是 艺术家
264813574976,真 好听 尤其 是 那个 笛子 声 深深 印在 我 的 心里
264689514448,章鱼 寿命 10 - 20 年 海绵 寿命 2000 - 11000 年 怎么 相互理解
265098032720,动画片 别太 较真
264549876656,大家 都 是 章鱼 哥
263387849329,中间 插 的 那段 音乐 叫 什么 名字
263313449537,以为 他 很 癫 没想到 那 是 我们 的 常态
263181846017,唉 回旋 镖
264175241872,新 一辈 都 在 用 AI 了 只有 老一辈 还 在 用 活字印刷术
264121541200,原来 已经 过 了 这么 多年 了 啊
264113067504,感觉 比 奇尼 的 鱼 都 不是 很 正常 包括 章鱼 哥
263013262689,现在 回头一看 海绵 宝宝 的 精神 纯属 有病
263002087649,我来 考古 了
262925374001,我 眼睁睁 看着 昔日 的 好友 粉丝 一天 一天 的 飞张 可 我 又 能 改变 什么 了 我 当时 为什么 手贱 创造 这个 账号 为什么 当时 非要 去 当 这个 跳梁小丑 或许 我 当时 没有 创造 这个 账号 这 更好 吧
263485230224,"沒有 什麼 是 永遠 糟糕 下去 的 , 未來 一定 很 好 , 正在 努力 的 妳 , 也 是 顶住 压力 向 光而行 慢慢来 所有 的 顺境 和 逆境 前行 的 路上 , 永远 做 自己 的 光"
263483789184,我 每天晚上 都 会 来看 一遍 因为 我 想 让 自己 变成 像 章鱼 哥 这样 的 人
263285223472,泪目
263265717232,明天 一定 更 美好
263078417408,连 幸福 也 只能 窥探 别人 的
263078262304,小时候 刷到 海绵 宝宝 伤感 视频 不 知道 为什么 一部 搞笑 的 动画片 会 这么 伤感 到 后来 才 明白 原来 我 和 章鱼 哥 一样 是 一个 普普通通 的 人 一样 的 孤独 一样 的 质朴 想要 成为 和 海绵 宝宝 那样 有 很多 朋友 每天 都 很 开心
263078335024,晚安 明天 会 更好
263078484544,这个 视频 是 上课 的 时候 数学老师 放 的 当时 看 完 真的 特别 有 感触 不过 现在 好 了 点 现在 我 已经 在 慢慢 的 放开 自我 有 很多 真心 的 朋友 内心 不再 敏感 慢慢 的 接受 更 多 现实 希望 你们 也 一样
263077408880,终究 还是 尝到了
263037528240,泪水 目
261951234129,越是 期望 越是 迎来 失望
262830312352,小时候 看见 章鱼 哥 总是 觉得 他 不可理喻 为什么 总 要 针对 海绵 宝宝 长大 后 再 来看 或许 我 碰到 那么 一个 无忧无虑 的 人 也 会 生气 嫉妒 的 吧 章鱼 哥 不过 是 我们 在 另 一个 次元 的 自己 罢了
261754115777,原来 2020 年 都 是 五年 前 了 感觉 好像 没过多久 一样
261709986225,蓦然回首 你 的 目光 还 能 触及 梦想 吗
261634499505,等一等 我 的 灵魂
261594397281,快乐
261587914801,我 喜欢 章鱼 哥 的 最大 原因 就是 就算 不 被 生活 待见 无法 实现理想 做 着 自己 不 喜欢 的 工作 难得 的 休息日 也 经常 被 打搅 天天 抱怨 他 还是 会 把 披萨 拍到 不 礼貌 的 客人 脸上 会 把 所有 家当 送出去 只是 为了 哄 海绵 宝宝 开心 会替 海绵 宝宝 打抱不平 始终 拥有 一颗 善良 的 心
261552356577,我 靠 越 长大 想 死 的话 越 说 越 多 想 死 的 心 越来越 强
262499378816,章鱼 哥才 是 大多数 人 的 样子 海绵 宝宝 这类 的 太 少见 了
262481958256,考古
262411162576,讨厌 章鱼 哥 理解 章鱼 哥 成为 章鱼 哥
261437551297,每年 一遍 会 有 不同 感悟
261434891249,太 洗脑 了 以前 看 海绵 宝宝 觉得 章鱼 哥才 是 最惨 的
262358373376,最 怕 鬼畜 动情
262279966080,多年 之后 再 来看 这个 视频 依然 是 神作
262265405072,我们 甚至 可能 跟 章鱼 哥 一样 坟墓 都 不配 拥有 我们 可能 只能 互相 抱团 取暖 或许 连 抱团 取暖 都 不配 拥有
262261373600,不怕 番 剧发 了 刀 就 怕 鬼畜 动 了 情
262349928496,回复 :
262261104048,再度 回到 了 这里
261303941233,世界 在 一些 人 眼前 是 寡淡 无味 的 但 那 并 不是 你 我 的 问题 反而 正 因此 更 应该 毫无保留 的 爱 自己 世界 如果 色彩 暗淡 那 就 该 由 我们 给予 自己 人生 中 最 光鲜 的 色调
262073240864,音无结 弦 之 时悦动 天使 之心 立于 浮夸 之世 奏响 天籁 之音
261066935057,音无结 弦 之 时悦动 天使 之心 立于 浮华 之世 奏响 天籁 之音
261841736416,泪目
261817857680,为什么 我 的 弹幕 上 全都 是 图图 一家 什么 的 bug 了 吗
260802534097,重温 经典
260738190273,真的 不想 承认 章鱼 哥 有时候 真的 好 可怜 好惨
261587932688,没想到 这 竟然 是 5 年前 的 视频 了
261503184192,虽然 没有 派大星 的 流畅 章鱼 哥 和 这首 曲子 的 配合 也 不怎么 好 可是 它 充实 又 能 和 人共情 的 内容 成为 了 它 最强 的 武器
261436975488,讨厌 章鱼 哥 理解 章鱼 哥 成为 章鱼 哥
261428442944,海绵 宝宝 也 清楚 的 很 其他人 都 算不了 朋友 成 章鱼 哥 反而 是 真的 朋友 起码 是 说 真话 而且 也 从来 没有 离开 海绵 宝宝 甚至 还会 想念
261402960432,音无结 弦 之 时悦动 天使 之心 立于 浮夸 之世 奏响 天籁 之音
261314785312,谁 的 人生 不是 这样 的
261252357408,有 什么 比 把 快乐 带给 别人 更 快乐 的 呢 把 快乐 带给 大家 是 一件 很酷 的 事
261241727104,我 是 章鱼 哥
260268741665,世人 皆 笑 章鱼 哥 世人 皆 是 章鱼 哥
260213383633,是不是 只有 我 觉得 章鱼 哥 吹 的 很 好听 啊 不 知道 为什么 比奇 堡 的 大家 都 觉得 很 难听
260210577121,这 不是 我 吗
260874349552,派大星 的 独白 一个 关于 正常人 的 故事 - 哔哩 哔哩 助力 破 亿
260867354816,你 今天 累坏 了 小章鱼
259946366673,今夕 是 何年
259911472353,原来 我 只是 章鱼 哥
259852812097,2025 年 4 月 19 日 84.4 万个 赞
260346615888,找 不到 工作 的 我
260306045360,初看 不识 画中人 再 看 已经 结束 了
259328476177,我 总以为 我 还是 个 小孩 但 我 一 想到 我 三年 后 就 上 大学 了 就 绝望
259258647457,这 是不是 法老 那个 歌 的 灵感 来源 啊
261252665632,词 差不多 一样
260052154640,章鱼 哥有 独栋 多层 别墅 有 自己 的 兴趣爱好 可以 坚持 有 一份 稳定 且 不必 风吹日晒 的 工作 而 你 我 的 朋友 你 连 这些 都 没有
259136476449,最 正常 的 就是 章鱼 哥
258982118017,法老 也 有 首歌
258813117073,我 是 说 BGM
258780535425,孩子 们 既然 b 站 不 给 非常 牛 逼 的 视频 推流 那 我 就 自己 分享 到 每个 一个 视频
258777476929,章鱼 哥 吹 的 竖笛 叫 什么
259722422481,阿婆 主 怎么 还 没有 复活
258522644817,章鱼 哥 章鱼 哥 我 活成 了 你 啊 我 理解 你 了 啊
258369604161,李易 老师 配 的 章鱼 哥是 最 有 灵魂 的 怀念 李易 老师
259650060048,好 几次 见到 你 了
259034979136,只能 说 章鱼 哥 更 接近 大多数 人 的 现实 状态 海绵 宝宝 这种 有点 理想化 了
259027080528,一个 左脑 麻木 右脑 清醒 的 天才
259014786864,就 连 官方 也 不 喜欢 章鱼 哥
258121547665,其实 章鱼 哥 对 小 海绵 很 好 的 以前 还 为了 保护 他 跟 别人 打 起来 了
258618264112,每次 听到 这个 都 还是 会 感到 迷茫 啊
258483326736,醒 一醒 明天 还是 今天 未来 每 一天 都 是 今天
258423505952,我 现在 都 跟 跟 章鱼 哥 一样 当牛马 被 上司 压榨
258355820112,开场 有 什么 比 把 快乐 带给 别人 更 快乐 的 呢 去 死 或者 别的 什么 我 不 知道 你 对 这个 有 这么 强烈 的 感觉 你 要 干什么 我 想 我 无法 阻止 你 但是 章鱼 哥 外面 是 一个 冷酷 的 世界 没有 人用 银 托盘 把 欢乐 带给 你 我 自己 知道 我 非常 可笑 灰灰 丑丑 腿 有 四条 小蜗 有 爱 它 的 海绵 宝宝 派大星 傻 呆呆 的 吹泡泡 蟹 老板 高兴 的 吃 蟹黄 堡 章鱼 哥 在 独奏 E 小调 为什么 我 一 高兴 就 有 错 我 不 知道 你们 在 笑 什么 为什么 大家 都 爱 海绵 宝宝 为什么 章鱼 哥不爱 笑 为什么 我 今天 真糟糕 未来 我 还 没有 准备 好 海绵 宝宝 你 不 知道 你 有 多 幸运 你 有 小 蜗 和 爱 你 的 家人 我 也 想 做 我 爱 的 事 却 总是 这么 倒霉 除 我 以外 这 世界 上 还有 谁 大人 的 世界 比 我 想象 的 难 我 认为 我 是 主角 却 相反 我 的 工作 一 年复一年 一天 复 一天 再见 比基尼 海滩 海绵 宝宝 你 不 知道 你 有 多 幸运 你 有 小 蜗 和 爱 你 的 家人 我 也 想 做 我 爱 的 事 却 总是 这么 倒霉 除 我 以外 这 世界 上 还有 谁 我 想 回到 那个 时代 自己 傻傻 有些 呆 自己 傻傻 有些 呆 但 有家 人们 的 爱 但是 我 我 知道 我 的 笑脸 我 的 爱 我 的 一切 逝去 不再 来 世界 把 我 改变 我 笑 逝去 不见 我 想 逃离 却 逃 到 了 清洁 间 这样 的 日子 又 在 我 眼前 谁 能 知道 我该 怎么办 再见 海绵 宝宝 再见 派大星 我 也 想 做 我 自己 爱 做 的 事情 做 我 爱 的 工作 爱 我 爱 的 人 等一等 我 自己 的 灵魂 有 一句 话 从 今天 早上 我们 一 见面 我 就 一直 想 对 你 说 再见 再见 朋友 再见 比基尼 海滩 我 想 回到 那个 时代 自己 傻傻 有些 呆 自己 傻傻 有些 呆 但 有家 人们 的 爱 但是 我 我 知道 我 的 笑脸 我 的 爱 我 的 一切 逝去 不再 来 世界 把 我 改变 我 笑 逝去 不见 我 想 逃离 却 逃 到 了 清洁 间 这样 的 日子 又 在 我 眼前 谁 能 知道 我该 怎么办 竖笛 独奏 蓄力 中 蓄力 完成 但是 海绵 宝宝 但是 派大星 我 确实 没有 你们 幸运 的 人生 我 辛辛苦苦 工作 三年 但是 我 难得 休假 一天 我 希望 我 自己 傻 呆呆 不 把 世界 看 的 非常 明白 希望 有人 明白 我 的 爱 但是 谁 会 明白 我 的 爱 章鱼 哥 走 在 吹 竖笛 一天 一天 的 为 独奏 练习 明天 比基尼 海滩 都 会 崇拜 我 但是 比基尼 海滩 都 在 嘲笑 我 我 想要 好好 安静 一下 你 今天 累坏 了 小章鱼 明天 一定 会 更 美好 更 美丽 的 结尾 竖笛 独奏
257506824209,五年 前 毕业 充满热情 现在 心如死灰 离职 找 工作 人家 00 后 的 都 结婚 生子 了 刚 毕业 的 小姑娘 问 我 为什么 不 结婚
257506785201,只能 搪塞 一下 说 不想 或者 不 着急
258511611056,我 现在 大二 都 看开 了
257716974929,回复 : 你 大二 美好时光 还有 好几年 呢
258229578864,首页 推荐 的
258203035312,5 年 后 我 终于 知道 为什么 成年人 总是 喜欢 在 下班 之后 呆 在 自己 的 床上 一动不动 了
257136426625,章鱼 哥 吹 的 曲子 叫 什么 啊
257136497121,216 的
257951354896,花之舞
257029019809,看过 个 段子 说 小时候 不 理解 为啥 章鱼 哥 一直 苦大仇深 的 长大 后 不 理解 为啥 海绵 宝宝 每天 都 那么 高兴
256911317777,怎么 说 呢 我 个人 时常 有派 大星 和 章鱼 哥 两种 想法 大概 也 是 如此 我 才能 一直 坚持 的 活下去 吧
256909049617,工贼 宝宝
256865276945,配角 才 是 真正 的 主角
256833502769,章鱼 哥 何尝 又 不是 我们 呢
257580102016,活着 就 好 活着 就 好
257579897472,现在 看 海绵 宝宝 章鱼 哥 好惨 啊
257417440656,2030 年 3 月 10 号 前来 考古
256396676961,翻 收藏夹 太 麻烦 了 有 好 兄弟 看见 点 我 一下
257269805520,现在 可以 吗
257079451568,也 是 我 的
256017717409,我 真的 小时候 觉得 章鱼 哥好 无趣 现在 22 了 我 变成 章鱼 哥 了
256784336016,初看 不识画 中意 再 看 已 是 画中人
255945456593,你 今天 累坏 了 小章鱼 明天 一定 会 更 美好 的
256683986896,我 每当 收到 委屈 时 就 会 听 一遍 这个 视频
255919902129,长大 的 标志 是 理解 章鱼 哥
256786444528,我 特别 喜欢 章鱼 哥 其实
255850479921,五年
256487910608,我 有 一种 来自 灵魂 的 共鸣
256482805328,法老 好像 有 这 首歌
255708611409,太丧 了
256368993760,音无结 弦 之 时悦动 天使 之心 立于 浮夸 之世 奏响 天籁 之音
255622310801,他 跪下 的 那一刻 埋葬 了 他 的 青春
255560492129,长大 了 之后 发现 我 好像 变成 了 章鱼 哥 一个 无聊 的 大人
256283574048,小时候 看 海绵 宝宝 我 老会 嘲笑 章鱼 哥 长大 后 才 发现 章鱼 哥 很 不 容易
255673166817,看过 早就 看过
255673994801,回复 : 谁 没 看过
255455839905,泪目 了
256179564736,牛批
255348799089,章鱼 哥是 我们 普通人
255979921776,怎么 感觉 和 法老 的 明天 是 美好 的 一天 好多 歌词 一样 但是 那首歌 的 发布 时间 晚 一年 难不成 法老 借鉴 的 是 这个
256434361360,应该 就是
257044746944,法老 唱 的 时候 有 标注 原 视频 作词 的 还
255236341425,你币 有 了
255922454176,早期 的 海绵 宝宝 可以 说 是 一部 人生哲理
255200817857,NB
255069797952,25 年 回刷
254889799456,章鱼 哥是 软体动物 但 梦想 让 他 有 了 脊柱
254155992113,其实 我 不想 让 我 的 双脚 踩 在 这满 是 油污 的 地板 上
254091447345,章鱼 哥 又 何尝 不是 我们 呢
254081836481,简直 和 法老 一首歌 一模一样
255469269920,法老 就是 借鉴 的 自己 看出 处去
259352642033,回复 : 好
253965231585,我 也 有 过 梦想 但 最后 不得不 将 它 埋葬 曾 幻想 过 将来 的 美好 却 被 磨平 了 棱角 刚 开始 积极 的 工作 有 对 未来 的 憧憬 后来 发现 仍 不尽人意 总 想 证明 自己 实际 无人 在意 后来 啊 接受 平平淡淡 柴米油盐 不 渴望 轰轰烈烈 的 爱情 只想 踏踏实实 长 情 真挚 又 一次 的 证明 了 只是 自己 的 痴心妄想 所谓 百分之百 的 灵魂 契合 只不过 是 未曾 展露出 其他 的 潜台词 曾经 问过 妈妈 一个 问题 妈妈 你 会 为了 10 块钱 而 卑躬屈膝 吗 妈妈 说 看 情况 如果 真的 缺钱 会 那 只是 我 随便 问 的 妈妈 却 认真 的 回答 了 我 而 之后 的 某个 瞬间 这段话 就 像 突然 被 塞进 脑海 里 一样 想 起来 了 什么 人会 为了 10 块钱 卑躬屈膝 缺钱 的 人 不 欠 了 一屁股债 多少 多少 亿 的 人 不会 穷人 不 穷人 只是 没有 钱 而已 那 到底 什么 人会 为了 碎银 几两 甘愿 当 小丑 呢 是 为了 生活 的 人
253967030929,剧中 的 真情 让 人们 流泪 现实 中 的 真情 是 事不关己 各种 猜疑 和 不 相信 让 人们 捧腹大笑
254490679152,长大 了 才 知道 世人 皆 在 画里 嘲笑 却 无 一人 在 弹幕 里 称赞
253821228945,海绵 宝宝 其实 并 不是 主角 他 只是 比 章鱼 哥 更 悲惨 他 总是 将 面具 挂 在 脸上 他 将 面具 摘下来 时 他 就 不是 他 了
253766697441,到此一游
254341331968,又 回来 看 了 一遍
253589428257,2025 年 了 不论 前路 迷茫 未来 依旧 可期 活成 自己 的 样子 不用 管 他人 言语 远离 焦躁 和 疾病 与 过去 的 自己 和解 你 会 发现 其实 自己 走过 的 风风雨雨 不过 只是 人生 中 淡淡的 一笔 成为 未来 的 谈资 加油 所有 看到 这 条 评论 的 陌生人 祝你幸福 健康
253369057089,世界 上 只有 一种 英雄主义 看清 生活 的 真相 依然 热爱
254009866144,破 千万
253357894161,小时候 好 喜欢 海绵 宝宝 和 派 大星 长大 后 喜欢 上 了 章鱼 哥 才 发现 他们 都 是 不同 年龄阶段 的 我们 的 缩影
253343711073,章鱼 是 软体动物 但 梦想 让 他 有 了 脊柱
253253624081,回看 2020 年 已经 四年 了 回想起来 就 像 在 昨天 一样
253007371665,什么 歌 啊
253966896561,花之舞
253550043136,章鱼 是 软体动物 但 梦想 让 他 有 了 脊柱
253346081248,这 何尝 又 不是 一种 自我 救赎
253313891008,现实 不会 辜负 任何 一个 付出 努力 的 人 剩下 的 一切 交给 时间 多少 当时 默默无闻 的 作品 在 后世 被 奉 为 珍品
253254139760,章鱼 哥 竟是 我 自己
252349702817,小时候 不 喜欢 章鱼 哥 喜欢 派大星 羡慕 海绵 宝宝 长大 了 不 喜欢 海绵 宝宝 喜欢 章鱼 哥 羡慕 派大星
252603712960,( 3
252575499920,我 虽然 才 六岁 但 已经 看透 这个 世界 了 年龄 不 代表 经历 我 现在 很 迷茫
253368939792,知道 太多 就 没 快乐
251889209649,愿 所有人 终 会 实现理想
251816639217,太有 教育 意义 了
268384426753,我 认为 这是 一种 传承
251769867713,这 是 我 以前 最 爱看 的
252362856432,好 有 深度
252321218096,等一等 我 自己 的 灵魂 .
251697061809,神作 再见 比基尼 海滩
251463295041,艺术 那 一集 章鱼 哥 它 侮辱 了 海绵 宝宝 又 在 人家 的 作品 得到 奖励 后 想 取而代之 得 钱 得 权蟹 堡 王 餐厅 上台 表演 也 是 虚荣心 作祟 跳舞 也 是 故意 折磨 海绵 宝宝 后面 自己 上台 表演 模仿 海绵 宝宝 的 舞蹈
253045682496,能 说 这些 反应 让 赵云 哥哥 的 性格 更加 突出 更 像 一个 普通人 也 总比 那些 整天 折磨 章鱼 哥强 啊
251994533936,求 一个 视频 标题 内容 开始 前段 廉价 相机 拍摄 一对 男女 跳舞 后半段 像素 清晰 但是 男 却 没 了 女 的 陪伴 bgmBorn a Stranger
251940377120,我 还 不 懂 成人 的 世界 但 我 大概 明白 了 吧
251074799137,up 真用 心爱 了
251411618560,这个
250843631761,长大 后 才 发现 生活 的 不易 秒宝 泪目
251356383056,BV1ww4m1d7GW
250769553313,以前 喜欢 海绵 宝宝 现在 喜欢 章鱼 哥
250696754769,为什么 看 呢 大概 是 压力 大 了 为什么 过 了 很 久 又 回来 看 呢 大概 是 经历 过 了 为什么 反反复复 看 呢 大概 是 放不下 吧
250635273489,小时候 觉得 章鱼 哥太 愤世嫉俗 了 甚至 有点 神经 后来 我 才 发现 章鱼 哥 其实 是 真正 的 一位 贤者 因为 看 的 太 多 理解 的 太 透彻 所以 内心 变得 非常 孤独 但 恰恰 又 是因为 像 海绵 宝宝 这些 平凡 的 人 给予 了 他 一定 程度 上 的 慰藉
250596289297,年末 的 礼物 真的 是 对应 啊 刚好 这 一年 毕业 为了 找 工作 东奔西跑 土木 就业 不景气 从小 喜欢 的 音乐 梦想 也 彻底 放下 愿 25 年会 更好 吧 不 奢求 梦想 了 就 希望 能 顺利 找到 工作 吧
250713761360,以前 笑 章鱼 哥 现在 活成 了 章鱼 哥
250218710321,泪目
250585179536,晚安 3.48 的 我
250091464193,你 累坏 了 小 牛马 明天 一定 会 更好 更加 美丽
250082586001,中间 那段 章鱼 哥 的 竖笛 演奏 真的 神
249754275713,以前 觉得 章鱼 哥有 病 现在 还 不如 章鱼 哥
250216981648,再见 但 祝 你 早安 午安 晚安
250215916288,你 今天 累坏 了
249736270785,章鱼 哥 可悲 在于 活在 一个 动画 世界 但 他 却是 一个 正常人 你 会 成为 范德彪 我会 成为 章鱼 哥 你 我 的 幽默 都 浸透 了 苦涩
250196078304,看 懂 这个 视频 的 人 已经 哭 了
249423980481,考个 古
249792524448,如果 成年人 的 世界 就是 这样的话 那么 我 庆幸 自己 少年时代 就 经历 了 抑郁 和 孤独 现在 长大 了 觉得 这些 早 没什么 以后 再 遇见 什么 不过 就是 像 以前 那样 还 能 更糟 吗
266476198049,有 啊 都 习惯 了 一个 人 的 抑郁 和 孤独 后 然后 被 逼 着 要 进行 两个 人 的 压力 和 婚姻
249478206352,"同符华 一样 , 经历 了 太 多 悲苦"
249013729857,看看
248782332993,章鱼 哥 就 像 许多 普通 上班族 一样 想要 追寻 年少时 的 梦想 却 被 现实 与 生活 和 自己 的 梦想 越来越 远
248663745345,呜呜 呜呜 呜 这 是 怎么回事
248630918529,长大 了 才 知道 欢快 笑容 是 扯 不 出来 的
248623480128,你 抓个 动物 你 都 要 花 力气 把 他 赶到 一个 死路 或者 花费 食物 引诱 他 或者 花费 子弹 打死 他 可 我 被 抓 的 时候 什么 都 没有 没 食物 没 子弹 没 花 时间 因为 我 是 自愿 被 抓 的
248161160785,小时候 我 看过 海绵 宝宝 的 一集 主要 讲 的 就是 花花 章有 一场 演出 有 什么 事情 让 章鱼 哥替 他 演出 我 觉得 它 估计 也 是 故意 的 想 看 章鱼 哥 出丑 章鱼 哥带 着 比奇 堡 的 民众 练习 表演 可是 还是 不尽人意 是 表演 音乐 的 章鱼 哥 最后 已经 放弃 了 但是 比奇 堡 的 居民 们 还是 没有 放弃 他们 日日夜夜 不断 练习 到 了 演出 那天 还是 成功 演出 了 没 记错 的话 当时 派大星 敲 着 架子鼓 章鱼 哥 看见 之后 也 跟着 吹起 了 它 的 笛子 非常高兴 我 记得 好像 是 去 人类 那边 演出
248105227041,章鱼 哥 埋葬 梦想 在 第几 集呀 b 站 的
248436125392,小时候 不 知道 章鱼 哥 为什么 总是 苦着 脸 长大 了 不 明白 为什么 海绵 宝宝 可以 一直 笑
248942646929,因为 他 是 剧中 唯一 正常 的 人
248392350768,讨厌 章鱼 哥 理解 章鱼 哥 成为 章鱼 哥 超越 章鱼 哥
248382283424,成年 后 只有 想 让 自己 开心 的 时候 才能 开心
247988809825,我出 社会 以后 突然 明白 了 我们 以前 英语老师 说 喜剧 的 核心 是 悲剧 这 一句 话 了
247781744785,派大星 永远 的 神
247760020625,书籍 质检 主要 是 检测 未 出版 书籍 里 的 错别字 体 或 病句 标注 好 无需 更改 内容 即可 操作 简单 工作 时间 自由 安排 要求 年龄 23 以上 有 兴趣 的 可以 私信 我 节章 每篇 18005000 字 左右 3 小时 内 完成 交档 单价 15 元 全书 3 万 ~ 25 万字 左右 单价 200 ~ 1500 不 等 7 天内 交档
248074515648,不 知道 海绵 宝宝 的 主创 团队 知不知道 中国 大陆 的 粉丝 大都 很 喜欢 章鱼 哥
248022422272,AI 课 代表 总结 这 段 视频 以 章鱼 哥 的 第一人称 视角 展开 表达 了 他 对 生活 的 不满 和 梦想 的 追求 同时 也 透露 出 一种 无奈 和 自我安慰 的 情绪 要点 : - 章鱼 哥 对 外界 冷漠 感到 失望 认为 没有 人 主动 带来 快乐 - 他 认为 自己 很 滑稽 并 羡慕 那些 能 自由 表达 自我 的 角色 如 海绵 宝宝 等 - 尽管 他 热爱 音乐 例如 演奏 E 小调 但 仍 对 自己 的 命运 充满 困惑 - 对 未来 充满 不确定性 和 逃避 心理 渴望 找到 属于 自己 的 位置 - 虽然 向往 着 做 一些 自己 喜欢 的 事情 但 他 意识 到 现实 中 很 难 实现 这些 愿望 - 儿歌 般的 旋律 贯穿 始终 传达 了 一种 略带 忧伤 的 情感 氛围 哼 ~ 本 喵 瞧不起 这种 软弱 的 表现 好不容易 有点儿 激情 就 被 无情地 碾压 成渣 真是 一只 废物 啊 不过 话说回来 谁 能 真正 逃脱 得 了 命运 的 手掌心 呢 -- 由 召唤 发送 其他 AI 工具 点头 像 自取
247603314033,但是 章鱼 哥会 自娱自乐 啊 他 会 画画 会 吹 竖笛 会 烹饪 有 稳定 的 工作 还有 大房子 他 emo 的 时候 其实 不 多
247661887888,好 想 辞职
248232862672,刚入 职 一样 想 离职
247231162673,长大 了 才 终于 理解 章鱼 哥
246957743665,小时候 和 别的 小朋友 玩 他们 说 我 是 章鱼 哥 哈哈
247262045536,章鱼 哥 的 生活 是 世间 大部分 人 所有人 正在 经历 的 生活
247261917232,小时候 看 是 快乐 长大 后 看 是 讽刺
246252977185,明明 小时候 最 不 喜欢 的 就是 章鱼 哥 而 为什么 现在 最想 看 的 就是 他 而 对 海绵 宝宝 却 有 了 一些 改观 ...
246704413680,海绵 宝宝 傻白甜 还是 个 工贼
246187093905,为什么 我 一 高兴 就 有 错
245892461009,不知不觉 我 已经 活成 了 章鱼 哥
246019810288,7408
245196870545,追求 梦想 的 灵魂 被 永远 的 埋没 在 他 那 没能 实现 梦想 的 生命 里 . 梦想 和 光 未能 照亮 他 的 前方 还要 和 已经 实现 了 梦想 天天 傻笑 的 海绵 宝宝 在 一起 . 实际 他 已经 有 想 死 的 想法 了 . 但是 他 还有 自己 的 热爱 竖笛 和 艺术 章鱼 哥是 大人 海绵 宝宝 是 小孩 充满 精力 . 章鱼 哥真 不是 傲娇 是 没能 实现 梦想 罢了 .
245077313777,音无结 弦 之 时悦动 天使 之心 立于 浮夸 之世 奏响 天籁 之音
245277234928,黄色 恶魔
245250462400,啧 当时 只道 是 寻常
244927669409,小时候 喜欢 海绵 宝宝 长大 后 喜欢 章鱼 哥
245100217008,四年 了 我 凭 什么 不 给 你 一个 三连 呢
244928363537,我 也 买 了
244823738561,这里 埋葬 的 是 章鱼 哥 的 梦想
244987652000,这里 埋 着 的 是 章鱼 哥 的 梦想
244914292096,置顶 这个 视频 的 灵感 来自 洛温 的 派 大星 的 独白 在 去年 看 完 那个 视频 后 就 萌生 了 做 一个 类似 的 视频 并 不是 所谓 的 抄袭 更 贴切 的 说 是 致敬 吧 我 认为 海绵 宝宝 中 章鱼 哥 这个 人物 更 符合 现实 所以 便 有 了 这个 视频 也 并 不 存在 所谓 的 蹭 热度 毕竟 那个 视频 已经 快 一年 了 蹭 热度 的话 我 不 可能 现在 才 发 这个 视频 更 不 可能 为了 蹭 一个 热度 如此 精心 的 打磨 这个 作品 我 也 自知 这个 视频 不 可能 会 比 那 一个 好 我 只是 想 做 这个 视频 来 表达 我 的 一些 想法 仅此而已
244781330944,出 的 什么 东西 吗 我 没 流量 吗 哦 那时 的 照片 给 我 看 一下 吧 我 还 真不知道 你 说 吧 没事 吧 我 没 流量 的 是 不 我 没 流量 的 谢 了 兄弟 情 了 一下 你 是不是 觉得 好好学习 的 到 谢谢 美女 姐姐 好多 多 的 很 好 了 好 了
244781276592,20 用 的 时候 可以 去 试试 能 不能 给我发 个 照片 看看 你们 聊天 啊 我 还 我 还 真不知道 你们 有没有 时间 去 找 你 啊 我 没 流量 吗 我 还 我 还 真不知道 你们 有没有 想 我 想 的 是 真的 没有 时间 了 一下 你 就 说 是不是 真的 吗 好 的 我 没 流量 卡里 没 钱 吃饭 了 吗 宝贝
244618993968,以前 我 处处 嘲笑 章鱼 哥 如今 我 却 成为 了 章鱼 哥
244505918320,打卡
244451241376,原来 这个 视频 已经 四年 了
244245292385,几年 前 叛逆 少年 的 我 看到 章鱼 哥 留下 了 硬币 现在 身边 家人 相继 离世 自己 也 慢慢 失去 对 游戏 的 热爱 觉得 自己 傻傻 有些 呆学 不会 和 其他人 相处 快 大学毕业 理想 几近 消亡 不敢 回家 家里 有 一个 经常 骂 我 的 母亲 开始 害怕 和 逃避 有时候 就 想像 章鱼 哥 一样 躲 在 纸 箱子 就 好 了 重新 看到 章鱼 哥 两种 不 一样 的 共鸣 产生 了
244245379601,没想到 几年 后能 再 看到 这个 视频 看到 已经 投过币 的 按钮 就 感觉 看到 几年 前 的 自己
245728231648,等到 长大 以后 才 知道 曾经 偷 着 拿 手机 打游戏 的 我 是 多么 的 愚蠢 可惜 后悔 也 没用 了 好好 加油 吧
260065202608,回复 : 现在 过得 怎么样
259216490897,回复 : 生活 是 一望无际 的 旷野 现在 的 我 看不到 明天 的 太阳 但 我 知道 太阳 明天 依然 会 升起 我 已经 开始 期待 明天 等 回去 了 找个 普普通通 的 工作 普普通通 生活
259216651777,回复 : 现在 已经 实现 了 以前 去 日本 看看 的 理想 就 等 回国 找份 普通 工作 普通 的 活着
244428197136,10.12
244295810912,再见 快乐 和 勇敢 ( )
244112161649,讨厌 章鱼 哥 喜欢 派大星 和 海绵 宝宝
244094954961,没想到 这次 肯德基 联名 的 玩具 有出 这个 章鱼 哥 的 梦想
243859910097,小时候 喜欢 海绵 宝宝 和 派 大星 长大 了 喜欢 章鱼 哥
244339343121,章鱼 哥 映照 是 更 多 的 现实 中 的 我们 我们 相比 小时候 变得 现实 何尝 不是 章鱼 哥 呢
243839083665,活着 呢 好 累 啊
244334839760,嘿嘿嘿 又 疯 了 一个 这个 世界 就是 假 的
244150683601,回复 :
244347135536,回复 : 都 疯 了 就 好 了 这个 世界 都 是 假 的
244254684673,回复 : 哈哈哈 哈哈
243807608257,我 是 垃圾
243715383105,唯一 一个 和 奥地利 落榜 美术 生 就业 经历 一样 到 2024 年 还有 之前 10 人 以上 观看 人数 的 视频 致敬
243630216881,说真的 小时候 不 喜欢 海绵 宝宝 挺 喜欢 章鱼 哥 的 海绵 宝宝 总能 抢 了 章鱼 哥 的 风头 就 像 那 天生 自带 天赋 那样 而 章鱼 哥 呢 他 每天 加以 练习 竖笛 却 被 他人 嘲笑 他 明明 很 努力 却 总是 得不到 他 想要 的 荣誉 被 海绵 宝宝 抢 了 去
243560976193,我闻过 最 恶心 的 味道 是 我 那 腐烂 的 人生 我 已 丧失 为 人 的 资格 不必 把 这 困境 打破 这 是 我 自愿 的 堕落
243464902273,有人 长大 了 还 想 做 海绵 宝宝 吗
243434804593,永远 都 有人 的 视频
243421716673,可是 章鱼 哥有 属于 自己 的 房子
243372535857,求 bg m
243403685409,花之舞
243372111265,儿时 嘲笑 章鱼 哥 长大 都 成 章鱼 哥 . 梦想 也 随之 埋葬
243275007409,投币 了
243258382289,音无结 弦 之 时悦动 天使 之心 立于 浮夸 之世 奏响 天籁 之音
243360898736,这个 视屏 是 在 两年 多前 同学 推给 我 的 从此 我 就 喜欢 上 了 b 站 可是 我们 现在 上 了 高中 一年 有 可能 见 不了 一次 在 新 学校 也 没有 知心朋友 我 也 想 回到 那个 时代 我 傻傻 有些 呆 可惜 回不去 了
243310387200,小时候 章鱼 哥好 讨厌 啊 天天 摆着 一张 臭脸 现在 旁边 有 俩 智障 邻居 还有 一个 资本家 老板 整个 城市 好像 除了 自己 其他人 都 是 神经病 自己 干 啥 都 得 失败 能 不得 抑郁症 吗
243137691440,结尾 吹 的 那段 是 什么
243044843456,恶魔 : 他们 为什么 叫 我 恶魔 天使 : 因为 你 杀了人 恶魔 : 可 我 分明 救 了 人 天使 : 因为 他们 没 看见 恶魔 : 他们 为什么 叫 你 天使 天使 : 因为 我救 了 人 恶魔 : 可 你 明明 杀了人 天使 ( 冷笑 ) : 因为 他们 没 看见 一次 上课 老师 问 : 天使 和 恶魔 有 什么 区别 班里 很 安静 直到 一个 人站 了 起来 说 : 天使 可以 为了 全世界 放弃 你 而 恶魔 却 可以 为了 你 放弃 全世界 我 怕黑 却 喜欢 上 了 夜 我怕 冷却 爱上 了 雪 我怕 孤单 却 总是 一个 人 我 怕疼 却 总 把 自已 弄 得 满身 是 伤 我 喜欢 刀 因为 它 无情 我 喜欢 恶魔 因为 他 自由 我 喜欢 淋雨 因为 这样 就 没人 知道 我 在 哭 灯关 了 我可以 哭 了 吗 灯亮了 我可以 笑 了 吗 ? 说 的 真 对 : 天使 看起来 是 白 了 可是 那 只是 她 的 表面 恶魔 虽然 是 黑 的 可是 在 黑夜 却 只有 她 陪伴 我 讨厌 黑色 最后 却 喜欢 上 了 夜 我 讨厌 红色 最后 却 喜欢 上 了 血 我 讨厌 孤独 最后 却 喜欢 独自一人 我 喜欢 天使 最后 却 变成 了 恶魔 我 讨厌 受伤 却 每次 都 要 把 自己 弄 的 遍体鳞伤 我 不 需要 人家 可怜 也 不 需要 人家 爱 喜欢 上 了 夜 也 喜欢 上 了 血 喜欢 独自一人 小时候 对 着 朋友 笑 长大 了 对 着 手机 笑 小时候 喜欢 蓝色 长大 了 却 喜欢 黑色 大海 很 美 却 淹死 了 很多 人 玫瑰花 很 美 却 刺伤 了 手 天使 很 美 却 杀了人 恶魔 很坏 却 救 了 人 眼见 不 一定 为实 每样 东西 每个 人 都 有 两个 面孔 一个 是 虚伪 的 一个 是 真实 的 很少 人能 看破 美丽 的 背后 是 什么 真实世界 里 用 真名 说 着 假话 网络 上用 假名 说 着 真话 他们 不 知道 恶魔 的 好 天使 的 坏 就 像 你 做 了 很多 好事 却 没人 看到 一不小心 做 了 坏事 别人 就 会 指着 鼻子 骂 你 不是 我 不信 他们 而是 他们 能 让 我 信 吗 流泪 流泪 ----------------------------
242813989248,听说 人 在 微笑 时 不能 呼吸 你 可以 试一试 开玩笑 的 我 只是 想 让 你 笑一笑
242647183761,眼角 有 了 泪花 却 落 不 下来 了 我 长大 了 即使 麻木 了 也 不能 哭 了
242723942176,其实 章鱼 哥是 太 多数 人 的 样子 小时 为 学习 长大 为 工作 我们 也 希望 明天 更 美好 但是 人生 就是 这样 明天 可能 依旧 悲伤 有 很多 对 我们 重要 的 但 却 往往 不顺心
242603226769,吹 竖笛 的 前提 是 活着 物质 食粮 优先 于 精神食粮 章鱼 哥 需要 赚钱 获取 物质 来 维持 吃喝拉撒 但 他 的 竖笛 只能 自我陶醉 根本 卖不出去 就 像 很多 人 说 发明 AI 是 为了 替 我 打 螺丝 而 不是 替 我 去 画画 然而 现实 是 你 画 的 画 根本 卖不掉 但 你 打 的 螺丝 卖 的 掉 全国 一年 毕业 的 美术 生是 成交 作品 数量 的 十倍 以上
242482764880,泪目
242293513329,在 一个 疯子 的 城市 会 迷失 自己
242293197665,成为 了 他
242345059168,当 他 用光 所有 硬币 摸 到 小熊 那一刻 他 终于 笑了起来 和 以往 的 不同
242210115296,我 是 山顶洞人 吗
242048456896,加油 大家 祝 你 每天 都 开开心心
241701697009,为什么 派大星 那个 和 这个 我 都 哭 了
241568562256,海绵 宝宝 无法 阻止 章鱼 哥想 死 因为 是 他 让 章鱼 哥想 死
241568460224,宛如 父母 无法 阻止 孩子 自杀
241569597760,父母 祝 孩子 信服 快乐 本来 就 不是 信任 他们 的 所有 话 谁 要 我们 成为 别人 的 垫脚石 来 着
241569722608,这是 洗脑 比 宗教 简单 比 人生 复杂 比 我 的话 更 拓展 属于 你 的 山海 你 是 一点 也 不 爱 非得 先 幸福 才 爱
241549352592,小时候 看 章鱼 哥 天天 摆着 个 臭 脸 很 讨厌 他 自从 高一 开始 我 才 知道 章鱼 哥 的 苦 是 我 感受 不到 的 我 有 爱 自己 的 母亲 章鱼 哥 的 世界 没有 光芒 只有 一个 海绵 和 海星 在 自己 旁边 烦 自己 打扰 自己 的 放松 初三 听 的 现在 男大 了 经历 的 太 多 了 现在 听 真的 很 想 哭
241383582224,不 就是 抄袭 吗 还 搞 得 这么 光荣
241644630481,鬼畜 用 这 首歌 的 太 多 了 那 你 说 派 大星 是不是 抄袭 了 王司徒 的 那个 还有 百年老 蒙药
241644865393,印象 里 此物 天下 绝响 用 这 首歌 挺 多次 的 有个 小明 x 老王 此物 天下 绝响 还有 个 神医 rap 百年老 蒙药 就算 角色 一样 歌 一样 词 不 一样 那 也 不算 抄 吧
241644984417,等等 回去 一看 记错 了 但是 那个 王司徒 和 孔明 的 是 同 一首
241644942481,BV1Ls41127sG 鬼畜 哪来 的 抄 不 抄 的 都 是 填词 填 的 不 一样 也 算 原创 了
244339620881,那个 作者 评论 区 是 不 看 的 这个 作者简介 也 是 不 看 的 哈皮
249089174577,笑 了 有 本事 你 抄 一个
249089190337,呵 就算 你 抄 你 有 人家 的 播放 量 高 吗
249089287329,吃 不到 葡萄 的 狐狸 一只
241325045137,你们 都 不 关心 一下 又 想 看 弹幕 又 想 看 视频 的 人 吗 啊
241325122273,我 这里 都 快 看不见 了
241824416576,把 高级 弹幕 屏蔽掉 就 可以 了
241078668016,音无结 弦 之 时悦动 天使 之心 立于 浮夸 之世 奏响 天籁 之音
240898568448,章鱼 哥 埋断 了 他 的 梦想 不 他 是 把 梦想 种下 他 永远 不会 丢弃 他 的 树 笛
240833817504,事实上 章鱼 哥 已经 活 的 很 好 了
240815832529,哈想 那么 多 干嘛 不如 去 码头 整点 薯条
240806813889,最 痛苦 的 就是 清醒 的 堕落 没有 力气 去 改变 如果 我 也 能 像 海绵 宝宝 一样 满足 于 简单 的 快乐 就 好 了
240796459040,口号 都 变成 思想 工具 手段 以后 的 乌托邦 什么 样子 我 不到 路 越来越 难 越来越 窄
240783633920,陌生人 如果 你 看到 了 这条 评论 那么 祝愿 你 接下来 的 每 一天 都 能 过 得 快乐 充实 明天 一定 会 更 美好 的 对 吗
240440528032,孤独 是 人生 常态 爱 而 不得 也 是 人之常情
240329897744,幸运 的 人 总有 倒霉 的 人 衬托 平凡 的 人 总是 渴望 自己 不再 平凡
240053548448,10 岁 到 25 岁 是 海绵 宝宝 天真烂漫 2 5 岁 到 40 岁 是 章鱼 哥 一个 普通 的 社畜 上班族 有 自己 的 诗 和 远方 却 也 无可奈何 40 到 50 岁 昰 蟹 老板 赚了钱 小有所成 却 孤独 无依
239467570976,讨厌 章鱼 哥 理解 章鱼 哥 成为 章鱼 哥
238586165568,现在 是 2024 大 感冒 过去 了 经济 也 没有 向 好 的 趋势 情况 也 不 一定 有 四年 前 乐观 但是 明天 依旧会 日出 加油 同志 们
238355999776,一切 都 会 好 起来 的 也许 吧
238203675792,世界 上 没有 真正 的 公平 和 公正 就 像 章鱼 哥 一样 他 每天 只想 期待 着 他 的 假期 休息 结果 呢 换来 的 假期 只有 他 那 几毛钱 或者 是 几分 钱 甚至 是 更 低 的 工资 他 几乎 没有 休息 的 时间 他 就 像 一个 拜托 傻子 一般 的 正常人 一样 他 在 比奇 堡 海滩 是 唯一 一个 正常 的 人 他 和 其他人 不 一样 拥有 着 非常 强大 的 艺术 细菌 他 是 一位 热爱 和平 的 章鱼 是 一个 非常 喜欢 假期 的 章鱼 我 只 想 期待 着 自己 的 假期 到来 在 他 的 复活 岛 石像 里面 休息 看看 报纸 喝 着 小 茶望 着 外面 的 世界 学学 画画 然后 转眼 看 他 手中 的 工资 叹口气 并且 说道 世界 上 太 不 公平 了 讨厌 的 资本家 他们 什么 时候 去往 别的 地方 呢 不要 再 压榨 我们 这种 普通员工 了 我们 只 想要 假期 和 工资 简简单单 两件 事情 然而 可恶 的 资本家 蟹 老板 却 不 同意 这件 事情 为什么 世界 上 会 诞生 资本家 章鱼 哥 疑惑 不解 但是 他 清楚 记 明白 世界 上 没有 白吃 的 饭菜 想 干 获得 钱 就 必须 要 去 为 那些 资本家 们 卖苦力 还 需要 去 卖命 等等 等 但是 章鱼 哥 却 不想 再 为 这种 事情 做 一些 思考 的 东西 了 现在 他 想要 好好 的 享受 自己 的 最后 两天 的 假期 这 是 蟹 老板 批准 他 休息 的 章鱼 哥 心里 并 说道 海绵 宝宝 肯定 没有 想到 的 是 我 是 假 生病 才 回来 休息 的 嘿嘿 那个 傻乎乎 的 海星 也 跟着 那 讨厌 的 海绵 宝宝 去 吃 蟹黄 堡 了 嘿嘿 现在 就是 我 自己 的 时候 啦 章鱼 哥边 说 边 倒杯茶 边 坐在 他 的 长椅 上 休息 然后 他 拿走 了 遥控器 便 看 起 了 电视节目 角落里 的 报纸 都 烂 了 看来 时代 变 了 章鱼 哥 逐渐 喜欢 看电视 比较 证明 一点 的 就是 世界 上 也 改变 了 以前 的 人们 都 喜欢 一些 古老 的 东西 但是 随着 时间 改变 人们 也 会 改变 就 像 我们 一样 现在 到 此 结想 看看 下 一期 的话 点个 赞 当然 了 我 纯属 是 瞎编 的 嘿嘿
238202380000,从来 没有 人 真正 关心 员工 的 命运 它们 只 关心 自己 的 幸福 一一 章鱼 哥
238202950336,然而 章鱼 哥 的 声音 本 就 微弱 还要 被 他 那 厚重 的 鼻子 阻挡
238192829008,两个 人物 的 视频 都 特别 喜欢 但 还是 觉得 章鱼 哥 的 每次 听 都 更加 代入
237963547168,小时候 觉得 章鱼 哥好 无趣 只 喜欢 自己 待 在 房子 里 长大 以后 觉得 这种 生活 方式 好 幸福 啊 太爽了
237731474768,2024 年 跨 时代 额
237645795616,口号 都 变成 思想 工具 手段 以后 的 乌托邦 什么 样子 我 不到 路 越来越 难 越来越 窄
237243233632,你 怎么 能 轻易 跪下 呢 你 可是 章鱼 哥 啊 给 我 站 起来 你 是 个 艺术家 音无结 弦 之 时悦动 天使 之心 立于 浮夸 之世 奏响 天籁 之音
237242706240,看 哭 了
237092935056,为什么 我 今天 真糟糕 未来 我 还 没有 准备 好 我 想 逃离 却 逃 到 了 清洁 间 等一等 自己 的 灵魂
236852754240,我 就是 看 了 这个 视频 做 视频 的 只不过 今年 刚 做 很久以前 就 看过 这个 视频 其实 章鱼 哥 被 别人 编 的 故事 哥疯掉 很 正常 最惨 的 就是 他 被 老板 压榨 在 中 鱼哥 的 世界 里 其实 海绵 派大星 就是 个 傻子 我里 还有 两个 傻子 每天 早上 都 是 被 吵醒 好不容易 休息日 想 摧毁 笛子 却 总是 被害 惨 每天 过 着 这种 枯燥 的 生活 能 不 疯 才 怪
236751855360,讨厌 章鱼 哥 理解 章鱼 哥 成为 章鱼 哥
236647403136,加油 陌生人
236365441168,朋友 们 你们 都 很 重要 你们 都 很 有 意义 世界 因为 你们 而 美丽 你们 真的 很 好
236108824272,凡人 皆 有 梦想 为什么 要 一味 的 去 否定 他 去 嘲笑 他 去 放弃 他 要 懂得 追求 不要 在意 旁人 的 目光 做好 自己 就行
236019117152,未来 我 还 没有 准备 好
235689176272,38 万 投币
235107672640,27 年 高考
243820249152,奇怪 吗
235077860448,2024 了 还有 人嘛
235063757440,辛苦 的 作者
234972027872,我 小时候 确实 不 理解 章鱼 哥 觉得 他 很 扫兴 海绵 宝宝 惹 他 生气 的 时候 我 感觉 很 好玩
235063895680,现在 就 感觉 小时候 这样 的 想法 就是 一坨
235083521808,回复 : 那 也 没有 办法 没 变成 大人 也 没法 理解 大人 呐
234909372496,哭 了
234670978736,敬 不 完美 的 明天
234559420432,海绵 宝宝 你 可 真是 幸运 啊
234479568896,法老 的 明天 是 美好 的 一天
234271487232,竖笛 那 一段 选 自 哪里 求解
233869829568,BGM 是 啥
233935241648,起风 了
234187930640,花之舞
233839841968,我 将 我 世间 的 一切 送给 死亡 死亡 给 我 一份 永远 的 安宁
233696486080,我 小时候 看 海绵 宝宝 时 最 讨厌 章鱼 哥 觉得 他 是 个 无聊 又 扫兴 的 大人 可是
233418917440,高三 那 段时间 非常 痛苦 抑郁 偶尔 能 摸 到 手机 就 来 刷刷 这个 视频 听 着 音乐 和 章鱼 哥 的 自白 想 哭 又 哭 不 出来 每每如此 两年 多 过去 了 感觉 一切 变 了 又 没有 变
233287723456,每次 一看 这种 的 就 忍不住 掉 小 珍珠 怎么办
232953501584,冷 知识 章鱼 哥 的 中 配员 去世 了
232950980256,把 爱 带给 自己
232910015952,也许 我们 最终 的 结局 会 和 章鱼 哥 一样 但 我们 不 应该 悲观 而是 积极 热爱生活 别 还 没 开始 尝试 就 认为 得到 的 会 是 坏 结果
232829599072,我 想 死 我 确信 我来 错 了 时间 为什么 我 的 是 infp + 处女座 我 TM 还是 男 的 下辈子 想当 正常人
232853685728,英雄所见略同
232538207456,谁 又 说 输家 没有 奇迹 时刻 呢 也许 输着 输 着 就 赢 了
232529602528,那个 声音 悦耳 动听
232253427152,这里 曾经 埋葬 这哥 的 梦想
232249838112,四年 了 啊 时间 真 快
232246394128,初三 的 我 还 没 接触 社会 就 已 感觉 生活 不易 是我太 多情 了 吗
232853828000,我 也 是 指 初三 我 想 我 该 去 死 了 我 不能 再造 出 更 多 的 错误 了 他 已经 充满 了 遗憾 我 不想 再 创造 遗憾 了 世界 很 美丽 但 不是 每个 人 看 世界 都 是 五彩缤纷 的 就让 我 的 时间 停留 在 美好 的 年华 岁月 吧 我 很 累 我 不想 再累 了 舒服 是 留给 逝者 的 我 想 我 是 时候 成为 一名 逝者 了
232238056064,工作 了 再 看 海绵 宝宝 是 那么 的 可恶
232066974640,攒 了 330 个币 但 这个 视频 我 跟 2 币
232065466672,我 才 想 明白 一个 事情 无意间 人人 都 是 章鱼 哥 可能 吗 大家 都 看到 了 章鱼 哥 和 我们 一样 对 类似 海绵 宝宝 这样 的 人 的 厌恶 对 工作 的 反感 抱怨 这个 抱怨 那个 但是 章鱼 哥 完全 不像 我们 不是 吗 他 一个 人 骑车 吹 竖笛 做菜 雕塑 绘画 种植 舞蹈 这些 事情 有 谁 和 他 一起 做过 吗 竖笛 跳舞 也 被 很多 鱼 恶心 了 但是 他 依旧 乐此不疲 从来 没有 质疑 过 自己 从来 没有 因为 外面 的 声音 改变 自己
232065682624,他 讨厌 所有人 他 只 爱 他 自己 只能 说 给 他活 明白 了
231925073072,章鱼 哥 你 不 知道 你 有 多 幸运 你 有 一份 稳定 体面 的 工作 有 一个 永远 开心 并 希望 你 开心 的 邻居 有 自己 的 家 如果 不 为了 攀比 与 追求 你 的 人生 已经 足够 精彩
231865158752,像是 照镜子 了
231841273600,起初 老师 跟 我们 说 我 每个 人 都 是 不 喜欢 现实 的 人 往往 向往 虚幻 的 东西 因为 虚幻 的 东西 足够 美好 台下 有 许多 不服 的 学生 就 在 之前 我 仍然 觉得 老师 说 的 是 错 的 直到 回温 了 一下 海绵 宝宝 越 看 章鱼 哥越 觉得 现实 中 人人 都 是 章鱼 哥 确实 小时候 看 海绵 宝宝 的 人 没 几个 是 奔 着 章鱼 哥去 的 章鱼 哥 在 这部 动漫 中 何尝 不是 现实 的 化身 呢 儿时 反驳 老师 的 我们 又 何尝 不是 海绵 宝宝 和 派 大星 呢 像 他们 一样 傻 呆呆 的 对 生活 充满热情 脸上 时常 洋溢着 快乐 的 笑容 但 究竟 是 为什么 我们 明明 长大 了 却 一个个 都 变成 了 章鱼 哥 呢 海绵 宝宝 其实 是 一部 哲学 动画 很多年 前 他 已经 问过 这个 问题 了 嘿 看看 从前 的 你 照片 以前 的 你 上 哪 去 了 ?
231772414000,派大星 像 儿童 时期 海绵 宝宝 像 青少年 刚 步入 社会 的 时期 章鱼 哥是 一个 社会 滚打 多年 的 代表
231653483616,我 好 无能 好 懦弱 知道 一直 和 家人 待 在 一起 会 很 窒息 但是 我 又 过分 依赖 无力 改变
231581107296,小时候 看 动画 看 的 是 童真 长大 了 看 动漫 看 的 是 人生
231573053808,小时候 看 的 时候 没 怎么 觉得 但是 看 完 之后 才 发现 章鱼 哥是 真的 倒霉 艺术作品 和 一些 机缘 本来 就 该是 章鱼 哥 的 但是 海绵 宝宝 或者说 就 命运 老是 不 给 章鱼 哥 这份 机会 让 他 一次次 的 失之交臂 一次次 的 有 希望 又 绝望
231525460560,章鱼 哥 我 从 小时候 看 他 就 觉得 他 还 挺 惨 的 他 的 音乐 他 的 画作 和 他 的 舞蹈 从 我 这个 人类 视角 来看 其实 除了 一点 抽象 外有 没 感觉 有多烂 ( 虽然 他 笛子 确实 吹 挺 烂 的 我 也 感觉 他 其实 真 没 啥 天赋 ) 可 他 最大 的 问题 不是 出 在 他 的 艺术 才华 上 而是 他 生活 在 一个 近乎 荒诞 抽象 滑稽 的 世界 里 虽然 这个 世界 里 也 有 属于 自己 的 社会 系统 和 审美观 但 看过 这部 动画 都 知道 这个 海底 社会 有 多 抽象 章鱼 哥 其实 是 非常 可怜 的 他 的 创作者 明明 可以 只 设计 一个 在 蟹 堡 王里 普普通通 但 不 像 海绵 宝宝 一样 爱笑 爱 玩闹 的 角色 可 就 偏偏 给 这个 角色 加上 了 一个 他 所 自 认为 的 艺术 天赋 和 对 名利 的 追求 与 向往 但是 他 也 仅仅 是 一个 被 资本主义 压榨 的 普通 收银员 罢了 什么 扬名立万 什么 艺术细胞 全都 是 自己 的 幻想 在 这么 荒诞 抽象 的 世界 里 他 除了 自娱自乐 也 没什么 用 他 自 认为 自己 应该 站 在 舞台 上 尽情 的 展示 自己 的 才华 而 不是 在 这 充满 油渍 的 地板 上 站 着 收钱 这 也 就是 他 为什么 总是 挎着 脸上 班 他 的 出现 让 这部 动画 多出 了 些 黑色幽默 和 现实 的 可悲 章鱼 哥 一群 疯子 里 的 正常人
231413951696,1111111
231373240000,You can welcome me home
230834111456,有 一句 话 说 的 好 一个 正常人 在 一群 不 正常人 的 眼中 才 是 真正 的 不 正常
230772637776,别想 那么 多想 那么 多 干嘛
230676301152,以前 曾经 想过 很多 觉得 活着 很难 现在 发现 其实 人 也 挺 难 死 的 如今 每天 的 期望 不过 是 赶快 过 完 这 一天 罢了 已经 无力 去 盼望 更 多
230478572032,都 不 容易
230326332144,感恩 我 现在 还是 像 以前 看 动画片 时 那么 开心 我 是 派 大星 没心没肺 傻乐 呵
230106662912,我 希望 自己 傻 呆呆 不 把 世界 看 的 非常 明白 希望 有人 明白 我 的 爱 但是 谁 会 明白 我 的 爱 这 两期 视频 派大星 和 章鱼 哥 的 独白 我 很 久 之前 就 接触 到 了 当时 给 我 的 感触 并 不是 很深 直到现在 在 经历 初中 整整 三年 的 沉沦 爬 起 又 沉沦 又 爬 起 后 我 再 来回 看 这 两期 视频 妈 的 要不是 我泪点 高 老子 直接 哭 死 上面 我 引起 来 的 2 句 话 正是 给 我 感触 最深 的 说 得 太 对 了 太 真实 了 太 令人 难过 了 现在 我 也 在 努力 思考 努力 活下去 努力 更好 的 活下去 毕竟 我 的 青春 还有 高中 生活 大学 生活 呢 我 还 不想 死 我 的 未来 是 怎么样 的 我 不 知道 难道 又 会 是 在 沉沦 与 爬 起 之间 反复 横 跳 吗 或许 是 吧 如果 真是 那 未免太 累 了 但 无论怎样 我 还是 得 活下去 2024.7 . 7 随笔
229296255360,这个 歌词 不是 说 唱歌 手法 老 的 明天 是 美好 的 一天 里 的 歌词 吗
229413359600,你 不 看看 谁 先出 的
228904480160,泪目 了 但是 哪怕 成为 章鱼 哥 都行 有 海绵 宝宝 和 其他人 都 会 来 找 他 可 现实 确是 你 周围 一个 人 都 没有 真的 好 想 一 了 了 之
228864370304,小时候 的 你 十块钱 你 都 觉得 是 笔 巨款 长大 后 就是 翻 了 100 倍 你 都 不够 用
228532261776,我 想 回到 那个 时代 自己 啥 时 有些 呆 自己 啥时候 有些 呆 但 有家 人们 的 爱 但 我 知道 我 的 笑脸 我 的 爱 我 的 一切 逝去 不 复返
228262562704,法老 的 歌 是 你 的 词 诶
228163969120,理想 的 海绵 宝宝 现实 的 章鱼 哥 为什么 会 这么样 呢 因为 需要 主角 需要 矛盾 才 会 有 现实 的 章鱼 哥好 了 再见
227843352960,小时候 很 讨厌 章鱼 哥 他 为什么 总是 不 快乐 为什么 总是 死气沉沉 为什么 总是 不近人情 地 拒绝 海绵 宝宝 现在 我 知道 了 小时候 我 是 海绵 宝宝 每天 都 很 快乐 长大 了 我 是 章鱼 哥 我 只想去 死
227851993312,人 呀
227652693744,4 年前 的 优质 视频 还 在 我 的 首页 上 出现 感谢 大 数据
227343492416,为 我 的 理想 扫下 墓
226904892928,理想 与 现实 美梦 与 清醒
226164987664,我 喜欢 派大星
226091133728,没人会 用 托盘 把 快乐 端 给 你
225556295296,初中 的 时候 看 的 视频 觉得 自己 不会 成为 章鱼 哥 如今 的 自己 连 章鱼 哥 还 不如
225517896432,如果 有 一天 我 真的 实现 了 我 生命 中 的 梦想 我 一定 不会 让 我 的 双脚 站 在 这 充满 油污 的 地板 上
225104050096,音无结 弦 之 时悦动 天使 之心 立于 浮华 之世 奏响 天籁 之音
225087995360,BGM 是 什么 啊
225410997728,flower dance
225060015584,有人 吗
224675775424,为数不多 的 几个 让 我 热泪盈眶 的 视频
223623208848,2024 年 五月 二十八 号 前来 打卡
222602545104,枯 了
222588220592,为什么 海绵 宝宝 被禁 了 呢
222737859376,禁 了 嘛 ? 如果 禁 就是 因为 太 讽刺 了 小时候 看 没什么 感觉 现在 再 看 在 其他 角色 的 映衬 下 章鱼 哥 的 真实 现实 的 淋漓尽致 现在 儿童 动画 不 都 这样 很多 被禁 了 或者 修改 了
222352080400,符合 心境
222268617344,真的 谢谢 up 小时候 欣赏 海绵 宝宝 长大 依然 欣赏 但 更 明白 章鱼 哥才 是 真实写照 我 明白 我 的 一切 逝去 不再 来 爆哭
223147976544,感觉 人 就是 纯真 快乐 的 童年 海绵 宝宝 到 麻木 孤独 的 成年 与 现实 对抗 失败 章鱼 哥 然后 多半 变成 我 讨厌 的 阴险 的 派 大星
223148500352,蟹 老板 懂 的 都 懂 我 倒 是 挺 羡慕 痞 老板 珊迪 和 灰 太 狼 这些 的 有 技术 能力 也 有 交心 知己 朋友 或者 对象
222148917536,張春仲
221451169424,章鱼 哥 就是 艺术
221500503632,老一辈 艺术家
221443850256,可以 转发 吗
220835357824,法老 好像 有 一首歌 和 这个 很 像
222638969632,明天 是 美好 的 一天
220654401120,喜欢 派大星
220461099904,小时候 我 只 觉得 海绵 宝宝 很烦 而已
220219132192,人们 总称 天才 为 疯子
220065374608,懂 我 吗 懂 我 吗
220078573104,这种 疯狂 的 状态 像 我
219529849408,emo 了 是 吧
219123760304,埋葬 即将 逝去 的 灵魂 黛玉 葬花
218817092560,哇塞 好 成熟 呀
218817878400,回复 : 心疼 我 章鱼 哥
218818990464,回复 : 能 不能 心疼 一下 疯狂 写 作业 的 我 呢 小 哥哥
218709581920,以前 在 看 故事 现在 在 照镜子
218642752480,章鱼 哥 的 配音 走 了
218823161344,他 已经 走 了 11 年 了
218398136288,我 从小 到 现在 都 不 喜欢 派大星 甚至 是 讨厌 哈哈 所以 我 到 现在 都 没 看 完 当时 觉得 一群 吵 又 好像 有 毛病 的 人里 唯一 的 正常人 就是 章鱼 哥 哈哈哈 那 时候 觉得 海绵 宝宝 善良 天真 但是 好 吵 好像 总是 在 烦人 派大星 自私 又 凉 薄 还 坏 虽然 海绵 宝宝 吵 但是 我 小时候 特想 他 最好 的 朋友 是 章鱼 哥 我 一直 觉得 派大星 总是 利用 海绵 宝宝 还 两面三刀 章鱼 哥 很 孤独 我 小时候 就是 希望 他们 是 最好 的 朋友 不 知道 为什么 小时候 好 喜欢 章鱼 哥 我 也 觉得 他 丑丑 的 但 就是 惹人 怜爱
218087642752,现在 的 海绵 宝宝 感觉 好 奇怪 啊 很多 画风 看 的 我 有些 看不下去
217764246688,法老 的 明天 是 美好 的 一天
217614552944,可是 你 身边 一直 有 海绵 宝宝 啊
217472037984,海绵 宝第 3 季 第 47 集 1 角钱 的 故事
217476375344,谢谢 你
217144563632,我 小时候 看 海绵 宝宝 很 讨厌 章鱼 哥 我 觉得 他 很少 开心 可 丧气 了 现在 长大 了 终于 明白 了 一些 很 难过
217096609392,我 想 回到 那个 时代 自己 傻傻 有些 呆 自己 傻傻 有些 呆 但是 我 我 知道 我 的 笑脸 我 的 爱 我 的 一切 逝去 不再 来
216901117424,永远 怀念 李易 老师 您 的 再说 长江 我们 老师 要求 我们 每天 都 要 听 我 要 争取 成为 像 您 一样 伟大 的 配音员
216828259072,小时候 的 派 大星 中 是 长大 后 的 章鱼 哥
215916860736,2024 年 了 还有 人 看 吗
215701353776,我 是从 法老 的 歌来 的
217461416096,我 也
215200321456,立于 天堂 奏响 繁华 音无结 弦 之 时悦动 天使 之心 立于 浮华 之世 奏响 天籁 之音
215115133872,看着 看着 就 哭 了
215067880608,章鱼 哥 的 那 竖笛 一响 不 知道 为什么 很 想 哭
214893584864,截止 目前 这个 视频 已 已经 超越 原神 的 2.0 版本 大家 继续 加油 争取 冲到 1800 万
217884967104,没有 意义
214433335248,小时候 不 明白 章鱼 哥 为什么 天天 板 着 个 脸 长大 后 不 明白 为什么 海绵 宝宝 这么 快乐
214106182080,以前 觉得 章鱼 哥 真的 好惨 每天 都 要 被 海绵 宝宝 派大星 骚扰 现在 看 章鱼 哥 更 像是 清醒 生活 但是 改变 不了 生活 在 痛苦 之中 觉醒 但是 又 窝 在 一处 角落 幻想 自己 的 梦想 太多人 怀揣 梦想 但是 又 被 现实 埋葬 了 初见 不闻曲 中意 再见 已 是 意中人 人生 一直 在 失去 得到 之中 来回 折腾
214034532944,唉 从 海绵 宝宝 最后 活成 了 章鱼 哥
214019907136,已经 给 你 三年 了
213768543680,刚 开始 就 哭 了
213548230672,考古
213451703888,真正 对 章鱼 哥好 的 或许 只有 小 海绵
212297229664,至少 章鱼 哥有 爱 他 的 海绵 宝宝 我 呢
211930191200,这 就是 为什么 大家 都 喜欢 海绵 宝宝
211902719040,我 最 喜欢 法老 唱 的 明天 是 美好 的 一天 了
211560038240,至少 章鱼 哥会 sd
211306127008,最 喜欢 海绵 宝宝
210473586272,章鱼 哥 吹 的 那个 曲子 叫 什么 名字 有人 知道 么
210809990864,花之舞
210182056800,章鱼 哥 更 像 劳苦大众 但 我们 来 了
209670580080,结局 看 的 我意 难平
209583643920,1314.1 万 打卡
209581182272,1314.1 万
209570645776,1314 万
209567399376,想 知道 现在 的 播放 量 是 多少 吗 1314
209564168656,1314 万
209432408080,哈哈哈哈 时隔 多日 终于 可以 笑 着 看 完 清风 拂 山岗 什么 实力 不必 多 说
209409885776,泪目
209244562880,就 过去 四年 了
209199061184,章鱼 哥是 比奇 堡里 的 正常人 也 是 唯一 一个 同时 章鱼 哥 也 是 最惨 的 人 烦人 的 邻居 小气 抠门 的 老板 超级 豪 的 高中同学 他 想 完成 梦想 他本 可以 完成 梦想 可是 因为 生活 他 却 不得不 待 在 蟹 堡 王里 干 这 一眼 望 到头 的 工作 他 的 梦想 不 被 任何人 欣赏 他 的 作品 不 被 任何人 赞美 如果 海绵 宝宝 没有 来 比奇 堡 如果 他 不 在 蟹 堡 王里 工作 如果 他 没 在 比奇 堡 如果 他 完成 了 他 的 梦想 他 或许 就是 海绵 宝宝 里 最 快乐 的 人 但是 他 却 不能 他 在 这里 只能 是 被 所有人 嘲笑 的 人 是 被 老板 无限 压榨 的 员工 被 烦人 的 邻居 不停 的 打扰 的 人
209192233296,小时候 我们 都 喜欢 海绵 宝宝 长大 后 我们 却 都 喜欢 章鱼 哥
209007553744,已成 艺术
208857428000,谁 准备 好 了 ? 我 准备 好 了 ! 准备 好 什么 ? 准备 好 面对 生活 以及 这个 社会 的 一切
208857420048,这里 埋 着 的 是 章鱼 哥 的 梦想
208857545504,我们 终于 活到 了 小时候 最 羡慕 的 年纪 却 没有 成为 小时候 最想 成为 的 人
208600113344,有 一首歌 叫做 明天 是 美好 的 一天 法老 唱 的 引用 的 就是 这个 视频 的 歌词 写 的 很 好 建议 大家 听听
208380178176,章鱼 哥 没有 脊椎 就 连 挺起 腰板 都 那么 难
208286563232,艺术
208231130896,海绵 宝宝 你 不 知道 你 有 多 幸运 你 有 小 蜗 和 爱 你 的 家人
208178121120,原来 我 也 平凡 到 自命不凡
207821039552,优秀 动漫
207606757248,章鱼 哥 遇到 海绵 宝宝 你 很 辛运 也 很 倒霉 无论 你 对 海绵 宝宝 如何 摆着 臭 脸 他 都 不离 不弃 他 就 像 一道 微弱 的 光 照亮 你 苦恼 的 生活 因此 你 很 辛运 但 你 肯定 很 羡慕 海绵 宝宝 的 乐观 生活 他 有人 陪伴 有人 做 知音 与 他 的 生活 对比 你 总是 孤独 无人 理解 的 所以 你 很 倒霉
206979804384,这是 AI 的 温柔 回应
209360982768,幽默 ai
206886215984,明天 一定 会 更 美好 的 更 美丽
206548845584,你 什么 时候 回来 啊 耀耀 还有 你 我 就是 很 自私 和 别人 说 早就 不 喜欢 你 了 但 怎么 可能 我 想要 你们 永远 的 记住 我 直到 死 所以 别忘了 我 好 吗 求 你们 了
209361024912,看 了 你 的 动态 有点 怀疑 你 的 精神状态
209376325136,回复 :
206170411648,你 跟 章鱼 哥 感觉 好像 啊
205796591088,如果 有 一天 我 能够 离开 这 我 绝不会 让 我 的 理想 站 在 这 肮脏 的 地板 上
205666626512,这 都 是 20 年 的 视频 了
205539845456,破防了 四年 前刷 到 过
205286661424,听到 你 今天 累坏 了 小章鱼 真的 绷 不住 了
205023148384,如果 可以 我 真 希望 自己 从未见过 光明
204976616288,這 首歌 叫 什麼 名字
204689707904,法老 的 bilibili 之夜 的 明天 是 美好 的 一天 和 这个 好像
210442688096,法老 就是 唱 的 这个 改编 的
204591453296,我感 覺章 魚哥 應該 是 慢性 憂鬱 快樂 與 愛 一去不返 即便 大家 對章 魚哥 釋出 善意 章 魚哥 也 知道 大家 並非 都 惡意 但 就是 找 不到 愛與 快樂 彷 彿 心中 有什麼 東西 已經 死去 了
204466488144,以前 看 章鱼 哥 总是 扳着 一张 脸 没意思 现在 才 发现 比奇 堡 里面 唯一 一个 正常人 也 是 我们 现在 的 写照
204324936160,嘲笑 章鱼 哥 理解 章鱼 哥 成为 章鱼 哥
204197672880,我 小时候 最烦 章鱼 哥 觉得 他 最 没意思 到 他 片段 都 不想 看 现在 我 感觉 我 就是 章鱼 哥 本章 了
203616128352,这个 是 法老 的 歌 吗
207820574544,我 也 觉得
209411776080,回复 : 作者 就是 作词 人
203156910800,1299.0 万 播放 记录
205914387632,1305.0 万 播放 记录
203030331440,因为 编剧 所以 章鱼 哥过 得 很惨 其实 他 也 没 做 错 什么 想到 这里 就 更 难过 了 我们 有没有 可能 也 是 这样 我们 只是 一个 角色 我们 的 剧情 都 是 编剧 决定 的
202798543744,章鱼 哥 其实 是 不 开心 的 无法 实现 自己 的 理想 但是 不得不 被 现实 屈服 派大星 一直 被 别人 觉得 不带 脑子 没有 脑子 但 其实 派大星 一定 是 看 出来 的 只是 它 更 一心一意 的 做 自己 想 做 的 当做 没 看 出来 是 个 傻子 海绵 宝宝 一直 过 着 大家 羡慕 的 生活 有派 大星 这个 一心一意 的 朋友 章鱼 哥 其实 也 并 不是 真的 嫌弃 它们 只是 羡慕 罢了 羡慕 海绵 宝宝 的 能力 羡慕 派大星 的 不带 脑子 做 自己 想 做 的 事 但是 海绵 宝宝 其实 也 有 烦恼 只是 被 嘻嘻哈哈 掩盖 了 它 一直 在 带给 朋友 快乐 和 正 能量 蟹 老板 看着 超级 爱钱 嗜 钱 如命 但是 其实 它 是 一个 内心 挺 空虚 的 蟹 还好 还有 海绵 宝宝 这个 可爱 的 能力 不俗 的 员工 章鱼 哥管 收钱 蟹 老板 也 可以 天天 数钱 逃避 空虚 痞 老板 更 多 的 是 羡慕 蟹 老板 做 的 蟹 煲 王 被 这么 多人 喜爱 它 有点儿 自卑 罢了 只是 想得到 肯定 觉得 自己 就算 吃 也 做 不出 一模一样 的 蟹 煲 所以 就 一心 只 想着 偷 配方
202589061392,215 秒 开始 后 的 插曲 叫 什么
202439399136,在 疯狂 的 世界 中 清醒 也 是 一种 错误
202001232432,章鱼 哥 你 有 别墅
201041778224,未经 他人 苦莫劝 他人 善 就 因 经历 苦 更加 劝人善
200946699072,章鱼 哥才 是 正常 的
200849563312,跟 法老 的 那首歌 好像
200850242064,卧槽 才 发现 作者 是 作词 人
200354719792,海绵 宝宝 生活 是 梦寐以求 的
200193816128,有 很多 人 都 说 自己 成为 了 章鱼 哥 但 你 并 不是 主角
200100372288,我 想 知道 海绵 宝宝 创作者 是 怎么 预判 到 如今 的 中国 平民 老百姓 的 现状 的
199834542560,虽然 章鱼 哥 在 动画 人缘 少 的 可怜 但 在 现实 他 是 陪伴 数人 的 童年 角色 小时候 看 我们 是 派 大星 海绵 宝宝 长大 了 才 发现 我们 是 章鱼 哥 每个 人 都 是 自己 人生 的 主角 但 走 的 路 不同 小时候 看 章鱼 哥 讨厌 他 现在 看 佩服 他
199834016336,小时候 看 是 个 动画 长大 了 看 是 现实 现在 有 大多数 人 是 章鱼 哥 无法 实现 梦想 章鱼 哥 大家 好 我 是 章鱼 哥 一个 没 被 发现 的 天才 也 是 一个 平凡 工作人员 没人会 明白 我 我 无法 实现 梦想 生活 的 困难 你 无法 想象
199638681968,2023.12 . 21 日 章鱼 哥 生日快乐
199627895296,不行 了 看 一次 泪目 一次
199358683440,章鱼 哥照 出 了 多少 人 的 生活 因为 生活 而 丢弃 了 曾经 的 梦想 但 在 我 眼中 章鱼 哥是 勇敢 的 勇于 去 找到 属于 自己 的 归宿 可是 又 有 多少 人 勇于 站 出 ? 因为 失败 就是 一辈子 不会 再有 第二次 机会 如果 曾经 的 中国 人 是 在 像 日本 挑战 那 现在 的 中国 人 就是 在 向 生活 挑战 没有 多少 人 勇敢 的 出现 小 的 时候 被 动画 隐瞒 了 世界 的 真相 认为 长大 能 混出 一点 风头 却 发现 了 世界 的 答案 冷情 曾经 的 热情 被 生活 吞没 开始 用 冷漠 挡住 一切 就是 因为 这样 陷入 了 一种 循环 所有 热情 的 人 都 在 这个 黑暗 中 包裹 在 企业家 的 黑暗 中 进行 饲养 为 自己 带来 利益 没有 勇士 拯救 公主 而是 一群 平淡 的 人 吞没 一群 热情 的 人 其实 人生 真的 很 短 基本上 一辈子 都 是 在 忙碌 想着 吃饭 生活 却 没 发现自己 一辈子 都 在 忙碌 转头 一看 曾经 的 亲人 已经 走远 只 剩下 自己 在 眨眼 已经 变成 了 老人 不再 想 曾经 的 年少 轻狂 而是 平庸 的 度过 一生 化成灰 没有 意思 的 消失 在 世界 正常人 就是 这样 没有 人能 走运 有 的 人 努力 了 一辈子 这 还是 平庸 有 的 人 并 没有 努力 就 有人 端茶 送水 世界 就是 这样 生来 就是 不 公平 的 没有 人生 来 就是 有钱人 所有 富人 的 兴起 都 是因为 穷人 不早了 睡 了 吧 明天
199318444608,共勉
199146909584,也许 我 连 章鱼 哥 也 不是 只是 那 比奇 堡 中 无名 的 鱼 无人 在意
198808297488,视频 信息 识别 成功 ~ 音乐 信息 1 . 章鱼 哥 一个 人 的 独白 : 00 : 01 - 03 : 55 -- 以上 内容 由 召唤 生成 识片识曲 欢迎
198808236272,正片 出处
198724264496,可 那天 是 我 小学 毕业 啊
198509507344,突然 就 明白 了
198465781936,我 等 不到 我 的 灵魂 了 不是 它 太远 了 而是 我 跑 太快 了
198009529008,小时候 不 明白 章鱼 哥 为什么 总是 那么 忧郁 现在 我 却 不 明白 为什么 海绵 宝宝 总是 那么 开心
197892169520,海绵 宝宝 在 听 完 章鱼 哥 的 独白 后 我 感触良多 想起 先前 那些 美好 的 记忆 在 水母 田 和 我 那 没心没肺 的 好 麻吉派 大星 一起 抓 水母 在 蟹 堡 王 快乐 地为 每个 客人 服务 和 珊迪 比拼 空手道 考那份 永远 也 考 不过 的 驾照 经历 无数 奇幻 的 冒险 可 章鱼 哥有 多少 可回忆 的 美好 的 记忆 呢 也许 我 在 想 找 他 玩 的 时候 他 只是 想 好好 歇歇 等等 自己 的 灵魂 试着 拼凑 起 自己 破碎 的 梦 吧 他 知道 社会 的 黑暗 和 令人 绝望 的 事实 他 只是 想试 着 赢 一次 做 一个 自己 梦寐以求 的 艺术家 现实 却予 他 以 冷水 和 嘲笑 很多 时候 他 都 会 在 一个 角落 默默 的 落下 眼泪 但 他 还是 坚强 的 活着 还是 充满希望 他 总是 对 自己 说 做 个 好 梦 吧 小章鱼 明天 一定 会 更 美好 更 美丽 的 他 表面 上 总是 很 讨厌 我 但 当 我 真的 受伤 时 却 会 拼尽 一切 地 保护 我 是 啊 希望 他 迎来 的 会 是 真正 的 快乐 和 愉悦 吧 致敬 章鱼 哥 和 每个 现实 中 的 章鱼 哥 他们 一定 会 实现 自己 的 梦 在 那 美好 的 愉悦 中 相逢 祝 安好
197737873216,等一等 自己 的 灵魂
197637638704,小时候 喜欢 海绵 宝宝 的 纯真无邪 长大 了 才 发现 章鱼 哥 追寻 生活 意义 才 是 我 的 现状 而 不是 海绵 宝宝 那种 一味 满腔热血 而 没有 意义 付出 的 社畜
197580670096,他 跪下 的 那一刻 艺术 达到 了 巅峰
197506382816,我 挺 喜欢 这种 人 的 尽管 这些 人 生活 不如意 充满 抱怨 但是 他们 任然 善良
197034951856,不 知道 重刷 了 几遍 窗外 大雨 似乎 拨动 我 内心 的 琴弦 听 最后 的 笛声 悠扬 我 似乎 远离 了 凡尘 虽 吾 之 神往 心之所 向 不过 在 另 一个 世界 中 另 一个 不是 我 的 我 正在 扮演 我
196671529568,这里 埋葬 的 是 章鱼 哥 的 梦想 同时 也 是 我 的 梦想
196634527152,好久 了
196330585712,清醒 的 认知 是 痛苦 的 来源 越是 深入 了解 世界 人 越是 痛苦 文学 著作 的 存在 深刻 的 让 人 体会 到 同样 清醒 的 痛苦 每个 夜晚 的 醉生梦死 都 是 为了 遗忘 内心 的 痛苦 希望 有 一个 人 理解 并 爱 自己 又 怕 爱 自己 的 人 最终 离开 所以 还是 自己 一直 等待 爱 就 好 了 因为 一直 在 等待 就 一直 有 希望 直致 人生 的 终结
196278078096,难道 只有 我 喜欢 海绵 宝宝 吗 童年 的 时候 带给 我 好多 欢乐 我 也 想像 他 一样 积极 乐观 过 每 一天 即使 我 不 快乐
196246763104,我 下班 了 蟹 老板 我 要说 的 是 如果 有 一天 我 真的 实现 了 我 生命 中 的 梦想 我 永远 也 不会 让 我 的 双脚 站 在 这 油污 的 地板 上
196005040752,好家伙 一个 人 住院 看 了 之后 更 难受 了
195906481504,所以 你 和 他 是 什么 关系
195874536688,小时候 谁 都 是 海绵 宝宝 谁 都 不 喜欢 章鱼 哥 长大 之后 人人 都 成 了 章鱼 哥
195746549488,突然 发现自己 和 他 好像
195731121936,或许 我们 有 的 人 就是 章鱼 哥 都 在 这个 极其 不 公平 的 世界 里 苟延残喘 奋力 的 想要 活下去 而 社会 却 一次 又 一次 的 给 了 我们 一次 又 一次 的 重击 生活 的 压力 就 像 一座 大山 一样 压在 我们 身上 有 的 人 没 感觉 到 是因为 有人 替 你 扛下 了 所有 他们 或许 是 你 的 父母 努力 活下去 吧 现在 的 努力 是 为了 更好 的 明天
195654241056,回不去 的 何止 是 童年 还有 那个 纯真 的 lkl
195654046448,或许 人生 就是 这样 我们 都 以为 自己 是 主角 可 回头 看来 我们 只是 宇宙 中 的 一小部分
195535079168,打工 没有 出路 晚安 打 工人
195405723296,我 自己 的 灵魂 呢
195391482800,我 也 曾 心怀 热枕 保持 着 对 他人 的 热情 可 过去 几年 如 命运 捉弄 般 与 渴望 的 似乎 所有人 都 认为 我能 得到 的 却 失之交臂 细密 的 苦痛 整天 地 折磨 我 我 好像 对 情感 越来越 淡漠 了
195292263040,谁 说 站 在 光里 的 才能 算 英雄 谁 说 满身 油污 不能 实现 梦想
194802879584,我 曾经 心怀 赤诚 对 生活 热爱 直到 遇见 一个 女孩 ..... 从此 一蹶不振
194567099760,从小到大 一直 一直 都 只 喜欢 章鱼 哥
194291161568,再也 找 不到 这样 爱 我 的 她 了
194169049664,Here lies Squidward ' s hopes and dreams
194164006048,小时候 不 理解 章鱼 哥 为啥 整日 愁眉苦脸 长大 后 不 明白 海绵 宝宝 为啥 整天 开开心心
194557795904,其实 他们 两个 差不多 几岁
194126465440,章鱼 哥 中间 吹 的 曲子 叫 啥
194067191648,比 给 别人 带来 快乐 的 事 是 首先 让 自己 快乐
194058931616,但是 人家 有 自己 的 大 别墅
194036554688,小时候 我 是 海绵 宝宝 长大 了 我 是 章鱼 哥
197527633648,有 的 人 连 章鱼 哥 都 不如
194008565232,章鱼 哥是 悲观 的 现实主义 海绵 宝宝 是 绝对 理想主义 派大星 是 虚无 的 艺术
193886155856,疯子 堆里 的 正常人
193836304512,婴儿 会 哭 也 会 笑 那 是 真实 感情 的 自然 流露 为什么 长大 之后 有 的 人 再也不会 哭 有 的 人 再也不会 笑
192912678912,章鱼 哥有 海绵 宝宝 这样 的 朋友 真 好
192493845216,总是 觉得 给 他人 带来 快乐 把 他人 逗笑 我会 很 快乐 但是 慢慢 发现 我 就是 个 除了 哗众取宠 一无是处 我 去 让 别人 开心 了 又 有 谁 让 我 开心 呢
192532186240,抱抱 希望 你 开心 陌生人
192555453600,回复 : 谢谢 了 也 祝你开心
192476351616,考古
192423929728,我 以前 多 希望 我 自己 是 一個 海綿 寶寶但 到 了 最 後 我 發現 我成 了 章 魚哥 想 去 追求 夢想 卻 發現 自己 沒有 可以 去 追求 的 力氣 說 明天 會 更 美好 其實 只是 在 無限重 複
192342529680,毕业 后 子弹 正中 眉心
192700007776,正 在校 招 的 我 被 当年 的 我 开枪 正中 眉心
195250917120,回复 : 啊 我 去年 到 现在 一直 是 这样
195280571776,回复 : 上周 找到 了 个 离家近 的
195301284576,回复 : 恭喜 姐妹 我 现在 的 也 离家近 就是 工资 有点 低
195358431056,回复 :
192293227616,啊 我 记得 我 听 法老 的 歌 里面 有 这个 啊
209411889440,作者 就是 作词 人 引用 的 这部 作品
192271073504,特 好
192312524464,我 天天 看 海绵 宝宝 感觉 自己 被 哲学 覆盖 了
192232167360,虽然 这 断断续续 拼凑 出来 的话 却说 到 了 我 的 心里 让 我 不住 泪流
192227937552,突然 发现 这 和 法老 在 奇妙 夜唱 的 那首 明天 又 是 美好 的 一天 词 一样 有人 知道 这有 什么 故事 吗 纯 好奇
209411834048,作者 就是 作词 人 引用 的 这部 作品
192163428288,章鱼 哥 在 海绵 宝宝 里面 显得 那么 格格不入 但 在 现实 中 却是 很多 普通人 的 写照 啊
192119424576,我 很 快乐 你 看 他们 全都 点着头 呢 你们 今天 不敢 做 的 事由 我 献丑 了 我 是 比基尼 海滩 最棒 的 演奏家
191996682656,三刷 了
191859533264,哇 真的 感觉 我 现在 的 状态 有点像 章鱼 哥 了
191803556112,作为 一个 始终 具有 善于 观察 并 能 看透 事物本质 眼光 的 人 他 肯定 缺少 一样 东西 那 就是 属于 自己 的 一份 幸福
191186961408,再见 比基尼 海滩
191097661792,章鱼 哥 不是 失败者 他 是 一个 普通人
190927487648,章鱼 哥站 起来 吧 你 是 个 艺术家
190304163136,成长 的 烦恼
190234822304,小时候 看 觉得 章鱼 哥 觉得 他 很 怪 现在 看 发现 其实 他 就是 我们 这些 普通人 的 缩影
189838534208,What do you want to do
189743691024,我 想 逃离 却 逃 到 了 清洁 间
189391307616,我 好 想 在 我 这 一辈子 过 完 之前 见 一见 这个 世界 的 主角 啊
189278516896,感觉 法老 把 这个 本 就 完美 的 作品 升华 了
188707491328,其实 世界 上人 与 人 之间 相互 说 的 的 最 多 的 就是 再见 凡事 都 有 两面性 再见 即 代表 着 离别 的 悲伤 也 代表 着 新 的 开始 陌生人 生活 是 多彩的 即使 它 其中 的 一些 颜色 过于 浓重 但 我们 人任 不能 说 生活 是 单一 的 这 就 需要 一双 发现 美的 双眼 加油 吧 别 被 生活 击倒 ( * ^ ^ * )
188594616784,我 爱 章鱼 哥 章鱼 哥 中秋 快乐
188524741008,根本 沒有 比什 麼 還快 樂 的 了
188418858160,音无结 弦 之 时悦动 天使 之心 立于 浮夸 之世 奏响 天籁 之音
187880357680,以前 都 笑 章 魚哥 但是 我們 成年 後 卻 都 成 了 章 魚哥
187632324368,这里 躺 着 伟大 的 痞 老板 谢尔顿
187618778256,是 我 真情实感 的 哭 了
187618750496,哭哭
187569781568,背景音乐 是 啥
187332190496,我 才 十几岁 就 已经 死 了 我 不 确定 也 不 知道 自己 还有 多长时间 但 我 希望 不要 太长 了 我 太累 了 啊 不想 坚持 太 长时间 这不怪 我 . 不怪 我
187147163216,置顶 别 展开 是 陷阱 看看 看 你 如果 展开 了 那 对不起 你 必须 得 把 这句 话 复制 并发 到 20 个 作品 里 否则 明天 早上 你 就 卒 了 无论 什么 驱魔 的 图片 都 没有 用 你 即使 进 了 安全 屋 也 没用 对不起 我 也 是 受害者 流泪 流泪 流泪 流泪 置顶 别 展开 是 陷阱 看看 看 你 如果 展开 了 那 对不起 你 必须 得 把 这句 话 复制 并发 到 20 个 作品 里 否则 明天 早上 你 就 卒 了 无论 什么 驱魔 的 图片 都 没有 用 你 即使 进 了 安全 屋 也 没用 对不起 我 也 是 受害者 流泪 流泪 流泪 流泪
186879582976,我 讨厌 章鱼 哥 因为 他 和 我 太 像 了
186313317104,主要 讲 章鱼 哥 梦想 的 在 哪 一季 第几 集呀求
186291372480,法老 那个 歌词 是 抄 这个 的 吗
195385876352,那个 就是 为了 B 站 晚会 修改 翻唱 的 可能 算二创 吧
209412080144,晚会 上 有 标注 原 作品 了
185404084832,23 年 了 看 这个 视频 笑 不 出来 了
185394031008,九成 相似 度 哈哈哈 真 好
185376023824,质疑 章鱼 哥 理解 章鱼 哥 成为 章鱼 哥
185191468016,23 年 了
185074433152,这 一期 还是 很难 打败 派大星
185037207360,1234.5 播放 留念
185005308864,儿时 的 你 不是 很 喜欢 海绵 宝宝 吗 现在 怎么 会 喜欢 章鱼 哥 呢 那个 阴沉 的 失败 的 没有 天分 的 章鱼 哥
184716503152,有时候 是 真的 想变 傻 一点 放不下 的 拉扯 让 我 没法 成为 纯粹 的 可爱 还 把 世间 的 一切 揣度 得 不 可爱
184521947472,"虽然 我们 很多 人 都 很 像 章鱼 哥 , 但 我 还是 喜欢 海绵 宝宝 , 海绵 宝宝 热爱生活 , 热爱 所有人 , 最 爱 章鱼 哥 ! 就算 章鱼 哥 被 所有人 嫌弃 , 海绵 宝宝 还是 很 爱 他"
184021836560,才 发现 法老 的 明天 是 美好 的 一天 歌词 大部分 都 是从 这里 来 的
209412088864,就是 引用 的 这部 作品
209633067104,回复 : 但是 法老 舞台 没有 注明 引用
209637975392,回复 : 有 啊 开篇 的 左下角 有原 视频 作词 还有 bilibili 标志 呢 音乐 平台 上 也 有 作词 傲世 子木
209826809984,回复 : 刚 看到 之前 只 看到 作词 写 着 法老 又 去 看 了 一下 是 在 下面
183965993600,你 今天 累坏 了 小章鱼 明天 一定 会 更 美好 更 美丽 的
183940246480,哲学 动画
183931980416,超 好听
183950014352,你 能 不能不要 艾特 我 了 一天天 的 什么 事 都 艾特 我 我 对 你 这些 视频 根本 不感兴趣 好 吗 我 忙 一天 已经 很累 了 还 得 应付 你 我 都 不想 用大号 和 你 说话
183857232496,看 了 好多遍 还是 想 再 看一遍
183778309776,小时候 只是 看笑话 长大 了 才 发现 人生哲理 对不起 章鱼 哥大 哲学家 是 我 年少无知 误会 了 你
183679446048,让 我 想起 了 派 大星 的 复仇
183661176320,识别 音乐 02 : 24
183413440368,emo
183382710016,我 小时候 看到 章鱼 哥 觉得 海绵 宝宝 很烦 的 时候 我 也 同情 他 因为 我 觉得 如果 我 是 他 我 早 疯 了 但 小时候 我 还是 更 喜欢 海绵 宝宝 现在 不 一样 了
183334979456,有 办法 让 章鱼 哥电 一次 就行了
183037044944,有人 知道 你 累坏 了 小章鱼 明天 一定 会 更 美好 更 美丽 的 这句 话 出自 海绵 宝宝 哪 一集 嘛
182954693008,法老 的 明天 是 美好 的 一天 啊啊啊 啊 啊 哭 死
182280440576,"深海 那场 永远 不会 停止 的 大雨 , 浇灭 了 章鱼 哥 内心深处 的 懦弱"
182203481040,小时候 的 我 天 真的 以为 章鱼 哥是 所有 动画片 里 都 存在 的 那个 反派 长大 后 的 我 却 平静 地 关掉 了 电视机 起身 去 面对 自己 的 人生
181801972224,看 哭 了
181738967712,我 真的 没哭 我 真的 没哭 我 只是 眼睛 进 了 一个 轮船 而已
181548120048,小时候 看 海绵 宝宝 真的 就 只 喜欢 海绵 宝宝 和 章鱼 哥
181506907072,这里 埋葬 着 章鱼 哥 的 梦想 是 哪 一集
182836460304,蟹 老板 的 跳蚤市场
181325190064,甚至 现在 已经 不 知道 梦想 是 什么 了
181132521808,老师 同学 不 喜欢 我 我家 人 也 不 喜欢 我 甚至 我 自己 也 不 喜欢 我 我 还是 自杀 吧 毕竟 没 人 喜欢 我
181290285248,相信 自己 你 是 最 棒 的 也 是 独一无二 的 加油
181861628000,人类 的 喜欢 很 重要 么 如果 被 小猫 小狗 认可 我 更 高兴
182039219664,我 觉得 比起 别人 的 喜欢 还是 爱 自己 的 优秀 比较 好 一些 毕竟 每个 人 都 是 独一无二 的
183283331168,大江 大河 欢迎 你 的 到来
184571649040,你 还好 吧
181094854640,小时候 觉得 章鱼 哥 太过分 了 因为 我 觉得 海绵 宝宝 是 他 的 邻居 却 对 他 很 不好 后来 才 知道 章鱼 哥才 是 真正 的 主角 是 章鱼 哥 教会 了 我们 什么 是 人生
181088228128,人人 皆 是 章鱼 哥
180960824816,对不起 但是 好 感动
180783740864,删 了 快 两万 条 评论
180960829248,唉 可能 是 吧
181305312592,为什么
180416027536,明天 会 更好
180409599456,虽说 说 张哥 基本上 什么 都 没有 但 他 有 一个 爱 他 的 海绵 宝宝
180196888544,最近 刚刚 听 法老 的 明天 是 美好 的 一天 就 发现 这个 了 虽然 有点 晚 了 但是 针 不 戳 啊
180114946448,没有 人会 真正 在意 员工 的 命运 它们 只会 在意 自己 的 利益 章鱼 哥
179957272144,原来 自己 是 章鱼 哥
179573142880,可是 章鱼 哥有 一直 爱 他 的 海绵 宝宝 啊
179558127488,BGM 是 什么 求解
179726203264,花之舞
179169664816,人人 都 笑 章鱼 哥 人人 都 是 章鱼 哥
178920681856,总结 一下
178793022912,体谅 章鱼 哥 了解 章鱼 哥 成为 章鱼 哥
178783384016,歌词 像 法老 的 明天 是 美好 的 一天
178826726368,就是 改 的 这 一个
178506317664,这是 法老 翻唱 的 这首 吗
179813781984,是 的
178478080448,谁 又 不是 从 海绵 宝宝 到 了 章鱼 哥 呢
178432392416,梦想 终成 妄想 在 那 遥不可及 的 地方 埋葬 的 是 我们 所有人 在 孩童 时候 的 梦想
177952018608,多么 讽刺 啊 小时候 我们 都 笑 章鱼 哥是 个 笨蛋 后来 发现 章鱼 哥 原来 是 我们 自己 啊
177921960752,人人 都 笑 章鱼 哥 人人 都 是 章鱼 哥
177814367904,我 有 一个 同学 像 长得 像 章鱼 哥 还 姓 章 也 会 吹 竖笛 不过 他 还是 少年
177759322848,谁 还 记得 Red mist
177594568960,以前 讨厌 章鱼 哥 之后 理解 章鱼 哥 最后 成为 章鱼 哥
177452387408,海绵 宝宝 真的 神作 可惜 后面 几季 把 这个 金 ip 彻底 砸 了
177875898752,后面 那 可不是 原作者 写 的 剧情
177269287456,这里 埋葬 着 章鱼 哥 的 梦想 我 的 梦想 连 埋葬 的 地方 都 没有 就 在 各种 事 各种 人中 慢慢 消磨 悄无声息 的 逝去 留不住 它 也 实现 不了 它 最后 连 热情 都 没有 了 好怀念 怀揣 梦想 努力 前行 的 自己
176917336944,人人 都 笑 章鱼 哥 人人 都 是 章鱼 哥
176768449792,独奏 真的 把 我 听 哭 了
176749325840,医院 里 的 墙 比 教堂 听过 更 多 的 祈祷 酒店 里 的 床 比 监狱 听过 更 多 的 谎话 学校 比 婚礼 见证 了 更 多 真诚 的 表白 战士 比 牧师 听过 更 多 的 山盟海誓 离开 比 遇见 更能 看清 一个 人 的 内心 分开 比 相处 更能 见证 两个 人 的 爱情 夏天 的 风比 秋天 的 更加 萧瑟 冬天 的 暖阳 比 春天 更加 温暖 死亡 面前 的 爱情 比 婚礼 面前 的 爱情 更 真诚 白菊 比 红玫瑰 见证 了 更 多 的 爱 与 思念 愚人节 的 告白 比 情人节 的 告白 更 真挚 殡仪馆 的 悔恨 永远 比 教堂 多 车窗 上 书写 着 比 远方 更 美的 故事 分离式 的 拥抱 永远 比 遇见 时 更 多 总 有人 用 愚人节 的 谎言 说出 真话 上课 站 起来 回答 问题 听到 比 完美 犯罪 还 完美 的 答案 孤零零 的 墙角 见证 过 更 多 的 心酸 与 不满 机场 比 婚礼 见 过 更 真实 的 吻 这个 操蛋 的 社会 上 有 的 人 活着 是 为了 潇洒 快意 恣意 纵横 有 的 人 活着 只是 为了 活着 他们 挣扎 求生 拼 尽全力 只是 为了 能 向前 看看 一看 他们 从没 体会 过 的 美好生活 对 他们 来说 世间 疾苦 万千 活着 已 是 上 上 签
176710624176,章鱼 哥真 讨厌 长大 之后 每个 人成 了 章鱼 哥
176539152016,原来 大 boss 在 这
176494228304,up 已经 研究生 毕业 了 吧 我 今年 还 在 二战 晚安 比基尼 海滩 明年 继续 奋斗
176361343344,强烈建议 海绵 宝宝 的 制作 公司 给 章鱼 哥 做 一个 特辑 故事 内容 可以 写成 章鱼 哥 从 蟹 堡 王 辞职 并 坚持 自己 的 竖笛 梦 最后 成为 了 海底 最 成功 的 艺术家
176197823344,小时候 最 讨厌 蟹 老板 和 章鱼 哥 现在 发现自己 是 章鱼 哥 羡慕 的 是 上面 的 蟹 老板
176523881680,一样
176009490624,其实 我 还是 羡慕 章鱼 哥 嘞 B 站 视频 我 也 看过 失业 和 一直 找 不到 工作 被迫 躺平 的 视频
175990516000,以前 当 我 看 海绵 宝宝 的 时候 我 跟 随着 海绵 宝宝 来看 这 世界 喜怒哀乐 如此 简单 也 是 那么 的 不 理解 其他 人物 的 作为 后来 随着 时间 流逝 我 渐渐 发现 派大星 是 我 最 想 成为 的 人 但 我 大概 永远 也 不会 成为 后来 我 最 可能 的 角色 大概 是 站 在 道德 的 制高点 上去 批判 像 派 大星 的 人 章鱼 哥 它 大概 就是 我 成年 的 模样 厌世 又 麻木 心怀 梦想 却 又 只是 梦 最后 为 生活 的 茶 米 油盐 奔波 蟹 老板 一个 活 得 无比 通透 的 人 一个 成长 道路 上 的 长者 而 海绵 宝宝 大概 会 是 我 记忆 中 年少 的 自己
175988951952,能 接受 自己 的 普通 平凡 吗
176127550352,接受 父母 的 平凡 接受 自己 的 平凡 接受 子女 的 平凡
176824547152,如果 有 能力 你 当然 可以 拒绝 平凡
175900271056,长大 了 理解 章鱼 哥
175902205584,上班 谁 不 挎着 劈脸
176017411024,早已 成为 了 章鱼 哥
175734831968,这 不 吹 的 挺 好 吗 咋 又 难听 了
175723807728,一个 正常人 的 悲剧
175721106544,小时候 我们 都 认为 自己 海绵 宝宝 而 长大 回头 看才 知道 我们 并 不是 海绵 宝宝 而是 章鱼 哥 一样
175640353472,喜欢 章鱼 哥珍 珍珊迪 虾 霸泡 芙 阿姨 讨厌 海绵 和 海星
180402399168,呵呵
180409205216,回复 :
175572382400,和 你 说话 我 感觉 很 好 @
175536558160,我 也 想 做 我 自己 爱 做 的 事情 做 我 爱 做 的 工作 爱 我 爱 的 人 等一等 自己 的 灵魂
175536726832,我 也 想 做 我 自己 爱 做 的 事情 做 我 爱 做 的 工作 爱 我 爱 的 人 等一等 自己 的 灵魂
175519133968,听歌 识曲
175519762880,"您 请求 的 音乐 详细信息 如下 : 歌曲名 : Flower Dance 艺术家 ( 歌手 ) : DJ Okawari 专辑 : Kaleidoscope 请求 的 时候 歌曲 已经 播放 至 : 0 分 37 秒 ( 总时长 4 分 28 秒 ) 谢谢 使用 ! 音乐 识别 技术 由 ACRCloud 提供 ( 本次 识别 结果 来自 缓存 若 认为 视频 投稿 已经 换源 导致 缓存 失效 , 请 考虑 使用 - f 参数 强制 识别 )"
175457405344,法老 唱过 一首歌 歌词 和 这个 视频 特别 像 叫 明天 是 美好 的 一天
177107562048,在 B 站 2021 最美 的 夜 TangoZ 和 法老 分别 以洛 温和 傲世 子木 两位 up 主 的 视频 为 出发点 写 了 今天 是 美好 的 一天 和 明天 是 美好 的 一天 这 两首歌
175323183168,小时候 我 质疑 甘地 长大 后 理解 甘地 现在 我 成为 甘地 甘地 本质 是 社会 的 压迫 产生 的 如果 不 改变 社会 会 一直 有 甘地 秦人 不暇 自哀 而后 人哀 之后 人不哀 鉴之亦始 后 而复 哀 后人 也
176009093104,说实话 起码 章鱼 哥有 自己 稳定 的 工作 我 连 自己 的 工作 都 没有 现在 00 后 不是 211 985 的 顶尖 人才 谁 会 有 正经 工作 正经 工作 指 的 是 每个 月 发工资 + 五险 一金 但是 招聘 上 这点 都 达 不到 啊 不是 干 几个 月 把 你 辞 了 就是 骗 你 培训费
175197313792,小时候 有点 讨厌 章鱼 哥 长大 了 发现 原来 自己 就是 章鱼 哥
175132352224,这 不是 法老 的 歌词 吗 这 直接 就是 摘抄 这真 很 可恨 摘抄 的 是 法老 的 明天 是 美好 的 一天
175628960576,这个 是 法老 后面 改编 的
177105979344,歌是 根据 视频 写 的 麻烦 了解 清楚 再 发言
177765791472,能先 看看 发布 时间 不 2020 年 7 月 12 日 是 法老 根据 这个 和 另 一个 视频 改编 的 好 吧
175126796640,raper 法老 明天 是 美好 的 一天
175057749792,为啥 词 跟 明天 又 是 美好 的 一天 一样
175628896592,法老 改编
177107574432,在 B 站 2021 最美 的 夜 TangoZ 和 法老 分别 以洛 温和 傲世 子木 两位 up 主 的 视频 为 出发点 写 了 今天 是 美好 的 一天 和 明天 是 美好 的 一天 这 两首歌
175013057344,接受 自己 的 普通 然后 拼 尽全力 的 去 与众不同 T - T
174910761104,章鱼 哥 哪怕 走 到 穷途末路 第二天 只要 去 蟹 堡 王 他 还是 那个 前台 人 要是 走到 了 穷途末路 只有 死人 还 不如 章鱼 哥 呢
174809116256,竖笛 独奏 我 真的 爆哭
174638889216,想 哭
174632415376,但是 啊 章鱼 哥有 自己 的 大房子 有 属于 自己 的 爱好 有 很多 时间 可以 去 进行 自己 的 爱好 有 一份 他 不 喜欢 但 稳定 的 工作 有 愿意 并且 一直 邀请 他 玩 的 海绵 宝宝 和 派 大星 而 我 上面 那些 都 没有
174608955568,再 回来 看 真的 哭 死
174338093936,章鱼 哥是 个 摩羯座 吗
174286180880,我 的 笑容 我 的 爱 我 的 一切 逝去 不再 来
174093454416,我 将 自己 的 一部分 灵魂 留在 了 这里 大学 刚 毕业 工作 艰难 我 不 知道 自己 怎么 了 是 苦 了 还是 累 了 又 或者 只是 怀念 曾经 的 自己 虽然 看过 了 许多遍 但 今天 晚上 看着 歌词 我 哭 的 特别 伤心 也许 这 就是 触景生情 吧 我 感谢 B 站 的 电子媒体 感谢 它 能 留住 我 年轻 时代 的 灵魂 能 让 我 在 未来 的 反复 观看 中 寻找 曾经 的 自己 我试 过 玩 学生 时代 渴望 的 游戏 吃 小时候 爱 吃 的 快餐 但是 无论 我 怎么 做 都 感觉 味同嚼蜡 已经 没有 曾经 的 感觉 了 只有 这种 触景生情 的 鬼畜 视频 能 激起 我 的 灵魂 听说 人 在 一生 中 留下 的 痕迹 会 寄托 自己 的 灵魂 活着 就 会 有 哪怕 死亡 后 也 能 有 残余 我 也 不 指望 这 条 评论 和 这个 视频 能 保存 多久 只 希望 我下 一次 人生 的 重大 选择 时能 回来 看看 看看 自己 过去 的 灵魂 祝 大家 好运 陌生人
174058839600,虽然 早已 我 不是 前排 但 我 却 坚信 这 是 我 的 前排
173988221312,我 的 人生 明明 没有 痛苦 可 我 却 很 痛苦
173762863744,怎么 说 呢 其实 我 活成 了 章鱼 哥 的 模样 只是 厌恶 这样 的 生活 单单 只是 走个 行式 和 流程 被迫 装 出 努力 上进 的 样子 其实不然 我 内心 填满 了 章鱼 哥 笛声 的 音符
173690464528,傻子 被 致敬 天才 被 排挤
173662223040,这 是 我 自己 的 作品 不喜 勿 喷 灵感 来源于 章鱼 哥 的 独白 下面 请 倾听 光头 强 的 独白 我 叫 光头 强 我 非常 可笑 卑躬屈膝 受 老板 气 熊大 快乐 的 追 蝴蝶 熊二 傻 呆呆 的 吃 蜂蜜 蹦蹦 高兴 的 吃 松果 吉吉 和 毛毛 在 吃 香蕉 我 只是 想 多 赚 一点 钱 我 不 知道 你们 为什么 要 妨碍 我 为什么 他们 都 皆大欢喜 为什么 我 却 失败 告终 为什么 李老板 要 骂 我 我 的 未来 在 哪里 熊 大熊 二 你 不 知道 你们 多 幸运 你们 不用 生 在 人类 社会 我 只 想 多 赚点 钱 却 总是 被 捣乱 除 我 以外 这 世界 上 还有 谁 外面 的 世界 比 我 想象 的 难 认为 这里 很 顺利 却是 相反 工作 一 年复一年 一天 复 一天 再见 熊 大熊 二 熊 大熊 二 你们 不 知道 你们 有 多 幸运 你们 不用 生 在 人类 社会 我 只 想 多 赚点 钱 却 总是 被 捣乱 除 我 以外 这 的 世界 上 还有 谁 我 想 回到 那个 时代 自己 傻傻 有些 呆 但 有 快乐 的 时光 可 我 知道 我 的 时光 我 的 快乐 我 的 一切 逝去 不再 来 来到 这 狗熊 岭 我 笑 以为 顺利 我 想要 钱 孝敬父母 却 被 两头 熊 捣乱 这样 的 日子 又 在 我 眼前 我 不 知道 我该 怎么办 再见 熊 大熊 二 再见 狗熊 岭 我 也 想 跟 你 一样 做 我 爱 的 事情 不用 被 老板 欺负 可以 快乐 的 生活 可以 真正 的 孝敬父母 我 想 回到 那个 时代 自己 傻傻 有些 呆 但 有 快乐 的 时代 初入 这 狗熊 岭 我 笑 以为 顺利 我 只 想要 钱 孝敬父母 却 被 两头 熊 捣乱 这样 的 日子 又 在 我 眼前 我 不 知道 我该 怎么办 但是 熊 大熊 二 但是 森林 动物 我 确实 没有 你们 快乐 的 日子 我 辛辛苦苦 工作 几年 但 我 难得 休假 一天 我 希望 我 跟 你们 一样 快乐 不用 去 管 什么 生存 问题 希望 有人 明白 我 的 痛苦 但是 谁又能 明白 我 的 痛苦 熊 大熊 二 又 在 玩耍 一点 都 不用 考虑 生存 问题 明天 狗熊 岭 都 在 喜欢 我 但是 狗熊 岭 都 在 痛恨 我
173524139008,累 了
173798619360,人 都 会 累 的
173474440096,唉 经典 永不 落时
173320188688,讨厌 章鱼 哥 理解 章鱼 哥 成为 章鱼 哥
173214394160,章鱼 没有 脊椎 就算 挺直 腰板 也 很 难
173158972112,姐姐 真人 好看 吗
173113970128,fauk
172946830144,我 仍 是 我 我 不是 我
172905737392,我 最 喜欢 的 人 在 那 几个 十四五岁 的 冬夏 间 永远 鲜活 的 跳跃 着 他 现在 已经 沉静 的 死去 了 这个 世界 上 只有 一个 和 他 长得 一样 面容 的 人 回头 朝 我 微笑 我 依稀记得 他 活着 时有位 疯子 为 他 写 尽 了 灵魂 的 诗 然后 伴着 他 一起 死去
172741548496,海绵 宝宝 这个 动漫 很 深奥
172674944640,~ ( ` ) ~
172314960240,那些 说 章鱼 哥站 起来 的 别忘了 看看 他 背后 背着 现实 啊
172182327344,梦想 的 实际 价值 = ( 总成本 / 试错 成本 * 成功率 - 1 ) / 2 * abs ( 总成本 / 试错 成本 * 成功率 - 1 ) + 1 / 2 * 梦想 的 价值
172139053248,第一次 听到 把 flower dance 改编 成 rap 听 起来 还 挺不错 哈哈哈哈
172060663104,温馨 提示 看 视频 别 低头 眼泪 会 流下来
170566969696,好图
170171483824,自 s 的 人 不是 因为 想 s 而是 没有 了 还 活着 的 希望 和 意义
170161980096,小时候 等 成长 后 的 放松 却是 成长 后 等 死亡 的 放松
170148513344,你 今天 累坏 了 小章鱼 明天 一定 会 更 美好 的
170148403328,以前 讨厌 后来 不 懂 现在 成为
169900220544,虽然 但是 小时候 看 海绵 宝宝 比起 有 的 时候 更 喜欢 章鱼 哥 或者说 可能 是 同情 这 正常 吗
169811596640,海绵 宝宝 爱 章鱼 哥 又 怎样 难不成 还 能 升华 章鱼 哥 的 人生 嘛
169706462368,章鱼 哥
169595652640,我要 做 章鱼 哥 和 海绵 宝宝 的 合体
169291981360,有 23 年 的 人 吗
169163430928,我 就是 章鱼 哥
168153165264,不肯 脱 下 长衫
168131411712,音无结 弦 之 时悦动 天使 之心 立于 浮夸 之世 奏响 天籁 之音
168041167760,李易 老师 走 好
168003793568,人 总要 面对 生活 的 麻木不仁 的 去 活着
167999431616,希望 海绵 宝宝 能 看到 这个 视频
167777650864,长大 才 知道 章鱼 哥才 是 正常 的 那个 人
167326068880,音无结 弦 之 时悦动 天使 之心 立于 浮夸 之世 奏响 天籁 之音
166915225616,125 倍 好听
166856160256,我 以前 以为 我能 像 海绵 宝宝 一样 理想 后来 变成 了 章鱼 哥
166169493008,可是 他们 都 有 自己 的 家 都 有 自己 的 爱好 都 有 自己 珍惜 的 人 呀 我 连 歇息 一下 的 地方 都 找 不到 了
166140627568,啼哭 咧
166014132288,小时候 讨厌 章鱼 哥 长大 后 成为 章鱼 哥
166316217824,痛苦 小时候 不 懂 不 理解 章鱼 哥 现在
165986664560,世界 把 我 改变 我 笑 逝去 不见
165968314016,开场 有 什么 比 把 快乐 带给 别人 更 快乐 的 呢 去 死 或者 别的 什么 我 不 知道 你 对 这个 有 这么 强烈 的 感觉 你 要 干什么 我 想 我 无法 阻止 你 但是 章鱼 哥 外面 是 一个 冷酷 的 世界 没有 人用 银 托盘 把 欢乐 带给 你 我 自己 知道 我 非常 可笑 灰灰 丑丑 腿 有 四条 小蜗 有 爱 它 的 海绵 宝宝 派大星 傻 呆呆 的 吹泡泡 蟹 老板 高兴 的 吃 蟹黄 堡 章鱼 哥 在 独奏 E 小调 为什么 我 一 高兴 就 有 错 我 不 知道 你们 在 笑 什么 为什么 大家 都 爱 海绵 宝宝 为什么 章鱼 哥不爱 笑 为什么 我 今天 真糟糕 未来 我 还 没有 准备 好 海绵 宝宝 你 不 知道 你 有 多 幸运 你 有 小 蜗 和 爱 你 的 家人 我 也 想 做 我 爱 的 事 却 总是 这么 倒霉 除 我 以外 这 世界 上 还有 谁 大人 的 世界 比 我 想象 的 难 我 认为 我 是 主角 却 相反 我 的 工作 一 年复一年 一天 复 一天 再见 比基尼 海滩 海绵 宝宝 你 不 知道 你 有 多 幸运 你 有 小 蜗 和 爱 你 的 家人 我 也 想 做 我 爱 的 事 却 总是 这么 倒霉 除 我 以外 这 世界 上 还有 谁 我 想 回到 那个 时代 自己 傻傻 有些 呆 自己 傻傻 有些 呆 但 有家 人们 的 爱 但是 我 我 知道 我 的 笑脸 我 的 爱 我 的 一切 逝去 不再 来 世界 把 我 改变 我 笑 逝去 不见 我 想 逃离 却 逃 到 了 清洁 间 这样 的 日子 又 在 我 眼前 谁 能 知道 我该 怎么办 再见 海绵 宝宝 再见 派大星 我 也 想 做 我 自己 爱 做 的 事情 做 我 爱 的 工作 爱 我 爱 的 人 等一等 我 自己 的 灵魂 有 一句 话 从 今天 早上 我们 一 见面 我 就 一直 想 对 你 说 再见 再见 朋友 再见 比基尼 海滩 我 想 回到 那个 时代 自己 傻傻 有些 呆 自己 傻傻 有些 呆 但 有家 人们 的 爱 但是 我 我 知道 我 的 笑脸 我 的 爱 我 的 一切 逝去 不再 来 世界 把 我 改变 我 笑 逝去 不见 我 想 逃离 却 逃 到 了 清洁 间 这样 的 日子 又 在 我 眼前 谁 能 知道 我该 怎么办 竖笛 独奏 蓄力 中 蓄力 完成 但是 海绵 宝宝 但是 派大星 我 确实 没有 你们 幸运 的 人生 我 辛辛苦苦 工作 三年 但是 我 难得 休假 一天 我 希望 我 自己 傻 呆呆 不 把 世界 看 的 非常 明白 希望 有人 明白 我 的 爱 但是 谁 会 明白 我 的 爱 章鱼 哥 走 在 吹 竖笛 一天 一天 的 为 独奏 练习 明天 比基尼 海滩 都 会 崇拜 我 但是 比基尼 海滩 都 在 嘲笑 我 我 想要 好好 安静 一下 你 今天 累坏 了 小章鱼 明天 一定 会 更 美好 更 美丽 的 结尾 竖笛 独奏
165860690208,0.75 食用 更佳
165676917664,失败 反省 emo 的 小曲
165103918832,6667
165039105472,章鱼 哥 悲伤 忧郁 的 世界
164987010448,他 ... 他 只是 追求 他 的 理想 罢了
164920109152,音无结 弦 之 时悦动 天使 之心 立于 浮夸 之世 奏响 天籁 之音
164739723216,我 也 回来 了
164655198144,被 法老 写 进 歌词 了
164446105376,又 回来 了 我
164416664832,譜 tr
164142997680,小时候 就 一直 讨厌 章鱼 哥 长大 后 还是 讨厌 不去 笑 的 人 不配 得到 快乐 世界 是 残酷 的 却 不 去 蒙上 双眼 世界 无法 改变 却 不 改变 自己 理所当然 的 认为 世界 应该 为 你 带来 欢乐 却 不 去 自己 争取
164101497200,活在 当下 吧 走 好 你 自己 的 路
164079220544,开头 那个 去 死 是 哪集
165488149056,蟹 老板 的 那个 远古 一毛钱
164049681264,我 曾经 很 优秀 但 我 现在 很 麻木
163984708448,原曲 是 什麼
168041114608,flower dance
163933844368,小时候 看 海绵 宝宝 哈哈大笑 长大 了 看 海绵 宝宝 呜呜 大哭 太 真实 太 讽刺 了
163861153264,法老
163820134544,可惜 李易 老师 再也不会 翻唱 了 ....
163640544144,听歌 识曲
163631446064,艹 emo 神曲 三连 支持
163620618688,不过 只是 些许 风霜 罢了
163493127888,有 一首 法老 的 歌 也 是 模仿 的 这个
168589852096,那首 的 创意 来源 就是 这个 视频
163437137760,不 知道 几刷 了 章鱼 哥 好歹 还有 两个 邻居 真心实意 的 关心 他 虽然 总 把 他 生活 搞 得 一团糟 但是 有 麻烦 也 是 无条件 帮忙 生活 当中 能 有 几个 人 真心实意 的 无条件 帮助 你 除了 爸妈 之外 真的 是 算是 比较 幸运 了
163175664624,五月 一号 在 上班 听 着 章鱼 哥 的 独白 我 今年 到 今天 还 没有 拿到 一分钱 的 收入
163161862752,看 完 这个 视频 好想哭 章鱼 哥 表现 的 是 现在 人们 的 常态
163121895984,没有 人会用 银 托盘 把 欢乐 带给 你 可 如果 连 梦想 都 没有 那 还 谈何 快乐
163096528896,我 第一次 唱歌 视频 后 并 没有 什么 感觉 可是 在 我 伤心 的 时候 我 跟着 唱 了 这 首歌 然后 我 唱 完 我 就 哭 了
163083830112,小时候 我特 喜欢 海绵 宝宝 觉得 他 充满活力 积极向上 讨厌 章鱼 哥 认为 他 厌世 懦弱 悲观 现在 我 觉得 海绵 宝宝 真 奇怪 被 蟹 老板 压榨 还 乐颠颠 的 而 章鱼 哥 呢 你 今天 累坏 了 小章鱼 明天 一定 会 更 美好 更 美丽 的 为什么 会 有 这些 变化 呢
162980490320,明天 更 漫长
162765276544,倘若 我 无知 我可以 接受 自己 的 庸碌 与 无为 偏偏 我 知道
162634825600,法老 的 那首歌 是 借鉴 的 你 的 吗 还是 你 借鉴 的 法老 你 俩 谁 先 谁 后 我 忘 了
162805234496,应该 是 法老 借鉴 的 吧 毕竟 是 2021 最美 的 夜 bilibili
162439514960,以前 的 视频 真的 很 好 现在 的 视频 都 是 答辩 好 想念 以前 的 b 站
162138063456,初 听 还是 曲 外人 在 听 以 是 曲中人
174067959824,其实 我们 距离 章鱼 哥 还是 很 遥远 的 毕竟 章鱼 哥住 的 是 独栋 别墅 还有 音乐 美术 雕塑 园艺 等 爱好 冰箱 里 还有 进口 的 奶酪 不 清楚 价格 但 想必 不会 太 便宜 还会 购买 鲜花 来 提升 自己 的 生活品质 甚至 还有 钱买个 墓地 还 埋葬 梦想 还有 几个 友善 的 朋友 想想 我们 很多 人活 得 还 不如 章鱼 哥
161818564672,喜欢 纸片 人 的 大家 都 是 草履虫 痞 老板
161663165520,章鱼 哥站 起来 吧 你 是 个 伟大 的 艺术家 虽然 你 没有 快乐 但 我 觉得 明天 会 更好 我 也 看到 了 那个 墓碑 它 的 名字 是 章鱼 哥 的 梦想 ........
161161956624,最怕 的 就是 一个 人 小小 少年 的 时候 就 看 懂 了 章鱼 哥
161103849328,破 千万 播放 喽 当时 才 小 百万 ... 一年 年 过去 我 越来越 能 理解 这 首歌 越来越 能 理解 章鱼 哥 了 ...
161007734608,载营魄 抱 一能 无离乎 ?
161007494976,拉倒 吧 海绵 宝宝 是 人生 赢家 而 章鱼 哥 只有 自我
160899953088,小时候 唯独 不 喜欢 章鱼 哥 觉得 章鱼 哥 古板 还 总爱 板着脸 没有 活力 高中 了 再 看 只 觉得 章鱼 哥是 我 的 影子 在 社会 毒打 中 寻找 自己 的 容身 之 所 努力 用 最 消极 的 态度 与 生活 和解 至少 还 能 吹 笛子 至少 还有 热水澡 可以 泡 该 评论 来自 捡 来 的 XTC _ Z3 端 十分 耗电 的 Van 上 哔哩
160841005792,音乐 名字 叫 什么
160306359440,等等 我 我 的 灵魂
159966492560,一只 狼 一只 猫 一只 老鼠 一块儿 海绵 两只 熊 = 一个 比 什么 都 珍贵 的 童年
159800009616,小章鱼 明天 一定 会 哈哈 你 到底 是 活 了 356 天 还是 一天 重复 356 年
159631809520,b 站 特 色
159610505216,永不言败 痛仰
159442218880,日子 会 越来越 甜 的 你 信 吗
159326976704,小时候 看 章鱼 哥 总 觉得 他 很 丧 不 合群 现在 发现 他 才 是 最会 享受 生活 的 单身 独居 打 工人 如今 我 对 海绵 宝宝 的 印象 只 剩下 短 视频 里 a few moments later 的 转场 但 在 全球 它 有 接近 一半 的 观众 是 成年人 这片 看似 欢乐 的 比基尼 海滩 汇聚 了 现实 中 的 金钱 权利 欲望 人际关系 ... 小时候 看起来 疯疯癫癫 的 动画片 其实 早 在 童年 时 就 为 我们 描绘 了 世界 的 真实 景象 整部 动画片 里 我 印象 最深 的 台词 是 海绵 宝宝 的 口头禅 我 准备 好 啦 他 说 这句 话 时 脱口而出 底气 很足 他 时刻 准备 着 去 煎 汉堡 抓 水母 也 准备 着 迎接 惊喜 面对 恐惧 海绵 宝宝 似乎 永远 在线 不 宕机 长大 后 的 我们 却 随时 卡壳 想要 重启 .. 海绵 宝宝 的 创作者 史蒂芬 海伦 伯格 曾 说 我 希望 他 像 海底 的 杰瑞 刘易斯 是 一个 愚蠢 的 乐观主义 者 一个 孩子 般的 角色 任何 时候 都 看见 光明 的 一面 确实 长大 后 的 我们 很难 像 海绵 宝宝 一样 时刻 准备 着 但 我 想 每个 人 心中 总有 一个 地方 那个 角落 就 如同 这块 黄色 海绵 天真 柔软 也 有棱有角
159143800960,当 一个 正常人 和 一群 不 正常 的 人 在 一起 那个 正常人 就 成 了 异类
158999617904,自己 傻傻 有些 呆
158976029824,1145.1 万 的 播放 量 ( 悲 )
158964960896,错 的 不是 你 而是 这个 世界
158894353280,唉 : - ( 活着 好累 啊 好 想 离开 这个 世界 可是 又 有 什么 用 呢
158893883520,我 也好 想 回去 啊 可是 这有 什么 用 呢
158839727488,章鱼 哥 一个 在 社会 中 饱经风霜 的 人 的 真实 样貌
158835955184,工作 了 之后 再 看 这个 视频 又 有 不同 的 感觉
158771910224,章鱼 哥 配音 李易 先生 因 病 逝世 了
158708751520,小时候 梦想 成为 海绵 宝宝 长大 成 了 章鱼 哥
158598565408,嘲笑 章鱼 哥 理解 章鱼 哥 成为 章鱼 哥
158261572224,莫道 相逢 便是 缘 半数 爱恨 成 可怜 只 因 世间 多 虚妄 不 信 人心 信 容颜
157961782960,小时候 嘲笑 章鱼 哥 长大 后 可怜 章鱼 哥 现在 我 成为 了 章鱼 哥
157820665584,可笑 的 是 我们 连 章鱼 哥 都 不如 章鱼 哥有 独栋 双层 房子 有 一份 稳定 的 工作 有 吹 竖笛 这 一个 爱好 可 现实 中 的 我们 呢
157698758928,草鱼 哥 竟是 我 自己
157518562000,让 我们 快乐 是 我们 自己 让 我们 痛苦 的 也 是 我们 自己
157413595760,有 一集 就是 他们 吹 溜溜 笛 章鱼 哥一 吹 就 有声 而 海绵 宝宝 呢 他 一 吹 每个 人 都 开心 了
157401328448,怎么 看 都 没有 美好 的 迹象 吧
157323322784,那 是因为 你 是 一个 有 梦想 的 正常人
157222827728,是 把 世界 看 明白 了 很 不 快乐 可 却 仍 接受 事实 苦中作乐 此为 旷 迏
156765342112,要是 写 在 作文 里头 换点 词语 的话 那 指定 是 打 零分 我 觉得 作文 评语 应该 是 传播 负 能量
158954741200,这 不是 负 能量 现实 就是 这样 如果 评语 是 这么 写 的 只能 说明 那些 人不愿 承认 和 面对现实
156599141952,没 控制 住 哭 出来 了
156564783072,小时候 发现 海绵 宝宝 的 乐观 想 成为 海绵 宝宝 一样 乐观 的 人 成为 像 珊迪 一样 的 科学家 后来 发现 生活 被 蟹 老板 笼罩 自己 已然 成为 了 章鱼 哥 在 厌倦 了 和 痞 老板 的 勾心斗角 看透 了 世间 的 本质 后 成为 了 和 派 大星 一样 的 快乐 的 傻子
156560941824,小时候 挺 不 喜欢 章鱼 哥 的 但是 长大 了 才 明白 章鱼 哥 热爱 的 生活 是 我们 都 想要 的 可 却 得不到 的 但 章鱼 哥 还 在 一直 热爱 着 他 的 热爱 而 我 已经 没有 什么 热爱 的 东西 了
156407618768,海绵 宝宝 是 儿童 时 的 影子 章鱼 哥是 长大 后 的 影子
156265338720,我 下班 了 蟹 老板 我 要说 的 是 如果 有 一天 我 真的 实现 了 我 生命 中 的 梦想 我 永远 也 不会 让 我 的 双脚 站 在 这 油污 的 地板 上
155956975344,可是 海绵 宝宝 热爱 自己 的 工作 能够 从 工作 和 生活 中 获取 快乐 章鱼 哥 就 只会 抱怨 工作 的 时候 抱怨 工作 回家 以后 抱怨 邻居 所以 一直 不 快乐 为什么 海绵 宝宝 有 那么 多 朋友 因为 海绵 宝宝 是 利 他 的 能够 从利 他 中 得到 快乐 章鱼 哥 体会 不到 助人 之 乐 所以 既 不 快乐 也 没有 朋友 所以 章鱼 哥有 什么 好 歌颂 的
155776013856,我 像 章鱼 哥 但是 我 没有 一个 海绵 宝宝 那 般的 朋友
155706570208,海绵 宝宝 是 美好 的 理想 章鱼 哥是 残酷 的 现实派 大星 是 虚无 的 哲学 蟹 老板 是 无情 的 资本 小蜗 是 沉默 的 智者 珊迪 是 胆大 的 想象 凯伦 是 难得一见 的 爱情 痞 老板 是 永不 放弃 的 精神 珍珍 是 廉价 的 虚荣 泡 芙 阿姨 是 无穷的 渴望 虾霸 是 人人 羡慕 的 生活 泡泡 先生 是 虚假 的 人类 初看 不识 片中 理再 看 已 是 剧中人 看 啊 这 就是 生活 你 想 变成 什么样 的 人 拥有 着 怎样 的 心灵 除了 你 无人 能 去 决定 活在 当下 不如 去 闯 闯 你 的 梦想 未来 会 一直 等 着 你
155691473184,人人 都 嘲笑 章鱼 哥 长大 后 却是 章鱼 哥
155681172736,这 首歌 好像 法老 的 某 首歌
155925911248,2021 跨年 晚会 明天 是 美好 的 一天 你 看 当时 注明 了 作词 就是 来自 这个 up
155586263424,哦 他 死 了 是 吗 我 昨天 还 看到 他 在 工做 确实 他 本来 已经 死 了 但是 有人 替代 他 死去 了 谁 会 愿意 为了 那样 的 家伙 去 死 呢 哦 他 的 梦想 油污 的 地板 才 是 现实 站 在 舞台 的 梦想 遥不可及 哪怕 他 仍然 吹 着 竖笛 但 不过 是 他 的 不 甘心 可是 现实 就是 那样 你 越是 不 甘心 现实 就 越 让 你 绝望 每个 人 都 是 章鱼 哥 但是 每个 人 都 渴望 自己 是 海绵 宝宝 因为 不 甘心
155431651056,前提 是 我 有 快乐
154715960176,之前 重新 看 了 一遍 海绵 宝宝 看见 海绵 宝宝 也 有 难过 的 时候 看见 章鱼 哥 对 自己 的 鼓励 的 时候 觉得 原来 自己 变成 了 一个 大人 上 一次 这么 觉得 还是 在 意识 到 自己 这辈子 都 不能 御剑 飞行 的 时候 虽然 有 点子 丢人 我 真的 认真 的 难过 好久 还 哭 了 偶尔 会 想到 怦然心动 里面 男主 的 爸爸 理解 了 为什么 大人 会 不 自觉 反驳 天真 无厘头 的 幻想 言论 或许 也 是 一种 对于 自己 没有 能力 完成 曾经 的 幻想 梦想 的 无奈 或者 恼羞成怒 吧 唉
154511336256,章鱼 哥 的 E 小调 真的 很 好听
154447000832,开场 有 什么 比 把 快乐 带给 别人 更 快乐 的 呢 去 死 或者 别的 什么 我 不 知道 你 对 这个 有 这么 强烈 的 感觉 你 要 干什么 我 想 我 无法 阻止 你 但是 章鱼 哥 外面 是 一个 冷酷 的 世界 没有 人用 银 托盘 把 欢乐 带给 你
154389765008,希望 明天 梦想 能 起死回生 吧
153954119360,说真的 感觉 章鱼 哥 的 思维 是 真个 海绵 宝宝 里 唯一 的 正常人
155957326864,啥 是 正常人 一个 天天 抱怨 工作 不想 理 邻居 的 人 是 个 正常人
155967617696,回复 : 只是 跟 海绵 宝宝 里面 的 其他 角色 进行 对比 而已 比如 海绵 宝宝 宁愿 不要 工钱 他 也 要 去 打工
153786701040,这个 作品 从 年初 做到 现在 可以 说 是 我 做 的 时间 最长 的 一个 作品 了 中间 断断续续 因为 我 的 能力 有限 多次 打算 放弃 这个 视频 的 制作 但是 我 最后 还是 磨 了 出来 从 歌词 到 混音 我 推翻 重做 了 十几次 因为 章鱼 哥 的 台词 不 多 而且 很多 台词 因为 语气 声调 的 不同 而 不能 使用 歌词 便 写 了 又 改改 了 又 写 自己 也 想 过 自己 做 这个 视频 花 了 这么 长时间 播放 量 如果 还是 非常 惨淡 那该 怎么办 可是 我 还是 选择 做 这个 视频 因为 这个 视频 对 我 来说 有着 不同 的 意义 里面 的 歌词 或多或少 都 有着 自己 的 想法
153736134208,不 煽情 可能 吸引 不到 流量
153487708752,小时候 觉得 章鱼 哥 最 不 正常 长大 了 觉得 章鱼 哥 最 正常 是 绝大多数 普通人 但令 我 羡慕 的 是 他 依旧 能 热爱生活
153440390048,好像 法老 那首
153921771568,这个 鬼畜 视频 的 bgm 是 Flower dance -- Dj Okawari
155926022576,2021 跨年 晚会 明天 是 美好 的 一天 你 看 当时 注明 了 作词 就是 来自 这个 up
155927852912,回复 : woc
153403871600,从来 没当过 海绵 宝宝
153490627872,我 也 一样 想 表达 却 表达 不 出来
153403265904,亲爱 的 玩家 我 是 125 号 巡查 员 系统 检测 出 你 的 人物 情绪 有 问题 请 你 修复 人物 情绪 继续 完成 主线 任务 活着 祝 你 游戏 愉快 地球 OL125 号 巡查 员
154438125440,收到
156411169792,我 想 注销 账号 了
153254070736,小时候 不 明白 章鱼 哥 为什么 人 那么 郁郁寡欢 长大 了 发现自己 就是 章鱼 哥 一个打 工人 一个 把 梦想 埋进 坟墓 里 的 人
153208220352,我 以为 工作 了 我会 成为 海绵 宝宝 没想到 会 成为 章鱼 哥
153132990304,章鱼 哥是 社畜 到 海绵 之间 的 中间 物 他 被 社会 磨平 了 棱角 在内 心中 却 依然 保存 着 梦想 他 心中 保持 着 底限 表面 追求 安宁 实际上 渴望 自我 放 我 放纵 平时 麻木 宛如 僵尸 偶尔 展现出 丰富 的 梦想 甚至 会 暴露出 不 逊色 于 海绵 宝宝 的 疯狂
153057430816,是不是 改过 词
154438165968,词是 UP 主写 了 几十次 写 好 的 简介 里 有 写
154459896704,回复 : 好 厉害
152911660848,小时候 看 章鱼 哥 为什么 那么 严肃 啊 长大 后 看
152892644064,喊麦
152876980304,就是 这个
152470253408,蟹 老板 吃 蟹黄 堡 是不是 寓意 资本家 都 是 吃 人 血馒头 的
153966811712,皇堡
152189245104,希望 还有 希望 吗
154438251664,只要 怀抱 希望 希望 也 一定 会 拥抱 我们
152180228496,已 三联
151940454416,章鱼 哥是 社畜 到 海绵 之间 的 中间 物 他 被 社会 磨平 了 棱角 在内 心中 却 依然 保存 着 梦想 他 心中 保持 着 底限 表面 追求 安宁 实际上 渴望 自我 放 我 放纵 平时 麻木 宛如 僵尸 偶尔 展现出 丰富 的 梦想 甚至 会 暴露出 不 逊色 于 海绵 宝宝 的 疯狂
151858636592,有时候 觉得 自己 和 章鱼 哥 很 像
151804359680,背景音乐 是 什么
151903554976,花之舞
153057348096,回复 : 什么 乐器 版 的
154438333216,回复 : 钢琴 的 原版 就是 钢琴 弹 的
151791915504,我 小时候 的 梦想 就是 做 一个 海绵 宝宝 拯救 章鱼 哥
151714177232,看 完 这条 视频 怀着 忐忑 的 心情 和 老板 提了 离职
151908536016,做好 自己
153490918736,加油 人生 短暂 想 做 什么 事 就 去 做 吧
153534200960,回复 : 谢谢
151573743248,我 记得 以前 也 有 一个 讲 章鱼 哥 的 类似 视频 背景音乐 是 tassel 我 现在 找 不到 了 有 知道 的 人能 告诉 我 名字 叫 什么 吗
151574254320,找到 了 [ 章鱼 哥 的 歌 我 是 章鱼 哥 一个 未被发现 的 天才
151573283408,章鱼 哥篇
151416885088,第一次 看 鬼畜 没有 笑 出来
151415508768,请 你 保持 你 的 决心 事情 没 那么 简单
151364660144,章鱼 哥 可能 反 社会 珊迪 除了 暴力 倾向 才 算 最 正常 可 他 不是 Bikini bottom 的 原住民
154438296784,珊迪 是 有 一些 暴力 倾向 不过 好 在 不会 伤害 到 生命
151337435776,以前 不 明白 为什么 章鱼 哥 天天 闷闷不乐 现在 不 明白 海绵 宝宝 和 派 大星 每天 怎么 笑 得 出来
151274384864,每天 上班 打卡 下班 后 搞搞 兴趣爱好 晚上 睡大觉 也 算是 不错 的 生活 了
151272274208,原曲 是 什么
154438316224,花之舞
154438488896,花之舞
151215695456,法老
151178883904,银 托盘 这个 事情 法老 编了 一首歌
151166876944,我 想 我 是 章鱼 哥 一个 只能 将 自己 梦想 埋葬 孤独 普通 的 ......... 章鱼 哥
151109743328,真 奇怪
150693325360,甪 动画片 来 诉说 事实
150559009648,其实 章鱼 哥 吹 竖笛 不是 特别 也 难听 也 挺 好听 的
150278813312,章鱼 哥 就 像 成年人 讨厌 工作 但是 也 不得不 以 工作 因为 他们 需要 钱 海绵 宝宝 只是 导演 虚构 的 人物 罢了 他 就 像 我们 的 童年 即使 被 压榨 也 每天 保持 开心 我 很 敬佩 章鱼 哥 因为 他 是 一个 平凡 的 人
149627930576,b 站 特有 的 粉丝 越 少 品质 越好 喜
149558687984,我们 都 成为 了 章鱼 哥 而 不是 海绵 宝宝
149498122912,明天 是 更好 的 一天
149206488304,法老 唱 这歌 了
149588485840,求 链接
149668168576,回复 : 关注 法 老爷爷 然后 21 年 跨 年 那 一期
149107920128,这里 埋葬 的 章鱼 哥 的 梦想 是 第几 集中 文 配音
148804757472,看透 了 的 人 都 知道 章鱼 哥 既 冷漠 又 不 冷漠 派大星 虽然 他 很傻 但是 他 比 别人 更 懂 一切 海绵 宝宝 看似 很 开心 其实 也 有 不 开心 的 时候 海绵 宝宝 里面 所有 的 主角 都 一样 他们 又 什么 又 不 什么 _
148580995280,这是 法老 的 歌词 吗 有点 耳熟
149498216208,法老 应该 借鉴 这个 视频 了
148512758464,章鱼 哥 为什么 讨厌 海绵 宝宝 呢
148551874032,就 像是 你 累 了 一天 想 睡 一下 觉 之后 有 一个 邻居 在 吵吵闹闹
148459248400,我 想起 了 之前 章鱼 哥 想要 卖掉 自己 房子 的 时候 的 一句 台词 : 你 是 章鱼 哥 我 是 章鱼 哥 他 是 章鱼 哥 我们 都 是 章鱼 哥是 的 我们 确实 都 是 章鱼 哥
148241098464,播放 量 大多 都 来 是 派 大星 的 视频 所 转来 的
148134301712,人生 无常 大常 包小常
148126143312,问 一下 法老 是 翻唱 的 这个 吗
147698512352,我 有 一个 梦 一个 当 艺术家 的 梦 但 那 仅仅 是 一个 梦 她 已经 死 了 -- 章鱼 哥 那里 埋葬 着 我 的 梦想 我 多么 希望 我 的 梦想 本来 是 死 的 而 不是 被 活埋 的 -- 章鱼 哥 当 圣人 不偏 不移 的 走 在 正确 的 道路 上时 何曾 想过 意外 又 何曾 想过 普通人 当 真正 出现意外 时 圣人 变成 了 乞丐 试图 劝说 普通人 回归 正轨 可 那 普通人 又 是 谁 呢 -- 章鱼 哥 如果 有 一天 我 真的 实现 了 我 的 梦想 我 永远 不会 让 我 的 双脚 站 在 这 油污 的 地板 上 -- 章鱼 哥 这 油污 的 地板 正在 杀死 我 的 灵魂 我 快要 死 了 我 找 不到 捷径 和 远路 此路不通 -- 章鱼 哥 赏点 钱 吧 女士 给 我 这个 死人 -- 章鱼 哥 我 的 歌曲 很 有 价值 但 我 早 已经 死 了 -- 章鱼 哥 梵高 一直 活着 而 我 却 永远 死 了 衣带渐宽终不悔 为 伊 消得人 憔悴 我 将 活下去 -- 章鱼 哥 我 永远 活着 ! ......
147553094048,像 我 可 我 只是 个 孩子
147493914672,加油
147238637984,章鱼 哥是 唯一 正常人
147211555680,是 孤独 了 吗 我 有 一个 特异功能 ( ) 就是 我可以 把 我 的 眉毛 摘下来 ( ) 摘下 ( ) 安上 ( ) 又 摘下 ( ) 再 安上 ( ) 2 边 都 摘下 ( ) 嘿嘿 厉害 吧 现在 有没有 开心 一 丢 丢 没有 的话 我 的 眉毛 会 难过 的
147087737440,小时候 看 海绵 宝宝 的 时候 注意力 全在 海绵 宝宝 身上 觉得 海绵 宝宝 乐观 阳光 开朗 向上 相反 章鱼 哥则 是 懒惰 平庸 不上 进 但 现在 看来 海绵 宝宝 这部 动画 反映 的 不 就是 人生 吗 海绵 宝宝 代表 成功 章鱼 哥 代表 现实 蟹 老板 代表 利益 派大星 代表 平凡 痞 老板 代表 努力 珊迪 代表 亲 和 海绵 宝宝 有 一群 好 朋友 章鱼 哥 平凡 但 不甘 平庸 派大星 无忧无虑 的 生活 在 石头 底下 蟹 老板 为了 利益 能 出卖 海绵 宝宝 痞 老板 是 无时无刻 都 想 蟹 堡 密方 海绵 宝宝 作为 这部 动漫 的 主角 每天 重复 着 单调 的 工作 和 单一 的 娱乐 抓 水母 和 做 蟹 堡 虽然 永远 学 不会 开车 但 为 人 友善 拥有 众多 好 朋友 派大星 石头 底下 的 天才 一个 连开 收割机 都 有证 的 海星 有 一集 变成 了 天才 也许 他 本来 就是 个 天才 天才 生来 就是 孤独 的 为了 友谊 而 放弃 天才 身份 章鱼 哥是 这部 动画 最 现实 的 有 个 当 音乐家 的 梦 却 没人 欣赏 他 的 才华 千里马 常有 而 伯乐 不 常有 有 一集 海绵 宝宝 失去 了 他 的 菠萝 屋 章鱼 哥 也 很大 方 的 邀请 他 去 自己 家住 最 经典 的 是 这里 埋葬 着 章鱼 哥 的 梦想 蟹 老板 势利眼 为了 两毛五 将 海绵 宝宝 的 灵魂 出卖 给 幽灵 海盗 铁公鸡 但 唯独 对 自己 女儿 毫不 吝啬 有 一集 珍珍 过生日 蟹 老板 大手 一挥 让 女儿 和 偶像 见面 事后 虽 心疼 不已 但 也 感觉 值 了 经典 有钱 能 使 磨 推鬼 然后 是 痞 老板 作为 这部 动画 的 一个 反派 却是 最 值得 学习 的 那个 知道 自己 的 目标 是 什么 并且 为了 实现目标 而 努力 珊迪 陆地 来 的 科学家 并 没有 自诩清高 而 排挤 海绵 宝宝 和 派 大星 也 没有 因为 痞 老板 是 反派 就 否认 他 的 才华 平易近人
146981075968,填词 稍差 了 些 不然 能 更好
146738899744,章鱼 哥 艺术 才华 不行 乐器 天赋 亦然 但 还 自命不凡 怨世 不公 是 最大 的 缺点 其他 都 是 正常人 不过 有集 章鱼 哥当 音乐 指挥 很 厉害 说明 音乐 方面 还是 有 才能 的
146707771440,小时候 喜欢 看 海绵 宝宝 现在 喜欢 看 海绵 宝宝
146680840048,这 不是 法老 的 歌词 吗
146709130672,法老 的 歌 是 这个 视频 二创 啦
146672509344,多少 集
146584651120,这 是 哪 一集
146564180848,小时候 在 想 为什么 章鱼 哥 总 不 开心 长大 了 在 想 为什么 海绵 宝宝 总是 开心
146532092992,外面 是 一个 冷酷 的 世界 没有 人用 银 托盘 把 欢乐 带给 你
146527702880,没人 爱
146517561680,快 三年 了
146492657664,尚未 佩妥 剑 转眼 却 江湖
146481818304,最后 的话 只是 谎言 罢了 如果 明天 将会 是 更 美好 更 美丽 的 那么 今天 与 昨天 则 是 更 悲 催 更 丑陋 的
147289727536,其实 就是 自我 催眠 因为 大多数 人 知道 自己 回不去 了 但 又 找 不到 未来 的 探索 方向 这样 的 人 注定 是 多数 的 因为 社会 的 压力 早就 剥夺 了 这 一 权利
146353308016,其实 没 啥 办法 人 总要 有 一个 认清 自己 是 个 普通人 的 过程 总 有人 说 你 不能 甘于 一辈子 就 当个 普通人 但 有时候 认真对待 自己 普通 的 生活 要 比 总 想着 不切实际 的 梦想 要 好 的 多 章鱼 哥 觉得 自己 是 个 失败者 没人爱 没人 喜欢 但 其实 海绵 宝宝 等 人 都 很 想 跟 他 做 朋友 每个 人 都 不是 孤岛 如果 你 也 觉得 自己 没人爱 没人 喜欢 也 行 也 只是 失落 郁郁 的 你 并 没有 发觉 旁人 的 好意 人类 是 个 感情 生物 容易 被 情感 所 左右 通俗 来讲 就是 容易 上头 一旦 上头 了 就 很 容易 忽视 身边 的 一切 只 看到 让 自己 变得 倒霉 和 难受 的 部分 但 其实 你 的 某些 生活 又 何尝 不是 让 别人 羡慕 的 呢 所以 打起精神 来 生活 没有 失败者 只要 认真对待 生活 的 人 总会 得到 生活 的 善待 的 我 不是 很 喜欢 把 章鱼 哥 比做 真实 如果说 章鱼 哥 平凡 而 失败 那 海绵 宝宝 又 何尝 不 平凡 呢 同样 简单 又 重复 的 工作 而且 车 还 总是 学 不好 总是 搞砸 事情 如果 按 人类 的 定义 标准 来说 海绵 宝宝 和 派 大星 比 章鱼 哥活 的 更 失败 但 他们 依旧 对 生活 抱 有 最大 的 热情
146313670624,无 知我者
146292426384,愿 一切 会 更好
146206912688,章鱼 哥 代表 成人 的 痛苦 海绵 宝宝 代表 自己 誒 小时候 的 天真
146206531536,成人 世界 的 痛苦 小孩 不 懂 当年 以为 的 戏剧 实际上 都 是 成人 的 痛苦
146024534688,确实 是 从小 我 看 海绵 宝宝 就 感觉 章鱼 哥 很 不 一样 很 突出 又 不 合群 总是 在 说 着 一些 什么 我 都 听不懂 的话 甚至 在 小时候 就 有 一种 冥冥之中 的 感觉 在 我 初中 时 我 发现自己 完全 就是 章鱼 哥 因为 我 比 同龄人 承受 的 太 多 所以 几乎 从 我 不幸 的 童年 开始 我 就 已经 开始 麻木 了 更 别提 这 所谓 的 青春 了 别人 纵使 长大 后难 起码 还有 童年 和 青春 来 治愈 一生 可 我 是 真的 一无所有
145983277424,你 累坏 了 小章鱼 明天 一定 会 更 美好
145769562672,依旧会 努力 但是 死 了 的 部分 就是 死 了 我 也 很 想 让 它 活 下来 可是 它 就是 死 了
145564499056,法老 - 明天 是 美好 的 一天
145559352752,5 万 的 粉丝 做出 了 50 万粉 的 质量
145474732032,小时候 看 海绵 宝宝 不 知道 为什么 章鱼 哥 总是 不 开心 现在 看 海绵 宝宝 不 知道 为什么 海绵 宝宝 总是 能 那么 开心
145193891744,埋葬 梦想 何尝 不是 一种 解脱 最难 的 是 想 埋葬 却 不甘 心想 抓住 却 遥不可及 在 人海中 不断 浮沉 不知 路在何方 啊 朋友 人生 如戏 苦涩 如歌
145173790960,小时候 一直 笑 章鱼 哥 以为 章鱼 哥是 个 小丑 后来 才 知道 小丑 是 自己 海绵 宝宝 代表 着 你 童年 你 的 美好 所以 海绵 宝宝 总是 对 生活 乐观 积极 章鱼 哥 代表 着 现实 现实 是 残酷 的 注定 不 被 人 理解 喜欢
145040787440,可以 听 一下 法老 的 明天 是 美好 的 一天 说 唱歌曲 词 和 这个 差不多
145058797376,别 ky 法老 的 明天 是 美好 的 一天 了 那首歌 就是 这个 二创 歌曲 并且 是 投稿 的 21 年 b 站 跨 年 歌曲 并且 歌词 也 标注 了 SPOP 来自 于 这位 up 主 没有 谁 抄袭 谁 偷 谁 的 东西
145872209872,回复 : 真相 了
144931727376,我 有 一个 梦 一个 当 艺术家 的 梦 但 那 仅仅 是 一个 梦 她 已经 死 了 -- 章鱼 哥 那里 埋葬 着 我 的 梦想 我 多么 希望 我 的 梦想 本来 是 死 的 而 不是 被 活埋 的 -- 章鱼 哥 当 圣人 不偏 不移 的 走 在 正确 的 道路 上时 何曾 想过 意外 又 何曾 想过 普通人 当 真正 出现意外 时 圣人 变成 了 乞丐 试图 劝说 普通人 回归 正轨 可 那 普通人 又 是 谁 呢 -- 章鱼 哥 如果 有 一天 我 真的 实现 了 我 的 梦想 我 永远 不会 让 我 的 双脚 站 在 这 油污 的 地板 上 -- 章鱼 哥 这 油污 的 地板 正在 杀死 我 的 灵魂 我 快要 死 了 我 找 不到 捷径 和 远路 此路不通 -- 章鱼 哥 赏点 钱 吧 女士 给 我 这个 死人 -- 章鱼 哥 我 的 歌曲 很 有 价值 但 我 早 已经 死 了 -- 章鱼 哥 梵高 一直 活着 而 我 却 永远 死 了 衣带渐宽终不悔 为 伊 消得人 憔悴 我 将 活下去 -- 章鱼 哥 我 永远 活着 ! ......
144912834448,确实 啊 ..........
144841354624,世界 把 我 改变 我 笑 逝去 不见
144613358528,永失 吾爱 举目 破败
144548985008,人 心中 的 成见 是 一座 大山 任 你 怎么 努力 都 休想 搬动 一生 中 能 改变命运 的 机会 可不 多 呀
144522346576,大大 超级 好听 可以 在 QQ 音乐 发布 歌曲
144388972608,别 ky 法老 的 明天 是 美好 的 一天 了 那首歌 就是 这个 二创 歌曲 并且 是 投稿 的 21 年 b 站 跨 年 歌曲 并且 歌词 也 标注 了 SPOP 来自 于 这位 up 主 没有 谁 抄袭 谁 偷 谁 的 东西
144303445648,这是 比基尼 的 神 啊
144282435712,背景音乐 是 什么
144708769552,flower dance
144264471824,看看 我 发现 了 什么
144268439824,来 了
144330662560,回复 : 满级 福利 好 吧
144199486624,想 知道 墓碑 是 哪 一集
144139381728,音无结 弦 之 时悦动 天使 之心 立于 浮夸 之世 奏响 天籁 之音
144106476592,再见 海绵 宝宝 再见 派大星
144097964592,海绵 宝宝 你 有 那么 多 朋友 和 快乐 派大星 你 有 一颗 容易 满足 的 脑子 蟹 老板 你 有 你 想要 的 钱 和 餐厅 以及 傻 呆呆 的 员工 痞 老板 你 有 一个 老婆 和 海之霸 可是 我 呢 我 有 什么 呢 我 人生意义 是 什么 我 的 梦想 死 于 油污 的 地板 可悲 的 收银台 坚持 吹 着 竖笛 是 我 唯一 存在 的 理由 我 不 明白人 人 都 有 生活 和 追求 但是 我 呢 命运 不会 眷顾 一个 梦想 死去 的 艺术家 没有 舞台 没有 鲜花 没有 一切 嘲笑 属于 自己 赞美 属于 别人 我 不服 我要 证明 自己 好 了 章鱼 哥 疲惫 的 大 艺术家 要 休息 了 明天 还要 上班 呢
144093446400,法老 的 明天 是 美好 的 一天
145059049808,别 ky 法老 的 明天 是 美好 的 一天 了 那首歌 就是 这个 二创 歌曲 并且 是 投稿 的 21 年 b 站 跨 年 歌曲 并且 歌词 也 标注 了 SPOP 来自 于 这位 up 主 没有 谁 抄袭 谁 偷 谁 的 东西
144087249280,法老 的 美好 的 一天
145058978000,别 ky 法老 的 明天 是 美好 的 一天 了 那首歌 就是 这个 二创 歌曲 并且 是 投稿 的 21 年 b 站 跨 年 歌曲 并且 歌词 也 标注 了 SPOP 来自 于 这位 up 主 没有 谁 抄袭 谁 偷 谁 的 东西
144052815840,当 所有人 都 像 白纸 一样 单纯 快乐 时 那个 从 现实 中 走来 的 章鱼 哥 就让 这个 世界 显得 格外 的 魔幻 现实 是 一部 荒诞 大戏 你 我 彼此 照面 又 如海渊里 的 章鱼 一般 的 盲目 张狂 孤独 怯懦
143962045920,以此 纪念章 鱼哥 配音演员 李易 老师
143955973152,这里 埋葬 章鱼 哥 的 梦想 是 第几 集
143930561296,呜呜 呜 硬币 拿走
143903160256,当 鬼畜 开始 刀人 的 时候 那 这 鬼畜 注定 成功
143890242368,越 长大 越 喜欢 章鱼 哥
143882129056,在 一个 不 真实 的 世界 中 混进 了 一个 真实 的 人 但 一群 真实 的 人 却 组成 了 这个 看似 不 真实 的 世界
143843535680,再见 过去 的 我
143821029568,海绵 宝宝 是 美好 的 理想 章鱼 哥是 残酷 的 现实派 大星 是 虚无 的 哲学 蟹 老板 是 无情 的 资本 小蜗 是 沉默 的 智者 珊迪 是 胆大 的 想象 凯伦 是 难得一见 的 爱情 痞 老板 是 永不 放弃 的 精神 珍珍 是 廉价 的 虚荣 泡 芙 阿姨 是 无穷的 渴望 虾霸 是 人人 羡慕 的 生活 泡泡 先生 是 虚假 的 人类 初看 不识 片中 理再 看 已 是 剧中人 看 啊 这 就是 生活 你 想 变成 什么样 的 人 拥有 着 怎样 的 心灵 除了 你 无人 能 去 决定 活在 当下 不如 去 闯 闯 你 的 梦想 未来 会 一直 等 着 你
143819191968,您好 我 已经 盗过 您好 多 视频 了 希望 您 能 保持 高强度 更新 不然 我 的 粉丝 一直 在 催 更 我 很 难办 啊 我 希望 你 不要 不识抬举
143780362272,现实 和 梦想 不可分割
143759741232,想破 我 防是 吧
143730977472,让 你 的 身体 停 一下 等一等 你 的 灵魂
143712949552,我 一直 都 很 喜欢 章鱼 哥
143700886128,无所谓 没 人 在乎 我 只是 一粒 灰尘
143684478032,我 小时候 觉得 只有 章鱼 哥是 正常 的 其他人 都 不 正常 你 累坏 了 小章鱼 明天 会 更好 之后 他 连 被子 都 拿不起来 累到 连 自我安慰 都 不信 了
143664763296,这次 的 音乐 再 一次 刺穿 了 我 的 灵魂 说出 了 我 的 虚伪 我 已经 无法 直视 镜子 面前 的 自己 每 一次 的 微笑 都 是 一次次 的 伪装 而 您 揭开 了 我 的 虚伪 也 让 我 对 明天 美好 感到 黑暗 虽然 我 的 一生 平平 无 奇 但是 又 有着 下次一定 会 改变 的 向往 可是 却 又 有着 对 未来 的 担忧 我 已经 手足无措 对 别人 说话 只有 虚伪 的 微笑 但是 却 不常 开口 因为 一 但 出口 就 已经 显得 苍白无力 了 别人 都 在 进步 时 我 又 在 干什么 呢 只是 在 到处 徘徊 没有勇气 向前走 了 在 别人 眼中 我 已 是 跳梁小丑 没有 灵魂 的 傻 站 着 我 在生活中 常常 迷失 自我 会 因为 看不见 前方 的 道路 磕磕绊绊 又 因为 没有勇气 不敢 再次 站 起 迷失 自我 的 时候 我 又 怎能 对 未来 有着 向往 呢 只是 凭空想象 罢了
143664569088,有时 觉得 章鱼 哥才 应该 是 主角
143626074048,章 魚哥 他 有 成为 艺术家 的 所有 条件 一个 悲惨 的 身世 一个 悲惨 的 人生 他 真是 个 笑话 吗
143618101328,十个 人有 九个 人 在 笑 最后 一个 在 狂笑
143575472496,我 记得 法老 有个 rap 也 是 写 章鱼 哥 好像 叫 明天 一定 是 美好 的 一天
143578019264,就是 这首 词 都 一摸 一样
144080254128,法老 那个 属于 这个 视频 的 二创 吧
144389140736,那首歌 是 21 年 b 站 春晚 并且 歌曲 标明 了 SPOP 是 up 主 算是 他们 共同 制作 的 歌曲
143571018720,以前 觉得 章鱼 哥 怎么 这么 闷闷不乐 现在 才 发现 他 比 我 还 生活 丰富
143562586096,这个 视频 我 很 早就 刷 到 过 了 但是 直到现在 我 才 有些 看 懂 了 直到现在 我 感觉 还是 有点 恍惚 以前 我 都 不 知道 短短 只是 一年 的 时间 就 可以 改变 那么 多 东西 如果 可以 的话 我 也好 想像 以前 那样 当个 傻 呆呆 的 二货像 以前 那样 不 需要 接触 太多 的 经历 就 只是 和 以前 那样 单纯 的 和 几个 朋友 在 学校 混日子 然后 等到 周末 出来 之后 一起 出钱 AA 去 吃 顿 烧烤 喝点 小 啤酒 聊聊 动漫 聊聊 别的 东西 晚上 回 学校 跟 舍友 熬夜 讲 鬼故事 听 着 教官 踹 门 的 声音 然后 赶紧 装睡 然而 这 一切 在 初中 毕业 之后 都 已经 完全 消失 了 毕业 后 宿舍 八个 人有 三个 考上 了 本地 的 高中 有 三个 去 了 外地 的 私立高中 还有 包括 我 在内 的 另 一个 人 我俩 一个 去 了 本地 技校 一个 去 了 外地 技校 后来 毕业 不久 后 吃 了 顿 烧烤 之后 谁 也 没 在 群里 发过 消息 没有 人 知道 曾经 的 舍友 现在 都 过 得 怎么样 不同 的 经历 终究 让 我们 分道扬镳 而 去 了 外地 技校 的 我 活成 了 自己 曾经 最 不想 成为 的 那种 人 十六七岁 的 年纪 进 过 电子厂 学校 让 我们 去 实习 才 进去 几天 就 被 开除 了 只能 自己 一个 人 灰溜溜 的 跑 回老家 混 了 好几个 月 想起 自己 刚 进去 技校 那会 我 还 在 某个 老师 的 课堂 上 说 自己 未来 准备 创业 可是 到 现在 原本 决定 一起 创业 的 人马 也 基本 都 散 了 现在 想来 命运 还 真是 可笑 呢 他 总是 会 莫名其妙 的 毁掉 一个 人 的 日常 然后 让 那个 人有 新 的 动力 最后 在 莫名其妙 的 毁掉 它 挺 得 过去 的 人 能 站 在 最后 的 位置 挺 不 过去 的 人 只会 经历 无数 坎坷 好久 都 没 说 那么 多话 了 不过 现在 的 我 倒 是 想开 了 一些 不过 归根结底 只能 说 走 一步 看 一步 吧
143547080000,这里 头 的 词 和 法老 的 RAP 好像
144389150080,那首歌 是 21 年 b 站 春晚 并且 歌曲 标明 了 SPOP 是 up 主 算是 他们 共同 制作 的 歌曲
143525850832,少时 不 识 愁滋味 再 看 已经 章鱼 哥
143493210640,这 不 法老 唱 的 明天 是 美好 的 一天 吗 大部分
143545410928,明天 是 美好 的 一天 时 21 年 跨 年 的 哦
143493096560,这 不 法老 唱 的 明天 是 美好 的 一天 吗
144389157888,那首歌 是 21 年 b 站 春晚 并且 歌曲 标明 了 SPOP 是 up 主 算是 他们 共同 制作 的 歌曲
143478424896,人人 都 说 章鱼 哥 却 人人 都 活成 了 章鱼 哥
143395749200,哦 他 死 了 是 吗 我 昨天 还 看到 他 在 工作 确实 他 本来 已经 死 了 但是 有人 替代 他 死去 了 谁 会 愿意 为了 那样 的 家伙 去 死 呢 哦 他 的 梦想 油污 的 地板 才 是 现实 站 在 舞台 的 梦想 遥不可及 哪怕 他 仍然 吹 着 竖笛 但 不过 是 他 的 不 甘心 可是 现实 就是 那样 你 越是 不 甘心 现实 就 越 让 你 绝望 每个 人 都 是 章鱼 哥 但是 每个 人 都 渴望 自己 是 海绵 宝宝 因为 不 甘心
143378414352,小时候 不 喜欢 章鱼 哥 长大 后 人人 都 是 章鱼 哥
143368359936,请问 结尾 部分 的 BGM 是 什么 呀
143340930096,哦 他 死 了 是 吗 我 昨天 还 看到 他 在 工做 确实 他 本来 已经 死 了 但是 有人 替代 他 死去 了 谁 会 愿意 为了 那样 的 家伙 去 死 呢 哦 他 的 梦想 油污 的 地板 才 是 现实 站 在 舞台 的 梦想 遥不可及 哪怕 他 仍然 吹 着 竖笛 但 不过 是 他 的 不 甘心 可是 现实 就是 那样 你 越是 不 甘心 现实 就 越 让 你 绝望 每个 人 都 是 章鱼 哥 但是 每个 人 都 渴望 自己 是 海绵 宝宝 因为 不 甘心
143307494240,致敬 派大星 的 独白
143187055696,海绵 宝宝 是 个 孩子 而 章鱼 哥是 个 大人
143054961760,支持 支持
143018983248,含着 一脸 的 泪 再 去 把 海绵 宝宝 看一遍
142919996000,明天 又 是 美好 的 一天
142840354320,我床 下 有 个 柜子 柜子 里面 有 一具 尸体 我 不敢 面对 他 我 不敢 去 打开 这个 柜子 柜子 里 的 人 跟 我 很 像 他 就是 我 我 也 是 他 只不过 我 不是 我 他 也 不是 我
142805089952,只有 我 在 原地 演 一出 小丑 戏 戏中 是 我 自己 是 脆弱 的 坚定 面对 他人 质疑 开始 否定 自己 四周 大雾 渐起 我 看不清 自己 拙劣 不堪 的 演技 妄想 欺骗 自己 站 在 镜子 之前 的 我 笑容 显得 很 无力 世界 没 奇迹 明天 无法 触及 荧幕 上放 的 电影 写 着 未完待续 我 的 未来 在 哪里 给 自己 的 话语 显得 苍白无力 只有 我 在 原地 失去 灵魂 迷失 自己 我 是 谁 在 哪里 四周 大雾 渐起 看不清 我 自己 噢 我 的 未来 在 哪里 我 看不见 听不见 今天 重复 着 昨天 时间 像 一缕 烟 是否 存在 的 明天 一个 人 的 表演 梦想 化为 了 碎片 闭上眼 看不见 戴上 虚伪 的 假面 脑海 里 的 画面 一幕幕 的 浮现 曾 许下 的 心愿 在 沙滩 上 搁浅 海底 下 的 藤蔓 刺穿 我 的 脊梁 没 灵魂 的 躯壳 又值 多少 斤两 佯装 镇定 的 脸庞 眼神 写满 慌张 站 在 镜子 之前 的 我 没 了 当初 的 模样 一个 人 表演 独自一人 消遣 今天 重复 着 昨天 时间 像 一缕 烟 是否 存在 的 明天 我 看不见 听不见 今天 重复 着 昨天 时间 像 一缕 烟 是否 存在 的 明天 一个 人 的 表演 梦想 化为 了 碎片 闭上眼 看不见 戴上 虚伪 的 假面
142781026112,地球 上 就 人类 的 一辈子 是 最 没意思 的
142758843872,法老 唱 了 这个 歌
142754055024,多久 没有 看到 这样 的 鬼畜 了 唉
142731844816,看 的 有点 难受 www
142655419760,这里 埋葬 的 是 章鱼 哥 的 梦想 也 是 我们 的 幻想
142640030032,前面 歌词 有点像 法老 的 眀 天 是 美好 的 一天
142832157504,是 法老 参考 了 这个
142586998592,明天 是 美好 的 一天 - 法老
142584550016,我 爱 B 站 的 原因 有 爱 有 恨 有 欢乐 也 有 悲伤 有 搞笑 也 充满 智慧 人 也 一样 ......
142537281232,我 的 生活 夺走 了 我 的 快乐
142512375152,法老 去年 跨年 的 时候 就 唱 的 这 首歌 哔哩 哔哩 网友 投稿 的
142487317520,99
142487320384,真的 是 英国 ?
142404365040,干着 一份 想 死 的 工作 原因 竟然 是 为了 求生
142362715200,挺 好 的
142211111328,1 . 越想 逃避 宿命 越会 在 半道 上 与 宿命 撞个 正 着 2 . 你 的 思绪 就 像 这 池水 朋友 稍 有 外界 触动 就 很 难 清澈 明朗 可 如果 让 它 静下来 答案 顿时 变得 清晰 了
141743733344,认识 世界 的 本质 却 仍然 热爱生活 这才 是 真正 的 理想主义
141728675664,普通人 和 优秀 的 人 只有 一点 距离 而 这点 距离 叫 章鱼 哥
141604743872,这 不 进入 站 必刷 也 得 进 每周 必 看吧
141542305040,谁 又 何尝 不是 章鱼 哥 呢 就 比如 我 谁 也 想不到 一个 12 岁 的 初中生 会 悲观 到 这种 程度 我 甚至 比 章鱼 哥 还 悲观
142356239904,加油 朋友 我 今天 刚刚 15 岁
141532095056,章鱼 哥 可能 不是 音乐 美术 型 的 艺术家 但 他 是 精神 上 的 艺术家
141256334080,微笑 背后 是 什么 自己 最 清楚
141250118400,UP 剪 的 很 清晰 我 爱 了
141249905680,明天 是 美好 的 一天 法老
141063071344,点 进来 之前 这 动漫 的 混 剪 能 有 一千万 播放 看 完事 哭 着 出去 的
140983422064,年少 我 一直 在 笑 年长 我 不再 胡闹
140910006000,一般 这种 词是 怎么 做 的 啊 是 人物 原 台词 吗
140930660240,活字印刷 加 调音
140817821744,也许 只有 我 一个 人 是 派 大星 永远 只想 拥有 一个 好 朋友 讨厌 人人 都 歧视 我 只 想 如何 逃避 未来
140677712496,章鱼 哥是 最 真实 的
140645762368,? 一个 成年人 的 自白 章鱼 哥 ? 00 : 17 有 什么 比 把 快乐 带给 别人 更 快乐 的 呢 去 死 或者 别的 什么 我 不 知道 你 对 这个 有 这么 强烈 的 感觉 你 要 干什么 ...
140412605776,对 小学生 来说 很 幼稚 对 成年人 刚刚 好
140377175648,小时候 讨厌 章鱼 哥 后来 以为 自己 是 章鱼 哥 现在 发现 章鱼 哥 至少 有 稳定 工作 至少 有 满屋 的 画作
140294287808,法老 的 一首歌 特别 像 明天 是 美好 的 一天
140466083488,因为 法老 致敬 的 这部 作品 奥
140216299088,因为 导演 要 这么 写 的 你 也 没 办法
140180862992,为什么 有 一首歌 的 词 跟 这个 一样 而且 现在 才 火 是不是 抄袭 啊 说 的 那首歌
140466165856,法老 致敬 的 这部 作品
140178837312,章鱼 哥 不仅 在 动画 里 惨 在 现实 中 也 惨 因为 他 的 配音演员 趋势 了
140113761968,有人 知道 在 啊 b 的 哪 一集 吗
140105340768,其实 我 很 像 章鱼 哥 有些 人不爱 思考 所以 他们 很 快乐 也 能 接受 自己 平凡 的 一生 有些 人 追求 自己 的 欲望 他们 也 能 以此 为乐 而 我 没有 特别 喜欢 的 东西 有 天赋 却 没有 足够 的 天赋 对 我 最 残酷 的 事情 就是 上天 给予 你 思考 却 没有 给予 你 能 解决 思考 的 能力 那种 无力感 使 我 渐渐 也 埋葬 了 我 的 梦想 成为 了 一个 渺小 的 人
139867244128,和 章鱼 哥 一样 我 也 最 喜欢 一个 人 呆 着
139970562144,我 也 是
139823306160,这歌 的 背景音乐 是 什么
141658345376,flower dance
139781442720,我 的 世界 MinecraftSweden
139540659600,如果 李易 老师 还 活着 早就 把 这 视频 试做 了 可惜 在 那 2013 年
139502326016,23 岁 才 终于 知道 自己 理想 是 什么
139472547248,法老 好像 也 唱 过
139455273616,音无结 弦 之 时悦动 天使 之心 立于 浮夸 之世 奏响 天籁 之音
139320177984,海绵 宝宝 是 小时候 的 我们 我们 不 喜欢 章鱼 哥 是因为 他 是 长大 后 的 我们 其实 早 已经 明白 了
139320365280,啊 我 也 想 糊涂 一辈子 啊 !
139116436112,小时候 看 海绵 宝宝 是 不 太 喜欢 章鱼 哥 的 但是 随着 长大 发现 是因为 章鱼 哥 与 别人 一直 格格不入 如今 再 看 发现 是因为 章鱼 哥才 是 在 我们 小时候 为 我们 输入 正确 价值观 的 人
138968115520,为啥 和 法老 的 明天 是 美好 的 一天 词 几乎 一模一样 就 差 了 段 副歌
139055390288,因为 明天 是 美好 的 一天 用 了 这 的 词
138884328912,这有 可能 是 我 刷 的 最后 一个 视频 我 已经 没有 期待 了
138860695888,派大星 对应 幼年 海绵 宝宝 对应 童年 章鱼 哥 对应 成年 谢 老板 对应 部分 人 的 中年
138840566112,法老 改编 成 一首歌 了
138833951824,趁人少 欺负 一下 up { \ __ / } ( . ) / > 你 看到 这个 硬币 了 吗 { \ __ / } ( - ) 开玩笑 啦 给 你 给 你 { \ __ / } ( - ) 给 你 啦 给 你 啦 不 开玩笑 辣 { \ __ / } ( - ) 硬币 点赞 给 你 给 你 都 给 你 发现 了 好 吧 你 展开 了 那么 在 24 个 小时 之内 把 这句 评论 转发 到 10 个 作品 否则 倒 一辈子 霉 我 也 是 受害者
138799071744,章鱼 哥 的 语调 听 起来 很 悲伤
138790003664,章鱼 哥 ? ? 一个 成年人 的 自白 ? ? 00 : 01 有 什么 比 把 快乐 带给 别人 更 快乐 的 呢 去 死 或者 别的 什么 我 不 知道 你 对 这个 有 这么 强烈 的 感觉 你 要 ...
138260309024,太 失败 了
138196718272,我 也 搞不清楚 我 自己 为什么 我 不爱笑 还要 装 开心 好 难受
138160765008,crftujyttuytygrxgxfdrhdtdth
138045020784,真实
137966345744,我 又 来看 了
137964712800,当 我们 在 屏幕 前 嘲笑 着 章鱼 哥时 长大 后 的 生活 为何 那么 熟悉
137661898800,真的 海绵 宝宝 已经 离开 了 现在 的 海绵 宝宝 一言难尽
137568662992,我 埋葬 的 不是 我 的 梦想 和 希望 我 埋葬 的 是 我 一直 以来 想要 的 生活 啊
137390092608,又 是 崭新 的 一天
137327873136,如果 没有 家人 我 已然 是 章鱼 哥
137073148832,音无结 弦 之 时悦动 天使 之心 立于 浮夸 之世 奏响 天籁 之音
136905893648,好 心酸 啊
136794621456,音无结 弦 之 时悦动 天使 之心 立于 浮夸 之世 奏响 天籁 之音
136771793040,求 BGM
136864917008,BGM : Flower dance
136728728432,可惜 大部分 人 还 不如 章鱼 哥
136711238848,小时候 觉得 章鱼 哥 搞笑 长大 后 却 成为 了 章鱼 哥
136706746480,永远 要 记住 这个 世界 都 是 因 你 而 存在 只有 你 是 主角 一旦 你 逝去 世界 上 的 一起 都 将 停止 在 那一刻 所以 为了 你 也 为了 这个 世界 好好 活下去
136517261696,想 问 一下 这 是 哪 一集 的
136502030880,花之舞
136466937744,当年 看 海绵 宝宝 最 不 喜欢 章鱼 哥 因为 觉得 他 老 是 影响 别人 的 好 心情 一样 现在 看一看 海绵 宝宝 为什么 每天 都 那么 开心 海绵 宝宝 为什么 每天 都 没心没肺 的 怎么 这么 我 的 那颗 快乐 心 是不是 已经 被 被 我 埋葬 在 了 一片 荒凉 的 坟墓 里
136379491200,这个 吹 的 音乐 是 花之舞 里面 小提琴 拉 的 吗 有 谱子 吗
136199190640,小时 后 以为 自己 是 海绵 宝宝 长大 后 章鱼 哥 竟是 我 自己
135989663728,章鱼 哥才 是 最 现实 最 真实 的 普通人
135796491904,章鱼 哥 怎么 不 穿 裤子
135990324848,穿 了 肉色 紧身裤
135789755168,我 觉得 比基 堡 海滩 就 章鱼 哥 正常 其实 章鱼 哥才 是 人们 的 常态
136111799584,人情世故 全是 让 章鱼 个 玩 明白 了
135735612784,Red mist .
135727813184,章鱼 哥才 是 真实
135709543760,看来 我 和 章鱼 哥 一样
135585976528,BV1NT4y1E7ya
135467641872,原曲 是 什么 呀
135717772944,花之舞
135347200976,在 虚假 的 欢乐 世界 里活 的 真实 分 过分 的 人 啊
135190473792,其实 很多 人 都 觉得 自己 长大 了 从 海绵 宝宝 变成 了 章鱼 哥 其实不然 他们 是 变成 了 派 大星 因为 至少 章鱼 还 在 坚持 自己 的 梦想 你 呢
135325364272,派大星 好像 压根 就 没有 梦想 啊
135141307968,dead Squid tentacles wish and dream
135076025216,小时候 觉得 比基 堡 就 章鱼 哥 不 正常 长大 才 知道 其实 章鱼 哥才 是 比基 堡 最 正常 的
134966402064,这部 剧 的 原作者 看到 现在 的 剧情 又 会 怎么 想 呢
135717920880,从 棺材 里 跳 出来 掐死 现 作者
134764953376,一遍 一遍 看 一次 一次 的 难受
134708042640,章鱼 哥 生日快乐
134600964032,海绵 宝宝 是 纯洁 派大星 是 天真 海绵 宝宝 和 派 大星 演绎 了 一段 纯洁 的 友谊 和 美好 的 童年 章鱼 哥是 成年 蟹 老板 是 资本 和 现实 他们 上演 的 是 最 真实 孤独 的 现实 在 比奇 堡 的 外面 有 一座 坟墓 那里 每 一个 埋葬 了 每 一个 梦想 在 梦里 我 见到 了 我 的 故乡 在 故乡 下面 埋葬 着 我 的 一切 我 的 童年 我 的 过去 以及 ...... 我 曾经 的 梦想
134523974736,比基尼 海滩 最棒 的 演奏家
134521753904,人人 都 笑 章鱼 哥 人人 都 是 章鱼 哥
134450812256,终于 歌 只是 想要 有 普通 的 人生
134448533168,小时候 觉得 章鱼 哥 不 合群 很 可笑 现在 看来 我 连 取笑 他 的 资格 都 没有
134328287184,我 不如 章鱼 哥 至少 他 可以 哪怕 受到 所有人 嘲讽 也 不 忘 梦想 至少 他 有 在乎 他 的 海绵 宝宝 虽然 海绵 宝宝 很 讨厌 但 能 不让 他 的 生活 变成 灰色
134328786080,小时候 讨厌 章鱼 哥 的 苦 脸 现在 发现 我 找 不到 能 让 我 一笑 的 事 和 人
134321568176,其实 小朋友 时期 看 动画片 不会 去 想 那么 多 啦 只是 我们 长大 了 把 自己 的 想法 付诸于 动画片 换来 无数 感慨 和 感叹 但是 人 都 是 要 长大 的 呀
134304663520,埋葬 过去 向往 未来
134128665488,累 坚持 会 好 的
134062146752,我 看见 有 一个 弹幕 说 不 以前 小时候 以为 自己 是 海绵 宝宝 长大 了 发现自己 是 章鱼 哥 但是 我 觉得 我们 都 不是 章鱼 哥 应该 是 那群 比奇 堡 的 居民 因为 现在 很多 人 都 像 比奇 堡 的 居民 一样 就 比如说 有 一集 海绵 宝宝 和 谢 老板 变成 了 传授 虚假 新闻 但是 那群 鱼 却 轻易 的 相信 了 就 跟 现实生活 中 一样
133993373360,趁人少 欺负 一下 up { \ __ / } ( . ) / > 你 看到 这个 硬币 了 吗 { \ __ / } ( - ) 开玩笑 啦 给 你 给 你 { \ __ / } ( - ) 给 你 啦 给 你 啦 不 开玩笑 辣 { \ __ / } ( - ) 硬币 点赞 给 你 给 你 都 给 你 发现 了 好 吧 你 展开 了 那么 在 24 个 小时 之内 把 这句 评论 转发 到 10 个 作品 否则 倒 一辈子 霉 我 也 是 受害者
133770640512,哦 我 的 上帝 啊 我 的 DNA 里 都 刻 了 什么
133710133616,原本 的 音乐 原版 的
133710202560,音乐 名是 什么
133832726944,花之舞
133501555088,这个 词 很 像 法老 的 明天 是 美好 的 一天
133565625664,法老 的 歌 是 根据 这个 来 写 的 哦
135149097488,回复 : 法老 那个 节目 开头 就 写 了 灵感 来源 傲世 子木
135149237280,法老 那个 节目 开头 就 写 了 灵感 来源 傲世 子木
133107424432,小时候 渴望 着 长大 后 改变 世界 长大 后 却 被 世界 改变
133067153264,我 小时候 也 是 现在 最 喜欢 的 角色
133042162688,章鱼 哥 的 梦想 在 哪 一集
132953856128,明天 一定 会 更 美好 的 何尝 不是 对 自己 的 一种 麻痹 呢
133042213232,章鱼 哥 的 梦想 在 b 站 哪 一集 呀
132889262640,up 第一 是 伴奏 选 的 好 第二 是 题材 选 的 是 耳熟能详 又 不是 cxk 那种 跟 热度 的 题材 第三 rap 的 形式 也 让 很多 人 可以 接受 第四 他 不仅 有 自己 对 海绵 宝宝 的 理解 还 编造出 了 具有 灵魂 的 故事 这个 故事 还有 寓意 与 让 人 反思 的 东西 当然 还有 很多很多 我 可能 说话 方式 或者 其他 方面 不 对 请 不要 深究
133042219872,章鱼 哥 的 梦想 在 b 站 哪 一集 呀
171826760960,回复 : 你 问 up
132753052240,小时候 不 懂 章鱼 哥 为什么 整天 闷闷不乐 长大 后 不 懂 海绵 宝宝 为什么 那么 快乐 人人 都 是 章鱼 哥 人人 都 不如 章鱼 哥 ( 章鱼 哥 还有 他 的 竖笛 )
133042334112,章鱼 哥 的 梦想 在 b 站 哪 一集 呀
133052142976,回复 : 在 章鱼 哥 的 梦想 那 一集
133056853504,回复 : 哈哈哈
133056794000,回复 : 说真的 你 也 忘 了 吗
132679466320,我 已经 失去 很多 了 什么 才能 看到 得 啊
132640808128,真的 很 喜欢 章鱼 哥
132427696880,火 了
132227833184,立于 天堂 奏响 繁华 音无结 弦 之 时悦动 天使 之心 立于 浮华 之世 奏响 天籁 之音
132227791920,人生 很窄 得失 只 在 方寸 间 人生 很 宽 成败 犹在 千里 外
132136236336,真的 一去不回 来 了
132130431504,人人 都 不 喜欢 章鱼 哥 可 人人 都 是 章鱼 哥
132225675056,章鱼 哥有 自己 的 三层 别墅 上班 时 大部分 时间 都 在 看书 或 打盹 还有 很多 时间 可以 做 自己 想 做 的 事情 还有 俩 可爱 的 领居 可以 和 它们 一起 闹 还有 个 科学家 朋友 无聊 时 还 可以 跟帅 章鱼 互喷 还 在 人类 的 足球场 上 风光 过 还 跟 自己 的 领居 一起 去 冒险 坐 火箭 去 外太空 我 可 没 章鱼 哥 这么 幸福
134329558224,尽管 那 海绵 宝宝 有时候 气人到 不行 可 确实 温暖 了 内心 我 一直 觉得 海绵 宝宝 和 派 大星 只是 两个 呆子 凑在一起 玩 友情 很 脆弱 海绵 宝宝 和 章鱼 哥才 是 真正 的 兄弟 章鱼 哥有 真正 在乎 他 的 朋友
131904377184,离职 的 这 一刻 我 感觉 从未 如此 开心 自由 过
131872716832,看着 看着 就 想 哭 了
131818559344,不知不觉 我 发现 这个 是 真的 好看 人生 的 哲理 往往 就 在 这 一刻
131800819440,我 明明 那么 强大 何必 恋旧 呢 我 很 快乐 你 看 他们 全部 点着头 呢 你们 不敢 的 事 今天 由 我 献丑 了 我 是 比基尼 海滩 最棒 的 演奏家 法老 唱 这段 歌词 的 时候 真的 蚌埠 住 泪目
131794375280,up 好棒
131791725088,来看 绝了
131680455040,章鱼 哥是 成年人 派大星 是 正常人 只有 海绵 宝宝 是 最 乐观 的
131618986128,你 今天 累坏 了 我 的 小章鱼 明天 一定 会 更 美好 的
131392378544,明天 一定 会 更 美丽 的
131365461248,小时候 看 章鱼 哥 总 觉得 丧 海绵 宝宝 才 应该 是 我们 追求 的 常态 但 其实 章鱼 哥 的 状态 一直 夹杂 其间 等到 长大 生活 的 重压 袭 来 我们 成 了 章鱼 哥 夹杂 的 变成 了 海绵 宝宝 年幼 不 懂 章鱼 哥 懂 完 已成 局中人 害
131305971968,这是 什么 歌
131385168144,花之舞
131739717952,再 推荐 一首 花之泪 当年 很 喜欢 听 这两首 钢琴曲
132630523680,回复 : 谢谢
131252877808,因为 无法 改变 现在 让 自己 痛苦 的 生活 所以 不想 生活 越 长大 越 理解 何以 解忧 唯有 暴富
131169240448,哪个 成年人 不是 从 嘲笑 谩骂 度过 的
130964766080,明天 是 美好 的 一天
130903135648,我 投 了 两个 币
130849029840,章鱼 哥是 最 现实 的
130808052912,小时候 总是 觉得 章鱼 哥丧丧 的 开始 后来 发现 章鱼 哥说 的 一点 错 也 没有 他 真的 好 现实 现在 才 懂
130689137552,每天 一遍 防止 快乐
130652620464,代入 感 太强了 我 哭 了
130470569808,章鱼 哥 独奏 那 一段 有 完整版 的 吗
132453298336,没有 吧 估计 是 up 主 自己 做 的
130403054352,这 不是 法老 的 歌 吗
130460455472,看 时间 这是 2020 年 发布 的 视频 前面 有人 说 了 法老 是 用 了 这 首歌 的 灵感
130461050352,在 视频 4 分 16 秒 那里 有 备注 用 了 这个 up 主 的 创意 的 关闭 弹幕 就 能 看到 了
130577982464,回复 : 哦 哦 好 的 好 的
130159759600,章鱼 哥有 什么 错 他 只是 一个 有着 卑微 梦想 的 普通人 一个 为了 生活 而 拼搏 的 普通人 他 有 什么 错
129968589392,别看 章鱼 哥 爱好 多 依然 是 没读 过 大学 的 收银员 被 剥削 却 不敢 辞职
129704587184,我 记得 之前 还有 一个 版本 但是 我 找 不到 了 里面 有 一句 是 我 不会 让 我 的 双脚 站 在 这 油污 的 地板 上
129835161744,有 在 b 站 能 看到
129692813728,章鱼 哥才 是 赢家
129674514048,孙 老师 翻唱 了 派 大星 的 独白 只 可惜 李易 老师 永远 无法 翻唱 了
129572632672,才 发现 法老 有 一首 明天 是 美好 的 一天 用 的 就是 这个 词
129566205488,也许 有人 会 像 章鱼 哥 一样 有 的 人 也许 会 像 海绵 宝宝 一样 也许 还有 人像 蟹 老板 一样
129480793696,派大星 的 独白 一个 关于 正常人 的 故事
129378222896,长大 了 越来越 像 章鱼 哥
132225922368,章鱼 哥有 自己 的 三层 别墅 上班 时 大部分 时间 都 在 看书 或 打盹 还有 很多 时间 可以 做 自己 想 做 的 事情 还有 俩 可爱 的 领居 可以 和 它们 一起 闹 还有 个 科学家 朋友 无聊 时 还 可以 跟帅 章鱼 互喷 还 在 人类 的 足球场 上 风光 过 还 跟 自己 的 领居 一起 去 冒险 坐 火箭 去 外太空 我 可 没 章鱼 哥 这么 幸福
129272198784,起码 章鱼 哥 还有 稳定 工作 我 在 离家 2000 公里 外 的 地方 流浪 我 也 想家 但是 没 哪个 资格
129143534080,b 站 的 音乐 区 从来 没有 让 我 失望 过 真是 人才辈出
129104575728,明天 是 美好 的 一天
129017649904,就让 所有 的 事情 都 顺着 它 的 本意 慢慢 过去 吧
128953638624,破 千万 播放 量
128624589120,小时候 是 海绵 宝宝 长大 后 却 成 了 章鱼 哥
129113163120,从小 就 觉得 海绵 宝宝 是 一个 表面 阳光 友爱 但 实际上 非常 爱 show off 的 attention whore
129153959856,回复 : 我 感觉 和 你 不 一样 我 看到 的 海绵 宝宝 是 一种 纯真 没有 受到 外界 污染 的 一种 行为 品格 做事 都 有 积极 乐观 的 一种 态度 动画 的 表现形式 和 童话故事 的 叙述 方式 差不多 所以 不会 是 你 说 的 那种 爱 显摆
130435264224,回复 : 人 不 可能 没有 缺点
132225798400,章鱼 哥有 自己 的 三层 别墅 上班 时 大部分 时间 都 在 看书 或 打盹 还有 很多 时间 可以 做 自己 想 做 的 事情 还有 俩 可爱 的 领居 可以 和 它们 一起 闹 还有 个 科学家 朋友 无聊 时 还 可以 跟帅 章鱼 互喷 还 在 人类 的 足球场 上 风光 过 还 跟 自己 的 领居 一起 去 冒险 坐 火箭 去 外太空 我 可 没 章鱼 哥 这么 幸福
128619070768,这个 是 法老 的 歌 明天 是 美好 的 一天
128622958560,法老 的 明天 是 美好 的 一天 是 用 了 这 首歌 的 灵感 法老 唱 完歌 之后 下面 有 字幕 说 这个 事情 的
128623245472,BV1M34y1z7Mt 4 分 16 秒
128623906160,回复 : thanks 差点 分不清 主次
128615179488,* 他 是 一个 正常人 * 他 有 许多 艺 情操 * 他 更 有 一个 音乐 天分 * 明明 他 有 这么 多 地方 可以 去 但 那位 艺术家 却 在 比奇 堡 这样 一个 疯狂 的 地方 苟且偷生 * 为什么 呢 * 就 只是 因为 这个 艺术家 就 和 我们 一样 几乎 无法 逃离 这个 疯狂 的 地方 * 但 他 有 海绵 宝宝 而 我们 呢
128605643600,千万 播放 了
128596072192,不管 是 海绵 宝宝 也好 蜡笔小新 也 是 还有 星爷 的 电影 它们 始终 没有 变化 而变 了 的 是 人心 以前 看 是 之所以 是 喜剧 是因为 没有 经历 过 那些 过程 后来 经历 过后 就 都 明白 了 曾经 有 份 梦想 但 为了 实现 梦想 必须 付出代价 而 那份 代价 就是 纯真 在 纯真 年代 许下 的 愿望 与 梦想 实现 起来 却 要 失去 那 份 纯真 当有 天 或许 你 的 梦想 实现 了 却 怎么 也 开心 不 起来 或许 是因为 失去 了 曾经 的 那份 纯真 有些 人 在 追逐 梦想 的 途中 发现 了 自己 纯真 正在 消失 而 放弃 了 梦想 保护 那 仅存 的 纯真 有些 人 在 追逐 梦想 的 路上 已经 失去 了 大部分 纯真 只是 麻木 的 走向 梦想 因为 这是 仅剩 的 最后 一点 纯真 了 有些 人 失去 纯真 后 也 就 失去 了 梦想 毕竟 梦想 大多 都 是 建立 在 纯真 上 的 当 纯真 失去 后 就 会 发现 曾经 的 梦想 多么 可笑
128535034464,加油 章鱼 哥
128529182896,现在 看 海绵 宝宝 没 了 欢笑 全是 对 人物 的 经历 的 心疼
128392122064,BV1Fd4y1V7FP
128245660688,看到 最后 的 那句话 不知 为什么 觉得 那么 苍白无力 是因为 我人 未 老心 先 老 了 吗
128207760400,好好 珍惜 未成年 的 时期 把 做 一点 有 意义 的 事
128592708352,这里 的 未成年 应该 指 的 是 没有 工作 的 时候 罢 不 一定 严格 是 18 岁 以前 大学毕业 之前 都 算 吧
128595474240,回复 : 嗯
128185764240,1000 万 了
128144243456,1000 万
128138469888,1000 万
128135159280,1000 万
128128702752,1000w 8 / 30 21 点
128125589840,1000 万次 悲惨 的 回忆 章鱼 哥 睡 吧 明天 会 更好
128125355248,1000 万 喝彩
128118826064,999.9 万 了
128110575936,1000
128109939792,999.9 w 播放 量 合影
128105869008,999.9
128103937856,999.9
128076064016,我 亲手 埋葬 了 我 儿时 的 梦想 再 把 他 挖出来 换成 了 柴米油盐
127932809648,要 破 千万 啦
127930683904,章鱼 哥 配音 李易 老师 一路 走 好
127926893280,法老 跨年 晚会 的 歌 是不是 借鉴 了 这里
130601108064,是 的
127918266736,冲 千万 播放
127861415344,还 差一点 1000 万
127859328480,1000 万 祝贺
127809469712,我 想 说 的 是 如果 有 一天 我 真的 实现 了 我 生命 中 的 梦想 我 永远 也 不会 让 我 的 双脚 站 在 这 油污 的 地板 上
127751383328,开场 有 什么 比 把 快乐 带给 别人 更 快乐 的 呢 去 死 或者 别的 什么 我 不 知道 你 对 这个 有 这么 强烈 的 感觉 你 要 干什么 我 想 我 无法 阻止 你 但是 章鱼 哥 外面 是 一个 冷酷 的 世界 没有 人用 银 托盘 把 欢乐 带给 你 我 自己 知道 我 非常 可笑 灰灰 丑丑 腿 有 四条 小蜗 有 爱 它 的 海绵 宝宝 派大星 傻 呆呆 的 吹泡泡 蟹 老板 高兴 的 吃 蟹黄 堡 章鱼 哥 在 独奏 E 小调 为什么 我 一 高兴 就 有 错 我 不 知道 你们 在 笑 什么 为什么 大家 都 爱 海绵 宝宝 为什么 章鱼 哥不爱 笑 为什么 我 今天 真糟糕 未来 我 还 没有 准备 好 海绵 宝宝 你 不 知道 你 有 多 幸运 你 有 小 蜗 和 爱 你 的 家人 我 也 想 做 我 爱 的 事 却 总是 这么 倒霉 除 我 以外 这 世界 上 还有 谁 大人 的 世界 比 我 想象 的 难 我 认为 我 是 主角 却 相反 我 的 工作 一 年复一年 一天 复 一天 再见 比基尼 海滩 海绵 宝宝 你 不 知道 你 有 多 幸运 你 有 小 蜗 和 爱 你 的 家人 我 也 想 做 我 爱 的 事 却 总是 这么 倒霉 除 我 以外 这 世界 上 还有 谁 我 想 回到 那个 时代 自己 傻傻 有些 呆 自己 傻傻 有些 呆 但 有家 人们 的 爱 但是 我 我 知道 我 的 笑脸 我 的 爱 我 的 一切 逝去 不再 来 世界 把 我 改变 我 笑 逝去 不见 我 想 逃离 却 逃 到 了 清洁 间 这样 的 日子 又 在 我 眼前 谁 能 知道 我该 怎么办 再见 海绵 宝宝 再见 派大星 我 也 想 做 我 自己 爱 做 的 事情 做 我 爱 的 工作 爱 我 爱 的 人 等一等 我 自己 的 灵魂 有 一句 话 从 今天 早上 我们 一 见面 我 就 一直 想 对 你 说 再见 再见 朋友 再见 比基尼 海滩 我 想 回到 那个 时代 自己 傻傻 有些 呆 自己 傻傻 有些 呆 但 有家 人们 的 爱 但是 我 我 知道 我 的 笑脸 我 的 爱 我 的 一切 逝去 不再 来 世界 把 我 改变 我 笑 逝去 不见 我 想 逃离 却 逃 到 了 清洁 间 这样 的 日子 又 在 我 眼前 谁 能 知道 我该 怎么办 竖笛 独奏 蓄力 中 蓄力 完成 但是 海绵 宝宝 但是 派大星 我 确实 没有 你们 幸运 的 人生 我 辛辛苦苦 工作 三年 但是 我 难得 休假 一天 我 希望 我 自己 傻 呆呆 不 把 世界 看 的 非常 明白 希望 有人 明白 我 的 爱 但是 谁 会 明白 我 的 爱 章鱼 哥 走 在 吹 竖笛 一天 一天 的 为 独奏 练习 明天 比基尼 海滩 都 会 崇拜 我 但是 比基尼 海滩 都 在 嘲笑 我 我 想要 好好 安静 一下 你 今天 累坏 了 小章鱼 明天 一定 会 更 美好 更 美丽 的 结尾 竖笛 独奏
127746910032,说实话 小时候 讨厌 章鱼 哥 不 知道 他 为什么 会苦 着 脸 不来 喝一杯 长大 后 讨厌 海绵 宝宝 不 知道 整天 有 什么 可笑 的 因为 我 发现 我己 经 变成 了 章鱼 哥
127660927168,推荐 通知书 尊敬 的 up 主 您好 由于 您 的 作品 过于 出色 现已 于 推荐 页面 可见 希望 您 的 作品 能 做 得 更好 bilibili 观众 认证
127472333472,一千万
127431506480,章鱼 哥说 自己 有 多么 讨厌 海绵 宝宝 有 多么 想 让 海绵 宝宝 永远 消失 可 就 在 海绵 宝宝 被 刁钻 客户 欺负 被 客户 一把 将 披萨 扔 在 海绵 宝宝 脸上 时 章鱼 哥是 第一个 为 海绵 宝宝 出头 的 人 章鱼 哥 他 把 海绵 宝宝 当作 自己 的 孩子 对待 无时无刻 都 呵护 着 海绵 宝宝 那 幼小 的 心灵 儿时 讨厌 章鱼 哥 长大 己 是 章鱼 哥
128543041936,孩子 还 不至于 就是 很 好 的 朋友
127409587136,哭 了 章鱼 哥 你 是 艺术家 你 是 艺术家
127396952496,海绵 宝宝 天真 善良 没有 任何 恶意 任 为 任何人 都 是 善良 的 章鱼 哥 见到 过 更 多 的 世态炎凉 把 世界 看得 太 透彻 他 刻薄 冷漠 是 掩埋 自己 想要 关爱 的 心 他 不 希望 把 自己 软弱 的 一面 展现 给 别人
127335930832,章鱼 哥 这集 真的 呜呜 呜 小时候 哭 了
127448511584,害 章鱼 哥 也 有 自己 的 心酸
127074224944,确实 去世 了 死 于 2013 年 年 七月 23 日 死亡 原因 是 白血病 后来 的 没有 去世 姓 陈
127068443936,小时候 都 以为 自己 是 海绵 宝宝 长大 了 以后 才 发现自己 是 章鱼 哥
127054722096,其实 章鱼 哥 真的 很惨 好多 人 说 章鱼 哥有 别墅 有 工作 可是 章鱼 哥 其实 想 成为 艺术家 音乐家 可是 他 却 从未 被 肯定 获 成功 过 海绵 宝宝 和 派 大星 随便 都 可能 获得 大家 肯定 包括 有 一集 海绵 宝宝 跳舞 在 他 还 没有 开跳 就 迎来 了 掌声 可是 章鱼 哥 却 只有 谩骂
127316574944,建议 去 看 海绵 宝宝 第 24 集
127336266912,回复 : 看 了 他 终于 风光 了 一次
126999958352,大家 都 笑 章鱼 哥 大家 都 是 章鱼 哥
126987901984,这里 埋 着 的 是 章鱼 哥 的 梦想
126933925936,小章鱼 加油
126932603536,给 我整
126913996640,所有人 都 曾 以为 自己 是 海绵 宝宝 或者 派大星 实际上 生活 的 压力 会 告诉 我们 自己 其实 是 章鱼 哥 我们 常常 会 羡慕 那些 非常 天 真的 人 但 没准 我们 也 不 知道 他们 的 内心
126913097072,可惜 李易 老师 没法 再来 给 这个 视频 翻唱 了
126890485776,人人 都 笑 章鱼 哥 却 人人 都 是 章鱼 哥
126829311360,小时候 超 喜欢 海绵 宝宝 长大 了 变得 很 讨厌 海绵 宝宝 真的 不 理解 他 为什么 永远 那么 开心 可能 就 和 小时候 大人 不 理解 我 为什么 老是 嘻嘻哈哈 一样 吧
126821559792,小时候 不 理解 为什么 章鱼 哥不爱 笑 长大 了 不 理解 为什么 海绵 宝宝 那么 爱笑
126780028784,求 bgm
126846635424,flower dance
126750935072,以前 想 成为 海绵 宝宝 不 知道 从 什么 时候 起 我 变成 了 章鱼 哥
126740792800,唉 小时候 以为 章鱼 哥是 无趣 的 老古板 他 瓮声瓮气 他 规规矩矩 他 总是 像 个 看 小孩子 不满 的 大人 但 喜欢 艺术 的 是 他 喜欢 读 报纸 的 是 他 他 只是 一个 正常人 做 着 循规蹈矩 的 事情 逐渐 过得 死气沉沉 他 只是 一个 正常人 一个 再 像 我们 不过 的 投影
126637467968,明天 是 美好 的 一天 = D
126619694144,你 今天 累坏 了 小章鱼 明天 一定 会 更 美好 更 美丽 的
126585104064,初看 只 笑 剧中人 再 看 已 是 剧中人
126583939536,谁 会 关心 一个 把 竖笛 当做 全部 的 人 呢
126559198448,这个 填词 也 很 不 戳 阿
126553330352,1000 万 冲刺
126524728528,两个 都 非常 好看 且 内涵
126457257280,孙 老师 翻唱 了 派 大星 的 独白 可 李易 老师 永远 翻唱 不了
126335748496,活着 的 叫做 流浪汉 死 了 的 才 是 艺术家 人嘛 价值 嘛
126181823632,哭 了
126128520768,章鱼 哥 曾经 说 过 海绵 宝宝 我 并 不是 一个 称职 的 朋友
126087358656,求 背景音乐
126350149136,花之舞
126047910400,以前 快乐 的 时光 早就 不见 了
125994485808,比博燃
125959074192,罗曼罗兰 说 这 世上 只 存在 唯一 的 一种 英雄主义 那 就 看清 了 生活 的 真相 依旧 选择 怀着 自信 前行
125867434208,吹 的 竖笛 是 哪首 bgm
125913524864,应该 就是 花之舞 变调 而已
125827472208,愿 明天 太阳 照常 升起
125824034784,那个 时代 真是 各路 神仙 斗法 看看 现在
125881010288,模板 批量生产 所有 一个 风格
125782068416,孙悦 斌 老师 翻唱 了 派 大星 可惜 这 一首 再也 没 办法 被 翻唱 了
125769803120,派大星 孙 老师 唱 了 他 那首 可惜 等 不到 李易 老师 来 唱 这首
125705559440,今天 重温 海绵 宝宝 第一集 看到 那个 热情 满满 寻找 铲子 努力 做 汉堡 的 海绵 宝宝 竟然 哭 辽 好像 那个 刚 上班 恨不得 做到 完美 的 自己 然而 有 什么 用 呢
125695807360,章鱼 哥才 是 现实
125646771984,小时候 讨厌 章鱼 哥 但 如今 现在 看 了 的话 章鱼 哥 就是 像 我们 每个 人 一样
125642875792,千万 助力
125017069536,长篇大论 者 皆 为 输家
124938244432,海绵 宝宝 不是 一个 傻 呆呆 的 动画 每一集 都 有 深刻 的 含义 而 第九 季 之后 就 把 海绵 宝宝 变成 幼稚 无脑 的 动画 失去 了 原本 的 初心 和 意义
124865678944,章 章鱼 哥其 其实 我 非常 喜欢 听 你 吹 的 竖笛 但是 你 为什么 要 卑躬屈膝 的 对 着 别人
124730949744,章鱼 哥 和 海绵 宝宝 在 事业 方面 差 的 唯一 一点 仅仅 在于 他 缺乏 了 对 事物 本真 状态 的 把握 与 感受 换言之 海绵 宝宝 是 无 所 为 而 为 从而 能活 在 当下
124714093872,小时 人人 都 讨厌 章鱼 哥 现在 人人 都 是 章鱼 哥
124653417104,终于 那段 难熬 的 日子 熬过来 了
124223898912,呃 呃 是 千万 助攻
124203176736,无法 拯救 一个 厌世 的 人
124173977504,百万 助攻
124219059584,千万 助攻
124146311136,不 放弃
124146093296,想要 的 东西 都 得到 了 但 回头 却 发现 失去 的 东西 更 多
124114662144,人 最后 都 活成 了 章鱼 哥 的 样子
124103529616,那段 笛子 声 可以 说 是 封神
123991927120,其实 章鱼 哥 心中 保有 梦想 但 因为 生活 无法 进行
123839710496,累到 连 自我安慰 都 不信 了
123819083232,音无结 弦 之 时悦动 天使 之心 立于 浮夸 之世 奏响 天籁 之音
123668594912,少时 人人 嫌 章鱼 哥成 时 人人 皆 是 章鱼 哥
123658455296,法老 好像 有 唱 哎
123669293120,明天 是 美好 的 一天
124258195968,回复 : 是 抄袭 吗 歌词 好多 都 一样 诶
124282698624,回复 : 不是 的 我 用 的 wy 云 最后 有 标注 的 wy 云 的 是 bilibili 傲世 子木
124326379536,回复 : 哦 哦 我 用 的 QQ 音乐
125863819200,回复 : Q 音 也 标注 了
123488474272,01 : 41 来 了
123408912848,我 了解 世界 真实 所以 我 我 努力 看 向 硬币 正面
122914037296,泪目
122829009888,考古 977 万 了
122663090576,在 吗 up
122547445584,up 你 的 视频 到 970 万 播放 了 三 连 也 破 万 了
122257187824,我 以为 章鱼 哥 很 烦人 他 却 带来 成年人 生活 的 常态
122216733472,给 自己 加油
122200487680,我 以为 我 是 主角 可是 发现 我 是 人群 中 最 平庸 的 那个 打工 好累 哦
122177120240,章鱼 哥 永远 的 男神
122123539920,章鱼 哥是 谁 是 长大 后 的 你 吗 ...
122093513440,比奇 堡 唯一 关心 章鱼 哥 的 是 海绵 宝宝
121795910032,做人 太累 了 下辈子 不当 人 了
121782030160,如果 站 在 海绵 宝宝 的 角度看 这 一生 呢
121984191440,海绵 宝宝 是 主角 他 可以 无忧无虑 但 章鱼 哥 只是 一个 悲惨 的 配角 需要 为了 生计 而 奔波 还要 受到 各方 的 折磨 一生 注定 不幸 这 是 跟 海绵 宝宝 不能 比 的
121674120464,当 你 长大 以后 回顾 儿时 的 动画 就 会 有 另 一种 感觉
121609013440,小时候 我们 都 讨厌 枪乌贼 长大 后 我们 都 变成 了 枪乌贼
121595874832,已经 成 了 章鱼 哥 的 样子 了
121583446080,法老
121528977008,章鱼 哥是 在 海绵 宝宝 里 唯一 一个 把 社会 看 的 这么 透 的 一个 人 也 是 非常 倒霉 的 一个 人 海绵 宝宝 经常 把 他 的 事情 搞砸 虽然 他 非常 讨厌 海绵 宝宝 但 他 也 是 最 喜欢 海绵 宝宝 的 一个 人
122829030192,确实
121527551840,章鱼 哥是 海绵 宝宝 里 唯一 一个 把 社会 看 的 非常 透 的 人 也 是 很 倒霉 的 一个 人 海绵 宝宝 经常 将 他 的 事情 搞砸 虽然 他 是 最 讨厌 海绵 宝宝 的 人 但 他 也 是 最 喜欢 海绵 宝宝 的 一个 人
121423673616,我 就要 写 小说 就要 写 就要 写 就要 写 就要 写 我 就要 逃避现实 就要 逃避 就要 就要 就要
121315384096,( )
121296333168,哭 了 忍不住 了
121222305008,我 宁愿 当 个 章鱼 哥 每天 过 的 不好 的 生活 一直 伤心
121180971104,这个 视频 的 原声 在 网易 云 音乐 未标明 作者 出处 被 私自 上传 了 应该 算 侵权 了 吧 已经 举报 了
121168902880,这里 埋 着 的 是 章鱼 哥 的 梦想
121116666448,小时候 看不上 章鱼 哥 长大 越过 越像 章鱼 哥
120762364400,在 整个 比奇 堡 中 只有 章鱼 哥才 是 真正 的 天才 艺术家
120716725680,章鱼 哥 最起码 有 自己 所 喜爱 的 乐器 所 追求 的 艺术 所 向往 的 生活 想 和 他 玩 的 海绵 宝宝 和 派 大星 以及 一个 即使 活在 枯燥 的 世界 却 努力 追求 乐观 的 心
120426702768,凌晨 一点 我 看着 这个 视频 一个 人 躺 在 床上 哭 的 一塌糊涂
120395671872,用 儿童 动画 展示 出 成人 的 世界
120380077936,竖笛 那段 是 哪 首歌 呀
120320280448,你 今天 累坏 了 小章鱼 明天 一定 会 更 美好 的 更 美丽 的
120320244496,章鱼 哥是 疯狂 的 但 他 是 一个 真正 的 艺术家
120319927728,章鱼 哥 你 是 个 艺术家 给 我 站 起来 你 的 梦想 和 希望 永不 消亡 的 也许 只是 需要 你 的 勇气 你 的 一切 都 会 很 好 起来 的
120319729472,小时候 认为 自己 是 海绵 宝宝 结果 长得 却是 章鱼 哥
120319704272,如果 既然 梦想 和 希望 已经 被 埋没 的话 那 就 鼓起勇气 再 把 梦想 和 希望 挖掘 出来 明天 一定 会 更 美好 的
120213357280,如果 梦想 被 自己 亲手 埋葬 了 也 请 鼓起勇气 拿 起 锄头 把 再 梦想 挖出来
120213309568,人生 的 旅途 就是 这样 用大 把 的 时间 迷茫 在 几个 瞬间 成长
120212694464,以 最美 之心 奏响 天籁 之音
120168476336,我 呜呜 呜
120028754416,章鱼 哥 就是 代表 我们 这群 平凡 之辈 啊
119952533152,法老 是不是 抄袭 这个 歌词
121386046560,你 可以 去 看看 法老 那首 是 谁 的 词
121669907152,作词 写 了 法老
119911358192,我们 到底 是 活 了 365 个 不 一样 的 每 一天 还是 一天 活 了 365 次
119859300432,我 喜欢 章鱼 哥 的 最大 原因 就是 就算 不 被 生活 待见 无法 实现理想 做 着 自己 不 喜欢 的 工作 难得 的 休息日 也 经常 被 打搅 天天 抱怨 他 还是 会 把 披萨 拍到 不 礼貌 的 客人 脸上 会 把 所有 家当 送出去 只是 为了 哄 海绵 宝宝 开心 会替 海绵 宝宝 打抱不平 始终 拥有 一颗 善良 的 心
119791007968,你 今天 累坏 了 小章鱼
119707894672,现实 就是 这样
119688695824,哇 哈哈 今日 成就 张口 说话 不 超过 20 句 再 一个 人待 几个 星期 我 就 彻底 黑化 了 耶
119916115248,别 这样
119551968960,为什么 我 一 高兴 就 有 错
119425912448,我 希望 我 的 生活 变得 很 好 或者 意外 去世
119379948336,成人 的 世界
120131693312,我 的 网易 云 歌单 里 有 海绵 宝宝 语录
119329686528,有时 发现 我们 即 是 海绵 宝宝 也 是 章鱼 哥
119238514112,世界 把 我 改变 我 笑 逝去 不见
119199781280,这 不是 法老 的 一首 rap 么
119225861584,你 要 看 这个 作品 什么 时候 发 的
121386487568,看 一下 是 谁 作 的 词 而且 肯定 是 得到 作者 授权 的
119166539472,音无结 弦 之 时悦动 天使 之心 立于 浮华 之世 奏响 天籁 之音
119072556496,音乐 是 什么
119061240304,给 我 看 哭 了
119059405728,2022 前来 考古
118946156736,法老 的 歌 歌名 明天 是 美好 的 一天
120139130400,这是 法老 抄 的 吗
121367634528,回复 : 这是 b 站 跨 年 晚会 上 的 演出 节目 里边 也 标出 灵感 来自 于 这个 视频
121386573712,回复 : 歌上 注明 了 原词 是 up 作 的
118907100448,刚 开始 我们 都 是 海绵 宝宝 也许 是 派 大星 但 长大 之后 我们 其实 都 是 章鱼 哥
118795620880,小时候 看笑话 长大 后 看 真实
118681193024,可以 转载 吗 这 真是 个 宝藏
118327637696,章鱼 哥 的 生活 才 是 众多 普通人 的 现状 吧
118211581616,啊 美好 的 日子 一去不回 章鱼 哥 埋葬 了 自己 的 梦想 和 自己 海绵 宝宝 也 不再 温馨 取而代之 的 是 怪诞 和 猎奇
118207505072,求 BGM
119488740800,应该 是 komorebi
118206879200,看 动漫 一口 一个 正常 不 正常 有意思 吗
118207013808,不 觉得 你们 所谓 的 正常 很 可悲 吗
119523321504,回复 : 你 不 觉得 所有人 都 很 可悲 吗
121386987136,看 得到 深层 难道 这样 没意思 吗
117961028528,在 电视 上 也 看到 了 这条 视频
117872298336,小时候 一直 觉得 章鱼 哥是 所以 人中 最 不 正常 的 现在 才 发现 他 其实 是 最 正常 的 普通人 的 写照
117670225248,埋 梦想 的 在 哪 一集 啊
117642153504,说实话 作品 不是 很 好 感觉 大家 有共情 的 是 章鱼 哥 这个 角色 和 成年人 的 无奈 作品 只是 给 了 个 平台 让 大家 讨论
117641442800,直接 把 我 改变 我 笑 逝去 不见
117461045856,怅然
117460798368,无话可说
117365852176,小时候 看 海绵 宝宝 很 快乐 现在 看 海绵 宝宝 却 看 得 很 生气 我 很烦 海绵 宝宝 为什么 要 折腾 已经 在 努力 活着 的 章鱼 哥 我 一 开始 想不通 我 为什么 生气 现在 却 想通 了 海绵 宝宝 是 我 的 童年 而 章鱼 哥是 我 的 现在 把 曾经 的 美好 展现 在 如今 糟糕 的 自己 面前 再 告诉 自己 永远 也 回不去 了 还有 比 这 更 残忍 更 令人 生气 的 事 吗
117363030832,一直 在 思考 什么 才 是 真正 的 艺术 是 男男女女 扭 做 一团 唱 着 靡靡之音 还是 在 前 无 任何 光明 时 落魄 的 人 却 一起 歌唱 着 一切 都 将 会 过去
117343423536,虽然 但是 个人观点 这个 视频 在 我 的 心目 中 已经 超越 派大星 成为 最牛 的 鬼畜 了
117331879424,要 相信 社会主义 核心
117306026176,如果 有 梦想 就 一定 能 实现 那 这个 世界 早就 不 叫 现实 了 它 叫 乌托邦
117281631360,那群人 爱 玩游戏 他们 可能 觉得 那些 事 就是 一场 游戏 所以 他们 很 快乐 当 他们 结束 的 时候 也 是 我们 盛夏 的 结束
117239685120,来 每日 一哭 了
117198140224,不 知道 为什么 我 突然 好 想 我 刚出生 一年 就 已经 无药 可救 绝症 的 弟弟
117089409424,这个 视频 好棒
117086044272,后来 才 发现 人生 的 终极目标 就是 派大星 最 难能可贵 的 是 纯真 的 快乐
116989022592,要 毕业 了 祝 我 毕业 快乐 吧
117635765232,毕业 快乐
118114164224,回复 :
116940378352,2022 年 6 月 15 号 还有 人 看 吗
116878005056,我爱你 我爱你 青岛
116869330704,章鱼 哥 将 青春 献给 了 蟹 堡 王 在 最 应该 为 梦 拼搏 的 年纪 默默 当着 餐厅 员工 为什么 章鱼 哥 整天 愁眉苦脸 因为 他 孤独 他 眼睁睁 看着 青春 流逝 梦想 被 埋葬 那 一集 章鱼 哥是 快乐 的 他 组织 乐队 在 万人 球场 演出 在 竞争对手 前 一雪前 耻 那 是 他 的 人生 巅峰 梦想 就 像 未曾 绽放 的 花朵 要么 枯萎 要么 绽放 你 还 在 为 你 的 梦想 而 坚持 吗 ?
116823789424,小时候 章鱼 哥 为什么 不会 笑 我 讨厌 他 现在 我 为什么 不会 笑 我 讨厌 我
116658541360,章 魚哥 的 悲劇 在 於 他 是 正常人 卻 被 一群 精神病 包圍
116612024000,想 哭
116563116320,我 不 笑 是 我 生性 就 不爱笑
116546895648,我 竟然 看 哭 了
116539302544,儿时 想 成为 海绵 宝宝 长大 了 却 成为 章鱼 哥
116504763776,小时候 我们 是 海绵 宝宝 长大 后 我们 活成 了 章鱼 哥
116464653712,法老 的 明天 是 美好 的 一天
116459999184,一 想到 未来 我会 和 那些 被 我 鄙视 的 成年人 一样 放弃 自己 喜欢 的 事物 去 做 一件 完全 不 喜欢 的 工作 就 对 成长 和 未来 感到 无限 的 恐惧
116398714576,我 也 亲手 埋葬 了 我 的 梦想 和 希望
116394526496,我 叫 章鱼 哥是 一位 失败 的 天才
116388269696,章鱼 哥
116338898512,你 今天 累坏 了 明天 会 更好 的 小章鱼
116309966880,人人 都 笑 章鱼 哥 人人 都 是 章鱼 哥
116162544912,世人 皆 笑 章鱼 哥 世人 皆 是 章鱼 哥
115994098656,我 也 头 圆顶 天足方 履地 一般 有 九窍 四肢 五脏六腑 何以 别人 不同
115924540880,海绵 宝宝 单纯 童真 派大星 不要 嘲笑 傻子 他们 比 你 更 了解 世界 章鱼 哥 反应 着 现实
115901412400,我 只 希望 我 从来 都 没有 来过 这个 世界 上
115826727952,背负着 世界 的 糟粕 大步 向前
115901551088,农村 的 更惨 呐
115715861504,为什么 我 一 高兴 就 有 错
115969076848,我 都 感觉 我 每次 一 高兴 就 有 不好 的 事 发生
115564215168,话 说 只能 投 自制 吗
115503180976,音无结 弦 之 时悦动 天使 之心 立于 浮夸 之世 奏响 天籁 之音
115482676304,其实 我们 很累 只是 在 强颜欢笑
115476278704,派大星 小 脑萎缩 章鱼 哥 脑积水 海绵 宝宝 恶性 毛囊炎 却 还 坚强 的 活着 太 励志 了
115344665856,该 怎么办 啊
115336195920,去 我 的 私藏 里 吃 灰 吧
115303043376,第九 遍
115308391856,你 很 执着 啊
115314934704,回复 :
115319937696,回复 : 我 不怎么 看 视频 但是 我 存储 到 了 音频 在 mp3 中 所以 我 也 是 听 了 很多遍 了
115195799392,第八 遍
115135152848,世界 把 我 改变 我 笑 逝去 不见
115121225312,6.1 记得 快乐
115064071440,真正 宝藏
115049411440,多屯 钱 早点 退休 死前 花光 所有 钱 就 这样
115029386720,第七 遍
114969122384,第六 遍
114950004432,失败 贯穿 着 人生 的 始终
114912288928,明天 会 更好
114909847008,有时候 我 也 真不知道 他们 在 笑 什么
114844965888,第五遍
114834560080,BGM 是 什么 呀
114855901200,花之舞
114975649984,回复 : 谢谢
114829134064,你们 喝多 了 真正 的 艺术家 不 都 是 跪 着 的 么
114806776720,想 起来 章鱼 哥 配音 是不是 已经 ...
114802621520,说 谁 爱 章鱼 哥 给 我 点赞 的 那个 什么 意思 ? !
114789897344,看 完 这个 之后 突然 发现 小时候 无法 理解 章鱼 哥 的 态度 是 多么 幸运
114778825024,查重率 100 小时候 不 知道 章鱼 哥 为什么 整天 不 快乐 长大 了 不 知道 海绵 宝宝 为什么 整天 欢乐
114776066912,法老 的 歌 是 先发 还是 后发 的
115086248144,后发 的 备注 了 来自 这里
114741429568,那 里面 埋 着 的 东西 的 可能性 章鱼 哥 的 梦想 名誉 财富 头发 自己
114739783088,已经 900 万 了 我 当初 收藏 的 时候 播放 量 才 10 万多
114704843360,法老 是 在 跨 年 唱 的 这 首歌 吗
115102531504,我 感觉 是 这个 的 改版 但是 两个 都 很棒
114689166384,以前 总是 不 明白 章鱼 哥 为什么 总是 整天 哭丧 着 个 脸 原来 这 就是 成年人 的 世界 啊 只能 说 章鱼 哥是 大部分 人 的 常态
114681288864,我们 的 痛苦 源自 于 我们 的 期待 然而 没人能 断定 我们 的 期待 是否 正确 是否 合理 没有 期待 的 人群 干着 自己 想 做 的 事 付出 了 行动 当场 收获 结果 遵循 着 趋利避害 的 心为 准则 在 我们 眼中 他们 会 越过 越 好 但是 看到 这 条 评论 的 朋友 们 不要 放弃 灰头土脸 也 没有 关系 活 的 有 多 累 都 没有 关系 那 只不过 是 以前 的 自己 给予 的 定义 放眼 未来 或者 学会 抛弃 探寻 而是 去 遵循 希望 大家 都 能 轻松 一些
114621895536,这里 埋 着 的 是 章鱼 哥 的 梦想
114578589216,外面 是 一个 冷酷 的 世界 没有 人用 银 托盘 把 欢乐 带给 你
114541415824,我 有 一个 理想 但是 我 坚持 不住
114469982144,我 最 喜欢 章鱼 哥 因为 章鱼 哥 虽然 是 向 生活 妥协 的 人 但是 他 依然 有些 自己 的 热爱 认真 的 对待 生活 保持 着 善良 即使 有时候 很 讨厌 海绵 宝宝 但是 在 章鱼 哥 心里 他 还是 把 海绵 宝宝 当 朋友 我 喜欢 章鱼 哥 因为 世界 上 没有 多少 人 能比 章鱼 哥 做 得 更好
114466666672,633321 /
114408127312,法老 的 歌词 给 你 一样 哎
114567940832,我 也 想 说 应该 是 法老 找 up 要 了 版权 吧
114393571200,人人 都 笑 章鱼 哥 人人 都 是 章鱼 哥
114384987984,加油 陌生人
114333231600,觉得 自己 像 章鱼 哥 但是 章鱼 哥 对 自己 的 艺术 能力 永远 有 信心 呀 我 却 老 是 觉得 自己 拉
114208247632,泪目 我 的 眼泪 谁 来 赔
114147278480,币刚 投完 唉
114093250480,章鱼 哥有 靠近 公司 的 双层 别墅 够 支持 他 的 众多 兴趣爱好 别说 你们 是 章鱼 哥 了
113964871056,章鱼 哥 怪物 我 觉得 这个 更 合适 哎
113919032608,但是 海绵 宝宝 爱 你 啊
113801355600,你 给 我 站 起来 不要 再说 那些 没用 的话 曾经 你 不是 冤枉 当 一名 音乐大师 吗 那 你 现在 就 拿 起 你 的 竖笛 给 我 唱 直到 你 唱 到 开心 为止
113787721024,我 是 狗
113606701648,笑死 没有 人想 成为 章鱼 哥 我 就是 章鱼 哥 就 真实 的 一句 话 没有 人 真正 关心 员工 的 命运 他们 关心 的 只有 自己 的 幸福
113504143760,我 想 让 自己 过得 轻松 点 我 不想 努力 上 进 我 不想 年入 百万 我 只 想 过 普通 的 生活 我 只 想 挣钱 可以 养活 自己 可以 有 空闲 时间 发呆 看书 做 自己 喜欢 做 的 事情 但是 我 的 妈妈 说 不 可以 我 不 可以 这样 我要 结婚 我 要生 孩子 我要 为 以后 的 孩子 奋斗 努力 赚钱 为 以后 赡养 他们 努力 赚钱 可是 我 不想 这 不是 我 想要 的 我 的 妈妈 说 我 自私 她 说 后悔 生 了 我
113697847424,那 你 不会 说 谁 叫 你 把 他生 下来 你 以为 想 生就 生 不用 负 后果 的 你 以为 是 养条狗 想 叫 他 干嘛 就 干嘛 这 是 你 的 报应 活该
113494784832,以前 不 懂章 魚哥 怎麼 這麼 悲觀 但長 大後才 知道 章 魚哥 的 無奈 自己 的 夢 想 因 現實 的 各種 因素 逐漸 磨滅 最 後 彷 彿 行屍 走 肉 失去 逐夢 的 勇氣
113493604016,动画 好像 还有 一集 叫 章鱼 哥自 sha
113813083552,没有
113825086256,回复 : 你 是 没 看到 才 说 没有 还是 说 本来 就 没有
113825178576,回复 : 有 的话 现在 也 被 禁 了
113861454624,回复 : 没有 的 官方 从来 没 出过 那 是 个 谣言
113925627264,回复 : 原来 是 谣言
113286835712,第一个 让 我 看 的 想 哭 的 视频 投币 了
113146115584,如果 我 住 的 高 一些 我 也许 就 自由 了
113065535216,章鱼 哥是 剧中 唯一 的 正常人
112829200976,千万 播放 冲 呀
112707128592,每个 人 都 在 羡慕 每个 人
112615133904,这 首歌 太 难听 了 ( 设定
112578349120,你 今天 累坏 了 小章鱼 明天 一定 会 更 美丽 的
112572475712,主播 不 在 了 也 不 更新 了 我 的 快乐 也 没有 了
112533203968,人人 都 是 章鱼 哥 啊
112527557088,章鱼 哥 骂骂咧咧 的 说 : 你礼貌吗 我 可是 艺术家 只是 时代 的 错 ! ! ! 总所 周知 我 章鱼 哥 的 快乐 就是 没有 海绵 宝宝 可 我 就 生 在 海绵 宝宝 的 世界 里 了 替 我 杀死 那个 海绵 宝宝
112383271904,泡泡浴 烹饪 美食 种植 园艺 精致 有 规划 的 周末 油画 雕刻 演奏 自己 喜爱 的 乐器 独自 去 高级 餐厅 包厢 用餐 他 自诩 市侩 却 在 如此 平庸 的 日子 里 栩栩 生辉
112382771376,""" 客人 点餐 你 来 做 我 端上去 我们 会 这么 工作 40 年 然后 我们 就 死 了 对 我 来说 这 真是 个 好 工作 """
112313940880,章鱼 哥是 比奇 堡 最 清醒 的 人 他 也 想 过 上 自己 想 的 生活 但 现实 总是 不如意 章鱼 哥是 海绵 宝宝 中 现实 的 代表
112313633248,一只 猫 一只 老鼠 两熊 一人 海绵 海星 螃蟹 松鼠 和 章鱼 超兽 武装 是 我 的 童年
112210936368,如果 自己 不惜 尊严 给 他人 给予 快 了 但 那个 却 被 许多 人 唾弃 怎么办 他 还 该 给 人 带来 快乐 吗
112175280128,这 都 是 导演 的 错
112124882720,我 名字 的 谐音 就 叫 章鱼 哥上 小学 时 就 总 被叫 外号 我 总是 很 在意 但 看 完 这个 视频 我 只是 想 说 章鱼 哥 就是 每个 平凡 但 又 充满 梦想 不肯 放弃 努力 的 人 致敬 每 一个 章鱼 哥 明天 会 更 美好
112081813520,人人 都 笑 章鱼 哥 人人 都 是 章鱼 哥
111981173440,我 爱 章鱼 哥 他 不是 失败者 真的 好 想 跨过 屏幕 给 章鱼 哥 一个 拥抱 感谢 up 选 的 都 是 央视 李易 老师 的 版本 真的 李易 老师 的 章鱼 哥 最 有 灵魂 还有 up 做 的 真 好 三 连 了 章鱼 哥 值得 有人 疼 比基尼 海滩 这个 疯狂 的 世界 对 他 太 不 公平
111981152064,笑 着 笑 着 就 哭 了
111965060112,做成 满屏 应该 更好
111952116768,我 曾经 有过 一个 梦想 但是 长大 的 我 亲手 把 他 下葬 了
111882124528,中间 的 插曲 真的 是 章鱼 哥 吹 的 吗
111657387536,这 首歌 是 什么
111874496112,美好 的 一天
111626357424,为什么 我 一 高兴 就 有 错 年少时 我 从 不敢 轻易 放肆 地笑 不敢 没 负担 的 快乐 不敢 接纳 令 我 心情 愉悦 的 事物 因为 一旦 高兴 将 承受 从 云端 坠入 深渊 的 痛苦 家暴 的 阴影 弥漫 了 我 整个 童年 那 是 一段 即便 过去 多年 仍 在 梦魇 里 凌迟 我 的 回忆
111553736208,在 这个 冷酷 残暴 的 世界 上 虽然 不 只有 黑和白 两种 颜色 但是 有些 人 却 永远 都 得不到 救赎 当 你 真正 解读 了 一个 疯子 的 思想 那 你 就 已经 成为 疯子 了 你 永远 都 想 成为 海绵 宝宝 那样 的 人 但是 别忘了 你 永远 都 只是 那个 章鱼 哥 那个 被 现实 埋葬 了 他 的 梦想 和 希望 的 可怜 的 章鱼 哥
111534810672,BGM 是 什么
111626502464,flower dance 花之舞
111519651696,小时候 看着 在 笑 现在 看着 看着 就 看 哭 了
111516508128,小时候 跌倒 了 有人 就 哭 没人 就 会 自己 爬起来 长大 跌倒 了 有人 就 自己 爬起来 没人 就 会 哭 一会儿
111497492544,明天 一定 会 更 美好
111471877360,阿巴 阿巴 看 头像
111417977184,庆幸 我 的 童年 是 一块 百洁布
111377727904,随然 未来 还 没到 但 太 真实 了
111352702384,鬼畜 看到 自己
111352607104,看看 我 的 作品 吧 日记 - 哔哩 哔哩
111342027216,大人 的 世界 比 想象 的 难 以为 我 是 主角 却 相反
111321547984,音无结 弦 之 时悦动 天使 之心 立于 浮夸 之世 奏响 天籁 之音
111194598992,泪目
111170173216,本来 是 来 寻找 快乐 的 结果 结结实实 泪目
110958919952,我 打 出来 的 子弹 全是 我 破碎 的 梦想
110950074048,以前 真的 不 懂 现在 根本 不 需要 思考 立刻 感同身受 章鱼 哥 的 小 颓废 怎么 不 懂 呢
110766520192,加油 啊
110689011168,太棒了
110638196896,海绵 宝宝 里 的 每 一个 生物 都 代表 现实生活 中 的 一类 人 啊
110626430016,法老
110451388992,这里 埋葬 的 是 章鱼 哥 的 理想
110395869648,最近 很 焦虑 也 很 丧 不 知道 说 什么 你好 陌生人 生活 还要 继续 希望 明天 会 更好
110286358384,加油 快破 一千万 了
110257817072,法老 明天 是 美好 的 一天
110238874960,我 想 摸摸 他 却 只 摸 到 了 冰冷 的 镜子
109734761760,5600
109718420480,我 的 梦想 是 什么 你 的 梦想 又 是 什么 呢
109666917440,小时候 我们 喜欢 海绵 宝宝 他 有 常人 没有 的 乐观 有 无与伦比 的 天赋 有 跌倒 爬起来 的 勇气 也 有 爱 他 的 家人 和 朋友 也 喜欢 派大星 因为 觉得 他 傻傻 呆呆 的 没有 烦恼 运气 还好 而 对于 章鱼 哥 小时候 并 没有 那么 讨厌 他 只是 觉得 他 很 不 快乐 很 不耐烦 喜欢 吹 竖笛 但是 吹 不好 现在 再 看 又 感叹 章鱼 哥 这个 人物 塑造 的 过于 真实 他 有 梦想 但是 没 人 欣赏 骨子里 也 是 个 热心肠 海绵 宝宝 真正 遇到困难 时 他 是 会 伸出 援手 的 工作 和 自己 的 梦想 也 毫无关系 还会 被 压榨 看到 海绵 宝宝 和 派 大星 的 快乐 也 会 想 去 参与 还 记得 他 抓 娃娃 花 了 几乎 全部 的 家当 当 真正 抓到 的 时候 也 会 真心 的 笑 出来 海绵 宝宝 和 派 大星 代表 着 童年 的 无忧无虑 那么 章鱼 哥 就是 长大 后 大部分 人 现实 有 多少 人 将 梦想 贯彻到底 又 有 多少 人 把 梦想 变成 了 爱好 还有 多少 人 为了 一日三餐 将 梦想 抛之脑 后
109653113072,明天 一定 会 更好 这句 话 本身 就是 错误 明天 是 不 确定 的 以及 这 也 暗示 了 今天 过得 不怎么样
109552646160,人人 笑 章鱼 哥 人人 皆 是 章鱼 哥
109450818624,一个 虚拟世界 里 刻画 的 最 真实 的 人 章鱼 哥
109263311568,章鱼 哥 曾经 一度 认为 自己 喜欢 那种 高端 的 上流 生活 结果 真的 进 了 那么 一个 高档 的 章鱼 公寓 之后 却 发现自己 过得 并 没有 那么 快乐 最后 抢 了 工人 的 工具 在 高档 章鱼 公寓 里 干 着 海绵 宝宝 曾经 干过 的 傻事
109207971424,章鱼 哥 我 理解 你 我 和 你 是 一样 的 我 做 什么 都 不 对 都 不顺 我 也 就 想 洗个 澡 而已 老 有人 阻止 阻止 我 的 一切 行动 我 到底 做错 了 什么 我 也 是 一 高兴 就 有 错 我 去 外地 打工 也 找 不到 工作 就算 有 工作 一天 却 只能 赚 二十块 钱 老板 也 不 把 我 放在眼里 但 我 却 认为 老板 是 只 猴子 反正 都 是 猴变 的 有 什么 区别 没有 朋友 没有 工作 什么 都 没有 不过 我 终于 还是 实现 了 我 的 梦想 我 当上 了 警察 这样 看 谁 敢 看不起 我
109162859296,泪目
109067073760,法老 那首歌
109018707424,这个 视频 让 我 知道 了 世界 上 不止 我 一个 这么 可悲
109016968768,这个 视频 的 BGM 是 什么
109015819168,小时候 喜欢 海绵 宝宝 和 派 大星 长大 了 喜欢 章鱼 哥
109000795600,失去 希望 失去 烦恼 只有 失望 了 吧
108962791472,也许 章鱼 哥 真正 的 快乐 就是 因为 一场 意外 死去
109430957952,你 想 多 了 章鱼 哥远 比 你 想 的 要 乐观
108918078656,天天 为了 梦想 为了 多少 年 到头来 还 不是 过 着 这样 的 工作 我 一天 又 一天 一年 又 一年 一直 在 朝着 梦想 啊 到 现在 都 没有 放弃 过 可是 这有 什么 用 没有 成就 没有 钱 我 的 梦想 屁 都 不是 当 我 认清 现实 才 会 发现 梦想 全是 幻想
108797375744,有 谁 知道 海绵 宝宝 跟 大家 一起 坐 大巴 去 抓 水母 是 哪 一集 ( - )
108766533584,现实
108710000352,章鱼 哥是 一个 最 积极 努力 的 存在 他 不仅仅 要 成为 竖笛 家 还要 学习 芭蕾舞 绘画 和 雕塑 他 努力 维持 自己 的 骄傲 当蟹 老板 开除 他 时候 他 说 不是 我要 辞职 但是 他 被 现实 打败 了 天才 ~ 海绵 宝宝 混混 ~ 派大星 资本 ~ 蟹 老板 生活 苏东坡 说 难得糊涂
108860031264,还 真 不是 最 积极 努力 这 动画 本来 就 很 无厘头 没有 具体 的 人 设在 只有 个 大概 在 在 无厘头 中 给 观众 带来 欢乐 也 时不时 吐槽 现实 社会 有 一集 就是 讲 章鱼 哥 逃避 海绵 宝宝 不是 天才 派大星 更 不是 混混
108896324160,回复 : 有 道理
108670204736,人生道路 千万条 唯有 哲学 第一条 不管 你 是 做 什么 的 你 是不是 忘 了 你 自己 是 谁 但 我 想 告诉 你 即使 你 过 得 再 好 也 不要 忘记 情趣 是 我们 的 一种 表达 再 好 的 人生 也 只是 拼搏 过 了 不要 放弃 加油
108612646560,但是 谁 会 接受 我 的 爱
108571999680,成年人 的 世界 真的 很 复杂 追梦 的 路 漫长 又 艰难
108552817712,章鱼 哥 最 倒霉 的 事 是 碰到 了 海绵 宝宝 最 幸运 的 事 也 是 碰到 了 海绵 宝宝
108532140528,我 的 第 1 个 收藏 居然 给 了 你
108504988656,明天 是 美好 的 一天
108477350288,有 的 人 在 看 鬼畜 有 的 人 在 看 镜子
108468554656,小时候 最 讨厌 章鱼 哥 讨厌 他 带来 的 负 能量 到 现在 才 知道 这 就是 现实
108407782512,章鱼 哥 : 我 讨厌 你们 所有人
108378122528,幻想 很 美好 现实 很 残酷 这 就是 章鱼 哥
108377994992,他 也 向往 过
108144589632,这 就是 人生 吧 过 着 不起眼 的 生活 当着 默默无闻 的 角色 浑浑噩噩 度过 一生 回顾 过后 却 又 发现自己 一无是处 罢了 也许 人 很 复杂 但 又 很 简单
108065314016,法老 原来 用 的 这个 词
108016029648,这个 声音 怎么 做 啊啊啊 啊
107969260224,"音无结 弦 之 时 天使 跃动 之心 立于 浮华 之世 奏响 天籁 之音 的 意思 是 音乐 没有 因为 弦 静止 就 没有 声音 的 时候 就 像 天使 跳动 的 心站 在 如此 纷繁 的 世界 内心 静如 止水 不受 其扰 深处 闹市 依旧 可以 谱写 不凡 英文 When the sound does not end , it pleases the heart of angels . Stand in a world of boasting and play the voice of nature ."
107926513056,三连加 关注
107760807072,补上 了 这个 视频 的 币 以前 看 章鱼 哥 却 觉得 自己 不会 成为 章鱼 哥 现在 想来 还是 太 乐观 了 就算 三年 后 的 我 能 考上 最 喜欢 的 新传 研究生 却 不能 改变 如今 的 我 转 汉语言 专业 失败 的 事实 我 的 本科 大学 生活 我 想 不会 再有 令人 悸动 的 色彩 了
107754523840,我 现在 大脑 空空 是因为 看到 了 曾经 霸凌 我 的 人 吗 还是 我 觉得 我 无法 追寻 自己 的 梦想 还是 我 被 诅咒 了 我 想 去 我 心中 的 梦想 之地 啊
107740707632,从小 看 海绵 宝宝 就 最 喜欢 章鱼 哥 每次 看到 海绵 宝宝 和 派 大星 做 蠢事 时 我 就 和 章鱼 哥 一样 很 生气 来 着
108072003568,你好 特别 呀 哈哈 小声 说 我 最 不 喜欢 章鱼 哥
108232698144,好家伙 从小 就 成熟 了 朋友
108239147072,回复 : 好家伙 我 也 好奇 小时候 不 喜欢 海绵 宝宝 还 怎么 看 了 这么 多遍 海绵 宝宝 来 着 哈哈哈 找虐 吧 可能 是
108239152000,回复 : 笑死 了
107703331072,人 终究 还是 活成 了 自己 最 讨厌 的 样子
107687577232,我 感觉 派大星 的 独白 和 章鱼 哥 的 独白 是 两个 不同 的 故事 一个 对 生活 已经 有些 厌倦 和 讨厌 的 中年人 和 一个 失去 最好 了 的 朋友 的 少年
107559089904,明天 我 一 可以 成为 我 想要 的 样子
107387685440,关于 不想 把 世界 看 的 这么 明白 这 一句 其实 我 想 说 单数 层 的 人 觉得 开心 快乐 双数 层 的 觉得 真相 残酷 又 艰难 咱 就是说 当 你 在 第一层 你 觉得 世界 浪漫 美好 当 你 到 了 第二层 你 觉得 没有 那么 好 反而 糟透了 当 你 到 第三层 你 会 开始 怀疑 前 两层 的 绝对 然后 理智 下来 分辨 哪些 好 哪些 不好 当 你 到 第四层 会 发现 绝大多数 还是 不好 的 自己 苟且 到 少数 安眠 屋里 就行 第五层 发现 既然 那么 多 不合理 那么 多 不 公平 就 表示 很 有 发展 空间 自己 也 具备 了 一定 的 力量 可以 去 创造 美好 可以 去 和 黑暗 斗争 至于 第六层 和 之后 的 我 也 不 知道 但 总 觉得 双数 悲观 单数 乐观
107125860752,可是 他们 都 有人 陪
107067367392,我 只是 一个 普通人 但是 我 有 一个 梦想 成为 一名 艺术家 我 不 要求 自己 是否 出名 自己 是否 艺术 我 只是 想 在 压抑 到 透不过气 来 的 世界 中 在 我 这本 自传 中 留下 一笔 鲜亮 的 痕迹 也许 我 是 个 他人 眼中 的 废物 疯子 但是 在 我 眼中 他们 或许 才 是 那些 疯子 为什么 那些 路 人 仅仅 在 2030 岁 就 死 掉 50 年 后 才 埋 呢 这 大概 是 世界 上 最 奇怪 的 事 了 吧 我 笑 了 先是 一声 长叹 般的 苦笑 随即 就是 疯魔 般的 狂笑
107757173344,加油 坚持 你 的 梦想 我想学 美术 家里人 极力 反对 最后 没选 美术专业 算是 永远 错过 了 我 希望 你 能 成功 坚持下去
106982807040,你 累坏 了 小章鱼 明天 一定 会 更 美好 更 美丽 的
106958615680,很 喜欢 章鱼 哥
106939727088,每个 人 都 活 在 别人 的 评价 里 有时 我们 无法 决定 别人 的 评价 自己 的 生活
106920684080,竖笛 那 两段 分别 是 什么 呀 好好 听 的 样子
106865311040,音无结 弦 之 时悦动 天使 之心 立于 浮夸 之世 奏响 天籁 之音
106789334176,快乐
106759705408,谁 都 想 活成 海绵 宝宝 但 我们 谁 都 活成 了 章鱼 哥 ... ...
106757443504,总 觉得 自己 活 得 越来越 像 章鱼 哥
106657453008,难得糊涂
106647324848,我 曾经 最 讨厌 章鱼 哥 最后 我成 了 我 最 讨厌 的 大人 的 样子 事与愿违
106594145424,我 就 像是 章鱼 哥 生活 太难 了
106591776304,章鱼 哥 我 永远 也 不会 让 我 的 梦想 站 在 这 油污 的 地板 上
106577694672,抱抱
106575296400,其实 很多 人 都 是 章鱼 哥有 理想 有 自己 的 爱好 但是 只能 为 生活 而 隐藏 只有 在 属于 自己 的 小 窝里 才能 再 把 爱好 拿 出来
106454622160,这里 埋葬 着 章鱼 哥 的 梦想
106409566080,世界 把 我 改变 我 笑 逝去 不见
106369022848,明天 是 美好 的 一天
106139024848,音无结 弦 之 时悦动 天使 之心 立于 浮夸 之世 奏响 天籁 之音
106120788624,播放 量 如果 还是 非常 惨淡 那该 怎么办 我 只能 说 所有 用心 雕琢 过 的 作品 都 将 会 发光 不管 是 灿灿于 世 还是 熠熠 于心 所以 认真 做 下去 吧 将 那些 自己 热爱 的 事情 做好 但行好事 莫问前程
106065597120,你 安静 的 离开 比基尼 海滩 你 以为 你 是 一个 主角 回看 自己 的 人生 才 知道 自己 如 一个 跳梁小丑 般 可笑 但 我 纵使 没 那么 幸运 我 也 不会 让 我 的 双脚 站 在 这 油污 的 地板 上
106003578352,"大家 都 想 做 海绵 宝宝 , 但 大家 却 都 是 章鱼 哥"
106001250880,bgm 是 什么 钢琴曲 啊
105904485504,原来 我 不是 海绵 宝贝 我 是 章鱼 哥
105898046880,可以 把 音频 发到 酷狗 吗 好像 单曲 循环
106128925280,法老 有 首歌 就是 这个 跨年 的 时候 刚好 看 完 视频 就 听到 歌 了
105813825072,你 是 章鱼 哥 你 本来 有个 普通 的 工作 你 普通 的 工作 赚钱 不 多 努力 也 不 偷懒 有 自己 的 爱好 只想 平稳 安定 的 过 生活 突然 你 的 身边 多 出来 了 一个 超级 卷王 他 叫 海绵 宝宝 他 疯狂 的 热爱 自己 的 工作 自动 加班 把 工作 当 爱好 还 经常 闯进 你 的 日常 打破 你 的 计划 换 我 我 崩溃 了
105750590032,章鱼 哥是 个 很 现实 的 角色 相当于 我们 卑微 的 活着 苦苦 的 上班
105661733920,没错 当 上 递给 你 关上 了 一扇门 然后 往 窗户 里 扔 了 一个 炸弹 并 关上 了 窗户
105643788480,如果 有 一天 我 真的 实现 了 我 生命 中 的 梦想 我 永远 也 不会 让 我 的 双脚 站 在 这 油污 的 地板 上
105625937056,明天 一定 会 更 美丽 的
105526091296,法老 那首歌 是不是 就是 按 这个 改 的
105495900528,第 无数次 刷到 这个 视频 总 感觉 我 人生 中 缺少 什么 但 又 害怕 我 突然 知道 我 缺少 什么 当年 的 币 今天 也 补上 了
105306719536,小时候 觉得 比奇 堡 除了 章鱼 哥 的 人 都 正常 但 现在 才 发现 除了 章鱼 哥 的 人 都 不 正常
105284084432,讲 的 好 心酸 又 是 现实 每个 动画片 里 都 会 存在 至少 一个 这样 的 丑角 供 人 捧腹大笑 哈哈 道乐 但是 如果 是从 章鱼 哥 自己 的 世界 来看 他 并 没有 做错 谁 能 说 坚持 梦想 是 错 的 呢 他 刻薄 他 冷漠 他 对 很多 东西 都 没有 兴趣 因为 他 只活 在 自己 的 一个 小小 世界 里 这个 世界 冷漠 又 凄清 陪伴 她 的 是 他 的 竖笛 和 他 的 音乐 而 这些 是 永远 生活 在 热闹 与 繁华 当中 的 海绵 宝宝 无法 理解 的 因为 无法 理解 所以 有 了 这些 丑角 的 诞生 这些 丑角 的 诞生 也 正是 映照 了 人们 想要 追求 欢乐 与 繁华 忘却 自己 生活 当中 不如意 不 欢乐 的 一面 仿佛 嘲笑 这样 的 章鱼 哥 就 可以 忘却 过去 的 自己 也 曾经 是 这样 但是 我 想 其实 每个 人 也 可以 对 自己 说 你 今天 累坏 了 小章鱼 明天 一定 会 更 美好 更 美丽 的
105236235920,因为 你 没有 家人 啊
105230664448,我该 怎么办 我 不 知道 我要 做 什么
105201529440,可惜 啊 海绵 宝宝 不 更新 了 章鱼 哥 的 配音员 死 了
105296660512,中配 还 在 吧 ( ) ! ?
105542247440,回复 : 中配 在 也 没用 啊 是 整部 剧都 不 更新 了
105199666080,888.8 万 播放 量 时 留言
105179846624,章鱼 哥 至少 有 海绵 宝宝 他们
105103709344,小时候 总是 羡慕 派大星 和 海绵 宝宝 的 友情 但 后来 又 不知不觉 开始 羡慕 章鱼 哥 对 生活 的 态度 了
105036208464,不 知道 为什么 长大 之后 就 莫名其妙 的 成为 了 章鱼 哥
105004121008,怎么 各种 视频 都 会 引导 到 这个 视频 来 啊
108469014624,到达 世界 最高 城
104974164960,年少 不知 剧中 情再 看 已 是 剧中人
104949775552,考古
104926508672,小时候 我 像 一个 派大星 没头没脑 嘻嘻哈哈 少年 时 我 更 像 海绵 宝宝 积极 乐观 意气风发 长大 后 我 却 变成 了 章鱼 哥 冷漠 麻木 死气沉沉
104895225216,帮转 : 韩国 好丽友 宣布 只 在 中国 和 俄罗斯 涨价 以 抵消 原材料 上涨 其他 国家 不 涨价 另外 好丽友 在 国内 使用 的 是 代 可可 脂而 其他 国家 使用 的 是 可可 大家 避下雷 棒子 专门 对大毛 和 中国 涨价 的 食品 品牌 好丽友 好 有趣 呀 土豆 薯愿 浪里个 浪 小鱼 糯 糯 松松 肉松 蛋糕 熔岩 泉 老板 仔 海苔 蛋白 坚果 棒 能量 坚果 棒 扭扭 大王 大粒 大力 果滋果 姿 果滋 果心 以上 全是 宣布 对 中国 和 俄罗斯 实施 制裁 的 韩国 好丽友 品牌 产品 大家 可以 转
104870869792,大部分 人 都 是 章鱼 哥 啊
104805952128,我 觉得 海绵 宝宝 翻译 得 很 好
104773864096,周一 辛苦 了 各位 快睡吧 晚安 摸摸头
104741397632,小时候 特别 讨厌 章鱼 哥 长大 后 才 明白 他 就是 现实 的 我们 啊 直接 泪目 受不了 了 三 连 给 你
104728966480,把 快乐 带 个别人 确实 让 人 很 快乐
104696064848,这是 第几 集 啊
104682113184,没有 人 觉得 章鱼 哥 那句 你 今天 累坏 了 小章鱼 明天 会 更好 更 美丽 的 很 可爱 吗 说完 了 还 戴 着 他 的 粉色 睡帽 盖 上 了 小 被子 有 梦想 的 人 都 很 可爱 哦 各位
104681620128,人世间 很 美好 可 我 不想 再来 了
104672068352,破防了
104578985744,作者 你 是 原创 那 法老 版权 买 了 吗 并 无 恶意 请勿 喷
104728073024,买 了 的 词作者 写 的 是 up 的 ID
104577544368,最后 一个 硬币 给 你 啦
104555335024,我 工作 一年 又 一年 一天 复 一天
104391613952,章鱼 哥 的 理想 与 初心 早就 被 埋葬 了 这里
104359605104,无论 我们 多么 努力 到 最后 却 都 被 生活 的 无奈 所 打倒 为什么 人生 总是 这样 充满 了 坎坷
104346457440,心情 不 好看 了 这个 更 不好 了
104235793264,生活 都 没 过成 章鱼 哥 那样 今天 下班 的 路上 喝 了 瓶 旺 仔 牛奶 上面 的 旺 仔是 科学家 而 那句话 我 却 第一眼 看成 了 再见 再见 就要 忘掉 了 这瓶旺 仔变 的 比 烈酒 还 难以 下咽
104041733168,沉默 了 几分钟 想不出 该 发些 什么 或许 我 现在 正 和 章鱼 哥 一样 了 我 希望 也 能 想 海绵 宝宝 和 派 大星 一样 每天 开开心心 但是 生活 不 允许 我 这么 做 不 努力 明天 就 得 饿着肚子
104038264672,章鱼 哥是 个 正 真的 艺术家 了
103912174976,但是 但是 但是 为什么 他 这么 努力 的 吹 竖笛 还是 不 在 调上 呢
104440173504,没有 天赋 不是 努力 就 有用 的
103899568096,海绵 宝宝 善良 的 人 派大星 无知 的 人 蟹 老板 贪婪 的 人 章鱼 哥 现实 的 人 珊迪 聪明 的 人 痞 老板 失败 的 人 几个 人 就是 社会 的 所有人
103896182736,小寒 初渡 梅花 岭 万壑千岩 背人境 清远 聊为 泛宅行 一梦 分明 堕 乡井
103805619856,晚到 的 两颗 币
103793889712,至少 他 没有 作业 不然 更累
103785600896,那段 好听 的 bgm 是 什么 啊 回 一下 啊
103783630736,能 下载 音乐 吗
103756170016,海绵 宝宝 是 理想 章鱼 哥 却是 现实
103720834128,竖笛 那 一段 好好 听 !
103653559264,你 今天 累坏 了 小章鱼 明天 一定 会 更 美好 更 美丽 的
103649089744,这 是 哪 一集 的 内容
103647483904,唉 算了
103607524496,想当年 我 之所以 不 喜欢 这个 人物 就是 因为 他 整天 一张 衰脸 那 看上去 就 压抑 每次 到 他 就 跳 过 尤其 这 家伙 老 喜欢 泼冷水 长大 后 觉得 这个 人物 很多 时候 高冷范 跟 吐 槽 还 挺 带感 的 就 莫名 喜欢 他 了
103556331040,我们 普通 我们 对 世界 保持 冷漠 我们 不 明白 海绵 宝宝 和 派 大星 为什么 能以 热情 对待 每 一个 陌生人 这 只是 因为 我们 长大 了 向 最 值得 被 爱 的 章鱼 哥 致敬
103556294464,保持 童真 很难 但 我会 假装 做到 的
103519217392,建议 全文 背诵
103370843872,人人 都 笑 章鱼 哥 人人 都 是 章鱼 哥
103362333264,初看 不识画 中意
103354678656,考古
103348980016,竖笛 solo 是 什么 曲
103316620864,哭 了 共情 了
103305769248,小时候 觉得 章鱼 哥好 烦人 现在 觉得 自己 就是 章鱼 哥
103330998688,我 从小 就 很 喜欢 章鱼 哥 现在 越来越 讨厌 了 怎么回事
103102471312,小时候 讨厌 章鱼 哥 原来 是 讨厌 长大 后 的 自己
103079588160,人生 无常 大腸 包小腸
103071928288,章鱼 哥是 现实 中 的 我们
103028432608,喜欢 章鱼 哥 因为 我 有点像 章鱼 哥 只不过 我 是 个 悲观 的 乐观主义 者
103011368576,高质量 三创 支持
102958859648,法老 有 翻唱 你们 有 看 吗 歌 名叫 法老 的 明天 是 美好 的
102957477376,初看 不知 画中情 再 看 已 是 画中人 我 不 就是 章鱼 哥 吗
102954092384,法老 跨年 晚会 唱 了
102920475744,人生 无常 大常 包小常
102919384464,刚看 了 一集 海绵 宝宝 和 派 大星 钻到 章鱼 哥 身体 里 可 把 我 恶心 坏 了 新版 海绵 宝宝 越来越 猎奇 了 还是 老版 好看
102857974848,旁白 记住 没有 人 愿意 成为 章鱼 哥
102751777120,章鱼 哥 的 竖笛 即便 没 那么 好听 但 他 依然 会 吹下去 这 就是 生活 吧
102717168880,就 怕 鬼畜 动 了 情
102665848464,突然 觉得 我 好像 章鱼 哥
102631140336,我 以为 我会 看着 哭 可是 对 生活 麻木 哭 不 出来 了
102618467920,海绵 宝宝 : 不蟹 堡 王 没 开门 章鱼 哥 : 我 辛辛苦苦 爬起来 全都 白费 了
102591018272,人生 无常 大肠 包 小肠
102527801168,章鱼 哥有 海绵 我 呢
102409235536,论看 你们 的 评论 我 就 知道 我 得 慢点 看 我 真的 能力 很差 一字一句 的 看
102389885248,这 和 法老 有 什么 关系 吗
102658903392,法老 好像 用 这个 词出 歌 了 好像 是
102866476096,b 站 的 晚会 有 舞台 这个 鬼畜 成 了 歌 很 动人
102353657904,唉 真是 人生 无常 大肠 包 小肠
102313708416,小时候 不 明白 为什么 章鱼 哥 一直 板着脸 长大 了 不 明白 海绵 宝宝 为什么 可以 一直 笑
102305412800,小时候 不 明白 章鱼 哥 怎么 总是 那么 苦恼 长大 了 不 明白 海绵 宝宝 怎么 总是 那么 高兴
102285793168,在 我们 看来 章鱼 哥 算是 这里 唯一 的 正常人 但 在 这里 在 比奇 堡 的 居民 里 看来 他 却 可能 是 个 不 正常 的 人 虽然 我 不 知道 他 为什么 不去 努力 的 融入 这个 集体 而 选择 抗争 忍耐 是因为 他 的 内心 仍 存留 着 一颗 正常 的 心 还是 他 对 艺术 的 追求 可 他 认为 的 艺术 在 居民 们 的 眼中 看来 会 是 什么 呢 他 一直 追求 着 的 梦想 又 会 是 什么 呢
102263494368,竖笛 独奏 名字 是 什么
102261892048,朋友 你 的 梦想 是 什么 不要 藏 在 心里 大声 勇敢 的 讲 出来
102255824720,孩童 时期 的 梦 总是 易碎 的
102242963872,法老 的 一部 作品 和 这个 超像
102271320960,一模一样 啊 就是 这个 吧
102271417264,因为 是 B 站 晚会 嘛
102302659328,就是 用 了 这 的 填词
102197522016,我 小时候 一直 讨厌 章鱼 哥 30 来 岁 的 我 发现自己 就是 章鱼 哥
102168176864,年幼 的 我们 是 派 大星 无忧无虑 成长 后 我们 成为 了 海绵 宝宝 为 自己 的 生活 奋斗 以 最大 的 热 枕 回应 这个 世界 但是 最后 我们 中 的 大多数 成为 了 章鱼 哥 一个 普普通通 的 人
102030830416,才 发现 法老 的 明天 是 美好 的 一天 梦幻 联动 了 这首
101961116432,求 bgm
102023585808,花之舞
101952318816,法 老爷爷 好好 哭
101869226832,海绵 宝宝 代表 了 想象 中 的 美好生活 而 章鱼 哥 代表 了 现实 中 的 残酷 生活 每当 人们 被 海绵 宝宝 的 生活 所 沉迷 的 时候 只有 章鱼 哥 才能 告诉 你 该 回到 现实 中 了
101772930048,长大 了 在 看 海绵 宝宝 突然 发现 我 看 懂 了 当年 还是 小孩子 的 我 根本 不会 懂 的 东西
101666932224,法老 用 这个 出歌 啦 兄弟 们
101645441472,世上 的 悲伤 在于 我 最 爱 的 人 死 了 我 最 恨 的 人 活着 在意 我 的 人 寥寥无几 想 杀 我 的 人 无穷无尽
101578150352,现在 才 知道 章鱼 哥是 长大 后 的 样子 他 的 状态 才 是 常态
101578037456,我 不想 活着 也 不想 死去 没有 动力 没有 梦想 什么 都 没有 只是 时间 还 没有 到
101575950640,有童 真的 人才 是 快乐 的
101564700512,我 永远 喜欢 章鱼 哥
101561856752,牛逼牛
101555660816,小时候 不 知道 章鱼 哥 为什么 总 板着脸 长大 了 不 知道 海绵 宝宝 为什么 总是 这样 开心
101507364816,小时候 我 觉得 我 是 海绵 宝宝 长大 我 才 发现 我 是 章鱼 哥
101452088192,章鱼 哥是 我们 的 缩写
101306674624,泪目
101290226432,不要 去 怀念 过去 不管 它 是 美好 失落 伤心 的 一天 只有 未来 的 明天 是 最 有 可能 的 在 这里 祝 各位 考研 人员 心想事成
101273059376,你 今天 累坏 了 小章鱼 明天 一定 会 更 美好 的
101046885856,经典 永 流传
101034910832,从 法老 的 明天 是 美好 的 一天 作词 傲世 子木来 的 up 主写 的 真 好 太 有 才 了
101024636272,没想到 这么久 之前 点赞 的 还 在 过分 真实 了
101015710288,真的 看 这个 看 哭 了
100902509840,其实 海绵 宝宝 并 不是 主角 海绵 宝宝 这个 很难 有人 看 懂 谁 才 是 主角 海绵 宝宝 的 这个 讲 的 其实 是 其他人 内心 的 感受
100876095392,法老 抄袭 这个 视频 词 和 这 视频 还有 另 一个 派大星 独白 几乎 一样
100887842768,授权 过 的
113240151024,法老 的 章鱼 哥 和 对面 的 海绵 宝宝 都 是 授权 过 的 啊 本来 就是 b 站 再创
100874394896,2021 最美 的 夜 你 的 作品 转正 了
100858354352,恭喜 你 被 最美 的 夜 录取 了
100830612352,嘿 很 抱歉 打断 你 耽误 您 20 秒 时间 如果 可以 的话 请 你 点 进去 看看 这位 父亲 关注 一下 河南 南阳 二中 的 校园 恶劣 事件 也许 你 的 这 一眼 就 会 让 真相大白 拜托 了 转 注 朋友 我 的 本心 只是 想 去 让 更 多 人 知道 请 各位 不要 误会 这是 道德 绑架 啊
100810044064,白 嫖 失败
100791756448,我 曾 以为 月亮 会 奔 我 而 来 但 事实上 即使 是 月 的 倒影 也 离 我 很 远
100789810320,海绵 宝宝
100572881120,2022 跨年 考古 你 这歌 被 法宝 唱 了
100536088752,这 像不像 你 一直 为 生活 一直 拼搏 磕磕绊绊 你 是不是 一直 拼搏 总是 想 从 新 回到 自己 小时候 但 人生 总是 是 不 公平 的 人 要是 有 下辈子 你 是不是 在 想 这个 一直 拼搏 的 精神 所以 说 啊 消除 痛苦 的 最好 办法 就是 面对 痛苦 加油 欧力 给
100521002272,我 想 回到 那多人 的 时光 如今 望 着 一个个 墓碑 你们 来 了
100457829584,还 在 看 的 陌生人 新年快乐
100369780128,第几 集 啊 兄弟 们
100319195264,很漂亮 有没有 人 知道 我 在 哪儿 能 看 海绵 宝宝 的 完整 剧集
100320293392,现在 B 站 就可以看 了
100216772176,海绵 宝宝 就是 个 疯子 疯狂 地 折磨 章鱼 哥像 生活 疯狂 地 折磨 我
100142579424,第二次 刷到 这个 视频 发现 以前 只 收藏 而 没 点赞 补 上 泪目
100128542656,背景 乐是 啥 呀
100128586032,求 告知
100733775552,花之舞
100124129184,这里 埋葬 的 是 章鱼 哥 的 梦想
100058302112,我 认为 章鱼 哥 其实 很 有 才 你 想想 在 比奇 堡里 还有 哪些 鱼像 章鱼 哥 一样 会 画画 会 奏乐 会编 谱子 会雕 雕像 且 还 在 博物馆 展示 过 呢 他 只是 不受 人 认可 罢了 即使 被 所有人 讨厌 他 也 始终 在 做 自己 追寻 自己 的 梦想 有 梦 最美 了 章鱼 哥
99941740864,法老 是不是 最近 唱过
99937313408,以前 不 明白 章鱼 哥 为什么 不去 做 自己 想 做 的 事 等 撞 的 头破血流 的 回来 时才 发现 镜子 里 我 正是 章鱼 哥 我 也 想 做 自己 所 钟爱 的 事
99934529152,泪目 了
99806387824,长大 后 在 看 才 知道 章鱼 哥是 最 可怜 的
99800152128,真的 非常 有 感触
99791769040,原来 是 flower dance
99740569344,是 我 吧
99729457728,刚 成年 就 刷 到 真怪
99507104768,好家伙 法老 歌词 跟 这个 挺 像 的
99517945872,法老 是 改编 up 的 词 的
99489435136,up 太棒了
99458367984,up 似乎 已经 离开 了
99517906992,你 咋 知道 的
99527791872,回复 : 最后 一次 的 动态 是 在 上 一个 New Year
99527754432,回复 : 可能 是 离 了
99599547904,前 几天 还 投币 来 着
100795346080,哪个 离开 是 不 在 玩 b 战了 还是 什么
102167057088,回复 : 还 在 呢 最新 的 收藏 是 1 月 21 号 发布 的 也就是说 今年 1 月 21 号 之前 还 没离
104006040016,回复 :
104005964640,回复 :
99447003472,人人 都 笑 章鱼 哥 人人 都 是 章鱼 哥
99434895616,收下 我 的 币
99360747648,这个 世界 就 像 鱼塘 大鱼吃小鱼 小鱼 吃 虾米
99351703344,我 想 知道 中间 的 BGM 是 什么
99698387616,flower dance
100848367280,回复 : 谢谢
99255286288,大象 席地而坐 鬣狗 簇拥 篝火 猫头鹰 还 在 涮锅 抱 着 忐忑 我试 着 吆喝 来 吧 来 吧 谁 来 我家 坐坐 抱歉 今天 地板 有点 脏 不过 反正 屋里 没有 光 看看 我种 的 这 盆腐土 尝尝 看 我 做 的 这滩 腐乳 去年 里面 还有 朵 小花 那 不是 血 不信 去 问 狮子 上次 他 吃 的 最 多 别 走 啊 别 走 啊 今天 陪陪 我 我 知道 的 故事 好多 多多 多 有的是 意难平 的 苦恶 还有 执迷不悟 的 蠢货 亏心事 一摞 带 着 一摞 舔 脏 地板 还 气吞山河
99208988992,太牛 了
99186401744,这 首歌 好像 被 法老 翻唱 了
99152725808,自由 的 前提 是 拥有 面包
99140592992,我 想 知道 里面 那段 音乐 是 什么
99518510784,章鱼 哥 吹 竖笛 那段 吗
99698378224,flower dance
99137089136,第 1 个 片段 是 第几 集 的 求求 各位 了
99518048240,第 3 部 47 集 1 角钱 的 故事
99518109408,复制 弹幕 的
99134562192,这是 法老 的 明天 是 美好 的 一天 吗
99518062416,没错 翻唱 改编 up 的
99078819600,歌词 v 有 什么 比 把 快乐 带给 别人 更 快乐 的 呢 去 死 或者 别的 什么 我 不 知道 你 对 这个 有 这么 强烈 的 感觉 你 要 干什么 我 想 我 无法 阻止 你 但是 章鱼 哥 外面 是 一个 冷酷 的 世界 没有 人用 银 托盘 把 欢乐 带给 你 我 自己 知道 我 非常 可笑 灰灰 丑丑 腿 有 四条 小蜗 有 爱 它 的 海绵 宝宝 派大星 傻 呆呆 的 吹泡泡 蟹 老板 高兴 地 吃 蟹黄 堡 章鱼 哥 在 独奏 E 小调 为什么 我 一 高兴 就 有 错 我 不 知道 你们 在 笑 什么 为什么 大家 都 爱 海绵 宝宝 为什么 章鱼 哥不爱 笑 为什么 我 今天 真糟糕 未来 我 还 没有 准备 好 海绵 宝宝 你 不 知道 你 有 多 幸运 你 有 小 蜗 和 爱 你 的 家人 我 也 想 做 我 爱 的 事 却 总是 这么 倒霉 除外 以外 这 世界 上 还有 谁 大人 的 世界 比 我 想象 的 难 我 认为 我 是 主角 却是 相反 我 工作 一 年复一年 一天 复 一天 再见 比基尼 海滩 海绵 宝宝 你 不 知道 你 有 多 幸运 你 有 小 蜗 和 爱 你 的 家人 我 也 想 做 我 爱 的 事 却 总是 这么 倒霉 除外 以外 这 世界 上 还有 谁 我 想 回到 那个 时代 自己 傻傻 有些 呆 自己 傻傻 有些 呆 但 有家 人们 的 爱 但是 我 我 知道 我 的 笑脸 我 的 爱 我 的 一切 逝去 不再 来 世界 把 我 改变 我 笑 逝去 不见 我 想 逃离 却 逃 到 了 清洁 间 这样 的 日子 又 在 我 眼前 谁 能 知道 我该 怎么办 再见 海绵 宝宝 再见 派大星 我 也 想 做 我 自己 爱 做 的 事情 做 我 爱 的 工作 爱 我 爱 的 人 等一等 我 自己 的 灵魂 有 一句 话 从 今天 早上 我们 一 见面 我 就 一直 想 对 你 说 再见 再见 朋友 再见 比基尼 海滩 我 想 回到 那个 时代 自己 傻傻 有些 呆 自己 傻傻 有些 呆 但 又 家 人们 的 爱 但是 我 我 知道 我 的 笑脸 我 的 爱 我 的 一切 逝去 不再 来 世界 把 我 改变 我 笑 逝去 不见 我 想 逃离 却 逃 到 了 清洁 间 这样 的 日子 又 在 我 眼前 谁 能 知道 我该 怎么办 但是 海绵 宝宝 但是 派大星 我 却是 没有 你们 幸运 的 人生 我 辛辛苦苦 工作 三年 但是 我 难得 休假 一天 我 希望 我 自己 傻 呆呆 不 把 世界 看 的 非常 明白 希望 有人 明白 我 的 爱 但是 谁 会 明白 我 的 爱 章鱼 哥 又 在 吹 竖笛 一天 一天 的 为 独奏 练习 明天 比基尼 海滩 都 会 崇拜 我 但是 比基尼 海滩 都 在 笑 我 我 想要 好好 安静 一下 你 今天 累坏 了 小章鱼 明天 一定 会 更 美好 更 美丽 的
99031422560,章鱼 哥是 整部 海绵 宝宝 里面 的 核心 角色 说 的 夸张 点 没有 章鱼 哥 就 不会 有 海绵 宝宝 这么 热门 的 ip 角色 两 角色 的 性格 矛盾 冲突 才能 使 海绵 宝宝 的 剧集 冲上 高潮 而且 章鱼 哥 这个 角色 是 谁 都 不能 所及 的 他 是 整部 剧集 最 沉默 最 正常 最 悲哀 的 角色 就算 是 五十个 派大星 都 不 可能 代替 他
99518534272,海绵 宝宝 理想 章鱼 哥 现实派 大星 不 知道
99521503728,回复 : 派大星 是 个 robot 在 理论 视频 里 讲 过 了 建议 去 YouTube 看看 alex bale
98985610976,章鱼 哥 其实 很 可爱 他 的 可爱 是 隐晦 的 章鱼 哥 就算 你 嫌弃 我 也 是 喜欢 你 呦
98983125152,月亮 越来越 圆 好事 也 会 越来越近 啊 如果 运气 不好 那 就 试试 勇气 提升 自己 总 比 迎合 别人 有用 的 多 想 把 这 一年 所有 的 浪漫 温柔 和 爱 都 送给 春天 要 去 追寻 月亮 即使 坠落 也 是 掉 进 浩瀚 星河 会 见面 的 再 等等 等 春天 的 温柔 长满 枝头 柔软 的 地方 一定 会 发生 柔软 的 事情
98982971040,月亮 越来越 圆 好事 也 会 越来越近 啊
98982946480,若 要 梦想 实现 先 从 梦 中 醒来 保持 热爱 奔赴 山海 别忘了 你 本质 也 是 个 爱 笑 的 人 我 当然 不会 去 摘 月亮 我要 它 向 我 奔 来 温柔 半两 从容 一生
98884176160,本多人 觉得 自己 就是 海绵 宝宝 其实 人人 都 是 章鱼 哥 不要 躲避 现实
98793560352,小时候 习惯 了 当 海绵 宝宝 长大 了 却 不得不 面对 变成 章鱼 哥 的 现实
98767402032,2022B 晚 你 的 词 被 法老 唱 了
99864840160,是 授权 改编 应该 是 b 站 安排 的
98750331056,我 最 喜欢 章鱼 哥
98629882176,我 还 没 成年 可 心智 已经 被迫 年迈
98630788448,成年 之后 你 会 觉得 现在 更 轻松 越 长大 懂得 越多越 不 开心
98636133360,回复 : 可 我 才 16 岁
99817842064,现实 就是 如此 了解 的 越多越 累越 无力
98613628624,章鱼 哥 的 父亲 在 一个 父亲节 纪念 中 出现 过 还有 他 奶奶 除 此 章鱼 哥 就 没有 家人 出现 过 了
98608326928,不 知道 为什么 看 这个 视频 一直 在 哭
98607995664,一个 成功 又 快乐 的 人 永远 感受 不到 一个 失败者 的 痛苦 ( ) 心疼 ..
98589780080,章鱼 哥 小时候 是不是 和 海绵 宝宝 一样
98584444752,蟹 老板 高兴 的 吃 蟹黄 堡 怎么 感觉 有点 恐怖
98583469152,长大 后 我们 最后 都 活成 了 章鱼 哥 但是 曾几何时 我们 心中 是 有 一个 海绵 宝宝 的
98521245024,为什么 我 一 高兴 就 有 错
98517517264,/ TT ) /
98486871872,中间 那段 独奏 改得 也 太棒了
98420314528,背后 音乐 叫 什么
268968075440,花之舞
98413593504,章鱼 哥 的 独白 也 是 正常 普通人 的 独白
98387992688,拙劣 的 模仿
98273531760,2 分 20 多 秒 的 时候 章鱼 哥吹出 的 是 什么 曲
98271742688,法老 今年 的 歌 你 出 的 这个 早 明天 是 美好 的 一天
99518731424,法老 唱 完歌 后 有 字幕 显示 改编
98081491456,打卡 原 视频 被 唱 e 了
98081638064,章鱼 它 没有 脊椎 就 连 挺直 腰板 都 很 疲惫
97946660704,好 喜欢
97916717472,有人 知道 里面 第一段 竖笛 的 歌名 吗
98262854016,应该 是 花舞
97898507664,好 喜欢 话 说 这种 视频 到底 是 怎么 制作 出来 的 除了 用 praups 还用 别的 软件 吗
97873753280,章鱼 哥 的 悲哀 之 处 在于 他 并 不 热爱 他 当下 的 工作 也 没有 合适 的 场所 去 发展 他 的 爱好 海绵 宝宝 可以 完全 不 顾及 别人 的 笑 而 章鱼 哥 不行
97855431536,太 感动 了 看着 看着 就 哭 了
97846344992,你 被 法老 盯上 了
97797125376,开头 章鱼 说 去 死 和 我 一样 想法 爱 了
97796856416,223 的 音樂 叫 什麼
97809396112,这 吹 的 也 是 花之舞 啊
110698123824,回复 : 聽起 來 不 像
97653099824,这 首歌 在 跨 年 晚会 上 改编 出来 了 巨 好听
97600622656,第一次 因为 家庭 生活 寻 s 第二次 因为 学校 生活 寻 s 第三次 因为 社会 生活 寻 s 我 不 知道 下 一次 会 因为 什么 或者 不会 再有 那种 下 一次 了
98022565088,加油
97582759920,up 太牛 了
97546644208,章鱼 哥 的 角色 歌
97510588288,眼泪 哇哇 的
97485564352,看 晚会 来 的 up 主好 棒
97484769328,这 首歌 引起 太多 太 共鸣 孤独 却 浪漫 长大 后 才 发现 这 一路 多 的 是 过客 和 变数 唯一 不变 的 是 一个 人 扛起 繁星 满天
99518807600,因为 章鱼 哥 代表 的 现实
97464351712,小时候 觉得 章鱼 哥 不 懂得 融入 群体 是 个 异类 现在 再 明白 这才 是 人生 才 是 现实 一个 追逐 梦想 的 人 遭受 冷漠 而 一个 傻小子 却 讨人 欢喜
97429280672,我 感觉 海水 已经 变得 有些 沸腾
97400177232,今天 看 了 法老 来 的
97390103808,留个 爪印
97386249408,晚会 上 听到 改编 的 真的 就 忍不住 哭 出来 了
97387517184,湖南 晚会 么
97415194048,回复 : 哔哩 哔哩 的
99518704688,回复 : 问 你 这句 话 后 我 找到 了
99518883200,回复 : 退出 这 视频 后 看见 法老 有关 的 视频
97380110880,从 b 站 晚会 过来
97379051648,从 晚会 过来 的
97377135792,谢谢 up
97374256576,提个 建议 up 打完 视频 尺寸 应该 是 720 * 576 如果 改成 宽银幕 会 更好
97362521392,就 怕 鬼畜 动 了 情
97355966112,2022 来 的 恭喜 被 法老 在 跨 年 晚会 唱 了
97339557840,法老 唱 了
97327135072,看 了 法老 唱 的 回来 看看 原作
97302057168,求 bgm
97297521584,up 牛批
97278917760,最美 的 夜 通知书
97274192688,22 年 回来
97270551760,Up 牛 逼 法 老爷爷 牛 逼
97295319088,法老
97781010112,法老
97267880928,长大 后 居然 慢慢 变成 了 章鱼 哥
97266108992,法老 新歌 的 灵感
97295268640,法老 呜呜
97265565120,2021 跨年 用 了 这个 的 灵感 真的 好看
97257637568,好久没 看看 22 投币 的 特效 了 看一看 吧
97241745696,精彩
97222329712,每个 人 都 想 当 海绵 宝宝 最后 都 成为 了 章鱼 哥 这里 埋葬 着 章鱼 哥 的 梦想 他 长大 了 如愿以偿 的 变成 了 一个 普通人
97176615200,跨晚 来 的
97174780112,给 我 火
97172216208,谢谢 你 陌生人
97167022608,白 嫖 失败
97167140784,好 难受 一瞬间 觉得 章鱼 哥 好像 更 不 容易
97159255376,我 的 一切 昨天 逝去 明天 自己 赢回来
97157972736,谢谢 up 谢谢 法老
97129260592,从 跨 年 晚会 来 的 UP 真棒 B 站 有 你们 这些 优质 UP 主真 好
97128257408,立于 天堂 奏响 繁华 音无结 弦 之 时悦动 天使 之心 立于 浮华 之世 奏响 天籁 之音
99194363312,为啥 弹幕 在 刷 这个 啊 有 关系 吗
97121132560,厉害
97117186848,谢谢您
97117219648,法老 新 歌
97295335968,法老
97111134080,火 了
97109852528,重温
97105967840,也 难怪 了 在 一堆 海绵 海星 海藻 螃蟹 里面 章鱼 确实 算 非常 聪明 的 了
97103347200,up 太棒了
97098503840,上 跨 年 晚会 了 感激 你 兄弟
97095043856,跨年 来 的 有 吗
97090203056,这个 和 法老 那个 有 什么 关系 就 跨 年 晚会 的 那个
97090414800,词 按 这个 写 的 吧 Q 音 明天 是 美好 的 一天 写 的 作曲 是 傲世 子木 所以 俺 来 的
97090864912,回复 : 感谢 我 正愁 哪里 能 找到 音频 呢
97091317120,回复 : 哇塞 我刚 去 看 了 真的 诶 这 up 牛批 了 厉害 厉害
128726828800,就 ?
97084608928,bgm 是 啥 啊
97104777680,flower dance
97081652432,感谢 up 和 孙权 的 合作 ~ ~ ~
97071182208,看 完 2021 最美 之夜 的 集合
97068271712,upup 我 今天 看见 法老 用 你 视频 里 的 词唱 了 一模一样 法老 他 有 授权 吗 顶 我 上去
97070553520,节目 字幕 有 打 歌曲 创意 来源于 本 视频
97083473008,作词 人写 的 是 up 主 哦 ~
97093700288,回复 : 解惑 了 谢谢
97093774400,回复 : 有 授权 啊 没事 了 谢谢
97103581968,跨晚 写 了 用 的 就是 这个 呀
97304606816,我 就是 看到 字幕 说 灵感 来源 傲世 子木才 找到 这里 的
97066969792,法 老牛 逼
97066597424,看 了 跨 年 晚会 过来 的 作者 牛 啊
97046925520,法老 把 他 截取 了
97045564208,一个 2022 年 刚 看过 法老 的 说唱 的 听众
97045280048,跨年 留名
97043625216,2021 跨晚 后来 啦
97043247248,跨年 留名
97041416032,跨年 留名
97033682816,还是 这个 好听 跨年 有 这个 本来 很 激动 结果 听 完 有点 失望 不是 唱 的 不好 总 感觉 没 这个 味儿
97059481552,法老 我 也 听 就是 这 首歌 吧 毕竟 属于 章鱼 哥 那首 当新歌 听 就 好
97064020832,我 昨天 这么 说 被 喷到 删评
97084628896,回复 : 哈哈哈 都 很 好听 的 我 感觉 法老 那个 版本 觉得 也 有 感染力
97092280704,回复 : 正常 人家 唱歌 呢 你 过去 说个 不好 听 肯定 喷 你 啊 相反 你 来 这儿 说 这个 不好 还是 那个 歌 好听 也 会 被 喷
97096101952,回复 : 众口难调 喜欢 自己 喜欢 的 就 好
97159061232,现场 他 唱 的 用力 过猛 了 后面 录音室 版本 如果 再 好好 打磨 下 应该 还是 不错 的
113240602528,回复 : 其实 感觉 他 是 用 live 的 感觉 唱 了 所以 和 晚会 不太 和谐 live 当然 是 咋 嗨 咋 唱 反正 后排 就 听不见 啥 了
97032317152,跨年 留名
97031038656,bilibi 干杯
97016271120,跨晚 来 的
97015701632,法老 唱 了
97013702080,章鱼 哥是 艺术家 派大星 是 哲学家
97011776160,法宝 真的 梦幻 联动
97011616192,打卡 跨年 留名
97011509312,好听
97011453440,起飞
97011363088,跨年 留名 希望 明年 更好
97011338800,好听
97011331888,我 昨天 刚看 完 这个 视频 跨年 就 又 看到 了
97044767216,法老 抄袭 了 他
97054843472,回复 : 啊
97057736272,回复 : 昨天晚上 晚会 他 唱 完 之后 有 提到 感谢 up 主 应该 是 up 授权 了 叭
97066115952,回复 : 感谢 名单 有 提到 这个 up 我 就 这么 搜 过来 的
97090554560,回复 : 劝 删 哦 别 硬 钓 作词 写 的 是 这个 up 主
97011166480,法老 是不是 唱 了 这首
97011320832,是 的
97011369296,直播 是 的 后面 写 了 感谢 傲世 子木 UP 的 原创
96978105728,这 就是 人生 呢 小时 什么 都 不用 想 但是 长大 的 时候 想 回到 小时候
96908303920,变成 一台 精通于 任何 技能 的 机器
96839762416,章鱼 哥 的 梦想 尚有 墓地 而 我 的 连个 一亩 三分 地 都 没有
96631853568,小时候 不 明白 章鱼 哥 为什么 总是 不 开心 长大 了 不 明白 海绵 宝宝 为什么 总是 那么 快乐
96627673312,flower dance
96615921376,章鱼 哥 至少 还有 他 的 竖笛 你 呐
96560849424,但是 章鱼 哥 骨子里 还是 很 喜欢 海绵 宝宝 的 可能 这 是 他 心里 尚存 的 一丝 美好 吧
96410718416,理想 是 所有 时代 里 最 昂贵 的 东西
96260326384,我 活成 了 章鱼 哥
96070345072,现在 刷到 这个 视频 哭 辽
96046622864,章鱼 哥 乞丐 的 亚子 好 心疼 好像 章鱼 哥 没有 错 他 只是 想过 一个 正常人 的 生活 但 海绵 宝宝 和 派 大星 并 不 理解 呜呜 呜
96926371232,哪集 我 看过 因为 一块钱
96975062448,回复 : 一块钱 引发 的 血案
96046213712,呜呜 呜 突然 觉得 章鱼 哥好 可怜
95784836912,这里 世界 也 埋葬 了 我 的 梦想
95784634112,视频 做 得 很 好 三连奉 上 很多 人 小时候 都 是 海绵 宝宝 长大 后 都 是 章鱼 哥 小时候 只管 玩 的 开心 就 好 长大 后 为了 生活 忙碌 对 生活 越来越 没有 希望
95702464064,小时候 总是 在 想 章鱼 哥 为什么 总是 在 生气 长大 了 却 想不通 派大星 为什么 总是 那么 开心 后
95535950896,小时候 看 海绵 宝宝 时 我 知道 海绵 宝宝 很 好 派 大星 也 很 好 但 我 总是 不由自主 地站 在 章鱼 哥 那 一边 那时 小 也 不 知道 为什么 现在 想想 可能 我 可能 在 章鱼 哥 身上 看到 了 我 的 缩影 吧
95491849136,成年人 的 崩溃 和 释然 总是 那 一瞬间
95449574912,又尬 又 喜欢
95092591952,海绵 宝宝 的 快乐 是 理想化 的 对于 我 个人 而言 也 是 不 理解 的 我 永远 无法 成为 他 真正 活在 光里 的 人 真 好
94973716656,好 喜欢 这种 东西
94619283056,BGM 叫 什么
94414210864,半夜 满屏 扑面而来 的 音无结 弦 之 时悦动 天使 之心 立于 浮夸 之世 奏响 天籁 之音 是 扑面而来 的 孤独
94266065808,你 以为 的 你 跟 现实 的 你 区别 真的 不 大 你 以为 的 你 跟 现实 的 你 区别 真的 很大
94262435504,海绵 宝宝 是 人生 中 的 喜剧 章鱼 哥是 悲剧 喜剧 总 想 改变 悲剧 但 有时候 根本 就 改变 不了
94118022112,一码 归 一码 尽管 这个 世界 充满 了 绝望 但 也 不 意味着 我们 一定 随着 这个 绝望 不必 太过 在意 他人 要 自己 定义 自己
93728251824,小时候 喜欢 海绵 宝宝 不 喜欢 章鱼 哥 也 不 理解 章鱼 哥 现在 感觉 自己 活成 了 章鱼 哥 的 样子
93704843488,一个 黄色 小方块 4 岁 的 时候 只 看 懂 了 好好笑 8 岁 的 时候 开始 思考 为什么 那么 搞笑 12 岁 的 时候 依然 能 开心 的 看 开心 的 笑 但 却 多 了 一些 悲伤 的 东西 14 岁 了 我 还 在 看好 羡慕 他 能 那么 开心 快乐 有 那么 多 朋友
5850287089,我们 都 知道 章鱼 哥 吹 竖笛 难听 但 没有 想过 他 苦学 这么 多年 他 难道 不 知道 自己 吹得 怎么样 吗 坚持 至今 大概 也 算是 坚持 做 自己 想 做 的 事 吧
93593243072,我 是 来 找 快乐 的 为什么 要 让 我 哭
93570271952,是 稀缺 为 我们 的 生活 创造 了 意义 当 我们 的 原始 需求 一一 被 满足 我们 生活 的 意义 也 在 不断 减少 但是 这时 意义 的 稀缺 又 为 我们 的 生活 创造 了 意义 在 此时 人 就 在 有 意义 和 无 意义 的 平衡 间 生活
5845546029,今天 在 楼下 叫 一个 伯伯 叫 爷爷 他 说 只有 儿童 才 叫 爷爷 我 才 发现自己 快 成年 了 我 不 知道 怎么办
93418341120,你 在 某 一天 突然 就 发现自己 不 可能 是 海绵 宝宝 海绵 宝宝 活不下去
5830471016,正常 的 章鱼 哥 不 开心
5823765701,因为 章鱼 哥是 比奇 堡 最 正常 的 人物 所以 他 才 会 受到 不 正常 的 待遇
5820203391,哎 正常人
5819853877,章鱼 哥才 是 那个 活 的 最 痛苦 的 那个 人 因为 他 懂得 太多 了
5807252953,我 想 回到 那个 时代
5802031446,他们 都 走 了 我 孤独 了 派大星 谁 都 会 犯错 所以 人们 才 在 铅笔 的 另一头 装 上 橡皮 派大星 知识 智慧 如果 能比 过 友情 的话 我 宁愿 当 个 白痴 派大星 好 吧 现在 你 可以 在 下辈子 好好 哭 一下 了 派大星 你 本来 是 有 机会 的 但是 你 输 了 你 不能 总活 在 过去 派大星 人生 就是 不 公平 的 慢慢 习惯 吧 你 派大星 如果 我 现在 会 死去 是因为 一个 朋友 的 无心之过 那 我 死 也 瞩目 了 海绵 宝宝
5789942416,BGM 纯音乐 是 哪首
5807840328,花之舞
5788858649,泪目 了
5779644780,中间 那 一段 竖笛 是 什么 音乐
5808607858,花之舞
5772304440,令 我 非常 震惊 的 一幕 埋葬 着 自己 的 梦想 的 墓碑 我 的 梦想 连 墓碑 都 没有 ......
5760691754,没有 人用 托盘 把 快乐 递给 你 呜呜 呜呜
5760443927,我 不 知道 你们 在 笑 什么 莫名 戳 中泪点
5759220527,Bgm 是
5808608480,花之舞
5758355265,当 我 看到 这个 视频 时 我 的 心里 五味杂陈 但 我 除了 点个 赞 其他 的 什么 也 做不了
5758013893,求 bgm
5747004047,最 真实 的 就是 章鱼 哥 最 现实 的 就是 我们 的 缩影 罢了 海绵 宝宝 派大星 蟹 老板 他们 都 是 少数 人 都 是 个例 的 幸运 而 章鱼 哥才 是 我们 这样 普普通通 碌碌无为 的 人 罢了
5739729064,网抑 云 浓度 超 了
5736619033,小时候 厌烦 章鱼 哥 因为 他 不 合群 做 着 滑稽可笑 的 音乐 梦 不 跟 海绵 宝宝 玩 长大 了 发现自己 就 如同 章鱼 哥 一样 我 多 想 如同 海绵 那样 去 追逐 自己 想要 的 一切 可 最后 发现 梦想 终究 抵不过 现实
5735556917,2 : 15 高能
5735566551,音无结 弦 之 时悦动 天使 之心 立于 浮夸 之世 奏响 天籁 之音
5730865917,BGM 是 啥
5729539235,不要 让 你 的 父母 感到 孤独 常回家 看看 - 章鱼 哥
5723021970,我 c 我 哭 了
5714783328,一直 以为 章鱼 哥是 一个 冷漠 的 人 而 现在 .... 我 倒 是 觉得 他 很 难过 而 海绵 宝宝 和 蟹 老板 还有 派大星 章鱼 哥 随便 说 一个 梦想 而 他们 只是 在 嘲笑 他
5711761839,感觉 章鱼 哥是 主人公 主角 海绵 宝宝 是 他 小时候 的 无忧无虑 配角 派大星 是 他 青年 的 叛逆 期在 外人 眼里 傻傻 呆呆 可能 长大 后 自己 也 会 觉得 自己 傻蟹 老板 就是 他 中年 以后 的 状态 为了 钱 可以 抛弃 一切 因为 那时 他 觉得 钱 可以 得到 一切 珍惜 还 没有 开始 改变 的 章鱼 哥 他 现在 还 能 被 人 叫 哥 说明 还有 人会 惦记 他
5707618341,发 一条 友善 的 评论
5705136976,我 居然 流眼泪 了
5704620370,音无结 弦 之 时悦动 天使 之心 立于 浮夸 之世 奏响 天籁 之音
5701449648,小时候 不 喜欢 章鱼 哥 现在 终于 理解 章鱼 哥 了
5701361911,自己 傻傻 有些 呆 但是 我 我 知道 我 的 笑脸 我 的 爱 我 的 一切 逝去 不再 来
5695278482,感谢 啊 不 说 谁 信 你 能 说 张一弓 是 丑角 呢 他 只不过 天真 消失 了 而已 已经 三连 了
5694428356,2 : 15
5668427516,无人 不厌 章鱼 哥 无人 不是 章鱼 哥当 你 努力 追求 梦想 时 小心 身后 的 现实
5663761153,配音演员 李易
5658934267,招聘 软件 都 说 招人 可 那些 人 从来不 把 我们 当人 看
5655854144,我能 哭 吗
5646371159,章鱼 哥是 现实 不是 正常 何为 正常
5697665596,以前 不 知道 章鱼 哥 为什么 总苦 着 一张 脸 现在 再 看 不 知道 海绵 宝宝 为何 一直 在 笑 -
5644607825,投币 过 了 上限
5644137530,我们 不 最后 都 活成 了 章鱼 哥
5690024240,章鱼 哥有 房 的
5702695154,可 章鱼 哥 没车
5735577737,回复 : 有 自行车
5735773146,回复 : 那 也 太 惨 了 点
5638583067,有 谁 能 搞 一个 海绵 宝宝
5638000339,真 不 戳 很 现实
5637927977,今天 累坏 了 我 只 想 安静 一下
5622167508,海绵 宝宝 是 乐观 派大星 是 童真 蟹 老板 是 财富 痞 老板 是 贪欲 珊迪 是 自由 章鱼 哥是 平凡
5618641871,哈哈哈哈 出个 系列 啊
5618640019,哈哈哈 很 好 啊
5613200752,你 说 这 叫做 成熟 我 说 这 叫做 死 了 如果 一个 人 没有 了 好奇心 他 虽生 犹死 黄 执中 人 之所以 迷茫 是因为 他 还 没 认命 等 认命 了 也 就 不再 迷茫 了 黄执中 人要 有 归零 的 精神 空 的 杯子 才能 装水 每隔 几年 就 全面 的 归零 这样 活着 才 更有意义 马东 成长 就是 我们 不再 像 小孩子 一样 任性 我们 不再 仅仅 把 喜欢 和 讨厌 当作 我们 判断 和 选择 一个 事情 的 唯一标准 李思恒
5611985851,你 伤 不了 章鱼 哥 的 尊严 章鱼 哥 只是 个 艺术家 它注 章鱼 哥是 章鱼 否人 是 无辜 的 艺术家
5611396499,当 你 端 着 银 托盘 把 快乐 呈现 在 我 眼前 时 我 却 要 为了 活下去 当掉 我 唯一 的 竖笛 我 不 恨 这个 世界 我 不 恨 你 我 只是 没有 银 托盘 和 快乐 而已
5610044964,主动 就 有 机会
5609653109,I ' m Thinking of Ending Things .
5603275269,句句 戳心 字字 心累
5599704898,音无结 弦 之 时悦动 天使 之心 立于 浮夸 之世 奏响 天籁 之音
5593158984,章鱼 哥 至少 还有 自己 的 房子
5583181546,海绵 宝宝 告诉 了 我们 什么 派大星 是 哲学 谢 老板 是 金钱 珊迪 是 科学 章鱼 哥是 现实 珍珍 是 青春 泡 芙 老师 是 逃避 痞 老板 是 生活 他们 构筑 了 我们 的 童年 致 我们 的 童年 海绵 宝宝
5609657516,至少 我们 还 能 运用 哲学 来 面对现实
5577920937,喜欢 章鱼 哥 单纯 他 充满 磁性 的 声音 好 吧 我 是 声控
5576905781,哈哈
5576835562,失业 的 loser 看 哭 了 谁 都 曾经 有过 梦想 但是 最后 我们 都 是 生活 中 的 可怜 人 这里 埋葬 着 章鱼 哥 的 梦想 也 埋葬 着 我们 的 梦想
5576600772,2021 - 10 - 13 考古 打卡
180777843088,恭喜 你 被 我 考古
5575733927,人人 都 笑 章鱼 哥 人人 都 是 章鱼 哥
5574882098,有没有 大佬 知道 开头 的 有 什么 把 比 快乐 带给 别人 更 快乐 的 呢 出自 哪 一集 呀 谢谢 谢谢
5563076026,章鱼 哥 的 独白 呜呜 呜
5563095322,我 以前 也
5553913045,小时候 大家 都 是 海绵 宝宝 长大 了 才 发现 章鱼 哥才 是 自己
5553868292,章鱼 哥 吹 笛子 那 一段 是 什么 曲
5549194903,成年人 常态
5545623048,住 在 这里 了
5541546900,也许 章鱼 哥 就是 你 我 生活 的 缩影
5529471714,Everybody is Squidward nowadays
5524590239,不 把 生活 看清楚 会 更 快乐 吗
5574221943,要 看 你 处于 什么 阶段 了
5524336921,突然 想起 一首 诗 把 生命 的 突泉 捧 在 我 手里 我 只 觉得 它 来得 新鲜 是 浓烈 的 酒 清新 的 泡沫 注入 我 的 奔波 劳作 冒险 仿佛 前人 从 未经 临 的 园地 就要 展现 在 我 的 面前 但 如今 突然 面对 着 坟墓 我 冷眼 向 过去 稍稍 回顾 只见 它 曲折 灌溉 的 悲喜 都 消失 在 一片 亘古 的 荒漠 这才 知道 我 的 全部 努力 不过 完成 了 普通 的 生活 冥想 穆旦
5523445311,很少 有人 会 为了 一支 竖笛 赌上 一生 但 章鱼 哥 每一集 都 在 练习 竖笛
5520865779,开场 有 什么 比 把 快乐 带给 别人 更 快乐 的 呢 去 死 或者 别的 什么 我 不 知道 你 对 这个 有 这么 强烈 的 感觉 你 要 干什么 我 想 我 无法 阻止 你 但是 章鱼 哥 外面 是 一个 冷酷 的 世界 没有 人用 银 托盘 把 欢乐 带给 你 我 自己 知道 我 非常 可笑 灰灰 丑丑 腿 有 四条 小蜗 有 爱 它 的 海绵 宝宝 派大星 傻 呆呆 的 吹泡泡 蟹 老板 高兴 的 吃 蟹黄 堡 章鱼 哥 在 独奏 E 小调 为什么 我 一 高兴 就 有 错 我 不 知道 你们 在 笑 什么 为什么 大家 都 爱 海绵 宝宝 为什么 章鱼 哥不爱 笑 为什么 我 今天 真糟糕 未来 我 还 没有 准备 好 海绵 宝宝 你 不 知道 你 有 多 幸运 你 有 小 蜗 和 爱 你 的 家人 我 也 想 做 我 爱 的 事 却 总是 这么 倒霉 除 我 以外 这 世界 上 还有 谁 大人 的 世界 比 我 想象 的 难 我 认为 我 是 主角 却 相反 我 的 工作 一 年复一年 一天 复 一天 再见 比基尼 海滩 海绵 宝宝 你 不 知道 你 有 多 幸运 你 有 小 蜗 和 爱 你 的 家人 我 也 想 做 我 爱 的 事 却 总是 这么 倒霉 除 我 以外 这 世界 上 还有 谁 我 想 回到 那个 时代 自己 傻傻 有些 呆 自己 傻傻 有些 呆 但 有家 人们 的 爱 但是 我 我 知道 我 的 笑脸 我 的 爱 我 的 一切 逝去 不再 来 世界 把 我 改变 我 笑 逝去 不见 我 想 逃离 却 逃 到 了 清洁 间 这样 的 日子 又 在 我 眼前 谁 能 知道 我该 怎么办 再见 海绵 宝宝 再见 派大星 我 也 想 做 我 自己 爱 做 的 事情 做 我 爱 的 工作 爱 我 爱 的 人 等一等 我 自己 的 灵魂 有 一句 话 从 今天 早上 我们 一 见面 我 就 一直 想 对 你 说 再见 再见 朋友 再见 比基尼 海滩 我 想 回到 那个 时代 自己 傻傻 有些 呆 自己 傻傻 有些 呆 但 有家 人们 的 爱 但是 我 我 知道 我 的 笑脸 我 的 爱 我 的 一切 逝去 不再 来 世界 把 我 改变 我 笑 逝去 不见 我 想 逃离 却 逃 到 了 清洁 间 这样 的 日子 又 在 我 眼前 谁 能 知道 我该 怎么办 竖笛 独奏 蓄力 中 蓄力 完成 但是 海绵 宝宝 但是 派大星 我 确实 没有 你们 幸运 的 人生 我 辛辛苦苦 工作 三年 但是 我 难得 休假 一天 我 希望 我 自己 傻 呆呆 不 把 世界 看 的 非常 明白 希望 有人 明白 我 的 爱 但是 谁 会 明白 我 的 爱 章鱼 哥 走 在 吹 竖笛 一天 一天 的 为 独奏 练习 明天 比基尼 海滩 都 会 崇拜 我 但是 比基尼 海滩 都 在 嘲笑 我 我 想要 好好 安静 一下 你 今天 累坏 了 小章鱼 明天 一定 会 更 美好 更 美丽 的 结尾 竖笛 独奏
5515357852,小时候 想当 海绵 宝宝 长大 了 却 到头 到 尾 当 了 章鱼 哥
5509997974,这 两个 硬币 献给 我 自己
5509209221,小时候 是 海绵 宝宝 长大 了 是 章鱼 哥
5508862539,如果 你 忘 了 工作 流程 的话 那 我 就 在 告诉 你 一遍 我点餐 你 来 做 然后 顾客 开始 吃 我们 会 这样 工作 四十年 然后 我们 就 死 了 这 对于 我 来说 真的 是 个 好 工作 你 说 呢 伙计 如果 一块钱 可以 让 你 消失 的话 我 愿意 花 那 一块钱 海绵 宝宝 你 没 发现 那些 原始人 已经 灭绝 了 吗 就是 因为 他们 疯狂 的 搭车 吃 珊瑚 用 苔藓 辨别方向
5507776923,到 了 长大 才 知道 章鱼 哥 拿 的 是 双簧管 或许 有些 东西 真的 是 只有 长大 后 才能 理解
5506409719,章鱼 哥 真的 很 孤独
5502806729,听说 人 在 微笑 时 不能 呼吸 你 可以 试一试 开玩笑 的 我 只是 想 让 你 笑一笑
5497633445,小时候 对 章鱼 哥 埋葬 梦想 那 没快 怎么 在意 因为 当时 也 有些 看不懂
5496472496,明天 一定 会 更 美好 更 美丽 的 这句 话 究竟 是 对 未来 的 期待 还是 对 自己 一句 无用 的 安慰
5495339522,笑声 是 我 以前 最 重要 的 事情 但是 现在 我 无论如何 都 笑 不 出来 了
5495053431,我觉 的 把 章鱼 哥 换成 我 自己 特别 对 我 感觉 他 在 说 我
5486150987,章鱼 哥才 是 真正 的 现实 啊
5485030059,竖笛 那 一段 是 什么 音乐 啊
97917124592,同问
5482925286,埋葬 的 是 梦想 哎
5476591141,破防了
5475419602,人 活着 就 无法 停止 脚步 可能 只有 在 面对 死亡 那一刻 才 会 停下 脚步 吧
5473478761,当 所有人 是 傻子 时 傻子 是 正常人 唯一 的 正常人 就是 小丑 但 章鱼 哥 从未 放弃 他 依旧 心怀 希望 虽然 他 埋葬 了 他 的 梦想 但 他 没有 埋葬 他 的 希望
5475422900,你 的话 安慰 我心 谢谢
5473342047,不 知道 为什么 我 从小到大 就 喜欢 海绵 宝宝 里 的 章鱼 哥 喜羊羊 与 灰 太 狼 中 的 懒洋洋 爆笑 虫子 中 的 小红
5469136253,为什么 只能 点赞 一次
5465480375,小时候 第一次 看 海绵 宝宝 我 就 不 太 喜欢 海绵 宝宝 觉得 他 闹腾 看不懂 脸色 永远 不合时宜 的 乐观 天真 甚至 觉得 有点 白痴 我 反而 更会 和 章鱼 哥 更 有 共鸣 现在 看看 我 大概 是 在 嫉妒 海绵 宝宝 永远 可以 那么 快乐 永远 可以 做 自己 而 章鱼 哥 一些 点 更 像 自己 或者说 太像 了
5461542709,以前 我 总是 感觉 我 自己 就 像是 里面 的 海绵 宝宝 现在 不 一样 了 我 感觉 我 就 像 章鱼 哥 一个 怎么 努力 都 实现 不了 梦想 的 人
5460100058,不会 真的 有人 觉得 这 只是 动画片 吧 派 大星 懵懂 快乐 的 我们 珊迪 热爱 科学 的 我们 蟹 老板 一心 向 钱 的 我们 痞 老板 充满 野心 的 我们 海绵 宝宝 理想 中 的 我们 章鱼 哥 现实 的 我们
5447920564,以前 不 懂 直到 工作 后 才 多少 点 理解 章鱼 哥 的话
5447159471,你 这 段时间 累坏 了 小章鱼 以后 还会 一直 这么 累 坚持 的 意义 又 是 什么 呢 小章鱼
5439524432,像 我 的 生活
5434149028,BV1TU4y1A7wi
5428628239,说实话 这个 视频 的 混 剪 确实 很 优秀 压 过 市面上 大多数 的 视频
5418930553,700.0 万 播放
5417109595,这个 BGm 是 什么
5418809937,花之舞
5409517842,开场 有 什么 比 把 快乐 带给 别人 更 快乐 的 呢 去 死 或者 别的 什么 我 不 知道 你 对 这个 有 这么 强烈 的 感觉 你 要 干什么 我 想 我 无法 阻止 你 但是 章鱼 哥 外面 是 一个 冷酷 的 世界 没有 人用 银 托盘 把 欢乐 带给 你 我 自己 知道 我 非常 可笑 灰灰 丑丑 腿 有 四条 小蜗 有 爱 它 的 海绵 宝宝 派大星 傻 呆呆 的 吹泡泡 蟹 老板 高兴 的 吃 蟹黄 堡 章鱼 哥 在 独奏 E 小调 为什么 我 一 高兴 就 有 错 我 不 知道 你们 在 笑 什么 为什么 大家 都 爱 海绵 宝宝 为什么 章鱼 哥不爱 笑 为什么 我 今天 真糟糕 未来 我 还 没有 准备 好 海绵 宝宝 你 不 知道 你 有 多 幸运 你 有 小 蜗 和 爱 你 的 家人 我 也 想 做 我 爱 的 事 却 总是 这么 倒霉 除 我 以外 这 世界 上 还有 谁 大人 的 世界 比 我 想象 的 难 我 认为 我 是 主角 却 相反 我 的 工作 一 年复一年 一天 复 一天 再见 比基尼 海滩 海绵 宝宝 你 不 知道 你 有 多 幸运 你 有 小 蜗 和 爱 你 的 家人 我 也 想 做 我 爱 的 事 却 总是 这么 倒霉 除 我 以外 这 世界 上 还有 谁 我 想 回到 那个 时代 自己 傻傻 有些 呆 自己 傻傻 有些 呆 但 有家 人们 的 爱 但是 我 我 知道 我 的 笑脸 我 的 爱 我 的 一切 逝去 不再 来 世界 把 我 改变 我 笑 逝去 不见 我 想 逃离 却 逃 到 了 清洁 间 这样 的 日子 又 在 我 眼前 谁 能 知道 我该 怎么办 再见 海绵 宝宝 再见 派大星 我 也 想 做 我 自己 爱 做 的 事情 做 我 爱 的 工作 爱 我 爱 的 人 等一等 我 自己 的 灵魂 有 一句 话 从 今天 早上 我们 一 见面 我 就 一直 想 对 你 说 再见 再见 朋友 再见 比基尼 海滩 我 想 回到 那个 时代 自己 傻傻 有些 呆 自己 傻傻 有些 呆 但 有家 人们 的 爱 但是 我 我 知道 我 的 笑脸 我 的 爱 我 的 一切 逝去 不再 来 世界 把 我 改变 我 笑 逝去 不见 我 想 逃离 却 逃 到 了 清洁 间 这样 的 日子 又 在 我 眼前 谁 能 知道 我该 怎么办 竖笛 独奏 蓄力 中 蓄力 完成 但是 海绵 宝宝 但是 派大星 我 确实 没有 你们 幸运 的 人生 我 辛辛苦苦 工作 三年 但是 我 难得 休假 一天 我 希望 我 自己 傻 呆呆 不 把 世界 看 的 非常 明白 希望 有人 明白 我 的 爱 但是 谁 会 明白 我 的 爱 章鱼 哥 走 在 吹 竖笛 一天 一天 的 为 独奏 练习 明天 比基尼 海滩 都 会 崇拜 我 但是 比基尼 海滩 都 在 嘲笑 我 我 想要 好好 安静 一下 你 今天 累坏 了 小章鱼 明天 一定 会 更 美好 更 美丽 的 结尾 竖笛 独奏 复制 猫声 鹤唳
5403518279,就 怕 鬼畜 动 真情
5401504268,是 孤独 了 吗 我 有 一个 特异功能 ( ) 就是 我可以 把 我 的 眉毛 摘下来 ( ) 摘下 ( ) 安上 ( ) 又 摘下 ( ) 再 安上 ( ) 2 边 都 摘下 ( ) 嘿嘿 厉害 吧 现在 有没有 开心 一 丢 丢 没有 的话 我 的 眉毛 会 难过 的
5390648740,置顶 这个 视频 的 灵感 来自 洛温 的 派 大星 的 独白 在 去年 看 完 那个 视频 后 就 萌生 了 做 一个 类似 的 视频 并 不是 所谓 的 抄袭 更 贴切 的 说 是 致敬 吧 我 认为 海绵 宝宝 中 章鱼 哥 这个 人物 更 符合 现实 所以 便 有 了 这个 视频 也 并 不 存在 所谓 的 蹭 热度 毕竟 那个 视频 已经 快 一年 了 蹭 热度 的话 我 不 可能 现在 才 发 这个 视频 更 不 可能 为了 蹭 一个 热度 如此 精心 的 打磨 这个 作品 我 也 自知 这个 视频 不 可能 会 比 那 一个 好 我 只是 想 做 这个 视频 来 表达 我 的 一些 想法 仅此而已
5390657464,哈哈
5390656828,置顶 这个 视频 的 灵感 来自 洛温 的 派 大星 的 独白 在 去年 看 完 那个 视频 后 就 萌生 了 做 一个 类似 的 视频 并 不是 所谓 的 抄袭 更 贴切 的 说 是 致敬 吧 我 认为 海绵 宝宝 中 章鱼 哥 这个 人物 更 符合 现实 所以 便 有 了 这个 视频 也 并 不 存在 所谓 的 蹭 热度 毕竟 那个 视频 已经 快 一年 了 蹭 热度 的话 我 不 可能 现在 才 发 这个 视频 更 不 可能 为了 蹭 一个 热度 如此 精心 的 打磨 这个 作品 我 也 自知 这个 视频 不 可能 会 比 那 一个 好 我 只是 想 做 这个 视频 来 表达 我 的 一些 想法 仅此而已 :
5390647278,置顶 这个 视频 的 灵感 来自 洛温 的 派 大星 的 独白 在 去年 看 完 那个 视频 后 就 萌生 了 做 一个 类似 的 视频 并 不是 所谓 的 抄袭 更 贴切 的 说 是 致敬 吧 我 认为 海绵 宝宝 中 章鱼 哥 这个 人物 更 符合 现实 所以 便 有 了 这个 视频 也 并 不 存在 所谓 的 蹭 热度 毕竟 那个 视频 已经 快 一年 了 蹭 热度 的话 我 不 可能 现在 才 发 这个 视频 更 不 可能 为了 蹭 一个 热度 如此 精心 的 打磨 这个 作品 我 也 自知 这个 视频 不 可能 会 比 那 一个 好 我 只是 想 做 这个 视频 来 表达 我 的 一些 想法 仅此而已
5386917198,不必 觉得 自己 无助 至少 你 还有 人会 看到 你 说 给 自己 听
5378996180,封面 多少 集
5375863526,明天 一定 会 更 美好 更 美丽 的 只不过 是 我 骗 我 自己 的 把戏 罢了
5374110399,实话实说 有种 mc 的 感觉
5370316784,但 他 还是 才能 太 平庸 自命不凡 却 没有 任何 不凡 的 地方 注定 了 他 会 这么 过 一辈子
5369874919,我 根本 就 不 可能 完成 我 的 梦想
5367862788,但是 章鱼 哥 外面 是 一个 冷酷 的 世界 没有 人用 银 托盘 把 欢乐 带给 你
5367392760,想 当个 坏人 不用 考虑 别人 感受 想 当个 傻子 永远 处于 快乐 之中 但 可惜 我 把 这个 世界 看 的 太 明白 了 所以 总会 去 考虑 各种 后果 没有 了 当年 的 决绝 也 没有 了 当年 的 欢乐 现在 总是 一个 人 不管 在 哪里 不管怎么 变 孤独 的 人 总是 孤独 的 如果 有人 能 看到 这里 那么 我 希望 你 能 不 去 追求 这个 世界 的 真相 不要 去 穿过 那 隐藏 着 黑暗 的 光明 对于 这个 世界 只要 看到 表面 就 好 因为 知道 的 多 了 失去 的 也 就 多 了
5366136457,章鱼 哥 很 真实
5365299185,多少 人 因为 生活 底下 了 他 那 高傲 的 头颅
5364505660,小时候 总是 在 想 章鱼 哥 为什么 总是 在 生气 长大 了 却 想不通 派大星 为什么 总是 那么 开心
5362238313,成年人 的 世界 只 剩下 房子 和 车子 了 哪里 还有 理想
5360560980,呜呜 呜呜 呜呜 呜呜
5352591939,我 就是 章鱼 哥 了
5347882882,音无结 弦 之 时悦动 天使 之心 立于 浮华 之世 奏响 天籁 之音
5346976926,也许 自己 拼了命 地 努力 但 不会 有人 在意 你 ...
5342330399,绝了
5342046705,这里 埋葬 的 是 章鱼 哥 的 梦想 你 还 不 明白 吗 海绵 宝宝 我 是 一个 失败者 曾经 跟 我 一起 欢笑 的 人 是 谁 啊
5340051368,这里 曾经 埋葬 这哥 的 梦想
5336432565,章鱼 哥 ( * * ) 八 ( * * ) ( ) ( * * ) 八 ( * * ) ( ) ( * * ) 八 ( * * ) ( ) ( * * ) 八 ( * * ) ( )
5335899552,凭 什么 这个 视频 没有 上 全站 前 15
5332434884,"人人 都 想 做 海绵 宝宝 , 可 最后 都 变成 了 章鱼 哥"
5332039203,哎 谁 又 不是 章鱼 哥 呢
5330638125,小时候 就 觉得 章鱼 哥老惨 了
5330328258,真的 章鱼 哥一 高兴 一般 就是 要 倒霉 了
5325491913,你 所 热爱 的 就是 你 的 生活
5325006385,章鱼 哥 挑拨离间 等等 烂活 也 太 多 了 只能 说 终究 在生活中 他 选择 了 当 庸俗 的 小 有 财产 的 人
5324037723,伴奏 伴奏
5323392162,flower dance
5319569319,我 刚才 赌博 输 了 1 万 4 现在 身无分文 了 害怕 面对 自己 的 人生 我 好 想 死去 现在 刀 已经 拿 手里 了 不敢 往 心脏 扎下去 好 累 已经 浑身发抖 了 想 去 喝点 酒 给 自己 自杀 的 勇气
5325253934,哥们 我输 十万 也 没 说 啥 你 这 就 不行 了
5325273064,回复 : 计划 重开 呢 30 小时 没 睡觉
5325358627,回复 : 不想 上班 啊 累死累活 一天 14 小时 也 就 200 来块 关键 是 感觉 感觉 不到 人生 的 快乐 了
5343657477,有时候 悲伤 就是 一阵子 的 事过 了 这次 吸取教训 就 好 不 知道 你 还 在 不 在 但 我 希望 你 活着
5392075860,兄弟 我爸 十多年 前 买 的 起 一辆 二十多万 小车 到 现在 负债 二十多万 还 可能 更 多 我 以后 得 替 他 还 钱
5318772543,章鱼 哥 一个 失败者 属于 一个 成年人 的 无奈 他 也 有 一个 远大 的 梦想 可 梦想 终究 是 梦想 梦里 的 想象 没有 人 认可 他 的 艺术 派大星 无忧无虑 海绵 宝宝 有 他 喜欢 的 工作 许多 家人 章鱼 哥 他 也 想 出人头地
5316571003,我 希望 正在 读 这句 话 的 人 永远 开心
5311050998,泪目
5310866268,二 分部
5310402939,憋 笑 很 简单 憋 哭 很 难
5291470819,海绵 宝宝 有钱 的 大爷 如果 有 一天 我 变得 很 有钱 - 哔哩 哔哩
5289102987,我 不 明白 为什么 这种 视频 还有 人 把 抑郁症 称作 玉玉症 还是 在 前 十秒 的 置顶 白字
5291098044,是 就 像 在 觉得 抑郁症 很 好笑 真不知道 为什么 有人 拿 抑郁症 开玩笑
5305167823,回复 : 因为 网上 太多人 自吹自擂 抑郁症 以为 得 了 这个 玩意 就 很 奇特 一样 而且 一些 人 洗白 都 是 拿 自己 抑郁症 说事 就 导致 很多 人 对于 抑郁症 有 不好 的 观感 但 受伤 的 终究 是 抑郁症 患者
5285087447,你 不 开心 为什么 还 能 唱歌
5284509755,如果 我 是 派 大星 我 希望 我 的 朋友 是 海绵 宝宝 因为 他会 陪 着 我 快乐 如果 我 是 海绵 宝宝 我 希望 我 的 朋友 是 章鱼 哥 因为 他 很 悲观 但 最后 一定 是 伸出 援手 的 人 如果 我 是 章鱼 哥 我 就是 章鱼 哥
5282963688,现在 章鱼 哥 配音演员 是 谁
5359000661,不 知道 这个 版本 是 李易 去世 很久 了
5282194923,只 立足于 现实 的 人 不会 因 背离 理想 而 悲观失望 抱憾 始终 只 立足于 理想 的 人 不会 因 现实 的 约束 而 去 负担 责任 与 义务 最 辛苦 的 就是 既不愿 放弃 理想 又 着眼于 现实 的 人 对 他们 而言 理想 是 现实 的 包袱 现实 是 理想 的 镣铐 所以 痛苦 是 活该 的 但是 我 自 认为 这 并 不 代表 着 原罪 相反 不仅 限于 爱情 做 任何 事 都 是 要 高举 理想 的 旗帜 为 动力 大胆 跃进 富有 想象力 同时 在 痛苦 和 艰难 中 磨练 努力 和 顽强 化作 现实 的 武器 这才 是 时间 的 牺牲 精力 的 损耗 财产 的 消费 以至于 生命 的 流逝 的 价值 和 意义 所在
5276402203,世界 以痛 吻 我 我 却 报之以 歌
5275473562,孔乙己
5273550281,2021 前来 考古 我 马上 要 高三 了 尽管 学习 不算 出彩 也 不差 但 我 的 好 朋友 们 都 很 优秀 想必 高考 会 将 我们 分离 吧 我 时常 这么 想 我 有 我 自己 的 人生态度 不想 追求 完美 不想 出人头地 不想 夺人 眼球 我 只 想 做 一个 开心 的 人 善良 的 人 平凡 的 人 我 有 许多 爱好 足球 钢琴 骑车 以及 和 朋友 们 玩耍 但 我 总会 提醒 自己 一年 之后 也许 昔日 的 欢声笑语 就 会 不复存在 了 也许 我会 因为 生活 压力 而 不得不 放弃 自己 的 一些 爱好 看到 这里 埋葬 着 章鱼 哥 的 希望 和 梦想 时 我 叹 了 一口气 紧接着 看到 弹幕 给 我 站 起来 你 是 个 艺术家 之后 我 却 哭 的 稀里哗啦 这 是 我 第一次 因为 强烈 共鸣 而 哭泣 刚 从 派 大星 的 鬼畜 点 过来 这 两部 作品 仿佛 再 一次 提醒 了 我 曾经 无忧无虑 的 生活 即将 成为 过去 但是 弹幕 也 鼓励 着 我 永远 不要 放弃 你 的 梦想 我 的 梦想 是 什么 从小到大 我 的 回答 无数 火车 司机 飞行员 老师 医生 但 现在 我 的 回答 是 我 想要 和 朋友 们 在 一起 做 喜欢 的 事 直到 永远 理科生 文笔 不好 轻喷 由于 各种 原因 只能 投 一个 币 我 深感 抱歉
107807064640,我 也 跟 你 一样
5264480048,我 想 问 一下 章鱼 哥 的 吹 竖笛 那段 音乐 是 啥 啊 有 知道 的 吗
5308914657,follower dance
5308930436,应该 是 类 哎 和弦
5264012113,看到 这句 的 时候 就 忍不住 哭 了 有 什么 比 把 快乐 带给 别人 更 快乐 的 呢 去 死 或者 别的 什么
5260686042,泪目
5260538115,章鱼 哥 哦 你们 成功 了 你们 夺走 我 一生 中 最 快乐 的 一次 机会 碾碎 了 它 把 它 碾成 了 一片 一片 的 我 真的 对 你们 给予 了 厚望 我 想 我 失败 了 明天 不用 再 去 表演 了 我 就 告诉 他 你们 都 在 游行 中 出车祸 都 死 了 谢谢 谢谢你们 一事无成 但是 最惨 的 章鱼 哥 也 有 幸福 的 时候 也 有 为数不多 的 快乐
5251203065,其实 投了币 之后 还 能 投 的 我 把 我 仅剩 的 20 多个 币全 投给 了 时光 代刀 人
5248061965,我 记得 有 一集 章鱼 哥 得到 了 自己 想要 的 生活 但是 后面 他 发现 他 自己 好像 没有 这么 快乐 人 总是 这样
5246368267,视频 里 的 等一等 灵魂 来源 是 古 印第安人 的 箴言 别 走 得 太快 等一等 灵魂
5246095835,我 希望 正在 读 这句 话 的 人 永远 开心
102295456048,谢谢
114231179936,谢谢
115774809600,谢谢
119015398000,谢谢
141649066000,谢谢
143773359936,谢谢
152795774704,谢谢 你
198510107808,谢谢
204188304080,谢谢
234431984992,谢谢
262411196512,谢谢
282595536352,谢谢
292559409664,谢谢 你
5229877896,泪目
5224362238,BGM 是 什么 啊
5227256184,Flower Dance - DJ Okawari
5223414010,做 这个 视频 花 了 很 长时间 吧 这 文案 要 看 多少 集 啊
5220639787,我 好 累
5218623153,小时候 在 想 为什么 章鱼 哥 一直 开心 不 起来 现在 想 为什么 派大星 一直 这么 高兴 尤其 是 海绵 宝宝 失去 了 洞洞 和 棱角 的 那 一集 我 看见 评论 区 在 说 生活 磨平 了 我们 的 棱角 大受 感动
5217194277,到头来 就 章鱼 哥 一个 是 现实 的
5212488506,( )
5211244370,播放 666 万
5211204408,3 连 了
5206708270,有人 有 章鱼 哥 撕心 的 表情 嘛 就 黑白 那种 很 喜欢
5205329687,真的 很 难忍 住 不 哭
5204884822,有句 话 我 早上 一 见到 你 就 想 对 你 说 再见
5202069468,等 我 成年 那 一天 我 想 给 一个 三连
5200664398,翻唱 了 一首 关于 派大星 的 说唱 我 过来 给 自己 推广 一下 视频 很 好 已经 三连
5195823163,上帝 给 你 关们 却 打开 了 窗 高贵 的 灵魂 最终 去 爬 向 那个 窗 开始 不 习惯 可 最终 还是 出去 了 但 谁 的 灵魂 还会 和 之前 一样 终将 失去 宝贝 的 东西
5195750737,不断 地扎心 顶不住
5194599113,又 双 叒 叕 来 刷 一次 了 不 知道 这是 第几次 了
5194588444,总有 那么 一群 人 一条条 的 翻 着 评论 却 从不 写下 评语 心底 里 藏 着 许多 故事 只能 对 自己 说 喜怒哀乐 都 是 一个 人 的 事 你好 路过 的 陌生人 愿 你 的 深情 都 有人 懂 愿 你 的 余生 不 被 辜负 加油 陌生人
107807229376,谢谢 陌生人 ( * ^ o ^ * )
5194110531,凤梨 屋大 公寓 石头 屋 童年 中年 坟墓 ( 都 在 石头 下面 )
5187709225,我 打 暑假 工被 辞退 的 时候 突然 理解 章鱼 哥 了
5192628476,建议 劳动 仲裁
5187594336,萨日朗 章鱼 哥
5187116753,眼泪 滴 在 屏幕 上 结果 给 暂停 了
5183912947,章鱼 哥 吹 竖笛 真有 那么 难听 吗 我 只 记得 海绵 宝宝 最 美好 的 一天 那 一集 观众们 为 章鱼 哥 鼓掌 了 但 那 也 是 为了 衬托 海绵 宝宝 错过 了 表演 其他 情节 好像 都 很 嫌弃 章鱼 哥 吹 的 不至于 那么 差 吧 毕竟 章鱼 哥 很 努力 地 训练 了
5180991498,每日 重温
5180939694,章 魚哥 的 悲劇 在 於 他 是 被 一群 精神病 包圍 的 正常人
5179075545,听到 一半 无感 了 这 连 致敬 都 不算 吧 很多 词 的 格式 句式 都 是 一模一样 的 这个 作品 自己 的 思考 有些 少 存在 更 多 的 是 模仿
5203595995,词 不是 自己 扣 的 吗
5178196421,看 哭 了
5178032651,这么 火 的 视频 居然 不 给 我 推送 到 首页
5177868803,曾 踌躇满志 愿 壮烈 千里 却 蝇营狗苟 为 鸡 蒜 奔波 为 自己 调 上 一杯 马天尼 还 tm 的 没有 冰块 也许 这 就是 人生 吧 晚安 小章鱼 哈哈哈
5176371798,泪崩
5174225679,章鱼 哥比 我 多 了 一栋 房子
5173683035,章鱼 哥 在 纸 壳子 里面 要饭 的 那 一幕 是 第几 集呀
5173587741,在 水里切 洋葱 不会 哭 都 是 假 的
5172681012,我 就是 章鱼 哥 啊 章鱼 哥 就是 我 啊
5237342972,可惜 你 没有 一栋 大房子
5238635312,回复 : 卧槽 扎心 了
5172605426,富人 的 梦想 是 那么 容易 实现 普通人 放弃 梦想 帮助 富人 实现 梦想
5172516695,章鱼 哥 这个 人物形象 刻画 的 太强了
5171894656,一个 人 的 生命 就是 这样 没有 人 可 你 在 一起 的 快乐 只有 一个 人 的 孤独 没有 边 的 人 什么 都 没有 只有 自己 一个 人 只有 自己 一个 人
5171494814,我 无法 帮助 你
5170233041,我 就 想 一个 人 呆 着
5168971212,最后 音乐 重合 的 部分 cue 到 我 了 别的 部分 也 很棒
5168265516,歌曲 一个 成年人 的 独白 - 章鱼 哥 演唱 章鱼 哥 歌词 傲世 子木 制作 傲世 子木 动画 傲世 子木 和 声 傲世 子本 念白 章鱼 哥 海绵 宝宝 有 什么 比 把 快乐 带给 别人 更 快乐 的 呢 去 死 或者 别的 什么 我 不 知道 你 对 这个 有 这么 强烈 的 感觉 你 要 干什么 我 想 我 无法 阻止 你 但是 章鱼 哥 外面 是 一个 冷酷 的 世界 没有 人用 银 托盘 把 欢乐 带给 你 我 自己 知道 我 非常 可笑 灰灰 丑丑 腿 有 四条 小蜗 有 爱 它 的 海绵 宝宝 派大星 傻 呆呆 的 吹泡泡 蟹 老板 高兴 的 吃 蟹黄 堡 章鱼 哥 在 独奏 E 小调 为什么 我 一 高兴 就 有 错 我 不 知道 你们 在 笑 什么 为什么 大家 都 爱 海绵 宝宝 为什么 章鱼 哥不爱 笑 为什么 我 今天 真糟糕 未来 我 还 没有 准备 好 海绵 宝宝 你 不 知道 你 有 多 幸运 你 有 小 蜗 和 爱 你 的 家人 我 也 想 做 我 爱 的 事 却 总是 这么 倒霉 除 我 以外 这 世界 上 还有 谁 大人 的 世界 比 我 想象 的 难 我 认为 我 是 主角 却 相反 我 的 工作 一 年复一年 一天 复 一天 再见 比基尼 海滩 海绵 宝宝 你 不 知道 你 有 多 幸运 你 有 小 蜗 和 爱 你 的 家人 我 也 想 做 我 爱 的 事 却 总是 这么 倒霉 除 我 以外 这 世界 上 还有 谁 我 想 回到 那个 时代 自己 傻傻 有些 呆 自己 傻傻 有些 呆 但 有家 人们 的 爱 但是 我 我 知道 我 的 笑脸 我 的 爱 我 的 一切 逝去 不再 来 世界 把 我 改变 我 笑 逝去 不见 我 想 逃离 却 逃 到 了 清洁 间 这样 的 日子 又 在 我 眼前 谁 能 知道 我该 怎么办 再见 海绵 宝宝 再见 派大星 我 也 想 做 我 自己 爱 做 的 事情 做 我 爱 的 工作 爱 我 爱 的 人 等一等 我 自己 的 灵魂 有 一句 话 从 今天 早上 我们 一 见面 我 就 一直 想 对 你 说 再见 再见 朋友 再见 比基尼 海滩 我 想 回到 那个 时代 自己 傻傻 有些 呆 自己 傻傻 有些 呆 但 有家 人们 的 爱 但是 我 我 知道 我 的 笑脸 我 的 爱 我 的 一切 逝去 不再 来 世界 把 我 改变 我 笑 逝去 不见 我 想 逃离 却 逃 到 了 清洁 间 这样 的 日子 又 在 我 眼前 谁 能 知道 我该 怎么办 竖笛 独奏 蓄力 中 蓄力 完成 但是 海绵 宝宝 但是 派大星 我 确实 没有 你们 幸运 的 人生 我 辛辛苦苦 工作 三年 但是 我 难得 休假 一天 我 希望 我 自己 傻 呆呆 不 把 世界 看 的 非常 明白 希望 有人 明白 我 的 爱 但是 谁 会 明白 我 的 爱 章鱼 哥 走 在 吹 竖笛 一天 一天 的 为 独奏 练习 明天 比基尼 海滩 都 会 崇拜 我 但是 比基尼 海滩 都 在 嘲笑 我 我 想要 好好 安静 一下 你 今天 累坏 了 小章鱼 明天 一定 会 更 美好 更 美丽 的 结尾 竖笛 独奏
5167692641,海奇堡 唯一 的 正常人 章鱼 哥
5166208762,看着 看着 特想 哭 像是 现在 的 我 章鱼 哥 代表 着 长大 的 人
5163648850,你 好像 忘 了 章鱼 有 三个 心脏
5161207513,每看 一次 都 想 哭 生活 真是 绝望
5161121799,终于 活成 了 章鱼 哥
5160935766,我 也 一样 啊 没 人 认同 我 没人 认识 我
5157004147,这是 一部 很 讽刺 的 动画 当然 他 却 给 我们 带来 了 快乐
5156594498,其实 我 觉得 把 海绵 宝宝 系列 的 所有人 出 了 我 都 很 开心
5156498041,再 听 已 是 曲中人
5154649476,章鱼 哥一 开口 又 想 起来 这是 李易 老师 的 声音 更 绷 不住 了 啊啊啊 啊 啊 我 八九岁 的 时候 不看 动画片 不看 电视剧 天天 守 着 CCTV9 等 他 配音 的 纪录片 总 想着 以后 要 看 完 所有 这个 声音 配 的 片子 但 知道 他 是 谁 知道 他 居然 是 章鱼 哥 的 CV 的 时候 他 已经 不 在 了 就 他 开口 的 那 一瞬间 想 起来 的 也 不止 是 章鱼 哥 或者 是 自己 相 不 相似 还 想 如果 李易 老师 听到 会 怎么 反应 TAT
5154667859,虽然 这么 说 很 ky 也 煞风景 但 真的 很 希望 大家 能 记得 他 也 曾 是 用 中文 赋予 章鱼 哥 灵魂 的 那个 人 TAT
5152477558,冷漠 的 好人
5151425361,陌生人 让 我们 一起 加油
5150541027,我 小时候 特别 喜欢 章鱼 哥 因为 他 的 爱好 都 很 艺术 吹 竖笛 画画 雕塑 而且 房间 也 是 最 好看 的 ! 每次 他 倒霉 我 心里 都 很 难过 ...
5147023981,喜欢 艺术 却 只能 去 当 售票员 底层 的 工作 这个 形象 很能 感同身受
5147042858,当时 看 章鱼 哥想 笑 现在 想 哭
5146893407,伯乐 和 知己 得 一者 都 觉得 这个 世界 很 美好 但是 伯乐 和 知己 却 又 是 可遇 而 不可 求 的 唉
5145820980,我 只 想 把 评论 弄 成 整数
5142321844,第一次 发 评论
5142314110,混个 赞 就 好
5142257365,这里 埋葬 着 章鱼 哥 的 梦想
5142116655,强烈要求 up 出 音频
5141642966,老 动画 的 缺点 不够 清晰 新 动画 的 缺点 不够 清晰
5141545475,我草 眼泪 出来 了
5140966547,我 一直 觉得 派大星 代表 小孩 海绵 宝宝 代表 少年 章鱼 哥 代表 成年人
5135542103,目泪
5134126476,除了 你 章鱼 哥 还有 我 陪 着 你 跟 你 一样 的 一个 人
5131342641,傲娇 就是 女生 骄傲 的 样子
5131343304,不是 嘴硬
5131341137,无论 章鱼 哥 变成 什么 样子 都 是 我 的 朋友
5131337701,傲娇 不是 嘴硬 啊
5130020881,看 了 现在 黄绿 罗 老师 那个 视频 回来 考古 是 啊 几乎 每个 正常人 都 曾 有着 自己 的 梦想 但 却 在 生活 与 工作 欲望 中 亲手 将 其 埋葬 就 像 我 曾 看过 的 一个 热评 一样 小 的 时候 我 以为 我会 成为 海绵 宝宝 结果 我们 都 成为 了 章鱼 哥
5129825454,为什么 想 去 二次元 因为 世界 太脏 了
5129409167,本来 想三连 的 可是 没有 币 了
5128731078,BGMDJokawari 花之舞
5126662530,想 哭 就 哭 出来 吧 毕竟 只有 哭 过 才 会 笑 啊 不是 吗
5125541731,小时候 看 章鱼 哥 有点像 个 小丑 为 着 梦想 奔波 回头 看 却 又 一事无成 现在 看 我们 谁 又 未成 不是 章鱼 哥 呢 谁 又 未成 不是 个 小丑 呢
5119486231,我 一定 会 活下去 反抗 这 命运 向着 我 的 光 不断前进
5118216124,海绵 宝宝 走 我们 去 找 章鱼 哥 吧 派大星 好哇 章鱼 哥 我 的 房子 我 的 竖笛 我 的 音乐 梦 啊 都 被 你们 毁 了 海绵 宝宝 给 我 滚出去 有 一天 海绵 宝宝 和 派 大星 走 了 他们 去 了 另 一片 海洋 海绵 宝宝 发现 了 一个 新 的 菠萝 做 房子 派大星 在 沙子 里 新 做 了 一个 家 他们 和 小蜗 一起 玩玩 到 老去 蟹 老板 在 店里 忙活 着 照顾 着 寥寥无几 的 客人 它 没有 收 他们 的 钱 它 的 钱柜 里 的 钱 刚好 够 他 养老 它 再也 不 抠门 了 它 只是 有点 冷 它 换下 了 那件 穿 了 那么 多年 的 西服 衬衫 去 找 章鱼 哥 蟹 老板 嘿 伙计 你 是 我们 海域 最 伟大 的 竖笛 师 你 有 最大 的 房子 你 的 梦想 终于 实现 了 章鱼 哥 没有 说话 蟹 老板 你 还 记得 我们 这儿 很久以前 有块 海绵 吗 章鱼 哥 哦 你 说 的 是 我 的 邻居 吗 不 记得 了 蟹 老板 望了望 左面 的 那个 菠萝 房子 还 和 当年 一样 新 章鱼 哥 天天 都 在 打扫 章鱼 哥 我 买 了 全 海域 最大 最 豪华 的 房子 你 可以 来 拆到 天黑 了 这样 晚上 我 就 有人 能够 说说话 了 我 挣 了 全 海域 最多 的 钱 买 了 最好 的 竖笛 你 下次 玩 就 再也 不用 担心 弄坏了 我 再也 不想 看到 你 内疚 了 我 想 和 你们 一起 去 抓 水母 但 我 的 触手 跑 不快 不过 没关系 我 每次 都 在 看 你们 玩 每天 等 你们 睡着 后 都 在 练习 我 现在 能 做到 了 我 买 了 全 海域 最好 的 泡泡 水 它们 堆 了 一 整个 地下室 你 怎么 还 不来 呢 章鱼 哥家 的 门 自从 修好 后 就 没关 过 不过 他 倒 是 希望 这门 能 早早 坏掉
5114008770,小时候 总 觉得 章鱼 哥 真的 很怪 但 长大 了 才 知道 当 世人 都 将 愚昧 当作 常态 那 清醒 就 成 了 愚昧 ......
5112326859,你 今天 累坏 了 小章鱼 明天 一定 会 更好
5111159371,成年人 虽然 会 有 很多 痛苦 而且 无法 诉说 但是 成年人 可以 更好 保护 自己 的 家人 爱 的 人 珍惜 的 人 而 不是 被 别人 保护 着 我 很 庆幸 我 即将 是 一个 成年人 可以 为 我 的 家人 撑起 一个 保护伞 哪怕 会 面对 很多 痛苦 但是 我 愿意
5116909220,加油 吧 你 很 坚强 愿 你 幸福快乐
5111080405,看 一次 哭 一次 我 跟 章鱼 哥 可以 说 是 一毛 一样
5105725707,看 哭 了
5104778417,音无结 弦 之 时悦动 天使 之心 立于 浮夸 之世 奏响 天籁 之音
5103822313,为什么 我 一 高兴 就 有 错
5103473042,海绵 宝宝 的 独白 我 准备 好 了 - 哔哩 哔哩
5103471771,派大星 的 独白 一个 关于 正常人 的 故事 - 哔哩 哔哩
5101776360,想 知道 中间 章鱼 哥 拿 着 竖笛 跪下 来 的 是 哪 一集
5101209050,看 这个 视频 就 像 在 看 自己
5100056809,我 想 说 章鱼 哥是 幸运 的 他 拥有 自己 的 梦想
5099603124,看过 海绵 宝宝 的 对于 这个 视频 只有 一句 话 拙劣 的 模仿
5115578499,魔 怔 人 呢 你 天天 冲冲 冲
5146273669,贴 吧 少 看
5099600824,看到 这个 up 的 评论 我 就 笑 了 你 所谓 的 灵感 就是 把 别人 视频 里 的 台词 换成 章鱼 哥 的 说白了 不 就是 换汤不换药 难道 在 你们 这种 人 心中 非得 一模一样 才 算 抄袭
5098764702,章鱼 威廉 我服 了 我服 了
5098471524,E 小调 再也 憋不住 了
5097551454,它 原本 拥有 天籁 之音 却 被 万人 辱骂 不管 怎么样 他 永远 是 最 倒霉 的 他 原本 就 属于 艺术家 却 当上 了 蟹 堡 王 的 工作
5094796196,但是 海绵 宝宝 你 不 一样 你 过 着 令人羡慕 的 生活 从事 一份 自己 喜爱 的 工作 还有 会 永远 支持 你 的 朋友 爱 你 的 家人 听话 的 小蜗 大 把 青春 值得 你 去 奋斗 所以 有时候 我 也 不 知道 你 为什么 难过 海绵 宝宝 我 所有 的 工作 不 就 毫无意义 了 吗 当 章鱼 哥拿起 了 他 的 竖笛 开始 出人头地 双收 名利 当蟹 老板 又 找到 一枚 金币 笑 得 前仰后合 忘乎所以 海绵 宝宝 那 我们 是不是 也 应该 坚持 做 自己 喜欢 的 事情 所以 你 还 在 等 什么 呀 我们 快 走 吧 海绵 宝宝 我 不想 这么 做 我 想 做 正常 的 事 天呐 我 都 没有 发现 呐 海绵 宝宝 你 是不是 生病 啦 你 身上 的 洞洞 越来越少 还有 作为 方块 的 棱角 是不是 我 没 把 你 照顾 好 别 担心 我 马上 为 你 治疗 等 你 恢复 了 正常 我们 还 能 一起 冒险 对 吗 海绵 宝宝 那 一只 水母 我 一定 要 抓 到 章鱼 哥 的 仇 就 由 我 来 报 你 想要 的 卡片 我 也 抽来 给 你 虽然 不 知道 它们 有 什么 好 海绵 宝宝 我 终于 考到 了 驾照 可以 一起 去 找 太阳 落下 的 小岛 海绵 宝宝 你 的 家 变得 好 漂亮 你 恢复正常 了 吗 海绵 宝宝 对比 我 自己 知道 我 非常 可笑 灰灰 丑丑 腿 有 四条 小蜗 有 爱 它 的 海绵 宝宝 派大星 傻 呆呆 的 吹泡泡 蟹 老板 高兴 的 吃 蟹黄 堡 章鱼 哥 在 独奏 E 小调 为什么 我 一 高兴 就 有 错 我 不 知道 你们 在 笑 什么 为什么 大家 都 爱 海绵 宝宝 为什么 章鱼 哥不爱 笑 为什么 我 今天 真糟糕 未来 我 还 没有 准备 好 海绵 宝宝 你 不 知道 你 有 多 幸运 你 有 小 蜗 和 爱 你 的 家人 我 也 想 做 我 爱 的 事 却 总是 这么 倒霉 除 我 以外 这 世界 上 还有 谁 海绵 宝宝 你 不 知道 你 有 多 幸运 你 有 小 蜗 和 爱 你 的 家人 我 也 想 做 我 爱 的 事 却 总是 这么 倒霉 除 我 以外 这 世界 上 还有 谁 我 想 回到 那个 时代 自己 傻傻 有些 呆 自己 傻傻 有些 呆 但 有家 人们 的 爱 但是 我 我 知道 我 的 笑脸 我 的 爱 我 的 一切 逝去 不再 来 世界 把 我 改变 我 笑 逝去 不见 我 想 逃离 却 逃 到 了 清洁 间 这样 的 日子 又 在 我 眼前 谁 能 知道 我该 怎么办 再见 海绵 宝宝 再见 派大星 我 也 想 做 我 自己 爱 做 的 事情 做 我 爱 的 工作 爱 我 爱 的 人 等一等 我 自己 的 灵魂 可能 在 莫些 人 眼里 非 要 一模一样 才 算 抄袭 这种 节奏 一样 台词 类型 差不多 甚至 一个 bgm 都 不换 那里 来 的 脸 说 自己 没有 抄袭
5094751031,噗 笑死 这 不算 抄袭 你 告诉 我 什么 算 抄袭 连 台词 都 差不多 非 要是 海绵 宝宝 才 算 抄袭
5099344859,差不多 得 了 人家 就是 看 了 洛温 的 视频 来 的 灵感 小屁孩 差不多 得 了
5099569791,回复 : 灵感 就是 换下 台词
5099574050,回复 : 照葫芦画瓢 差不多 得 了 真 就 一点 批脸 都 不要 了
5103002080,回复 : 你 这样 说 打 到 列强 和 两只 老虎 就 一样 也 是 抄袭 扎西德勒 自己 去 了解 版权 划分 是 怎么回事 再 回来 跟 我 说
5115584477,回复 : 别管 他 看 他 动态 他 就是 个 魔 怔 人
5093472649,当 一个 正常人 在 在 一群 疯子 里 他 才 是 疯子
5091342281,小时候 以为 能 像 海绵 宝宝 和 派 大星 一样 快乐 下去 长大 却 和 章鱼 哥 一样 喜欢 抱怨 原来 生活 里 的 都 只是 小人物
5091348900,但 善良 应是 普通人 的 本质
5087187124,好 难过 啊 梦想 是 真的 好难 我试 过 了 然后 放弃 了 因为 太难 了 还是 挺 遗憾 和 不甘
5085790260,初闻 不知 曲 中意 再 听 已 是 曲中人
5079594266,我们 都 是 章鱼 哥 工作 不顺 身边 没有 真正 的 朋友 还 总 遇到 倒霉 的 事 但 我们 也 不是 章鱼 哥 我们 没有 房子 也 没有 稳定 的 工作
5078911912,海绵 宝宝 确实 好 幸运 有 一群 志同道合 的 朋友 有 一只 聪明 的 宠物 有 一个 幸福 的 家庭 有 一份 能 让 自己 开心 的 工作 有 自己 的 房子
5078622618,黑夜 下 腐朽 的 是 我 的 躯壳 光芒 下 照耀 的 是 我 的 重生
5072958933,小时候 总是 在 想 章鱼 哥 为什么 总是 在 生气 长大 了 却 想不通 派大星 为什么 总是 那么 开心
5072464966,中配 章鱼 哥
5070925775,在 陆地 上 章鱼 哥是 的 正常人 可是 在 比奇 堡 章鱼 哥 却是 怪人
5068845543,从 何时 起 善良 变成 了 哗众取宠
5063233498,我 想 转发 可以 么
5060693077,盼能 一食 万钱 望成 章鱼 威廉 却 终止 步于 收银员 每日 奏 恼人 管弦 但 年复一年 平凡 中寻得 安恬 纵 有 长叹 无言 转身 向前 面前 仍 有 海星 海绵
5057878490,章鱼 哥 吹 的 那段 音乐 是 什么
5051190538,海绵 宝宝 开心 是因为 作者 设定
5049944294,"看到 小丑 的 时候 , 真的 眼睛 里 进 了 石头 梦想 在 许多 人 面前 或许 是 可笑 的 但 , 谁 的 心中 没有 过 你 看起来 可笑 的 梦想 呢"
5049206779,梦 回到 以前 那个 充满 快乐 的 时期 可 失去 的 东西 永远 不会 回来 了
5046637288,已阅
5043154580,章鱼 葬 下 了 自己 的 梦想
5043153344,音无结 弦 之 时悦动 天使 之心 立于 浮夸 之世 奏响 天籁 之音
5042619598,我们 的 教育 生产 理想主义者 再 由 现实 击碎 他们 的 幻想 并 将 这种 重塑 称之为 成长 每当 我 回顾 我 所 接受 的 教育 我 总 感觉 到 被 欺骗 的 愤怒 到 现在 还是 无法 释怀 我 只是 在 照搬 一位 大佬 的 发言
5040143155,你 今天 累坏 了 小章鱼 明天 一定 会 更 美好 更 美丽 的
5039561883,00 : 00
5039562328,00 : 01
5038667551,人生 终亏 是 残酷 的 可 人生 有时 会 有 幸福 有 一句 话 叫 人生 苦短 所以 要 开朗 面对 生活 的 残酷
5032356177,人人 都 想 活成 海绵 宝宝 但 其实 人人 都 是 章鱼 哥
5032351188,这 竖笛 一响 鼻子 酸 了
5024013281,每天 一遍
5021902626,可以 但 抄袭 致敬
5027417282,但是 你 做 不到 因为 你 不行
5027413951,既然 你 也 觉得 这个 作品 不错 然而 你 却 认定 它 是 抄袭 那 说明 你 是 一个 没有 思想 的 怪物 你 连 人 都 当不了
5030310188,什么 地方 抄袭 了 背景音乐 只是 形式 类似 好 吧 明明 想 表达 的 思想 完全 不 一样
5075099520,抄袭 是 歌词 是 画面 只不过 核心思想 是 一样 的 就算 抄袭 那 我 拍 一部 动作 电影 你 也 拍 一部 我 是不是 能告 你 抄袭 我
5080761786,哪 抄袭 了
5021769383,我们 终将 把 梦想 一一 埋葬
5019223796,感同身受 不知不觉 快到 了 为 生活 打拼 的 年纪 愿 温柔 以待 吧
5001090023,很多 时候 真的 是 有感而发 真的 我 其实 对 你们 这些 做 视频 的 人 怎么 说 呢 既 羡慕 又 觉得 因为 很多 时候 出名 挣钱 真正 能够 靠 这个 生活 的 人 还是 少之又少 但是 很多 人 付出 了 很多 却 毫无 收获 的 时候 真的 是 难受 痛苦 不过 好 在 也 是 经过 了 那个 时间 最 害怕 的 是 熬不过 的 那些 人
4999544883,有 一集 章鱼 哥去 到 了 梦想 的 章鱼 镇过 着 所有 章鱼 梦想 的 日子 可是 日复一日 年复一年 他 还是 发现自己 想要 的 不过 是 一时 而已 从 他 决定 逃出 章鱼 镇来 他 就是 他 自己 了
4988998975,Flower dance
4983142466,小时候 不 懂 章鱼 哥 为什么 总是 那么 伤心 长大 后 不 知道 海绵 宝宝 为什么 那么 开心
4982661087,原曲 是 啥 来 着
4999136828,flower dance
4979558403,泪目
4976122208,我 小时候 做梦 都 不会 想到 我 长大 后会 对 开场 章鱼 哥 的 那段 话 那么 有 感触
4973604374,其实 章鱼 哥才 是 我们 大多数 人 他 不 像 海绵 宝宝 那样 天 才能 把 很多很多 事情 做好 不怎么 费力 就让 自己 快乐 让 自己 成功 他 也 不 像 派 大星 看透 一切 却 也 疯疯 傻傻 百无禁忌 悠然自得 他 只是 不 讨好 的 追求 自己 的 梦想 经常 失败 周转 于 混沌 却 期待 着 星空 还要 坚持 生活 下去 不是 么
4972023510,开场 有 什么 比 把 快乐 带给 别人 更 快乐 的 呢 去 死 或者 别的 什么 我 不 知道 你 对 这个 有 这么 强烈 的 感觉 你 要 干什么 我 想 我 无法 阻止 你 但是 章鱼 哥 外面 是 一个 冷酷 的 世界 没有 人用 银 托盘 把 欢乐 带给 你 我 自己 知道 我 非常 可笑 灰灰 丑丑 腿 有 四条 小蜗 有 爱 它 的 海绵 宝宝 派大星 傻 呆呆 的 吹泡泡 蟹 老板 高兴 的 吃 蟹黄 堡 章鱼 哥 在 独奏 E 小调 为什么 我 一 高兴 就 有 错 我 不 知道 你们 在 笑 什么 为什么 大家 都 爱 海绵 宝宝 为什么 章鱼 哥不爱 笑 为什么 我 今天 真糟糕 未来 我 还 没有 准备 好 海绵 宝宝 你 不 知道 你 有 多 幸运 你 有 小 蜗 和 爱 你 的 家人 我 也 想 做 我 爱 的 事 却 总是 这么 倒霉 除 我 以外 这 世界 上 还有 谁 大人 的 世界 比 我 想象 的 难 我 认为 我 是 主角 却 相反 我 的 工作 一 年复一年 一天 复 一天 再见 比基尼 海滩 海绵 宝宝 你 不 知道 你 有 多 幸运 你 有 小 蜗 和 爱 你 的 家人 我 也 想 做 我 爱 的 事 却 总是 这么 倒霉 除 我 以外 这 世界 上 还有 谁 我 想 回到 那个 时代 自己 傻傻 有些 呆 自己 傻傻 有些 呆 但 有家 人们 的 爱 但是 我 我 知道 我 的 笑脸 我 的 爱 我 的 一切 逝去 不再 来 世界 把 我 改变 我 笑 逝去 不见 我 想 逃离 却 逃 到 了 清洁 间 这样 的 日子 又 在 我 眼前 谁 能 知道 我该 怎么办 再见 海绵 宝宝 再见 派大星 我 也 想 做 我 自己 爱 做 的 事情 做 我 爱 的 工作 爱 我 爱 的 人 等一等 我 自己 的 灵魂 有 一句 话 从 今天 早上 我们 一 见面 我 就 一直 想 对 你 说 再见 再见 朋友 再见 比基尼 海滩 我 想 回到 那个 时代 自己 傻傻 有些 呆 自己 傻傻 有些 呆 但 有家 人们 的 爱 但是 我 我 知道 我 的 笑脸 我 的 爱 我 的 一切 逝去 不再 来 世界 把 我 改变 我 笑 逝去 不见 我 想 逃离 却 逃 到 了 清洁 间 这样 的 日子 又 在 我 眼前 谁 能 知道 我该 怎么办 竖笛 独奏 蓄力 中 蓄力 完成 但是 海绵 宝宝 但是 派大星 我 确实 没有 你们 幸运 的 人生 我 辛辛苦苦 工作 三年 但是 我 难得 休假 一天 我 希望 我 自己 傻 呆呆 不 把 世界 看 的 非常 明白 希望 有人 明白 我 的 爱 但是 谁 会 明白 我 的 爱 章鱼 哥 走 在 吹 竖笛 一天 一天 的 为 独奏 练习 明天 比基尼 海滩 都 会 崇拜 我 但是 比基尼 海滩 都 在 嘲笑 我 我 想要 好好 安静 一下 你 今天 累坏 了 小章鱼 明天 一定 会 更 美好 更 美丽 的 结尾 竖笛 独奏
4970938404,小时候 总是 在 想 章鱼 哥 为什么 总是 在 生气 长大 了 却 想不通 派大星 为什么 总是 那么 开心
4966536790,派大星 干 啥 的 吹泡泡
4966060882,小时候 不 明白 为什么 章鱼 哥 总是 不 开心 长大 了 不 明白 为什么 派大星 总是 那么 高兴
4961058176,以前 总是 想 章鱼 哥 为什么 总是 难过 现在 总是 想派 大星 为什么 总是 开心
4949326616,以前 总是 特别 疑惑 为什么 章鱼 哥 竖笛 吹得 那么 烂 却 还要 坚持 吹 现在 终于 懂 了 那 是 他 最为 喜爱 的 事物 呀 有 什么 理由 不去 坚持 呢
4967028044,说得好
4944240061,19 年 人们 都 还 想 成为 派大星 20 年 却 发现自己 是 章鱼 哥
4943123042,求 BGM
4942108518,我 爱 章鱼 哥 他 不是 失败者 真的 好 想 跨过 屏幕 给 章鱼 哥 一个 拥抱 感谢 up 选 的 都 是 央视 李易 老师 的 版本 真的 李易 老师 的 章鱼 哥 最 有 灵魂 还有 up 做 的 真 好 三 连 了 章鱼 哥 值得 有人 疼 比基尼 海滩 这个 疯狂 的 世界 对 他 太 不 公平
4939634657,BV1NT4y1E7ya
4938201059,还有 我
4936200305,最 喜欢 章鱼 哥
4933406772,长大 了 发现自己 是 章鱼 哥
4928662991,人 都 是 章鱼 哥
4907267588,呵 站 起来 章鱼 哥 你 是 个 艺术家
4904206496,为什么 你 不爱笑
4900779555,这部 动画 随然 搞笑 而已 小时候 居然 没 发现 那么 感人
4896771490,这部 动画 真正 给 我 的 阴影 是 海绵 宝宝 和 派 大星 小时候 看 的 时候 就 觉得 章鱼 哥 好惨
4893562549,长大 了 才 知道 章鱼 哥是 世界 的 缩影 像 海绵 宝宝 这样 的 才 不 多
4890464899,章鱼 哥 吹 的 曲子 从来 没有 不好 听
4886383562,小时候 看不懂 章鱼 哥 为什么 一直 哭 长大 了 才 想 海绵 宝宝 为什么 一直 笑
4886342158,明天 一周年
4885988775,刀子 刀子 无尽 的 刀子
4885818345,但是 这 就是 现实 啊
4885413730,绝 大多 人 都 活成 了 派 大星 海绵 宝宝 章鱼 哥蟹 老板 痞 老板 却 没有 活成 珊迪
4885162810,自己 傻傻 有些 呆 但 有家 人们 的 爱
4883907864,所以 人 都 一样 只是 海绵 宝宝 和 其他人 想得开 罢了 除了 章鱼 哥 深知 没 意义 的 事 却 还是 傻傻 地 尝试 一次 又 一次 戳 自己 心 你 聪明 的 告诉 我 我们 来 这个 世界 的 目的 是 什么 呢 是 逛 一趟 B 站 吗 那 为什么 不 点 下面 的 呢
4875427558,小时候 其实 特别 喜欢 海绵 宝宝 和 派 大星 但是 又 觉得 海绵 宝宝 派大星 有时候 有些 讨厌 因为 他们 经常 打扰 章鱼 哥干 自己 的 事儿 小时候 不 明白 为什么 我可以 喜欢 海绵 宝宝 但 也 也 可以 讨厌 海绵 宝宝 后来
4868614854,你 今天 累坏 了 那 就 歇歇 吧 明天 会 更 美好 更 美丽 的
4862912717,小时候 看 海绵 宝宝 总 觉得 章鱼 哥太 严肃 太 无趣 最 不 喜欢 的 就是 他 后来 越来越 觉得 其实 自己 就是 章鱼 哥
4861922565,章鱼 哥 其实 对 海绵 宝宝 很 好 ( )
4856899252,去年 看 的 时候 才 几万 播放 现在 就 破 百万 了
4852320883,我们 的 梦想 连 安置 他 的 坟墓 都 没有 又 或许 根本 就 不 存在
4849039477,小时候 觉得 章鱼 哥 最 古怪 大 了 一些 明白 了 章鱼 哥 的 可怜 现在 才 发觉 自己 甚至 不如 章鱼 哥 他 至少 曾 有 过 我 始终 只 想着 碌碌无为 的 躺平
4896785982,明天 会 更好 的 加油
4838329401,我 想 等一等 自己 的 灵魂
4836330783,海绵 宝宝 爱 你 等于 全世界 的 人 都 爱 你
4836097593,蟹堡 王 的 收银员
4831317486,不能 说 小时候 吧 但是 以前 讨厌 章鱼 哥 我 也 不 知道 我 什么 时候 不 讨厌 他 了 或许 是 我 看 懂 了 他 也 成为 了 他 把
4828330338,音无结 弦 之 时悦动 天使 之心 站 与 浮夸 之世 奏响 天籁 之音
4950523326,中间 的 那个 音乐 是 什么
5501044055,回复 : flower dance
5512571898,谢谢
4827900738,那个 傻傻 时 你 认为 的 爱 是 真的 爱 吗 或许 傻傻 时会 开心 点 但 太 泡沫 了 爱 太 难得 了 是 双方 的 事人 的 变化莫测 人 的 劣恨 都 在 改变 我们 只能 被 裹挟 着 前进
4821193602,必须 有人 记住 这些 会 有人 记住 的 那个 人 就是 我
4821118487,反正 两个 视频 都 在 说 海绵 宝宝 很 幸运 很 幸福
4820971213,对 啊 为什么 我 的 朋友 都 爱 我 的 另 一个 朋友 却 不 关心 我 到底 是 为什么
4816672246,小时候 讨厌 章鱼 哥 长大 后 发现 是 在 讨厌 自己 小时候 喜欢 海绵 宝宝 和 派 大星 长大 后 发现 是 在 喜欢 整天 烦 你 的 小屁孩
4814692322,小时候 不 喜欢 章鱼 哥 的 古怪 性格 但是 他 是 我们 的 常态
4814307740,弹幕 看 哭 了 给 我 站 起来 你 是 个 艺术家
4811014109,章鱼 哥
4805580899,我 的 笑脸 我 的 爱 我 的 一切 逝去 不再 来
4800474938,开场 有 什么 比 把 快乐 带给 别人 更 快乐 的 呢 去 死 或者 别的 什么 我 不 知道 你 对 这个 有 这么 强烈 的 感觉 你 要 干什么 我 想 我 无法 阻止 你 但是 章鱼 哥 外面 是 一个 冷酷 的 世界 没有 人用 银 托盘 把 欢乐 带给 你 我 自己 知道 我 非常 可笑 灰灰 丑丑 腿 有 四条 小蜗 有 爱 它 的 海绵 宝宝 派大星 傻 呆呆 的 吹泡泡 蟹 老板 高兴 的 吃 蟹黄 堡 章鱼 哥 在 独奏 E 小调 为什么 我 一 高兴 就 有 错 我 不 知道 你们 在 笑 什么 为什么 大家 都 爱 海绵 宝宝 为什么 章鱼 哥不爱 笑 为什么 我 今天 真糟糕 未来 我 还 没有 准备 好 海绵 宝宝 你 不 知道 你 有 多 幸运 你 有 小 蜗 和 爱 你 的 家人 我 也 想 做 我 爱 的 事 却 总是 这么 倒霉 除 我 以外 这 世界 上 还有 谁 大人 的 世界 比 我 想象 的 难 我 认为 我 是 主角 却 相反 我 的 工作 一 年复一年 一天 复 一天 再见 比基尼 海滩 海绵 宝宝 你 不 知道 你 有 多 幸运 你 有 小 蜗 和 爱 你 的 家人 我 也 想 做 我 爱 的 事 却 总是 这么 倒霉 除 我 以外 这 世界 上 还有 谁 我 想 回到 那个 时代 自己 傻傻 有些 呆 自己 傻傻 有些 呆 但 有家 人们 的 爱 但是 我 我 知道 我 的 笑脸 我 的 爱 我 的 一切 逝去 不再 来 世界 把 我 改变 我 笑 逝去 不见 我 想 逃离 却 逃 到 了 清洁 间 这样 的 日子 又 在 我 眼前 谁 能 知道 我该 怎么办 再见 海绵 宝宝 再见 派大星 我 也 想 做 我 自己 爱 做 的 事情 做 我 爱 的 工作 爱 我 爱 的 人 等一等 我 自己 的 灵魂 有 一句 话 从 今天 早上 我们 一 见面 我 就 一直 想 对 你 说 再见 再见 朋友 再见 比基尼 海滩 我 想 回到 那个 时代 自己 傻傻 有些 呆 自己 傻傻 有些 呆 但 有家 人们 的 爱 但是 我 我 知道 我 的 笑脸 我 的 爱 我 的 一切 逝去 不再 来 世界 把 我 改变 我 笑 逝去 不见 我 想 逃离 却 逃 到 了 清洁 间 这样 的 日子 又 在 我 眼前 谁 能 知道 我该 怎么办 竖笛 独奏 蓄力 中 蓄力 完成 但是 海绵 宝宝 但是 派大星 我 确实 没有 你们 幸运 的 人生 我 辛辛苦苦 工作 三年 但是 我 难得 休假 一天 我 希望 我 自己 傻 呆呆 不 把 世界 看 的 非常 明白 希望 有人 明白 我 的 爱 但是 谁 会 明白 我 的 爱 章鱼 哥 走 在 吹 竖笛 一天 一天 的 为 独奏 练习 明天 比基尼 海滩 都 会 崇拜 我 但是 比基尼 海滩 都 在 嘲笑 我 我 想要 好好 安静 一下 你 今天 累坏 了 小章鱼 明天 一定 会 更 美好 更 美丽 的 结尾 竖笛 独奏
4800316226,小时候 不 明白 为什么 章鱼 哥 总是 不 开心 长大 后 才 明白 章鱼 哥 的 可怜
4791746363,小时候 在 少儿 频道 看 章鱼 哥 其实 并 不 太 喜欢 他 因为 觉得 他 太 好高骛远 心比天高 言语 之中 也 不 爱 自己 的 工作 长大 后 才 明白 原来 我们 都 变成 了 章鱼 哥 我们 都 曾 有 理想 也 想要 付 之 行动 和 努力 但是 年龄 和 现实 压力 并 不 允许 了 如果 有 一天 我 能够 实现 我 生命 中 的 梦想 我 永远 也 不会 让 我 的 双脚 站 在 这 油污 的 地板 上 希望 在 平行 世界 你 已经 实现 了 自己 的 理想 成为 了 音乐家
4792711632,太 感慨 了
4791526617,最后 一句 瞬间 眼泪 流 了 下来 是 的 明天 会 更好 唱出 你 热情 伸出 你 的 双手 让 我 拥抱着 你 的 梦
4790936025,评论 好丧
4790798583,章鱼 哥 就是 现在 的 成年人 的 缩影
4785884695,记得 小时候 总是 希望 自己 能 快点 长大 因为 长大 可以 穿 漂亮 的 高跟鞋 可以 做 自己 想 做 的 事情 但 我 姑姑 总是 说 你 长大 就 不 这么 想 了 当时 我 还 懵懂 着想 为什么 我 不会 这么 想 呢 现在 我 终于 明白 了 我 羡慕 小时 的 快乐 和 单纯 但 回不去 了
4785528358,我 才 14 岁 但 我 活得 已经 有 章鱼 哥 的 样子 了 孤独 没人 懂 梦想 遥 不可 期 假装 快乐 迎合 他人 完全 迷茫 遭 人 排挤 这 就是 我 的 现在
4783390271,1 : 15 我
4781373421,难得糊涂
4779494931,bgm 是 什么
4771714921,谢谢 你 up
4766704694,海绵 宝宝 是 个 发糕
4765784488,那段 章鱼 哥 吹 的 曲子 是 什么 歌
4770783843,花之舞
4764115328,但是 小章鱼 有 一份 稳定 的 工作 一个 很大 的 房子 有 自己 的 爱好 单单是 这样 就 已经 超过 很多 人
5002704062,所以 才 说 我们 连 章鱼 哥 都 不如 至少 他 不用 花 二十年 去 还 房贷
4757697790,怪才 乐队 那集 还是 少有 的 章鱼 哥 的 快乐 时光 吧
4755418469,我们 想 成为 海绵 宝宝 但 大部分 人 都 是 章鱼 哥
4752567818,社會 上 有 何等 多 的 章 魚哥 ! ! !
4751902424,你 今天 累坏 了 小章鱼 明天 会 更好 的
4751197759,一刷泪 哭 干二刷面 无表情 因为 已经 哭 不 出来 了 泪目
4751068788,背景音乐 是 什么
4751062661,有些 事情 真的 很 邪门 你 不得不 信 因为 我 相信 刷到 这个 视频 的 你 左脚 正 放在 右脚 上
4777266458,错 了 是 右脚 放在 左脚 上
4750117645,不好 听
4752019446,这 类 鬼畜 吧 怎么 说 呢 是 用心 感受 的 没事 鬼畜 区大 的 很 总有 自己 喜欢 的
4743230004,其实 海绵 宝宝 也 是 正常人 吧 只不过 章鱼 哥 更 像是 个 成年人 他 的 烦恼 比 海绵 宝宝 多太多 了 章鱼 哥 在 这 里面 就是 最 符合 现实 当中 的 人
4740263448,小时候 我 以为 我 是 海绵 宝宝 可是 长大 后 我 发现 我 是 章鱼 哥
4735326880,他 埋葬 了 他 的 梦想
4735322610,小时候 觉得 章鱼 哥好 丧 一点 都 不 喜欢 他 觉得 他 太 不 正常 了 长大 了 明白 了 章鱼 哥才 是 这个 时代 最 常见 的 人 我 爱 他
4733372712,除 我 以外 这 世界 上 还有 谁
4724643673,我 想 我 是 章鱼 哥
4723934231,大半夜 哭 的 稀里哗啦
4721379058,未来 我 还 没 准备 好
4720315076,哭过
4717389312,我 最 喜欢 章鱼 哥 我 也 很 像 他
4717298131,希望 明天 我 再也 醒 不来
4716566914,不 知道 是因为 酒精 作用 还是 真切 地被 视频 感动 总之 从 第一句 开始 我 就 不受 控制 地 开始 落泪 现在 的 我 躲 在 床帘 背后 寝室 里 两个 小 风扇 藏住 了 我 的 啜泣声 希望 三个 可爱 的 室友 不会 听见 我 矫情 的 哭声 明天 会变 好 的 对 吗
4716113849,小时候 到 现在 一直 很 喜欢 章鱼 哥
4715194449,看到 最后 的 时候 那 一句 你 今天 累坏 了 小章鱼 明天 一定 会 更 美好 直接 哭 出来 成年人 的 崩溃 只 需要 一瞬间
4709486292,小丑 竟是 我 自己 当 一个 傻子 来到 这个 世界 大家 都 说 他 不 正常 实际上 世界 上 唯一 正常 的 人 只有 他
4703781310,能 哭 的 地方 只有 厕所 和 爸爸 的 怀里 Clannad
4703602117,再见 4 年 的 大学 生涯 再见 3 个 沙雕 室友 再见 我 的 小床 也许 结束 也 是 新 的 开始 再见 我 的 朋友
4697613997,我 有 一个 我 最 喜欢 又 最 羡慕 的 幸福 朋友 她 有 一个 和睦 的 家庭 有 两个 疼 她 的 哥哥 有 随时 可以 谈心 的 父母 她 比 别人 都 开心 学习 时 也 比 大多数 人 聪明 她 和 我 一样 刚 高考 完 我 崩 了 她 成功 了 她 是 我 见 的 少有 的 聪明人 少有 的 纯洁 天 真的 人 我 相信 环境 对 一个 人 的 影响 了 我 不要 钱 不要 荣华富贵 只求 下 一辈子 能 投胎 到 她 那样 的 家庭 我刚 认识 她 就 被 她 的 阳光 给 照亮 惊艳 到 了 谢谢 你 一年 的 陪伴
4695530942,累坏 了 的 各位 小章鱼 早点 休息 吧 点赞 之后 睡觉 把 一切 去 tmd 吧
4691105773,泪目 谁 能 知道 我该 怎么办 ?
4690656637,有人 说 我 水 经验 我 上去 就是 一巴掌 不是 废话 么 不水 怎么 升级 以前 不 懂 看帖 总是 不回 一直 没 升级 和 增加 经验 现在 我 明白 了 反正 回帖 15 字 就 可以 升级 还 可以 有 经验 升级 又 需要 经验 于是 我 把 这话 复制 下来 遇帖 就 回捞 完 就 闪 我 只是 来 赚 积分 的 连 表情 都 不换 的 那种 顺便 给 我 点个 赞
4687995263,小时候 讨厌 章鱼 哥 长大 后 发现 是 在 讨厌 自己 小时候 喜欢 海绵 宝宝 和 派 大星 长大 后 发现 是 在 喜欢 整天 烦 你 的 小屁孩
4682926379,小章鱼 那里 我 直接 崩掉 了 太 可怜 了 愿 世间 章鱼 哥 在 无 烦恼
4675522664,没有 目标 但 活着 是 动力 也许 明天 会 更好 呢
4674585722,唉 初三 即将 毕业 青春 又 该 去 哪 找寻 呢
4674697360,加油 选择 自己 不会 后悔 的 道路
4666697533,痛苦
4666092191,666
4662706262,小时候 在 想 章鱼 哥好 无趣 呀 每天 都 没有 笑意 长大 后 在 想 为什么 海绵 宝宝 的 笑 是 不间断 的
4671003223,小时候 章鱼 哥 怎么 不 开心 现在 海绵 宝宝 怎么 笑 得出
4657740879,小时候 习惯 派大星 和 海绵 宝宝 大 了 喜欢 章鱼 哥 最后 却成 了 蟹 老板
4655824161,谁 有 吹 笛子 那段 或者 单独 出个 笛子 视频 好听 啊
4645418067,但是 我 我 知道 我 的 笑脸 我 的 爱 我 的 一切 逝去 不再 来
4642915657,百万 调音师
4621586315,"是 个 鬼畜 , 但 不 完全 是 鬼畜 除了 竖笛 那段 , 别的 部分 感觉 说 是 杂谈 完全 没有 问题 真的 有 调音 吗 ?"
4607040220,看清 却 无力 改变 然后 必须 得 做 着 自己 做 鄙夷 的 工作 因为 不然 这样 会 饿死 可以 让 我 撒娇 的 父母亲 人 也 终将 离 我 而 去 这 不 就是 我 吗 我 的 未来
4606075363,555 播放 万
4600706374,呜呜 呜 章鱼 哥 追梦是 哪 一集 呀
4596071055,少时 我 喜欢 海绵 宝宝 长大 了 我 更 喜欢 章鱼 哥 因为 他 像 我
4594453465,没有 人 是 孤单 的 做 自己 喜欢 的 事 然后 把 他 做到 最好 这样 就够 了
4590619462,为什么 我 一 高兴 就 有 错
4576824463,为什么 我 一 高兴 就 有 错 为什么 一旦 情况 变好 了 我 就 觉得 很 没有 安全感 什么 时候 开始 失望 低落 让 我 变得 习惯 变得 有 安全感 了
4573908586,人生 本 就是 一场 坟墓 又 有 几个 人能 实现 当初 的 梦想
4572158003,我们 再 一起 期待 明天 吧
4531871923,当 你 认真 谈过 一段 感情 最后 却 分手 了 后来 你 会 很 难 再 去 喜欢 别人 你 不想 花 时间 也 不想 去 了解 就 好比 你 写 一篇 文章 快 写 完 了 但 老师 说 你 字 潦草 把 作业 撕 了 让 你 重新 写 一遍 虽然 你 记得 开头 和 内容 但 你 也 懒得 写 了 因为 一篇 文章 花光 了 你 所有 精力 只差 一个 结尾 你 却 要 从头来 过
4523214872,竟然 把 我 看 哭 了
4521694943,小时候 觉得 章鱼 哥 不 正常 其实 章鱼 哥是 最 正常 的 人 只是 在 一堆 不 正常 的 人 里面 显得 是 异类
4516074837,有时候 呆呆傻傻 挺 好 不是 吗
4511019491,可惜 好看 不火
4507350914,章鱼 哥 竟是 我 自己
4502928047,什么 时候 我 也 有 海绵 宝宝 呢
4494028223,两点 一线
4493991268,太 真实 最 可怕 的 是 自己 喜欢 的 是 别人 所 厌恶 的
4491294291,泪目 章鱼 哥 真的 蛮 可怜 的 ...
4489515596,不想 打破 4399 条 评论
4482740188,章鱼 哥 我 懂 你 一个 人 的 寂寞
4482734283,章鱼 哥 我 懂 你 时代 终究 离 我 而 去
4481515042,初 听 不知 曲 中意 再闻 已 是 曲中人
4478183204,章鱼 哥 他 更 像 现实 中 的 大多数 人 烦人 的 邻居 繁琐 的 工作 吝啬 的 老板 现实 中 的 人 上 完班后 疲惫 不已 慵懒 地 回家 打打 游戏 看看 电视 就是 一天 中 最 祥和 的 时光 了 生活 不易
4471183102,泪目 了 祝 章鱼 哥 能够 梦想成真 也 祝 所有人 前程似锦
4463965467,人人 皆 是 戏中人 人人 皆 是 戏 外人
4461278275,海绵 宝宝 抑郁症 治疗 家 派大星 天才 哲学家 章鱼 哥 艺术家
4459809752,海绵 宝宝 是 个 天 真的 人 章鱼 哥是 个 正常人 派大星 是 个 装傻 的 人
4457099959,未来 我 还 没有 准备 好 我 真的 没有 准备 好 我 心里 真的 害怕 极了 每天 还 得 硬着头皮 上
4449538241,想方设法 赚钱 的 老板 干劲十足 敢 想 敢 做 的 新人 普普通通 但是 渴望 升职 加薪 老 员工
4448599479,有 音频 吗
4439012190,谁 又 不是 章鱼 哥 呢
4438763317,章鱼 哥 每一集 都 会 说 他 有 多 讨厌 海绵 宝宝 多想 离 他 远 点儿 可 他 在 误以为 海绵 宝宝 吞下 了 炸弹 时 陪 他 做 完 了 数以千计 的 愿望 清单 而 自己 唯一 的 愿望 就是 陪 海绵 宝宝 看 明天 的 太阳 升起
4436243072,这里 埋葬 着 章鱼 哥 的 梦想
4435409148,海洋 里 唯一 一个 正常人 鸭
4433221597,bgm 调调 叫 啥
4432198112,疯子 的 世界 发现自己 才 是 疯子
4428311062,考古 投币
4407381056,懂 了 爷 这 就 把 你 捞 上岸 做 章鱼 小丸子
4501129998,那么 有个 问题 章 鱼丸子 里 有 章鱼 吗
4405922300,我们 都 想 简单 但 活着 活着 就 复杂 了 我们 都 想 快乐 但 过 着 过 着 就 难过 了 有时 不是 你 非要 多 想 是 经验 让 你 谨慎 也 不是 你 想要 流泪 是 感受 让 你 难受 谁 不愿 一生 充满希望 只见 阳光 不写 悲伤 谁 不想 一生 纯粹 到底 只有 坦荡 没有 彷徨 有些 事情 透过 表面 看不到 实情 有些 感情 嘴上 说 的 未必 是 心里 想 的 生活 一次 碰壁 一次 清醒 不管 经历 如何 残酷 人生 都 要 保留 一份 真
4403125650,大部分 人 其实 都 是 章鱼 哥 但 大部分 看过 海绵 宝宝 的 人 也 都 不是 很 喜欢 章鱼 哥
4399438934,泪目 了 铁汁
4397399738,泪目
4394683777,海绵 宝宝 是 永远 乐观 的 成功者 派大星 是 保持 童心 的 智者 章鱼 哥是 梦想 被 埋葬 的 悲观者 似乎 人人 都 想 做 海绵 宝宝 和 派 大星 但 章鱼 哥才 是 我们 普通人 的 缩影 但是 朋友 们 所谓 梦想 不必 昭显 于 世吹 竖笛 不是 为了 吹 的 多么 好 或 多么 著名 当 我们 在 生活 的 重压 和 别人 的 不 认可 中高 吹 我们 热爱 的 竖笛 我们 就 在 享受 这 世上 最高 贵 的 自由
4383612675,我 想 回到 那个 时代 自己 的 傻傻 有些 呆
4396807772,我 再 回 不到 那个 无忧无虑 的 童年 了
4383042081,去年 十月 在 去 北京 确诊 的 路上 听 着 这首 鬼畜 哭 的 稀里哗啦
4376446664,小时候 看 海绵 宝宝 是 主角 长大 看 章鱼 哥才 是 主角
4375839922,人人 都 是 章鱼 哥
4375740143,这个 更 感人
4434568489,你 可以 说 也 可以 看看 这个 和 这个 都 很 感人 而 不是 直接 更 感人 容易 让 人 误会 你 的 意思 拉 踩
4370994203,要是 世界 没 那么 残酷 就 好 了 但是 总会 有 一些 人 是 另类
4368604482,章鱼 哥 竟是 我
4367820338,感人 每个 人 都 有 自己 的 故
4366581564,以前 不 明白 章鱼 哥 为什么 总是 不 开心 现在 却 不 理解 海绵 宝宝 为什么 能 总是 那么 开心
4366262273,这 就是 人生
4366254796,张鱼哥 最 孤单 的 人
4360711139,海绵 宝宝 真的 很 幸运 但 其实 我 想 说 的 是 章鱼 哥才 是 大多数 的 人生 我 觉得 咱们 作为 成年人 很 重要 的 一件 事 就是 要 坦诚 可以 对 别人 不 坦诚 但 一定 尽量 对 自己 坦诚 因为 只有 坦诚 的 面对 自己 才能 过 的 踏实 一点 你 才能 清晰 的 明白 自己 是 谁 就 像 我们 不 可能 真的 看不清 世界 无非 是 自欺欺人 罢了 也许 过去 的 一切 不 复返 但是 明天 也许 会 好 一点 今天 累坏 了 就 好好 睡一觉 吧
4360636395,海绵 宝宝 是 幸运 的 也许 他 还 没 弄 明白 就 已经 把 想要 的 生活 过 完 了 派 大星 是 幸运 的 因为 头脑 简单 反而 能过 得 快乐 就 怕 章鱼 哥 这种 看透 了 生活 又 还 有点 梦想 的 人 不 甘心 和 从前 的 自己 说 再见 可怜 的 小章鱼 他 还 没 明白 生活 已经 一去不复返了 吗
4356673183,温德 阿特金 森 的 派 大星 的 独白 好 棒 好 棒 简直 就是 作者 的 另 一个 版本 灵感 来源于 你 所以 说 你 抄袭 的 人 不用 管 他们
4358814066,反向 黑太牛 了
4349096270,有时候 觉得 qs 真的 是 解脱 但是 一 想到 自己 的 家人 还是 笑 着 继续 去 上班 了 哈哈哈 有 那么 多 不 开心 到家 了 就 暂时 不会 想 了 成年人 嘛 压力 大 很 正常 加油 呀 陌生人
4341904332,小时候 为什么 章鱼 哥 总是 很 烦躁 暴躁 呢 现在 为什么 派大星 和 海绵 宝宝 能 一直 那么 快乐
4340422557,现在 也 总是 想 说 一些 励志 激励 自己 的 事情 但是 总是 说 到 一半 就 说不出口 了 我 真的 做 的 到 么 所以 一人 恩情 怨 莫劝 他人 愁
4338784096,好 难过 但是 我 相信 明天 会 更好
4338184172,底端 弹幕 多少 沾点
4335851307,加油 明天 晚安 陌生人
4330491889,鉴于 比基 宝 海滩 的 居民 最后 都 会 歇菜 建议 提前 翻阅 以下 这 两本书 趁着 还 年轻 的 时候 看 最好 这样 将来 面对 各种 人生 选择 和 诱惑 的 时候 往往 可以 辅助 并 不 完善 的 自己 做出 最 符合 良心 的 选择 瑞典 科学家 ------ 艾曼纽 史威 登堡 的 灵界 见闻录 濒死 体验 之父 ------ 雷蒙德 穆迪 的 死 后 的 世界 生命不息
4329069225,别说 章鱼 哥 了 我们 还 不如 章鱼 哥 呢 他 的 梦想 有座 墓碑 我们 呢 他 还 能 坚持 吹 竖笛 还有 座 别墅 有个 不会 被 辞退 的 工作 我们 呢
4325929126,梦想 是 什么 重要 吗
4324219366,"有些 人们 梦想 活成 派 大星 海绵 宝宝 那样 , 但 活成 了 章鱼 哥"
4324154917,小时候 总 不 明白 章鱼 哥 为什么 总是 不 开心 长大 后 总 不 明白 海绵 宝宝 什么 总是 那么 开心 也 不 明白 派大星 为什么 总是 那么 自由自在 没有 烦恼
4323432165,我们 终于 到 了 小时候 最 羡慕 的 年龄 但 却 没有 成为 小时候 最想 成为 的 人
4321998918,你 累坏 了 好好 休息 一下 吧 ......
4321993863,感情 催泪弹 最为 致命
4320514532,我 看着 看着 竟然 哭 了 一直 哭 到 结尾
4298723649,去 TM 的 梦想
4298655963,哎 突然 一看 这么 火 了
4298498028,词 很 好 但 BGM 不 对 你 不该 用 这首 应该 有 更 合适 的 导致 词 为了 配合 BGM 节奏 都 不 对 了 完全 变成 了 朗读 没有 派大星 那个 浑然天成 的 感觉
4297044267,做人 最难 的 就是 百折千回 历尽 坎坷 还 能 不 改 初心
4296871769,快助 我升 lv5 我要 为 B 界 尽 一份 力
4294288100,让 子弹 飞
4288620935,章鱼 哥 中间 独奏 的 音乐 是 什么 呀
4290138873,up 自己 调 的
4286337806,所有 喜剧 的 内核 都 是 悲剧
4284761241,真不错 如果 没有 那些 底部 弹幕 就 更好 了
4280617796,小时候 很 讨厌 章鱼 哥 觉得 他 很 无趣 大学 觉得 他 挺 有意思 工作 后 觉得 自己 还 不如 章鱼 哥
4272130820,人人 都 笑 章鱼 哥 人人 都 是 章鱼 哥
4270110361,人人 笑 章鱼 人人 是 章鱼
4269957005,真的 看 哭 了
4266731665,小时候 总是 在 想 章鱼 哥 为什么 总是 在 生气 长大 了 却 想不通 派大星 为什么 总是 那么 开心 复制粘贴
4264366558,你 这个 视频 是 盗 的 吧 这个 不是 潮妹 的 吗
4257102235,就 连痞 老板 都 有 妻子 孩子 和 宠物 但 他 什么 都 没有 什么 都 拿 不 起握 不住 放不下
4235549820,小时候 是 海绵 宝宝 长大 后 我 就是 章鱼 哥
4235273958,现在 的 社会 普通人 能够 拥有 的 只有 失败 吧 没有 几个 人能 拥有 成功 什么 是 成功 我 觉得 所谓 的 成功 那 是 资本家 拥有 的 我们 芸芸众生 只不过 尽量 追求 苟活 的 舒服 一点点 有车有房 有 老婆 孩子 就算 是 理想 了
4234525623,这 什么 歌
4231629279,在 现实 里 谁 还 不是 个 章鱼 哥 呢
4230878363,小时候 羡慕 海绵 宝宝 派大星 的 快乐 讨厌 章鱼 哥 的 现实 长大 后 我 就 成 了 现实 但 依然 在 憧憬 如果 有 一天 梦想 需要 一个 棺材 那 首先 需要 把 我 拉进去 看看 如果 此后 没有 再也 没有 火炬 我 愿意 向 先生 那样 成为 一束 光 我 真的 很 喜欢 海绵 宝宝 的 那 一分 幸福 但是 这 不 妨碍 我 赞赏 章鱼 哥 的 现实 章鱼 哥 永远 不会 懂 海绵 宝宝 的 快乐 但是 他 教会 了 我 太 多 东西 了 同时 我 需要 他 的 现实 深入人心 的 不 只是 才华 埋葬 的 时候 也 改变 不了 那 份 固执 不 需要 改变 以 他 独特 的 魅力 足以 证明 自己 也许 我 的 嘴角 不会 仰起 也许 快乐 永远 不 不 属于 我 自己 也许 将 才华 典当 毫无意义 但是 我 只是 想 做 我 自己 章鱼 哥 一个 固执 的 旧时代 的 残党 怀揣 着 梦想 命运 却 总 带给 他 失望 过于 现实 在 他 身上 能 看到 我们 的 影子 个人 感想 文 笔挺 差 的 纠正 补充 请 合理 表达
4230837602,怎么 还 撞车 了 呢
4228936839,你 给 我 站 起来 你 是 个 艺术家 你 有 尊严
4218494407,埋葬 梦想 是 哪 一集 求 一下 了
4211482150,为什么 章鱼 哥 郁郁寡欢 不太懂 虽然 我 就是 章鱼 哥
4199999034,每个 字 都 是 在 说 我 我 真的 不 知道 为什么 活成 这样 了 那些 我 最 宝贵 的 得而复失 的 东西 实在 是 忘不掉 了
4191294599,不错 回忆
4188445607,为什么 在 字幕 上刷 底部 弹幕 ? 还 刷 和 字幕 一样 的 有 意义 吗
4185503655,泪目
4183287139,竖笛 吹 的 是 啥 歌 我 感觉 挺 好听 的
4180427762,生而为 人 我 很 抱歉
4179029522,早见 沙织 的 暴走 那段 背影 纯音乐 在 哪 找
4168449646,up 酷狗 那个 潮妹 是 您 本人 吗
4168461503,还是 说 有 授权
4164717269,我们 的 初心 前进 四
4160361854,HERE LIES SAUIDWARD ' S AND DREAMS 这里 躺 着 SAUIDWARD 和 DREAMS ....
4160289989,小时候 不 懂 为什么 章鱼 哥 整天 总是 愁眉苦脸 长大 了 想不通 派大星 为什么 总是 那么 快乐
4158069127,有没有 人 知道 这个 的 背景音乐 是 什么 吗
4168450867,flower dance
4157765627,看 哭 了 我 就是 章鱼 哥
4153722758,你 TM 给 我 站 起来 啊 求 你 了
4148445228,铲子 杀人 魔 出现 时 章鱼 哥 海绵 宝宝 无论 我 说 什么 我 还是 有点 喜欢 你 的
4134704958,章鱼 哥才 是 人生 常态
4133493056,看 完 打卡
4133010235,亲手 埋葬 梦想
4132432283,两段 调音 真的 太棒了 悲情 沧桑 孤独 又 带有 一点点 期许 和 恐慌 up 太 tm 强 了
4127732281,为什么 章鱼 哥 很多 时候 都 会 说 : 我 受够了 努力 想 活成 主角 却 被 命运 一次次 捉弄 想 逃离 现实 却 发现 根本无法 逃离 这里 埋葬 的 是 章鱼 哥 的 梦想
4123800678,章鱼 哥 艺术家 派大星 天才 海绵 宝宝 快乐 家
4116868615,每次 看 海绵 宝宝 总 觉得 自己 就 跟 章鱼 哥 似的 原来 大家 都 这么 辛苦 活着 这里 埋葬 着 章鱼 哥 的 梦想
4116901683,都 不 容易
4114246402,大人 世界 容易 子 世界 簡 単
4114043280,章鱼 哥 虽然 我 自杀 过 但 av882708 终将 会 过去 陪伴 我 的 是 一个 乐观 向上 的 人生
4136572626,无 了
4109744828,海绵 宝第 3 部第 47 集 1 角钱 的 故事
4102252631,中间 的 独奏 真的 破防了
4100081624,心疼
4099566925,今天 和 一个 最好 的 朋友 绝交 了 哈哈哈
4111886670,都 会 过去 会 有 新 伙伴
4098932365,等 一下 只有 我 不能 播放 吗 之前 收藏 的 现在 看 结果 一直 在 缓冲 别的 视频 都 能 看 就 这个 看 不了
4094965281,BGM 的 那个 竖笛 有 资源 吗
4094626256,只有 章鱼 哥是 正常人
4061710206,up 有 那段 独奏 的 音频 吗 那段 调 的 很 好 很 震撼 想拿个 音频 谢谢 了
4054199796,章鱼 哥有 自己 独栋 的 大房子 有 时间 在 房子 前 的 院子 晒 晒太阳 前面 什么 也 没有 空阔 开敞 什么 遮挡 都 没有
4054222176,有 两个 热情 开朗 没有 心机 的 好 邻居 和 充满 智慧 勤俭 充满 干劲 的 好 老板
4040281060,章鱼 哥 总是 不 快乐
4040211702,有 什么 能 把 快乐 带给 别人 更 快乐 的 呢 扼杀 别人 的 快乐 虽然 不想 承认
4029434366,派大星 海绵 宝宝 是 白月光 而 我们 终究 活成 了 章鱼 哥 这样 的 朱砂 痣
4025947433,看 哭 了 小时候 不 理解 章鱼 哥 为什么 总是 低落 现在 不 理解 为什么 海绵 宝宝 派大星 总是 那么 快乐
4023655030,丧过 了 就要 面对现实 了
4023296744,小时候 总是 不 明白 章鱼 哥 为什么 每天 都 在 生气 长大 后 不 明白 海绵 宝宝 为什么 总是 能 保持 每天 开心
4015757542,我 活成 了 章鱼 哥 别人 觉得 我 很 快乐 我 却 我 以为 我 是 主角
4011145287,今日 份 致郁 成功 逼出 我 的 眼泪 希望 每 一个 普通人 都 可以 开心 幸福 不 后悔
4005635491,海绵 宝宝 有小蜗 爱 他 的 父母 奶奶 有 损友 派大星 有 喜欢 的 珊迪有 欣赏 自己 的 老板 和 顾客 跳舞 有 舞蹈家 欣赏 演奏 有 音乐家 希望 合奏 海神 希望 他作 自己 的 厨子 流浪 有派 大星 陪伴 神奇 的 海螺 泡泡 人 失落 总 有人 安慰 而 章鱼 哥 只能 自己 在 家中 吹 着 竖笛 安慰 自己
3996751508,bgm 是 啥
4148898351,Flower dance
3980936249,不是 不想 给 别人 带来 快乐 可是 好 想 就是 天生 运气 不好 越想 爱人 越是 推远 永远 有 误会 波折 每 一次 的 小 幸运 都 让 我 感激 很 久 好像 就是 单纯 的 运气 不好 把 自己 照顾 好 就 花光 所有 运气 了 就 不能 再 贪心 啦
3969909405,有些 人 追逐 自己 的 灵魂 有些 人 等 着 自己 的 灵魂
3967038954,好怀念 李易 老师 的 声音 555
3966879961,世界 以痛 吻 我 我 却 报之以 歌
3964639226,有没有 人 和 我 一样 在 现实 中 有些 孤僻
3962392214,小时候 把 章鱼 哥当 笑 点 现在 把 章鱼 哥当 生活
3960376407,"小时候 对 某 一集 会飞 的 海绵 宝宝 印象 最为 深刻 那 是 海绵 宝宝 为了 能 实现 和 水母 一 起飞 起来 的 梦想 做 了 很多 努力 中间 经历 了 很多 失败 和 阻碍 最后 终于 如愿以偿 的 故事 很正 能量 很 鼓舞人心 值得 学习 这些 我 都 知道 可 让 我 因 之 印象 深刻 的 是 海绵 宝宝 抱怨 一个 有 梦想 的 人 在 比基尼 海滩 只能 受到 嘲笑 时 居民 的 几句话 : "" 你 以为 你 是 唯一 一个 没有 实现 梦想 的 人 吗 "" "" 我们 都 有 梦想 "" "" 你 为什么 觉得 自己 那么 特殊 ? "" 是 的 没错 我 知道 这 一集 突出 的 是 海绵 宝宝 追求 梦想 的 美好 形象 并且 居民 们 充当 的 是 反派 的 角色 但 凭 了 这 几句话 我 并 不 愿意 把 他们 当作 反派 来看 或者 更久 以前 这些 居民 们 和 海绵 宝宝 一样 满怀 着 梦想 和 希望 即便 有 挫折 和 嘲讽 也 不愿 放弃 ; 可 他们 不是 动画片 的 主角 没有 主角 的 好运 和 光环 甚至 不 值得 作者 花费 更 多 笔墨 去 完善 一下 脸谱化 的 形象 只是 成 了 用来 塑造 环境 衬托 主角 推动 情节 发展 的 大众 角色 中 的 一员 海绵 宝宝 是 幸运 的 他 能 实现 自己 的 梦想 这 很 了不起 可 还有 更多 没能 实现 梦想 无可奈何 的 倒霉蛋 就 该 被 怀揣 梦想 自觉 特殊 而 居高临下 的 幸运儿 俯视 着 吗 ? 谁 为 他们 发声 ? 还是 说 失败者 一定 是因为 自己 不 努力 只要 努力奋斗 就 一定 可以 成功 ? 唉 在 一个 鬼畜 作品 里 对 一部 动画片 发表 长篇大论 挺 可怜 的 或许 小丑 只有 我 自己 吧"
3958278019,我 真 不敢 想象 在 很 久 之后 我 的 家人 都 离开 我 之后 我会 是 什么样
3958268197,哭 了
3958266089,章鱼 哥 竟是 我 自己
3952415030,这 世界 有失 有 得 永远 守恒 但是 你 要 明白 这是 物质 的 守恒 客观 的 发展 规律 但是 人 是 主观 的 每个 人 的 评价 标准 不 一样 列如 一个 交易 能 使得 一定 钱换 到 一定 的 爱 但是 有 的 人 决定 值有 的 人 觉得 不值 所以 别 悲观 人 就是 在 各种 规律 下 探索 着 过 完 自己 的 一生
3949664758,加油 吧
3947928040,超棒 啊
3940809571,章鱼 哥 曾经 说 过 的 一句 话 就是 现在 的 我 我 喜欢 一个 人 躲 在 角落里 就 像 小学 一样
3931703907,视频 非常 的 好 真的 那个 视频 比较 惊艳 而 你 的 视频 非常 戳 人 第一次 看 没什么 感觉 大学毕业 以后 步入 社会 再 看 真的 每次 看 都 会 感同身受 梦想 的 代价 太大 了 现在 的 生活 真的 是 你 想要 的 吗
3927492031,十万个 为什么
3915831500,用心 了
3912555953,人人 都 笑 章鱼 哥 人人 都 是 章鱼 哥 ....
3910464144,真实 的 丑角
3909900007,我们 都 是 章鱼 哥
3902903601,那个 章鱼 哥 小时候 不是 海绵 宝宝 呢
3901229656,章鱼 哥 至少 有 稳定 的 工作 有 自己 的 房有 坚持 的 梦想 有着 讨厌 又 喜欢 的 朋友 我们 呢 我们 多少 人买 的 起 房子 又 有 多少 人有 稳定 能 给 你 带来 时间 的 工作 又 有 多少 人有 追求 梦想 的 时间 和 精力 又 有 多少 人 还 拥有 曾经 的 梦想
3946788782,哭 了 TT
3900675993,海绵 宝宝 是 成年人 想要 的 朋友 无论 怎么 被 抗拒 还 能 坦诚 的 对 你 有 重要 的 事情 就算 没 人 想着 你 他 也 会 想起 你 既 留给 了 你 成年人 的 空间 也 没有 和 别人 一样 远离 你
3889139451,如果 你 不 去 一个 更好 的 家庭 过夜 更好 的 环境 更好 的 温馨 你 不是 觉得 自己 的 生活 过 的 很 差 果然 没有 对比 没有 伤害 操
3889132622,经历 了 昨天 今天 想 看看 这个 视频 获得 一下 感官 刺激
3886377613,bgm 是 什么
3907329257,flower dance
3884191048,海绵 宝宝 是 成年人 中 所 幻想 的 章鱼 哥是 成年人 自己 将来 的 路 不好 走 好好 珍惜 现在 的 生活 今天 是 你 最 年轻 的 一天
3871714876,我 怎么 觉得 章鱼 哥 后面 自鲨 了 是我太 悲观 了 吗
3869103849,最 喜欢 章鱼 哥 了 可能 是 看到 了 自己
3866333836,币 给 你 了
3863233903,小时候 觉得 章鱼 哥是 讨厌 的 大人 现在 才 明白 活成 海绵 宝宝 有 多难 章鱼 哥才 是 人生 常态
3859852687,怎么 说 呢 海绵 宝宝 是 毁 了 章鱼 哥 的 梦想 但 章鱼 哥 最 快乐 的 时候 也 是 来源 海绵 宝宝 见 Sweet victory 第几 集 我 忘 了 但 这 首歌 我 还 记得
3853776511,小时候 我 以为 我 是 海绵 宝宝 后来 发现 其实 我 是 章鱼 哥
3846793213,你 要是 想 哭 那 你 就 哭 吧 过 不了 几天 你 就 哭 不 起来 了
3846762082,up 开头 的 素材 是 第几 集 的 呢
3835864845,我 也 是 章鱼 哥比 谁 都 努力 可是 先 可以 把 梦想 埋藏
3835065487,每个 人 的 真实写照 都 能 在 的 动画片 里 找到 儿童 = 派大星 青少年 = 海绵 宝宝 成年人 = 章鱼 哥 忘记 了 自己 到底 是 为了 什么 站 在 高处 = 蟹 老板 心里 只有 复仇 = 痞 老板 从小 最 喜欢 看 的 动画片 长大 了 再 看 海绵 宝宝 把 现实 编成 笑话 好好 放在 你 的 面前
3823909515,up 做 视频 辛苦 几小时 我白 嫖 内疚 一辈子 明显 我 比较 辛苦 大家 把 赞 留给 我 吧
3817142399,突然 想 去 自杀 没意思 了
3907341400,加油 我们 在 呼吸 我们 在 想着 爱 的 人 我们 在 娱乐 地 看番 只要 我们 有着 我们 的 爱 无论 多么 黑暗 我们 会 有 无限 的 希望 加油
4061293208,好死不如 赖 活着
3815542635,这个 视频 的 灵感 来自 洛温 的 派 大星 的 独白 在 去年 看 完 那个 视频 后 就 萌生 了 做 一个 类似 的 视频 并 不是 所谓 的 抄袭 更 贴切 的 说 是 致敬 吧 我 认为 海绵 宝宝 中 章鱼 哥 这个 人物 更 符合 现实 所以 便 有 了 这个 视频 也 并 不 存在 所谓 的 蹭 热度 毕竟 那个 视频 已经 快 一年 了 蹭 热度 的话 我 不 可能 现在 才 发 这个 视频 更 不 可能 为了 蹭 一个 热度 如此 精心 的 打磨 这个 作品 我 也 自知 这个 视频 不 可能 会 比 那 一个 好 我 只是 想 做 这个 视频 来 表达 我 的 一些 想法 仅此而已
3813823320,站 起来 你 是 个 艺术家
3811873009,书读 的 很 垃圾 人 也 活得 很 狼狈
3897024396,我 也 是 这样 呢 但 还是 得 坚持 着 过 总 有人 会 在乎 你 的 朋友
144151478560,回复 : 我 没有 朋友
3808504195,大多数 中国 男人 缺少 共情 能力 很多 人 小时候 理解 不了 章鱼 哥 长大 了 挨过 铁拳 才 理解 但是 中国 女人 比如 我 从小 就 能 理解 这 就是 女人 和 男人 的 不同 吧
3811332474,但 还有 这么 一类 人 无论 男女 自以为是 认为 自己 或者 像 自己 这 类人 是 这个 世界 上 独特 的 存在 只能 说 他 还 没有 长大 或者 随着 年龄 的 增长 心智 仍然 停留 在 孩童 时期
3947915219,回复 : 太对 了
3806937331,愿 诸君 历尽 千帆 归来 仍 是 少年
3806015094,其实 小时候 又 何尝 不 如此 呢 只是 我们 愿意 当个 爱 笑 的 海绵 宝宝 我们 希望 当上 蟹 老板 而 不是 痞 老板 然后 才 发现 痞 老板 何尝 不是 一个 好人 我们 看着 派大星 发笑 却 早已 失去 了 派 大星 的 洒脱 我们 最终 像 章鱼 哥 一样 埋葬 了 理想 也许 只是 因为 失去 了 海绵 宝宝 也许 只是 因为 成为 了 章鱼 哥 致 我们 或 已 逝去 的 童年
3803861652,海绵 宝宝 其实 也 帮 章鱼 哥 成功 过 很 多次 但 印象 只有 一次 真正 成功 大部分 都 是 成 也 海绵 宝宝 败 也 海绵 宝宝
3794424352,很强 很 喜欢 半年前 看 完派 大星 的 独白 就 很 震撼 疯狂 寻找 类似 的 作品 终于 在 今天 看到 了 虽然 感觉 比派 大星 的 差 了 一点 ( 可能 是 派 大星 九分 愚蠢 一分 大智 的 形象 更让人 深刻 吧 ) 但 我 也 非常 喜欢 那些 说 抄袭 的 不用 管 故意 为了 恶心 人 而 恶心 人 罢了
3787709140,你 确实 不是 主角 因为 主角 这个 称号 配不上 你
3782140222,当 一个 你 这个 正常人 生活 在 一群 不 正常 的 人 中时 在 别人 眼里 你 就是 不 正常 的 人
3780446871,啊啊啊 啊 ~
3779265487,小时候 认为 章鱼 哥是 不 正常 的 长大 了 才 知道 只有 他 一个 是 正常 的
3771603737,一水喜
3764926853,哭 了
3764012048,哈哈哈哈 笑死 我 了 阿婆 主 鬼畜 做 的 很 不错
3759879900,章鱼 哥 生来 就是 最 悲惨 的 人物 章鱼 哥 想要 逃离 却 逃脱 不 掉 悲惨 这个 标签
3756736856,小时候 讨厌 章鱼 哥 长大 才 发现 和 他 越来越 像
3752804023,前面 开头 是 第 几季 第几 集
3735391964,硬是 给 我 看 哭 了
3732235470,米斯 达 快乐 播放 量 444.4 万 播放 量
3728727411,众人 皆 笑 章鱼 哥 众人 皆 是 章鱼 哥
3728133258,为什么 最近 活 的 这么 丧 这么 累
3727492644,以前 看好 喜欢 章鱼 哥 hhh 觉得 他 好 毒 舌 啊
3726246822,加油
3724250306,其实 我们 都 是 章鱼 哥 就 想 活成 海绵 宝宝 和 派 大星 的 样子 可 现实 不 给 我们 这个 机会
3719171896,弹幕 看 的 人 尴尬 癌 都 犯 了
3714412123,我们 孤独 地 或者 终将 孤独 地 死去 人生 不过 是 一场 虚无
3713532923,章鱼 哥
3706057959,BMG 是 什么 啊
3706580884,花之舞
3729391398,回复 : 谢谢
3705683639,BGM 是 flower dance 吗
3706578143,是 的
3706581187,是 我 最 喜欢 的 纯音乐 之一
3704075874,哭 了 QAQ
3703852081,年轻人 总 认为 一切都是 可以 唾手可得 的 但 或许 只是 没有 发现 背后 隐藏 的 代价 罢了
3703448576,加油
3703327290,其实 我 很 佩服 章鱼 哥 都 有人 都 觉得 章鱼 哥 的 竖笛 很 难听 但 章鱼 哥 一直 爱 他 的 竖笛 一直 在 吹 竖笛
3703036606,明天 一定 会 更 美好 的
3702674265,小时候 不 了解 章鱼 哥 为什么 一直 生气 成人 后 不 了解 派大星 为什么 一直 开心
3700006088,up 主要 是 回复 我 我 就 三 连
3697814569,小学 海绵 宝宝 好 厉害 派大星 真 逗 小窝 好 可爱 ... 初中 后 为什么 海绵 宝宝 总是 那么 幸运 为什么 派大星 总是 被 别人 看不起 为什么 章鱼 哥 总是 被 冤枉 为什么 痞 老板 总是 那么 倒霉 为什么 蟹 老板 可以 为 钱 不惜一切 ... 我 小时候 看 的 都 是 什么 啊 ...
3686868138,人生 就是 这样 从 最 开始 派大星 到 海绵 宝宝 在 到 章鱼 哥
3686096087,生而为 人 我 很 抱歉
3679601548,好 耳熟 的 旋律 但是 我 想不起来 名字 了
3691732294,flower dance
3666714839,哈哈哈 哈哈哈 哈哈哈 哈哈哈 好
3666643432,除非 我 今晚 死 了 否则 对 我 而言 明天 是 不 可能 更 美好 更 美丽 的
3907349905,想想 我们 爱 的 动漫 人物 爱 的 作品 自己 曾经 的 感动 曾经 对 他人 的 笑容 这些 绝对 是 最美 的 不要 忘记 他们 加油 未来 中 也 有 许多 美好 在 等 你
3664239733,woc 我 发现 海绵 宝宝 里 的 这 几个 人物 都 是 单身
3679532567,蟹 老板 和 痞 老板
3688365568,回复 : 痞 老板 有 自己 的 儿子 奇普 chip 凯伦 网购 的
3837802184,海绵 宝宝 可能 喜欢 珊迪
3663117297,哈哈哈
3661732770,章鱼 哥 确实 是 个 正常 的 普通人
3659722847,今晚 补上 三 连 终于 承认 自己 是 个 章鱼 哥
3655450796,爱 了
3654942657,请问 视频 里 章鱼 哥吹得 是 什么 歌
3651529243,小时候 是 海绵 宝宝 不知 章鱼 哥 为何 冷漠 长大 后 是 章鱼 哥 不知 小时候 的 快乐
3647552656,看 了 十几遍 了 感触良多
3642005620,加油 陌生人
3637315543,今天 很 有趣 去 见 了 一个 老同学 我 记得 他 两三年 前 也 会 因为 一件 鸡毛蒜皮 的 小事 笑 一整天 无忧无虑 的 男孩子 现在 满脸 憔悴 不喜 言语 我 发现 他 的 眼睛 里 没有 光 了 我 呆滞 了 一会 想 安慰 这个 男孩子 于是 我用 手去 触摸 却 发现 那 是 面 镜子 .
3700512034,加油 人 总有 要 有 梦 无论 在 不 在
3700568370,回复 : 是 吗 也 对 有 梦 是 一天 无梦 也 是 一天 ...
3635899083,小红 种田
3634905729,你们 想当 章鱼 哥 还是 海绵 宝宝
3632800315,眼泪 止不住 往下流
3630250828,只有 那 暗夜 为 想 变为 明天 却 仍 在 这 寂静 里 奔波 明天
3627069197,明天 是 不会 更好 的 每 一天 都 只会 比 前一天 更加 灰暗 惨淡 腐烂 所谓 明天 会 更好 只不过 是 我们 自欺欺人 的 谎言 因为 我们 根本 就 没有 胆量 面对 明天 会 更糟 的 事实 既然 今天 已经 这么 糟糕 明天 会 更 糟糕 我们 该 怎么办 人们 不会 愿意 考虑 这件 事 只要 稍加 考虑 就 会 明白 未来 的 灰暗 与 绝望
3621899846,你 三 连 有 了
3621863832,背景音乐 是 什么 啊
3631029208,花之舞
3617958673,在 一群 不 正常 的 人 中间 出现 了 一个 正常人 那么 这个 正常人 其实 才 是 最 不 正常 的 人 吧
3617051116,竖笛 吹得 非常 好听 啊
3616851024,好像 有 一集 出现 了 小派 大星 小 海绵 宝宝 好像 是 他们 的 儿子
3615882411,我 的 梦想 连 坟墓 都 没有
3610796593,章鱼 哥是 这部 动画 里 唯一 的 正常人
3610155156,世界 不会 因 你 的 理想 改变 就 如此 但是 人们 的 理想 造就 了 世界 的 美好 便 如此 加油 我们 都 是 伟大 的 能 思想 的 人
3609393267,我 快 哭 的 时候 一句 比基尼 海滩 把 我 整笑 了
3604947520,章鱼 哥才 是 最 正常 的 人 跟着 那样 的 工作 遇到 那样 压榨 工资 的 老板 碰到 那样 的 邻居
3602080054,( ` )
3596837906,最是 无厘头 喜剧 的 故事 背后 的 真相 就 最 讽刺
3594953187,加油 努力 不会 白费
3591459658,4000
3591363020,没 1000000000000 个 吗
3589987521,我们 总是 花太多 时间 去 做 准备 而 成长 往往 只 在 一瞬间 完成 ( = = )
3584809996,生而为 章鱼 我 很 抱歉
3578462837,一个 成年人 的 独白
3578320348,一个 成功 又 欢乐 的 人 永远 无法 明白 一个 失败者 独自一人 品尝 百般无奈 后 的 痛处 同样 一个 失败者 也 永远 无法 理解 成功 后 辉煌 的 那一刻 毕竟 有失 有 得 才 是 这个 世界 的 守恒 永恒不变
3573089347,B 站 颜值 最高 的 账号
3572865695,这个 视频 刷 第 4 遍 了 每次 感到 悲伤 都 来看
3572859815,海绵 宝宝 里 最 喜欢 的 人物 章鱼 哥 他 代表 了 平凡 的 人们
3588267965,小时候 真的 不 喜欢 章鱼 哥 觉得 他 很 倒霉 就是 来 搞笑 的 长大 后 却 活成 了 章鱼 哥 的 样子
3572310090,md 看 一个 鬼畜 我 都 看 哭 了 我 是不是 要 去 看 医生 了
3568023311,针 不 戳
3564080002,拙劣 的 模仿
3570756560,回复 :
3561949424,我 永远 期待 明天 因为 再 差 也 不会 比 今天 差 真是 糟糕 透 了 腐烂 又 迷茫 的 生活
3559348484,哈哈哈
3559314345,章鱼 哥 吹 竖笛 的 BGM 有没有 大佬 说 一下
3557951970,风格 很 还原
3553468192,丧过 之后 记得 要 笑
3550283981,爱了爱了
3549611468,所以 类似 独白 中 唯一 让 我 泪 目的
3546966437,已经 看 了 三遍
3546261279,章鱼 哥是 海绵 宝宝 中 最 现实 的 人物 最 喜欢 章鱼 哥 了
3545968466,实话实说 . 派大星 的 复仇 里 . 章鱼 哥帅 炸 了
3542591302,你 是 个 成熟 的 艺术家 了 要 学会 自己 站 起来
3542484486,这部 动画 里 的 章鱼 哥 反应 的 就是 社会 上 的 普通人 而 蟹 老板 是 资本家 无时无刻 的 在 压榨 员工
3541975523,加油 很棒
3540317523,小时候 觉得 就 章鱼 哥是 个 正常人 海绵 宝宝 还 总去 打搅 他 每次 都 好心 办 坏事
3533786774,那些 zz 把 下面 的 字幕 挡住 了
3529678704,确实 章鱼 哥才 是 平常人 声音 我 跟 喜欢 他
3529481043,小时候 总是 在 想 章鱼 哥 为什么 总是 在 生气 长大 了 却 想不通 派大星 为什么 总是 那么 开心
3526352403,这 就是 年轻人 喜欢 的 丧 文化 吗 求别 喷
3550578501,只是 无奈 罢了
3552902354,丧能 释放 压力 配合 燃 食用 更佳
3525917485,说不定 从前 比基尼 堡 有 个 章鱼 宝宝
3525319385,泪目
3523687908,章鱼 哥 里面 的 那首 音乐 是 什么
3522114023,中间 章鱼 哥 吹 竖笛 的 那段 叫 啥 哟
3520111884,泪目 很 感动 同时 很想 知道 BGM 是 什么
3518427456,是不是 还要 来个 山迪 的
3516618416,唉 有时 努力 是 没有 用 的 具体 参考 骆驼 祥子 现在 打 多数 人 今天 活着 只是 为了 明天
3516136017,火后 刘铭
3516019672,小时候 我 一直 认为 章鱼 哥 根本就是 个 只会 生气 的 人 不 觉得 他 怎么 好 可是 他 的 状态 其实 不 就是 成人 吗 努力 工作 什么 也 得不到 想当 自己 想 当 的 职业 到头来 只是 失败 被 人 嘲笑
3515089566,看 了 好几个 海绵 宝宝 这个 动画 的 独白 了 我 编 了 个 故事 章鱼 哥 和 海绵 宝宝 是 好 朋友 后来 派大星 来 了 搅乱 了 他们 的 生活 让 章鱼 哥 非常 生气 海绵 宝宝 因为 派大星 一直 跟 他 玩 业绩 明显 下降 让 蟹 老板 很 无奈 告诉 了 海绵 宝宝 一些 道理 之后 海绵 宝宝 成功 了 辞掉 了 工作 但 也 失去 了 2 位好 朋友 预知 后事 请 看 更 强 的 up 主做 独白
3514080922,加油 很 不错 中间 的 笛子 吹 的 很 好听
3513930952,我累 了 睡觉 了
3509576120,啊 明天 真的 会 更好 么
3507357920,看 哭 了
3506799384,av882708
3505823919,你 知道 吗 天才 总是 孤单 的 此币 留给 真正 用心
3502850618,想 知道 2.15 的 时候 那段 管弦乐 是 什么 乐器 的 声音
3501641003,终于 还是 活成 了 章鱼 哥
3495559126,悲伤
3493353889,你 累坏 了 明天 一定 会 更 美好 更 美丽 的
3484933183,有 谁 会 甘心 亲手 埋葬 自己 的 梦想
3483022541,髒 愛
3477794783,明天 明天 明天 明天 明天 会 更好 的 明天 到底 是 哪一天 什么 时候 才能 等到
3477580677,把 一些 话 都 掺 出来 就 会 变成 一个 好话 最后 变成 了 一个 大道理
3477033127,忘記 自己 最初 的 模樣 忘記 自己 最初 的 模樣 老王 樂隊 >
3473437905,加油 给 三 连
3473442126,落泪
3472807353,我 想 说 的 是 如果 有 一天 我 真的 实现 了 我 生命 中 的 梦想 我 永远 不会 让 我 的 双脚 站 油污 的 地板 上
3465056148,为什么 你 没 去 网易 云
3470882012,调音 还是 不太好 听 着 有些 别扭
3463534921,小时候 在 想 章鱼 哥好 讨人厌 长大 后 却 想 章鱼 哥 为什么 活 得 这么 真实
3461652288,章鱼 哥是 个 靠 谱 的 邻居 也 是 个 善良 的 朋友
3461359308,wo ie bei jidai guo
3459940808,大人 的 世界 我 不 懂 ...... 可是 大 人们 却 也 不 懂 我们 的 世界
3457687613,你 准备 好了吗 我 准备 好 了 你 准备 好了吗 你 准备 好 了 迎接 生活 的 骗局 了 吗 我 准备 好了吧
3456976880,差 了 几分 没考上 自己 想 去 的 对口 重点 美术 高中 我 去 了 一个 差一点 的 学校 我 是 美术 生 成绩 稍微 差点 我 现在 身边 的 同学 都 是 比较 学霸 的 我 学校 也 是 很 严格 的 我 每天 七点 半 放学 晚上 一点 睡 周五 晚上 不写 几笔 作业 都 觉得 有 罪恶感 在 快节奏 里 我 不敢 停下 有 的 时候 看着 身边 奋笔疾书 的 同学 真的 仿佛 催促 我 拿 起笔 有过 很多 人 质疑 如果 不去 最 专业 美术 高中 是不是 好 美院 也 去 不了 不过 有 一个 文化课 同学 说 是 金子 总会 发光 所以 即使 未来 几年 会 很 难 我 都 必须 坚持 有时 看着 学校 外面 的 小学生 在 大喊大叫 跑来跑去 肯定 会 怀念 童年 的 希望 明天 会 更 美好
3452222864,在 推荐 把 灵感 的 来源 写 在 简介 里 哦
3564962062,人家 顶置 评论 都 写 了 灵感 来源 还 在 这 吹毛求疵
3451278569,蹄垫 永远 爱 主人
3448204257,忍不住 了 你 今天 累坏 了 小章鱼 明天 会 更好 更 美的 好刀 人 啊
3446673654,童年 再见 了 青春 你好 啊
3445505484,确实 章鱼 哥才 是 绝大部分 人 的 模样
3445489629,再见 章鱼 哥 李易 老师
3441064073,小时候 最 喜欢 章鱼 哥 了 当时 啥 也 不 懂 单纯 觉得 章鱼 哥太惨 了 想 做 什么 都 要 被 海绵 宝宝 掺和 一脚
3440634346,我可以 转到 ks 吗
3439056470,我 也 超 喜欢 派大星 的 独白 我 想 知道 你们 是 怎么 创作 的 特别 是 声音 歌曲
3438965497,小时候 看 海绵 宝宝 觉得 我们 和 海绵 宝宝 一样 永远都是 孩子 但是 成为 大 人才 发现 每个 人 都 会 变成 章鱼 哥
3438574470,感同身受 越 长大 越 明白 生活 啊 就是 这样 每个 人 都 是 章鱼 哥
3437798402,告别 时 一定 要 记得 说 再见 这样 我们 一定 会 再次 相见 不 知道 会 在 多久 以后 也许 就 在 某 一天 某 一个 路口 我们 不期而遇 那时 - 花 一定 开 的 正好
3437753614,全片 从始至终 只有 章鱼 哥是 正常 的 大人
3436667058,求 bgm
3437270733,花之舞
3436603149,有 梦想 已经 是 难能可贵 了
3435996292,这里 埋葬 着 章鱼 哥 的 梦想 噢 真 见鬼
3435651697,加 关注
3435361182,你 说 我 听不懂 也好 说 他 辛苦 制作 也好 我 只 想 说 质量 真的 不算 高 而且 有点 无病呻吟 的 意思
3437975072,一个 连 视频 都 不发 的 人 说 别人 质量 不高 就 跟 一个 不会 盖房子 的 说 住 的 房子 不好 为 杠而杠 自己 什么 水平 自己 没 点数 还 说 别人 视频 不高 看不懂 门道 还 能 否定 别人
3446038520,回复 : 不是 质量 不高 是 没有 对比 没有 伤害 本来 派大星 下面 这个 位置 也 是 章鱼 哥 的 就 在 这 视频 下 的 那个 推荐 章鱼 哥 的 歌 对比 之下 有点 无力
3446146775,回复 : 我 觉得 从 技术 来讲 这 两个 视频 差不多 但是 从 内容 来讲 洛温 的 确实 好 因为 他 的 视频 会 引起 更多人 共鸣 但是 你 不能 因为 说 比 不过 派大星 独白 所以 这个 视频 质量 不高 这种 作品 只要 认真 的 做 过 视频 都 知道 很难 举个 例子 你 拿 满分 高考作文 和 一个 55 分 作文 比 然后 说 55 分 作文 质量 不高 那 不 就是 为 杠而杠 吗
3446154407,回复 : 不是 跟洛温 比 是 和 章鱼 哥 的 歌 比 因为 这 视频 名字 更 接近 洛温 所以 把 章鱼 哥 的 歌 挤下去 了
3478367257,"回复 : 就 跟 一个 不会 盖房子 的 说 住 的 房子 不好 小朋友 你 这 逻辑 , 没 得救 了"
3435341319,章鱼 哥才 是 人生 的 写照 在 别人 面前 不会 轻易 露出 笑容 不会 表现 得 跟 海绵 宝宝 派大星 一样 傻傻的 但是 这样 的 生活 让 他 已经 麻木 了 所以 才 会 对 海绵 宝宝 的 快乐 视为 讨厌
3435257740,开场 有 什么 比 把 快乐 带给 别人 更 快乐 的 呢 去 死 或者 别的 什么 我 不 知道 你 对 这个 有 这么 强烈 的 感觉 你 要 干什么 我 想 我 无法 阻止 你 但是 章鱼 哥 外面 是 一个 冷酷 的 世界 没有 人用 银 托盘 把 欢乐 带给 你 我 自己 知道 我 非常 可笑 灰灰 丑丑 腿 有 四条 小蜗 有 爱 它 的 海绵 宝宝 派大星 傻 呆呆 的 吹泡泡 蟹 老板 高兴 的 吃 蟹黄 堡 章鱼 哥 在 独奏 E 小调 为什么 我 一 高兴 就 有 错 我 不 知道 你们 在 笑 什么 为什么 大家 都 爱 海绵 宝宝 为什么 章鱼 哥不爱 笑 为什么 我 今天 真糟糕 未来 我 还 没有 准备 好 海绵 宝宝 你 不 知道 你 有 多 幸运 你 有 小 蜗 和 爱 你 的 家人 我 也 想 做 我 爱 的 事 却 总是 这么 倒霉 除 我 以外 这 世界 上 还有 谁 大人 的 世界 比 我 想象 的 难 我 认为 我 是 主角 却 相反 我 的 工作 一 年复一年 一天 复 一天 再见 比基尼 海滩 海绵 宝宝 你 不 知道 你 有 多 幸运 你 有 小 蜗 和 爱 你 的 家人 我 也 想 做 我 爱 的 事 却 总是 这么 倒霉 除 我 以外 这 世界 上 还有 谁 我 想 回到 那个 时代 自己 傻傻 有些 呆 自己 傻傻 有些 呆 但 有家 人们 的 爱 但是 我 我 知道 我 的 笑脸 我 的 爱 我 的 一切 逝去 不再 来 世界 把 我 改变 我 笑 逝去 不见 我 想 逃离 却 逃 到 了 清洁 间 这样 的 日子 又 在 我 眼前 谁 能 知道 我该 怎么办 再见 海绵 宝宝 再见 派大星 我 也 想 做 我 自己 爱 做 的 事情 做 我 爱 的 工作 爱 我 爱 的 人 等一等 我 自己 的 灵魂 有 一句 话 从 今天 早上 我们 一 见面 我 就 一直 想 对 你 说 再见 再见 朋友 再见 比基尼 海滩 我 想 回到 那个 时代 自己 傻傻 有些 呆 自己 傻傻 有些 呆 但 有家 人们 的 爱 但是 我 我 知道 我 的 笑脸 我 的 爱 我 的 一切 逝去 不再 来 世界 把 我 改变 我 笑 逝去 不见 我 想 逃离 却 逃 到 了 清洁 间 这样 的 日子 又 在 我 眼前 谁 能 知道 我该 怎么办 竖笛 独奏 蓄力 中 蓄力 完成 但是 海绵 宝宝 但是 派大星 我 确实 没有 你们 幸运 的 人生 我 辛辛苦苦 工作 三年 但是 我 难得 休假 一天 我 希望 我 自己 傻 呆呆 不 把 世界 看 的 非常 明白 希望 有人 明白 我 的 爱 但是 谁 会 明白 我 的 爱 章鱼 哥 走 在 吹 竖笛 一天 一天 的 为 独奏 练习 明天 比基尼 海滩 都 会 崇拜 我 但是 比基尼 海滩 都 在 嘲笑 我 我 想要 好好 安静 一下 你 今天 累坏 了 小章鱼 明天 一定 会 更 美好 更 美丽 的 结尾 竖笛 独奏 谢谢
3435952761,可惜 没 上 热门
3434641242,拜托 能 不能 活 得 有点 人 样 越来越 讨厌 自己 一切 的 一切 都 没有 意义 像 我 这样 的 人 为什么 还要 这样 活着
3429735117,谁 都 是 章鱼 哥 谁 都 不是 章鱼 哥
3429511492,正常人 在 比奇 堡 变得 奇怪 但 其实 他们 的 奇怪 才 是 最 快乐 的
3428541758,格温 的 脑 残粉 真的 有饭 圈 那 味儿 了
3428176467,我 想 等等 我 的 灵魂
3428056544,这版 常见 的 章鱼 哥 国语 配音 是 央视 前 播音员 李易 老师 前些年 先生 已经 走 了 但是 留下 了 无数 我们 熟悉 的 声音
3427676264,HERE LIES SAUIDWARD ' S AND DREAMS 这里 寄托 着 索伊 德沃德 的 希望 和 梦想
3426303487,如果 有 一天 我 真的 实现 了 我 生命 中 的 梦想 我 永远 也 不会 让 双脚 站 在 油污 的 地板 上 章鱼 哥
3425234124,以前 讨厌 章鱼 哥 因为 他 经常 欺负 海绵 宝宝 现在 喜欢 章鱼 哥 因为 他 才 是 最 成熟 的
3422249316,快乐 带给 别人 让 自己 快乐 我 从来不 这么 做
3421662806,看不见 我
3421011028,现在 正 深有体会 被 小小的 1.86 w 给 阻挡 了
3420043063,海绵 宝宝 有 的 时候 真的 很 让 章鱼 哥 崩溃
3419906291,有 一两句 感 jio 不太好 其他 都 很
3415517548,那个 视频 我 很 喜欢 你 的 我 也 很 喜欢
3414611031,不是 我 觉得 我 是 真的 用 主观 来 想 章鱼 哥 在 海绵 宝宝 这个 动画 里面 是 一个 有血有肉 的 成年人
3413116360,到 点 了 ! 网抑 云 开始 了 !
3413106516,我 第一次 在 鬼畜 视频 里 哭 了
3424220208,那 你 应该 看一看 格温 的 派 大星 的 独白 让 你 再 哭 一次
3424221091,回复 : 洛温
3434751568,还有 另 一个 章鱼 哥 的 独白 比 这个 更 泪目
3412902609,小时候 向往 着 未来 过 着 海绵 宝宝 的 生活 可是 长大 后 殊不知 人人 都 活成 了 章鱼 哥
3412728450,小时候 都 以为 自己 是 海绵 宝宝 长大 了 才 发现自己 是 章鱼 哥
3412597130,人人 都 笑 章鱼 哥 人人 都 是 章鱼 哥
3412444342,老 成年人 了
3412407986,那 都 有 sb 玩网 抑云烂 梗
3410478094,或许 这 就是 人生
3409655159,没有 人 知道 章鱼 哥有 多么 无力 拼命 的 挣扎 却 无法 逃脱 拼 尽全力 的 吹奏 却 无法 得到 想要 的 乐章 他 曾经 的 欢乐 曾经 的 梦想 都 被 埋葬 在 了 坟墓 里 也许 他 曾经 也 像 海绵 宝宝 一样 快乐 乐观 对 未来 充满希望 可惜 生活 将 他 踩 到 了 尘埃 里
3409631015,生吃个 章鱼 我 很 抱歉
3409628863,小时候 我们 好奇 章鱼 哥 为什么 总是 愁眉苦脸 长大 了 我们 好奇 海绵 宝宝 为什么 能 如此 乐观
3409296582,要 拥有 章鱼 哥 的 沉着 与 海绵 宝宝 的 乐观
3407442205,挺 好 的 啊
3407303717,你 今天 累坏 了 小章鱼 明天 一定 会 更 美好 更 美丽 的
3407230665,小时候 不 懂 章鱼 哥 长大 了 不 懂 海绵 宝宝 派大星
3405706208,泪目
3405221963,你们 的 梦想 至少 有 坟墓 而 我 的 梦想 早就 粉身碎骨
3404350849,小时候 总是 在 想 章鱼 哥 为什么 总是 在 生气 长大 了 却 想不通 派大星 为什么 总是 那么 开心
3404299848,求别 刷梗别 wyy 好 吗
3404127328,章鱼 哥 的 人设 挺 那 啥 的 反正 坏毛病 贼 多
3424235372,但 他 确实 是 海绵 宝宝 中 最 像 普通人 的 角色 也许 你 看 他 坏毛病 多 事实上 这些 坏毛病 的 人 都 有 不要 上帝 视角
3424543922,回复 : 只能 说 他 是 最 不 像 普通人 的 普通人
3424593365,回复 : 毕竟 要 有 海绵 宝宝 的 风格
3402599470,辛苦 了 up
3401637203,小时候 我们 认为 章鱼 哥 非常 愚蠢 但是 越 长大 我们 越 发现 原来 章鱼 哥 代表 的 是 现实
3401630188,当 你 玩亚索 时 你 将 获得 无与伦比 的 快乐 当 你 的 对面 也 是 亚索 时 你 将 获得 双倍 无与伦比 的 快乐
3401305866,小时候 不 知道 章鱼 哥 为什么 每天 都 不 开心 长大 了 不 知道 为什么 海绵 宝宝 和 派 大星 每天 都 那么 开心
3399772930,我 想 我 是 帅 章鱼
3399766109,你 今天 累坏 了 小章鱼 明天 一定 会 更 美好 更 美丽 的
3398016144,章鱼 哥 最 像 现实 的 人 他 被 无聊 的 工作 磨 的 没 了 热情 不 喜欢 海绵 宝宝 的 简单 思想 和 异想天开 的 想法 但 他 也 有 属于 自己 的 善良 小时候 讨厌 章鱼 哥 可能 只是 在 一个 虚拟 的 世界 里 他 活 的 最 真实 吧
3397552071,下次 多次 更新 ?
3396755598,迟来 的 三 连
3395494059,也许 很多 时候 事与愿违 不过 那 是 正常 的 有些 事情 从来不 会 公平 所以 能 做 的 就 只有 继续 向前 很 俗套 的 一句 话 不是 你 努力 就 一定 有 回报 但是 不 努力 就 一定 没有 回报 我们 都 是 平凡 又 失败 的 章鱼 哥 但是 哭过 之后 还要 望 向 明天
3395231444,高雅 的 章鱼 哥
3394617136,bgmflower dance
3685033068,哥哥 有 那 一段 像是 竖笛 演奏 的 那 一段 的 bgm 的 链接 吗
3394211630,泪目
3394015146,求 背景音乐
3394025453,flower dance
3394037125,好 的 谢谢 晚安
3394045879,回复 :
3394042256,回复 : 好 的 谢谢 晚安
3394004823,我 离不开 这里 于是 我 亲手 杀死 自己 的 梦想 将 自己 葬 在 这里 等待 腐朽
3393903459,"Strangers , if you can see my comment , it ' s very lucky that we can meet in the vast crowd , which is also a fate . If you understand this , please give me a compliment"
3430509067,Xiuer jiu shi ni ?
3393852369,花之舞 这个 BGM 谁 都 可以 用 的 吧 又 没有 规定 不能 用 吧
3393748816,我 想 哭
3393439289,海绵 宝宝 是 孩子 所以 他 快乐 章鱼 哥是 大人 有着 各种 顾虑 以及 生活 的 压力 就 像 我们 一样
3393084450,都 是 哪 一集 啊 有 大神 知道 吗
3399438183,全都 是 剪辑 的 不 确定 是 哪集
3776486647,回复 : 好 吧
3393009579,我 我 想 知道 那个 章鱼 哥穿 小丑 服和蟹 老板 穿 国王 服 的 片段 在 哪 一季 啊
3392662832,老网 抑云 了
3424243927,这 严格来说 不能 算网 抑云网 抑云 是 那种 : 我 很惨 你们 都 给 我 点赞 你们 都 给 我 加油
3424248710,回复 : 无病呻吟 的 那种
3424293154,回复 : 或者 是 发 一些 与 音乐 无关 的 内容 单纯 为了 伤感
3424370397,回复 : 口 我
3392623811,最后 只有 章鱼 哥 最 正常
3391909611,中间 章鱼 哥 吹 的 是 什么 曲子
3412446336,这是 鬼畜 调教 ...
3424261711,如果 和 背景音乐 一样 的话 花之舞
3391828042,ohhhhh
3391745502,很久后 才 看到 但 庆幸 我 看到 了
3389670448,建议 抑郁
3389636436,刷网 抑云 的 多半 有点 问题
3424253666,对 呀 这 不能 算网 抑云
3388819010,他 才 是 正常人
3388468571,小时候 不 理解 为什么 章鱼 哥 哭丧着脸 长大 了 不 理解 海绵 宝宝 为什么 总是 在 笑 再见 了 我 的 童年
3387790888,emmmm
3387505137,五遍 整整 五遍 出现 在 第一位 五遍 了 我 看 我 看 还 不行 吗
3387185137,明天 一定 会 更 美好 更 美丽 的 然后 你 就 等待 着 永远 来 不了 的 明天 直到 进入 棺木 哦 不 或许 你 连 棺木 都 进不起
3387178750,明天 一定 会 更 美好 更 美丽 的
3386730763,那 两段 竖笛 纯音乐 是 什么
3386002878,白 嫖 失败
3385774007,目测 要火
3384785797,这个 bgm 叫 什么 来 的 听 过 给 忘 了 好像 是 花 什么 的 有没有 大佬 知道
3388642834,flower dance 快 谢谢 我
3391711570,回复 : 先 感谢 一下 不 对 狗头 打烂
3391737695,回复 : 我错 了
3391795362,回复 :
3383378977,希望 大家 不要 再 在 弹幕 里 刷 网 抑云 玩 梗 也 要 看 场合
3382700513,未来 我 还 没 准备 好 现实 也 只是 卑躬屈膝
3382105010,章鱼 哥 不 就是 我 吗
3380296597,和 格温 相比 填词 稍微 有些 平淡 但是 调音 做 的 已经 非常 好 了 up 加油 期待 你 更好 的 作品
3379609103,好像 知道 了 什么 好像 明白 了 什么 偷偷 擦 去 眼角 的 泪水
3379445668,以前 最 喜欢 看 海绵 宝宝 现在 看到 里面 除了 快乐 藏 着 很多 个 我
3379380617,小时候 是 海绵 宝宝 现在 是 章鱼 哥
3379238109,快快 快 2 分 16 秒 BGM 是 什么
3379001678,好 有 代入 感 已经 哭 了 谢谢
3378842988,太 厉害 了
3378544558,Here lies squidward ' s hope and dream
3378287443,为什么 不再 搞个 英文版 的 呢
3376993424,长于 哥
3376468626,但是 章鱼 哥有 爱 他 的 海绵 宝宝 派大星 还有 很多 朋友 说实话 章鱼 哥 的 生活 也 比 常人 丰富 的 多 啊 哈哈哈哈
3375810626,最 喜欢 的 一直 都 是 章鱼 哥 不 知道 为什么 但是 总是 希望 他 能 真的 实现 他 的 梦想 尽管 我 知道 那 过于 梦想
3375361420,我 把 梦想 卖 了 换成 了 柴米油盐
3424294153,还是 你 依然 把 你 的 梦想 卖 了
3375102029,真棒 真累
3374645129,想 在 网易 云上 听
3374308050,龙王
3374307356,我 的 梦想 啊啊啊 我 一定 不会 放弃
3374069941,我 的 一切 逝去 不再 来
3373688872,章鱼 哥 的 设定 是 底层 劳动者 为了 钱 没 办法 在 那里 干活
3372594546,给 我 站 起来 你 是 个 天才 艺术家
3371711018,成年人 的 心酸 未成年 的 人 不 可能 懂得 哪怕 你 以为 你 很 懂 多 理解 吧
3370985912,我 看 了 10 余年 海绵 宝宝 我 希望 在 人生 中 能够 找到 类似 主角 团 的 人 找来找去 只有 章鱼 哥
3424307667,其实 有些 人 和 蟹 老板 也 差不多
3370620638,感觉 自己 还是 与 派 大星 更 相符
3370188603,快乐 对 我 来说 就 像是 廉价 的 毒品 但 总 有人 告诉 我 远离 毒品
3370021810,我 像 章鱼 哥 一样 讨厌 工作 却 不得不 工作
3369931106,想起 另 一部 动画电影 挚爱 梵高
3369704952,你们 都 泪目 啥 我 都 没 泪目 只是 眼睛 进 沙子 了
3368913340,谢谢 你 的 视频 扎心 了
3368286181,小时候 不 喜欢 章鱼 哥 但 又 觉得 主角 是 个 傻子 一样 好像 谁 都 不 傻
3368055255,拼搏 走向 成功 的 人 更 明白 底层 人民 的 痛苦 他 成功 了 之后 却 又 仿佛 离 过去 更远 了
3367350771,你 的 妥协 会 让 你 不 高兴 可 你 却 固执 的 认为 那 是 聪明 的 代价 殊不知 真正 有 智慧 的 是 身边 那个 傻子
3367323940,蟹 老板 吃 蟹黄 堡
3367161759,大家 都 喜欢 海绵 宝宝 和 派 大星 现在 看来 章鱼 哥才 是 大部分 人发 样子
3367112709,墓碑 写 的 是 这里 是 章鱼 哥 的 希望 与 梦想
3366395937,章鱼 哥 的 竖笛 其实 很 好听
3366360683,这个 伴奏 是 花之舞 啊
3365521462,up 你 知道 ma 我 一直 都 是 一个 白 嫖 的 人 就 只会赞 或者 有感而发 的 发发 评论 特别 喜欢 就 收藏 绝不 投币 的 人 可是 我 投 了 所以 你 明白 了 ma good
3365011735,缅怀 李易 老师
3364556218,只能 说 能力 有限
3364503986,骚话 突然 就 卡 嗓子 了
3364469633,这 就是 一个 普通 的 在 工作 的 成年人
3363973396,明天 会 更 美好 更 美丽 的 但他却 连盖 被子 的 力气 都 没有 了
3363875237,很 好 的 作品
3363331755,儿时 不 懂 章鱼 哥 再 看 已 是 画中人
3363134251,嗯 ...... 视频 怎么样 全靠 投稿 的 网站 是 哔哩 哔哩 还是 网易 云老 双标 了
3362850585,一直 以为 自己 是 海绵 宝宝 但 后来 才 发现自己 是 章鱼 哥
3362740132,三连 献上 不多 BB
3362521788,感觉 章鱼 哥 的 精髓 没有 出来 被 派 大星 的 独白 限制 了
3362288397,BV1tf4y1Q7YJ
3362186077,人类 灭绝 就 不会 有 这么 多 复杂 的 感情 了
3362439040,回复 :
3362068405,长叹 兮 掩涕 兮
3361331083,刷网 抑云 的 烂 梗 小鬼 给 有 多 远 爬 多 远
3360425886,海绵 宝宝 是 童话 中 幻想 章鱼 哥是 人性 的 映照
3360322445,初看 就是 章鱼 哥 再 看 依旧 章鱼 哥 已有 的 事后 必 再有 已行 的 事后 必 再行 周树人
3359667615,很棒 很 现实
3359311063,啊啊啊 啊啊啊 啊啊啊 啊 啊
3359114296,建议 屏蔽 网抑 云到 点 了 观感 会 更好
3358667123,一个 普通 成年人
3357917861,一直 喜欢 看 海绵 宝宝 却 不 讨厌 章鱼 哥 现在 想想 其实 我们 每个 人 内心 都 住 着 海绵 宝宝 但是 却 活成 了 章鱼 哥
3357781617,海绵 宝宝 你 老婆 爆 了
3357756730,md 弹幕 里 评网 抑云 十二点 行为 的 给 爬
3357117225,章鱼 哥唱 的 这 一首 歌唱 的 就是 你 这首 歌唱 出 了 人 的 一生
3356875645,章鱼 哥是 天才
3356133176,今天 币用 完 了 明天 给 你 投
3354869319,弹幕 建议 屏蔽 烂梗网 抑云 观感 更好
3354803409,小时候 就 一直 最 喜欢 章鱼 哥 虽然 一直 不太 开心 的 样子 不过 感觉 很 真实
3354595953,看 完 视频 突然 想起 我 原来 自己 特别 难受 的 时候 给 自己 填 了 一首 起风 了 呃 感觉 看 完 这个 视频 后 的 感想 基本上 也 能 从 这个 词里 体现 出来 了 不 知道 有没有 人能 看到 我 的 评论 这 一路上 风风雨雨 岁月 淡释 年少 的 往昔 回首 抚摸 昨日 足迹 竟 有些 隐翳 一路 向前 永不 停息 伴随 着 孤寂 曾经 的 回忆 欢声 与 笑语 皆 随风而去 一路 走来 有过 迷茫 也 曾 彷徨 岔路 前 踌躇 的 模样 黑暗 中举 着 火把 问 路在何方 往事 皆 化一 道光 似梦 一场 只能 把握 眼前 方向 极目 东方 伸手 握紧 朝阳 我 也 希冀 能 生如夏 花 死 也 能 无悔 无 所 牵挂 任风卷 沙独 逆行 马 如此 潇洒 我 也 曾 登高 望 海角天涯 星空 璀璨 迎接 朝霞 人 影印 日 挥洒 着 年华 不知 晚风 吹 起 几根 白发 默倚 寒杆 独立 楼顶 霓虹 阡陌 城市 夜灯明 不闻 喧嚣 只 需 倾听 夜风 的 声音 悲欢离合 脑中 氤氲 抓不住 光阴 幼稚 的 痕迹 无情 被 抹 去 梦醒 那 一隅 我 曾 展望 大海 无际 虔诚 默许 但愿 多年 后 不空 叹息 却 眼见 逝者如斯 而 无能为力 也 曾 幻想 披坚 执利 独挡 万敌 却 消散 于 白驹过隙 热血 腾弥 却 没有 了 勇气 一路 走来 不断 跌跌撞撞 磨平 棱角 年少 轻狂 不断 创伤 不断 成长 愈发 茁壮 回首 仰望 当年 星空 琳琅 再 找 不到 梦 的 彼方 竟 也 忘记 我 何处 启航 繁星 再 映出 当年 的 脸庞 天真 又 执着 的 模样 灼灼 目光 似要 看破 魑魅魍魉 独立 楼顶 沐浴 月色 寒芒 心中 不甘 愈发 疯狂 咬牙切齿 散 不尽 惆怅 斗转星移 触摸 夜风 渐凉 指尖 流息 奏 起 哀伤 繁华 明亮 不留 孤鸿 兀自 南翔 已然 遥不可及 当年 梦想 热血 散尽 过客 一场 梦回 旷野 享 万物 芬芳 不觉 掌心 的 第一道 曙光
108893068720,有点 晚 但是 还是 助力 每 一个 梦想
108976705152,回复 :
113283271984,你 这文 笔挺 好 的 呀 写 的 也 比较 押韵 羡慕
113299930624,回复 : 这 是 上 高中 时 闲着没事 搞 的 现在 回想起来 多少 有些 空洞 了
113532570592,牛 逼 呀 大佬
126914530224,只 恨不能 给 评论 投币
156163741392,好 感动 呜呜 半夜 哭 死 我 了
185027266048,很 好 的 填词 大部分 韵脚 也 压上 了 楼主 不介意 我 自己 平时 哼 着 玩吧
192194880640,青年人 成才 的 关键 是 自身 能力 还是 外部 机遇
3354116600,我 到 不了 明天 了
3373900337,回复 我下 快点
3354086685,对 啊 我 也 不 知道 他们 在 笑 什么 我 不 知道 以后 要 怎么 做 怎么 活 怎么 过
3353850087,生而为 人 我 很 抱歉
3353798017,晚安 小章鱼
3353738565,现在 aqy 原 配音 没有 了
3353645358,等一等 我 的 灵魂
3353006311,站 起来 你 可是 个 艺术家
3352487336,支持
3352280835,网易 云
3439471205,回复 : 你 也 配乱 刷 梗
3439911022,强行 渲染 氛围 网抑 云 就 别 洗 了
3352132362,刷网 抑云 的 多少 沾点
3353855390,自信 点 就是
3359284408,你 楼上 就是 玩 这个 烂 梗 的
3352094867,这个 章鱼 是 海底 最 真实 的 章鱼 关于 章鱼 哥 的 独白
3351937564,刷网 抑云 的 多少 沾点 nt
3353860099,自信 点 就是
108188545424,虽 不 认识 但 捞 吧
3350664680,顺 理 成 章
3350604419,up 有人 在 爱奇艺 抄 你 视频 了
3350222053,章鱼 哥 反应 的 就是 世界 上 的 普通人
3348980606,幸运 的 人 都 是 相似 的 不幸 的 人 则 各 有 各 的 不幸 那些 祝愿 快乐 的 人 从 不会 知道 快乐 是 他们 的 与我无关 而 我 只 觉得 他们 吵闹
3348522605,一切 都 不会 好 起来 的
3350457794,都 会
3347650641,章鱼 哥 代表 痛苦 的 人
3347121928,成年人 的 悲哀
3347053878,我 想 问 一下 他 后半段 吹 的 那个 竖笛 的 bgm 是 什么
3346789295,音无结 弦 之 时悦动 天使 之心 立于 浮华 之世 奏响 天籁 之音
3346754177,这里 埋葬 着 章鱼 哥 的 梦想 小时候 听到 这句 话 笑 章鱼 哥 的 傻 现在 听 这句 话 我 却 怎么 也 笑 不 起来 了
3346489453,从小 就 最 喜欢 章鱼 哥 了
3346268035,明天 的 世界 一定 会 更 美好 的
3346179148,小时候 喜欢 海绵 宝宝 现在 章鱼 哥 啥时候 能 爆锤 海绵 宝宝 呢
3345864077,生而为 人 苏米 嘛 塞 嘤 嘤 嘤
3359289351,您 搁 这里 原地 tp 呢
3344841408,明天 会 更 美好 可 你 永远 身处 今天 啊
3344807795,刷烂 梗 的 好 多佛 了 晦气
3344758479,有些 人 就是 为了 杠而杠
3343170222,我 不 喜欢 海绵 宝宝 但 我 还 挺 喜欢 章鱼 哥 的 虽然 我 没 怎么 看过
3342399470,e 小调
3342307667,老网 抑云 了
3343676792,nmb 的 网 抑云
3343678092,什么 叫网 抑云 知道 一个 梗 就 乱 刷宁 就是 梗 梗 小鬼 吐 了
3343865901,你 俩 快 鳖 说话 了 听 你们 说 我 都 脑瓜子 疼 脑瓜子 嗡嗡 的 嗡嗡 的
3346173309,刷 什么 梗
3351740031,跟风 玩烂 梗 小鬼 爬
3359112745,无脑 刷 梗 有意思 吗
3433407520,这 不是 一个 五级 号 应该 说 的话
3433829509,无脑 刷 梗 小鬼 爬
3514469707,一 开口 就 知道 老烂 梗 小鬼 了
3342154369,章鱼 哥 不 知道 吗 他 羡慕 的 海绵 宝宝 最爱 的 人 就是 他 啊 我 从小 看 就 这么 觉得 了 派 大星 是 死党 兼蠢 儿子 章鱼 哥才 是 cp
3342653798,你 这 也 要 刷 cp 也 是 老 ky 了
3341547196,快乐 真的 无法 分享
3341410538,生不出 人 我 很 抱歉
3341330614,给 我 投个币 吧 爸爸 们
3341327726,玩 了 五年 了 我 才 三级
3346009696,4846 开头 的 id 你 告诉 我 五年
3354473867,真正 的 五年
3359303512,回复 : 4 亿数 的 五年 大佬
3359312296,回复 : 比 我 uid 数 还 低 的 5 年 大佬
3340574107,认清 这个 社会 并 学会 热爱 接受 它 这样 或许 还 能 发现 生活 的 美
3340484307,泡 芙 老师 也 挺 惨
3340483643,章鱼 哥 这个 卡通 角色 塑造 的 太 成功 了 无论 小时候 还是 现在 都 难以 忘记
3339947248,填词 差一点 不过 问题 不 大
3339535469,老网 抑云 了
3339456045,章鱼 哥是 整部 剧 里面 唯一 的 大人
3338235834,我们 累 了
3338079489,除了 你 这么 倒霉 还有 汤姆 猫
3337032354,跟 好多 人 都 说 过 这么 一句 话 心怀 感恩 所遇 皆 温柔 但是 现实 却是 温柔 总是 擦肩而过 那么 到底 哪里 错 了 谁错 了 或许 都 没错 只不过 并 不是 每 一个 人 都 会 心怀 感恩 大多 都 是 好 了 伤疤 忘 了 痛 喜欢 重蹈覆辙 而已 想通 了 就 释怀 想不通 吧 就 怨天尤人 见过 太多 的 生离死别 背信弃义 了 生活 不过如此 当然 其实 这段话 还有 下 一句 虽然 并 不是 每个 人 都 会 心怀 感恩 但 那 又 如何 为什么 要 怀疑 呢 只不过 是 所遇 非人 而已 地球 是 圆 的 你 所怀 之 感恩 总有 那么 一天 温柔 会 回到 你 自己 身上 来 只不过 大多数 人 都 没有 坚持 到 那一刻 你 的 善良 终于 是 不会 被 辜负 的
3336757397,点赞 了 投币 了 但 就是 不想 收藏 不 为什么
3336569285,章鱼 哥 配音 去世 了
3336028258,245 我 直接 哭 了
3335999714,年幼 的 我们 是 派 大星 成长 的 我们 是 海绵 宝宝 最终 我们 要么 成为 章鱼 哥 要么 成为 蟹 老板
3335725479,我 不会 像 他们 一样 碌碌无为 的 活着 而是 靠 自己 的 努力 成为 自己 所 仰望 的 人
3335468978,也许 今天 我 就是 那个 海绵 宝宝 只是 我 没 意识 到 但 我 未来 总会 是 章鱼 哥 .... 吗
3335358144,人人 都 想 活成 海绵 宝宝 那 份 天真 那 份 执着 是 我们 美好 的 向往 然而 现实 中 我们 每个 人 都 活成 了 章鱼 哥 只会 看到 周遭 对 我们 的 影响 抱怨 这 抱怨 那 总 认为 没有 人 能够 意识 到 自己 的 才华 最 可笑 的 是 当 我们 每次 想要 试图 去 改变 时 却 变成 了 派 大星 三分 热度 后该 怎样 就 怎样 懒惰 成为 了 左右 我们 的 天平
203228183952,4 派大星 是 装傻
3335134575,以前 看 海绵 宝宝 的 时候 我 总是 觉得 章鱼 哥太 刻薄 了 直到 我 渐渐 地 走上 社会 开始 工作 开始 面对 生活 中 的 一切 没有 父母 为 我 在 前面 遮风挡雨 开始 学会 独立 重新 看 一次 海绵 宝宝 我 突然 明白 章鱼 哥 不是 个 刻薄 的 人 而是 一个 在 这部 动画 最最 真实 的 人 在 一片 欢声笑语 中 章鱼 哥 的 苦瓜脸 显得 特别 突出 是 啊 不能 去 追逐 自己 的 梦想 找 不到 自己 的 快乐 每天 过 着 两点 一线 的 生活 身边 没有 陪伴 不是 不想 笑 是 根本 笑 不 起来 面对 这种 生活 怎么 可能 会 快乐 呢 总是 穿 上 一副 坚硬 的 铠甲 面对 着 身边 的 人 只能 拿出 不 情愿 的 微笑 面对 受到 委屈 不能 说 只能 一个 人 躲 到 一个 小 角落里 自我 安稳 大哭 一场 我们 的 人生 起起落落 落 就是 跌落 谷底 起 在 你 起来 没多久 又 落下去 了 到 最后 还是 一个 人 爬起来 轻轻 的 说 一句 这 没什么 从 哪里 跌倒 就 从 哪里 站 起来 然后 带上 面具 回到 拥挤 的 人群 中 做 自己 讨厌 的 人 章鱼 哥才 是 我们 真正 生活 中 最 平常 的 样子
3334594094,我 小学 看 海绵 宝宝 特别 讨厌 海绵 宝宝 和 派 大星 那个 时候 真的 是 特别 可怜 章鱼 哥 每次 感觉 章鱼 哥 被 烦到 不行 那种 快 哭 出来 的 崩溃 感都 能 溢出 屏幕 我 记得 特别 清楚 有 一集 章鱼 哥 被 烦得 实在 受不了 搬家 了 我 终于 松 了 口气 结果 海绵 宝宝 还 能 跟 过来 烦人 那会儿 我 真的 有种 和 章鱼 哥 一样 的 绝望 直接 搁 电视 前 哭 出来 了
3334333098,哈哈哈 哈哈
3334271629,有些 人 八岁 就 死 了 八十岁 才 埋
3333557115,已三连 up 辛苦 了
3333295149,章鱼 哥 吹 竖笛 的 那段 bgm 是 什么
3333282926,插眼 播放 千万 了 请 诸君 踹 我 一脚
3332991387,一个 人 最 悲凉 的 时候 是不是 当 周围 人 都 在 笑 的 时候 你 却 不 知道 有 什么 是 可 开心 的
3332711683,看 完 这个 视频 在 听 首网 抑云 就 可以 睡觉 了
3331220258,小时候 特别 讨厌 章鱼 哥 感觉 他 很 坏 所有人 就 他 不 一样 长大 后 才 发现 只有 他 最 像 人
3331077994,章鱼 哥 本片 里 唯一 一个 正常人 了 蟹 老板 珊迪痞 老板 也 多少 有点 不 正常 章鱼 哥 本性 其实 挺 善良 有 很多 高雅 的 爱好 生活 也 很 精致 就是 ........ 压抑 了 很 久 很 孤独 还 老 是 被 各种 外来 因素 打击 所以 性格 上 自私自利 现在 长大 了 看 章鱼 哥 的 碑文 真的 很 同情 了
3330607462,三连 已 给 支持 一波
3329853368,B 站 网易 云
3329179611,突然 想 学 剪辑 有人 合买 b 站 的 剪辑 课 吗
3334413416,先 把 b 站 可以 找到 免费 的 资源 看 完 再 买 吧
3328390814,明天 都 会 问 自己 很多 个 为什么
3327600220,为什么 现在 这么 流行 用 海绵 宝宝 等 老 动画片 做 这种 东西
3327486210,仿佛 看到 现在 和 以后 的 自己
3327293368,刚看 完派 大星 的 独白 就 给 我 推荐 了
3327220509,你 知道 为什么 我 这么 想 重复 看 这个 视频 吗 因为 章鱼 哥说 的 第一句 话 就是 我 想 的 已经 到 了 不想 和 身边 任何人 分享 的 程度 给 别人 带来 快乐 真的 会 让 我 很 快乐 但是 有 比 这 更 快乐 的 事 我 想 你 懂 的 不 懂 也 没有 关系 的
3327216384,我 想 逃离 却 逃 去 了 清洁 间 这句 泪目 了
3327088863,祝 大家 明天 会 更好
3326573114,抑郁 个 锤子 不要 有 梗 就 乱 用
3326308331,从小 我 就 和 别的 孩子 不同 别人 看 美少女 番剧 都 是 喜欢 主角 只有 我 喜欢 反派 觉得 征服 世界 很酷 怎么 有人 会 觉得 是 坏事 呢 老师 说 过 要 有 梦想 而 别人 看 海绵 宝宝 都 喜欢 海绵 宝宝 觉得 海绵 宝宝 很 搞笑 很 幽默 觉得 派大星 很 呆 很 可爱 也 只有 我 喜欢 章鱼 哥 因为 他 唱的歌 虽然 难听 但 他 也 坚持 着 还 很 自信 平时 也 不 和 其他人 玩常 幻想 一些 不切实际 的 东西 我 觉得 他 很 像 我 我 知道 我 为什么 没有 朋友 了
3326304138,老网 抑云 了
3326061330,你 今天 累坏 了 小章鱼 明天 一定 会 更 美好 更 美丽 的
3326016015,又 丧 又 真实
3325696746,以前 这种 视频 很少 的 最近 是 怎么 了
3325590064,世中 価 値
3325167174,天呐 这 才 一个月 今天 刚 放暑假 什么 网抑 云 什么 鬼 东西
3325103105,我 宁愿 去 外面 冷酷 的 世界 我 也 不 愿意 站 在 养 我 的 地方 一辈子
3325059833,网抑 云 集合 了
3337930434,网抑 云 是 什么 梗
3324987009,这个 动画 吧 大家 都 是 海洋生物 只有 章鱼 哥像 人
3324947788,见 封 进见 标题 进见 友进 青 走
3324547200,以前 觉得 章鱼 哥 给 笛子 的 坟墓 献花 很 好笑 现在 反而 呵呵
3323179693,都 是 老 仌 上 仧 了
3323166276,点 进来 的 UT 厨 一脸 懵
3322834948,正 因为 我们 大多数 都 是 章鱼 哥 所以 我们 才 会 更 喜欢 海绵 宝宝 这 就 和 追 着 自己 的 梦想 一样 我们 呵护 它 关爱 他 追逐 她 如果 你 依旧 不 懂 章鱼 哥 你 很 幸运 就 和 章鱼 哥 眼中 的 海绵 宝宝 一样 没有 讽刺 这是 真的 幸运 如果 你 懂 而且 是 章鱼 哥 至少 还有 个 成为 海绵 宝宝 的 梦想 至少 我 是 如此 如果 你 懂 而且 还 能 像 海绵 宝宝 一样 我 觉得 应该 让 你 教 教我如何 去过 自己 的 生活
3321536178,网抑 云化
3321181233,当初 小时候 看 海绵 宝宝 时 最 喜欢 的 角色 便是 两个 主角 海绵 宝宝 派大星 但 后面 接触 了 好几 集后 发现 章鱼 哥 这个 角色 尽然 是 比奇 堡里 最 正常 的 角色 他 不 像 其他 的 角色 犯傻 做 一些 愚蠢 可笑 的 事情 他 所 想 往 的 是 那种 悠闲 高雅 的 环境 可 总 被 邻居 打扰 或者 无法 实现 而且 天生 倒霉 我 就 慢慢 的 喜欢 上 这 角色 认为 这 角色 和 自己 挺 相似 的 在 这种 幼儿 动画 中 唯有 章鱼 哥 一个 成人 人物形象 我 觉得 作者 应该 也 是 有所为 才 想 做出 章鱼 哥 这个 人物 吧
3320715721,生而为 人 我 很 抱歉 不 对 我 诈尸 了
3320529050,老网 抑云 了
3320432936,BGM 啥 阿
3320981910,flower dance
3320406129,曾经 我 未 踏出 社会 前 我 像 当初 的 章鱼 哥 充满 梦想 天 真的 认为 只要 努力 就 有 未来 拼搏 一把 出 了 社会 处处 碰壁 我 依然 不 低头 继续 碰 直到 最后 为了 生存 不得不 低头 那 时候 也 发现 原来 自己 只是 个 负重 前行 的 普通人 自己 没有 向着 梦醒 前进 的 条件 该 放下 了 踏踏实实 的 为了 活着 而 活着 麻木 的 日复一日 的 工作 想着 存点 钱 或许 未来 能 抓 到 一丝 机会 然而 自己 始终 没有 条件 去 抓住
3320369373,生 为 章鱼 我 很 抱歉
3322824634,学 了 个 词 到处 乱用
3319999871,flower dance
3318931971,刷生 吃 个人 我 很 抱歉 网抑 云 等 跟风 xxs 先 没个 家人 嗷
3325497314,暴躁 我 喜欢
5076684129,河南 拔 智齿
3318410371,一键三连 是 对 作者 和 章鱼 哥 的 安慰
3317163626,意义 不明
3316916012,b 站 特色 : 只要 有 梗 我 就 乱 刷 反正 好玩
150336860128,来 考古 了 现在 已经 是 互联网 特色 了
165142770656,还 b 站 特色 说 的 好像 别 地方 没有 一样
258984001536,预言家 是 吧
3316675995,我 不想 生活 我 想 谋生
3316636531,这种 也 叫 鬼畜 呵呵
3330558917,不然 呢 有 调音 有 剪辑 有 深度
3344799451,宁可 真牛
3316058234,章鱼 哥 一个 人 的 真实 这 其实 很 不 公平
3315948683,求 BGM 听 着 好 熟 啊
3315439371,整挺 好
3314832819,泣不成声
3314151664,小时候 以为 自己 是 海绵 宝宝 长大 后 发现自己 其实 是 章鱼 哥 其实 我们 内心 都 是 一个 傻傻的 派大星
3313676842,从今以后 我来 爱 你 章鱼 哥
3313597204,大多 平凡人 都 成 了 章鱼 哥
3313503370,生而为 鱼 我 很 抱歉
3313012972,我 挺 骄傲 的 小时候 就 没有 讨厌 章鱼 哥
3312892033,为什么 我 感觉 这个 视频 我 很 久 之前 看过
3312227282,如果 万事开头难 希望 结局 是 大圆满
3311754994,那些 人 不配 看 有 深度 的 名著 不配 听 有 灵魂 的 纯音乐
3311753271,一堆 无脑 人 只要 悲伤 就是 网抑 云 估计 都 是 一些 没有 独立思考 能力 的 罢了
3311138186,那个 章鱼 哥 残废 了 的 是 哪集
3310548161,你 今天 一定 累坏 了 吧 小章鱼 一定 要 相信 明天 一定 会 更 美好 更 美丽 的 你 是 我 心中 永远 的 大 艺术家
3310385987,看 哭 我 了 为什么 只能 投 两个 币
3310310169,bgm 不怎么样
3310293385,明天 一定 会 更 美好 更 美丽 的
3310120161,泪目
3309964225,悲伤
3309531022,泪目
3308946841,我 最 喜欢 章鱼 哥 了 外表 冷漠 却 温柔 表面 上 讨厌 海绵 宝宝 却 总为 海绵 仗义 出头 一个 坚持 理想 又 单纯 又 丧 的 可爱 的 章鱼
3308446885,小时候 不 懂 章鱼 哥 为什么 这么 悲伤 长大 后 不 懂 海绵 宝宝 为什么 这么 快乐
3308390021,会 和 派 大星 的 独白 一样 火 的
3308313479,不 明白 大家 都 在 笑 什么 原来 成年人
3308184058,以前 看 的 时候 不 明白 为什么 章鱼 哥 竖笛 吹得 那么 难听 可 他 还要 坚持 现在 知道 可能 是因为 遇上 一件 热爱 的 东西 挺难 的
3307884230,海绵 宝宝
3307147790,我 永远 也 不会 让 我 的 灵魂 站 在 这 油污 的 地板 上
3306991426,小时候 想不通 章鱼 哥 为什么 板着脸 长大 后 不 明白 海绵 宝宝 为什么 一直 笑
3306954572,好家伙 差点 以为 进 了 网 抑云
3306642696,是 我 吗 或许 是 的 谢谢 你
3306103220,明天 会 更好 的 以后 也 是
3306061036,生不出 鱼 我 很 抱歉
3306504679,因为 你 和 鱼 不是 一个 品种
3308089614,悲 就是 悲 这 叫 抑郁
3305443746,一般 人 是 没 钱 去 买 墓地 埋 这些 的
3305242890,小时候 不 明白 章鱼 哥 为什么 总是 那么 没 精神 长大 了 又 不 明白 海绵 宝宝 为什么 每天 都 能 那么 快乐
3305234205,人人 都 笑 章鱼 哥 人人 都 是 章鱼 哥
3305217812,老网 抑云 了
3305172130,好 厉害 啊 前面 部分 非常 有 感觉 就是 后面 有 个别 地方 拍子 卡 的 不太准
3305054675,章鱼 哥有 四条 腿 所以 我们 尊称 他 为 章 四 人人 都 笑 章 四 人人 都 是 章 四
3304504872,我 想 知道 那个 哔哩 哔哩 壁纸 软件 是 什么
3304520212,有人 知道 嘛
3304435363,flower dance
3304383876,章鱼 哥是 海绵 宝宝 里面 最 接近 现实 的 人物
3303559849,明天 一定 会 更 美好 更 美丽 的
3303559228,生不出 人 我 很 抱歉
3303441591,小时候 疑惑 章鱼 哥 为什么 总是 哭 长大 后 疑惑 海绵 宝宝 为什么 总是 笑
3303403193,论 BGM 的 重要性 原来 我们 看时 都 笑 的 像 个 hape 一样
3302899118,章鱼 哥 在 和 海绵 宝宝 道 别的 时候 有些 不舍
3302806491,累否
3302325100,有网 抑云 那味 了
3301937853,只有 走入 社会 才 会 知道 章鱼 哥有 多 真实
3301348479,小时候 看 海绵 宝宝 时 就是 感觉 到 快乐 海绵 宝宝 也 没有 长大 没有 看透 世界 的 运作 热爱 自己 的 生活 和 工作 就 像 那个 年龄 的 自己 有着 对 未来 的 向往 和 纯真 长大 后 才 意识 到 那个 整天 颓废 消极 不讨喜 的 章鱼 哥才 是 自己 的 真实写照 讨厌 社畜 生活 整天 过得 枯燥 很久 才 放 一次 假 享受 一下 悠哉 自在 的 生活 只有 假期 那天 自己 才 会 露出 真实 的 笑容 很多 成年人 应该 都 如此 整体 扳个 脸 努力 工作 忍受 煎熬 大家 都 是 生活 中 的 失败者 如果 向往 美好生活 从 现在 开始 就 应该 去 努力 看到 这 条 不起眼 评论 的 无聊 年轻 人士 赶紧 去 学习
3300968325,这个 作品 从 年初 做到 现在 可以 说 是 我 做 的 时间 最长 的 一个 作品 了 中间 断断续续 因为 我 的 能力 有限 多次 打算 放弃 这个 视频 的 制作 但是 我 最后 还是 磨 了 出来 从 歌词 到 混音 我 推翻 重做 了 十几次 因为 章鱼 哥 的 台词 不 多 而且 很多 台词 因为 语气 声调 的 不同 而 不能 使用 歌词 便 写 了 又 改改 了 又 写 自己 也 想 过 自己 做 这个 视频 花 了 这么 长时间 播放 量 如果 还是 非常 惨淡 那该 怎么办 可是 我 还是 选择 做 这个 视频 因为 这个 视频 对 我 来说 有着 不同 的 意义 里面 的 歌词 或多或少 都 有着 自己 的 想法
3302392349,复制 简介 爪巴
3300944285,为什么 不 做 自己 的 英雄
3300933046,章鱼 哥 并 不 孤独 他 有 爱 他 的 海绵 宝宝
3300678913,播放 量 惨淡 ? ? ? 一月 三百万 ? ? ? up 你 确定 吗 ?
3300459395,海绵 宝宝 你 不 知道 你 有 多 幸运
3300070796,还有 我
3299235479,求 背景音乐
3299226011,铁板 鱿鱼
3299152698,支持 大佬
3299135354,看 完 这个 和 派 大星 的 那个 最大 的 感触 就是 人类 的 悲欢 并 不 相通 难过 的 点 只有 自己 知道 在 别人 眼里 可能 你 还 不错
3299129292,蕾 姆
3298935396,网抑 云 是 啥 梗 怎么 老说
3298664857,小时候 不 明白 章鱼 哥 的 愁眉苦脸 长大 后 羡慕 海绵 宝宝 的 无忧无虑 是因为 章鱼 哥 如同 长大 后 承受 生活 压力 与 挫折 的 我们 而 海绵 宝宝 如同 年 幼时 不 知道 世事 坎坷 艰难 的 我们 还是 我们 像 章鱼 哥 那样 无法 得到 自己 想要 的 生活 而 没能 像 海绵 宝宝 那样 成功 得到 自己 想要 的 生活
3298630172,生而为 我 很 抱歉
3591182851,爬 恶心
3298277996,emmm
3297848747,辛苦 了
3297704992,派大星 的 独白 同款 配乐 是 花之舞 吗
3297540755,当 你 看清 了 世界 社会 人生 就 再也 回不去 了 世界 改变 了 你 改变 了 我 改变 了 更 多 也许 最后 回头一看 自己 的 人 生活 的 平平淡淡 因为 快 了 早就 一去不返 了 你 展示 给 别人 的 自己 究竟 是 面具 还是 真实 或许 你 自己 也 忘 了 人間 価 値 生人 申 訳
3297099621,再来一个 海绵 宝宝 的 自白 就 凑齐 了
3298778030,海绵 宝宝 的 独白 不是 一般 的 up 主 可以 做成 的 是 个 大 工程
3296736902,小时候 不 懂 长大 了 就 懂 了 正好 刷到 这个 视频 更是 泪奔 艹
3296626492,我 小时候 最 喜欢 章鱼 哥 了
3296215716,至少 章鱼 哥 还有 一 套房
3295896083,想到 以前 看 的 一个 视频 好像 叫 章鱼 哥 自杀 当时 看 的 好 抑郁
3295882542,童话 中 的 现实主义者
3295700064,B 站 收藏 的 第一个 视频
3295663165,你 如果 真的 信奉 恶有恶报 那 就 错 了 我 看见 好多 恶人 不仅 没有 报应 还爽 得 一匹
3295530074,没有 人 想要 我 的 画 我 把 他们 吃掉 了
3295127516,开心 点 吧 朋友
3295124258,抱抱 章鱼 哥
3295031468,老章
3295002205,你 必 火
3294993914,我 就 想 问一问 上传 网易 音乐 了 没 孩子 想 循环 播放
3294962868,反手 就是 一个 赞
3294870359,白 嫖 失败
3294339883,最 讨厌 一直 跟 你 讲道理 的 人
3294239989,我 比 它 少 一条 腿
3293545394,头一回 看 海绵 宝宝 这么 感动 热血 澎湃
3293516455,爱 章鱼 哥
3293218053,煽情 和 大笑 顶个 屁 呀 你 应该 坚强 的 活着
3293116453,看 了 的 不 点赞 白活 了
3293038413,人人 皆 是 章鱼 哥
3293006466,up 主 辛苦 了
3292310684,被 打动 了 给 你 一个 来自 成年人 的 三 连
3292202158,看 完 这么 多季 的 海绵 宝宝 深深 觉得 章鱼 哥才 是 比基尼 海滩 最 正常 的 那个
3292127079,这种 视频 跟 网 抑云 的 本质 差不多 吧 个人 看法 不喜 勿 喷
3292088284,海绵 宝宝 你 知道 海星 怎么 进食 吗
3299159560,你 知道 你 如何 上 厕所 的 吗 不要 刷同 人 梗 好 不
3292023088,比 快乐 更 快乐 的 事 不 把 伤害 带给 别人
3291878762,up 主 这些 语音 都 是从 动漫 里 剪辑 出来 的 单字 拼 的 吗 还是 有 语音 包
3291369621,我 就是 带 预言家 预测 会火
3291373757,预测 会火
3291360812,到 点 了 上 号
3591183129,爬 恶心
3291346492,我 是 真的 喜欢 章鱼 哥 从 小时候 开始 就 喜欢 不 知道 为什么 就是 莫名 的 喜欢 并且 我 不 喜欢 派大星
3291138046,普通人 一个 普通 的 成年人
3291023155,是 动画 作者 刻意 描绘出 这样 一个 角色 还是 因为 我们 大 了 懂得 多 了 所以 才 有 了 这种 共存 感
3290930207,网抑 云
3433411259,梗 小鬼 宁来
3433835732,玩烂 梗 的 fw
3290587785,人人 都 笑 章鱼 哥 人人 都 是 章鱼 哥
3290381060,加油 ~
3290329614,评论 区 直接 网抑 云
3290337359,这里 埋葬 的 是 章鱼 哥 的 梦想
3290243635,所有人 都 在 笑 除了 他
3289958761,丧归丧 毕竟 现实 与 梦想 之间 会 总有 差距 认清 现实 后 定下 一个 切实可行 的 目标 像 海绵 宝宝 一样 接着 前进 说不定 咸鱼 就 能 翻身 了 呢
3289890551,章鱼 哥 吹 的 是 什么 曲子
3289579954,想 知道 中间 的 歌 是 up 自己 编 的 吗
3289537314,为什么 总说 老 网易 云 了 跟风 吗
3289511142,这里 埋葬 的 是 我 的 梦想
3289483543,相信 明天 一定 会 更 美好
3289462108,我 大概 第一次 看 也许 是 五岁 吧 我 就 觉得 章鱼 哥 好惨 也 不 知道 到底 惨在 哪 现在 想 了 想 可能 就是 没有 主角 光环 吧
3289230737,从小 都 不 知道 为什么 身边 的 人 都 喜欢 海绵 宝宝 却 讨厌 章鱼 哥 明明 海绵 宝宝 造成 了 很多 烦恼 为什么 连 大人 都 喜欢 过去 了 的 数 年间 我 渐渐 明白 了 大人 喜欢 是因为 向往 不愿 承认 自己 活 的 和 章鱼 哥 一样 而 小孩子 喜欢 则 是因为 目前 情况 下 海绵 宝宝 和 自己 很 像 和 同类 一样 很 快乐 个人见解
3288579108,靠 看 了 最近 的 章鱼 哥 和 海绵 宝宝 doi 尼玛 无法 直视 章鱼 哥 了
3288503789,能 告诉 我 这个 歌叫 什么 名字 吗
3289484486,DJ Okawari - Flower Dance
3288492612,很 感人 的 一句 话 : 08 年 我 18 她 也 1809 年 我 19 她 还 在 18
3298247045,老网 抑云 了
3300469022,回复 : 中国 有 9500 万 抑郁症 患者 网抑 云 是 讽刺 小 部分 装 抑郁 的 人 而 不是 群嘲 我 就是 分享 一句 我 喜欢 的话 怎么 就 网 抑云 了
3300534215,回复 : 我 只是 觉得 这种 话 有些 无病呻吟 罢了
3313638563,回复 : 这 呻吟 了 什么 了 啊 你 告诉 我 是不是 只要 悲伤 的话 就是 无病呻吟
3314021110,回复 : 杠 就 硬杠 个人 看法 懂 ?
3287964339,小时候 觉得 章鱼 哥 不好玩 不好 笑 老 讨厌 了 终究 还是 活成 了 自己 讨厌 的 样子
3291192609,只是 变得 成熟 了
3287941944,我们 大多数 都 是 一个个 章鱼 哥
3287604335,网抑 云网 抑云网 抑云网 抑云网 抑云网 抑云网 抑云
3313639568,玩烂 梗 玩烂 梗 玩烂 梗 玩烂 梗 玩烂 梗 玩烂 梗 玩烂 梗
3433835572,玩烂 梗 的 fw
3433842187,回复 : 网抑 云网 抑云网 抑云
3433886552,回复 : 玩烂 梗 的 fw
3514475914,老烂 梗 小鬼 了 智商 低 看不懂 就 滚 远点 硬要 秀 智商 属实 笑死 我 了
3287586894,b 站 财富 密码
3293835776,财富 密码 什么 是 财富 密码 刚 看到 一个 新词 就 来 用
3297855123,回复 : 我 很 好奇 你 是 如何 闲 的 从 几千条 弹幕 中 找到 这 条 弹幕 然后 来杠 我 的
3297849236,回复 : 杠精 传人 吗 那 你 给 我 解释 解释 什么 是 财富 密码 仔细 一点
3298501173,回复 : 杠 无脑 用词 你 一直 可以 的 财富 密码 指 通过 某种 欺骗 行为 博取 他人 同情心 或者 钱财 请问 你 怎么 看 出来 的 呢 解释 解释 我 还 杠 你 这 叫 什么 嘴长 在 屁股 上
3298506242,回复 : b 站 没 玩 明白 还 出来 丢人现眼 原来 评论 区 是 弹幕 啊
3298570257,回复 : 另外 就算 我 不 懂 什么 弹幕 评论 区 也 不能不 说明 你 是 杠精 懂 转移 话题 有意思
3298611385,回复 : 我 现在 有 一个 答案 和 一个 想要 的 事实 事实 是 你 是 个 杠精 想要 的 答案 是 财富 密码 的 解释 可是 你 一个 都 不 给 如果 接下来 你 还是 说明 与此无关 的 东西 那么 以后 你 出门时 记得 带 脑子 说话 也 记得 过遍 脑子 而 不是 成天 在 评论 区 找 存在 感 阴阳怪气 真 以为 你 的 意见 那么 重要 真 以为 你 杠人 有意思
3298688058,回复 : 呵呵 你 这种 人 我 见得多了
3298694833,回复 : 阴阳怪气 你 一直 可以 的 无脑 找 存在 你 一直 可以 的
3298707701,回复 : 再说 我用 不用 这次 碍 你 事 了 找 存在 感非 要 杠
3298717179,回复 : 和 你 名字 可真 搭 喜欢 爬且 贱
3298726179,你 这 b 站 的 蛆虫 成天 在 这 恶心 人 有意思 吗
3298723875,回复 : 给爷 爬 吧 你 这 蛆虫
3298724840,回复 : 真 把 自己 当回事 了 地球 没 你 不 转 了 找 什么 存在 感
3385006392,回复 : 自 己 形 容 自 己
3433399937,真 就 众人皆醉 我 独醒 狗头 不是 免死 金牌
3433824949,你 这种 ex 的 fw 赶紧 爬
3514480784,u1s1 没什么 比 听 没脑子 的 人 讲 逻辑 更让人 尴尬 的 了 我 的 妈 这 逻辑 水平 怕 是 小学 都 没 哦
3969931464,你 不是 来 找 存在 感
3969933156,回复 : 赶紧 爬 吧 记住 别脏 了 地板
3969937630,回复 : 你 这 蛀虫
3969938693,回复 : 你 来 这 视频 发 毫不相关 的 评论 来说 别人 杠宁 要点 脸 吗
3969939166,回复 : 别人 没说 过 的 自己 发出 来 了
3287449280,孩子 半夜 盯 着 手机 落下 眼泪 那 怎么办 多半 是 网抑 云 了 打 两 巴掌 就 可以 了
3286813602,动画片 并不一定 幼稚 但是 一定 没有 成人 世界 的 勾心斗角
3286710752,小时候 不 明白 章鱼 哥 为啥 总是 不 高兴 长大 了 不 明白 海绵 宝宝 为啥 总是 那么 高兴
3286566534,小 的 时候 以为 自己 是 主角 海绵 宝宝 长大 了 才 发现 我 是 章鱼 哥
3286508977,加油 奥利 给
3286318859,小时候 不 明白 章鱼 哥 为什么 整天 不 开心 长大 了 不 明白 海绵 宝宝 为什么 总是 这么 开心
3286315777,最 清醒 的 人 往往 最 痛苦
3285870051,小时候 一直 没看 懂 章鱼 哥 甚至 有点 讨厌 他 现在 才 差不多 理解 这个 角色 的 人设 了
3285793908,很多 人 二十岁 己经 死 了 八十多 的 时候 才 埋 进土里
3285726716,章鱼 哥 的 配音员 李易 老师 去世 了
3285722467,看 哭 了 白 嫖 失败
3285626783,明天 会 更好 吧
3285479584,一直 觉得 海绵 宝宝 猫和老鼠 这 俩 动漫 前期 我们 看 的 部分 是 真的 现实 啊
3285442159,代替 梦想 的 也 只能 是 勉为其难
3285313061,海绵 宝宝 你 知道 海星 是 怎样 进食 的 吗
3285297577,emm
3285215318,别乱 刷 梗 好 吗 这 视频 跟 抑郁 有 什么 关系
3284739477,你们 也许 知道 海绵 宝宝 和 派 大星 有 可以 原谅 他们 的 家人 可是 你 不 知道 和 章鱼 哥 有关 的 人 都 在 刁难 章鱼 哥
3284626310,明 天 会 更 好
3284603913,夜曲
3284481059,对不起 各位 网抑 云
3284409649,你 是 个 艺术家 章鱼 哥
3284398825,兄弟 们 要 不要 我 的 收藏 歌单 全是 纯音乐 并且 只有 几个 不算 特别 好 有些 激情
3284284485,我 曾经 也 有 过 梦想 但 却 被 现实 与 权利 被 摧毁
3284238478,活 了 十九 载 就 发现 了 人生 有 两大苦 一 自己 的 能力 配不上 自己 的 野心 二 不断 接受 自己 是 个 不过 是 个 普普通通 的 平凡人 树立 起来 的 梦想 轻易 地被 打破 我 努力 过 我 奋斗 过 但 在 现实 面前 却 仿佛 那么 的 荒唐 可笑
3284090678,你 是 谁 呢 我 在
3283810302,知道 为什么 海绵 宝宝 没有 第二部 吗
3283914916,不是 都 出到 十几部 了
3283749708,很 厉害
3283698788,首页 通知书 来 啦
3283439086,章鱼 哥 我们 一起 当派 大星 吧
3283300055,章鱼 哥是 个 天才
3283257007,明天 更 美好
3282924835,前面 章鱼 哥说 的 两个 字 没错 去 死
3282325885,章鱼 哥比派 大星 好 亿倍
3291539310,不 一定
3282225670,明天 一定 会 更 美好 的 或者 选择 今天 就 快乐
3282189644,这个 作品 从 年初 做到 现在 可以 说 是 我 做 的 时间 最长 的 一个 作品 了 中间 断断续续 因为 我 的 能力 有限 多次 打算 放弃 这个 视频 的 制作 但是 我 最后 还是 磨 了 出来 从 歌词 到 混音 我 推翻 重做 了 十几次 因为 章鱼 哥 的 台词 不 多 而且 很多 台词 因为 语气 声调 的 不同 而 不能 使用 歌词 便 写 了 又 改改 了 又 写 自己 也 想 过 自己 做 这个 视频 花 了 这么 长时间 播放 量 如果 还是 非常 惨淡 那该 怎么办 可是 我 还是 选择 做 这个 视频 因为 这个 视频 对 我 来说 有着 不同 的 意义 里面 的 歌词 或多或少 都 有着 自己 的 想法
3282144534,明天 一定 会 更 美丽 的
3282123576,今天 不 开心 没关系 反正 明天 也 不好过
3281713981,章鱼 哥 其实 就是 个 充满 讽刺 的 角色 . 看 了 那么 多集 海绵 宝宝 感觉 章鱼 哥像 极了 充满 公利 虚荣心 的 社会 大人 只不过 是 带 着 悲剧 色彩 的 做 什么 都 不 成功
3282157460,因为 他 最 真实
3281595415,直到 过 了 几年 遇到 了 一个 紫薯 就 一起 走 了
3281421483,还 没到 凌晨 暂 不 评论
3281313836,BGM : Flower Dance
3281156962,去 衡水 3 次 家长 都 说 再 让 我 考 一次 嘴上 说 着 不烦 我 实际上 每次 考完 都 要说 我 一顿 有时候 真 希望 自己 是 个 傻子 宁愿 被 家人 抛弃
3281080216,做 的 真的 超好 的 up 加油 ( _ )
3281017391,泪目
3280999615,有点 鸡汤
3280614086,海绵 宝宝 是 宝宝
3280620266,梦想 总是 被 现实 打败
3280612104,哈哈
3280465817,对不起 哔抑 哔 抑有 被 笑 到
3280341040,请 看看 简介 以及 这里 不 适合 玩网 抑云 梗
197706043632,也 不全是 玩 梗 的 只是 陷入 了 那种 情绪 出不来 而已
209791147280,这 不是 玩 梗 你 扪心自问 一下 世界 上 真正 实现 自己 梦想 的 人 能 有 多少 大多数 都 把 自己 梦想 埋葬 了 屈服于 现实
209847497488,回复 : 呃 你 需要 了解 一下 网抑 云 梗 是 啥 当年 很火 导致 网上 有点 表达 消极情绪 的 都 会 被 一群 梗 小鬼 吐槽 网 抑云 我 不 知道 你 说 的 这些 东西 在 反驳 我 什么 奇奇怪怪 的
270999016928,回复 : 他们 理解 反 了 你 说 的 应该 是 给 别人 扣网 抑云 帽子 的 吧
3280112962,12 点 了 网 抑云 走 起
3279999470,说真的 我 现在 19 岁 回头 望去 全是 失败 痛苦 伤痕 和 快 被 折磨 待 尽 的 不甘 言语 无法说明 我 只能 带上 另 一个 人格 面具 来 包装 自己
3279693052,为啥 没 把 蟹 老板 那句 这里 埋着 章鱼 哥 的 梦想 加进去
3279678896,小时候 不 懂 现在 什么 懂 了
3279452185,长大 之后 我们 哭 得 更 少 但 哭 得 也 更 悲伤
3279361477,不 章鱼 哥 你 有 海绵 宝宝 爱
3278832982,他 算是 这个 动画 唯一 一个 正常人 但 正常 在 这个 动画 没有 用
3278596582,未来 我 还 没 准备 好
3278299998,人人 都 笑 章鱼 哥 人人 都 是 章鱼 哥
3277630405,评论 区里 某些 网抑 云 的 玩 梗 适度 谢谢
3305225035,只是 反噬 罢了
3277484558,建议 上网 抑云
3275909855,人生 轨迹 不 一定 会 按 你 喜欢 的 方式 运行
3275146808,这歌 太 真实 了 这 不 就是 我 吗
3274854324,我 感觉 他 不是 个 失败者 他 只是 无数 正常人 的 缩影 罢了
3274731115,为什么 这里 还有 刷网 抑云 的 梗 不 看 视频 就 地图 炮 视频 也 分类 的 呀 悲伤 的 视频 自然 有 负面 情绪 你们 这些 疯狂 刷网 抑云 的 可 真的 太 6 了
3276445350,乱刷 梗 的 人 现在 太多 了 多少 小圈子 因为 玩 梗 小鬼 被 污染 只有 人家 抽象 圈 发扬光大 虽然 刷 抽象 梗 的 可能 连 李老八是 谁 都 不 知道
3278730295,回复 : 之前 有 一件 事 网友 无脑 玩 梗 不是 还 被 点名 批评 了 吗 被 官方
3278876075,回复 : 不 清楚 诶
3274686951,以前 最 不 喜欢 章鱼 哥 长大 才 发现 他 就是 我们 自己
3274681085,泪目
3274485040,好多 低龄 的 孩子 我 走 了
3274379152,你们 这帮 刷网 抑云 的 小鬼 就 会 跟风 现在 好多 稍微 忧伤 感动 点 的 音乐作品 作者 在 上面 都 得 加个 网 抑云怕 你们 乱 喷 随着 你们
3274201729,多 希望 自己 不 看清 这个 世界
3274062810,生而为 人爷 爽 的 一批
3273962086,是 啊 生活 就是 这样
3273691603,老抑 站 了
3273636714,这 也许 就是 慢工 出 细活 吧
3273012033,有人 说 海绵 宝宝 诠释 了 七宗罪 的 奥义
3272944421,小时候 总是 在 想 章鱼 哥 为什么 总是 在 生气 长大 了 却 想不通 派大星 为什么 总是 那么 开心
3364520483,派大星 只是 为了 合群 故意 让 自己 疯疯 傻傻 可惜 最后 与 海绵 宝宝 走得 越来越 远
3271786112,网抑 云
3271354130,老网 抑云 了
3270672558,以前 看着 章鱼 哥 倒霉 笑 的 在 床上 打滚 直到 有 一天 章鱼 哥 倒霉 的 模样 不再 给 我 快乐 反而 是 一种 无奈 大概 这 就是 心智 成长 了 吧
3270408357,一个个 评论 的 都 没 看过 海绵 宝宝 吧 有 一集 章鱼 哥 离开 海绵 宝宝 到 一群 章鱼 里 过 上 了 自己 最 想要 的 生活 两天 就 觉得 这样 的 生活 索然无味 然后 开始 玩 海绵 宝宝 留下 的 吸尘器 之后 就 回到 老 地方 了
3270337448,没事 的 每个 人 大概 都 会 经历 一些 情绪 崩溃 或者 极端 的 时刻 会 好 的 会 熬过来 的
3270271038,老网 抑云 了
3270078548,有 被 致郁 到
3269906688,小时候 觉得 章鱼 哥 真的 很 格格不入 为什么 他 总是 丧着 个 脸 总是 很毁 气氛 长大 了 再 看看 发现 我们 很多 人 其实 但是 章鱼 哥像 海绵 宝宝 这样 的 人 是 很少 的
3269657382,安静 一下 啦 小章鱼
3269279726,现在 回想 章鱼 哥 好像 就 没 成功 过
3268106469,白 嫖 失败
3267977123,生而为 人 我 很 抱歉
3267160975,2 级 号 是 一种 可爱 的 猫科 生物 它会 蹭 蹭 所有 路过 点赞 的 人 发出 软乎乎 的 喵 喵 声 乖巧 的 等 着 被 rua ( = = ) 咳咳 我 叫 一声 哼哼 哼 喵 啊啊啊 啊啊啊 啊啊啊 啊 啊啊啊 啊啊啊 啊啊啊 啊啊啊
3269973830,你 怎么 这么 臭
3266874150,作者 都 不 知道 海绵 宝宝 还 能 被 你们 看出 这种 意思 吧
3267281224,海绵 宝宝 在 美国 本来 就 没 被 定为 儿童 动画 好 吧 你 有 真正 了解 过 它 吗 假粉
3269088781,回复 : 不好意思 我 在 10 多岁 的 时候 还 真 就 没 看 出来 这个 意思
3269096168,回复 : 可能 我 的 知识 文化 水平 不像宁 10 岁 就 通过 海绵 宝宝 看出 了 人生哲理
3269100995,回复 : 当然 也 可能 是因为 我 身边 的 孩子 没 你 那 成熟 我 身边 的 朋友 从来 都 是 当做 动画 看 的
3269555967,我 觉得 你 顶多 也 就是 10 岁
3270898088,回复 : 我 9 岁
3270919602,回复 : 打扰 了
3270959686,回复 : 没事
3273828938,回复 : 海绵 宝宝 真的 蕴含着 很多 哲理 的 他 不单单是 一个 搞笑 动漫 里面 还有 对 生活 人性 等等 东西 的 一个 讽刺 批判 体现 思考 其实 很多 的 美国 动漫 都 具有 这样 的 讽刺 意味 的 比如 猫和老鼠 就是 这样 的 如果 你 十岁 的 时候 没 看 出来 那么 现在 长大 了 再 看 一次 可能 就 会 有 一些 新 的 体会 还有 就是 说话 能 不能 别用 这么 一个 令人 emmmm 讨厌 的 这种 阴阳怪气 的 语气 啊 我 叫 你 宁宁 听 着 好受 吗 宁 说话 就 不能 考虑一下 别人 的 感受 吗 你 看 有没有 觉得 很 讨厌 想 揍 我 拉 黑 我 的 这 样子 顺便 说 一下 你 要是 觉得 我 说 的 有 啥 不 对 你 可以 指出 来 我 觉得 我们 还有 理论 的 空间
3273834238,另外 作者 也 可能 真的 想 让 大家 看 出来 呢 说话 不要 这么 决断 啊
3274462920,回复 : 败下阵来
3274714969,回复 :
3266035958,好 真实
3266019856,看到 自己 了 吗
3265856763,这个 人物 加上 这个 配音 真的 太有 灵魂 太 有趣 了
3265544968,著名 优质 国际 漫
3265389243,三连 谢谢 你 的 作品 再见 比基尼 海滩
3264928049,封面 经典
3264750298,章鱼 哥 并 不是 不 喜欢 海绵 宝宝 只是 因为 他 羡慕 海绵 宝宝 章鱼 哥 的 情绪 是 我 欺负 他 但 你 欺负 他 就 不行
3264676975,bgm 是 啥 呀
3264606603,一群 网抑 云 既然 觉着 自己 生活 看不到 阳光 为什么 不去 重启 呢 一天到晚 的 就 知道 泪目
3267870774,宁 这 就 开始 道德 捆绑 加 网络 暴力 了 能 不能 让 我 看点 新花样 这种 评论 都 看腻 了
3278846770,被 社会 毒打 几年 就 知道 生活 啥样 了 沙口
3285230015,这个 视频 你 有没有 看 懂
3264434368,不 就是 自己 不 努力 吗
3264959348,看过 海绵 宝宝 吗 章鱼 哥 可是 每天 都 会练 竖笛 的 但 就是 吹 不好
3285228413,努力 的 就 有用吗 努力 了 就 一定 会 成功 吗 人生 是 需要 努力 但 不是 每个 努力 的 人生 都 会 成功
3264360889,我 真的 唉
3264030280,乐器 那段 真的 绝了
3263881723,嗨 呀 我 又 哭 了 我 又 抑郁 了 呜呜 呜
3263602338,"这 视频 太 tm 好 哭 了 , 我 从 13 号 看到 现在 还 在 流泪"
3263486311,到 点 了
3263304828,B 抑 B 抑
3263019270,到 点 了 泪目
3262978765,我 从小到大 都 最 喜欢 章鱼 哥 了
3262946860,小时候 看笑话 长大 后 看 人生
3262896681,预言 以后 会 有 海绵 宝宝 的 独白
3262754843,很棒 很棒 很棒
3262723703,如果 我 没 记错 海绵 宝宝 是 成人 动漫 有 很多 现实意义 的
3262333766,这 跟 网易 云有 毛 关系 刷烂 梗 给 爪 巴
3262241569,老网 抑云 了
3285232860,这 跟 网 抑云有 什么 关系 你 这 视频 看 完 了 吗
3262019752,背景音乐 花之舞
3261930824,装 抑郁 是 烂 梗 不行 网抑 云 ky 行 我们 nt 真的 是 太 伟大 了
3264298730,老双标 呗
192194746256,青年人 成才 的 关键 是 自身 能力 还是 外部 机遇
3261886168,章鱼 哥好 可怜 整个 比奇 堡 就 他 一个 正常人
3259991586,刚看 完 黑网 抑云 的 就 给 爷 推 这个 plpl 滴 算法 也 想 引战 吗
3259850768,这里 也 有 网易 云 我 也 是 服 了
3259438161,网抑 云 人间 失格 语录 不行 哔哩 哔哩 海绵 宝宝 台词 行 我们 小破 站 真是太 厉害 辣
3264964958,老双标 了
3259349025,这 跟 网 抑云有 个 半 毛钱 关系 刷烂 梗 的 赶紧 爬
3258941055,生而为 人 我 并 不 难过
3591179045,爬 恶心
3258798346,生不出 人 我 很 抱歉
3258588818,我 觉得 这个 跟 网 抑云有 挺 大 区别 的 尤其 是 那句 大人 的 世界 比 我 想象 的 难 如果 我 也 是 个 中学生 我 一定 要 笑 你们 无病呻吟 矫揉造作 可惜 我 不是 了 成年人 的 世界 真的 比 我 想象 的 难
3258601638,我 不是 抑郁症 别 瞎 扣帽子 啊 人间 确实 挺 好 的 不管 开 不 开心 我 下次 还来
3258584492,我 也 只 想 说 那些 所谓 抑郁 的 人 只是 憨批 罢了 别 恶心 除非 你 真 检查 过
3259157328,B 站 以前 也 是 人均 搞 比利
3258532996,无论 在 什么 童话 里 你 总是 可以 看到 现实 何必 把 他 真的 当做 现实 原本 只 想要 把 快乐 带给 大家 不必 把 现实 也 带给 大家
3258528504,现实 一切 就是 为了 生活 而已 至少 我 不会 把 梦想 放在 无趣 的 现实 里 让 它 失去 意义
3258471485,还 没到 点
3257640201,其实 章鱼 哥 这段 超有 现实意义 的
3285250416,我 是 真的 没想到 这里 都 有人 刷网 抑云服 了
3257445388,经典 网抑 云
3433835939,玩烂 梗 的 fw
3435485209,回复 : 你 说 你 嘛 那
3435527247,回复 : 那 你 说 你 m 呢
3435561686,回复 : 司马 东西
3435566797,就 这 啊 就 这
3436939354,回复 : 自己 没 m 说 别人 xswl
3437692143,回复 : 你 在 哪 回复 你 吗 那 给 你 脸 了
3437696614,回复 : 是不是 给 你 脸 了
3437725127,回复 : 是不是 给 你 脸 了 隔 着 叫 你 m 叫 nt
3438440185,敢 喷 我 就 不要 拉 黑 我 知道 不 你 不是 觉得 自己 能 的 很 来到 我 面子 能来 让 我 见识一下 你 有 多 牛 批要 电话 不
3438434986,治 不了 你 这 毛病 了 还
3257375195,求 封面
3257148723,活 了 二十年 终是 把 生活 活成 了 逆风 局 改头换面 逆风 局 你 准备 好 打 了 吗
3256311195,泪目
3256105874,白 嫖 失败
3256014929,虽然 我 也 讨厌 装 抑郁 的 评论 但是 这样 的 视频 就 别乱 刷 这 梗 了 乱 刷 梗 的 你们 现在 的 行为 跟 那些 装 抑郁 的 评论 没 啥 区别
3255353022,别 一天天 的 传播 负 能量
3256504335,爱看不看
3483003267,爱看不看
3255178656,词写 的 真棒 真的
3255024791,小时候 我 觉得 章鱼 哥 很 搞笑 而且 很 羡慕 他们 三个 人 的 别墅 现在 也 是
3254937350,惊呆 了 这 就是 B 站 UP 主 的 实力 吗 我 今年 98 岁 见 过 了 太 多 世面 我 以为 再也 没有 能 让 我 感到 惊奇 的 作品 了 没想到 经 孙子 的 介绍 下载 了 哔哩 哔哩 之后 发现 了 这么 一个 新世界 发现 了 这么 一个 让 我 合不拢嘴 的 作品 你们 年轻人 真的 想法 很多 我们 这 一代人 老 了 未来 是 要 靠 你们 的 加油 啊
3254910838,晚 抑云
3434683076,回复 :
3434706389,回复 : 我 一个月 前 的 信息 现在 回 我 有意思 我 骂 你 了
3254862325,我们 会 继续 抱怨 生活 但 我们 不会 停下 因为 就 像 章鱼 哥 还有 他 不 知道 的 爱 他 的 海绵 宝宝 我们 也 会 有 我们 不 知道 的 爱 我们 的 那些 人
3254643482,小时 觉得 章鱼 哥 怎么 天天 都 不 开心 长大 后 觉得 海绵 宝宝 怎么 天天 都 那么 开心
3254617327,我本 想 看看 就 走 但是 看 了 一眼 up 是 ...
3254610544,如果 不是 词 的 问题 我 还 以为 这是 原版
3254511049,网抑 云
3436552539,回复 : 一只 猴子 敢 在 你 zuzong 面前 叫嚣 没大没小 的 东西
3514477806,一 开口 就 知道 老烂 梗 小鬼 了 自己 肤浅 可以 但别 影响 别人 谢谢 嗷
3969924880,网抑 云 患者 是 那些 无脑 不 快乐 的 人 这是 现实 好 吧 难怪 你 会 在 下面 想 都 没想 就 乱 刷 梗 真 以为 自己 很 高尚
100917795376,回复 :
100918519232,回复 : 我 什么 时候 留下 了 这些 评论 了
3254412589,章鱼 哥 吹 的 音乐 是 什么
3254354957,亲爱 的 小章鱼 你 今天 累坏 了 但是 每天 更 美好
3254278788,看到 章鱼 哥 埋葬 希望 和 梦想 那 块儿 暴哭
3254234979,小时候 看 海绵 宝宝 里面 最 喜欢 章鱼 哥 了 哈哈哈
3254165150,这是 一个 努力 也 不 一定 有 回报 的 社会
3254051663,我 讨厌 派大星
3253918466,最 真实 的 人 是 一个 普通 的 人
3253867981,小时候 总 感觉 自己 是 英雄 长大 后 才 发现自己 连 这个 世界 的 配角 都 算不上 甚至 连路 人 都 不是 只不过 是 一粒 不轻不重 的 灰尘 罢了
3253864497,下次一定
3253812918,这个 背景音乐 咋搞 的 有点像 说唱
3253461915,评论 区惊现 网易 云 玩家
3253444416,收藏
3253431531,别跟我 谈 理想 老子 戒 了
3253584710,老网 抑云 了
3270853086,回复 : 不会 吧 这 就 网 抑云
3271650103,回复 : 啊 这
3253391547,这 也 太火 了
3253332366,谁 的 生活 都 是 平平淡淡 的
3253305214,不会 真 有人 觉得 网抑 云 这 梗 好玩 吧
3253456659,的确
3349224365,好玩 我 是 发自内心 的 讨厌 无病呻吟 的 幼稚 儿童
3349340353,回复 : 这 没 办法 但 请 给 有 生活 压力 的 人 一点 空间
3350032080,回复 : 通常 怼 人 我 都 会 了解 情况 不会 死 玩 梗 不分 结度 的
117705661280,可以 去 听 法老 的 明天 是 美好 的 一天 那首歌 就 是从 这里 填 的 词 我 就 是从 法老 那里 来 的
3253279165,评论 区 很 好 的 表达 了 引喻失义
3253064649,海绵 宝宝 原定 主角 是 章鱼 哥
3252941286,偷偷 看着 别的 幸福 对 你 不 知道 是 自己 的 年少 轻狂 自己 的 努力 和 失败 从 命运 都 失败 的 意思 应 每个 都 经历 过 谁 又 不是 曾经 那个 失败者 曾经 的 小丑 曾经 的 初学者 哈哈哈 哈哈哈 哈哈哈 直有 背影 来 表达
3252851497,加油 ( _ ) 表 放弃
3252799964,hi
3252794198,下次 轮 到 海绵 宝宝
3252673536,这里 都 有人 刷网 抑云 玩 梗 玩 上瘾 了 看着 就 毁 气氛 还 以为 自己 多 好笑 看着 都 恶心
3253269490,引喻失义 .....
169304615488,那些 人 不是 网抑 云 你 能 厌烦 网抑 云 其实 很 幸运 至少 你 不 懂 那些 人发 的 短短的 一段 文字 里 透露 出来 的 无奈 与 绝望
262411380080,但是 有些 人 的 生活 真的 很糟 啊 世界 不是 美好 的 啊
3252561606,虚幻 中 唯一 的 真实 --- 章鱼 哥
3252565073,笛声 是 真得 灵魂
3252470452,卡点 调音 很棒 但 填词 有待 改进
3252427588,做 的 真的 很 好 还好 没有 播放 惨淡
3252363200,海绵 宝宝 有 一集 是 章鱼 哥过 着 重复 的 每 一天 其 压抑 程度 是 我 这辈子 所见 过 最 浓郁 的 章鱼 哥 的 孤独 是 使 人 压抑 的
3252332725,早就 劝 章鱼 哥 晚上 十二点 别 打开 网抑 云
3253427131,这 都 要 玩 梗 分不清 场合 自删 吧
3252156858,年龄 夺走 了 我们 简单 的 快乐 但 给 了 我们 智慧
3252150315,成年人 现实 的 无奈 不 就是 对 小孩子 来说 最好 的 喜剧 吗
3252132573,其实 章鱼 哥 海绵 宝宝 痞 老板 蟹 老板 都 是 我
3251978675,人才
3251924587,小时候 多 讨厌 章鱼 哥 长大 后 就 多 能 理解 他
3251912667,你 今天 累坏 了 陌生人 明天 也许 依旧 这样 但 你 要 记住 尽管 今天 晚上 哭 的 撕心裂肺 明天 早上 醒来 依旧 车水马龙 岁月 静好 谁 不是 在 负重 前行 生活 从来 不易 如果 你 没有 感觉 到 那么 就是 有人 在 替 你 承担
3251874077,所到之处 留下 我 的 评论 好 习惯 从 娃娃 抓起 已三连
3251873892,永远 看见 世界 就 开心 保持 热忱 的 是 海绵 宝宝 没有 脑子 天天 玩闹 吃 垃圾 搞破坏 的 是 派 大星 过 着 循规蹈矩 的 生活 感到 无聊 无趣 的 是 章鱼 哥 爱财如命 的 是 蟹 老板 勇敢无畏 的 是 珊迪 哪 一个 更 像 你 呢
3251870106,大家 都 怕 海绵 宝宝 搞破坏 一 见到 就 逃
3251650224,求 bgm
3251509602,无处 安葬 的 梦想
3251494513,可是 章鱼 哥 也 是 有 房 的 男人 啊
3250802848,太棒了
3250722758,生 了 个人 我 很 抱歉 生不 出来 我 很 抱歉
3253286050,玩 梗 不当 引喻失义
3250544203,有 什么 比 快乐 更 快乐 的 呢 白 嫖 up 视频
3250440001,十年磨一剑 霜刃 未曾 试
3250226123,这个 视频 都 把 我 看 哭 了
3249845151,白 嫖 失败
3249171950,你 要 全知 还是 全能 全能 能 带给 别人 幸福 全知 能 寻找 幸福 所以 全都 是 必要 的
3249163547,一切 都 有 原因 怨天尤人 一事无成
3249165969,这么 至郁 么
3248972531,提到 钱 任何人 都 没有 是非 对错 但 重点 是 有没有 情义 道德 派大星 如果 你 想 让 ta 喜欢 你 就 表现 的 特别 一点 派大星 如果 我 现在 死去 是 为 一个 朋友 的 无心之过 那 我 死也瞑目 了 海绵 宝宝 在 你 上课 的 时候 你 知道 我 在 干嘛 吗 在 等 你 回来 派大星 权利 大 的 人 要 付起 更大 的 责任 路 人 好人 最后 都 会 失败 因有 霸道 的 人才 会 征服 世界 痞 老板 这 不是 疯话 这才 是 疯话 派大星 曾经 深爱 过 后来 失去 了 总比 不曾 爱过 好多 了 痞 老板 我 连 ta 都 不 知道 是 谁 但 ta 偷走 了 我 的 心 痞 老板 生命 真 美好 来 的 也 快 去 的 也 快 派 大星 我闻过 很多 臭 东西 但是 谎言 是 最 臭 的 海盗 爷爷
3248943159,孩子 你 的 梦想 在 你 的 心里 人生 曲折 漫长 只愿 不 忘 初心
3248880954,祝 章鱼 哥们 明天 美好
3248582882,为什么 我会 觉得 相比 于 海绵 宝宝 等 章鱼 哥 更加 与 现实 中 的 人 相似 呢
3248367139,到 点 了 来 了
3248294378,这次 一定
3248214466,中间 章鱼 哥 吹 的 那首 笛子 是 什么 呀 我 找不着 那个 音乐 如果 有人 知道 请 告诉 我 吧 好 熟悉 呀 感觉
3248104700,生活 就是 生 下来 活下去 活 的 潇洒 一点 又 有 什么 关系 呢 - 吕氏春秋 吕子 乔
3248082971,本来 无意 刷 到 的 在 评论 区 有人 说 要 看 下 简介 看 了 一下 希望 up 主 好好 的 如果 开心 太难 我 希望 你 一直 健康
3248072255,玩梗玩 傻 了 吧 这 和 网 抑云有 啥 关系
3253445767,都 是 同 一群 人 觉得 自己 玩 梗 好好笑 场合 都 分不清 破站 常态
3248041360,推开 别人 说 孤独
3247976349,评论 区 那么 多 后浪 的 吗 我 惊 了
3247961805,今天 你 已经 累 了 小章鱼 好好 休息 吧 希望 明天 更 美好
3247765660,感同身受 的 我 哭 了
3247751816,评论 里 说 网 抑云 的 什么 意思 以为 自己 很 厉害 很 高尚 梗 玩 多 了 就 没意思 了 啊
3247754073,不 喜欢 这种 视频 就 不要 点 进来 没 人 按着 你 看
3248068412,玩梗玩 傻 了 呗
3252940154,B 站 多久 都 是 这样 了 已经 和 以前 不 一样 了
3247641231,网抑 云 时间 到
3247560766,最 糟糕 的 还 没有 来 最 糟糕 的 才 刚刚开始 永远 没有 幸福 的
3247442679,啊 这
3247438114,我 tm 直接 抑郁 生吃 虾仁 我 很 抱歉
3247326076,本质 上 讲 快乐 的 产生 就是 源于 胜过 他人 的 优越感 所以 比 把 快乐 带给 他人 更 快乐 的 是 让 原本 快乐 的 人 再也 不 快乐 我 想 这 就是 人类 为什么 永远 无法 和谐 共处 的 原因 吧
3247301877,恭喜 恭喜
3247249323,网抑 云
3247250043,别 独自 用餐
3247106234,章鱼 哥 永远 的 离开 我们 了
3246942562,海绵 宝宝 独白 预定
3246917403,不会吧不会吧 不会 吧 不会 真的 有人 觉得 自己 悲哀 吧
3253443474,不会 真的 有人 认为 自己 活 的 一路顺风 吧 不会吧不会吧
3255006620,你 几岁 以后 就 知道 了
3255249684,回复 : 自觉 悲哀 和 觉得 生活 不易 是 两码事
3255257561,回复 : 悲哀 和 生活 不易 是 两码事
3255426053,回复 : 你 生活 不易 还 能 保持 一直 乐观 ?
3257164978,人 的 悲喜 并 不 相通 更 不用 去 改变 别人 对 生活 的 看法
3257316031,那 您 能 解释一下 你 的 原话 是 什么 意思 呢
3258469019,回复 : 我 的 意思 就是 讽刺 那些 无病呻吟 自怨自艾 的 人 遇到 些 困难 就 觉得 生活 非常悲哀 真的 让 人 恶心
3259300720,回复 : 但是 你 原话 就 有 问题 啊 直接 开 了 地图 跑 也 不分 清楚 人群
3246892607,太像 派 大星 的 那个 了 吧 先入为主 感觉 这个 不 咋 的
3246874430,就算 我 在 伤心 难过 至少 我 没 把 痛苦 带给 其他人 不是 吗 章鱼 哥 : 别恨 别人 会 遭报应 的
3246805003,我 觉得 那个 墓里 埋 的 是 章鱼 哥 的 头发
3246779836,章鱼 哥和痞 老板 是 两个 最惨 的 比基 堡 人此 两人 没有 成功 过 一次
3248634580,章鱼 哥有 成功 过
3248770509,回复 : 痞 老板 也 成功 过 和 偷 秘方 没有 关系
3248775672,回复 : 章鱼 哥 那次 是 组织 乐队 它 平时 也 喜欢 练习
3246763308,我 只是 个 小孩 可能 不 了解 社会 但 我 总 觉得 章鱼 哥 的 性格 太像 社会 里 的 人 了
3246739603,22 万赞 10 万币 已经 说明 了 什么 好 作品 哦
3246384592,你好 这里 是 未被发现 的 天才 的 家
3246250390,已经 0 . 了 啊
3246027572,生不出 人 我 很 抱歉
3245988551,我 才 不会 犭
3245893289,躲到 清洁 间 是 我 了
3245827951,别刷 了 网 抑云 真的 不好玩 真的
3245326619,明天 开学
3244566609,小时候 总是 在 想 章鱼 哥 为什么 总是 在 生气 长大 了 却 想不通 派大星 为什么 总是 那么 开心
3244316686,哈哈哈哈
3244026455,好棒
3243208512,bgm 听 着 很 耳熟 章鱼 哥是 大人 的 象征 吗
3242984015,那有 那么 多 快乐 的 人 大部分 都 是 些 章鱼 哥 这样 的 人
3241848193,up 主 辛苦 了
3241615475,这里 埋葬 的 是 章鱼 哥 的 梦想 如果 有 一天 我 能够 离开 这 我 绝不会 让 我 的 理想 站 在 这 肮脏 的 地板 上
3241151076,我们 可以 放任 梦想 在 生命 的 负压 上 过载 一如 飞蛾扑火 流星 坠空 从此 再也不会 失去 灵魂 把 缓慢 的 生命 消耗 化为 燃烧 就 没有 什么 梦想 不能 照亮 ? 什么 ? 寒冷 和 孤独 ? 那 只是 因为 自己 的 胸膛 不够 滚烫 去 问问 太阳 可 曾 畏惧 银河 悬 的 空寂 荒凉 ?
3241017456,小时候 被 起 外号 叫 章鱼 哥 我 很 难过 因为 我 觉得 他 不 快乐 他 总是 自己 一个 人 孤孤单单 的 我 不 希望 自己 也 这样 后来 我 看到 海绵 宝宝 说 我 喜欢 章鱼 哥 的 时候 我 释然 了 因为 他 也 终于 是 被 爱 着 的 人 了 那么 我 也 是 有人 来爱来 珍惜 的 人 吧 你 今天 累坏 了 小章鱼 明天 一定 会 更 美好 更 美丽 的
3240711292,傻 呆呆 的 吹泡泡
3240538325,章鱼 哥 在 一部 动画 中 人们 往往 只会 注重 主角 而 不 知道 主角 的 发光 发亮 有 很大 一部分 都 是 配角 衬托出 的 章鱼 哥 一个 配角 总是 成为 人们 最 不 注重 的 对象 甚至 因为 他 奇葩 的 性格 而烦 他 大家 在 荧幕 上将 目光 聚焦 在 主角 的 各种 有趣 的 故事情节 上 却 根本 忘掉 了 这些 配角 们 生活 就是 这样 你 在 尽力 工作 着 但 依旧 毫不 起眼 绝大部分 的 人 都 不会 被 特别 注意 到 你 在 上司 面前 不过 是 一些 虾兵蟹将 罢了 久而久之 你 的 生活 变得 枯燥 而 索然无味 你 跟 章鱼 哥 没有 什么 区别 了 每 一天 都 在 重复 着 同 一件 事情 在生活中 全然 变成 了 一台 木讷 的 机器 有些 人 认为 章鱼 哥是 一个 丑星 是 一个 卖 丑来博 别人 笑脸 的 小丑 但 我 不 这么 认为 他 是 幕后 的 英雄 更是 一个 平凡 而 伟大 的 普通人 就算 生活 对 你 已然 变得 索然无味 仍然 坚持 着 因为 你 希望 有 一天 总会 是 晴天
3240564985,但 悲哀 的 是 有些 人 注定 一辈子 也 只是 一个 跑龙套 的 演员 我们 无法 操控 生活 的 一切 甚至 包括 自己 这是 必然 的 因为 这是 生活 的 常态 也许 有 一天 海绵 宝宝 站 在 领奖台 上带 着 主角 光环 发挥 着 灿烂 的 阳光 而 章鱼 哥 也 会 在 台下 激动 地 泪水 满眶 他会 对 自己 说 加油 章鱼 哥 我 看见 了 你 的 努力
3240377522,再见 了 我 的 青春
3240323552,再 过 一年 就 几千万 播放 量 了 期待
3240074163,我 把 眼光 放到 了 几万年 后 我 就 回不来 了 我 就 堕落 了 我 就 感觉 世界 不缺 我 这 一个 人 自我感觉 我 还是 个 世界 的 累赘
3239489753,第一次 投币 就 冲 你 最后 一句 话值 了
3239181448,歌词 有些 平淡 但 还是 非常 不错
3238736944,想到 了 自己 哭 了
3238223888,挡 字幕 的 都 是 什么 毛病
3238226086,小时候 不 懂 章鱼 哥 现在 不 懂 海绵 宝宝
3237720990,洛温 的 和 up 的 都 很 喜欢
3237638509,早 在 16 岁 我 就 已经 笑 不 出来 了
3236962761,哭 了
3236634436,别 踩 一 捧 一 了 派 大星 的 是 以 叙事 为主 而 章鱼 哥 的 是 以 抒情 为主 各有特色 都 是 很 好 的 作品
3236389001,小时候 看笑话 长大 看 哲学
3235963323,长大 了 就 忘 了 自己 的 梦想 了 有 句 话 是 男人 在 30 岁 就 死 了 只是 80 岁 才 埋 而 我 早就 死 了 什么 时候 埋 就 不 知道 了
3235289703,up 主 辛苦 了
3234084378,一个 重点 我 一 高兴 就 又 错 为什么 章鱼 哥 不要 笑
3233830052,看 了 那么 多 章鱼 哥 的 独白 就 你 这个 有 味道
3232457190,再见 章鱼 哥 谢谢 章鱼 哥 谢谢你们
3232277629,明天 一定 会 更好
3231999272,这里 埋 着 的 是 章鱼 哥 的 梦想
3231688240,小时候 觉得 章鱼 哥 总是 无法 融入 我们 我们 也 很 难 无法 融入 章鱼 哥 但是 现在 长大 了 周围 像 章鱼 哥 这样 的 人 越来越 多 我 逐渐 理解 并 也 逐渐 变成 了 这样 的 人
3231551453,{ \ __ / } ( . ) / > 你 看到 这个 硬币 了 吗 { \ __ / } ( - ) 开玩笑 啦 给 你 给 你 { \ __ / } ( - ) 给 你 啦 给 你 啦 不 开玩笑 辣 { \ __ / } ( - ) 给 你 给 你 都 给 你 交易 一波
3230804130,现在 就 已经 感受 到 了
3230564586,求 章鱼 哥 吹 竖笛 的 BGM
3230492887,不会 吧 章鱼 哥 也 是 网 抑云 用户
3230285470,章鱼 哥 还有 我差 二本 线 一分 希望 顺利 走 2b 补录
3230136069,现在 比奇 堡 三 贱客 的 独白 都 齐 了
3230119128,sdl
3229305904,章鱼 哥 与 皮 老板 比 真不知道 惨 多少倍 人家 有 老婆 有 朋友 还有 一个 梦想 章鱼 哥 四十多 了 却 不 知道 上 一场 恋爱 什么 时候 谈 的 章鱼 哥 也 曾经 离开 过 这个 疯子 村 却 明白 了 痛苦 也 是 一种 快乐 仿佛 看破 了 红尘
3228802211,首页 通知书
3228728260,UP 爱 你
3228524102,开场 有 什么 比 把 快乐 带给 别人 更 快乐 的 呢 去 死 或者 别的 什么 我 不 知道 你 对 这个 有 这么 强烈 的 感觉 你 要 干什么 我 想 我 无法 阻止 你 但是 章鱼 哥 外面 是 一个 冷酷 的 世界 没有 人用 银 托盘 把 欢乐 带给 你 我 自己 知道 我 非常 可笑 灰灰 丑丑 腿 有 四条 小蜗 有 爱 它 的 海绵 宝宝 派大星 傻 呆呆 的 吹泡泡 蟹 老板 高兴 的 吃 蟹黄 堡 章鱼 哥 在 独奏 E 小调 为什么 我 一 高兴 就 有 错 我 不 知道 你们 在 笑 什么 为什么 大家 都 爱 海绵 宝宝 为什么 章鱼 哥不爱 笑 为什么 我 今天 真糟糕 未来 我 还 没有 准备 好 海绵 宝宝 你 不 知道 你 有 多 幸运 你 有 小 蜗 和 爱 你 的 家人 我 也 想 做 我 爱 的 事 却 总是 这么 倒霉 除 我 以外 这 世界 上 还有 谁 大人 的 世界 比 我 想象 的 难 我 认为 我 是 主角 却 相反 我 的 工作 一 年复一年 一天 复 一天 再见 比基尼 海滩 海绵 宝宝 你 不 知道 你 有 多 幸运 你 有 小 蜗 和 爱 你 的 家人 我 也 想 做 我 爱 的 事 却 总是 这么 倒霉 除 我 以外 这 世界 上 还有 谁 我 想 回到 那个 时代 自己 傻傻 有些 呆 自己 傻傻 有些 呆 但 有家 人们 的 爱 但是 我 我 知道 我 的 笑脸 我 的 爱 我 的 一切 逝去 不再 来 世界 把 我 改变 我 笑 逝去 不见 我 想 逃离 却 逃 到 了 清洁 间 这样 的 日子 又 在 我 眼前 谁 能 知道 我该 怎么办 再见 海绵 宝宝 再见 派大星 我 也 想 做 我 自己 爱 做 的 事情 做 我 爱 的 工作 爱 我 爱 的 人 等一等 我 自己 的 灵魂 有 一句 话 从 今天 早上 我们 一 见面 我 就 一直 想 对 你 说 再见 再见 朋友 再见 比基尼 海滩 我 想 回到 那个 时代 自己 傻傻 有些 呆 自己 傻傻 有些 呆 但 有家 人们 的 爱 但是 我 我 知道 我 的 笑脸 我 的 爱 我 的 一切 逝去 不再 来 世界 把 我 改变 我 笑 逝去 不见 我 想 逃离 却 逃 到 了 清洁 间 这样 的 日子 又 在 我 眼前 谁 能 知道 我该 怎么办 竖笛 独奏 蓄力 中 蓄力 完成 但是 海绵 宝宝 但是 派大星 我 确实 没有 你们 幸运 的 人生 我 辛辛苦苦 工作 三年 但是 我 难得 休假 一天 我 希望 我 自己 傻 呆呆 不 把 世界 看 的 非常 明白 希望 有人 明白 我 的 爱 但是 谁 会 明白 我 的 爱 章鱼 哥 走 在 吹 竖笛 一天 一天 的 为 独奏 练习 明天 比基尼 海滩 都 会 崇拜 我 但是 比基尼 海滩 都 在 嘲笑 我 我 想要 好好 安静 一下 你 今天 累坏 了 小章鱼 明天 一定 会 更 美好 更 美丽 的 结尾 竖笛 独奏
3227832819,爱 你 哦 章鱼 哥
3227802694,章鱼 哥之网 抑云
3227671714,这 时间 我们 绝大多数 人 都 是 章鱼 哥 虽然 我们 小时候 不 喜欢 他 但 最终 我们 会 成为 他
3227452051,行 了
3227032263,小时候 想 成为 海绵 宝宝 长大 以后 活着 活着 就 成 了 章鱼 哥 ( 加油 小章鱼
3226769822,没有 人 天生 就 会 承受 永生永世 的 悲哀 所以 将来 一定 会 更好
3226557614,我 以前 不是 很 喜欢 章鱼 哥 总 觉得 他 冷漠 有些 偏执 甚至 会 觉得 他 在 一些 事上 有点 无理取闹 但 有时候 又 会 对 他 有些 同情 后来 才 发现 这 都 是 现实 的 写照
3225319350,我想 问下 背景音乐 的 曲名 是 啥
3225281419,有些 人 说 bgm 一样 仁厚 说 抄袭 大错特错 bgm 都 是 flower dancer 也 就是 编曲 原作 也 是 借用 的 up 主 也 是 借用 的 不算 抄袭 真正 抄袭 的 是 什么 是 flow 啊 或者说 作曲 啊 作曲 是 人家 原 up 原创 的 你 完完全全 的 照抄 下来 不是 抄袭 是 什么 一首歌 改 了 个 词 发布 就 不是 抄袭 的 了 不是 说 硬 要 杠 指责 up 主 这个 视频 做 的 确实 好 填词 不错 剪辑 也 很 好 是 很 好 的 作品 但是 评论 区 硬 要说 没 抄袭 不太好 吧
3225248885,明天 一定 会 更好 的 加油
3225005947,其实 我能 理解 章鱼 哥 在家 碎 以后 那个 曾经 快乐 的 女孩 一去不返 如若 现实 中 有人 温柔 待 我 该 多 好 我 日复一日 练 着 伪音 希望 能 被 接纳 跟 认可 可是 全世界 都 在 笑 我 虽然 我 是 未成年 但 我 也 希望 在 受到 太 多 恶意 前 我 没有 看透 这个 世界 今天 的 依 和 累坏 了 明天 会 更 美好 的 但愿 吧
3224700245,矮油 不错 哦
3224447337,我 在 二次元 区刷 的 但 真的 很 好 很 感人
3224304865,开场 有 什么 比 把 快乐 带给 别人 更 快乐 的 呢 去 死 或者 别的 什么 我 不 知道 你 对 这个 有 这么 强烈 的 感觉 你 要 干什么 我 想 我 无法 阻止 你 但是 章鱼 哥 外面 是 一个 冷酷 的 世界 没有 人用 银 托盘 把 欢乐 带给 你 我 自己 知道 我 非常 可笑 灰灰 丑丑 腿 有 四条 小蜗 有 爱 它 的 海绵 宝宝 派大星 傻 呆呆 的 吹泡泡 蟹 老板 高兴 的 吃 蟹黄 堡 章鱼 哥 在 独奏 E 小调 为什么 我 一 高兴 就 有 错 我 不 知道 你们 在 笑 什么 为什么 大家 都 爱 海绵 宝宝 为什么 章鱼 哥不爱 笑 为什么 我 今天 真糟糕 未来 我 还 没有 准备 好 海绵 宝宝 你 不 知道 你 有 多 幸运 你 有 小 蜗 和 爱 你 的 家人 我 也 想 做 我 爱 的 事 却 总是 这么 倒霉 除 我 以外 这 世界 上 还有 谁 大人 的 世界 比 我 想象 的 难 我 认为 我 是 主角 却 相反 我 的 工作 一 年复一年 一天 复 一天 再见 比基尼 海滩 海绵 宝宝 你 不 知道 你 有 多 幸运 你 有 小 蜗 和 爱 你 的 家人 我 也 想 做 我 爱 的 事 却 总是 这么 倒霉 除 我 以外 这 世界 上 还有 谁 我 想 回到 那个 时代 自己 傻傻 有些 呆 自己 傻傻 有些 呆 但 有家 人们 的 爱 但是 我 我 知道 我 的 笑脸 我 的 爱 我 的 一切 逝去 不再 来 世界 把 我 改变 我 笑 逝去 不见 我 想 逃离 却 逃 到 了 清洁 间 这样 的 日子 又 在 我 眼前 谁 能 知道 我该 怎么办 再见 海绵 宝宝 再见 派大星 我 也 想 做 我 自己 爱 做 的 事情 做 我 爱 的 工作 爱 我 爱 的 人 等一等 我 自己 的 灵魂 有 一句 话 从 今天 早上 我们 一 见面 我 就 一直 想 对 你 说 再见 再见 朋友 再见 比基尼 海滩 我 想 回到 那个 时代 自己 傻傻 有些 呆 自己 傻傻 有些 呆 但 有家 人们 的 爱 但是 我 我 知道 我 的 笑脸 我 的 爱 我 的 一切 逝去 不再 来 世界 把 我 改变 我 笑 逝去 不见 我 想 逃离 却 逃 到 了 清洁 间 这样 的 日子 又 在 我 眼前 谁 能 知道 我该 怎么办 竖笛 独奏 蓄力 中 蓄力 完成 但是 海绵 宝宝 但是 派大星 我 确实 没有 你们 幸运 的 人生 我 辛辛苦苦 工作 三年 但是 我 难得 休假 一天 我 希望 我 自己 傻 呆呆 不 把 世界 看 的 非常 明白 希望 有人 明白 我 的 爱 但是 谁 会 明白 我 的 爱 章鱼 哥 走 在 吹 竖笛 一天 一天 的 为 独奏 练习 明天 比基尼 海滩 都 会 崇拜 我 但是 比基尼 海滩 都 在 嘲笑 我 我 想要 好好 安静 一下 你 今天 累坏 了 小章鱼 明天 一定 会 更 美好 更 美丽 的 结尾 竖笛 独奏
3224121138,泪水 涌出
3224115798,小时候 很 不 喜欢 章鱼 哥 觉得 他 很 不 讨喜 跟 比基 堡 海滩 格格不入 长大 了 才 明白 原来 人 就是 这个 样子
3223551349,BGM 很 好听 请问 大家 知道 是 什么 歌 吗 谢谢
3222262858,海绵 宝宝 不仅仅 是 一个 普通 的 动画片 它 真的 超级 反映 现实 动漫 里 最 喜欢 的 就是 章鱼 哥 吧 章鱼 哥 真是 现实 中 很多 人 的 现状 他 普通 为了 生活 忙忙碌碌 也 有 很多 烦恼 人生 起起伏伏 带 着 点 心酸 无奈 彷徨 却 也 热爱生活 有 自己 的 梦想
3222085607,祝 明天 更好
3221998647,我 看 海绵 宝宝 一直 都 最 喜欢 章鱼 哥
3221836942,每 一个 搞笑 的 动画片 里面 总有 几句 这样 的 人生 语录
3221670853,为了 笑 出来 我们 才 甘愿 哭 不然 谁 又 知道 什么 是 笑笑 本来 就 与 哭 相对 因为 哭够 了 就 笑 了
3221471360,说句实话 我 小时候 竟然 与众不同 地 喜欢 章鱼 哥 因为 有时候 觉得 他 挺 可爱 的 每次 他 一 出现 与 海绵 宝宝 和 派 大星 的 摩擦 使 那集 都 会 很 搞笑 同时 我 觉得 章鱼 哥 也 挺 辛苦 的 他 只是 有 自己 的 性格 例如 不 喜欢 太 吵闹 不 喜欢 幼稚 等等 刚好 与 海绵 宝宝 形成 一些 反差 而已 但 其实 在 现实 中 与 大多数 人 是 相像 的 而且 我 觉得 他 的 鼻音 很 搞笑 所以 很 喜欢 他
3221027614,有 谁 知道 章鱼 哥 吹 的 那段 曲子 叫 什么 名字 吗 很 好听
3220963013,别来 这刷 啥 网 抑云行 吗 虽然 我 也 讨厌 但 这 是 B 站 鬼畜 区 不是 网抑 云
3220863019,老网 抑云 了
3220852566,首页 通知
3220649222,真 好
3220582499,海绵 宝宝 是 动画 而 章鱼 哥才 是 人生
3220454852,郁 li 郁 li
3220267256,外面 是 一个 冷酷 的 世界
3219871102,比 去年 暑假 派大星 那个 差得远
3220139306,不是 吧 不会 真 有人 踩 一 捧 一 吧
3235942387,回复 : 这个 本身 up 主 承认 了 是 模仿 洛温 帕金森 那个 但 我 说实话 热度 是 搞 到 了 作品 确实 不敢恭维 我 觉得 很尬 天 填词 不算 太好 重复 还 好多 确实 没有 去年 那个 派大星 一 入耳 就让 我三连 的 冲动
3257219110,回复 : 确实 差 很多 不是 踩 一 捧 一 的 事 这个 up 做 的 很棒 但 确实 有 不小 的 差距
3219854389,冲冲 冲冲
3219849683,你 说 派 大星 每天 傻乎乎 但是 他 快乐 你 说 海绵 宝宝 每天 疯癫 但是 他 快乐 你 说 章鱼 哥 冷漠 但是 他 不 快乐 有 的 时候 有些 人高冷 不是 他 高傲 而是 他 发现自己 努力 却 得不到 那种 快乐 与其 得不到 不如 把 自己 包裹 起来 骗 自己 那种 小孩子 的 快乐 我 不 需要 但是 一个 人 的 时候 看着 那些 快乐 我 真的 很 需要 我 努力 了 我 很 累 我 也 想 快乐 放下 一切 去 快乐
3219533958,站 起来 你 是 个 艺术家
3219382525,开启 网抑 云 模式
3218955609,章鱼 哥站 起来 你 是 个 艺术家 吹 竖笛 那种
3218440643,欢迎 游戏 区 的 新人 来 借鉴 我 的 视频 也 欢迎 提出 建议
3218821973,但 请 不要 随意 宣传 哦 这里 是 鬼畜 区
3220782752,回复 : BV1qx411c772
3218352961,可是 海绵 宝宝 有 那么 多人 喜欢 也 是因为 海绵 宝宝 开心 真诚 呀 人活 在 这个 世界 上 不是 什么 都 不 做 就 能 获得 别人 的 爱 的 你 要 付出 爱 才能 收获 爱 或许 有 一天 我们 总会 有 一部分 长成 章鱼 哥 但 希望 我们 总能 保留 一部分 海绵 宝宝 信仰 不倒 未来 永存
3219123254,我 觉得 章鱼 哥 并 不是 真正 的 成年人 而是 病态 化 了 的 成年人
3218282938,真正 的 天才
3217666164,章鱼 哥是 海绵 宝宝 动画 里面 唯一 一位 正常人
3217577916,生儿 为 我 很 抱歉 小鼻 宰治
145029364880,傻 了 吧
3217241213,不 懂 啊 我
3216937778,我要 滚 去 学习
3216718715,章鱼 哥 我 不 笑 是因为 我 天性 就 不 爱 笑 并 不 为 别的
3216513080,章鱼 哥 好歹 还有 海绵 宝宝 和 派 大星 关心 虽然 总是 把 他 的 生活 搞 得 一团糟
3219158763,别 这样 说 啊 你 不 也 有 父母 关心 和 生活 中 的 点点 微光 吗 要 多 记住 别人 对 你好 的 一面 啊 何必 因为 几个 对 你 不好 的 人 你 付出 却 收获 恶心 的 人 就 放弃 所有 美好 呢 小米 有 一句 话 说 的 很 鸡汤 但 却 也 很 对 永远 相信 美好 的 事情 即将 发生 眼睛 里 看到 的 的 光线 是 外界 的 物品 反射 太阳光 而来 的 如果 太阳 被 遮住 了 那么 你 可以 自己 发光 照亮 自己 愿意 看到 的 美好世界
3216255961,第 20.4 万赞
3216131868,为什么 你们 要 恶搞 我们 小孩子 的 动画 好好看 个 动画 不好 吗
3217492719,这算 恶搞 而且 别人 想 做 什么 是 他们 的 自由 啊 这个 作品 也 是 抒发 自己 的 情感 好 吗
3218069989,回复 : 层主是 钓鱼 的
3221338915,回复 : emm ......
3215796920,年龄 大 了 以前 看 海绵 宝宝 想 笑 现在 看想 哭
3215712662,看到 开头 : 这 啥 白 嫖 了 看到 最后 : 泪目 白 嫖 了
3215685122,人人 都 笑 章鱼 哥 人人 都 是 章鱼 哥
3215242541,章鱼 哥是 个 艺术家 一个 他 心中 的 艺术家
3215136616,你 三 连 有 了
3215128549,老网 抑 了
3215028656,加油 陌生人 前路 不是 一直 都 是 顺风 的 可能 你 有人 陪 着 你 一起 前行 也 可能 是 独自一人 但是 生活 还是 要 过 下去 的 不是 吗 世间 万紫千红 我 不曾 远游 世间 海王 塘主 千千万 我 这条 鱼 还是 没人 钓 但是 人间 仍然 值得 你 可能 承受 着 不 属于 你 这个 年纪 承受 的 重量 但 千万 不要 想通 不该 想通 的 事 多 笑笑 可能 在 别人 眼里 你 就是 个 傻子 重要 的 是 自己 开心 就 好 了 人生 很 短 把 时间 放在 自己 身上 不要 去 和 饿狼 去 讨论 苹果 好吃 还是 橘子 甜 加油
3219163616,老网 抑 了
3214533852,章鱼 哥有 他 的 梦想 他 有 对 艺术 的 追求 他 想 成为 演奏家 和 艺术家 可 为了 生计 只能 站 在 蟹 堡 王 的 收银台 里 做 着 他 不 喜欢 的 工作 这 世界 上本 没有 章鱼 哥 可 也许 人人 都 是 章鱼 哥
3214448558,我 觉得 很 好 啊 这 是 相似 创作 的 另 一个 巅峰 只是 风格 一样 不能 就 否定 为 抄袭
3214418286,这个 bgm 太有 感觉 了
3214377148,里面 每 一个 人 都 各 有 各 的 可怜 可悲 整部 动画 是 一部 悲剧
3214271711,外面 是 个 冷酷 的 世界 没有 人用 银 托盘 把 快乐 带给 你
3214104071,晚安 小章鱼
3214031768,陌生人 明天 一定 是 个 美好 的 日子 你 要 努力 啊
3213912269,还是 这个 配音 的 海绵 宝宝 舒服
3213767977,币 给 你 了
3213739481,我 希望 我能 活成 海绵 宝宝 可 我 是 章鱼 哥
3213671600,谢谢 up 谢谢 章鱼 哥 我 今天 遇到 了 很多很多 糟糕 讨厌 的 事情 绝望 的 心情 我 看到 这个 视频 崩溃 的 在 自己 卧室 里 大哭 颤抖 我 真的 很 理解 很 理解 很 理解 你 我 我们 都 希望 都 努力 的 让 自己 的 明天 更 完美 一点 哪怕 是 一点点 真的 非常感谢
3213642128,这是 之前 7 月份 派大星 的 独白 的 又 一神作 在 这 之前 爷 一直 在 寻找 相似 作品 今天 爷能 在 这里 看到 爷 很 高兴 并赏 了 UP 一个 大大的 三连
3213506082,成为 第二 十万个 点赞 的 人
3213188628,有 了 坚持 不 一定 成功 但 没有 坚持 就 注定 失败 对于 成功 坚持 的 塑造 必不可少
3213148788,小时候 不 知道 章鱼 哥 为什么 老哭 长大 了 不 知道 海绵 宝宝 为什么 老笑
3213021171,网抑 云
3212942147,有 的 时候 不要 说 人家 靠 家里 背景 什么 富 二代 出生 背景 何尝 也 不是 一种 实力 呢
3212769330,为什么 要 给 我 推 这些 伤感 的 视频
3211970582,非常感谢 已 泪目 了
3211600124,Bgm ? ?
3211582166,去年 海绵 宝宝 那个 是 7 月 发 的 这个 也 是
3211185515,漫长 的 几分钟 呀
3211181460,小 的 时候 大家 都 喜欢 海绵 宝宝 却 没想 过 长大 了 以后 大家 都 变成 章鱼 哥
3210688844,其实 我 是 章鱼 哥 渴望 成为 海绵 宝宝
3210368604,可能 是因为 现实 固然 残酷 可 无法 离开 所以 海绵 宝宝 里 有 了 章鱼 哥 似乎 众人皆醉 我 独醒 又 似乎 让 人 抛弃 一切 学会 快乐
3210338171,害 我 真的 从小 好 喜欢 章鱼 哥
3209432218,小时候 我们 是 海绵 宝宝 长大 了 我们 是 章鱼 哥 做 着 自己 不 喜欢 的 工作 为了 生活 回家 自我 娱乐 理想 早已 埋没
3209272841,人 的 悲欢 并 不 相通 对 吧
3209174805,真的 老 可怜 章鱼 哥 了 他 真的 老惨 了 QAQ 有时候 就 跟 心疼 他 那个 神秘 的 海螺 那里 海绵 宝宝 派大星 都 有 好吃 的 他 都 没得 吃 呜呜 呜越 想 越 心疼 但是 他 有时候 真的 气 的 我 牙痒痒
3209047574,超 喜欢 章鱼 哥 ta 是 我 的 投影
3208679971,小时候 我 也 觉得 章鱼 哥 不 合群 总是 喜欢 一个 人 后来 就 开始 心疼 他 被 打扰 的 时光
3208431387,开心 是 会 的 但 很少 有人 能 一直 开心 尽管 生活 不易 但 还是 要 坚持 活下去 生活 还是 有 美好 的
3208413001,期待 蟹 老板 的 独白 中
3207790730,为什么 策划 有 意见 你 有 你 来
3207689374,小时候 看到 章鱼 哥 的 乐队 那集 哭 了 章鱼 哥 在 前 几十 集 从来 没有 这么 快乐 过 那 一瞬间 感觉 章鱼 哥 的 人生 圆满 了
3207283445,章鱼 哥 的 鱼生 现实 我 枯 了
3207266542,章鱼 哥 看起来 特别 讨厌 海绵 宝宝 但 我 印象 里面 他 好像 不止一次 在 海绵 宝宝 难过 的 时候 伸 与 援手 去 帮助 他 一边 天天 骂 海绵 宝宝 白痴 一边 又 守护 着 海绵 宝宝 这份 天真 By 知乎 奥莉 安娜
101906078816,很 简单 正 因为 有 海绵 宝宝 失去 梦想 的 章鱼 哥才 会 这样 唠唠叨叨 不然 早就 坚持 不 下去
3207100586,改变 不了 世界 就 只能 改变 自己 了
3206520355,把 我 看 哭 了 是 怎么回事
3206102007,留名 up 牛 逼
3205880222,无敌 赞 每 一个 认真 做 的 视频 都 值得 被 好好 尊重
3205808720,我们 小时候 讨厌 章鱼 哥 大概 只是 因为 他 是 一个 正常 的 大人
3205719857,flower dance 这么 受欢迎
3205125846,有些 人 看着 看着 就 打开 了 海绵 宝宝
3204945070,章鱼 哥 不 知道 他 的 设定 就是 这样 他 违背 不了 自己 的 设定 就 像 机器人 被 设定 无法 对 自己 的 塑造 者 开枪 而 法官 必须 按照 法律 的 设定 来 断案
3204719736,开场 有 什么 比 把 快乐 带给 别人 更 快乐 的 呢 去 死 或者 别的 什么 我 不 知道 你 对 这个 有 这么 强烈 的 感觉 你 要 干什么 我 想 我 无法 阻止 你 但是 章鱼 哥 外面 是 一个 冷酷 的 世界 没有 人用 银 托盘 把 欢乐 带给 你 我 自己 知道 我 非常 可笑 灰灰 丑丑 腿 有 四条 小蜗 有 爱 它 的 海绵 宝宝 派大星 傻 呆呆 的 吹泡泡 蟹 老板 高兴 的 吃 蟹黄 堡 章鱼 哥 在 独奏 E 小调 为什么 我 一 高兴 就 有 错 我 不 知道 你们 在 笑 什么 为什么 大家 都 爱 海绵 宝宝 为什么 章鱼 哥不爱 笑 为什么 我 今天 真糟糕 未来 我 还 没有 准备 好 海绵 宝宝 你 不 知道 你 有 多 幸运 你 有 小 蜗 和 爱 你 的 家人 我 也 想 做 我 爱 的 事 却 总是 这么 倒霉 除 我 以外 这 世界 上 还有 谁 大人 的 世界 比 我 想象 的 难 我 认为 我 是 主角 却 相反 我 的 工作 一 年复一年 一天 复 一天 再见 比基尼 海滩 海绵 宝宝 你 不 知道 你 有 多 幸运 你 有 小 蜗 和 爱 你 的 家人 我 也 想 做 我 爱 的 事 却 总是 这么 倒霉 除 我 以外 这 世界 上 还有 谁 我 想 回到 那个 时代 自己 傻傻 有些 呆 自己 傻傻 有些 呆 但 有家 人们 的 爱 但是 我 我 知道 我 的 笑脸 我 的 爱 我 的 一切 逝去 不再 来 世界 把 我 改变 我 笑 逝去 不见 我 想 逃离 却 逃 到 了 清洁 间 这样 的 日子 又 在 我 眼前 谁 能 知道 我该 怎么办 再见 海绵 宝宝 再见 派大星 我 也 想 做 我 自己 爱 做 的 事情 做 我 爱 的 工作 爱 我 爱 的 人 等一等 我 自己 的 灵魂 有 一句 话 从 今天 早上 我们 一 见面 我 就 一直 想 对 你 说 再见 再见 朋友 再见 比基尼 海滩 我 想 回到 那个 时代 自己 傻傻 有些 呆 自己 傻傻 有些 呆 但 有家 人们 的 爱 但是 我 我 知道 我 的 笑脸 我 的 爱 我 的 一切 逝去 不再 来 世界 把 我 改变 我 笑 逝去 不见 我 想 逃离 却 逃 到 了 清洁 间 这样 的 日子 又 在 我 眼前 谁 能 知道 我该 怎么办 竖笛 独奏 蓄力 中 蓄力 完成 但是 海绵 宝宝 但是 派大星 我 确实 没有 你们 幸运 的 人生 我 辛辛苦苦 工作 三年 但是 我 难得 休假 一天 我 希望 我 自己 傻 呆呆 不 把 世界 看 的 非常 明白 希望 有人 明白 我 的 爱 但是 谁 会 明白 我 的 爱 章鱼 哥 走 在 吹 竖笛 一天 一天 的 为 独奏 练习 明天 比基尼 海滩 都 会 崇拜 我 但是 比基尼 海滩 都 在 嘲笑 我 我 想要 好好 安静 一下 你 今天 累坏 了 小章鱼 明天 一定 会 更 美好 更 美丽 的 结尾 竖笛 独奏
3204290353,这 就是 现实 中 大多数 人 的 样子 你们 懂 我们 的 疼 吗
3204198012,2500 评论
3204109608,人人 想 做 海绵 宝宝 却 人人 活成 了 章鱼 哥
3204115642,总 感觉 章鱼 哥 和 奥利 给 大叔 长得 有点像
3204105865,哈哈哈哈 哈哈哈哈 哈哈哈 哈哈哈 哈哈哈 哈哈哈 哈哈哈 哈哈哈 哈哈哈 哈哈哈 咳咳 咳 咳 咳 咳 哈哈 咳咳 哈哈哈哈 哈哈哈 哈哈哈 哈哈哈 咳咳 咳 哈哈哈哈 哈哈哈哈
3204106686,人 果然 还是 要 憨 一点
3204049269,终究 是 意难平
3204018750,我 也 想 做 我 爱 做 的 事情 可 总是 事与愿违 初心 不 在 心有 不甘 意难平
3203685037,经验 + 3
3203649850,"你 还 没有 明白 么 海绵 宝宝 好人 最终 都 会 失败 , 只有 霸道 的 人才 能 征服 世界"
3203509174,网络 上 暖 人 又 暖 心 现实 中 都 是 无情 人
3204009130,感觉 是 这样 的 哈哈哈
3204409002,不 一定 是 同 一批 人
3203322666,围观 群众
3203258173,明天 一定 会 更 美好 更 美丽 的
3203228891,看过 一句 话 海绵 宝宝 是 属于 孩子 们 的 而 章鱼 哥是 属于 大 人们 的
3203098697,最 喜欢 这版 的 配音 可惜 以后 听 不到 新 的 了
3202234039,bgm 是 啥 哇 求求 求
3202052657,我们 的 人生 不 就是 这样 吗 小时候 的 梦想 是 当 科学家 当 军事家 甚至 连想 当 主席 的 念头 都 有 这 就是 年少 懵懂 的 我们 成人 后见遍 了 人世 疾苦 唯一 的 梦想 就是 不当 蜗牛 族 有口 热乎 的 饭 吃 有 贤惠 的 妻子 和 懂事 的 孩子 父母 身体健康 少年 时 的 那份 希望 和 憧憬 早已 灰飞烟灭 唯一 能 做 的 就是 珍惜 眼前 这份 又 苦 又 累 的 工作 珍惜 得来不易 的 一切 事物 把握 好 眼前 这 唯一 一份 幸福 不要 再 让 它 随着 你 年龄 的 增长 而 再次 溜走 你 今天 累坏 了 孩子 好好 睡一觉 吧 明天 会 更好
3202025456,老 抑郁症 风格 快 吐 了 别 跟风 了 真的
3202969785,这是 现实
3209094748,回复 : 那 我 只能 祝你幸福
3211644710,回复 : 你 小时候 难道 不 也 有 梦想 现在 呢 现在 你 做出 了 什么 惊天动地 的 大事 你 能 像 马云 一样 吗 你 能 像 马化腾 一样 吗 你 到头来 不 还是 个 普通人 你 和 章鱼 哥 不 还是 有 几分 相似 吗 现在 的 普通人 只有 找 好 工作 结婚 生子 安享晚年 这 几点 要求 多 了 你 能 做到 几个 不 接受 任何 反驳
3211660837,回复 : 但 说实话 这 视频 确实 是 跟风 但 也 确实 是 现实
3211663113,回复 : 简单 的 说 你 我 都 是 普通人
3211668755,我 给 你 举个 例子 你 摔倒 了 有 几个 人去 扶 自己 好好 想想 这个 问题
3213108490,回复 : 我 是 普通人 的确 但 不是 抑郁症 嗷 海绵 宝宝 的 这部 动画片 的 本意 是 给 我们 带来 快乐 的 就 硬 挖掘 一些 致郁 的 东西 在我看来 挺 恶心 的 我 觉得 这 视频 太 抑郁 了 你 也 没有 必要 说服 我 所以 不用 回复 了
3202005634,好 喜欢 吹 笛子 那段
3201942642,就 等 一个 珊迪 的
3201923595,可是 这样 的 人 一直 就 出现 我们 的 身边 只是 自己 没有 发现 而已 每个 人 一定 要 有 一双 会 发现 的 眼睛 发现 别人 的 痛苦 与 快乐 可是 尊重 是 无处不在 的
3201919130,章鱼 哥 真的 是 太多太多 普通人 的 缩影 自己 满心 梦想 却 只能 干 最 平常 的 工作
3201677788,哇 做 的 太好了 章鱼 哥 真的 很 喜欢 他 海绵 宝宝 里 真的 很 最 喜欢 的 就是 章鱼 哥 了 做 的 太棒了 加油
3201579281,这个 才 是 真正 的 社畜 啊 都 以为 是 主角 但是 却 连 配角 都 不算 只能 算 群众演员
3201390094,我 爱 章鱼 哥
3201386882,我 的 章鱼 哥 啊
3201328873,就 差 一个 海绵 宝宝 了
3200926689,质量 配不上 播放 量 为了 丧而丧 主要 是 词 写 的 不行 让 人 感觉 up 并 没有 特别 代入 角色 去 写 不过 调音 可以 希望 以后 有 更好 的 作品 吧 我 说完 了 你们 骂 吧
3200982076,感觉 那种 随意 一段 配个 握 着 我 的 抱 枕 就 几百万 播放 才 是 真的 质量 配不上 播放
3266702904,回复 : 我 感觉 这个 视频 质量 视频 真的 不高 不如 这个 BV1Q4411k7Qw 可播放 量 高 多 了
3364576921,和 你 同感 歌词 调音 我 都 觉得 不怎么样 与 你 下面 发 的 作品 一 比 真的 相差 甚远
3200909778,哔哩 哔哩 ( - ) 干杯 ~
3200885150,海棉 宝宝 你 真的 不 知道 你 有 多 幸运
3200847503,小时候 我们 不 明白 章鱼 哥 为什么 整天 那么 生气 长大 后 我们 不 明白 派大星 和 海绵 宝宝 为什么 整天 那么 开心
3200845665,不 需要 向 任何人 索取 快乐 给 我 带来 快乐 的 只有 自己 还有 他 学会 孤独 享受 孤独
3199775617,我 是 一个 无聊 的 人 但 我 很 乐意 能 帮点 忙 如果 你 觉得 自己 不 开心 的 时候 我可以 陪 你 聊聊天 ( 某 奇怪 的 陌生人 )
3202982812,请 不要 在 评论 区
3199382647,我们 没 必要 因为 知晓 了 一名 灵魂 的 过去 而 纠结 消沉 陌生人 你 的 未来 将 充满 色彩 正 如同 它 所 向往 的 生活 一样
3199098785,这 就是 成年人
3198926069,有 一集 讲 到 章鱼 哥 以前 很 快乐 的 还有 头发 就 因为 遇到 了 海绵 宝宝 他 的 快乐 没 了 可能 给 海绵 宝宝 了
3198890437,你 是 一个 很强 很棒 的 up
3198869818,十三岁 的 我 看 懂 了 这 是 为何
3198775251,我于 昨夜 死去 去 时 满心 疲惫 我 于今 早 重生 来时 斗志昂扬
3198658740,灵魂 还 在 过去 的 环绕 中 肉体 却 被 现实 极力 推进 向前 我 的 灵魂 走 的 有些 慢 了 请 慢 一点儿 等等 我 的 灵魂 章鱼 哥 小章鱼 艺术家
3198307050,最后 那段 是 坂本龙 一 的 Meery Christmas 吧
3198141947,凭 实力 刷 到 的
3198042087,最后 睡觉 的 瞬间 突然 感觉 有点儿 像 一个 人想 了 半天 原来 是 ... 奥里 给 大叔
3197873158,我 觉得 章鱼 哥挺 惨 的 如果 不 从 动画片 的 角度 来看 章鱼 哥 在 海绵 宝宝 的 影响 下 没有 好好 休息 过
3197867325,相比 从前 现在 的 信息 流通 更快 更 广泛 也 越 容易 让 自己 和 他人 进行 比较 一比 就 会 看到 自己 的 不足 习惯 自嘲 习惯 丧 但 心中 依旧 有 小小的 愿望 大部分 人 都 是 章鱼 哥 极少 的 幸运儿 如 海绵 宝宝 派大星 让 人 羡慕
3197726389,这 就是 鬼畜
3197680196,评论 一群 ...... 怎么 说 呢 长官
3197266605,你们 还 真 以为 小丑 是 个 喜剧演员
3197226210,求 bgm
3196975001,有 一些 糟糕 啊
3196552154,奥利 给
3196536813,* 嘿 UP * 来到 B 站 以后 还 习惯 吗 我 想 你 最近 做 了 很多 事 吧 * * 你 知道 吗 自从 你 来 了 以后 这里 少 了 很多 白嫖怪 * 点赞 是 一个 傻子 但 他 也 懂得 什么 是 白 嫖 * 你 来 了 之后 他们 给 你 带来 了 无数个 赞 拿出 最好 的 三秒钟 吊出 最大 的 三 连 他们 甚至 为 你 找到 了 一群 三连怪 * UP 我 不 明白 你 为什么 不让 我白 嫖 * 还有 收藏 投币 转发 * UP 你 知道 吗 我 在 这里 生活 了 很多年 我 爱 的 我 恨 的 爱 我 的 恨 我 的 不管怎样 它们 都 曾 是 我 的 朋友 是 我 生活 不可或缺 的 一部分 可惜 现在 再也 没有 人会来 阻止 我三连 了 * UP 我们 直入 主题 吧 * 今天 是 多么 美好 的 一天 啊 新人 在 三 连 老粉 在 评论 可惜 那 都 是 以前 了 今天 的 B 站 格外 的 安静 再也 没有 人 能够 阻止 我白 嫖 了 那么 UP 麻烦 你 成 为 我 今 天 第 一 个 白 嫖 的 视 频 吧 * 查看 * 白嫖怪 攻击 1 防御 1 * 一个 住 在 B 站 的 白嫖怪 还 天 真的 认为 UP 会 让 他 白 嫖 对话框 被 子弹 打 穿 * 啊 哦 我 收回 前言 我 想 你 现在 不 这样 认为 了 * 白 嫖 家族 最后 的 战士 攻击 10 防御 90 HP * 呵白 嫖 多 了 自然 也 就 抗打 了 * 我 第一次 三连 你 时 我 花光 了 硬币 但 你 却 将 罪恶 的 求三连 对准 了 别人 * 我 假装 不 知道 这 一切 我 曾 认为 你 还 可以 变 好 * 这里 的 每个 生物 都 曾经 无比 相信 你 即使 你求 他们 的 朋友 三连 了 * 你 早就 知道 一切 对 吧 * 在 我 白 嫖 视频 时 时间 线 在 左右 摇动 随即 旋转 回 最 开始 的 地方 * 当 我 想起 白 嫖 视频 时 UP 你 猜 怎么着 上个 时 空中 的 我 已经 三连 了 视频 * 谁 能 想到 时间 线 的 重启 只是 因为 一个 UP 想要 无数次 的 让 人 三 连 呢 呵呵 * 嘿 UP 给你个 忠告 * 我们 可以 成为 朋友 在 这 空无一人 的 B 站 中 一起 研究 * 所以 你 现在 回头 还 来得及 * 白嫖怪 在 饶恕 你 * 三连 * 你 的 一键三连 被 电锯 锯开 了 * 呵 UP 你 还 真是 执迷不悟 啊 * 这次 我 可 不会 忘记 白 嫖 了 饶恕 台词 * 呵 UP 你 终于 回头 了 吗 * 我们 会 成为 很 好 的 朋友 的 * 假如 你 未曾 干过 那些 事 * UP 识相 点 就 别求 三 连 第二阶段 * 呵 我 的 白 嫖 或许 的确 不好 但 对付 你 绰绰有余 * 嫖 了 这个 视频 = * 三连 很 好玩 吗 我 猜 你 不 需要 它 三 连 被 拆 * 好 了 UP 我们 的 游戏 也 该 差不多 结束 了 * 白嫖怪 在 准备 着 什么 * UP 你 觉得 一个 白嫖怪 能 做 什么
3591179843,爬 恶心
3196536691,章鱼 哥 用尽 所有 的 努力 度过 了 平凡 的 一生
3196509497,祝 今天 可以 度过 开心 的 一天
3196168743,弹幕 那些 刷雷姆 的 怎么回事 如果 不是 相关 梗 的话 我 可能 会 举报
3197024355,b 站 的 nt 弹幕 从来 都 不会 少 举报 吧
3198675817,其实 是 泪目
3195705385,我 真想 有 一个 像 章鱼 哥 一样 的 朋友
3195529082,bgm 是 啥
3195502389,加油 吧
3195404030,你 我 都 是 章鱼 哥
3195373701,给 我 看 哭 了 唉 可能 这 就是 人生 常态 吧 大家 其实 都 是 普通人
3195407211,并 没有 网抑 云 什么 的 只是 觉得 章鱼 哥说 的 很 对
3195201041,加油
3195168928,这 下面 有些 评论 也 有 网 抑云 内味 了
3195036404,心态
3195008358,干完 活 我 坐在 马路边 上 迎面而来 了 个 女孩 滑着 滑板 一脸 嫌弃 的 看 了 我 一眼 我 冲着 她 笑 了 笑笑 着 笑 着 就 哭 了 我 才 和 她 一样 大 啊
3195833292,贫富差距 悬殊
3195871133,回复 : 其实 是 我 复制 的
3194820782,小时候 想 长大 成为 海绵 宝宝 那样 的 人 长大 后 却 成为 章鱼 哥 那样 的 人
3194621223,回忆 一下
3194466504,已 2 实在 是 没币 了 作者 也 要 加油 哦
3194227364,bgm 花之舞
3194169577,想 知道 世界 为何 是 这样 运行 社会 为何 是 这样 运行 吗 请 各位 好好 学学 马克思主义 哲学 很多 时候 只是 书 在 那里 却 没人 去 看 而已
3194159085,人类 的 悲欢 并 不 相通 我 只是 觉得 他们 吵闹
3194098091,好 押韵 哦 ~
3194077082,是 时候 停下来 等一等 自己 的 灵魂 了 走 的 太快 灵魂 迷路 的
3194016436,你 是 和 风 同行 的 温柔 拂过 身心 却 未 长留
3193983332,贫道 路过 此地 感到 评论 区 甚 是 抑郁 于是乎 鄙人 随手 点 了 个 赞 让 更 多 的 人 看到
3193972221,火 了 真 好 孤独 的 灵魂 彼此 相通 哪怕 仅 在 这 一刻
3193919017,你 的 梦想 埋 在 哪
3193843232,哪个 平台 能 看 海绵 宝宝
3193831785,感觉 BGM 可以 再 稍微 大声 点
3193830626,聽著 莫名 想 哭 怎麼 辦
3193632735,小时候 觉得 章鱼 哥 有些 阴郁 无趣 长大 才 明白 他性 本 不 至此 啊
3193461225,加油 活下去
3193438429,这个 值 两个 圆圆的 硬币
3193407093,章鱼 哥才 像是 大多数 普通人 不能 像 海绵 宝宝 一样 从事 自己 喜欢 热爱 的 工作 不能 像 派 大星 一样 呆呆傻傻 的 快乐 不能 拥有 蟹 老板 那样 的 物质基础 也 没有 姗迪 那样 顶尖 的 智慧 就 连 唯一 的 爱好 竖笛 也 因为 吹 的 不好 被 别人 嘲笑 他 只是 尽力 的 去 拥抱 世界 世界 却 没有 任何 回应 我 希望 更 多 的 人 不要 埋葬 自己 的 希望 和 梦想 这才 是 生活 生活
3193402501,期待 破 千万 的 一天 千万 破定 了 我 说 的 耶稣 也 留不住 再次 感谢 海绵 宝宝 和 章鱼 哥 的 陪伴
3193397789,加油
3193374657,别 吧 ? 个 海绵 宝宝 都 能 整出 伤痛 文学 来 绝了
3198505587,不同 的 年纪 看到 的 不 一样 吧 原 动画 章鱼 哥 也 不怎么 快乐
3193129516,我 是 在 一群 套路 资深 的 世俗 之人 和 天真 呆傻 的 小孩 中 唯一 的 正常人 章鱼 哥
3193067869,居然 有 的 人 说 蹭 热度 ? 人家 有 本事 做出 相似 又 高质量 的 视频 来 ... 你 在 这 bb 有 本事 也 蹭 一个 啊 b 站 那种 当个 up 想火火 不 起来 看 别人 火就酸成 苟 的 辣鸡 怎么 这么 多 ... 一看 就是 心智 不 成熟 发育不全 的 柠檬 人
3266742671,你 说 一下 他 质量 很 高 吗
3193062965,只 可惜 他 不是 主角
3193043613,我 一 开心 我 就 会 错
3193042323,cv4945715
3193006476,章鱼 哥是 真的 有点 惨 感觉 他 一直 特别 喜欢 艺术 爱 吹 竖笛 爱 油画 但是 没 能 遇到 伯乐 只能 一直 在 蟹 堡 王当 收银员
3192963346,蟹 老板 吃 蟹黄 堡 螃蟹 吃 蟹黄 堡 细思极 恐 吃 谁 的 蟹黄 同类 的 太 他 妈 恐怖 了
3192886133,up 抢 硬币 啦
3192880703,我 小时候 可 讨厌 章鱼 哥 了 可是 长大 了 才 发现 他 真的 面冷心 热 他 好像 非常 讨厌 海绵 宝宝 但是 在 海绵 宝宝 可能 要 伤心 的 时候 又 会 尽 自己 的 努力 去 让 他 的 梦 不要 破碎
3192875731,谢谢 有 被 虐到
3192811840,这个 声音 是 怎么 做到 的
3192802946,up 绝了
3192787274,曾 为 自己 所 热爱 的 努力 过 就 够 了 不会 留下 遗憾
3192607488,这 就是 这 动画片 的 意义 我 现在 都 还 在 看 不 觉得 幼稚
3192584380,章鱼 哥 的 都 有 了 海绵 宝宝 的 还 会 远 吗 ( 疯狂 暗示 )
3192522423,我 的 梦想 我 已经 不 记得 埋 在 哪里 了
3192509582,loser
3192413657,好 丧好 无奈 好 真实
3192281786,人人 都 笑 章鱼 哥 人人 都 是 章鱼 哥
3192151028,求 章鱼 哥 吹 笛子 那 一段 的 bgm
3192148105,听 哭 了 我
3192058712,没有 明天 了
3192045813,那个 不 流行 丧 文化 的 时代 是 什么样 的 呢
3192033506,臻 享 - 多好 的 名字 可惜 他 姓史
3192023127,麻木 了 麻木 了 麻木 了
3191804432,我们 不是 章鱼 哥 又 或者 我们 都 是 章鱼 哥
3191802237,我 也 想 等一等 自己 的 灵魂
3191739632,小时候 不 明白 章鱼 哥 为什么 总是 这么 不 搞 兴 长大 后 不 明白 海绵 宝宝 为什么 总是 这么 快乐
3192918424,为什么 所有人 都 说 这句 你 可以 想 海绵 宝宝 的 视角 人生 愿望 实现 在 蟹 堡 王 上班 有 一堆 朋友 大概 全 比奇 堡 自己 不 缺钱 给 蟹 老板 倒贴 钱 ( _ )
3192929358,还有 章鱼 哥 也 不是 不 高兴 他 的 爱好 和 艺术品 堆满 都 堆满 家 了 他 被 别人 认可 的 时候 特 高兴 ( _ )
3191701378,从卡点 的 角度 上 来讲 还是 有 一些 欠缺 我 是 章鱼 哥 一个 未被发现 的 天才 BV1Q4411k7Qw up 可以 参考 参考 这个 作品
3191701106,我用 的 圈名 就是 小章鱼 虽然 结尾 弹幕 给 小章鱼 晚安 是 对 章鱼 哥说 的 但是 我 自己 心里 也好 暖 呀
3191687116,woc 那 笛子 一响 我泪 两行
3191635156,你 以为 是 海绵 宝宝 但 其实 只是 章鱼 哥 甚至 章鱼 哥 也 不是
3191631162,记得 有 一集 我 特别 喜欢 章鱼 哥 的 老同学 来 找 章鱼 哥 炫耀 他 的 音乐会 章鱼 哥 实在 是 忍 不下 这 口气 就口 嗨 说 自己 也 能 整一个 一流 的 音乐 团队 于是 章鱼 哥 找 来 整个 小镇 所有 认识 的 人 训练 他们 演奏 音乐 但是 无论 章鱼 哥 怎么 努力 海绵 宝宝 他们 要么 不 配合 要么 就是 出岔子 最后 章鱼 哥 实在 是 不 抱 希望 了 挥挥手 让 海绵 宝宝 他们 散 了 打算 自己 去 找 老同学 认输 受辱 这时 最 感人 的 地方 来 了 好 邻居 海绵 宝宝 看见 了 章鱼 哥 落寞 的 背影 理解 了 他 的 感受 于是 私底下 偷偷 用 激励 法 把 整个 团队 训练 成 了 超一流 的 音乐 团队 舞台 上 章鱼 哥 害怕 的 指挥 之下 并 不是 什么 丢人 的 场面 而是 震撼 全场 的 表演 直接 气晕 章鱼 哥 的 老同学 让 章鱼 哥 找 回来 了 自信 这集 真的 看 得 很爽 很 感人 而且 海绵 宝宝 他们 为 章鱼 哥 准备 的 歌曲 也 超 好听
3191640035,我 想 知道 是 哪 一集 我 没 看过
3191673370,最后 那段 的 bgm : sweet victory
3191686479,回复 : 第二季 第十五集
3191695009,回复 : BV1Tx411t7np
3192240125,回复 : 谢谢 了
3192239798,回复 : 谢谢 了
3516699897,我 也 是 非常 喜欢 那 一集 反复 看 了 很多遍
5748525553,诶 对 这集 我 印象 也好 深刻 因为 最后 的 表演 是 真的 惊艳
98380469024,那 只 章鱼 是 章鱼 哥 高中 的 同班同学 是 章鱼 哥 的 死对头 叫 威廉 弗克森台 配版管 他 叫 花花公子 帅 章鱼
98582065968,那个 看 哭 了 但是 我 还是 最 喜欢 海绵 宝宝 我 还是 想 学习 它 的 乐观 积极
102631070656,而且 痞 老板 还 在场 整个 给 我 惊 到 了
127409855360,是 章鱼 b 脸 哈哈哈 哈哈哈
161162326496,那集 好像 是 章鱼 哥梦
183739507952,怪才 乐队 S2 第十五集
208340461584,那首歌 叫 sweet victory 而且 官方 原定 要 把 sweet victory 这集 定为 最后 一集
242668349713,那 一集 叫 怪才 乐队 片尾 的 bgm : sweet victory
275388125409,为了 消防员
286040280353,但 让 不 明白 为什么 章鱼 哥 不能 教好 而 海绵 宝宝 就 能 教好 难道 这 就 不是 在 针对 章鱼 哥 吗 章鱼 哥 本身 就是 喜欢 艺术 的 人 他 真的 一点 也 不 懂吗 章鱼 哥 不是 主角 海绵 宝宝 才 是 我 觉得 这挺 讽刺 的 只有 主角 才 会 发光 发热
3191600749,心疼 的 抱住 章鱼 哥
3191570031,致敬 人生 艺术家 章鱼 哥 以及 他 的 竖笛
3191561986,人人 都 笑 章鱼 哥 人人 都 是 章鱼 哥
3191554999,海绵 宝宝 能开 挂 啊 纸片 开 飞机
3191560766,冲冲 冲
3191551929,成熟 不是 你 越来越 现实 而是 越来越 能 接受 现实
3191533625,bgm 是 啥 啊
3191541486,虽然 视频 挺 好 但 我 还是 想 说 评论 区 老 网易 云 了
3191420332,章鱼 哥 很 真实
3190839312,这里 埋葬 着 我 的 希望 和 梦想
3190763548,加油
3190179501,莫名 发现 章鱼 哥和克 苏鲁 有点像
3190176571,好赞 啊 请问 下 是 音频 是 怎么弄 的
3190100109,世上 第二 好 的 事情 是 在 出生 的 瞬间 就 死 掉 唯一 比 它 好 的 是 根本 没有 生 下来
3189719493,章鱼 哥是 被 社会 磨平 菱角 敲碎 理想 的 海绵 宝宝
3189707693,作品 还 不错 填词 也 还 可以 但是 个人感觉 中间 有 2 段 重复 的 似乎 显得 有些 赘余
3189575079,哭 就 完事 了
3189437243,或许 吧 并 不是 每个 人 都 像 海绵 宝宝 那样 是 主角 更多 人活 的 像 章鱼 哥 期待 明天 会 更好 吧
3189232983,一个 视频 只能 投 三个 币 吗
3189232520,太 好听 了 给 了 三个 币 明天 继续
3189222655,还 没 看 就 果断 三连 了
3189128041,章鱼 哥 设定 就是 一个 很 乐观 的 人 即使 遭遇 挫折 也 并 没有 放弃 他 所 热爱 的 生活 比起 海绵 宝宝 喜欢 表露 出来 章鱼 哥 可能 更 委婉 一点
3189090405,这 便是 我 喜欢 二次元 的 理由 喜欢 崇洋媚外 的 理由 相比 于 美好 爱情 幻想 尔虞我诈 勾心斗角 自以为是 等 我 更 希望 和 一群 真正 意义 上 的 人 在 一起 我 真 羡慕 二次元 世界 羡慕 红树 名 侦探 柯南 贝尔 街 的 亡灵 柯 兰大 古迪加 海绵 宝宝 派大星 章鱼 哥 等 如果 现实 中有 跟 他们 一样 的 朋友 我 不会 走太多 弯路
3188950835,请问 大家 都 抱 着 章鱼 哥是 哪 一集 啊 他 生日 吗
3188814740,清洁
3188647790,章鱼 哥是 最 冷漠 的 好人 派大星 是 最 热情 的 坏人
3188628568,小时候 喜欢 海绵 宝宝 长大 才 知道 我们 都 是 章鱼 哥 我们 没有 活成 我们 讨厌 的 人 我们 只是 长大 了
3188625997,找到 b 站 最初 的 味道 了
3188496725,我 发现自己 做个 心里 的 问卷 都 做 哭 了 我 也 想 做 我 自己 想 做 的 事情
3188489516,如果 没有 海绵 宝宝 章鱼 哥 可能 永远 不能 笑 海绵 宝宝 吧 快乐 带给 每 一个 人 致敬 童年
3188264147,我 但愿 各位 的 梦想 永远 不会 埋葬 在 永恒 黑暗 的 大 海里
3188239158,我 是 章鱼 哥 但 我 为 成为 海绵 宝宝 而 努力 着 我 也 在 冷 夜中 孤独 自怜 但 我 还是 期待 着 明天 不管 是 下雨 还是 晴天
3188067439,Here lies sauidward ' s hopes and dreams .
3188057222,泪目
3187727967,想 做 我 想 做 的 事 想 爱 我 想 爱 的 人 但是 我 不配
3187602526,明天 继续 加油 啊
3187560641,很棒
3187436811,很棒
3187407386,等等 蟹 老板 开心 的 吃 蟹黄 堡
3187284345,说实话 小时候 看 这 动画 特别 喜欢 海绵 宝宝 因为 他 积极向上 总是 很 快乐 觉得 章鱼 哥 整日 司马 脸 非常 忧郁 一点 不讨人 喜 可是 到 了 如今 我 再次 看 海绵 宝宝 才 发现 章鱼 哥是 整个 动画 最有 魅力 的 人 就 像 现在 的 普通人 每日 每夜 做 着 枯燥 的 工作 而 自己 的 爱好 基本上 无法 去 做 像 视频 里 的 一样 因为 生活 我们 的 梦想 死 了 也 祝 各位 还 在 上学 的 朋友 们 一个 鼓励 希望 你们 可以 实现 自己 的 梦想
3187186671,章鱼 哥 明明 也 是 海绵 宝宝 中 的 主角 但是 他 却 在 派 大星 海绵 宝宝 蟹 老板 中 显得 非常 倒霉 落魄 压榨 欠债 房子 被 毁 他 只不过 想 当次 真正 的 主角 快快乐乐 的 有人 能 听 他 的 竖笛 开开心心 的 生活 上班 现实 在 他 身上 总是 那么 残酷 也许 他 才 是 比基 堡 中 真正 的 成年人 吧 ......
3187139931,求 BGM ~ _ ( : ) ) _
3200723378,花之舞
3236964928,回复 : 噢 噢 ~ 谢谢 大佬 ~ 刚看 了 一下 自己 的 纯音乐 曲单 发现 已经 加进去 了 只是 忘 了 ~ ( * / * )
3187136450,章鱼 哥 其实 才 是 最 贴近 我们 生活 的 人 或者 就是 我们 他 有 梦想 却 没有 实现 梦想 的 能力 他 梦想 着 能 成为 什么 但是 却 没有 人 看好 他 甚至 嘲笑 他 他 每天 做 着 日复一日 的 工作 每天 只 想着 上班 下班 对 同事 无 语 老板 无 语 每天 唯一 的 快乐 就是 回到 家 做 自己 喜欢 的 事 不想 跟 邻居 朋友 相处 交流 只想 自己 一个 人 安静 的 做 自己 想 做 的 事 一切 都 像 极了 我们
3186922495,"小时候 有些 讨厌 章鱼 哥 长大 了 些 才 懂 哎 初闻 不知 曲 中意 , 再闻 已 是 曲中人"
3186693258,海绵 宝宝 努力 去 快乐 却 被 认为 是 幸运 每 一个 看起来 快乐 的 人 都 只是 在 努力 而已 让 自己 让 身边 变得 快乐 而已
3186559489,这是 一个 冷酷 的 世界 没有 人会用 银 托盘 把 快乐 端到 你 的 面前
3186339298,燕雀安知鸿鹄之志
3186333500,没有 人用 银 托盘 把 欢乐 带给 你 海绵 宝宝
3186213945,oo4uyt8ii \
3186169506,明天 一定 会 更 美好 的 因为 今天 不能 再 糟糕 了
3186137643,动画片 不 需要 同情 谢谢 他们 只是 动画片 又 不是 真人 是 真人 你 能作 什么 弹幕 说泪 目的 呵呵 笑死 了 ...
3189028850,你 真的 看 懂 了 ? 他们 泪 目的 点 在 哪 你 都 捋 不清
3191671571,老 ky 了
3186080402,章鱼 哥有 他 的 无奈 无力 和 做 什么 都 倒霉 但 他 依旧 是 好 朋友
3185937850,bgm 是 啥
3185879050,中间 那段 BGM 是 什么
3185796238,回家 了 我 不 笑 了 这 是 我 才 发现 脸好 舒服 啊
5076693140,刷网 抑云 的 烂 梗 小鬼 给 有 多 远 爬 多 远
5084844445,回复 :
5084866528,回复 : 草
5101557012,回复 :
3185673972,我 也 想 做 我 爱 的 事
3185411967,明天 更好
3185368828,三连 进度 10% 三连 进度 30% 三连 进度 50% 三连 进度 70% 三连 进度 90% 三连 进度 99% 三连 失败 下次一定 我 还 会 再 回来 的
3185327375,对不起 让 你 如此 笨拙 的 长大 没有 成为 一个 温暖 的 人
3185269704,小时候 以为 自己 是 海绵 宝宝 长大 后 才 明白 自己 是 章鱼 哥
3185199119,我 小时候 就 爱 章鱼 哥
3185149779,评论 来自 M4Sheep 章鱼 哥是 一个 厌世 懦弱 悲观 自认 怀才不遇 有 出众 之处 有 小市民 样 的 男人 他 自恋 本质 上 却是 善良 在 被 现实 狠狠 打击 后 躲 在 自己 家 的 阁楼 上 吹 单簧管 是 他 最后 的 精神 寄托 他 相信 自己 是 个 艺术家 即使 吹得 难听 他 依旧 在 周末 整理 衣领 自顾自 地 吹起来 又 爱 又 恨 的 邻居 味同嚼蜡 的 工作 故意 炫耀 的 老同学 一切 事物 都 在 提醒 他 的 一生 有 多 失败 在 这 在 冷酷 的 现实 之后 章鱼 哥用 他 的 音乐 幻想 和 梦 进行 一次次 悲观 色彩 的 甚至 是 荒诞 的 孤芳自赏 陶醉 的 表情 刺耳 的 旋律 颜色 鲜艳 得 夸张 的 红色 壁纸 在 黑铁 色 冰冷 的 岩石 屋子里 吹奏 的 章鱼 哥 巨大 的 荒诞 感 扯碎 了 令人作呕 的 现实 世界 只有 他 做 自己 的 观众 听 他 的 音乐会 我 认为 章鱼 哥是 整个 海绵 宝宝 系列 最 鲜活 的 一个 角色 他 简直 像是 直直地 从 卡夫卡 的 小说 中 走 出来 一般 以要 刺痛 你 双眼 的 气势 把 一个 孤独 灵魂 在 社会 的 炼狱 里 浮沉 的 景象 摆 给 你 看
3184955544,我 把 理想 卖 了 换成 了 柴米油盐 总有一天 我要 把它买 回来
3184860246,还 记得 有 一集 海底 生物 退化 了 旁边 说 章鱼 哥 退化 是 海底 最 聪明 的 动物 之一 其实 章鱼 哥 并 不是 悲观 的 失败者 而是 他 看透 了 一切 可 即便 是 这样 他 还 在 坚持 自己 的 梦想 即便 最后 遍体鳞伤
3184806109,好 想 爱 这个 世界 啊
3186192367,黑化 吧
3184589335,个人观点 确实 没格 温好 前面 挺 好 中间 来 了 一句 重复 感觉 突兀 综合 很 nice
3184537781,有生 而 为 人 那味 了
3184540413,词 不 太行 再 抑郁 一点 好
3184418573,想 知道 弹幕 里刷泪 目的 是 真的 泪目 还是 和 别的 视频 里面 一样 开玩笑 我 看 完后 挺 难受 的 不 知道 大家 怎么样
3191677028,泪目 一 开始 就是 表达 感动 之类 的 意思
3184414235,我们 可以 相信 童话 ( 海绵 但 也 要 接受 现实 ( 章鱼 )
3184345572,我 的 生活 写照
3184340422,章鱼 哥才 是 海绵 宝宝 的 真 朋友 派大星 就是 坑货
3184217678,康康带 点中 二 的 评论 实在 笑死
3184217260,BGM 是 flower dance . 花之舞 花舞 是因为 花落 了 本质 是 非常 伤感 的 曲子
3184112200,再见
3184074199,做 的 很 好 真的 很 好 可是 确实 是 抄袭 了 点 啊 这 东西 不是 up 说 致敬 就 致敬 的 如果 是 多少 年前 的 作品 快要 淡出 人们 的 视野 了 可以 说 是 致敬 可是 派大星 那个 到 现在 一年 都 不到 而且 那 是 个 每天 都 有人 在 看 的 视频 也 快 一周年 了 那 的 人 也 变得 多 了 点 当然 我 相信 up 肯定 不是 计算 好 时间 才 发 视频 的 up 做 了 半年 很 不 容易 可是 一个 作品 火 了 半年 了 然后 up 有 了 再 做 一个 类似 的 题材 的 灵感 然后 bgm 都 是 同一个 我 觉得 这 不是 致敬 当然 也 不是 抵制 派大星 类似 作品 这样 优秀 的 作品 当然 越多越好 就 像 那个 大威 天龙 好多 同款 优秀 鬼畜 都 出来 了 我们 却 不会 说 它 是 抄袭 我们 很 欢迎 在 原有 的 灵感 基础 上 加以 创新 除了 bgm 一样 其他 都 不同 但 我 感觉 吧 大大 这个 视频 不变 的 因素 太多 了 都 来自 于 海绵 宝宝 都 用 一个 bgm 都 是 人物 独白 非 要说 什么 变 了 的话 就是 换成 了 章鱼 哥 加上 了 笛声 改动 歌词 其实 看开 了 也 都 没什么 就是 我 感觉 致敬 这个 词不太 妥当 而且 确实 有点 抄袭 超 小声 BB 最后 up 做 的 视频 挺 好 的 已 三连加 关注 了 希望 up 越来越 好 明天 会 更好
3280176047,我 看着 鬼畜 区 好多 这样 的 视频 啊 要 不 我们 举报 了
3321413210,嗯 怎么 说 呢 其实 我 个人 觉得 洛温 做 的 那个 确实 在技术上 比 这个 好 但是 子木 的 这个 更 贴近 大多数 人 的 生活 现状 前者 带来 伤感 但 后者 更让人 感同身受
3321414985,并且 同 一首 曲子 同 一种 感情 重新 填词 我 觉得 很难 不 做到 相互 独立
3411784804,不 只是 bgm 相同 啊 最 疑似 抄袭 的 不是 因为 歌词 的 flow 都 完全 一样 吗
3971889501,更 准确 的 来说 应该 叫 借鉴
5160064979,那 鬼畜 区 抄袭 得太多 了 比如 满屏 的 刘华强
3184011020,陈浩 老师
3183975053,人生 七年 渡口 编年
3183911271,火钳 刘明
3183904881,怎么 说 呢 太 像 了 没 必要 刻意模仿 改变 一下 节奏
3183853684,视频 认真 看 了 确实 技术 力 很 高 但 观感 总 觉得 很 奇怪 的 不如 派大星 自然
3183851320,小时候 不 明白 为什么 不 快乐 长大 后 不 明白 海绵 宝宝 为什么 可以 一直 快乐
3184054376,额 你 可以 站 在 海绵 宝宝 的 角度 想 一下 海绵 宝宝 的 人生 愿望 就是 在 蟹 堡 王 工作 然后 他 还有 一群 朋友 自己 也 不 缺钱 特 快乐 ( )
3185875624,回复 : 长大 后 这么 简单 的 理想 可太难 了 / TT ) /
3185873824,回复 : ( )
3183821658,似曾相识 表达 不同
3183757487,...
3183722940,强烈推荐 发个 音频
3183574783,小时候 不 知道 章鱼 哥 为什么 总是 生气 长大 后 不 知道 派大星 为什么 一直 开心
3183509718,感觉 和 洛温 相互 应洛温 四千万 了 希望 这个 视频 也 能 破 千万 吧
3183514664,虽然 台词 也 有点像
3183497608,我们 都 想像 海绵 宝宝 和 派 大星 一样 傻傻 呆呆 无忧无虑 的 活着 确 事与愿违 的 成 了 章鱼 哥
3183479981,小时候 觉得 章鱼 哥 就是 个 很 丧 很 消极 的 失败者 后来 发现 他 只是 个 再 普通 不过 的 大人
3183454915,那 竖笛 独奏 是 什么 歌
3183409885,做 的 很 好 赤诚 之心 好 i
3183392539,洛温 无敌
3183335319,我 以前 喜欢 章鱼 哥 因为 觉得 就 他 最 正常 最 成熟 现在 我 喜欢 海绵 宝宝 能 被 那么 多人 喜欢 又 天真 浪漫
3183302461,here lies our hope and dreams
3183300487,章鱼 哥 虽然 整天 讨厌 海绵 宝宝 但 心里 是 喜欢 他 的
3242503456,我 感觉 章鱼 哥 幼年 也 是 海绵 宝宝 他 只是 想 保护 一个 曾经 的 自己
3243945388,回复 : 嗯
3183246099,想 问问 成功 是 什么
3183181091,有 谁 告诉 我 这个 版本 的 培 配音 是 什么 吗
3183171542,BGM 是 什么 听到 这 首歌 总能 想起 一件 事 怎么 说 呢 就是 提 一次 就 难过 一次 已经 离别 快 一年 了 还是 每天 忍不住 的 想起 ta
3183050827,章鱼 哥 吹 的 什么 BGM
3183083547,我 觉得 可能 就是 花之舞 吧 ( = = )
3183234252,Up 自己 调 的
3183252649,回复 : 置顶 评论 第六 页
3183050444,章鱼 哥 吹 的 什么 BGM
3183040867,抑郁 了
3183449118,一 开口 就 老网 抑云 了
3183037712,这里 埋葬 的 是 章鱼 哥 的 梦想
3242503973,我 的 梦想 也 早已 被 埋葬
3183032917,章鱼 哥 吹 的 什么 BMG
3183032506,好累 啊
3182988104,我 超爱 章鱼 哥 小时候 喜欢 海绵 宝宝 是因为 自己 就是 海绵 宝宝 长大 了 喜欢 海绵 宝宝 是因为 自己 懂 了 章鱼 哥 我 叫 余歌 多 好听 的 名字 啊 可惜 我 姓张
3182958933,辛苦 了 up 主
3182903920,留白 的 部分 升华 了
3182871117,章鱼 哥 海绵 宝宝 你 可知 你 的 菠萝 房下 埋葬 什么
3182863374,章鱼 哥 总是 自以为是 但 每个 人 都 是 章鱼 哥
3182836593,章鱼 哥 吹 的 什么 BGM
3182792277,其实 吧 进入 了 社会 就 会 发现 大部分 人 但是 章鱼 哥
3182746277,墓碑 上 写 着 : 章鱼 的 梦想 与 希望 埋葬 于 此
3182731034,求 最后 的 竖笛 独奏
3182688237,求 最后 吹 竖笛 的 曲名
3182682462,我 的 人生 七个 目标 完成 四个 了 未来 三个 目标 不 知道 还 能 不能 完成 翼装 飞行 可能 这辈子 都 不能 完成 了 吧
3182568519,其实 可以 换个 bgm 的
3182496427,这 不 就是 抄袭
3182456140,致敬 多 了 就 无聊 了 而且 还是 这种 让 人 抑郁 的 视频 真的 是
3182434576,你 今天 累坏 了 明天 一定 会 更 美好 更 美丽 的
3182419907,强和格温 的 连 起来 了
3182404044,我 的 首页 出现 了 什么
3182405371,调音 很 好 可惜 感觉 还 差点 主要 是 词 的 问题 对 角色 的 了解 还是 不够 深 而且 词有 很多 是 重复 了 总体 还 说 也 还 可以 希望 你 可以 变 的 更好
3364583267,我 觉得 调音 真的 不怎么样 这个 作品 我 觉得 舒服 得 多 BV1Q4411k7Qw
3182359514,在 哪能 听 音频 啊
3182355010,章鱼 哥 的 梦想 就 埋葬 在 这里 啊 诶 我 的 梦想 哪去 了
3182302151,看 哭 了 害 我 也 想 做 我 自己
3182298093,我 的 一切 逝去 不再 来
3182286400,从前 我们 都 想 活成 海绵 宝宝 可 长大 了 才 发现 我们 一步 一步 走向 章鱼 哥
3182255120,结局 不 需要 非得 大团圆 结局 的
3182184238,泪目
3182145019,明天 一定 会 更好 更 美丽 的
3182142624,第一次 三连好 奇妙 的 感觉
3182119864,天 哪 这 播放 量 飞涨 啊
3182126954,感动 泪目 三连
3182080128,18 岁 以前 喜欢 派大星 和 海绵 宝宝 18 以后 突然 喜欢 章鱼 哥
3182068735,其实 up 说 章鱼 哥 更 适合 帕金森 的 派 大星 我 认为 两者 无法 比较 章鱼 哥 表里 都 讲述 了 一个 心怀 远大 却 不得志 社会 阶级 的 普通人 帕金森 的 派 大星 海绵 宝宝 却是 深挖 进去 用 自己 的 方法 塑造 了 一个 不在意 他人 目光 和 想法 一心 做 自己 的 少数 人 与 之 相对 的 海绵 宝宝 为了 强迫 自己 融入 社会 光鲜 的 表面 下 却是 痛苦 抑郁 的 多数 人 这 是 动画 中 没有 表现 up 所 全新 塑造 的 一个 故事
3182051188,2020
3182046933,会 好 起来 的
3182046673,请问 章鱼 哥当 乞丐 是 哪 一集 感觉 有点 悲凉
3182038841,加油 ( _ )
3182038526,明天 一定 会 更 美好 更 美丽 的
3182037812,想 成为 2020 条 评论
3182035159,之前 还 只有 1 万 咋 突然 百万 了
3181965791,BGMFlower Dance 译名 花之舞
3181944259,章鱼 哥是 这部 动画 唯一 正常 的 人
3182193175,笑死 何为 正常 以 你 为 标准 吗
3182460181,泡浮
3191686957,回复 : 以 大众 为 标准 有 问题
3191696254,回复 : 所以 你 活得 很苦 逼人 人 都 是 章鱼 哥
3191706792,回复 : 年轻 真 可悲 可怕
3267773641,回复 : 哈哈哈哈 也 算
3267889260,回复 : 跟苦 逼 有 什么 关系 啊 我 只是 觉得 章鱼 哥 的 脑 回路 是 里边 少数几个 接近 正常人 的 其他 角色 放 现实生活 都 称得上 怪人 好 吗 但是 海绵 宝宝 也 就是 这样 才 有 反差 才 有趣
3181919821,bgmflower dance
3181868980,人间 几许 失意 为何 偏偏 选中 我
3181846536,我 想 了 好多 但是 无从 开口 我 只 问 你们 一句 你们 真的 思考 过 自己 想要 的 是 什么 吗 我 是 真的 想过 的 所以 我 知道 它 的 难度 太大 我 想 的 是 怎么 快速 统一 地球 不是 为 自己 只为 让 生命 延续下去 以 目前 的 态势 人类 发展 下去 的 结局 就是 灭亡 以 人类 现在 的 文明 程度 已经 不 需要 大肆挥霍 地球 资源 了 而 因为 人类 的 劣根性 生命 终将 逝去
3181878177,只要 生命 的 延续下去 人类 终 有 一天 会 成为 神 科技 成神 我 不 开玩笑 这是 事实 只是 我见 不到 那 一天 了
3181843115,秀儿
3181842468,我来 组成 2000 评论
3181836755,章鱼 哥 在 海底 还有 个房 呢 还是 一栋
3181815239,up 主 你 做到 了 章鱼 哥 也 会 做到 的
3181811423,这里 埋葬 的 是 章鱼 哥 的 梦想 真 见鬼
3181768867,真 好 还有 梦想 浑浑噩噩 连 梦想 都 没有 咋办
3181748093,泪目
3181743379,我 还 活着 我 还有 未来 我 当然 还有 希望 明天 会 更 美好
3181728992,看到 泪目 了 其实 我 也 纠结 要 不要 评论 总 感觉 我 打 这个 就 像 要 骗 赞要 博取 关注 海绵 宝宝 是 我 的 童年 但 我 早已 抛弃 了 他 今天 无意间 点 进来 也 是 有缘 我 突然 发现 章鱼 哥长 得 很 像 我 的 外公 可能 是因为 额头 的 皱纹 和 怎么 看 都 朴实 的 衣服 吧 我 也 不 知道 我 说 这些 有 什么 意义 外公 前 几天 离开 的 肺癌 我 现在 还 记得 我 妈妈 在 家里 对 我 说 的 那句 虽然 外公 离开 了 我 还有 你 可是 对于 我 是 女儿 这个 身份 来说 我 的 家 就 不 完整 了 真的 很累 海绵 宝宝 说 外面 是 个 冷酷 的 世界 时 我 真的 这么 觉得 因为 我 家庭 原因 我 也 很 理解 我 只是 失去 的 是 外公 还是 隔 了 一代 可是 我 的 妈妈 她 是 失去 了 父亲 她 身为 女儿 的 家 不 完整 了 她 必须 从 这个 有 漏洞 的 家 看 向 我们 这边 由 她 和 另 一个 男人 组成 的 家 一个 经常 闹矛盾 每有 什么 温情 的 家 世界 很累 希望 明天 会 更好 吧
3181680480,哭 了
3181655506,老网 抑云 了
3181639162,这里 埋葬 着 章鱼 哥 的 希望 与 梦想
3181636016,这 真的 是 致敬 而 不是 抄袭 嘛 ... 虽然 真的 做 的 很 不错 ... 但是 总 感觉 很 ...
3181651086,洛温 的 是 派 大星 我 的 是 章鱼 哥 除了 曲子 里面 的 flow 和 所 表达 意思 都 有所区别
3181710128,用 这首 曲子 做 的 鬼畜 和 这样 风格 的 鬼畜 很多 说不上 抄袭
3181999794,风格 一样 而已
3181573960,蕾 姆 章鱼 哥 啊
3181581762,海绵 宝宝 讽刺 意味 很 重 小时候 看 懵 逼 不知 所以然 地笑 成年 后 看 心酸 知 所以然 地笑
3181541933,看 完 视频 流出 泪 的 陌生人 明天 一定 会 更 美好 更 美丽 毕竟 我 连 乐器 都 不会 所以 天生我材必有用 只是 没 发现 罢了
3181502604,一个 成功 又 欢乐 的 人 永远 无法 明白 一个 失败者 独自一人 品尝 百般无奈 后 的 痛处 同样 一个 失败者 也 永远 无法 理解 成功 后 辉煌 的 那一刻 毕竟 有失 有 得 才 是 这个 世界 的 守恒 永恒不变
3181489067,我 只是 喜欢 海绵 宝宝 单纯 的 因为 可爱 和 爱看 动画片 没有 那么 多愁善感
3181493866,所以 我 喜欢 海绵 宝宝 啊 热爱工作 快乐 生活 这 看起来 不难 的 事 是 真的 难 做到
3181483790,派大星 更 聪明 所以 选择 当 傻子 放弃 才华 章鱼 哥 属于 普通人 历经 风浪 后 却 做 不到 那么 洒脱 的 当 一只 无忧无虑 的 海心
3181474509,我 想 和 人 聊天 什么 的 可是 没人能 和 我 聊 就 只能 像 章鱼 哥 一样 做 一个 冷漠 的 人
3181473750,年轻 这个 借口 我 还 能 用 多久 呢
145029379344,这 不是 网易 云
3181472644,有 些许 无奈 然痛 并 快乐 的 爱
3181475351,海绵 宝宝 是 童年 章鱼 哥是 成年人 吧
3181466301,盲 猜会火
3181458793,背景音乐 是 什么
3181485094,flower dance 要 Vip 才能 听 不过 有 钢琴曲
3181438935,搜索 栏 通知书
3181427389,小 的 时候 看 海绵 宝宝 周围 的 小朋友 都 喜欢 海绵 宝宝 派大星 唯独 我 喜欢 章鱼 哥 觉得 章鱼 哥 和 那 时候 的 自己 很 像 现在 长大 了 才 真正 的 意识 到 我们 都 很 像 章鱼 哥 生活 中有 很多 的 章鱼 哥 他们 都 在 为了 自己 的 梦想 而 努力 但 最终 却 还是 被 残酷 的 现实 所 打败 其实 章鱼 哥才 是 最 真实 的 人生 写照
3181419013,人 最终 会 活成 自己 最 讨厌 的 样子 ... 可能 吧 ...
3181398107,那些 动漫 催泪 神作 没能 赚 得 我 的 眼泪 或许 我 不 懂 爱 不 懂情 但 我 知道 生活 知道 艺术 章鱼 哥 一直 让 我 很 喜欢 一个 生活 灰蒙蒙 的 成年人 但是 至少 他 有 海绵 宝宝 他 有 派 大星 他 有 这些 能 点亮 他 的 生活 的 朋友 同事 们 他 有 一群 喜欢 他 的 观众 而 我 一直 以来 只能靠 自己 抑郁 自己 扛 成绩 自己 提高 考 结束 的 现在 我 还要 自己 为 自己 过去 的 人生 买单 或许 我 的 高考 成绩 会 很 不错 但 我 想 我 的 人生 未来 只能 是 灰色 我 也 只能 永远 我 自己 去 点亮 我 以为 我 不会 流眼泪 了 但是 今天 看到 这个 视频 突然 就 共鸣 眼泪 根本 止不住
3181392470,NIU
3181383674,BGM 是 什么
3181422973,Flower Dance 没 记错 的话 应该 是 这个
3181495098,回复 : 讠 射
3181379016,我 独自一人 唱 着 我 的 歌
3181366411,火钳 刘明
3181358409,诶 一部 片子 小时候 看 跟 长大 看 感觉 完全 不 一样 怎么 说 呢 从 另 一个 方面 讲 他 也 是 陪伴 我 走过 童年 和 青年 的 进击 的 巨人
3181343460,厉害
3181340097,搜索 栏 推荐 来 的 up 主 加油
3181312239,老网 抑云 了
3181308460,BGM 的确 是 个 问题 但 对 我 来说 功大于过
3181277498,火钳 刘明
3181261141,坚持 下来 就 好 了 .
3181217702,三连 了
3181213627,泪目 真 泪目
3181211646,道理 是 这么 个 道理 只能 实用 适用 这 类人 不是 所有人 都 适用
3181203443,小时候 总是 疑惑 章鱼 哥 为什么 总是 如此 愤怒 长大 搞 不 明白 海 绵绵 宝宝 为什么 可以 永远快乐
3181196597,对 自己 说 今天 辛苦 啦 明天 一定 会 更 美好 更 美丽 的
3181184249,网抑 模式
3181191551,BGM 是 什么
3181183893,很棒 加油
3181176815,小时候 好奇 章鱼 哥 为什么 总是 不 开心 长大 了 奇怪 海绵 宝宝 为什么 一直 那么 快乐 或许 世上 没有 章鱼 哥 或许 人人 都 是 章鱼 哥
3181156913,无论 今天 怎样 明天 会 更好 的
3181150160,up 加油
3181145283,小时候 不 喜欢 他 大 了 开始 心疼 他
3181136433,大大 我 真的 好 喜欢 你 做 的 这个 视频 太 有意思 了 可以 转发 到 别的 平台 吗 会 在 标题 上 写明 出处 和 您 的 B 站 名字 的 可以 转发 吗
3181155336,可以 私信 一下 up 评论 容易 被 埋
3181155935,或者 可以 充电 留言 一下
3214943595,回复 : 好 的 谢谢 ( )
3181109868,章鱼 哥 都 去 s
3181107539,海绵 宝宝 没事 的 别 这么 难过 ---- 又 来 了 一个 听 着 告诉 你 的 伙计 我 不会 给钱 的 ----- 你 还是 拿 着 吧
3181106865,bgm 犯规
3181106601,章鱼 哥 这条 鱼 敢爱敢恨 不 做作 曾 是 迷倒 多少 少女 的 童年 偶像
3181073998,老网 抑云 了 唉
3181053803,孤魂野鬼 无需 坟头
3181043825,泪目
3181042079,章 鱼 哥 之 死
3181037637,互关 吗 泪目
3181028916,你 其实 可以 评论 区艾特 一下 你 获得 灵感 的 up 的 本人 这个 置顶 挺 好 的 up 主挺 好 的 赞
3181009852,明天 一定 会 更 美好 更 美丽 的
3181011987,住手 这 不是 网抑 云
3181010109,火 了
3180999706,首页 通知书 ~
3181003251,小时候 觉得 自己 能 活成 海绵 宝宝 长大 后 才 发现 活成 了 章鱼 哥
3180997900,章鱼 哥挺 好 了 在 比基尼 海滩 还有 一处 房产
3180984321,我 什么 也 做 不到
3180983535,感激 UP 主 谢谢 你
3180983280,那 啥 我 觉得 我 得 有 个 评论 好 几次 主页 推送 我 终于 点 进来 了
3180978219,首页 通知书
3180948818,章鱼 哥 可以 说 是 比基尼 海滩 最 正常 的 人
3180946418,火钳 刘明
3180950843,章鱼 哥才 是 常态
3180943085,海绵 宝宝 都 这么 无脑 了 还 是非 要 挖点 spirit 吗
3180940246,up 看 我 给 你 送 什么 来 啦 搜 索 通 知
3180908586,可是 海绵 宝宝 爱 你 啊 虽然 他 有点 傻 但 他 是 那个 总会 把 饼 分 你 一半 的 人 多少 人有 这样 的 朋友 呢
3180900012,你 要 淦 什么
3180861439,泪目
3180839298,"我们 羡慕 海绵 宝宝 的 创造 有 想法 有 激情 积极 不 功利 有时 有 意外 收获 但 他 背后 是 对 生活 的 热爱 和 探索 永不 停歇 的 努力 即使 很累 也 有 坚强 的 信仰 内心 单纯 善良 所以 在 他 眼中 所有人 都 是 好 的 可以 从 其他人 不经意 的 行为 获得 想法 和 积极向上 的 动力 也 只有 这样 的 人才 会 有 派 大星 以 这样 的 朋友 在 外界 看来 一切 不 努力 不 值得 喜欢 的 蠢人 "" , 却 只有 海绵 宝宝 能 发现 派大星 的 宝藏 真诚 朴实 善良 真性情 而 我们 大多数 人 想要 蟹 老板 和 痞 老板 一样 的 金钱 地位 但是 没有 他们 那样 的 见识 和 努力 蟹 老板 拥有 蟹黄 堡 的 秘方 坚守 秘方 几十年如一日 的 只 把 蟹黄 堡 的 店 做好 虽然 是 有些 功利 引得 大家 不 喜欢 但是 不是 能 看出 他 的 专注 以及 他 也 很 爱 他 的 女儿 也 很 暖 痞 老板 虽然 自身 条件 限制 他 凭借 他 自己 拥有 自己 的 事业 当然 这些 都 是 为了 他 的 初心 用尽 一切办法 获得 蟹黄 堡 秘方 是不是 也 很 励志 不过 我 隐约 记得 痞 老板 并 不想 伤害 什么 人 最后 内心 也 觉得 偷来 的 东西 不 对 但 仍 不 忘 初心 "" 而 又 释然 而 我们 普通人 不是 派大星 不是 蟹 老板 不是 痞 老板 不是 海绵 宝宝 更 像是 章鱼 哥 心中 有 理想 竖笛 音乐家 但是 好高骛远 有点 练 不好 琴怨 没有 环境 没有 教育 用来 谋生 的 服务员 工作 不能 从中 得到 乐趣 抱怨 消极 想着 他 朋友 音乐家 的 身份 心里 更 不 舒服 觉得 自己 不 应该 呆 在 这里 做 服务员 但是 自己 琴技 不好 也 没有勇气 放弃 这个 工作 不 做 就 在 恶性 抱怨 中 循环 这 更是 不利于 一个 人 进步 另外 相对 于 其他 人物 章鱼 哥 很 自傲 认为 自己 很 厉害 看不起 任何人 觉得 自己 的 都 是 对 的 也 限制 更 多 的 认识 而 只能 在 比较 中 凸显 自己 或者 否定 自己 改变 似乎 都 没有 但是 孟子 中有 句 话 说 人 之 异于 禽兽 几希 人 和 禽兽 的 区别 就是 那么 一点 章鱼 哥有 这么 一点 他 也 会 被 海绵 宝宝 被 蟹 堡 王 感动 也 会 躲起来 偷偷 抹 眼泪 哭泣 不想 让 别人 发现 他 的 脆弱 这 应该 就是 章鱼 哥 可爱 的 地方 而 我们 可以 从 章鱼 哥 身上 更 多 的 看到 自己 能够 变成 一个 新 的 章鱼 哥 仍然 有 个性 但 积极 热情 有 理想 并 为 之 刻苦 努力 有 困难 尽全力 克服"
3180819911,萨克斯 一起 泪目
3180816648,中间 章鱼 哥 小号 吹 的 什么 音乐
3181448279,Flower Dance ?
3180802751,让 我 明白 了 什么 是 普通人 的 悲喜
3180793733,大概 只有 瑞克 莫蒂 里面 的 杰瑞 能比 了 吧
3180791929,小时候 看着 乐 呵 长大 后 看着 流泪 ( )
3180783323,鬼畜 区热榜 第一 当之无愧
3266751522,当之有愧 不
3180745960,真实 的 人生 泪目
3180739788,up 看 我 给 你 送 什么 来 啦 搜 索 通 知
3180728638,必须
3180722872,这样 的 日子 又 遭 我 眼前
3180711116,好棒
3180705401,最 开始 我们 都 以为 自己 是 快乐 的 海绵 宝宝 成熟 一点 后 又 误以为 自己 是 看透 生活 的 派 大星 最终 才 发现自己 是 最 无奈 的 章鱼 哥 或许 章鱼 哥才 是 大多数 人 的 缩影 有 自己 的 爱好 和 梦想 却 始终 不 被 认可 只有 妥协 于 现实
3180687394,生活 为什么 艰难 是因为 人多
3180692169,人多 资源 相对 就 少于 是 互相 倾轧 就 开始 了 老子 所 倡导 的 的 小国寡民 难道 是 空谈 吗
3180677479,章鱼 哥 吹 笛子 那段 好强 啊 不过 填词 不太好 总之 up 辛苦 啦
3180671330,u1s1 这 是 全 b 站 继派 大星 以来 最有 内味 的 独白
3180649597,我 把 我 的 灵魂 套入 了 这 副 躯体 没 人 在意 我 的 灵魂 只在乎 我 的 皮囊 平庸 我 而是 此般
3180650844,搜索 推荐 通知书
3180646082,搜索 栏来 的
3180633427,章 鱼 哥 自 杀 的 原 因
3180623755,可以 啊
3180623346,三连 了 很棒
3180617604,小时候 不 懂 章鱼 哥 为什么 闷闷不乐 长大 后 不 懂 派 大星 为何 永远 乐呵呵
3180620274,搜索 栏来 的
3180604401,如果 有 一天 我能 实现 自己 的 梦想 我 绝不会 让 我 的 双脚 站 在 这 油污 的 地板 上
3180593614,章鱼 哥 扫墓 是 哪 一集 啊 有 印象 但 记不清 了
3180778258,蟹 老板 摆地摊 那集
3180593107,看 完 之后 默默 的 取消 了 赞 改成
3180577970,别 在 这个 视频 下面 bb 网抑 云 阴阳怪气 了 哪个 地方 没有 bbll 抑郁 的 有 一 说 一 你 b 战 抑郁 视屏 更 多 这 就是 个 普通 鬼畜 视频 有些 人 还 能嘲 人 都 有 想 发泄 负能 的 时候 咋 的 你 人生 就 明媚 多彩 不会 低落 了 有 什么 必要 嘲讽 的 收收 你 那 莫名其妙 的 优越感 吧 视频 是 好 视频 up 主想 表达 的 东西 我们 应该 也 都 明白 但 请别 随意 给 什么 东西 贴标签 你 不配
3180549835,时间 到 了 要 开始 抑郁 了
3180535432,别忘了 章鱼 哥 也 有 高光 时刻 那场 大家 一起 演出 的 演唱会
3180547025,BV1Tx411t7np
3180524648,泪目 这部 iu 是 我 吗
3180514603,现在 的 我 更加 喜欢 章鱼 哥 了
3180509631,删除
3180492945,我 居然 在 鬼畜 区 哭 了
3180494331,捞 捞
3180499086,在 抽个 5G 套餐
3180508082,回复 : 等 我 哭 完 呜呜 呜呜
3180509519,捞 一捞
3180917763,回复 : 送 你 个 给 我 来 一个 5G 套餐
3183934846,公号 私用
3184010225,送个 流量
3231608765,啊 这
3291000486,公号 私用 举报 了
3293370196,联通 还 哭 呢 我 朋友 在 联通 都 快 闲 出毛病 来 了
3324015779,az 好久 都 没 见到 了 也许 是 我 看 视频 看 的 少
3334768838,在 来 套 移动 5G 套餐
3360601196,等等等等 别 抢 完 了 给 我 也 一套
3381739918,回复 : 抱抱 不哭
3945170933,回复 : 官方 也 不 容易 呀
105974517872,回复 : 妈 的 今天 一天 三个 电话 全在 重要 的 时候
106271407136,来个 5G
108187997904,唉 唠 吧
119001683712,一样
122496140160,回复 : 给你个 币 送 我 终生 5G 套餐 怎么样
147473259648,这高仿 还 挺 大胆 是 真的 不务正业 是 吧
175607478640,回复 : 在 上海 信号 不好
192194635344,青年人 成才 的 关键 是 自身 能力 还是 外部 机遇
261172734801,. 快给我 一个 5 级 套餐
3180479423,以为 鬼畜 都 是 搞笑 的 我 错 了
3180472277,我 真的 喜欢 章鱼 哥
3180462434,你 今天 累坏 了 小章鱼 明天 一定 会 更好 的
3180402897,小时候 不 明白 章鱼 哥 为什么 总是 不 开心 现在 不 明白 海绵 宝宝 总是 那么 开心
3180402384,残破 的 梦想 黯淡 的 笛声 和 着 押韵 的 风 让 我 回到 我 的 坟墓
3180396338,不错
3180386128,果断 三联 太 感动 了
3180377471,每 一个 笑话 背后 都 有 一个 悲剧
3180363769,有 一 说 一 有点 网抑 云 那 味儿 了
3180328328,有些 幸运儿 能 见到 它 回光返照 但 大部分 人 都 要 亲手 埋葬 自己 的 梦想
3371943362,类目
3180313934,懵 逼 了 我 不 知道 抄袭 的 定义 是 啥 有人 可以 普及 一下 吗
3180310646,泡 芙 老师 : 大家 都 爱 海绵 宝宝 哦 我 的 天 哪 章鱼 哥 你 为什么 会 有 这么 奇怪 我 是 说 夸张 的 想法
3180303990,剪辑 很 辛苦 的 吧 三 连 支持 了
3180298398,走 自己 的 路 让 别人 说 去 吧
3180296883,坦白说 一方面 我 相信 我 的 祖国 越来越 富强 相信 人类 的 科技 归 不断 发展 相信 人们 的 生活 水平 越来越 高 另一方面 我 也 看到 贫富差距 的 扩大 看到 阶层 固化 上升 空间 狭窄 看到 人 与 人 之间 的 差距 和 矛盾 前者 给 人 希望 后者 负责 遮盖 掉 希望 并 踩 你 一脚
3180284681,成人 的 世界 比 我 想象 的 难
3180268554,搜索 通知
3180263904,永远 相信 美好 的 事情 即将 发生
3180246358,世上 最 痛苦 的 人 是 小 有 才华 的 人
3180242489,小章鱼 需要 变得 沙雕
3180234377,兄弟 们 这个 银 托盘 带来 快乐 是 上下文 还是 有 什么 寓意 没有 搜 到 大佬 告诉 一下
3180213040,我 枯 了
3180160284,up 真的 剪 的 好好
3180152910,求 开头 是 第几 集
3180147686,说 抄袭 的 都 是 酸 有 本事 自己 去 抄 一个
3180141029,李在 赣 什么
3180122968,觉得 生活 不满 的 快 进到 重开 别 在 这 BB
3180125500,假如 我 不曾 见 过 派 大星 的 独白
3180108974,从小 就 特别 心疼 章鱼 哥 本来 就 生活 不易 了 海绵 宝宝 还 总是 打扰 他 的 生活 倒 不是 说 海绵 宝宝 开心 错 了 只是 对比 之下 章鱼 哥 真的 太 可怜 了
3180078962,孤独 是 壶 烈酒 烧 了 喉咙 还 说不出口 感觉 讲 的 就是 自己
3180068466,推荐 大家 去 看 这个 视频 BV1v7411M796 这个 视频 是 关于 章鱼 哥 的
3180025362,长大 才 懂 章鱼 哥 小时候 只 觉得 他 好 逗
3179988253,章 鱼 哥 之 死
3180018108,章鱼 哥 自杀 是 恶搞 的 连 海绵 宝宝 的 官方 都 玩 了 这个 梗
3179990686,成年人 不 等于 hape 不 等于 社会 边缘 人 ok
3179967650,我 的 笑脸 我 的 爱 一切 逝去 不再 见
3179964275,泪目
3179954442,泪目
3179954007,击中 我 的 反而 是 海绵 宝宝 那句 外面 是 个 冷酷 的 世界 海绵 宝宝 不是 真正 的 傻 白甜 或者 幸运者 他 只是 天生 乐观 善于 从 积极 了 一面 来看 世界 对 世界 抱 有 热爱 很多 时候 成功 跟 心态 真的 脱不了 关系 自怨自艾 不会 起多大 的 作用 这句 话 也 送给 我 自己
3179950607,章鱼 哥才 是 按着 世界 的 逻辑 努力 生存 的 人 虽然 有点 狼狈 但 已经 足够 勇敢 了
3180036071,在 海绵 宝宝 这个 世界观 里面 只有 章鱼 哥是 最 理智 的 然而 理智 在 这 疯狂 的 世界 并 不管 用
3179948430,看看 就 好 了 别想 太多奥 评论 就 奇怪 别 觉得 你 是 章鱼 哥别 觉得 章鱼 哥 正常人 说 白得 努力 呀 且 看 章鱼 哥 还 不是 有 自己 工作 还有 自己 房子 现实 可比 章鱼 哥 更 现实 也 更 美好 我 觉得 还 不是 取决于 你 到底 是 个 懒 狗 不学无术 还是 一个 愿意 努力学习 奋斗 的 人
3179929651,希望 你们 能 分清 心情 差 和 抑郁
3179934105,很治郁
3179925930,去 死 哈哈哈哈
3179913762,明天 一定 会 更 美好
3179907523,当代 嫉世厌俗 散发 着 恶臭味 的 five 青年
3179892682,当 我 看见 这种 视频 就 知道 某些 抖音 小学生 要 盗 音频 了
3179895995,泪目
3179836709,偶尔 丧 偶尔 积极
3179840305,bgm 是 啥 跪求
3180300952,花之舞
3180480286,谢谢
3179828008,活 的 最 成功 的 人 就是 希望 自己 的 死 比 自己 活着 更有意义 你 觉得 你 是 一个 死 的 起 的 人 吗 这 是 你 没有 资格 去 迎接 死亡 的 最 有力 的 依据
3179815862,小时候 看 海绵 宝宝 觉得 章鱼 哥 很 可怜 但 现在 我 的 人生 也 在 向 章鱼 哥靠 齐 了
3179803158,看 的 想 让 人 自杀 了
3179807734,我 好 讨厌 我 自己 我 虽然 有 很 幸福 的 家庭 但是 我 感觉 不到 家人 对 我 的 爱 他们 只 要求 我 做 什么 做错 了 一点 很小 的 事情 他们 就 放大 然后 批评 我 自私 我 真的 好 讨厌 这样
3179783183,章鱼 是 现实 海绵 是 梦想
3179773474,爱 了
3179776425,挖 哒 西哇 章鱼 哥 年龄 33 岁 家住 在 比奇 堡 算了算 了 吟唱 失败
3179740271,既然 选择 继续 就 继续 加油 吧
3179713985,我 想 起来 她 对 我 说 的 一句 话 原谅 我 把 你 忘记 心动 已 是 曾经
3179689485,为啥 我 觉得 唱 的 这么 好 因为 我 跟 章鱼 哥太像 了
3179690583,麻木 了 就 不痛 了
3179675248,很 好 的 调音
3179652719,去 TM 的 人生
3179648369,卧槽
3179645735,我们 这代 开始 慢慢 步入 社会 了 但是 貌似 正赶上 分配 不 均匀 的 年代 大家 都 憋着 一股 牢骚 啊
3179640350,抵制 网抑 云 行为 抵制 网络 伤感 行为 网络 并 非法 外之地 请勿 传播 负面 感情 营造 良好 网络 环境 从我做起
3179633310,建议 出个 音频
3179621736,月亮 很亮 亮 也 没用 没用 也 亮 我 喜欢 你 喜欢 也 没用 没用 也 喜欢 李诞
3179618564,这个 作品 从 年初 做到 现在 可以 说 是 我 做 的 时间 最长 的 一个 作品 了 中间 断断续续 因为 我 的 能力 有限 多次 打算 放弃 这个 视频 的 制作 但是 我 最后 还是 磨 了 出来 从 歌词 到 混音 我 推翻 重做 了 十几次 因为 章鱼 哥 的 台词 不 多 而且 很多 台词 因为 语气 声调 的 不同 而 不能 使用 歌词 便 写 了 又 改改 了 又 写 自己 也 想 过 自己 做 这个 视频 花 了 这么 长时间 播放 量 如果 还是 非常 惨淡 那该 怎么办 可是 我 还是 选择 做 这个 视频 因为 这个 视频 对 我 来说 有着 不同 的 意义 里面 的 歌词 或多或少 都 有着 自己 的 想法
3179589790,不 太行 哦 铁汁
3179585264,认清 现实 的 残酷 并 不是 他 的 成熟 在 那样 倒霉 的 生活 中 一直 吹 着 不好 听 的 竖笛 才 是
3179578452,一 打开 评论 区 都 是 老 抑郁症 了
3179524383,听 哭 我 也 爱 章鱼 哥
3179518606,内容 还 可以 但是 还 可以 做 得 更好
3179514629,派大星 是 大智若愚 的 天才 而 章鱼 哥才 是 我们 平凡人 的 写照 但 庆幸 的 是 我们 大多数 人 都 没有 章鱼 哥 那么 倒霉
3179514356,SMLZ
3179508957,以前 我 总是 在 嘲笑 章鱼 哥 的 竖笛 太 难听 现在 我 发现 原来 章鱼 哥是 热爱 竖笛 就算 吹得 不好 也 在 努力 而 我 一 做 不好 的 事情 一下 就 放弃 了
3179507034,哈哈 小时候 我 以为 自己 是 章鱼 哥 觉得 海绵 宝宝 真的 烦 现在 原来 我 是 海绵 宝宝 啊
3179486677,小 母牛
3179466373,我 记得 章鱼 哥 以前 是 全 海底 最帅 的 章鱼 而且 吹 笛子 有 好听
3179462246,小时候 觉得 章鱼 哥 很 好笑 现在 觉得 章鱼 哥才 是 对 的 那个 人
3179446164,做 的 很棒
3179435469,就 很 真实
3179433341,为什么 大家 都 爱 海绵 宝宝 为什么 章鱼 哥不爱 笑
3179426434,有 谁 见 过 章鱼 哥 的 母亲 么 哦 也许 他 没有 母亲
3179421059,人人 都 笑 章鱼 哥 人人 都 是 章鱼 哥
3179412264,切换 网抑 模式
3179415966,唉 总有 冲动 想 割腕
3179413116,要 勇敢 地 活着 呀
3179397381,啊 就 这 加个 bgm 就 10w
3179402920,你 确定 就 加个 BGM 后面 语速 调整 过 还要 跟上 BGM 的 节奏 宁 觉得 不好 清宁 发个 更好 的 视频
3969916741,不会 吧 0 投稿 也 敢说话
3969938084,回复 : 调节 奏 实在 是 太难 了 太 有 技术含量 了
3970330782,回复 : 说白了 宁 觉得 不好 宁来 发 一个 要是 比 这个 好 我 立马 把 这个 视频 收藏 取消 给 你 三 连
3970603308,回复 : 对 对 对 你 说 的 对 只有 比 他 做 的 好 才 有 资格 说话 太对 了 哥 你 说 的 对
3970729174,回复 : 你 说 这句 话 不 就是 代表 你 有 这个 能力 吗 这 不是 有手 就 行 吗
3972370857,回复 : 对 对 对 你 说 的 对 你 说 的 都 对
3972471928,回复 : 嗯 你 快 做 视频 啊 啊
3972516165,回复 : 觉得 不好 就 提个 意见 啊 你 这 也 不是 提意见 就 拿出 实际行动 来 啊
3972929606,回复 : 你 搁 这 一直 给 人 扣帽子 扣 啥 啊
3973671369,回复 : 没有 啊 我 只是 觉得 你 一定 很 厉害 吧 既然 能 说出 这句 话 你 一定 非常 厉害 才 对 所以 我 期待 你 的 大作
3976303494,回复 : 是不是 不 允许 好评 和 提意见 以外 的 评论 出现 啊 你 到 是 回答 别 选择性 忽视 行不行 ?
3976303729,回复 : 是不是 不 允许 好评 和 提意见 以外 的 评论 出现 啊 你 到 是 回答 别 选择性 忽视 行不行 ? 第二次
3976312300,回复 : 是不是 不 允许 好评 和 提意见 以外 的 评论 出现 啊 你 到 是 回答 别 选择性 忽视 行不行 ? 第三次
3976426734,回复 : 你 不是 觉得 不行 吗 那 我 肯定 你 的 实力 相信 你 一定 可以 做 的 更好 相比 只会 说 说 不 做事 的 人 你 肯定 不会 跟 那些 人 一样 对 吧 一个 视频 做 的 不好 既然 言语 说不清楚 那 肯定 要 用 行动 来 说明 实践 是 检验 真理 的 唯一标准 对 吧
3976458029,回复 : 你 的 这句 话 就 表示 你 只是 觉得 这个 视频 只是 加 了 一个 bgm 而已 没有 做 其他 任何 的 处理 不是 吗 而且 既然 有 坏评 那 肯定 就 会 有 不足之处 有 不足之处 就 肯定 要 吸收 观众 意见 才能 把 视频 做好 啊
3986239734,回复 : 你 是不是 搞不清 什么 叫 观众 ?
3986251161,回复 : 为什么 不 可以 觉得 ? 怎么 ? 这 是 我 个人 看法 ? 需要 迎合 所有人 吗
3986253010,回复 : 你 有 你 的 看法 我 有 我 的 看法 你 是不是 有 强迫症 啊 大家 都 跟 你 一样 才 满意 ?
3986260139,回复 : 都 不想 说 你 这个 人 了
3986278792,回复 : 是不是 做 什么 都 要 问 你 意见 啊 问 你 行不行 啊 问 你 可不可以 啊 跟 你 这种 人 说话 真的 烦 的 要死 一直 给 人 强加 设定 再 去 否定 真是 什么 人 都 有
3986288605,回复 : 我 说 这句 话 是 我 说 的 管 你 啥事 啊 咋 了 ? 你 是 我 肚子 里 的 蛔虫 啊 什么 都 知道 ? 怎么 不去 给 人 算命 啊
3986735360,回复 : 主要 是 嘛 我 看到 那么 多人 都 在 夸 这个 视频 就 很 好奇 为什么 就 看到 你 一个 人 觉得 这个 视频 不行 就 来 反复 问 你 为什么 觉得 不行 呢 正好 找 个人 来 折磨
3179400127,百万 预告
3179384626,等 一个 海绵 宝宝 的 故事
3179384292,明明 才刚 二十多 就 感觉 人生 已经 迷路 了
3179366150,好 的 作品 总是 会 引起 我们 的 共鸣
3179360479,再见 啊
3179355397,我 的 天呐 章鱼 哥太 悲惨 了
3179340496,难过
3179326366,我 希望 我 自己 傻 呆呆 不 把 时间 看 的 非常 明白 章鱼 哥 因为 我 总是 呆头呆脑 才 会 自由自在 没有 烦恼 派大星
3179314723,求 bgm
3179312230,再见 蟹黄 堡
3179308539,这 评论 区 我 以为 我 看 的 是 网 抑云
3179303839,章鱼 哥 其实 大多数 社畜 的 投影 很 符合 现实 仔细 想想 你 身边 是不是 也 有 他 这样 的 人 呢
3179288903,魔鬼 来 了 百度 哥 zs 不要
3179285709,回不去 了 的 希望 未来 能 碰到 再见 之后 再见 少年 初心
3179279345,怎么 说 吧 有些 流 于 表面
3179270874,唉 这个 视频 一看 就 觉得 做得好 认真 好 认真 我泪 了 5555555 还有 吹奏 的 部分 up 好 认真 我 好 感动
3179258646,真 好
3179256873,受益匪浅 不 指丧
3179241066,我 从小 看 就 觉得 章鱼 哥 很 可怜 现在 发现自己 有时候 很 像 章鱼 哥
3179230982,小时候 看 的 时候 觉得 这部 动画片 里面 最像 人 的 就是 哥 了 而且 我 也 特别 喜欢 他
3179214701,发个 评论 送上 热门
3179208167,蕾 姆
3179215338,不够 震撼 毕竟 是 平凡 的 人生 毫无疑问 的
3179198949,哈哈哈 感觉 越活 越 像 章鱼 哥 了
3179202451,这个 世界 上 最 幸福 的 事 就是 这个 世界 上 没有 什么 不会 变 这个 世界 上 最 悲伤 的 事 就是 这个 世界 上 没有 什么 不会 变
3179194054,快乐 或者 死 小时候 觉得 章鱼 哥 为什么 总是 那么 丧 真的 不 喜欢 长大 了 才 知道 我 就是 章鱼 哥本 鱼
3179201329,说 的 好
3179200795,明天 一定 会 更 美好 更 美丽 的
3179179487,相比 于 海绵 宝宝 和 派 大星 感觉 自己 现实 中 更 像 章鱼 哥
3179187182,加油 up 主 我 挺 你
3179179376,从 走出 大学 开始 就 注定 是 一段 痛苦 的 旅程
3179181133,章鱼 哥 他 并 不是 真正 的 讨厌 海绵 宝宝 他 只是 有些 时候 很 悲伤 他 很 讨厌 这 一切 但 他 又 喜欢 这 一切 他 就 像 现在 很多 的 上班族 一样 每天 都 想着 抱怨 但是 又 不得不 去 承受 着 抱怨 的 东西
3179169848,B 抑云 时间 到
3179169668,加油 各位
3179169399,老网 抑云 了
3179160428,加油
3179156936,好 悲伤
3179150944,加油
3179141370,用心 了 普普通通 地 生活 着 就 好 了
3179141208,制作 的 还 可以 就是 章鱼 哥 的 声音 感觉 没有 派大星 的 有 感染力
3179140845,难得糊涂
3179131872,所以 你 的 努力 不会 白费 你 看 上 热门 了
3179129634,有 一件 事 几乎 每个 有关 海绵 宝宝 的 视频 下 都 会 有人 幽幽地 说 海绵 宝宝 是 一个 成人 动画
3179129203,要 开心 的 过 下去 生活 啊
3179120593,一个 叫 欧维 的 男人 决定 去 死
3179115991,BGM 是 Flower Dance 花之舞
3179107533,讲真 感觉 大多数 普通人 都 像 章鱼 哥 一样
3179110206,海绵 宝宝 正常 的 人 就是 章鱼 哥 其他 都 是 不 正常 都
3179101434,但是 海绵 宝宝 很 爱 你
3179101379,他 是 正常人 章鱼 哥
3179094514,BGMFlower Dance
3179081509,比基尼 海滩 似乎 是 人类 世界 的 投影 海绵 宝宝 是 理想主义 的 化身 大多数 人 都 梦想 着 那么 热爱生活 那么 快乐 派大星 是 无知 的 乐天派 因为 无知 所以 快乐 这 似乎 印证 了 克 苏鲁 式 的 哲言 而 蟹 老板 和 痞 老板 只不过 是 资本家 里 的 左派 和 右派 只有 章鱼 哥 它 是 我们 是 籍 籍无名 的 大多数 是 惨淡 的 现实 是 我们 黑色 的 眼睛 罗曼罗兰 说 世界 上 只有 一种 英雄主义 那 就是 看清 这个 世界 的 真相 却 依旧 热爱生活 那 我 做不了 英雄 因为 我 或许 是 个 天生 的 懦夫 a chicken
142855474928,蟹 老 是 乌托邦 主义 吧
144710856496,海绵 宝宝 不是 单纯 的 一部 动画片 有 一集 章鱼 哥 罢工 就 足以 证明
192194749744,青年人 成才 的 关键 是 自身 能力 还是 外部 机遇
192216920672,回复 : 外部 机遇
3179072998,respect ! ! !
3179076396,这个 是 一个 一个 字 找 的 声音 嘛
3179067011,比基尼 海滩 唯一 的 正常人
3179048010,封面 是 第一名 帽子 的 那个 吧
3179039043,但是 这个 声音 已经 不 在 了 啊
3179033649,节奏感 稍微 差 了 点
3179023254,最 爱 章鱼 哥
3179030034,可是 章鱼 哥有 房 还是 独栋 双层
3179020071,章鱼 哥 这样 的 人 不少 吧
3179007764,我 为什么 在 看 我 自己
3179010424,我 觉得 我 儿子 三观 比 我 正在 四五岁 开始 看 海绵 宝宝 的 时候 最 喜欢 的 人物 就是 章鱼 哥 我 也 是因为 他 才 开始 关注 章鱼 哥才 发现 章鱼 哥 如此 有 才 果然 孩子 的 眼睛 最 清澈
3179005748,bgm 是 啥
3179050193,听歌 识曲
3179194185,FlowerDance
3179002774,我 不 知道 你们 在 讲 什么 你 不 知道 你 有 多 幸运
3178994287,火钳 刘明
3178981355,建议 up 加上 耗时 xx 秒 爆肝 xx 天
3178975918,成年人 的 生活 哪有 容易 啊 人 艰不拆 了 好 吧
3178972428,我 需要 人 理解 你 不 懂 我 的 苦 就 不要 劝 我 善良
3178962625,我 真想 回到 那个 时候 那 时候 有 健壮 的 父母 有 无忧无虑 的 我们 有 我 所有 爱 的 人
3178965167,明眼人 都 知道 是 在 模仿 洛溫 的 那個 成名 鬼畜 抄襲 是 照搬 照用況 且 up 主是 做 的 章 魚哥 的 臺 詞能 做出 來 已經 是 很 厲害 了
3178957926,人人 都 是 章鱼 哥
3178953295,说 这句 话 可能 会 挨 喷 但是 还是 想 表达 一下 自己 的 想法 不 知道 为什么 小时候 看 海绵 宝宝 我会 觉得 很 恐怖 讨厌 海绵 宝宝 和 派 大星 而 喜欢 章鱼 哥和痞 老板 可能 我 心理变态 吧
3179376794,这 没什么 的 每个 人 喜欢 的 都 不 一样
3178944387,网抑 云 时间 又 到 了
3178931542,太 他 妈 真实 了
3178927615,人 活着 最像 的 样子 原来 是 章鱼 哥 不 甘心 碌碌无为 当社 畜会 想 追求 梦想 来 解放 灵魂 却 被 生活 的 现实 阻挡 住 了
3178888568,开头 片段 是 第 几季 啊 有 大佬 知道 吗
3178895967,残酷 真实 大人 的 世界 没有 快乐
3178871691,bgm 贼 耳熟 叫 啥 来 着
3178863814,根本 没有 章鱼 哥 或者 人人 都 是 章鱼 哥
3178859325,我 觉得 生活 很 美好 随遇而安 就 好 知足常乐
3178858731,悄悄 说 其实 我 小时候 看 这部 动画片 时 其实 真的 最 喜欢 章鱼 哥 因为 他 是 在 海绵 宝宝 浪漫 充满 奇幻 生活 中 的 一个 普通人 的 缩影 他会 嫉妒 会 后悔 会 倒霉 却 也 会 善良 他 不仅 是 只 章鱼 还 像 个 普通 的 我
3178866122,小时候 我 觉得 我 是 海绵 宝宝 现在 我 觉得 我 是 章鱼 哥
3178860403,小时候 不 觉得 现在 看 有点 讨厌 派大星 和 海绵 宝宝 特别 是 派 大星 心疼 章鱼 哥
3178849226,火钳 刘明 什么 意思
3178857472,火前 留名
3178844361,我 去 这 不 就是 我 人生 写照 吗
3178819831,小时候 笑 章鱼 哥 长大 了 发现自己 就是 章鱼 哥
3178822082,可怜
3178817188,我 在 别人 面前 是 派 大星 独自一人 就是 章鱼 哥
3178816087,哭 了 三 连 已 到 账
3178813811,我 不 知道 你们 在 笑 什么
3178804711,章鱼 哥 旧日 支配者
3178778217,我们 也 将 成为 自己 可能 每个 人 都 像 章鱼 哥 也 希望 世界 给 你 带 去 快乐 感谢 b 站 让 我们 相遇 谢谢 up 呀
3178772920,再见 了
3178772485,有 什么 比 把 快乐 带给 别人 更 快乐 的 呢 答 剥夺 别人 的 快乐
3178781453,初看 不知 剧中 意再 看 已 是 剧中人
3178769505,烦死 了 烦死 了 大半夜 骗 了 我 一堆 眼泪
3178757641,想 知道 章鱼 哥 埋葬 自己 梦想 那个 画面 在 第几 集
3178755321,长大 了 发现 大家 都 是 章鱼 哥
3178753395,加油 小章鱼
3178736862,哭 辽
3178735268,谁 都 想 做 海绵 宝宝 但 现实 把 我 逼成 了 章鱼 哥
3178725900,不 应该 发 视频 的 时候 就 说 致敬 吗 怎么 好几个 小时 之后 别人 问 的 越来越 多 了 才 解释 是 致敬
3178922754,毕竟 up 主 也 不会 想到 有人 会 认为 这是 抄袭
3178721904,童画 里 的 阿甘
3178709773,投币 三连 给 你 支持
3178698910,大家 都 加油 吧 也 很 感谢 up 做 的 这个 视频 现在 各种 标题 党 各种 氵 的 视频 中 我 能 看到 这个 我 感觉 挺 幸运 的
3178698694,感觉 章鱼 哥是 个 成熟 的 人 有 梦想 但是 又 不得已 选择 另 一种 生活 方式
3178690368,现在 很 苦 但是 坚持 下来 一定 会 是 美好 的 你 要 坚信 美好 的 人和事 都 在 遥远 的 未来 等 你
3178687034,火钳 刘明
3178678801,你 的 赞有 了
3178674428,生而为 人 我 很 抱歉 走 错 地方 了
3178680616,火火火
3178671437,章鱼 哥 的 生活 其实 才 是 我 的 生活
3178661849,我 的 两个 镚 儿 没 了
3178657245,这个 视频 有 让 人 安静 沉默 下来 的 力量
3178649126,老 网易 云 了
3178656482,理想 与 现实
3178652802,明天 一定 会 更 美好 更 美丽 的
3178645791,章鱼 哥 吹 的 是 啥 曲子
3178633931,很棒
3178640765,还 可以 出 一块 海绵 的 独白 蟹 老板 的 独白 最终 会 发现 每个 人 都 有 自己 的 难处 有 谁 还 记得 有个 出租车 老 司机 说 人生哲理 也 是 这个 bgm 吗 别人 骑马 咱 骑驴 比上不足 比下有余
3178631640,我 看到 这个 视频 突然 就 想 起来 几年 前 看 的 那个 鬼畜 了 也 挺 好看 的 当时 就 喜欢 上 了 然后 收藏 了 没想到 一晃 就 过 了 这么 多年 了 BV1yx411P7EX
3178625356,加油 做 的 很 好
3178614321,章鱼 哥 就是 现在 大多数 人 的 真实写照 吧 成年人 的 世界 真的 很难 很 艰辛 很多 不 开心 很多 身不由己 我 只 想 说 我 也 想要 好好 安静 一下 up 做 的 很棒
3178609511,B 站 什么 时候 成网 抑云 了
3178604112,我 的 梦想 从 成为 一个 科学家 慢慢 的 变成 了 成为 一个 普通人 到 最后 俩个 字 活着 慢慢 长大 我 的 梦想 变得 越来越 卑微 了 哎 ( _ )
3178606342,明天 一点 会 更好 的
3178599927,我要 这币 有 何用
3178599302,这个 是 什么 歌
3178594310,难过
3178597335,小 的 时候 不 理解 章鱼 哥 可 长大 后 却 不 理解 海绵 宝宝 人间 真实
3178588337,看 海绵 宝宝 一直 最 喜欢 章鱼 哥
3178587682,吆 吆 吆 现在 燥
3178562536,楼主 用 的 什么 合成 的 语音 呀 求 楼主 翻个 牌子 我 一直 想 做 一个 类似 的 但是 不会 合成 语音
3178560379,章鱼 哥 典型 纸上谈兵 没有 实际 能力 辞职 了 就 去 当 乞丐 了
3178570815,海绵 宝宝 有 一技之长 做 汉堡 丢 了 工作 自己 摆摊 做 汉堡 也 行派 大星 靠着 海绵 宝宝 养活 也 不愁
3178882559,海绵 宝宝 里面 每个 人物 都 有 优点 和 缺点 都 有 巅峰 和 低落 章鱼 哥会 雕刻 当 过 雕刻 的 老师 也 会 音乐 也 住 过 高档 公寓 也 曾 为了 快乐 抛掷 千金 海绵 宝宝 每个 世界 都 是 平行 世界 相互 的 结局 不是 相通 的 矛盾 的 人物性格 和 能力 经常出现 怎么 说 呢 挺 魔幻 也 挺 现实 的 动画
3178554230,第 9 万个 赞
3178558792,还好 我 的 童年 不是 那群 粉红 猪
3178543316,我 想 哭 了 ...
3178537229,有点 心酸
3178537076,求 bgm
3178531512,章鱼 哥 我 很 喜欢 你
3178536088,记得 看过 一集 很 感人 的 海绵 宝宝 和 派 大星 去 等 圣诞老人 还给 不 相信 圣诞老人 的 章鱼 哥带 了 自己 做 的 礼物 一把 很 可爱 的 木 笛子 把 章鱼 哥 感动 高兴 坏 了 就 答应 屋里 礼物 随便 大家 挑 结果 全 屋子 都 被 拿 空 了
3178530125,上传 一下 音乐 呗
3178523483,时间 把 我 从 海绵 宝宝 变成 了 章鱼 哥
3178517479,章鱼 哥 好像 真的 没有 家人
3178521507,三连有 了 好 的 作品 绝对 不 缺少 关注
3178512042,一看 标题 就 知道 老网 抑云 了 我 寻思 也 没到 点 啊
3178499527,羡慕 你们 这些 有 梦想 的 人 我 连 梦想 都 没有
3178490723,章鱼 哥才 是 真正 的 人生
3178474972,小时候 看 动画片 的 时候 只顾 着 乐 知道 有些 地方 很 感动 知道 章鱼 哥 其实 很 善良 但 却 无法 理解 其中 有 更深 的 含义 现在 回首 看 去
3178481213,小时候 想 知道 为什么 章鱼 哥 天天 苦着 脸 长大 后 想 知道 为什么 海绵 宝宝 能 天天 笑
3178467429,蕾 姆
3178458264,你 今天 累坏 了 小章鱼 明天 一定 会 更好 更 美丽 的
3178448870,兄弟 啥 也 不 说 三 连 给 了
3178448800,但愿 明天 会 更 美好 更 美丽 吧
3178441768,章鱼 哥 配音 李易 老师 去世 七年 了 他 的 章鱼 哥 声音 太神 了 小时候 听 章鱼 哥 说话 好笑 长大 了 每次 听到 章鱼 哥 都 感到 心酸 小时候 成年人 的 苦 啊
3178435580,大家 好 我 是 章鱼 哥 yo
3178430256,( * ` * ) b 站 白嫖手 办 活动
3178421298,也许 我 并 不是 一个 乐观 的 人
3178418352,我 更 喜欢 另一版 章鱼 哥 的 歌 字字珠玑 BV1Q4411k7Qw
3178425418,up 做 的 好 棒 火钳 刘明 章鱼 哥 羡慕 于 派 大星 与 海绵 宝宝 的 快乐 也 有着 自己 所 被 埋葬 的 梦想 与 灵魂 在 这部 动画 里 他 的 形象 给 我 的 感觉 很 现实 很 悲观 但 也 正是 这 一点 非常 戳 我 成为 我 在 海绵 宝宝 这部 动画 里 最 喜欢 的 角色 他 对 梦想 的 执着 正是 他 的 人格魅力 所在 也许 有人 喜欢 乐观主义 无忧无虑 的 海绵 宝宝 和 派 大星 但是 真实 的 章鱼 哥 一直 是 我 童年 唯一 给 我 带来 很大 感触 的 艺术家 我 永远 爱 章鱼 哥 最后 还是 夸夸 UP 真的 剪出 了 我 心中 章鱼 哥 的 人格魅力 已经
3178420396,"你 今天 一定 累坏 了 , 小章鱼 明天 一定 会 更 美好 更 美丽 的 ( ) ( ._. ` )"
3178415895,无论 家人 朋友 都 必须 以 利益 结合 才能 皆大欢喜 无法 为 他人 提供 价值 就 会 被 厌恶 和 撇弃 理解 人性 才能 找到 所谓 的 家人 和 朋友 而 人 终究 是 孤独 的 不 需要 强行 合群
3178407966,在 你 知道 海星 怎么 进食 里 章鱼 哥帅 爆 了
3178407897,只要 坚持 总会 看到 美丽 的 明天
3178411669,一直 觉得 章鱼 哥是 最 接近 现实 的
3178399403,希望 明天 很 美好 我 也 能 好
3178398166,终 有 一天 会 有 个人 天凉 让 你 添衣 晚风 微扬 勿忘 叫 你 回家 我们 都 不 知道 以后 的 时光 会 那么 长 以至于 你 忘 了 我 以至于 我 痛苦 一生
3178396107,是 每个 人 都 是 章鱼 哥 都 有 自己 不 幸运 的 生活 但是 总会 有 一刻 是 属于 你 内 心中 那个 海绵 宝宝 的 我 每个 暑假 寒假 都 会 回顾 海绵 宝宝 是因为 我 喜欢 海绵 宝宝 的 生活态度 而 不是 过度 在意 自己 的 生活 的 苦难 章鱼 哥是 很 真实 但是 大家 没 发现 吗 章鱼 哥 本身 也 是 态度 有 很大 的 问题 是 一个 悲观主义 者 而 我 相信 我们 大部分 人 都 是 海绵 宝宝 和 章鱼 哥 的 结合 至于 最后 谁 占 大多数 得 由 你 自己 决定 就 像 海绵 宝宝 说 的 : 感恩 西服 不是 因为 生活 让 我们 快乐 我们 才 要 感恩 正是 因为 通过 感恩 我们 才能 发现 这个 世界 也 有着 属于 我们 的 幸福 和 快乐 希望 大家 能 像 海绵 宝宝 一样 开心
3178392381,我 的 笑脸 我 的 爱 我 的 一切 逝去 不再 来
3178391226,我 还是 一无所有
3178387372,为 正 能量 点赞 生活 艰辛 现实 残酷 唯有 保持 一个 较为 积极 的 心态 才能 在 绝望 之谷 砍 下 一块 希望 之石
3178383684,谁又能 问心无愧 用 单纯 的 眼光 看 这 世界
3178386838,孤独症 患者 的 内心独白
3178385601,我 经常 笑 但 不 经常 开心
3178385323,求 bgm
3179882078,花之舞
3203763109,回复 : 谢谢
3178385258,你 今天 辛苦 了 小章鱼 明天 一定 会 更 美好 更 美丽
3178378316,我 不是 抑郁 我 是 真的 可怜
3178377699,我 也 不 知道 我 为什么 会 变成 这样
3178373898,我 黑化 了
3178373613,这个 世界 本身 就是 痛苦 残酷 的
3178373352,小时候 不 知道 为什么 章鱼 哥 永远 板着脸 长大 后 却 不 明白 为什么 海绵 宝宝 能 一直 开心 -- 忘 了 从 哪 抄 的
3178368407,我 永远 不会 让 我 的 灵魂 站 在 这 油污 的 地 板 上 ! 一一 章鱼 哥
3178371774,为什么 大家 都 不 喜欢 章鱼 哥
3178370024,章鱼 哥 其实 也 是 可怜 人哇 他 表面 不 喜欢 海绵 宝宝 和 派 大星 但 其实 他 需要 派大星 和 海绵 宝宝 也 羡慕 他们 无忧无虑 的 人生 2020 / 7 / 14 留
3178366287,这个 作品 从 年初 做到 现在 可以 说 是 我 做 的 时间 最长 的 一个 作品 了 中间 断断续续 因为 我 的 能力 有限 多次 打算 放弃 这个 视频 的 制作 但是 我 最后 还是 磨 了 出来 从 歌词 到 混音 我 推翻 重做 了 十几次 因为 章鱼 哥 的 台词 不 多 而且 很多 台词 因为 语气 声调 的 不同 而 不能 使用 歌词 便 写 了 又 改改 了 又 写 自己 也 想 过 自己 做 这个 视频 花 了 这么 长时间 播放 量 如果 还是 非常 惨淡 那该 怎么办 可是 我 还是 选择 做 这个 视频 因为 这个 视频 对 我 来说 有着 不同 的 意义 里面 的 歌词 或多或少 都 有着 自己 的 想法
3178354157,问问 你们 有 几个 人 能够 做到 海绵 宝宝 这样 的 有 自己 的 菠萝 屋 自己 的 宠物 小蜗 自己 的 死 党派 大 星 自己 抠门 的 上司 蟹 老板 自己 最 喜欢 的 最 想 做 的 最 独一无二 不可 替代 的 工作 蟹黄 堡 厨师 自己 健在 的 父母 自己 的 驾驶 老师 泡 芙 自己 还有 喜欢 的 玩乐 跟 派 大星 一起 去 吹泡泡 捉 水母 其实 这个 世界 上 最 多 的 就是 章鱼 哥 这种 人 了 可能 还 不如 章鱼 哥 因为 他 至少 还有 个 章鱼 屋
3178353933,海绵 宝宝 大结局 是 什么 呢 我 感觉 好多年 没看 了
3178370335,还 在 更新
3178410873,回复 : 喔 喔 我 看见 这 视频 标题 以为 完结 了
3178353011,好久没 这么 哭 过 了 一个 热爱生活 与 艺术 的 人 渴望 得到 想要 的 生活 渴望 实现 梦想 想要 被 人 尊敬 想要 受人 喜爱 可是 被 埋葬 在 了 哪 呢
3178356008,哎 手头 30 多个 币 谁 都 不想 给
3178360288,没意思
3178490131,我 觉得 你 这样 发 不好 你 可以 批评 指出 到底 哪里 没意思
3178747526,回复 : 我 审美疲劳 了
3210861713,回复 : 哦 懂 了
3178342864,有网 抑云内 味儿 了
3178341847,你们 信不信 有 一种 人 和 你们 想 的 人 完全 相反 你们 认为 脸上 挂 着 微笑 的 人 事实上 很 悲观 强颜欢笑 然而 世界 上 有 一种 人 在 人 多 的 地 方面 无表情 一个 人 的 时候 或者 和 熟人 在 一起 骚 的 一批
3178332825,各位 是不是 下 一步 就是 去 网易 云
3178301769,有没有 人 和 我 一样 点开 B 站 发现 没 啥 看 的 退出 到 桌面 想 了 一下 又 点开 了 B 站
3178417417,真实
3178648385,过于 真实
3178301580,自从 自己 想 自由 的 时候 只能 是 想象
3178300404,感谢 up 这 是 我 心中 的 鬼畜 区
3178285768,up 主问 一下 这个 配音 是从 原 视频 剪 的 还是 后期 配 的 后期 配是 用 什么 软件 呀
3178274939,昨天 还有 人 和 我 说 别 那么 悲观 消极 你 得 改 害 谁 不想 每天 积极 阳光 快乐 的 生活 你 又 没有 经历 过 我 的 经历 没头脑 和 不 高兴 我 就是 不 高兴 心态 估计 是 改不了 了
3178280860,章鱼 哥 的 配音 已经 死 了 好多年 了 多谢 这位 我 已经 记不清 的 名字 的 配音 老师 给 我 了 一个 欢乐 的 童年
3178274395,哎 有 字幕 的 视频 不要 发 底端 弹幕
3178275383,以前 不 喜欢 章鱼 哥 现在 感觉 章鱼 哥真 惨 谁 不想 当 海绵 宝宝 呢 害
3178262683,up 加油
3178259186,明天 一定 会 更 美好 更 美丽
3178244858,小时候 以为 自己 是 主角 走 到 哪里 都 闪光 长大 了 知道 能 上 传记 的 主角 万中 无 一 更 多 的 芸芸众生 只是 龙套 谈不上 一笔带过 因为 可以 只字不提
3178239811,哪个 软件 想 学 混音
3178242646,章鱼 哥 的 混音 哪里 学 的
3178242576,好 难过 好 难过 小 的 时候 海绵 宝宝 里 最 不 喜欢 章鱼 哥 真是 一个 糟糕 至极 的 角色 气 压低 透 性格 龟毛 脾气 古怪 没 人 在意 他 没人 尊重 他 到 了 他 的 戏份 都 想 跳过去 不 明白 为什么 会 安排 这样 一个 角色 初闻 不知 曲中 意在 看 已 是 曲中人
3178242383,买 的 踩
3178237866,突然
3178237252,为什么 我们 总 希望 明天 更 美好 因为 今天 过 的 并 不好
3178232450,谢谢 up
3178235486,夜曲
3178235214,小时候 不 懂 为什么 章鱼 哥 总是 板着脸 长大 后 不 懂 为什么 海绵 宝宝 总是 笑
3178224674,有些 时候 需要 放弃
3178227287,章鱼 哥 已经 自杀 了 留下 的 只不过 是 个 没有 灵魂 和 感情 的 驱壳 罢了
3178219254,可以 可以
3178213745,调音 可能 不太好 但是 不错 好活
3178207444,三连 了 阿婆 主 加油 鸭
3178204343,竖笛 的 BGM 是 什么 啊
3178194915,说真的 哪怕 只是 和 海绵 宝宝 这样 的 人 当 邻居 当 朋友 就 有够 幸运 了
3178200796,大 耳朵 章鱼 哥 章鱼 哥 三千 问
3178179211,泪目
3178166249,...
3178165058,章鱼 哥有 房 还 会 吹 单簧管 一份 稳定 的 工作 emmmm
3178158764,我 特别 喜欢 派大星 的 独白 那个 鬼畜 每次 看 都 会 感觉 好 难受 感同身受 加油 up 主 填词 有待 提高 哦 嘿嘿
3178158527,up 很 用心 做 了 但是 这个 歌词 太过 重复 且 浅显 而且 节奏 不太好 听 着 不 太 舒服 最 优秀 的 地方 反而 觉得 是 中间 纯音乐 的 部分 还有 很大 的 进步 空间 相信 up 的 下个 作品 会 更好
3178155613,热门 了 热门 了
3178147317,世间 常态
3178138249,章鱼 哥要 加油 啊
3178113317,可惜 章鱼 哥 的 配音演员 在 2013 年 7 月 23 日 凌晨 去世 了 他 给 我们 的 童年 带来 了 许多 快乐
3178120049,加油 章鱼 哥 一定 要 打败 派大星 啊
3178103209,太 厉害 了
3178099285,人间 值得 我 不 值得
3178101934,成年人 的 世界 不 相信 眼泪 他们 只 看中 你 的 成绩 没有 成绩 的 你 一无是处 哪怕 你 辛勤工作 早上 八点 到 晚上 一两点 在 努力 的 过程 即使 你 拼了命 也 是 如此 社会 就是 这么 现实
3178101670,想 问问 这 是 哪 一季 哪 一集
3178101209,小时候 以为 自己 是 海绵 宝宝 长大 后 发现 其实 是 章鱼 哥当个 成年人 真的 好 累 每天 都 在 焦虑 都 在 丧失 去 人生 的 方向
3178096797,如果 有 一天 我 能够 离开 这 我 绝不会 让 我 的 理想 站 在 这 肮脏 的 地板 上 但是 人生 没有 如果
3178090630,突然 想到 一句 话 我 拼 尽全力 成为 了 一个 普通人
3178074327,从未 想到 有天 看 海绵 宝宝 能 看 哭 章鱼 哥好 可怜 我要 去 缓一缓
3178067738,我 喜欢 章鱼 哥
3178064728,活着 混混沌沌 的 反而 是 件 乐事 明白人 活 不 快乐 的
3178054871,大家 都 加油 吧 人生在世 谁 都 有 低谷 的 时候 熬过 便是 晴天
3178060937,留名
3178042289,小时候 的 时候 喜欢 海绵 宝宝 觉得 章鱼 哥 为什么 会 这样 的 性格 长大 发现 这 原来 就是 成年人 的 常态
3178046503,觉得 好像 我 自己 唉
3178046008,刘铭
3178036851,我来 给 你 解释一下 什么 是 工作 海绵 宝宝 我 负责 点餐 你 负责 餐点 我们 一起 做个 40 年 然后 挂掉 其实 这样 想想 也 不错 的 你 觉得 呢 章鱼 哥
3178040784,为什么 不 净化 一切 有机物 呢 ?
3178035246,世界 上 怎么 会 有 和 自己 如此 相似 的 人 章鱼
3178019581,手机 端 推荐 通知书
3178019168,看过 一句 话 小时候 一直 不 知道 章鱼 哥 为什么 不笑 长大 了 不 知道 海绵 宝宝 为什么 总笑
3178012292,加油 啊 up 主
3178012031,三连 了 这个 视频 戳 到 我 了 我 是 一个 失败者
3178008481,泪目
3178002353,嗚 嗚 嗚 嗚 嗚 詞 真的 寫 的 好好 我永遠 喜 歡章 魚哥 阿婆 主太有 才 了 嗚 嗚 嗚 嗚
3177994646,怎么 说 呢 有 梦想 并 朝 梦想 努力 过 的 人 或者 是 在 梦想 上 半途而废 的 人 至少 他们 都 还有 个 梦想 真正 惨 的 人 是 连 梦想 都 没有 的 人 那种 人 对于 自己 的 生活 已经 迷茫 到 失去 生活 的 欲望 了 基本上 个个 都 是 属于 悲观主义 者 虽然 那种 人 在 现实生活 中 很少 吧
3177984582,或许 这 就是 人生 人生
3177982907,很棒 加油
3177986793,幸好 我 的 童年 是 海绵 宝宝 猫和老鼠
3177986526,白 嫖 失败 易建 三联 了
3177974463,听 着 SHE 的 不想 长大 和 你 曾 是 少年 我能 听 哭
3177970045,up 主 加油 有 付出 就 有 回报
3177962138,Here lies sauidward ' s hopes and dreams
3177963065,Sauidward 就是 章鱼 哥 的 名字
3177940390,bgm 花之舞
3177936895,海绵 宝宝 的话 一直 都 很 喜欢 这个 难得 的 正常人
3177924122,这 就是 败者 独奏 吗
3177931787,蟹 老板 喜欢 海绵 宝宝 是因为 雇佣 他 不用 花钱 派大星 喜欢 海绵 宝宝 是因为 吃 他 的 喝 他 的 玩 他 的 东西 不用 花钱 珊迪 喜欢 海绵 宝宝 是因为 可以 在 海绵 宝宝 身上 做 实验 不用 花钱 更多人 喜欢 海绵 宝宝 是因为 海绵 宝宝 不 懂 拒绝 但是 章鱼 哥 恰恰相反 其实 我们 更 像是 章鱼 哥 我们 不会 用 自己 的 东西 去 无偿 帮助 他人 对比 起来 章鱼 哥 更 现实 海绵 宝宝 更 梦幻
3177919877,章鱼 哥 最 让 我 感动 的 一次 是 他 扮 圣诞老人 发 礼物 的 那次 虽然 平时 看着 懒散 自私 倒霉 但 却是 一个 平凡 的 好人
3177907717,为什么 听 起来 有 奥利 给 那味
3177904894,好 累 有时候 真的 想要 大声 说出 : 去 NTM 的 的 人生 然后 向 自己 的 头上 开 一枪 但是 我 不能
3177910406,火钳 刘明
3177898065,活在 这 世界 谁 又 不是 章鱼 哥 呢
3177893663,我 小时候 真的 超级 讨厌 章鱼 哥 因为 他 总是 格格不入 像 个 无聊 的 大人 后来 我 终于 明白 了 海绵 宝宝 才 是 这个 世界 上 的 异类 而 我们 每个 人 都 会 变成 章鱼 哥
3177901531,绝活
3177890670,给 你 关注 了 亲爱 的 up 主
3177884447,明天 一定 会 更 美好 的 小童
3177883872,成年人 的 世界 为了 生活 拼死拼活
3177886424,泪目
3177882061,我 都 买不起 埋葬 自己 梦想 的 坟墓
3177885298,谢谢您
3177881902,小时候 以为 自己 是 海绵 宝宝 长大 后 才 发现自己 其实 是 章鱼 哥 现在 多 希望 自己 变成 派大星
3177877159,每个 无趣 的 大人 应该 也 曾 是 个 有趣 的 人 吧 只是 被 生活 磨平 了 棱角 不再 保持 童心 和 有趣 了 为了 应对 生活 和 社会 他们 都 累坏 了
3177873199,个人 觉得 如果 把 背景音乐 声音 调大点 就 更 棒 了
3177869176,不至于 不至于 不至于 不要 网抑 云 都 开心 乐观 点
3177867758,明天 一定 会 更好
3177860036,明天 会 更好
3177851477,伸出 你 的 小指
3177835311,年少 只知 海绵 乐 中年 才 懂 章鱼 忧
3177804702,56 秒 章鱼 哥 在 盒子 里 是 第几 集呀
3177789024,为啥 都 在 说 再见 海绵 宝宝 动漫 怎么 了
3177788183,我 得 先考 高分 才能 再 去 实现 我 真正 的 梦想
3177773773,太 现实 了 以前 是 海绵 宝宝 现在 变成 章鱼 哥叹
3177778641,时间 改变 自己
3177775358,小时候 看 海绵 宝宝 我 好 讨厌 章鱼 哥 长大 后成 了 章鱼 哥 的 样子 对不起 没有 长成 自己 喜欢 的 大人
3177860951,我 小时候 就 讨厌 海绵 宝宝 不 明白 他 为什么 一直 给 身边 的 人 添麻烦 还 生活 的 那么 快乐 章鱼 哥 这么 现实主义 的 人 到头来 运气 差 过得 还 不好 可以 说 从 以前 到 现在 我 都 喜欢 章鱼 哥
3177893947,回复 : 我 也 是 ( &# 34 ; ) /
3177753934,希望 你 能 继续 做 下去 从 作品 水平 来看 因为 章鱼 哥 台词 不 多 台词 不够 完美 从 作品 深度 来看 这 已经 很 好 了 这样 的 作品 越来越少 了 三连奉 上 希望 up 和 洛温 这样 的 up 主都 能 继续 创作 出 优秀 的 作品 就算 这次 给 了 下次 我 也 一定 给
3177737493,性格 决定 命运 吧 章鱼 哥 比 海绵 宝宝 努力 的 太少 比派 大星 抱怨 的 太 多
3177735320,我 相信 这个 视频 播放 量 一定 能 突破 千万 我会 隔 几天 回来 看 一次 一定 会
3177724604,抖音 已经 盗 了
3177714480,因为 大家 都 像 章鱼 哥 所以 大家 才 讨厌 吧 嗐
3177713936,小时候 看 海绵 宝宝 章鱼 哥 在 很多 集 的 结尾 总是 非常 倒霉 所以 偶尔 看到 他 没有 受伤 家里 没有 损失 没有 特别 惨 的 的 几集 就 会 很 高兴 看 猫和老鼠 也 是 这样 的 心态 然后 现在 我 不 看 了
3177709330,我太难 了
3177709266,牛 逼
3177717978,超爱 章鱼 哥
3177707171,感觉 这 已经 不是 鬼畜 了 而是 别的 什么 更让人 忘不了 的 东西
3177704678,小 的 时候 最 讨厌 的 就是 章鱼 哥 了 可 最终 还是 活成 了 自己 讨厌 的 样子
3177703521,章鱼 哥好 可怜 我 也 为 他 伤心 边 哭 边 吃 鱿鱼 须
3177695542,活着 已经 很难
3177688900,你 今天 累坏 了 小章鱼 明天 一定 会 更 美好 的
3177683801,你 说 的 那个 我 也 看过 如果 只是 简单 的 感觉 的话 感觉 哪 一个 要 有 感觉 一点 当然 你 的 也 不错 ( * ` ) 毕竟 我 不会 呢 嘛 嘿嘿嘿 加油 更 有 一点 感觉 就 更好 了 ( u ) 还有 我 已经 点赞 了 嘿嘿嘿
3177674350,小时候 不 知道 章鱼 哥 为什么 总是 生气 长大 了 不 知道 海绵 宝宝 为什么 总是 那么 开心
3177669523,想要 活着 容易 但是 生活 不 容易 想想 为什么 要 生活 如果 章鱼 哥能 找到 答案 也许 就 能 知道 怎么 做 了 吧
3177669384,请问 下 2 分 15 秒 的 bgm 先 谢谢 各位 大佬
3177690031,2.15 秒 的 是 我 自己 用 章鱼 哥 的 笛子 音 根据 原 曲调 的
3177733327,回复 : 大佬 np 很 好听
3177667013,在 没 步入 社会 时 我 一直 以为 我 未来 会 是 海绵 宝宝 到 了 入 了 社会 我成 了 德克士 的 厨子 也 是 跟 它们 同样 的 工作 然后 我 发现 其实 我 是 章鱼 哥
3177659346,封面 这里 是 埋 着 章鱼 哥 的 梦想
3177657341,小时候 我 看不出来 原来 他 是 这样 的
3177652581,也 不必 太过 悲伤 章鱼 哥 还是 会 吹 他 的 竖笛 就算 别人 不 理解 他 或许 很多 时候 快乐 就是 自己 开心 自我 谅解 吧
3177656059,章鱼 哥有 独栋 别墅 呢
3177648676,世界 没有 绝对 的 公平 有太多 的 无奈 也 有 很多 的 累 想要 活着 容易 但是 生活 不 容易 想想 为什么 要 生活 如果 章鱼 哥能 找到 答案 也许 就 能 知道 该 怎么 做 了
3177651256,所以 火钳 刘明 到 是 啥意思 看个 什么 视频 都 是 一大群 人刷
3177668727,火钳 前 刘留 明名 输入法 弄 来 的 梗
3177650728,看 完 感觉 我 跟 章鱼 哥 没 啥 区别
3177644252,总是 在 边缘 觉得 时刻 都 有 可能 掉下去 每次 都 有 想法 但 还是 在
3177645527,或许 这是 我们 的 悲哀 吧
3177645335,再见 = 再次 见面
3177637287,看 的 太 明白 什么 也 得不到
3177640440,看 完 这个 视频 不 知道 为啥 总 感觉 唱 的 就是 我 就 这种 状态 体验 了 一年 多 亲历 唉 心疼
3177636382,人人 都 在 笑 章鱼 哥 人人 都 活成 章鱼 哥
3177632978,建议 入驻 网易 云 音乐
3177628000,加油 章鱼 哥
3177623674,除了 换 心脏 那集 章鱼 哥 从来 没有 开心 的 笑 过
3177613684,希望 和 梦想
3177613422,章鱼 哥 的 配音 老师 也 已经 走 了 像 足 了 30 岁 的 自己
3177613070,我 曾 活成 派 大星 那样 呆头呆脑 但是 现实 还是 让 我 选择 活成 了 章鱼 哥 一般 尖酸刻薄 不再 爱笑
3177616486,杀死 那个 比奇 堡 人
3177612110,我 想 说 今天 要 美丽 明天 有些 计划 有 目标 就 好
3177615171,你 还是 不像 黄种人 那么 穷 章鱼 人
3177615081,我记 着 章鱼 哥是 自杀 过 的
3177598468,很 喜欢 章鱼 哥 很 丧 但 很 理性 啊
3177601535,其实 章鱼 哥贼 闷骚 嗯
3177579921,章鱼 哥 的 声调 不 适合 这首 bgm 应该 换 一个 的
3177583057,老网 抑云 了
3177579392,人嘛 换个 角度 去 想想 大家 终点 都 一样 其余 的 一切 都 不过 是 路过 的 风景 有 的 人 路过 的 风景 很差 但是 终究 只是 路过 我 心情 不好 的 时候 就 会 这样 去 想想 瞬间 就 开朗 了
3177581631,人 的 悲喜 并 不 相通
3177578226,做 得 很棒 你 很 厉害
3177569660,他 是 看 的 非常 清楚 .....
3177567822,够 了 海绵 宝宝
3177564648,你 b 站 抑郁 的 方式 不比网 抑云 更 离谱 网抑 云 好歹 听 着 很 丧 的 歌 吧 你 b 呢 海绵 宝宝
3177616741,你 看到 了 海绵 宝宝 有人 看到 了 自己
3177572067,BGM 花之舞
3242449159,吹 笛子 的 那 一段 BGM 是 什么
3177563788,视频 很棒 up 加油 ( _ ) 辛苦 没有 白费
3177558811,小时候 不 明白 为什么 章鱼 哥 一张 不 高兴 现在 想不通 为什么 海绵 宝宝 一直 开心 的 笑
3177553531,可能 章鱼 哥才 是 那个 普通人 吧
3177560204,我 喜欢 海绵 宝宝 这个 动画 更 喜欢 里面 章鱼 哥 这个 角色 这个 角色 的 存在 和 他 塑造 的 角色 形象 有 很 深 的 寓意 这 也 是 为什么 我 在 我 圈子 的 圈 名叫 章鱼 哥
3177557125,人生 没有 如果 如果 怎样 我会 是 怎样 无论 描绘 的 有 多 美好 它 都 是 不会 实现 的 这 一生 来 的 时候 没得 选走 的 时候 没得 选 这 一生 看 的 很 清无波 无澜 或是 别的 似 是 陷入 绝望 循环 之中 时而 踌躇满志 时而 万念俱灰 这 世界 我来 了 非 我 意愿 但 我 还是 来 了 来 与 走 的 过程 中 我 的 没得 选会 因 我 的 反抗 努力 坚持 而 变成 有 得 选 吗 我 相信 也 只能 相信 要 去 相信 加油
3177548955,章鱼 哥
3177550063,到 点 了 开始 抑郁 了
3177545428,我 最 爱 章鱼 哥
3177542659,章鱼 哥才 是 全片 最 悲剧 的 人 看似 冷漠 其实 热心肠 看似 讨厌 海绵 宝宝 但 又 为 海绵 宝宝 出力
3177542381,我 绝不允许 你 伤害 更多人 我 不许
3177540860,历尽 苦难 而 不厌
3177531203,我 也 想到 洛温 的 海绵 宝宝
3177528645,小时候 看 海绵 宝宝 真的 不 喜欢 章鱼 哥 总是 自己 一个 人 海绵 宝宝 和 派 大星来 和 他 玩 他 也 都 不理 当时 我 还 替 海绵 宝宝 打抱不平 现在 慢慢 能 理解 了 甚至于 我 自己 也 变得 像 章鱼 哥 一样 更 多 的 是 自己 呆 着 不 喜欢 和 其他人 在 闹哄哄 的 环境 里 我 小时候 向往 海绵 宝宝 的 乐观 而 现在 顺从 自己 成 了 普普通通 的 章鱼 哥 从 最 开始 的 不能 接受 到 现在 的 完全 享受 有些 路 真的 是 要 自己 走过 才 知道
3177522302,小时 侯 为什么 哥 脾气 那么 差 还 不爱笑 长大 后 为什么 海绵 宝宝 可以 天天 笑
3177518649,你 今天 累坏 了 小章鱼 仿佛 在 说 我 自己
3177518489,海绵 宝宝 这部 动画 里 我 最 喜欢 最 心疼 的 就是 章鱼 哥 了
3177525043,滴滴
3177514469,为什么 代入 感 这么 强
3177512856,看得 好 难过
3177504761,章鱼 哥 和 海绵 宝宝 的 关系 有点像 猫 狗 里 猫 和 狗 的 关系 猫 狗 也 是 这个 公司 出 的 动画 在 海绵 宝宝 之前 它们 两有 个 合体 的 一集 就 感觉 和 猫 狗 对照 猫 狗 里面 猫 和 狗 经常 被 周围 人 欺负 但是 他们 两个 相互 照应 世界 上 唯一 的 猫 狗
3177508430,小时候 喜欢 海绵 宝宝 长大 了 发现自己 成 了 章鱼 哥
3177511559,今天 币 没 了 明天 补 上
3177510698,网抑 模式 开启
3177510077,小 的 时候 笑 章鱼 哥 与 这个 海滩 的 人 格格不入 现在 长大 才 发现 章鱼 哥 的 苦
3177494666,是 我 没错 了
3177500248,童年 看笑话 长大 看 真实
3177500046,人 生长 无短 但是 快乐 是 的
3177489805,大家 都 是 老网 抑云 了
3177496597,现实主义 罢了
3177496062,有 的 人 被 命运 安排 我 想 安排 命运
3177492502,害怕 被 现实 残酷 淘汰
3177491309,flower dance
3177486175,火钳 刘明 upNB
3177482109,这 阿婆 做 的 视频 是 我 的 菜 三 连 了
3177478379,建议 网易 云 收录 此曲
3177481064,很棒 了 加油
3177480938,挺 好 的 但 还是 有点 不够意思 缺点 什么
3177473094,做 得 不好 完全 不 押韵
3177454652,子木 在 历经 凉 了 无数 稿 终于 又 火 了 一次
3177438636,小时候 看 的 时候 那个 翻译 还是 蛮 温柔 的 只是 写 了 这里 埋葬 的 是 章鱼 哥 的 竖笛
3177437467,好 冷
3177435422,我前 几天 还 以为 我离 梦想 又 近 了 一步 但是 今天下午 才 发现 这回 得 要 把 梦想 更 严实 的 藏 起来 不然 会 影响 到 我 赚钱 的
3177430167,第二个
3177363569,评论 来自 M4Sheep 章鱼 哥是 一个 厌世 懦弱 悲观 自认 怀才不遇 有 出众 之处 有 小市民 样 的 男人 他 自恋 本质 上 却是 善良 在 被 现实 狠狠 打击 后 躲 在 自己 家 的 阁楼 上 吹 单簧管 是 他 最后 的 精神 寄托 他 相信 自己 是 个 艺术家 即使 吹得 难听 他 依旧 在 周末 整理 衣领 自顾自 地 吹起来 又 爱 又 恨 的 邻居 味同嚼蜡 的 工作 故意 炫耀 的 老同学 一切 事物 都 在 提醒 他 的 一生 有 多 失败 在 这 在 冷酷 的 现实 之后 章鱼 哥用 他 的 音乐 幻想 和 梦 进行 一次次 悲观 色彩 的 甚至 是 荒诞 的 孤芳自赏 陶醉 的 表情 刺耳 的 旋律 颜色 鲜艳 得 夸张 的 红色 壁纸 在 黑铁 色 冰冷 的 岩石 屋子里 吹奏 的 章鱼 哥 巨大 的 荒诞 感 扯碎 了 令人作呕 的 现实 世界 只有 他 做 自己 的 观众 听 他 的 音乐会 我 认为 章鱼 哥是 整个 海绵 宝宝 系列 最 鲜活 的 一个 角色 他 简直 像是 直直地 从 卡夫卡 的 小说 中 走 出来 一般 以要 刺痛 你 双眼 的 气势 把 一个 孤独 灵魂 在 社会 的 炼狱 里 浮沉 的 景象 摆 给 你 看
3963239680,语文课 代表 就是 那个 M4 把
106271633696,老 语文 了
118514491360,太强了 这才 是 文字
122039743344,我 记得 有 一局 有个 章鱼村
122460453840,章鱼 哥有 一集 雕刻 出 了 超越 次元 的 雕像
195693361328,回复 : 呜呜 呜佳 渝 渝
3177304956,在 这 世界 上 还有 谁 是 真正 笑 着 的 呢 活成 章鱼 哥 这样 也许 比 假惺惺 的 笑 着 要强 的 多 吧
3177312378,( )
3177301037,加油
3177248300,该死 这里 埋葬 的 是 章鱼 哥 的 理想
3177236845,挺 心疼 章鱼 哥 的
3177224016,无病呻吟 无聊
3177219384,真的 很 佩服 那些 脸上 常挂 着 微笑 的 人
3177219068,明天 一定 会 更 美好 更 美丽 的
3177189811,( > <
3177157861,那 就 不要 留 时光 一 过 不再 有
3177151369,火钳 刘明
3177108707,看 了 以后 真的 是 很 有 感触 人生 就是 这样 虽然 坎坷 不如意 却 也 有着 别的 美好 的 东西 尽管 那 在 别人 眼中 只不过 是 再 寻常 不过 的
3177116567,有 多少 人 可以 一直 开心 呢 大都 是 成年人 的 伪装 罢了
3177108081,人人 都 想 做 海绵 宝宝 可 人人 都 是 章鱼 哥
3177115230,求 bgm
3177089844,小时候 最 讨厌 章鱼 哥 后来 发现 他 就是 我
3177081580,章鱼 哥是 给 谁 墓 送 的 花
3177526782,他 的 梦想
3177081508,up 好 厉害
3177075081,上班族 日常生活 那 还 敢 奢望 理想 呢
3177043890,无法 白 嫖
3177002290,这个 背景音乐 是 什么
3177545381,Flower Dance
3202952391,回复 : 谢谢
3177011771,好好 休息 吧 保持 好 向上 的 心态 生活 不会 一直 坏 下去 的
3177011128,字幕 跟 水印 看起来 有点 影响 其他 挺 好 的
3176965494,感谢 剪辑
3176940127,发到 网易 云 就 封神 了
3176929724,被 命运 安排 是 我 了 没错 童年 时 的 阴影 是 永远 走 不 出去
3176905911,心酸
3176890024,为什么 整部 剧 就 章鱼 哥 一个 正常人 因为 整部 剧都 是 围绕 章鱼 哥来 写 的
3176831910,大家 都 想 成为 海绵 宝宝 最后 却 活成 了 章鱼 哥
3176797708,2020 任务 好好 活下去
3176750091,视频 是 真的 好 忍不住 给 up 投币
3176730107,有时候 你 看到 别人 的 快乐 时 确实 应该 认真思考 一下 自己 的 问题
3176721407,只是 我 的 感觉 物欲 太强 的 人 就 像 章鱼 哥 一样 很少 快乐
3176719609,海绵 宝宝 里 最 喜欢 的 就是 章鱼 哥 会 吹 小号 会 画画 什么 都 会 每天 都 在 努力 精致 优雅 的 生活 有时候 看 海绵 宝宝 跟 派 大星 对 章鱼 哥 做 的 事情 有时候 觉得 听 过分 的 他 只是 想 好好 生活 可能 丧 了 一点 但 他 挺 优秀 的 爱 章鱼 哥
3176698064,果然 你 有 章鱼 哥 音源 和 语音 包 啊
3176709745,并 没有 都 是从 视频 里面 一个 字 一个 字截 的
3176719221,回复 : 这 也 太 麻烦 了 吧 难道 这 是 要 好几个 月 做 完 这个 鬼畜
3176732540,回复 : 确实 做 了 好几个 月
3176682440,网抑
3176618094,小时候 觉得 章鱼 哥太不讨 喜 了 但是 现在 真的 好 喜欢 他 _ ( : ) _
3176601457,泪目
3176596923,我 就是 章鱼 哥 吧
3176562372,我 一心 只 想着 自己 的 苦恼 却 没 意识 到 他人 还 在 努力 的 活着
3176544956,我刚 看 完 这集
3176539385,不 知道 为什么 听 完 哭 的 稀里糊涂 的 不 知道 为什么 不 知道
3176531976,半生 半死 多好 呀 可是 我们 好好 的 活着 就 得 体现 自己 的 价值
3176510321,前 几天 毕业 后 去 同学 家 我 没有 带 手机 他们 都 在 玩 手机 开黑 当时 的 我 觉得 我 不 属于 他们 那个 世界 就 看着 他们 我 想起 一些 以前 开心 的 事情 笑 了 出来 一些 人 回头 用 奇怪 的 眼光 看 我 他们 不 知道 我 在 笑 什么 就 像 我 不 知道 他们 在 笑 什么 一样
3176488475,金黄 的 落叶 堆满 心间 我 已 不再 是 青春 少年
3176454417,2022 年 章鱼 哥 走 了 真的 走 了 它 去 了 更 遥远 的 地方 吹 笛子 享受 一个 人 的 生活 了 我 不 知道 是不是 但是 我 知道 这 是 我 从 百度 上 看到 的
3176453474,我 对 别人 都 说 下次一定 现在 我 决定 给 你 三 连
3176448171,还有 我
3176422822,离 优秀 还 差一点
3176417167,问 一下 章鱼 哥 视频 里 吹 的 曲子 是 什么 芽
3176408826,是 什么 呀
3176372267,火钳 刘明
3176356571,魔性
3176329241,人人 都 活 在 现实 人人 都 住 在 比基尼 海滩
3176516701,人人 心里 都 是 海绵 宝宝 人人 都 是 章鱼 哥
3176328254,你 今天 累坏 了 小章鱼 明天 一定 会 更好
3176311356,好 伤感 啊
3176303404,总以为 我们 是 海绵 宝宝 然而 我们 大多数 都 活成 了 章鱼 哥
3176289059,请 走漫 一点 等一等 自己 的 灵魂
3176283001,小时候 我 以为 我 是 海绵 宝宝 长大 了 才 发现 我 是 章鱼 哥
3176204696,我 希望 自己 傻 呆呆
3176196126,小时候 觉得 章鱼 哥 很 讨厌 很 不近人情 现在 才 发现 章鱼 哥 其实 就是 我们 每 一个 人
3176096407,这里 埋葬 着 的 是 章鱼 哥 的 梦想
3176079632,加油 啊 对 所有人 说
3176079489,一部 带来 欢笑 快乐 的 童年 动画 一段 三分 多种 的 成年人 打开方式 剪辑 不得不 说触 到 了 我 的 心灵 某个 柔软 地方 总之 三连奉 上 期待 更 多 好 的 作品
3176074528,标题音乐 风格 节奏 都 一模一样
3176365391,鬼畜 爱看不看 吧 没 必要 发表 看法
3178410321,置顶 看 了 吗
3176060432,有 借鉴 就 容易 产生 对比 感觉 词 没有 洛温 的 流畅 押韵 字幕 做 得 也 没有 洛温 精细 洛温 除了 影视 剪辑 还加 了 点 剪切 特效 倒放 什么 的 这里 也 没有 当然 这个 作品 吹树 笛 那里 的 调音 还是 不错 的 就是 略 有些 不够 流畅 洛温 的 作品 如果 是 优秀 这个 应该 算 及格 昨晚 看 的 时候 才 两三百 评论 觉得 是 抄袭 就 划过去 了 今天 被 同学 分享 来看 三个 小时 前才 发 置顶 说明 是 致敬
3176394284,这个 视频 确实 很 有 抄袭 之 嫌 也 确实 质量 有待 提高质量 不 怎样 有 抄袭 嫌疑 还 说 自己 做 得 多 不 容易 也 很 容易 招喷 ( )
3177921195,你 说得对
3179029540,洛温 那个 首先 派 人物 角色 比 这个 立体 其次 里面 穿插 了 和 海绵 宝宝 的 友情 线 这个 就 有点 单调
3184086396,没 办法 章鱼 哥 戏份 本来 就 不 多
3220742625,章鱼 哥 的的确确 为 梦想 付出 努力 还 不如 海绵 宝宝 随随便便 的 一 吹 笛子 它 也 的确 不 幸运 生活 也 确实 压抑 这种 视频 谁 都 能 做 吧 为什么 说 是 抄袭 这个 视频 难 不是 难 在 看 很多遍 海绵 宝宝 找 合适 的 台词 调音 填词 吗 可以 说 质量 没有 很 高 但是 心血 确实 很足
3221011231,回复 : 但凡 你 把 我 的 评论 展开 来看 时间 顺序 也 不会 杠 我 说 我 说 的 是 抄袭
3235606492,回复 : 看来 我们 用 的 不是 同一个 网易 云
3407003256,你 就是 个 无脑 粉洛温 是 谁 他 被 喷 了 关 我们 什么 事全 评论 区 就 你 一个 来 破坏 氛围 的
3407886144,回复 : 小朋友 多 读点 书吧 现在 b 站 出圈 了 真是 什么 年龄段 的 无脑 人士 都 有 如果 不会 翻 评论 评论 区 打开 那边 有 一个 按 时间 排序
5156577903,怎么 说 章鱼 哥 的 台词 并 不 丰富 可能 调音 还会 困难 一些
3176045049,天才 总是 孤独 的
3176002724,活着 像 只 章鱼 思想 像 条 咸鱼 一生 走 在 多 叉路口 处 游离 死 了 不能 无悔 内心 讨厌 努力 终究 独自一人 目送 这 天地
3176002382,记住 没有 人想 做 章鱼 哥 但是 人人 都 想 做 海绵 宝宝 可是 结果 却 往往 相反 生活 往往 比 电视剧 更 有 戏剧性 人生 仿佛 就是 命运 的 玩具 一样
3175992474,真的 很 喜欢 这部 动画片 就 想 无脑 的 活着 而且 无脑 还 能 活着 多么 理想 的 世界
3175919891,点 了 不 喜欢 相似 度太高 标题 都 打着 借鉴 致敬 的 名头 不如 直接 联系 洛温
3176361764,狗头 救 不了 你
3175911897,怎么 说 呢 比派 大星 的 独白 调音 差一点 意境 差一点 贴合 度 差一点 完成度 差一点 ps : 蟹 老板 真的 不怎么 吃 蟹黄 堡 他 只 喜欢 钱 蟹黄 堡 能 换钱
3929698944,没 办法 因为 章鱼 哥话 是 真的 少
3175883856,初闻 不知 曲 中意 再闻 已 是 曲中人
3175854099,支持 up
3175822543,我 从小 就 很 喜欢 章鱼 哥 一直 觉得 他 是 最 正常 的
3175808343,挺 好 的 但是 比派 大星 差 了 点 意思
3175799113,鼓励
3175785079,太 唉 ( )
3175768139,开头 : 一角钱 的 故事
3175761755,我 觉得 有时候 章鱼 哥 很 善良
3175705940,我本 以为 我 是 世界 的 主角 直到 我 被 所有人 抛弃
3175678960,火钳 刘明
3175680996,白 嫖 最 快乐
3175680712,红激 劲敌
3175661358,感动
3175651922,央配 版 真的 很 经典
3175595401,必须
3175558760,太 真实 了 引起 不适
3175515472,在 一个 别人 眼里 正常人 不 正常 的 世界 孤独 的 老去 ..
3175502361,十九岁 没有 梦想 只想 努力 做个 普通人
3175487198,这是 第几 集 啊
3175482065,emmm 其实 不 应该 翻译成 竖笛 应该 是 黑管 或 单簧管 ( 因为 我 也 是 吹 黑管 的 所以 就 不 太 愿意 被 别人 说成 竖笛 )
3175439290,阿婆 主 辛苦 了
3175410116,很 真实 的 现实生活 中 也 是 人 看着 不 舒服 没有 得罪 你 没有 伤害 你 只是 没有 讨人 的 喜欢 就 会 遭到 无数 冷遇 和 排挤 人群 纠结 在 一起 挤压 别人 的 生存空间
3175403755,辛苦 了 up 主已 投币
3175332696,我 快乐 了
3175335242,感觉 词 有点 尬
3175318360,每次 我 以为 情况 要 好转 一点 了 现实 就要 给 我 迎头 暴击 可能 有些 人 就 像 章鱼 哥 这样 天生 与 快乐 绝缘 吧 比如 我
3175299277,文艺 章鱼 哥
3175293487,章鱼 哥 自杀
3175279261,这种 单元 剧 加入 单一 固定 情怀 是 没 必要 的 因为 这会 固化 人设 而 人设 是 会 变 的 就 像 派 大星 和 海绵 宝宝 他们 在 这 一集 的 设定 是 亲密 的 好 朋友 在 那 一集 设定 就 可能 是 伪 好友 所以 这种 的 视频 要么 选 不同 的 角度 要么 就别 重复 做 了 当然 你 要是 喜欢 也 可以 自己 做 给 自己 看
3175263445,好 了 好 了 开始 抑郁 了
3175261872,网抑 云 的 味道
3175238836,洛温 劲敌
3175213941,高中 时候 一个 同桌 把 一个 派大星 衬衫 给 我 自己 留 了 一个 海绵 宝宝 原来 派大星 只有 海绵 宝宝 而 我 却 有 那么 多
3175175000,章鱼 哥 加油
3175178709,你 还是 拿 着 币 吧
3175153748,快乐 是 他们 的 而 我 什么 都 没有
3175147588,章鱼 哥才 是 真正 进入 了 社会
3175147683,魔力 赏 活动 帮帮忙
3175107669,章鱼 哥有 一种 成年人 的 悲伤
3175096640,这 算是 模仿 吗 一个 正常人 的 独白
3175333132,应该 是 的 中性词
3175056348,真正 的 英雄 是 在 看透 生活 本质 后 依然 热爱 着 生活 罗曼罗兰 米开朗基罗
3175048434,人人 都 笑 章鱼 哥 人人 都 是 章鱼 哥
3175032493,欢乐 是 如何 消失 的 呢
3175012715,评论 区 老负 能量 了
3174919385,小时候 总以为 海绵 宝宝 和 熊出没 是 世界 上 最 搞笑 最 让 我 开心 的 两部 动画片 了 可是 长大 了 再 去 看 发现 了 自己 许多 小时候 没 发现 的 细节 发现 以前 的 温馨 的 动画片 背后 都 有 有人 在 哭 有人 在 笑 有人 幸福 有人 孤独 终老
3174897020,我 看 海绵 宝宝 其实 是 非常 心疼 章鱼 哥 的
3174862638,好棒
3174865479,这里 葬 着 章鱼 哥 的 梦想
3174831326,其实 我 觉得 章鱼 哥是 幸运 的 最少 它 遇到 了 海绵 宝宝
3174809550,有人 知道 这是 海绵 宝宝 第几 集 吗
3174963703,混剪
3175164472,回复 : 章鱼 哥 国王 那 一个 您 知道 吗
3177866465,回复 : 不 知道 啊 平常 不怎么 看
3179208598,回复 : 好 的 谢谢
3174642301,看 了 评论 各位 不要 这么 丧嘛
3174624196,昔兰尼 劝 死者 没有 痛苦 就是 欢乐
3174610969,真的 看 哭 了 我 内心独白
3174600896,这 里面 小时候 最 喜欢 的 就是 章鱼 哥 事实上 我 看不懂 这个 动画 这么 大 了 还是 看不懂 不 懂 里面 的 笑 点 但是 我 喜欢 章鱼 哥 某些 地方 至少
3174575713,人人 都 是 章鱼 哥
3174573248,章鱼 哥 一直 作为 一个 普通人 爱着 这个 世界 努力 的 生活 着 即使 并 没有 被 生活 善待
3174564405,到 点 了 爷 抑郁 了
3591174355,爬 恶心
5076714680,刷网 抑云 的 烂 梗 小鬼 给 有 多 远 爬 多 远
3174559702,已三连 up 主 支持 你
3174550372,背景音乐
3174542322,原来 他 只是 一只 小章鱼
3174521147,创意 照搬 黄绿 合战 的 派 大星 up 不 说明 一下 吗 虽然 调音 很 辛苦 但 起码 得 提 一下 吧 借鉴 的 视频 链接 BV1qt411j7fV
3174964438,这 怎么 一样 没用 填词人 不 一样 up 自己 做 的 看着 风格 很 像 但是 完全 不 一样 多 支持 小 up 不好 吗
3175008714,回复 : 有 一 说 一 看到 这个 标题 我 还 以为 是 那个 up 又 出新 鬼畜 了
3929697789,看 简介
3174508578,泪目
3174483462,越 看 越 像 我 自己
3174490100,初看 嘲笑 章鱼 哥 再 看 已 是 章鱼 哥
3174482739,为什么 说 的 全是 我
3174463672,我 是 派 大星
3174455630,挺 羡慕 海绵 宝宝 的
3174404331,章鱼 哥 一个 刀子嘴 豆腐心 的 好人
3174373856,开头 是 哪集 啊
3174359796,啊 这 这种 高质量 的 顶 一哈 吧
3174354318,哎 听 着 听 着 就 哭 了 好怀念 过去 啊
3174342511,可是 海绵 宝宝 真的 把 章鱼 哥当 朋友 一个 暖心 的 弹幕 我 只 想 把 这句 话 挑出来 然后 给 它 点个 赞 在 觉得 自己 低落 消沉 难过 的 时候 请 抬头 看看 你 的 身边 真的 存在 一些 宝贵 的 东西 只是 你 没有 注意 过 而已 祝 评论 区 和 看 视频 的 大家 每 一个 明天 都 是 美好 的 一天
3174322641,我 很少 投币 但 冲 这个 用心 制作 两个 硬币 收下 吧
3174298644,总 感觉 和 那个 派大星 的 很 像 又 去 听 了 一遍 感觉 就是 改了 一个 词 不过 up 主找 素材 剪辑 写词 都 特别 好
3174298429,百万 预定 火钳 刘明
3174301595,逃 到 清洁 间 戳 我 泪点 想 哭 我 之前 孤独 的 时候 就 爱 到 公厕 去 把 自己 一个 人锁 到 厕所 里面 谁 都 看不到
3174296246,被 爱 才 是 我们 上进 的 动力
3174279509,这个 视频 的 节拍 和 部分 台词 有点像 某派 不过 还是 可以 的 有 那味 了
3174274953,歌词 太 真实 了
3174267953,视频 做 得 很 赞
3174238291,这个 怎么 在 别的 地方 看过 的 感觉
3174244202,格温
3174249843,应该 是 参考 了 格温 之前 黄绿 合战 时 的 派 大星 的 独白 不过 这 一个 作品 更 现实 一些
3174230517,蟹 老板 究竟 为啥 卖 的 蟹黄 堡 把 自己 同类 的 身体 拿来 做成 汉堡 卖 吗
3174234337,啊 不是 用 海星 肉 做 的 吗
3174218564,小时候 不 知道 为什么 章鱼 哥 总不爱 笑 长大 了 不 知道 为什么 海绵 宝宝 总能 笑 出来 中间 那 竖笛 听 的 特别 有 感觉
3174218151,能 给 我 喜欢 海绵 宝宝 的 理由 吗 我 想不通 因为 现实 中 遇见 这种 人 的话 我 可能 会 给 他 的 肺 开个 通风孔
3174204681,看清 了 这个 世界 却 依旧 看不清 自己
3174193091,章鱼 哥 就是 大多数 在 浮游 挣扎 的 普通人 啊
3174196602,章鱼 哥 我 就 挺 喜欢 你
3174195075,你 要 记得 那些 大雨 中为 你 撑伞 的 人 帮 你 挡住 外来 之物 的 人 黑暗 中 默默 抱紧 你 的 人 逗 你 笑 的 人 陪 你 彻夜 聊天 的 人 坐车来 看望 你 的 人 陪 你 哭 过 的 人 在 医院 陪 你 的 人 总是 以 你 为重 的 人 带 着 你 四处 游荡 的 人 说 想念 你 的 人 是 这些 人 组成 你 生命 中 一点一滴 的 温暖 是 这些 温暖 使 你 远离 阴霾 成为 善良 的 你 章鱼 哥
3174167339,加油 还有 啊 婆猪 还 我 眼泪
3174157092,老 网易 云
3174147082,bgm 是 啥 啊 求 告知 感觉 能 循环 一天
3174155547,flower dance
3176599210,回复 : 谢谢
3174136288,加油
3174124114,我爱你 章鱼 哥
3174120531,成人 的 世界 好难
3174120365,我 是 章鱼 哥 一个 失败者
3174092598,有 感动 到 以后 尽量 不吃 章鱼 了 加油 小章鱼
3174092019,至少 我们 知道 章鱼 哥是 个 好人
3174084527,你 可能 会 更 喜欢 海绵 宝宝 但 我 觉得 没人会 讨厌 章鱼 哥
3174091300,最 现实 的 一个
3174081719,我 帮不了 我 自己 什么 但 up 三连 我 给 了
3174078556,逃到 了 清洁 间 也 太 真实 了 我 实习 被 骂 咬着牙 坚持 不哭 然后 躲到 厕所 擦 眼泪 长大 太 不好玩 了
3174078273,That will be fine . 明天 之后 一切 都 会 好 起来 的 不是 因为 希望 而是 我 只能 去 相信
3174069787,日常 打卡
3174062371,楼下 一个 男人 病 得 要死 那 家 隔壁 的 一家 唱 着 留声机 对面 是 弄 孩子 楼上 有 两人 狂笑 还有 打牌 声河 中 的 船上 有 女人 哭 她 死去 的 母亲 人类 的 悲欢 并 不 相通 我 只 觉得 他们 吵闹
3174054593,兄弟 萌 还有 29 分钟 就要 到 点 了 但是 我要 提前 睡觉 我先 提前 抑郁 了 再见
3174054117,人人 都 想 成为 海绵 宝宝 但是 人人 都 是 章鱼 哥
3174050714,每天 睡前 丧 一下 明天 还 得 爬起来
3174036534,以前 总是 想着 章鱼 哥 为什么 不 快乐 这么 颓丧 现在 看 却 想 为什么 海绵 宝宝 和 派 大星会 这么 快乐
3174011216,哭 吧 也许 哭 出来 你 会 好受 些
3174015538,海绵 宝宝 章鱼 哥 同样 的 碌碌无为 泯 泯 众生 一个 快乐 一个 确 不 快乐 一个 过好 今天 就行 而 另 一个 有 理想 有 奢望 在 现实 中 海绵 宝宝 不 可能 存在 章鱼 哥 遍地 都 是
3173999153,章鱼 哥 其实 更 接近 正常人 但 他 也 渴望 朋友 渴望 快乐 渴望 一个 安宁 的 生活 过于 吵闹 的 朋友 不 喜欢 的 工作 喜欢 的 东西 却 不 存在 足够 的 天赋
3174005988,你 徒弟 来 了
3173970639,失去 的 是 我 珍贵 的 得到 的 不是 我 想要 的
3173959063,up 主 加油
3173944873,泪目
3173939670,BGM 是 啥 呀
3173948061,这个 题材 很多 人 做 过 了 但 每次 看 完 还是 很 有 感触
3173947133,动画 里 总是 有 一个 最 接近 现实 的 人
3173925141,泪目
3173899649,这 段 剧情 现在 想 起来 如果 每个 人 都 能 为 自己 逝去 的 梦想 立 一座 墓碑 那么 我们 的 世界 早就 被 墓碑 填满 了
3173904160,loser
3173880293,章鱼 哥 可能 是 整个 海洋 最 现实 的 人 吧
3173850059,文艺复兴 做 得 真 好
3173821449,"时际 上 我们 又 何尝 不是 这 样子 , 每 一次次 被 生活 打败 , 一次次 又 站 起来 , 但 生活 就是 这样 , 这样 残酷"
3173825346,派大星 羡慕 海绵 宝宝 章鱼 哥 羡慕 派大星 和 海绵 宝宝 下 一个 我 觉得 是 蟹 老板 羡慕 章鱼 哥 和 派 大星 和 海绵 宝宝
3173802097,我 准备 去 看看 了 小时候 看 的 是 快乐 现在 看 真的 很 难过 啊
3173765034,煽情 是 够 了 还 差 了 些 深度
3173756928,再见 朋友 再见 比基尼 海滩
3173748276,海绵 宝宝 拿 一 麻袋 钱 买 了 菠萝
3173747391,难怪 有时候 我 很 喜欢 章鱼 哥 加油 吧 各位
3173732844,真正 接触 到 社会 的 人 都 知道 不 容易
3173732671,在 推荐 的 首页 无意间 被 精美 的 人物 封面 和 优秀 的 标题 吸引 我点 开 这个 视频 没想到 在 这 浮躁 的 社会 竟然 还有 人能 沉下 心来 用心 制作 出 如此 有 思想 深度 的 优秀作品 视频 观感 非常 棒 爱了爱了 立马 点赞 收藏 转发 投币 ( 重点 ) 一条龙 然后 我 抱 着 深入 了解 的 目的 点开 了 up 的 主页 发现 这个 up 还有 更 多 优秀 的 作品 关注 了 真想 把 自己 的 工资 都 全给 up 主 充电
3173704324,难得糊涂 啊
3173692667,成年人 的 世界 真不容易
3173679049,真的 是 越 长大 越 发现 之前 的 看到 的 东西 和 现在 完全 不 一样 小时候 不 理解 章鱼 哥 为啥 不笑 长大 不 理解 为啥 海绵 宝宝 可以 笑 小时候 看不懂 高要 赵高 长大 了 看不懂 易 小川 海绵 宝宝 里面 章鱼 哥 和 海绵 宝宝 美丽 的 神话 里面 的 高要 和 易 小川 都 是 随着 时间 重温 后 让 人 感悟 完全 不 一样 的 人
3173665593,加油 陌生人 你 上 首页 了
3173652495,氪 不 氪 以
3173631829,小时候 不 知道 章鱼 哥 为什么 总是 这么 不 开心 长大 了 想 不 明白 海绵 宝宝 怎么 总 这么 快乐
3180916138,因为 海绵 宝宝 就 像 个 永远 长不大 的 小孩 小孩 总是 快乐 的
3251889695,因为 做 汉堡 是 他 的 梦想 而且 主角 光环 让 他 不用 考虑 柴米油盐酱醋茶
3254244943,回复 : 主角 光环
3393261148,Abigail Johnson
4123109799,做 着 自己 不 喜欢 的 工作 爱好 是 吹 竖笛
4952523834,海绵 宝宝 是 人生 赢家
5352601671,回复 : 海绵 宝宝 为什么 就 不会 不 开心 天天 有个 司马 脸 阴阳怪气 同事 爱 添乱 还 笨蛋 的 朋友 贪财 压榨 员工 的 老板 换 你 到 这样 一个 环境 你 会 开心 么 海绵 宝宝 的 快乐 是 靠 他 自己 的 内心 乐观 强大
5513838837,人越 糊涂 反而 越活 的 快乐 吧
97747139520,章鱼 哥是 大人 小孩 不能 理解 海绵 宝宝 是 小孩 大人 不能 理解
99681139904,我 或许 挺 理解 海绵 宝宝 的 我 也 没什么 梦想 就是 干一行 爱 一行 那种 工作 或者 学习 都 会 使 我 充实 不 上班 反而 觉得 空虚 和 朋友 在 一起 疯 不用 掩饰 我 的 理想主义 只是 存在 头脑 风暴 里 人 却 立足 现实 踏踏实实 总是 充满 好奇 感觉 什么 都 能 让我学 到 一些 东西 快乐 和 痛苦 都 是 体验
103648861536,海绵 宝宝 太 乐观 了 还是 个 卷 王 虽然 这样 会过 得 很 好 但 一般 人 做 不到 这样 比如 我 我 还是 很 羡慕 海绵 宝宝 的
103911013136,回复 : 海绵 宝宝 已经 三十多岁 了
103911504784,回复 : 三十多岁 的 孩子
103911896000,回复 : 可以
105274976544,因为 海绵 宝宝 的 心态 好 嗯 切 他 的 梦想 就是 在 蟹 堡 王 工作 他 能 不 开心 吗
114230901408,回复 : 准确 说 不是 乐观 强大 是 海绵 宝宝 内心 是 个 小孩 看不清 现实
132061022352,你 要是 生活 不 为 金钱 发愁 你 也 能试 着 这么 快乐
142476561616,真的 是 诶 小时候 觉得 章鱼 哥 为什么 老是 怎么 丧气 / 唱反调 现在 看 我 在 想 &# 34 ; 为什么 海绵 宝宝 那么 有 活力 &# 34 ;
143038981904,回复 : 你 确定 能 理解 海绵 宝宝 每天 开开心心 的 付费 上班 吗 他 每 上 一天 班 都 要 付给 蟹 老板 一百 美金
143064710496,回复 : 肯定 能 啊 做 蟹黄 堡 对 他 来说 是 非常 热爱 的 事业 啊 对 普通 社畜 来说 才 是 可恨 的 工作 人家 为 爱 发电 章鱼 哥是 为了 生计 心情 能 一样 吗 而且 海绵 宝宝 做 这个 工作 实现 了 自我 价值 他 在 比奇 堡 很 受欢迎 大部分 来看 像 一个团 宠 很 幸运 而且 他 也 不 缺钱 真 较真 海绵 宝宝 甚至 会 为了 他人 眼里 没用 的 东西 比如 臭 靴子 旧 报纸 做 的 帽子 付出 所有 的 积蓄 有时候 觉得 其他 居民 可怜 人家 和 他 卖 惨 他 也 送 出 所有 的 钱 相比 于 倒付 工资 给 蟹 老板 他 在 其他 方面 的 赔钱 能力 也 是 很 可以 的
143065189840,回复 : 我 一直 觉得 海绵 宝宝 是 童心 的 代表 像 一个 纯粹 的 小孩 在 他 眼里 水母 童话 贝壳 或者 小花 小草 阳光 都 比 钱 要 重要 的 多 或许 他 不是 傻 只是 他 没 学会 俗世 的 价值 标准 呢
153288129568,回复 : 付费 上班 我 真的 醉 了
242641279008,回复 : 怪气 同事 海绵 宝宝 他俩 玩意 有 多 恶心 看不出来
243325943169,海绵 宝宝 快乐 是因为 他 是 个 永远 长不大 的 孩子 章鱼 哥 郁闷 是因为 他尝遍 了 人间 的 疾苦
3173613818,up 主做 的 好 棒 你 的 努力 没有 白废
3173604868,章鱼 哥 就 像 许多 普通 上班族 一样 想要 追寻 年少时 的 梦想 却 被 现实 与 生活 和 自己 的 梦想 越来越 远
3173603552,海绵 宝宝 是 个 天才 啊 章鱼 哥 做 自己 就 很棒 了
3173597495,别 这样 丧 章鱼 哥 至少 还有 独栋 双层 别墅 工作 之余 还 可以 搞搞 艺术
3173595777,up 能 上传 网易 云 吗
3173579260,刚 毕业 就 像 看到 了 未来 的 自己
3173574325,给 大家 一个 建议 找 一点 喜欢 的 事情 比如 有人 喜欢 浇花 养花 有 那么 几个 最 幸福 的 小事 做 都 很 开心 的
3173556334,会 喜欢 海绵 宝宝 每天 嘻嘻哈哈 打打闹闹 的 像 个 小天使 一样 会想 有 个 派 大星 一样 的 朋友 陪 着 一起 疯 一起 闹 也 会 有 矛盾 但 睡一觉 又 听到 熟悉 的 声音 招呼 一起 抓 水母 会想 有 个 蟹 老板 一样 的 老板 至少 他 只 谈钱 不会 用 梦想 发工资 当 一切 人物 都 在生活中 找到 对应 的 人 以后 会 发现 原来 我 就是 那个 小时候 那个 特别 讨人厌 的 章鱼 哥 闭嘴 海绵 宝宝 你 吵 的 我 无法 专心 工作 了 ( 虽然 我 的 工作 其实 没有 你 那么 无可替代 也 不 像 你 一样 热爱工作 ) 也 会 想 去 吹个 泡泡 抓 抓 水母 想想 还是 算了 你 可以 在 这些 简单 的 事 中 感受 到 快乐 我 只 觉得 吵闹 请 还 我 一片 宁静 得到 宁静 以后 却 又 会 觉得 无趣 真是 复杂 的 生物 呢 所以 说 章鱼 哥 完全 就是 生活 在 一群 神经病 中 的 普通 上班族
3173551300,好像 派大星 的 那个
3173551160,明天 一定 会 更 美好 美丽 的 小章鱼
3173534087,海绵 宝宝 里 我 最 喜欢 的 就是 章鱼 哥 但是 我 不 明白 他 为什么 老是 那么 倒霉 还 被 人 捉弄 尤其 是 当 海绵 宝宝 在 他 旁边 得 了 便宜 嘚 瑟 的 时候 好 想 打 HMBB
3173527391,年少 不知 其中 意 长大 却是 意中人
3173519620,不管 生活 怎么样 善良 就 好
3173508977,为什么 我 一 高兴 就 有 错
3173508701,加油 ( _ ) up
3173488112,视频 类似 的话 看 了 第一个 之后 其他 的 都 不大想 看
3173460342,这里 埋葬 着 章鱼 哥 的 希望 和 梦想
3173455364,这次 一定
3173444118,又 是 一个 四季 在 变换 而 我 却 无能为力 站 在 街头 直到 在 人潮 之中 孤独 的 死去
3173443687,火钳 刘明
3173442285,只要 明白 这 一切都是 这么 无趣 不 对 未来 抱 有 希望 你 就 会 觉得 全都 无所谓 只是 个人 只是 活着 而已 没什么 高尚 或是 绝望 的
3173437343,小时 的 快乐 长大 后 的 道理
3173428523,现在 理解 了 哥 为什么 不爱笑 了
3173427258,但 明天 一定 会 更好 的
3173426089,我 居然 一直 都 在 笑
3173422969,我 长大 了 令 我 快乐 的 事情 少之又少
3173413531,人人 都 是 章鱼 哥
3173413309,前面 2 秒 差点 退出 还 好多 看 了 一眼 就 被 吸引 了 火 了 记得 叫 我
3173420669,火钳 刘明
3173410183,生活 安逸 时 歌颂 绝望 的 词语 生活 窘迫 时 又 不断 生出 希望
3173399706,如果 我 还 能 再 来 一次 我 一定 不会 看 上海 堡垒 了
3173405567,呜呜 呜 我 抑郁 了 我 一天 吃 6 斤 抗抑郁 药 你们 能 帮帮我 么
3173398397,高考 完 了 一切 也 都 结束 了
3173402123,送 你 上 首页
3173395755,来自 首页
3173391894,我 想 触摸 风 并 成为 它 的 心跳
3173382577,祝你好运
3173385828,快乐 是 别人 的
3173378089,万家灯火 无一为 我
3173368369,才 明白 成年人 的 心情 明明 我 才 大 一
3173368150,我 的 地板 下 有 一具 尸体 和 我 长得 一模一样 却 多 了 一丝 稚气 与 天真 不知 何时 木板 被 人 打开 了 我 并 不 担心 毕竟 这是 大家 让 我 埋 的 他 是 我 我 不是 他 扭头 出门 又 是 繁忙 的 一天
3173357517,世界 上 只有 一种 真正 的 英雄主义 就是 认清 了 生活 的 真相 后 还 依然 热爱 它
3173348634,辛苦 了
3173346872,这个 bgm 是
3173343855,我 想 小章鱼 永远 不会 长大 长大 的 只有 名叫 章鱼 哥 的 普通人
3173318958,我要 加油 我要 是因为 这 就 抑郁 了 我 就算 是 上钩 了
3173325247,这 是 和 派 大星 一个系列 的 吗
3173304485,up 加油 啊 我 是 那种 只会 粗略 剪辑 的 人 精密 的 片段 我 不会 看到 你 剪 这么 辛苦 我 没有 方法 教 你 日常 的 辛苦 是 成功 的 积淀 熬过去 就 成 了 已经 三连 啦
3173306873,投币 了 评论 了 支持 了 尽力 了
3173301519,我 的 梦想 早已 在 社会 的 大 磨盘 都 烟消云散
3173293798,竖笛 独奏 在 哪 可以 找到
3173288188,小时候 认为 自己 是 海绵 宝宝 自己 是 主角 谁 都 围绕 着 我 转大些 后 只 想 变成 派大星 有 一个 朋友 足矣 而 现在 发觉 自己 变成 了 章鱼 哥 但 我 的 生活 中 没有 海绵 宝宝 跟 派 大星
3173285767,连 坟墓 都 没有 的 梦想 吗
3173279281,希望 你 能 坚定 的 往前走
3173273417,如果 再也不能 见到 你 祝 你 早安 午安 晚安
3173268810,章鱼 哥不爱 笑 完全 是 生活 所 逼 工作 上 不如意 在 竖笛 方面 也 没人 欣赏 他 他 缺 的 就是 一个 知己 啊
3173259190,小时候 喜欢 海绵 宝宝 以为 自己 会 成为 他 长大 后 才 发现自己 原来 是 章鱼 哥
3173255807,这个 视频 不火 我 直播 倒立 拉屎 到 自己 嘴里
3173245378,好 悲伤
3173226762,小时候 看 的 时候 我 总 感觉 海绵 宝宝 派大星 为什么 总是 做些 无厘头 的 事 感觉 章鱼 哥是 最 正常 的
3173209576,为什么 海绵 宝宝 的 配音 换 了 新 配音 好 不 习惯
3173207735,每个 人 都 被 命运 安排 但 我 安排 命运
3173204472,哎 现实 中 的 人 都 以为 我 很 高冷 很装 其实 我 根本 就 不是 那种 很酷 的 人 我 只是 个 优柔寡断 心事重重 的 小镇 男孩
3173203171,章鱼 哥冲 鸭
3173187579,对不起 我 忘不了 派大星
3173187001,用 事实 说话 焦点访谈 中央电视台 各 频道 宣传片 您 正在 收看 的 是 中央电视台 xx 频道 春晚 肖申克 的 救赎 章鱼 哥 都 是 李易 老师 配 的 走 好
3173174587,有点 听不清
3173173550,这个 调子 大概 绑定 了 海绵 宝宝 了
3173151022,比 隔壁 还 差一点 加油 ~
3173143177,我 算是 明白 我 为什么 这么 喜欢 章鱼 哥 了
3173142249,为什么 我 一 高兴 就 有 错 唉
3173142122,人人 都 是 章鱼 哥
3173145800,章鱼 哥 网易 云 骨灰级 vip 了
3173135874,人人 都 想 成为 海绵 宝宝 但 人人 最后 都 会 变成 章鱼 哥
3173127751,首页 通知书
3173127267,首页 通知书
3173127177,如果 觉得 自己 人生 不够 美好 那 就 学学 章鱼 哥 他 一生 都 遭遇 各种 不幸 但 却 从没 放弃 对 美好生活 的 追求
3173119884,一人 出版 万人 模仿
3173120217,弹幕 谁 说 这 是 好看 不火 系列 这 尼玛 是 昨天 投 的 稿 这 三天 内 估计 就 破 百万 了
3173098800,年少时 总 觉得 自己 是 英雄 再 长大 一些 会 觉得 自己 应该 不是 英雄 但 也 该是 个 主角 虽然 没 那么 幸运 但 总会 有些 事 有些 人会 等 着 我 去 拯救 再 到 社会 上后 才 发现 我 既 不是 英雄 也 不是 主角 甚至 不算 个 正面人物 你 想 做 的 那些 事会 有人 比 你 做 得 更好 你 想要 在 一起 的 人会 有人 比 你 更 适合 跟 ta 在 一起 可 他们 都 不是 坏人 他们 仅仅 是 比 你 优秀 优秀 得 多 相比之下 自己 才 是 那个 坏人
3174894795,对 呀 这 就是 人 对 自己 弱小 的 无奈 和 那些 成功 人比 起来 会 发现自己 好像 什么 都 没有
3174989863,回复 : 只是 绝大部分 人 成长 的 过程 期望值 都 太 高 了 你 一切 的 努力 真的 只是 为了 能够 好好 地 做 一名 普通人 能够 做 一名 普通人 便 已经 是 幸福 了
3186589377,加油 先活 过 今年
3186606169,回错 楼 了 抱歉 抱歉
3204037657,俺 不是 英雄 俺 是 狗熊
3251897403,我们 只是 背景 板 而已
3253003285,那 就 立志 作 一个 大 反派 吧
3281010483,所以 现在 所 努力 的 一切 都 只是 为了 变成 一个 平凡 的 活着 的 普通人 而已
3349221425,回复 : 要 不 你 当 一辈子 猪 试试 ? 在 你 在 这 抱怨 的 时候 想想 那些 一辈子 走不出 一个 不 超过 十平方米 的 小笼子 的 猪 这个 世界 本来 就是 不 公平 的 慢慢 习惯 吧 你 这 不是 嘲讽 而是 乐观 的 一个 方法 虽然 说 我 可能 很 像 章鱼 哥 没有 多少 朋友 没有 什么 偶像 面对 别人 刻薄 过早 看透 了 这个 世界 只能 默默 承受 但 我 至少 能 发自 真心 的 笑 一个
3489132413,5555 人人 皆 是 主角 各自 背负 命运
3950409891,我 9 岁 的 时候 就 知道 自己 是 失败者 了 然后 就 没 信心 面对 生活 想 死
4670754576,小时候 以为 自己 是 海绵 宝宝 每天 都 开开心心 的 长大 后 发现自己 是 章鱼 哥 每天 都 很 难 真正 的 笑 一场
4945420915,但是 我 一直 想 做 一个 观众 身在 世界 的 浪潮 中 但是 能以 观众 的 视角 一直 看着 这个 世界 看着 那些 主角 们
5090076193,是 我 了
5181228755,小时候 最 喜欢 的 是 痞 老板 现在 因为 感同身受 更 喜欢 章鱼 哥 了 当然 还是 很 喜欢 痞 老板 总是 喜欢 那些 惨惨 的 角色 哈哈
99982561008,太 喜欢 你 这 一段话 了 我可以 摘抄 嘛
104424056624,这句 话 好 破防 啊 一直 都 不 觉得 自己 配得 上 自己 喜欢 的 人 觉得 他 应该 属于 更 聪明 更 漂亮 的 女人 所以 还是 单身 一辈子 吧
115296060736,小时候 总 觉得 自己 是 世界 的 主角 是 动画 里 命中注定 的 选中 者 后来 才 发现自己 不过 是 芸芸众生 里 的 普通人 罢了
130568395776,在 这个 时代 大多数 人 的 家庭 背景 一 出生 就 注定 了 是 背景 板 少之又少 的 人 改变 了 自己 的 命运
145769177184,二十岁 感觉 到 了 我 曾经 居然 天 真的 以为 可以 掌控 自己 的 命运
145818614032,回复 : 还 没 到时候 呢 再 过 10 年 你 就 能 明白 一个 道理 人生 的 发展 总能 可以 比 你 想 得 更 凄惨 有 很多 你 觉得 理所当然 的 底线 其实 只是 坠落 的 顶端
192194657200,青年人 成才 的 关键 是 自身 能力 还是 外部 机遇
252896629441,25 年 回来 打卡
3173095395,又 来 消费 章鱼 哥 了
3173089885,呀 哈哈 正好 最近 有 在 看 海绵 宝宝 感觉 与 作品 所 表现 出来 的 章鱼 哥不太 一样 与其说 这是 章鱼 哥 的 独白 倒不如说 是 我们 一般 社畜 的 独白 罢 另外 uo 调音 技术 力 有待 提高 期待 产出 更好 的 作品
3173083044,派大星 快乐 是 怎样 消失 的 呢 海绵 宝宝
3173069749,有点 强行 煽情 整体 上 还是 个 不错 的 作品 希望 up 继续 加油 带来 更好 的 作品
3173068004,以前 想 做 一个 伟大 的 人 最后 却 发现自己 最终 还是 成为 了 一个 泯于 大众 的 普普通通 的 平凡人
3173067684,针对 一部分 评论 实话实说 一下 这个 视频 前面 一部分 很 明显 模仿 了 派 大星 的 独白 固然 有 令人 惊艳 的 地方 例如 那段 竖笛 但 更 多 的 部分 还是 让 人 觉得 平平 无奇 的 尤其 是 在 有 派 大星 的 独白 可以 做 参照 的 情况 下派 大星 的 独白 中 很多 台词 念起来 都 朗朗上口 不像 这个 还 稍 有些 拗口 视频 中 的 高潮 部分 也 明显 有 差距 简介 中 也 说 过 了 章鱼 哥 的 台词 和 腔调 令 视频 制作 本身 难度很大 并且 up 也 没有 什么 特殊 的 意思 然而 评论 中倒 是 有 很多 艾 特洛 温 或 评论 此 作品 跟 派 大星 的 独白 不相上下 千万 播放 预定 之类 的 或许 有人 会 评价 我 这种 行为 就是 见 不得 别人 好 但 我 还是 想 说一说 不要 为了 一时 的 情怀 而 舍弃 了 理性 的 思考
3173059242,如果 有 一天 我 不见 了 请原谅 我 的 不辞而别 我 一定 在 世界 的 某个 角落 好好 活着 不用 担心 祝你愉快 开心 一辈子 没有 烦恼 哦
3173044600,蟹 老板 吃 蟹黄 堡 细思极 恐
3173034849,会火 我 来 蹭 个 座位
3173040876,谁 不想 活成 自己 想要 的 样子 却 活成 了 自己 讨厌 的 样子 人 的 一生 就 这样 了
3173024386,章鱼 哥 一个 看似 对 你 不好 实则 很 关心 你 的 好人
3173017269,其实 我 没 怎么 看 懂 ...
3173003503,没币 了 明天 给
3172990000,泪目
3172979156,幸运 的 是 章鱼 哥 一直 都 很 爱 自己
3172974108,泪 目
3172976502,真 觉得 章鱼 哥和斯 内普 好像 他们 都 丧得 让 人 心疼
3172976402,我 也 想 等一等 我 自己 的 灵魂
3172975557,必火
3172965817,三连 了 看 完 只 想 说 还有 我
3172952948,唔 哦
3172937054,不要 放弃 只要 还 相信 着 自己 你 肯定 能 见到 光明 这句 话 并 不是 我 从 哪 听 来 的 而是 我 从 自己 经历 得出 然后 想 告诉 即将 崩溃 放弃 的 你们 加油
3172933996,千万 播放 预定 不要 问 为什么 问 就是 派大星 的 独白 BV1qt411j7fv
3172942056,希望 各位 大佬 能 聚齐 全部 人 现在 有 派大星 章鱼 哥 还 差 好多 的
3173023257,视频 不见 了 哦
3173041436,回复 : 在 的 只是 不 显示 你 可以 搜索 一下
3172924819,看 在 你 努力 的 份 上 献出 我 的 三 连
3172907084,我 一直 认为 海绵 宝宝 的 主角 是 章鱼 哥 海绵 宝宝 只是 我们 美好生活 的 向往 而 人人 都 是 章鱼 哥 当然 也 有人 是 派 大星 你 懂 的
3172897984,我 此时 只想 at 个人 他姓 洛温
3172890997,发现 生活 的 真相 依然 热爱生活 的 人才 能 真的 生活 的 快乐
3172887828,弹幕 里 有人 说 了 一句 这 是 我 听 的 最后 一首歌 不 知道 这个 人 正在 干什么 但 如果 你 活着 记住 大家 都 很 喜欢 你
3173070818,明天 还是 明天
3177569888,细思 恐极
3178335462,他 的 明天 永远 将 是 明天
3178906402,怕 不是 睡前 最后 一首
3179706526,回复 : 那 这个 错字 可 就 真的 出大 误会 了
3180555583,回复 : 好 是 426 后 是 468 怕 是 不会 那么 容易 打错 吧
3181157587,回复 : 26 键加 简拼 有 可能 打 错 当然 我 也 希望 事实 是 这样
3181744452,回复 : 草 哈哈哈哈 哈哈哈
3182190433,回复 : 26 可以
3183162882,老网 抑云 了 这种 破事 和 你 这种 留言
3247993552,回复 : 网抑 云 用户 震怒
3250740097,回复 : 这种 留意 一下 的 好 有 抑郁症 的 人 可能 就 在 其中 别问 我 怎么 知道 的 因为 我 就 经历 过 而且 没有 留住 他
3250800368,回复 : 我 已经 分不清 你 这 是 玩 梗 还是 实话 了
3250812834,回复 : 你 自己 怎么 想 的 怎么 来 吧 我 自己 知道 就 好 起码 他 没有 被 遗忘 我 只是 说 我 自己 的 信不信 是 你 自己 的 事
3283243075,回复 : 带 哲学家
3283647040,回复 : 一 语 双 关
3295676160,回复 : 老 跟风 了
3328064000,回复 : 噢 对 你 来说 一个 陌生人 的 生命 就是 破事
3330989441,回复 : 那关 你 p 事 呢 让 你 看 了 别来 当 网络 杠精
3333873822,回复 : 提醒 一下 你 的 简介 和 你 说 出来 的话 自相矛盾 了
3334089831,回复 : 乐意
3334227389,回复 : ?
3334230485,回复 : 已拉黑 因为 我 个人 不 喜欢 小孩子
3336903813,回复 : 你 这 签名 还 不 暖 男真 就 网络 蛆虫 满网 爬 呗
3338841666,批站 小鬼 经典 扣帽子 能 不能 滚 啊
3338837482,拉黑 就是 你 的 精神 胜利 法 吗
3363722733,考古 现在 视频 里 出现 了 一群 nt 开始 刷网 抑云 了 B 站 的 风气 越来越 歪
3363725210,回复 : 你 是 老 脑瘫 了
3387422725,回复 : 不要 无脑 人有 世间 百态 尊重 别人
5248850530,回复 : 我 就 经常 打 错
95415722288,我 觉得 你 说 得 挺 好 的
100455394704,回复 : 最后 一首 和 最好 的 一首 吧 最好 一首 总 感觉 奇怪
111929033616,回复 : 有没有 一种 可能 他用 的 26 键
192194659152,青年人 成才 的 关键 是 自身 能力 还是 外部 机遇
292631451088,回复 : 哥们 怎么 改命 了
292631619968,回复 : 嘿嘿 都 改 好久 了
3172887466,预测 要火 火钳 刘 ... 哦 已经 火 了 那 没事 了
3172885871,我 个人 认为 他 是 那种 有 追求 但 没 能力 摆脱 现状 的 章鱼 这个 最 痛苦
3172883062,这 大概 是 几亿 人 的 写照 吧
3172885665,有 故事 的 人 做 着 有 故事 的 章鱼 的 有 故事 的 视频 三连 了
3172882821,童年 的 美好 泡沫 成年 了 拿 出来 放在 阳光 下 真的 很 美美 得 让 人 忘 了 孤独 和 烦恼 就是 太 脆弱 弱到 转瞬即逝
3172873402,好强
3172864829,第二 还是 第三版 的 中文 配音演员 是 真的 给 章鱼 哥 这个 角色 灵魂
3172863671,首页 通知书
3172862315,配合 隔壁 派大星 的 独白 食用 更加 up 住 考虑 做个 音频 吗
3172866657,盲猜 大家 都 是 首页 进来 的
3172865902,火钳 刘明 是 什么 意思
3172859709,火前 留名
3172857668,可以 很 真实
3172854899,泪目
3172860430,生活 是 墓地 埋葬 你 拥有 过 的 一切
3172853122,其实 章鱼 哥 也 不是 一直 失败 比如 组建 乐队 那集 因为 乐队 训练 毫无 进步 甚至 内讧 火拼 起来 章鱼 哥 感到 失望 决定 放弃 海绵 宝宝 认为 这样 毁掉 章鱼 哥 的 梦想 太过分 了 于是 所有人 都 开始 认真 练习 本来 演出 那天 章鱼 哥想 谎称 乐队 的 人 都 出车祸 死 了 结果 乐队 却 献上 了 精彩 的 演出 并大获 成功 感觉 这集 应该 是 章鱼 哥 最 幸福 的 一集 所有人 都 为了 实现 他 的 梦想 而 帮助 他
3172848005,确实 很多 成年人 很多 这种 心理
3172817819,章鱼 哥有 属于 自己 独一无二 的 爱好 和 竖笛
3172815535,如果 有 一天 我 实现 了 我 的 梦想 我 绝不会 让 我 的 脚 再 踩 在 这个 油污 的 地板 上
3172795593,派大星 是 要 唱 国际歌 的 你 想想 啊
3172783632,章鱼 哥 这 人 呢 很 奇怪 整天 偷懒 睡觉 干 啥 啥 不 成就 知道 抱怨 邻居 抱怨 工作 抱怨 生活 不 知道 他 心里 怎么 想 的
3172795759,竖笛 还 那么 难听
3172847069,很多 这种 人 的
3172778345,想 自己 一个 人 呆 着想 歇歇 家人 都 不要 在 身边 已三连
3172777420,生死 由命 富贵在天 好听 又 难听
3172767438,这个 作品 从 年初 做到 现在 可以 说 是 我 做 的 时间 最长 的 一个 作品 了 中间 断断续续 因为 我 的 能力 有限 多次 打算 放弃 这个 视频 的 制作 但是 我 最后 还是 磨 了 出来 从 歌词 到 混音 我 推翻 重做 了 十几次 因为 章鱼 哥 的 台词 不 多 而且 很多 台词 因为 语气 声调 的 不同 而 不能 使用 歌词 便 写 了 又 改改 了 又 写 自己 也 想 过 自己 做 这个 视频 花 了 这么 长时间 播放 量 如果 还是 非常 惨淡 那该 怎么办 可是 我 还是 选择 做 这个 视频 因为 这个 视频 对 我 来说 有着 不同 的 意义 里面 的 歌词 或多或少 都 有着 自己 的 想法
3172875140,复制 简介 爪巴
3172762780,这才 是 大多数 人 的 生活 想 追求 爱 但 又 有 太 多 牵绊 花一 整个 青春 进入 社会 而 又 用 余生 怀念 青春 不是 我们 想 变得 冷漠 复杂 而是 这个 社会 使 我们 不得不 远离 想象 中 的 美好
3172749987,可惜 普通人 就是 章鱼 哥 这样 吧
3172753635,小时候 的 我们 是 海绵 宝宝 和 派 大星 长大 后 的 我们 就 成 了 章鱼 哥
3172749111,你 就是 洛温 小号
3173539934,我 觉得 说 他 洛温 小号 他 吹 他 了 感觉 他 这期 根本无法 和 洛温 那期 视频 比 差距 太 明显 了
3172756411,来 打游戏 啊 逃离 这个 世界
3172751400,我 记得 章鱼 哥 的 声优 死 了 但是 忘记 是 国配 还 外语 版 的
3173088625,国外 配音演员 具体 剧集 是 空手道 大王
3172744424,现实 中 比起 海绵 宝宝 更 多 的 人活 得 像 章鱼 哥
3172740533,和 罗温 一样 的 大神
3172736313,emmm 我 的 学校 就是 叫 明天 我 茫然
3172724887,章鱼 哥 永远 的 神 秒杀 变异 海星
3172725983,up 主 加油 没有 下次 一样
3172722995,童年 看 的 一些 动画 长大 工作 以后 再 看会 看到 不同 的 一面 吧
3172716748,章鱼 哥是 最 像 真实 社会 的 一个 人
3172704149,明天 一定 会 更 美好
3172699403,这 一点 也 不 鬼畜 看 的 好 难受
3172691336,祝 我们 成为 自己 想象 的 人
3172682735,人生 啊
3172679814,安排 命运 别 做梦 了 你 凭 什么 认为 你 要 安排 命运 的 想法 也 只是 命运 在 玩弄 你 呢 况且 你 凭 什么 认为 你 能 改变命运 就算 你 改变 了 你 怎么 知道 你 改变 的 不是 命运 让 你 改变 的 呢
3172659022,鼓励
3172653278,叹气 点赞 投币 收藏 退出
3172652401,你好 这里 是 未被发现 的 天才 的 家 章鱼 哥 海绵 宝宝
3172649138,你们 难道 不 记得 了 吗 章鱼 哥有 房 啊 有 房 啊 有 房 啊 我 小时候 可 喜欢 他家 的 装修 了
3172651678,章鱼 哥 也 超 可爱 算了 他 不 可爱
3172655929,很 好 的 作品 点赞 投币 了
3172639452,以前 一直 是 想 明天 会 更 美好 的 现在 是 希望 明天 不会 变 的 更 坏 就 好 了
3172645335,加油 亲爱 的 小章鱼
3172634648,首页 贺报
3172620704,祝 明天 更加 美好
3172613736,上学 的 时候 以为 自己 是 海绵 宝宝 步入 社会 结婚 成家 开个 小店 现在 才 知道 自己 是 章鱼 哥 给 各位 还有 的 选择 的 年轻人 一个 忠告 找个 尽量 自己 喜欢 的 行业 坚持 个 2 - 3 年 再说 不要 像 我 这样 一切 的 一切都是 咎由自取 每天晚上 都 会 为 过去 悔恨 睡不着 醒来 之后 重复 着 一天 又 一天 自己 厌倦 的 工作 没有 假期 不能 休息 章鱼 哥
3172612588,我 预言 百万 播放
3172605839,求 BGM
3172593104,我 今天 真糟糕
3172596309,这 就是 成年人 的 世界
3172596010,全 比基尼 海滩 只有 一个 头上 绿 为了 让 他 开心 你 知道 海绵 宝宝 和 派 大星 有 多 努力 吗
3172578795,我 直接 预言 百万 播放
3172561664,有钱 没 梦想 就 能活 然后 寻找 梦想 没钱 有 梦想 会 死 然后 就 没有 然后 了
3172553277,很棒 三连 了
3172548086,你 今天 累坏 了 小章鱼 明天 一定 会 更 美好 更 美丽 的
3172557156,都 说 章鱼 哥是 比基尼 海滩 唯一 的 正常人 正常人 就要 这样 吗
3172539624,成年人 的 世界 是 什么 样子 呢 我 不 知道 我 只 知道 长大 了 可能 一些 美好 就 从此 消失 了 吧 高考 刚刚 结束 或许 我 就 将 走进 那个 必然 未知 而 略带 伤感 的 世界 了 吧
3172527696,小时候 当 笑话 看 现在 发现 原来 是 哲理
3172530152,这个 作品 从 年初 做到 现在 可以 说 是 我 做 的 时间 最长 的 一个 作品 了 中间 断断续续 因为 我 的 能力 有限 多次 打算 放弃 这个 视频 的 制作 但是 我 最后 还是 磨 了 出来 从 歌词 到 混音 我 推翻 重做 了 十几次 因为 章鱼 哥 的 台词 不 多 而且 很多 台词 因为 语气 声调 的 不同 而 不能 使用 歌词 便 写 了 又 改改 了 又 写 自己 也 想 过 自己 做 这个 视频 花 了 这么 长时间 播放 量 如果 还是 非常 惨淡 那该 怎么办 可是 我 还是 选择 做 这个 视频 因为 这个 视频 对 我 来说 有着 不同 的 意义 里面 的 歌词 或多或少 都 有着 自己 的 想法
3172523029,小时候 还 笑 章鱼 哥 现在 已成 画中人 我 逝去 的 童年 啊
3172515066,996 : 知道 你 为什么 穷 吗 因为 你 不 996 因为 你 不 努力 工作 996 : 钱 什么 钱 996 是 为了 让 你 多 挣钱 吗 你 加班 是 你 该 加为 公司 做 贡献 不香 嘛
3172504575,派大星 有 了 章鱼 哥有 了 等 一个 海绵
3186253319,BV11C4y1471Z 海绵 宝宝 的 独白
3172506449,白 嫖 两年 第一个 三连 给 你 了
3172494652,可是 你 有 个 爱 你 的 海绵 宝宝 啊
3172500448,首页 来 的 三 连 了 up 加油
3172496583,三连 了 支持
3172488858,良心 up 了
3172488468,丧丧 的 章鱼 哥是 动画片 里 唯一 真实 存在 的 吧 脆弱 悲观 羡慕 别人 可以 拥有 快乐 没有 成为 演奏 竖笛 艺术家 为了 生活 做个 收银员 心存 理想 却 永远 在 路上 只是 在 路上
3172474799,失败 的 性格 决定 失败 的 人生
3172470923,关于 海绵 宝宝 的 鬼畜 之前 洛温 的 已经 封神 了 再 看 别的 都 去 索然无味 但 up 的 这个 视频 真的 让 我 眼前一亮 真的 很 不错 加油 ( _ )
3172463192,三连 了 很 喜欢
3172467861,章鱼 哥是 孤儿 卧槽
3172459740,那 一年 我 9 岁 她 11 岁 我 告诉 她 将来 要 娶 她 她 也 很 调皮 的 回答 我 好 啊 那 一年 我 12 岁 她 14 岁 她 高 我 一头 我 抬 着 头 说 我 喜欢 她 她 怔怔 听 着 没 说话 便 转过 头去 不再 望 我 那 一年 我 18 岁 她 20 岁 我 已经 在外 工作 一年 了 她 还 上 着重点 大学 我 再也 说不出口 我 喜欢 她 因为 我 觉得 自己 根本 配 不上 她 我 把 想 对 她 说 的话 留给 了 自己 等 我 配上 她 的 时候 再 全部 告诉 她 后来 四年 里 我 再 没有 机会 见 过 她 听说 她 已经 工作 了 我 更 关心 的 是 她 是否 已为 人妻 已 为 人母 我 的 事业 渐渐 走向 正轨 再也 不为 钱 所 窘迫 当 我 再次 见到 她 时 是 在 东莞 是 在 昏黄 的 房间 只有 我们 两个 人 沉默 了 良久 她 开口 了 八百 看 你 是 熟人 就 收 你 五百 我 尽量 让 自己 不再 颤抖 我 说 跟我走 吧 她 目光 呆滞 了 一下 随即 闪烁 了 一下 然后 又 像 一团 火 熄灭 了 一样 说 我 配不上 你 我 只是 一位 小姐 我 还有 客人 没什么 事 我 先 走 了 她 就 匆忙 的 离去 了 后来 我 在 电视 上 看到 了 她 她 被 两名 民警 押 着 一脸 惊恐 与 不堪 电视 甚至 没有 给 她 遮住 脸 任由 她 在 我 面前 晃 着 任由 她 在我心中 撞 着 撞 着 直至 粉碎 最后 一次 见 她 是 她 找 我 去 的 当时 她 在 楼顶 我 在 楼下 抬头 望 她 我 大声 喊 : 不要 跳 啊 许久 她 转头 走 了 没 留下 一句 话 再有 她 的 消息 是 一年 后 是 她 妈妈 给 我 打 的 电话 说 她 病 了 没法 治疗 说 想 最后 见 我 一面 我 有点 接受 不了 反正 觉得 很 压抑 到 了 医院 在 她 的 病床 前 看着 她 苍白 的 脸 比 以前 消瘦 了 许多 我 对 她 笑了笑 那 笑容 有 多丑 我 不 知道 她 也 对 我 笑 像 十一岁 那年 笑 的 那么 天真 她 抬起 了 手 我 赶紧 过去 握住 她 的 手 泪水 终 忍不住 往下掉 她 用 低沉 的 浯 气 说 : 我 .... 我 ...... 我 想要 个赞
3172467503,章鱼 哥 代表 着 老派 贵族 在 时代 下 的 无奈 同时 又 尽可能 的 活成 自己 梦想 那样 章鱼 哥为 蟹 堡 王 服务 了 六十年 他 并非 一直 是 哭丧脸 他 不 渴望 金钱 他 只 想 尽可能 活得 像 传统 绅士 满脸 笑容 招待 海绵 宝宝 的 父母 如 一个 法国 大厨 给 客人 端 上 自己 的 艺术品 当然 章鱼 哥 本来 就 爱 做 法国菜 六十年 的 岁月 让 世界 都 风云变幻 他 喜欢 过去 慢 节奏 的 绅士 时代 但是 快餐 时代 没 人 在乎 蟹黄 堡 是否是 用心 制作 的
3172456033,小时候 看 海绵 宝宝 觉得 章鱼 哥好 可笑 老是 被 欺负 是 个 坏人 现在 再 看 才 懂 章鱼 哥 的 可怜 可悲
3172448036,2.15 吹 的 这个 歌是 什么 名字 如果 没有 就算 了
3172438030,我 怎么 觉得 有股 当年 非主流 歌曲 那味 ck 那味
3172423489,哇 BGM 是 啥 啊 在 此物 天下 绝响 的 视频 听过 不 知道 是 啥
3172408564,那天 你 走 了 我 什么 都 没 说 默默地 掉头 走 着 我 没有 哭 没有 难过 我 知道 没人会 心疼 我 没人 理解 我 都 是 我 没 办法 我 不能 在 别人 面前 装 可怜 因为 会 被 笑话 你们 说 我 无情 那 就 无情 吧
3172399723,时间 长 了 我 晚上 做 的 梦少 了
3172396633,我 ... 我先 说明 我 不是 yygq 或者 引战 怎么样 的 只不过 这个 章鱼 哥 的 用曲 剧情 剪辑 都 和 那个 镇站 之宝派 大星 太 像 了 当然 原创 成分 也 很多 可是 希望 up 以后 在 做 这类 视频 的 时候 尽量少 撞车 不然 可能 会 有人 跑 来说 你 抄袭 一点 建议 只是 个人 看法
3172392690,这个 作品 从 年初 做到 现在 可以 说 是 我 做 的 时间 最长 的 一个 作品 了 中间 断断续续 因为 我 的 能力 有限 多次 打算 放弃 这个 视频 的 制作 但是 我 最后 还是 磨 了 出来 从 歌词 到 混音 我 推翻 重做 了 十几次 因为 章鱼 哥 的 台词 不 多 而且 很多 台词 因为 语气 声调 的 不同 而 不能 使用 歌词 便 写 了 又 改改 了 又 写 自己 也 想 过 自己 做 这个 视频 花 了 这么 长时间 播放 量 如果 还是 非常 惨淡 那该 怎么办 可是 我 还是 选择 做 这个 视频 因为 这个 视频 对 我 来说 有着 不同 的 意义 里面 的 歌词 或多或少 都 有着 自己 的 想法
3172390764,我 把 希望 和 梦想 埋藏 于 此 转身 入海
3172388013,其实 只要 吹得 好 一切 都 好 说 但是 章鱼 哥 理想 不能 实现 真 怨不得 别人
3172380465,在 主页 也 刷 到 了
3172377266,上 热门 了 哦
3172373473,火钳 刘明
3172375509,小时候 最 讨厌 章鱼 哥 觉得 他 好 扫兴 现在 却成 了 章鱼 哥
3172372443,杠精 CJK 型 250 号 前来 抬杠 这 视频 封面 不行 内容 不行 全都 不行 狗头 已 点赞 此 为 娱乐 切勿 当真 杠 ( ` )
3172358512,加油 ~
3172332254,我 突然 想 起来 以前 在 哪 看到 过 说 小时候 我们 快乐 的 都 是 海绵 宝宝 长大 了 我们 悲伤 的 都 是 章鱼 哥 类似 的 就 突然 害好 难受
3172324293,这个 配音演员 叫 啥 来 着 小时候 一直 听到 大
3172313804,你 以为 海绵 宝宝 在 第一层 其实 海绵 宝宝 在 第五层
3172309476,加油 ( _ )
3172298107,这个 视频 和 派 大星 天才 生来 孤独 有点 相似 但 总 感觉 台词 节奏 连接 很 生硬 不够 流畅 但 总究 比 我 厉害 多 了 到位 加油
3172287315,火前 留名
3172291705,我 想 做 国王 或者 踢足球 的 或者 是 太空 中 的 宇航员 但 绝不 是 太空 中 踢足球 的 国王
3172284039,儿时 看笑话 长大 看 人生 不要 悲观 如派 大星 说 : 一直 以来 大家 都 觉 的 你 不行 但是 现 我行 了 我 有 一顶 帽子 可以 证明
3172258267,其实 仔细 一想 章鱼 哥 真的 很 现实 吧 也 不 现实
3172249117,欢迎 来到 宏观 生态系统
3172244010,世人 将 我 改变 我 的 泪 我 的 笑 你 去 不 复返 我 想 逃离 一个 不 欢迎 我 不 属于 我 的 地方 但是 那 是 别人 最 快乐 的 地方 我 成为 了 我 想 成为 的 自己 远离 一切 长大 以后 就 一个 人 吧
3172246699,我快 二十六 了 应该 是 还好 的 年纪 吧 可 为什么 我 还是 那么 痛苦
3172245667,这样 的 人 不是 没有 只是 你 看不到 章鱼 哥活 成 这 样子 也 不是 为了 让 谁 理解 更 不 希望 海绵 宝宝 以后 也 跟 他 一样
3172236495,真的 好 幸运 啊 章鱼 哥 可能 都 比 我 好 我 已经 没有 救 了 完全 没救 了
3172231151,章鱼 哥 我 从 小时候 就 觉得 好 可怜 无论 做 什么 都 会 被 打扰 海绵 宝宝 和 派 大星 总是 开开心心 只有 章鱼 哥 一直 是 板着脸
3172231111,这个 太棒了 符合 我 内心 中午 看见 的 章鱼 哥 真的 火钳 刘明 真的 好 厉害
3172224188,填词 还 差点 味道
3172209658,章鱼 哥 每天晚上 十二点 都 会 化身为 网抑 云 大佬 阐述 他 这 的 悲惨生活
3172239623,没 打开 悲伤 的 音乐 差评 ( )
3172206129,好 了 叫 我
3172202428,不想 长大 不想 长大 she 的 那首歌 绕梁 余音
3172205840,为什么
3172201971,感动 了 这 是 个 好 视频
3172193202,火前 留名
3172188455,终于 看到 有人 注意 章鱼 哥 关注 章鱼 哥 了
3172195708,火钳 刘明
3172184798,章鱼 哥 一直 是 我 从小 最爱 的 角色 我 也 不 知道 为什么 就 觉得 他 很 特别 总 觉得 他 身上 有 一种 特别 的 魅力 吸引 我
3172178961,吹 爆
3172176237,老网 抑云 了
3172180317,章鱼 哥 的 无奈
3172144365,接受 自己 是 个 普通人 的 现实 是 个 残酷 漫长 的 过程
3172129490,火钳 刘明
3172133130,高质量 俩币 我 投 了 加油 哦
3172132107,那 一年 我 9 岁 她 11 岁 我 告诉 她 将来 要 娶 她 她 也 很 调皮 的 回答 我 好 啊 那 一年 我 12 岁 她 14 岁 她 高 我 一头 我 抬 着 头 说 我 喜欢 她 她 怔怔 听 着 没 说话 便 转过 头去 不再 望 我 那 一年 我 18 岁 她 20 岁 我 已经 在外 工作 一年 了 她 还 上 着重点 大学 我 再也 说不出口 我 喜欢 她 因为 我 觉得 自己 根本 配 不上 她 我 把 想 对 她 说 的话 留给 了 自己 等 我 配上 她 的 时候 再 全部 告诉 她 后来 四年 里 我 再 没有 机会 见 过 她 听说 她 已经 工作 了 我 更 关心 的 是 她 是否 已为 人妻 已 为 人母 我 的 事业 渐渐 走向 正轨 再也 不为 钱 所 窘迫 当 我 再次 见到 她 时 是 在 东莞 是 在 昏黄 的 房间 只有 我们 两个 人 沉默 了 良久 她 开口 了 八百 看 你 是 熟人 就 收 你 五百 我 尽量 让 自己 不再 颤抖 我 说 跟我走 吧 她 目光 呆滞 了 一下 随即 闪烁 了 一下 然后 又 像 一团 火 熄灭 了 一样 说 我 配不上 你 我 只是 一位 小姐 我 还有 客人 没什么 事 我 先 走 了 她 就 匆忙 的 离去 了 后来 我 在 电视 上 看到 了 她 她 被 两名 民警 押 着 一脸 惊恐 与 不堪 电视 甚至 没有 给 她 遮住 脸 任由 她 在 我 面前 晃 着 任由 她 在我心中 撞 着 撞 着 直至 粉碎 最后 一次 见 她 是 她 找 我 去 的 当时 她 在 楼顶 我 在 楼下 抬头 望 她 我 大声 喊 : 不要 跳 啊 许久 她 转头 走 了 没 留下 一句 话 再有 她 的 消息 是 一年 后 是 她 妈妈 给 我 打 的 电话 说 她 病 了 没法 治疗 说 想 最后 见 我 一面 我 有点 接受 不了 反正 觉得 很 压抑 到 了 医院 在 她 的 病床 前 看着 她 苍白 的 脸 比 以前 消瘦 了 许多 我 对 她 笑了笑 那 笑容 有 多丑 我 不 知道 她 也 对 我 笑 像 十一岁 那年 笑 的 那么 天真 她 抬起 了 手 我 赶紧 过去 握住 她 的 手 泪水 终 忍不住 往下掉 她 用 低沉 的 浯 气 说 : 我 .... 我 ...... 我 想要 个赞
3172115761,怎么 说 呢 填词 感觉 不 太行 啊 不过 还是 给 你 三 连 了 加油
3172110951,我刚 在 知乎 看 了 章鱼 哥 b 站 就 给 我 推 了 啧大 数据 简直 恐怖
3172108959,人家 章鱼 哥 好歹 还有 自己 的 房子
3172101735,不会 的
3172106546,因为 章鱼 哥是 里面 最 正常 的 其他人 他们 心里 都 与 正常人 不同 当 不 正常人 多 了 正常 的 人 反而 变成 不 正常 的
3172100499,小时候 觉得 章鱼 哥站 在 所有 比基尼 海滩 居民 中 显得 非常 格格不入 现在 想想 章鱼 哥 应该 是 这 里面 最 正常 最 现实 的 角色 了
3172073401,up 主 很棒 花费 那么 多 时间 肝 出来 的 作品 是 值得 的 加油
3172075140,bgm : flower dance
3172064525,从 这个 设定 上 来说 他 是 最 接近 先生 现在 生活 中 的 上班族 他 把 理想 梦想 换成 了 柴米油盐 可是 在 现实生活 中 有些 人 的 理想 能值 几个 钱 章鱼 哥总地 来说 是 最 接近 人 我们 的
3176634247,章鱼 哥是 把 理想 转换 为了 爱好 其实 在 现实 中 有着 稳定 工作 和 一项 爱好 已经 很 好 了
3178178542,只有 有钱人 才能 实现 梦想 拥有 梦想 普通人 的 梦想 只会 被 现实 和 金钱 打败
3248168846,回复 : 章鱼 哥 在 现实 中 算是 过 的 比较 好 的 了
3251889314,回复 : 至少 烟囱 屋 不用 还 房贷
3659031024,回复 : 这么 一说 一般 人连 章鱼 哥 都 不是
4109415917,回复 : 烟囱 屋 至少 还是 个 不小 的 二层
136820512912,回复 : 而且 章鱼 哥 还有 周末 他 还有 一个 小 菜园 虽然 海绵 宝宝 和 派 大星 有时候 很 吵 但 依然 是 善良 可爱 的 好 朋友 还会 记得 他 的 生日
138787331184,回复 : 而且 不 结婚 也 没有 人 催 他 结婚 他 距离 工作 地点 也 很 近 步行 就 能 到
242308116049,fhggyyuy
3172059184,火钳 刘明
3172051177,很 现实 现实 的 一批
3172029135,配角 独白
3172024576,等等 比基尼 不是 比奇 堡 吗
3172035247,比基尼 海滩
3172078329,回复 : 比奇 堡
3172074045,回复 : 自己 看看 去
3172221928,回复 : Bikini Bottom 有 的 版本 翻译成 比基尼 海滩
3172022034,有 了
3172025954,这 首歌 是 什么 来 着 的 忘 了 求 歌名 谢谢
3172065323,? ? ?
3172014090,生活 和 生存 我们 只能 尽力而为
3172016259,我 预言 不 出 三日 此 视频 必火 记得 到 时 把 我 挖出来
3173171835,挖 一 铲子
3173681192,洛阳 铲
3179775465,真火 了
3186084196,第三天 又 上 热榜
3254470798,现在 200 多 w 播放 量 了 捞 预言家
3257936257,捞 捞
3306079857,火 了
5317116011,挖 了
99509422160,火 了 法老 拿 去 做 歌 了
103436597744,挖出来
130593771712,两年 啦 挖
147473546400,一 铲子 掀飞
150247725056,再 挖 一 铲
150517254992,三年 后来 挖 你
256616078240,火 了
3171999848,火钳 刘明
3171994398,加油
3172000237,已经 到 了 什么 地步 那句 去 死 才 会 说 的 如此 平淡
3171990616,这里 海绵 宝宝 是 主角 可是 大多 人 其实 是 章鱼 哥 如果 真的 有 海绵 宝宝 早死 了
3171984269,我 早 已经 死 了 只是 没埋 进土里
3171980552,玫瑰花 的 葬礼 离开 你 一百个 星期 我 回到 了 这里 寻找 我们 爱过 的 证据 没有 人 愿意 提起 玫瑰花 它 的 过去 今天 这里 的 主题 我 把 它 叫作 回忆 我 知道 爱情 这 东西 它 没什么 道理 过去 我 和 你 在 一起 是我太 叛逆 现在 只 剩 我 自己 偷偷 的 想 你 玫瑰花 的 葬礼 埋葬 爱 的 回忆 感觉 双手 麻痹 不能自已 已拉 不住 你 真的 好 美丽 那天 的 烟花 雨 我 说 要 娶 穿 碎花 洋裙 的 你 玫瑰花 的 葬礼 埋葬 深深 爱着 的 你 残朵 停止 呼吸 渗入 大地 没人会 注意 一片 小 雨滴 陪 着 我 等 天明 我用 这 最后 一分钟 怀念 你 我 在 夜幕 笼罩 的 天桥 上 潜行 每 一级 阶梯 都 留 着 你 我 昔日 印迹 温存 迷醉 吵闹 清醒 都 还 在 我 的 脚 畔 兜 转不清 没 来得及 把 红色 玫瑰 递给 你 爱 就 象是 一场 雨 已经 离 我 而 去 你 说 过 太过 鲜艳 的 爱情 终将 凋零 玫瑰花 的 葬礼 埋葬 关于 你 的 回忆 感觉 双手 麻痹 不能自已 已拉 不住 你 真的 好 美丽 那天 的 烟花 雨 我 说 要 娶 穿 碎花 洋裙 的 你 玫瑰花 的 葬礼 埋葬 深深 爱着 的 你 残朵 停止 呼吸 渗入 大地 没人会 注意 一片 小 雨滴 陪 着 我 等 天明 我用 这 最后 一分钟 怀念 你 总是 回想 过去 埋怨 间 我 自己 总是 不经意 想起 了 你 现在 的 你 已经 太 遥不可及 只能 留在 我 记忆 玫瑰花 的 葬礼 埋葬 关于 你 的 回忆 感觉 双手 麻痹 不能自已 已拉 不住 你 真的 好 美丽 那天 的 烟花 雨 我 说 要 娶 穿 碎花 洋裙 的 你 玫瑰花 的 葬礼 埋葬 深深 爱着 的 你 残朵 停止 呼吸 渗入 大地 没人会 注意 一片 小 雨滴 陪 着 我 等 天明 我用 这 最后 一分钟 怀念 你 我用 这 最后 一分钟 ~ ~
3171959625,讲 的 好 心酸 又 是 现实 每个 动画片 里 都 会 存在 至少 一个 这样 的 丑角 供 人 捧腹大笑 哈哈 道乐 但是 如果 是从 章鱼 哥 自己 的 世界 来看 他 并 没有 做错 谁 能 说 坚持 梦想 是 错 的 呢 他 刻薄 他 冷漠 他 对 很多 东西 都 没有 兴趣 因为 他 只活 在 自己 的 一个 小小 世界 里 这个 世界 冷漠 又 凄清 陪伴 她 的 是 他 的 竖笛 和 他 的 音乐 而 这些 是 永远 生活 在 热闹 与 繁华 当中 的 海绵 宝宝 无法 理解 的 因为 无法 理解 所以 有 了 这些 丑角 的 诞生 这些 丑角 的 诞生 也 正是 映照 了 人们 想要 追求 欢乐 与 繁华 忘却 自己 生活 当中 不如意 不 欢乐 的 一面 仿佛 嘲笑 这样 的 章鱼 哥 就 可以 忘却 过去 的 自己 也 曾经 是 这样 但是 我 想 其实 每个 人 也 可以 对 自己 说 你 今天 累坏 了 小章鱼 明天 一定 会 更 美好 更 美丽 的
3175348911,语 文 带 师
3180710902,大 号
3180817619,回复 : 你 猜
3180814927,回复 :
3221038416,上大号 说话
3224805039,自古 只有 2 级 号 和 6 级 号 会 说 骚话
3227359770,回复 : 否认 三连 我 不是 我 没有 你 瞎说
3263332240,章鱼 哥 : 快乐 是 他们 的 我 什么 也 没有
3272338919,然而 你 辛苦 了 一整天 明天 还是 木有 考到 自己 想要 的 成绩 本 以为 努力 就 好 没想到 别人 也 拼命 努力 然后 继续 没考 好 循环 最后 自闭
3284268672,哎 我们 都 是 章鱼 哥
3294435146,突然 发现自己 小时候 就 像是 海绵 宝宝 想交 的 朋友 都 像 派 大星 然而 我 逐渐 在 向 章鱼 哥 蜕变 身边 的 朋友 也 越来越少 我 已 无力回天 只能 向 生活 妥协 梦想 终究 破碎 吗
3349211566,回复 : 小时候 我 就 像 章鱼 哥 了 大概 在 小学 五年级 后悔 看透 这个 世界
3534154841,回复 : 很 真实 我 好 自闭
3786497417,谁又能 说 章鱼 哥是 丑角 呢 他 只不过 在 天 真的 动画 里 唯一 保持 成年人 理性 的 人 罢了 他 是 现实生活 中 千千万万 人 的 剪影 自私 刻薄 生活 在 自己 的 世界 里 冷漠 残忍 与 任何人 都 保持 着 礼貌 的 距离 包括 最 亲近 的 人 奇怪的是 他们 又 会 有时候 散发 着 自己 那 一点 都 不 知道 丢 在 何处 的 怜悯 同情心 帮助 一些 跟 自己 毫无关系 的 人 小时候 看 动画片 不 明白 章鱼 哥 为什么 可以 每天 都 拉 着 脸 长大 后 再回首 又 觉得 海绵 宝宝 每天 没心没肺 的 好 奇怪 以前 看 动画 就是 看 动画 现在 再 看看 的 是 人生 百态 人 没 变变 的 是 看 动画片 的 心态
99747216352,明天 一定 会 更 美好 更 美丽 的
106581092880,说 的 好好 啊
109169152448,但是 海绵 宝宝 并 不是 所有人 都 喜欢 他 有些 集他 也 被 所有人 讨厌 着 他 的 梦想 也 会 被 全 比奇 堡 的 人 嘲讽 和 挤兑 主要 还是 看 心态 问题 吧
110667700656,当年 辞 老师 退出 文坛 我 第一个 阻止 的
110835174112,还有 光头 强灰太狼 这些 角色 但 好歹 他们 和 章鱼 哥 待遇 不 一样 他们 至少 还有 翻身 当 主角 的 时候 电影 里 章鱼 哥是 真惨 毫无 翻身 之机
174751547664,所谓 丑角
192194652768,青年人 成才 的 关键 是 自身 能力 还是 外部 机遇
3171950268,"只能 用 两个 字来 形容 , 牛 逼"
3172049029,我 觉得 跟 派 大星 的 独白 比 起来 没多 牛 逼
3171938910,去 TM 的 人生
3284281531,对 把 所谓 的 人生 踢飞
3349225532,说出 这句 话 的 人 你 又 为此 付出 了 什么 呢
5056151561,望 你 不会 随遇而安 而是 去 划出 自己 的 天地
5056315440,回复 : 努力 试试
174845111600,回复 : 出 社会 这么 多年 了 才 发现 随遇而安 是 常态
3171940119,跟 章鱼 哥有 同款 抬头纹
3171928809,对于 如此 高质量 的 视频 我 从来不 吝啬
3171918518,火钳 刘明
3171914430,三连 明天 来 今天 没 了
3171908373,看得出来 up 付出 了 多少 你 真的 很棒
3171907918,明天 一定 会 更好 的 加油 啊 up 超棒
3171899055,章鱼 哥 很 真实 能 从 他 身上 找到 自己 的 影子 : 讨厌 工作 沉溺于 虚幻 的 梦想 喜欢 安安静静 一个 人过
3171901144,支持 你 光 看 简介 就 专门 过来 支持
3171918871,不过 水平 有待 提高 还有 一件 事 事物 只有 到 结局 才 知道 真相
3171878622,真的 长大 以后 就 很少 真心 的 笑 了 有时候 还会 好奇 那群 孩子 整天 有 什么 开心 事 啊 每天 过得 那么 开心
3171881673,老 成年人 了 老 抑郁 了
3171868133,经典 的 作品 经典 的 bgm 还是 这种 催泪 向 的 人生 独白 剪辑 哭 了
3171862897,虽然 但是 其实 我 觉得 和 其他 的 章鱼 哥 视频 听不出 差别 我 还 以为 又 被 刷 上 热门 了
3171853415,再见 海绵 爆爆
3171845379,我 小时候 喜欢 海绵 宝宝 和 派 大星 害怕 章鱼 哥 讨厌 蟹 老板 后来 大 一点 之后 好像 懂 了 一点 事情 又 不 太 懂 只是 觉得 派大星 聒噪 善妒 易怒 任性 很 讨人厌 章鱼 哥 总是 和 比奇 堡 的 其他 生物 格格不入 并 总是 很衰 越来越 喜欢 那个 知 世故 而 不 世故 没有 天赋 但 仍然 坚持 自己 的 梦想 看起来 冷漠 嘴硬 但 其实 善良 心软 一个 没有 幸运 和 好 人缘 加成 可 还是 挣扎 着 努力 生活 的 章鱼 哥
3171824748,这里 不仅 埋葬 着 章鱼 哥 梦想 还有 我们 的
3171824507,bgm 是 什么
3171981605,花之舞
3248841449,回复 : 谢谢
3171819443,火钳 刘明
3171818416,已三连
3171813757,听说 来 的 早 的 就是 神评
3171809633,章鱼 哥 算是 最 真实 的 角色 了 所以 一直 挺 喜欢 他 的
3171794635,我 觉得 我 就是 这个 人
3171792440,up 这 是 用 pr 做 的 么
3171791578,小时候 觉得 章鱼 哥 傻 过 得 太 现实 放弃 了 自己 的 梦想 生活 缺少 色彩 现在 长大 了 才 发现 章鱼 哥是 迫不得已 生活 中 的 我们 都 想 成为 海绵 宝宝 蟹 老板 或者 傻傻的 派大星 可 我们 往往 更 容易 成为 埋葬 了 梦想 的 章鱼 哥
3171791045,章鱼 哥 真的 好 爱 竖笛 呀
3171784620,不忍心 打破 6666 赞 阿婆 你 觉得 呢
3171783820,还记 不 记得 章鱼 哥 的 乐队 绝对 是 章鱼 哥 的 高光 时刻 那 时候 他 的 笑容 绝对 是 发自内心 的
3171774766,我们 努力 的 目的 不是 改变 世界 而是 为了 不 被 世界 改变
154438714096,这句 评论 抱 走 了
3171748848,章鱼 哥 照应 的 不 就是 那些 普通人 嘛 为了 自己 的 梦想 做 着 根本 不 喜欢 的 工作 明明 是 追求 自己 梦想 的 勇士 却 总是 称为 他人 眼中 的 小丑
3171755181,火钳 刘明
3171719343,大家 还 在 坚持 梦想 吗
3171718362,你 知道 海星 是 怎么 进食 的 吗 海绵 宝宝
3171714687,人人 想 做 海绵 宝宝 人人 都 是 章鱼 哥
3171939732,大部分 人 还 不如 章鱼 哥 章鱼 哥 至少 还有 海绵 宝宝 这么 个 朋友 虽然 他 一直 不 承认
3174553190,回复 : 很多 人 也 以为 自己 没 朋友 其实 有 的 他们 不 承认 罢了
3171714630,小时候 都 看不懂 现在 看看 心酸 啊 章鱼 哥 光头 强 汤姆 猫 灰 太 狼 都 是 干 着 自己 本分 事 的 平常人
3171712555,海绵 宝宝 理论 在 与 其他人 都 不同 的 情况 下 就 成 了 最 另类 的 其实 章鱼 哥才 是 最 像 一个 凡人
3171711118,火 了 叫 我 留个 位
3171687992,大 聪明 派 总
3171686823,flowerdance 才 是 鬼畜 区 神曲
3171681351,一直 坚持 梦想 的 人 永远 可贵 敬 章鱼 哥 -- 一个 梦想家
3171680211,冷漠 的 心 需要 温暖 的 微笑 我爱你
3171671870,人人 都 是 章鱼 哥 但 希望 每个 章鱼 哥 都 能 找到 自己 的 海绵 宝宝
3171668641,这个 我 好 想 看过 啊 和 这个 很 像 封面 还 一模一样 这 不会 是 抄 的 吧
3172010075,有点像 派大星 的 独白
3172072887,特别 想 UP 主洛温 阿特金 森 的 派 大星 的 独白 这个 视频 bgm 都 一样 感觉 是 仿造 的 而且 各个 地方 都 不如 他
3172147613,回复 : 我 就 说 怎么 这么 熟悉
3177784491,emmm 视频 推荐 下面 也 有 个 章鱼 哥 的 独白 这个 视频 的 标题 那句话 好像 就是 另 一个 章鱼 哥 的 独白 里面 的 不 知道 是不是 动画 原句
3171660401,up 加油
3171655861,害 投币 点赞 了
3171605172,( ` )
3171563792,网抑 云
3171558791,明天 会 更 美好 一句 话 满满的 辛酸泪 孩子 的 憧憬 成年人 的 绝望
3171560421,别骂 了 别 骂 了
3171534954,开场 有 什么 比 把 快乐 带给 别人 更 快乐 的 呢 去 死 或者 别的 什么 我 不 知道 你 对 这个 有 这么 强烈 的 感觉 你 要 干什么 我 想 我 无法 阻止 你 但是 章鱼 哥 外面 是 一个 冷酷 的 世界 没有 人用 银 托盘 把 欢乐 带给 你 我 自己 知道 我 非常 可笑 灰灰 丑丑 腿 有 四条 小蜗 有 爱 它 的 海绵 宝宝 派大星 傻 呆呆 的 吹泡泡 蟹 老板 高兴 的 吃 蟹黄 堡 章鱼 哥 在 独奏 E 小调 为什么 我 一 高兴 就 有 错 我 不 知道 你们 在 笑 什么 为什么 大家 都 爱 海绵 宝宝 为什么 章鱼 哥不爱 笑 为什么 我 今天 真糟糕 未来 我 还 没有 准备 好 海绵 宝宝 你 不 知道 你 有 多 幸运 你 有 小 蜗 和 爱 你 的 家人 我 也 想 做 我 爱 的 事 却 总是 这么 倒霉 除 我 以外 这 世界 上 还有 谁 大人 的 世界 比 我 想象 的 难 我 认为 我 是 主角 却 相反 我 的 工作 一 年复一年 一天 复 一天 再见 比基尼 海滩 海绵 宝宝 你 不 知道 你 有 多 幸运 你 有 小 蜗 和 爱 你 的 家人 我 也 想 做 我 爱 的 事 却 总是 这么 倒霉 除 我 以外 这 世界 上 还有 谁 我 想 回到 那个 时代 自己 傻傻 有些 呆 自己 傻傻 有些 呆 但 有家 人们 的 爱 但是 我 我 知道 我 的 笑脸 我 的 爱 我 的 一切 逝去 不再 来 世界 把 我 改变 我 笑 逝去 不见 我 想 逃离 却 逃 到 了 清洁 间 这样 的 日子 又 在 我 眼前 谁 能 知道 我该 怎么办 再见 海绵 宝宝 再见 派大星 我 也 想 做 我 自己 爱 做 的 事情 做 我 爱 的 工作 爱 我 爱 的 人 等一等 我 自己 的 灵魂 有 一句 话 从 今天 早上 我们 一 见面 我 就 一直 想 对 你 说 再见 再见 朋友 再见 比基尼 海滩 我 想 回到 那个 时代 自己 傻傻 有些 呆 自己 傻傻 有些 呆 但 有家 人们 的 爱 但是 我 我 知道 我 的 笑脸 我 的 爱 我 的 一切 逝去 不再 来 世界 把 我 改变 我 笑 逝去 不见 我 想 逃离 却 逃 到 了 清洁 间 这样 的 日子 又 在 我 眼前 谁 能 知道 我该 怎么办 竖笛 独奏 蓄力 中 蓄力 完成 但是 海绵 宝宝 但是 派大星 我 确实 没有 你们 幸运 的 人生 我 辛辛苦苦 工作 三年 但是 我 难得 休假 一天 我 希望 我 自己 傻 呆呆 不 把 世界 看 的 非常 明白 希望 有人 明白 我 的 爱 但是 谁 会 明白 我 的 爱 章鱼 哥 走 在 吹 竖笛 一天 一天 的 为 独奏 练习 明天 比基尼 海滩 都 会 崇拜 我 但是 比基尼 海滩 都 在 嘲笑 我 我 想要 好好 安静 一下 你 今天 累坏 了 小章鱼 明天 一定 会 更 美好 更 美丽 的 结尾 竖笛 独奏
3171539748,兄弟 萌送 我 上去 ( )
3171650585,火钳 刘明
3171784994,笑 着 笑 着 就 哭 了
3172059002,火钳 刘明
3172132212,你 累坏 了 小章鱼 明天 会 更好 之后 他 连 被子 都 拿不起来 累到 连 自我安慰 都 不信 了
3172206432,回复 :
3172204988,回复 : 我 看 完 了
3172214738,回复 : cao
3172222476,回复 : 我 tm 都 飙泪 了 你 就 给 我 看 这个
3172222778,回复 : 我 酝酿 好 的 情绪 被 你 给 打破 了
3172238733,回复 : 我 看着 N 条 这种 评论 了 你们 复制粘贴 没点 新意
3172253270,回复 :
3172253882,回复 : 这里 是 B 站 回 你 的 浏览器 去
3172456534,不要 放弃 梦 所以 继续 睡
3172573773,回复 : 莫非 这 就是 后现代主义 文学
3172658128,回复 : 你 还 真信 呢 复制粘贴 不 知道 从 哪里 搞过来 的 啥 视频 都 有 这条 评论
3172661329,回复 : 我 看着 N 条 这种 评论 了 你 复制粘贴 没点 新意
3172662397,回复 : 这 不 上去 了 置 项 了
3172731322,看着 看着 发现 有个 错别字
3172741729,回复 : 这 和 这个 视频 有半 毛钱 关系
3172863368,回复 : 别 这么 丧 陌生 的 朋友
3172911908,回复 : 看透 吧 陌生 的 朋友 世界 就是 这样
3172916924,回复 : 他 又 删 了 复制粘贴 的 每个 视频 都 这种 评论 就是 这种 类型 的 视频 都 有 毫无 营养 的 评论 他 真 把 破 站 当 某音 某手 了
3173484897,调音 还是 有 一些 僵硬 词作 押韵 还是 差一点 希望 up 加油 ( _ ) 下个 作品 更好
3173637402,突然 伤感
3173919504,回复 : emmm 实在 抱歉
3174239583,你 这 人 就 TM 欠 赞
3175966056,你 这 是 省流 大师 VIP 专享 那 就 点赞 续期
3176531468,章鱼 哥 把 快乐 带给 别人 已经 是 最好 的 事 了
3178000990,回复 : 我 宁愿 自己 不 知道 结局
3178024496,回复 : 不 那 是 你 不得不 见证 的 现实
3178024965,回复 : 请问 笑点 在 哪
3178138951,回复 : 这个 出自 哪 一集 我太想 去 看 了
3178164525,回复 : 我 也 不 知道 总之 看过 问 一下 UP 主吧
3178199902,回复 : 你 能别 整天 负 能量 的 就 往 别人 身上 倒好 不 哪来 这么 多 丧气 的 垃圾 现实 不是 挺 好 的 吗 有风有雨 雨过天晴 至少 这 地球 还 没 毁灭 吧 身边 的 人 还 在 吧 我们 也 不是 你 谁 没 兴趣 也 没 义务 听 你 倒 垃圾 懂 不
3178219760,回复 : 没 经历 过 社会 的 苦难 之人会 下意识 的 不 愿意 看清 现实 我 说 的 只是 现实 是 这个 社会
3178224786,我 插 一段 我 的 心得 因为 我 也 经常 在 章鱼 哥 身上 看到 我 章鱼 哥 冷漠 不讨 比基尼 海滩 人 喜欢 但 在 蟹黄 堡 里面 做 了 一份 要 面对 比基尼 海滩 每 一个 人 的 工作 最 讨厌 邻居 海绵 宝宝 却 在 得知 海绵 宝宝 只有 三天 可以 活下去 时候 帮 海绵 宝宝 完成 了 一纸 心愿 清单 章鱼 哥 身上 看到 的 才 是 一个 人 对 海绵 宝宝 这样 温柔 的 人 的 一种 妥协 章鱼 哥 生活 很 孤独 很苦 但 圣诞节 为了 海绵 宝宝 开心 把 所有 东西 给 了 比基尼 海滩 每 一个 人 真的 是 章鱼 哥 在 海绵 宝宝 身上 看到 了 自己 渴望 的 东西 主动 温柔 有时候 就是 不想 失去 海绵 宝宝
3178234020,回复 : 对 啊 你 不是 我 那 你 干嘛 回复 我 你 我 本 就 不是 一路 人 你 可能 很 成功 但是 不 代表 我们 这些 不 成功 的 不能 说话
3178250107,回复 : 负 能量 可笑 真正 的 现实 就是 地狱
3178396558,回复 : 他发 了 什么 呀
3178396713,回复 : 回复 : 他发 了 什么 呀
3178664372,TP
3178682133,厉害
3178979621,感谢
3179011112,记好 了 每天 就 去 跟 音乐 老师 对线
3179382305,回复 : 一段 特别 厉害 的 故事 结尾 是 要 个 赞
3179385284,回复 : ( )
3179385502,回复 : ( )
3179386192,回复 : ( )
3179386900,回复 : 哦 哦 明白 了 _ ( ) _
3179387703,回复 : 看 的 挺 深 的 啊 Orz
3179609639,回复 : 一堆 不 重要 的 东西 应该 是 浏览器 复制 过来 的 与 这个 视频 毫无关系 况且 最后 的 结尾 能 气死人 然后 就 举报 了 应该 破站 管理 把 它 删 了
3180775688,回复 : 没 就 这样 活
3182094942,回复 : 兄弟 加油 大号 找 着 了 跟 我 说 一声 嗷
3182107528,回复 : 哦 哦
3182111409,回复 : 哦 哦
3182119187,回复 : 估计 够呛
3182134653,回复 : 这位 准 高中生 跟 你 的 想法 高度 重合 加油 到 最后 都 不会 再 相信 加油 两个 字 了
3183179151,看词 我 就 哼 出调
3188444688,提词 器 好评
3189417600,竖笛 真是 点睛之笔 啊 太 好听 了
3193213137,量子 打字
3201282132,回复 : 这 鬼畜 真的 笑 不 起来 啊 笑 着 笑 着 城 苦笑
3209375307,回复 :
3211787020,这里 是 成年人 梦想 的 坟墓 却是 儿童 的 乐园
3215828358,当代 卡夫卡 了
3253362796,你 明知 你 自己 很丑 为什么 还要 说 出来 别人 没 眼力 价 吗
3267869942,我 很 喜欢 中间 的 竖笛 独奏
3287583020,回复 : 生而为 鱼 我 很 抱歉
3294508265,突然 觉得 为什么 设定 是 章鱼 哥 喜欢 竖笛 这件 少见 的 管乐器 因为 这正 符合 了 章鱼 哥 的 人设 竖笛 在 剧中 体现 的 音色 不 饱满 但 不 空虚 婉转 但 不 高昂 沙哑 但 却 很响 正 如同 章鱼 哥 拥有 自己 的 梦想 渴望 出人头地 最终 却 向 生活 妥协 甘于 现状 想要 挣脱 成人 世界 的 桎梏 却 无可奈何 冲 自己 所爱 的 扑 过去 却 只是 竹篮打水一场空 冲 自己 所 讨厌 的 大 吼 却 作茧自缚 更加 气急败坏 最终 身心俱疲 成为 别人 眼中 的 跳梁小丑 但 他 是 真正 的 艺术家 他 所 演绎 的 是 现实 中 残酷 的 人生 他 所 影射 的 正是 每 一个 人 在 社会 中 都 要 经历 的 过程 而 他 则 正是 处于 这个 过程 中 苦苦 挣扎 的 那 一个 让 我们 祝愿 他 能 挺 过 难关 也 祝愿 自己 活成 自己 想要 的 样子 章鱼 哥 谢谢 你
3323732221,每天 白 嫖 12 个 硬币 每天 用 10 个 硬币 换 12 个 硬币 如果 拿 了 币 那 我 应该 算 帮助 了 你 吧 你 能 帮助 一下 我 吗 ? 记得 看 我 动态 助力 一下 求 你 了 与 视频 无关 少赞
3345663230,回复 : 请问 你 知道 这 是 哪 一集 吗
3345823677,回复 : 不 知道 总之 看过
3345823977,回复 : 我 现在 不 需要 了 我 已经 知道 了
3355073096,回复 : 发了 啥 呀 求 告知 谢谢
3355228234,回复 : 啊 这 我 不 知道 了 太久 了 我 忘 了
3369466564,有 海绵 宝宝 啊 它 一直 很 关心 章鱼 哥
3404959130,回复 : 夹 娃娃 机
3473535957,回复 : 他 说 啥 了 呀
3558567301,开场 有 什么 比 把 快乐 带给 别人 更 快乐 的 呢 去 死 或者 别的 什么 我 不 知道 你 对 这个 有 这么 强烈 的 感觉 你 要 干什么 我 想 我 无法 阻止 你 但是 章鱼 哥 外面 是 一个 冷酷 的 世界 没有 人用 银 托盘 把 欢乐 带给 你 我 自己 知道 我 非常 可笑 灰灰 丑丑 腿 有 四条 小蜗 有 爱 它 的 海绵 宝宝 派大星 傻 呆呆 的 吹泡泡 蟹 老板 高兴 的 吃 蟹黄 堡 章鱼 哥 在 独奏 E 小调 为什么 我 一 高兴 就 有 错 我 不 知道 你们 在 笑 什么 为什么 大家 都 爱 海绵 宝宝 为什么 章鱼 哥不爱 笑 为什么 我 今天 真糟糕 未来 我 还 没有 准备 好 海绵 宝宝 你 不 知道 你 有 多 幸运 你 有 小 蜗 和 爱 你 的 家人 我 也 想 做 我 爱 的 事 却 总是 这么 倒霉 除 我 以外 这 世界 上 还有 谁 大人 的 世界 比 我 想象 的 难 我 认为 我 是 主角 却 相反 我 的 工作 一 年复一年 一天 复 一天 再见 比基尼 海滩 海绵 宝宝 你 不 知道 你 有 多 幸运 你 有 小 蜗 和 爱 你 的 家人 我 也 想 做 我 爱 的 事 却 总是 这么 倒霉 除 我 以外 这 世界 上 还有 谁 我 想 回到 那个 时代 自己 傻傻 有些 呆 自己 傻傻 有些 呆 但 有家 人们 的 爱 但是 我 我 知道 我 的 笑脸 我 的 爱 我 的 一切 逝去 不再 来 世界 把 我 改变 我 笑 逝去 不见 我 想 逃离 却 逃 到 了 清洁 间 这样 的 日子 又 在 我 眼前 谁 能 知道 我该 怎么办 再见 海绵 宝宝 再见 派大星 我 也 想 做 我 自己 爱 做 的 事情 做 我 爱 的 工作 爱 我 爱 的 人 等一等 我 自己 的 灵魂 有 一句 话 从 今天 早上 我们 一 见面 我 就 一直 想 对 你 说 再见 再见 朋友 再见 比基尼 海滩 我 想 回到 那个 时代 自己 傻傻 有些 呆 自己 傻傻 有些 呆 但 有家 人们 的 爱 但是 我 我 知道 我 的 笑脸 我 的 爱 我 的 一切 逝去 不再 来 世界 把 我 改变 我 笑 逝去 不见 我 想 逃离 却 逃 到 了 清洁 间 这样 的 日子 又 在 我 眼前 谁 能 知道 我该 怎么办 竖笛 独奏 蓄力 中 蓄力 完成 但是 海绵 宝宝 但是 派大星 我 确实 没有 你们 幸运 的 人生 我 辛辛苦苦 工作 三年 但是 我 难得 休假 一天 我 希望 我 自己 傻 呆呆 不 把 世界 看 的 非常 明白 希望 有人 明白 我 的 爱 但是 谁 会 明白 我 的 爱 章鱼 哥 走 在 吹 竖笛 一天 一天 的 为 独奏 练习 明天 比基尼 海滩 都 会 崇拜 我 但是 比基尼 海滩 都 在 嘲笑 我 我 想要 好好 安静 一下 你 今天 累坏 了 小章鱼 明天 一定 会 更 美好 更 美丽 的 结尾 竖笛 独奏
3573975939,那段 竖笛 音乐 是 什么
3578308586,哪段 竖笛 音乐 是 什么
3706287219,明天 不 一定 更 美丽 但 你 若 不 去 期望 那 又 怎么 能 美丽 呢 一个 日 一个月 构成 明而 只要 你 还 能 看得见 月亮 看得见 太阳 那 你 就 依然 存在 着 接触 希望 的 可能 相信 吧 明天 的 太阳 依然 会 照常 升起 的
3729839498,阿婆 主出 个 音乐 可以 吗
3984170811,牛 真是太 牛
4785578127,回复 : 正 所谓 我 给 自己 打气 相信 明天 会 更好 的 我 自己 都 觉得 在 欺骗 自己 甚至 从中 得不到 丝毫 的 鼓励
4835905209,振作起来 小章鱼
5174178512,去 死 两个 字 一 出来 我 差点 哭 出来
98858246400,章鱼 哥 工作 了 十四年 第九 季中 笫 21 集说 过 蟹 老板 要 卖 冷冻 蟹堡 那 一集 要 把 章鱼 哥 赶走 章鱼 哥 自己 要 去 做 一个 艺术家 提到 过
98913779488,卧槽 兄弟 法老 b 站 晚会 用 的 就是 你 这个 一模一样
98956074352,回复 : 诶 嘿
103515599872,有些 东西 看着 看着 哭 了
104424744656,章鱼 哥 总 在 吹 竖笛 发现 了 一个 错别字 哦
106208008800,我 也 想 做 我 自己 爱 做 的 事情 做 我 爱 的 工作 爱 我 爱 的 人 等一等 我 自己 的 灵魂
106450933600,666
115468710896,我 笑 着 笑 着 就 哭 了
115619559152,章鱼 天天 上班 摸鱼 好不好 自己 选 的 路 自己 承担 后果
116574727872,笑 着 笑 着 就 哭 了
122120275696,回复 :
123183675872,回复 :
125741155616,回复 :
134695084688,2021 最美 的 夜 魔幻 时空 摆脱 emo 法老 明天 是 美好 的 一天 我 是 比基尼 海滩 最棒 的 演奏家 - 哔哩 哔哩 综艺
144003660592,我 的 快乐 并 没有 消失 而是 转移 到 了 别人 身上 并且 不会 再 回到 我 的 身上 ...
156277048944,回复 : 我 喜欢 你 的 样子 就 像 喜欢 我 一样
169495080880,呃 呃 呃
176648453984,回复 : 现在 呢
176996170736,回复 : 有 她 了 不 哭 了
177010795856,回复 : 哦 莫
177034026064,回复 : 笔心 ~
192194613504,青年人 成才 的 关键 是 自身 能力 还是 外部 机遇
211654252768,回复 : 他发 的 啥 玩意
235937343696,全文 背诵
237787875280,让 人 快乐 的 只有 在 死 时 至少 在 那时 你 可以 什么 都 不管 我 宁愿 在 我 死 时 边上 一个 人 也 没有 也 不 愿意 有人 在 我 死 是 咋咋呼呼
243379096929,小章鱼 你 累坏 了
276166413393,哇 是 王莽
283910864689,哇 你 真的 给 他 模仿 出来 了 你 关注 有 了
3171529599,首页 通知书
3171511830,UP 加油
3171503413,我 曾经 有过 自己 的 梦想 可是 一次次 的 磨灭 了 现在 的 我 很 迷茫
3171505513,所以 要 学会 中庸之道
3171430047,再见
3171408718,火钳 刘明
3171411330,他 可能 是 这片 比奇 堡 最 不 快乐 的 人 了 连痞 老板 都 有 个 偷 蟹黄 堡 秘方 的 梦想 他 呢
3171404342,小时候 看 是 喜剧 长大 看后 是 悲剧
3179132803,喜剧 的 核心 是 悲剧
3185655963,我 小时候 就 喜欢 看 悲剧 因为 很 真实 不 虚假 但 从小 为了 合群 只能 伪装 的 爱看 喜剧
4199123103,我 一点 都 不 喜欢 看 悲剧 因为 它 总是 不 自觉 的 会 让 我 想到 自己 但 其实 好像 自己 的 生活 很 平淡 也 没 发生 什么 大 的 坏事 可是 为什么 我 还是 会 很 难过 呢
4205431456,回复 : 和 父母 的 算 吗 从小到大 一直 都 有 压力
4206056495,回复 : 嗯 嗯 我会 权衡 的 谢谢 你 祝 你 接下来 的 日子 里 顺顺利利 的
4627360793,有 没想 过 自己 的 人生 其实 就是 个 喜剧 笑话
102901036032,回复 : 其实 理解 你 的 人 他们 就是 很 好 的 心理医生
3171394401,他 不够 可爱 但 也 不至于 让 人 嫌恶 不够 成功 是否 意味着 失败
3171446956,不够 成功 并 不是 失败 失去 了 梦想 和 方向 才 是
3171362054,没有 知心 的 人 挺 难受 的
3171354689,很棒 啊啊啊
3171349350,小时候 觉得 比基 堡 海滩 就 章鱼 哥 不 正常 其实 章鱼 哥才 是 人们 的 常态
3172997923,在 虚幻 中 唯一 刻画 得 过分 真实 的 人
3173077174,我 小时候 觉得 只有 章鱼 哥是 正常 的 其他人 都 不 正常
3173522566,回复 : 这个 表情 包 好 可爱
3173815705,回复 :
3173870816,回复 : 哈哈哈 哈哈哈 那 你 从小 就 保持 清醒
3176110035,喜欢 章鱼 哥
3177555961,回复 : 精准
3177572182,我 小时候 也 是 这么 觉得 然后 长大 才 发现
3177658673,害 我 也 是 我 觉得 章鱼 哥 好坏 啊 小时候
3177702759,我 小时候 一直 很 喜欢 章鱼 哥耶 还 一直 吐槽 海绵 宝宝 派大星 一直 欺负 章鱼 哥
3178158125,回复 : 想 给 你 点 38 个赞
3178181812,露 在 外面 的 永远 是 海绵 宝宝 的 笑脸 藏 在 心里 的 永远 是 章鱼 哥
3178190077,回复 : + 1
3178262899,回复 : 要 黑化 了 吗
3178332392,回复 : 已经 67 个 了
3178356565,回复 : 感觉 挺 恐怖 的 只有 自己 是 正常 的 别人 都 不 正常 自己 到底 是不是 正常人 额想 多 了 头疼
3178768323,回复 : 你好 理智 哈哈哈哈 我 小时候 可能 完全 被 动画片 带动 着
3178769007,回复 : 我 小时候 觉得 他 可 无趣 了 哈哈哈哈
3178816405,回复 : 可能 被 章鱼 哥 那种 时有 的 反差 萌丑萌 吸引 的 吧
3179236897,回复 : 不是 说 章鱼 哥 以外 比奇 堡 的 所有人 都 不 正常 而 章鱼 哥是 这些 人中 唯一 正常 的 人 而 当 其他 所有人 都 正常 时 章鱼 哥 反而 是 不 正常 的 那个 人
3179270204,好多 人 都 这样 说 其实 我 一直 觉得 海绵 宝宝 也 是 正常人 最起码 他 是 我 想 成为 的 那种 人 对 工作 学习 都 有 百分之百 的 热情 对 每个 人 每个 生物 都 友好 对 生活 充满 热爱 比派 大星 多 了 成熟 比 章鱼 哥多 了 童真 偶尔 也 会 有 负面 情绪 但 最终 都 能 解决
3180229361,谁 没 当过 章鱼 哥 这 就是 生活
3180426383,小时候 很 讨厌 章鱼 哥 后来 只 喜欢 章鱼 哥
3180617342,是 啊 做 着 自己 不 喜欢 的 工作
3180622877,我 印象 一直 是 比基尼 海滩 我 的 童年 经历 了 什么
3180667056,回复 : 哈哈哈哈 哈哈哈哈
3182139854,回复 : 就 他 是 普通人 其他 都 是 幸运儿
3182249296,回复 : 每个 人 心中 都 有 一个 哥 人人 都 是 章鱼 哥哥 代表 的 是 一种 大众化 的 悲哀 形象
3183465917,回复 :
3191531499,回复 : 大家 都 希望 成为 派大星
3214594654,小时候 就 觉得 海绵 宝宝 尤其 不 正常
3215232277,以前 我 只 喜欢 章鱼 哥
3215275364,回复 : 我 小时候 也 觉得 海绵 宝宝 和 派 大星 有时候 太过分 了 章鱼 哥 多数 情况 也 没 做 什么 事 却 总是 不得 安宁
3227283526,回复 : 我 也 是 而且 我 小时候 讨厌 海绵 宝宝 和 派 大星 派 大星 要 好好 一点 导致 我 都 没 怎么 看过 最 爱 还是 猫和老鼠
3237415313,我 小时候 就 觉得 章鱼 哥是 正常 的 特别 讨厌 海绵 宝宝 派大星 尤其 是 派 大星
3248650524,小时候 觉得 章鱼 哥 太 冷漠 了 不 明白 海绵 宝宝 为什么 喜欢 他 现在 大抵 是 作者 喜欢 这 类人
3248941267,回复 : 小时候 有 几集 看 海绵 宝宝 一群 人 犯傻 好烦
3251243520,回复 : 同感
3256567824,回复 :
3257892604,章鱼 哥是 我 没错 了
3260664297,确实 是 这样
3267789814,回复 : 一样
3277357757,回复 :
3278197177,回复 : 翻 评论 偶遇 六级 带佬
3281503279,现在 看才 发现 章鱼 哥才 是 正常人 海绵 宝宝 是 工贼
3286080471,回复 : 海绵 宝宝 是 理想 型 谁 都 希望 但 一 走上 社会 人人 都 是从 章鱼 哥 开始 的 心里 的 苦 无法 诉说
3288461729,也 不能 这么 说 吧 要 看 哪 方面 现实 大多数 人 也 不会 像 章鱼 哥 一样 不 交朋友 啊 正常人 一般 都 有 三五 好友 吧
3294772498,回复 :
3295616528,老板 前脚 刚 走 立马 就 偷懒 对 海绵 宝宝 不可 实际 的 幻想 嗤之以鼻 对 海绵 宝宝 努力 工作 的 态度 无法 理喻 对 海绵 宝宝 每天 亢奋 的 好 心情 无法 理解 这个 世界 不 就是 冷漠 又 无聊 的 么
3296654048,回复 :
3296924653,回复 : 我 第一次 看 海绵 宝宝 以为 章鱼 哥是 反派
3298469792,啊 我 从小 就 觉得 章鱼 哥是 唯一 清醒 的 人 然后 被 海绵 宝宝 和 派 大星 的 无脑 dbq 气 的 不 喜欢 这个 动画
3302421648,回复 : 早点 成熟 的 代价
3304885948,确实 我 觉得 海绵 宝宝 和 派 大星 有时候 有点 猎奇
3321588824,回复 :
3323731755,每天 白 嫖 12 个 硬币 每天 用 10 个 硬币 换 12 个 硬币 如果 拿 了 币 那 我 应该 算 帮助 了 你 吧 你 能 帮助 一下 我 吗 ? 记得 看 我 动态 助力 一下 求 你 了 与 视频 无关 少赞
3328894646,清醒 的 人 最 荒唐
3337508370,回复 : 我 也 是 小时候 其实 特别 讨厌 海绵 宝宝 和 派 大星 感觉 他们 傻傻的 又 很烦
3339114485,回复 : 我 也
3339986013,回复 : 我 也 是 ... 海绵 宝宝 还 行 尤其 派大星 巨烦 他 还 觉得 有点 恶心 长大 后 好 一点 了
3345049587,回复 : 我 也 是 这样 觉得
3349191238,小时候 一直 不 明白 为什么 章鱼 哥 总是 刁难 海绵 宝宝 现在 总是 不 明白 为什么 海绵 宝宝 总是 在 笑
3349355807,我来 送 上 你 的 第 9000 个赞
3350964989,回复 : 同意
3352438751,回复 : 哈哈哈 哈哈哈 谢谢 ( = = )
3353844251,回复 : 对 长大 以后 好点 了 但 我 依旧 不 咋 喜欢 派大星
3367056736,啊 可 我 从小到大 都 觉得 章鱼 哥是 唯一 的 正常人 所以 一直 最 喜欢 他
3367605865,这 我 小时候 反而 觉得 章鱼 哥才 是 正常 的 那个
3389889110,章鱼 哥 最 正常
3395844813,回复 : 我 也 这么 觉得
3397362164,回复 : 哈哈哈哈 过于 真实
3397760545,一群 疯子 里面 的 正常人 就是 不 正常 的
3417490606,在 我们 的 眼里 章鱼 哥是 正常人 但 在 比奇 堡里 的 正常人 眼中 章鱼 哥 可能 才 是 怪人 因为 我们 眼中 的 正常人 比 我们 眼中 的 怪人 多 所以 我们 才 会 把 与 我们 很 像 的 章鱼 哥 当做 正常人 而 在 怪人 居多 的 比奇 堡 人 眼中 身为 正常人 的 章鱼 哥 可能 才 是 怪人 我们 又 怎么 确定 自己 是 真正 的 正常人 呢
3431225112,回复 : 小时候 我 就是 觉得 他们 很 搞笑 所以 挺 喜欢 看 的
3435973260,小时候 很烦 章鱼 哥 觉得 他 没 海绵 宝宝 积极 快乐 后来 我 终究 是 活成 了 我 讨厌 的 样子
3436926913,礼貌 问 bgm
3446911010,回复 : 我 小时候 觉得 章鱼 哥好 可怜 不 明白 海绵 宝宝 为什么 总去 烦 他
3448126163,回复 : flower dance 弹幕 有人 说
3454116079,回复 :
3474831199,回复 :
3487565307,牛 逼
3520479672,章鱼 哥才 是 唯一 的 正常人
3554512360,和 别人 不同 就是 不 正常
3723180225,但 反过来 想 的话 章鱼 哥 就是 比基 堡 唯一 的 不 正常 的 人
3805999941,其实 小时候 又 何尝 不 如此 呢 只是 我们 愿意 当个 爱 笑 的 海绵 宝宝 我们 希望 当上 蟹 老板 而 不是 痞 老板 然后 才 发现 痞 老板 何尝 不是 一个 好人 我们 看着 派大星 发笑 却 早已 失去 了 派 大星 的 洒脱 我们 最终 像 章鱼 哥 一样 埋葬 了 理想 也许 只是 因为 失去 了 海绵 宝宝 也许 只是 因为 成为 了 章鱼 哥 致 我们 或 已 逝去 的 童年
3874272966,回复 : 我 也
3906230435,回复 :
3935301799,回复 : 你 这个 分析 角度 很 稀奇 我 很 喜欢 现在 能 用 阶级 论 分析 看待 世界 的 人 很少 了
3943761008,回复 : 除了 天生 高贵 的 人
3960248289,回复 : 真实
4005600672,回复 : 章鱼 哥 的 快乐 在 自己 的 家中 吹奏 着 自己 的 竖笛 他 也 曾 对 蟹 堡 王 的 生活 充满热情 只不过 长期 无聊 的 生活 消磨 了 他 的 热情 人们 在 蟹 堡 王 享受 愉快 的 用餐 时间 而 他 只不过 日复一日 的 点餐 他 并 不是 没有 艺术 才能 只不过 海绵 宝宝 的 技能 点点 满 海绵 宝宝 对 章鱼 哥 梦想 的 艺术家 人生 不屑一顾 只能 说 是 普通人 和 天才 的 区别 海绵 宝宝 在 蟹 堡 王外 过 着 开挂 般的 人生 而 章鱼 哥 只能 在 家中 孤芳自赏
4032885241,泡 芙 老师 也 算个 正常人 吧
4040677736,回复 : 感觉 你好 心酸 bushi
4110538395,美丽童话 中 一个 现实 的 人 显得 格外 扎眼
4244090132,我 记得 海绵 宝宝 有 一句 我 记到 现在 的话 他 是 个 迷失 在 二维 空间 的 三维 生物
4246933152,回复 : 太 真实 了
4272727728,小时候 以为 自己 能当 海绵 宝宝 留学 半年 真的 学会 很多 只配 当个 章鱼 哥 在 别人 在 笑 的 时候 你 也 只能 跟着 笑
4275187592,回复 : 还是 要 过 得 开心 呀 不过 这是 成年人 的 生存 方式
4288047069,比奇 堡 就 像 陶 先生 笔下 的 桃花源 章鱼 哥想 那 误入 的 渔人 海绵 宝宝 被 所有人 无私 的 爱 着 有 志同道合 的 伙伴 有着 心仪 的 工作 有着 心爱 的 小 蜗 他 像 极了 小时候 的 我们 章鱼 哥才 是 现实生活 中 芸芸众生 的 常态 有些 刻薄 冷漠 事不关己 但 内心深处 还是 充满 温柔
4314196565,回复 : 同志 你好 智英 小姐
4314193306,回复 : 这 是 一 本书
4314206892,回复 : 我 感觉 咱们 这样 的 人 可能 都 是 从小 就 不 太 合群 很难 像 大多数 人 一样 该 傻乐 傻乐 对 不感兴趣 的 群体 活动 就 不想 参加 小时候 身边 没有 最 喜欢 章鱼 哥 的 而 我 最 喜欢 章鱼 哥 不 知道 你 是不是 这样
4328187329,回复 :
4343035082,章鱼 哥好 可怜 但 他 回不去
4391049543,回复 : 我 觉得 蟹 老板 其实 也 挺 现实 的 ......
4400228994,回复 : 我 也 是 觉得 海绵 宝宝 很 可怕 是 个 神经病
4450416981,回复 :
4491072867,回复 : 我 也 是 哈哈哈 哈哈
4539605709,回复 : + 1
4734609810,回复 : 海绵 宝宝 欢乐 到 反常 我 甚至 烦 了 哈哈哈 现在 真的 希望 有个 海绵 宝宝 朋友
4753661280,回复 : 我 也 是
4808638822,回复 : + 1
4874659748,回复 : 牛 逼
4950445823,那 你好 正常 啊
4950437833,我 小时候 就 傻 看
4992539821,回复 : 因为 就是 那个 不太 正常 的 所以 我能 理解 章鱼 哥 吧 倒不如说 现在 我 就是 章鱼 哥 了
5031619670,回复 : 把 自己 带入 章鱼 哥 就 会 觉得 很 猎奇 很 绝望
5131570721,回复 : 我 也 我 小时候 很 讨厌 很 讨厌 海绵 宝宝 这部 剧 因为 我 觉得 太 傻 了 太假 了 没有 任何 一部 动画片 比 这个 更 傻 但 相反 我 最 喜欢 的 就是 章鱼 哥 这个 角色 我 觉得 他 清醒 独立 又 善良 真实
5149291761,不 知道 为什么 当 我 看 海绵 宝宝 的 时候 第一眼 喜欢 的 是 章鱼 哥
5179978118,小时候 特别 不 喜欢 章鱼 哥 长大 以后 才 发现 章鱼 哥才 是 最 正常人
5182266971,有时候 很 心疼 章鱼 哥 被 海绵 宝宝 他们 整 的 那么 惨
5185778398,回复 : 那 这 其实 挺 可悲 的
5273306904,小时候 的 我们 是 派 大星 和 海绵 宝宝 长大 后 大部分 人 是 章鱼 哥 部分 积极 乐观 向上 的 海绵 宝宝 以及 部分 依旧 发呆 的 派 大星
5390661075,章鱼 哥 一个 普通人 一个 失败者 碌碌无为 抱 有 远大 的 理想 最终 被 现实 击垮 咱们 的 梦想 在 哪 呢 连 坟墓 都 没有
5459222952,回复 : 可是 何为 正常 呢
5469859527,回复 : 我 也 是
5713422108,从小 我 就 觉得 比基尼 海滩 全部都是 正常人 ... 那 是不是 是 我 不 正常 现在 也 是 觉得 比基尼 海滩 所有人 都 正常
5806263490,我 小时候 觉得 只有 派大星 不 正常 其他 都 很 正常
5817396061,回复 : 这 该死 的 智慧
97135737088,我 一直 觉得 章鱼 哥是 唯一 一个 正常 的
97270988752,回复 : 我 也 是
97476975536,回复 : 加 1
98321735584,不 一样 的 人 被 称为 异类
98999805536,我 也 是 小时候 就 觉得 章鱼 哥 有点 奇怪
99703844240,回复 : 我 也
99981189280,因为 比奇 堡 的 人 都 是 不 正常 的 但 章鱼 哥 却是 唯一 的 一个 正常人 所以 就让 人 觉得 不 正常
100058901920,我 从小 就 觉得 海绵 宝宝 和 派 大星 很 2 * 也 很烦 但 不 知道 为啥 就是 喜欢 看 他们 而且 还 觉得 特别 好笑
103275038560,回复 : 这个 也 很 可爱 呀
105368879824,我 也 觉得 我 感觉 派大星 跟 海绵 宝宝 像 两个 疯子
106575349376,从 看 这个 动画片 的 时候 就 一直 最 喜欢 章鱼 哥 但是 章鱼 哥 的 手办 周边 好少
106877449808,太 悲剧 了
107352207376,都 是 正常人 随着 年龄 的 增长 人会变 的 小时候 你 就 像 海绵 宝宝 一样 无忧无虑 有 父母 帮 你 遮风挡雨 长大 了 你 要 扶养 父母 然而 你 挣 的 工资 连 自己 都 养不活 压力 一下子 就 上来 了
107658690880,回复 : 我 也 觉得 但 我 那时 不 理解 他 为什么 能 天天 那么 难过
108505037888,但 章鱼 哥 混 的 很 好 他 有车有房 有 工作 还有 自己 热爱 的 事业
109074566784,我妈 说 我 像 那个 章鱼 哥
109273845360,海绵 宝宝 永远 都 么 快乐 派大星 永远 都 那么 傻乎乎 的 蟹 老板 一直 都 在 赚钱 痞 老板 会 坚持 自己 的 梦想 珊迪有 自己 的 研究 和 发明 章鱼 哥 呢 他 每天 上 完班 只 想 下班 回到 家
110766539184,我 也 是 长大 之后 就 觉得 吧 章鱼 哥 很 正常
111154047072,在 比基尼 海滩 这个 地方 全都 不是 正常人 那 章鱼 哥 他 是 正常人 吗
111182797344,珊迪泡 芙 海伦 虾 霸拉利 都 挺 正常 的 啊
112527436848,都 是 章鱼 哥 谁 是 海绵 宝宝 ?
112581382112,比基尼 海滩 只有 章鱼 哥是 正常人 泡 芙 老师 犯过 罪
113575310128,回复 : 居然 跟 我 一样
114437018592,当 其他人 都 是 疯子 的 时候 那么 唯一 的 正常人 便是 疯子
114843602288,我 从小 就 喜欢 海绵 宝宝 和 章鱼 哥 不 咋 地 喜欢 派大星
115504591744,其实 有时候 我们 更 像 里面 的 居民
116080470112,小时候 我 害怕 看 动画片 但 现在 反而 没 感觉
117808756448,章鱼 哥才 是 最 正常 的 人 啊
118083702752,回复 : 我 也 是 然后 我 小时候 那些 朋友 说 我 不 正常 然后 我 也 不 知道 我 正 不 正常 了
119022066656,在 虚拟 的 世界 里 一个 正常人 显得 是 多么 的 突兀 且 不 合群
119357266144,喜欢 章鱼 哥
119786363760,我 看成 了 章鱼 哥才 是 病态
121585078880,我 小时候 觉得 都 不 正常
125197923488,回复 : 哈哈 我 也 是
125313389008,回复 : 哈哈 我 也
126268810448,小时候 觉得 章鱼 哥 好惨 只是 想过 正常 普通 的 生活 有 什么 错 啊
126396179024,我 小时候 就 以为 章鱼 哥 不 正常 以为 其他人 都 正常 觉得 章鱼 哥 成天 为何 伤心 样 长大 后 才 知道 整部 动画 只有 章鱼 哥 一个 人 是 正常人
126397449120,回复 : 现在 看来 派大星 也 算 正常人 他 总是 用 最 幼稚 的 语气 说 最 真实 的话 我 印象 最深 的 是 人生 就是 不 公平 的 慢慢 习惯 吧 你
126401386336,回复 : 啊
128173021456,正常人 的 一生
128811263632,其实 只有 他 是 正常人 只不过
128858173856,回复 :
129826324464,回复 : 我 小时候 就 觉得 章鱼 哥才 是 芸芸众生 的 代表 辛辛苦苦 上班 拿 着 微薄 的 收入 过 着 一般 的 生活 有点 自己 的 小 爱好 小 理想 但 总是 被 海绵 宝宝 这个 屑 打扰
130808066240,我 也 是 害
132674657856,回复 : 挺 同情 你 小时候 的 太 早 地 了解 了 现实
133041983360,章鱼 哥 的 梦想 是 哪 一集 呀
133601660912,回复 : 我 小时候 感觉 章鱼 哥好 倒霉
133952636832,回复 : 同 哈哈哈 哈哈哈
136100897232,以前 最 讨厌 章鱼 哥 现在 很 懂 他
137246334192,长大 了 觉得 章鱼 哥才 是 人们 的 常态 成年 时 发现自己 连 章鱼 哥 也 不如
138956379904,整个 章鱼村 和姗迪 不 正常 吗
139910862000,回复 : 我 也 是 感觉 章鱼 哥才 是 正常人 的 思路 海绵 宝宝 太 乐天派 了 派 大星 看着 像 傻子 偶尔 会 有些 逆天 言论
141349205776,我 小时候 跟 章鱼 哥 一样 我 觉得 能 有 个 片刻 的 休息 的 时间 就算 是 好 了 只是 别人 不 懂得 他 的 苦
141881368544,理想主义 的 少年 永远 不会 向 现实 招安
142855308752,回复 : 加 我 一个 我 感觉 派大星 傻 的 有点 不 正常
144052023664,小时候 我 喜欢 的 就是 章鱼 哥 因为 他 真实
144111983520,我 小时候 也 想 知道 为什么 章鱼 哥 跟 别人 确实 不 一样
144621594816,其他人 只是 有点 疯癫 罢了
147047252064,我 一直 觉得 海绵 宝宝 和 派 大星 很 烦人 我 还是 章鱼 哥 早就 搬走 了
153319136768,回复 : 打小 就是 lsp
156183497568,回复 : 我 也
172759240336,小时候 没有 经历 过 章鱼 哥 的 苦 小时候 还是 满怀 热诚 天 真的 所以 喜欢 海绵 宝宝 不 理解 章鱼 哥
172880140432,回复 : + 1 从 小时候 章鱼 哥 给 我 的 印象 就是 一种 成年人 的 感觉 和 周围 的 所有人 画风 都 鲜明 地 划分 成 了 两半 海绵 宝宝 是 整部 动画 的 主角 但是 我 的 眼睛 还是 会 不由自主 被 章鱼 哥 吸引 不光 是因为 他 在 整部 孩童 动画 中 格格不入 的 不受 待见 更是 因为 他 的 存在 有 一种 很 特别 的 突兀 就 像是 个 莫名其妙 闯入 了 满 是 孩子 的 世界 的 大人 悲剧 还有 向 现实 低头 的 软弱 在 一部 看上去 似乎 很 励志 的 动画片 中 似乎 很 奇怪 但是 一从 现实 从 逻辑推理 来看 其实 也 没什么 不 对 章鱼 哥 其实 也 只是 个 可怜 人
173591879392,确实 啊
174892004368,小时候 的 我 觉得 章鱼 哥 就 像 一个 充满 了 悲剧 的 人
175039481504,回复 : 我 也 是 章鱼 哥 的 正常 与 其他人 显得 格格不入 所以 他 才 看起来 不 正常 然而 他 才 是 最 正常 的
176718219456,我 从来不 觉得 章鱼 哥 不 正常 章鱼 哥 只是 和 他们 不 一样 每个 人 都 不 一样
180455749648,回复 : 这 不算 清醒 这是 一种 愚昧
182489637408,回复 : 其实 比基尼 海滩 正常 的 人 还是 蛮 多 的 只是 章鱼 哥 在 蟹 堡 王 工作 住 在 海绵 宝宝 家 旁边 才 作为 主角 被 着重 刻画 了 否则 他 就 被 泯灭 在 餐馆 里 捧 着 汉堡 吃 的 咸鱼 和面 无表情 的 路 人 里面 了
183772794624,没 办法 整个 比奇 堡 的 人 都 是 极为 成功 的 只有 章鱼 哥 沦落 在 了 整个 比奇 堡 的 最底层 可 他 却 还是 找 了 份 最好 的 店铺 的 工作 无论 他 怎么 在 努力 他 只是 一个 收银员 永远 比 不过 后面 的 全能型 厨师
187856242816,人 啊
187856287200,累 啊
187989640656,我们 就是 动画 里面 的 章鱼 哥 吧 但 我们 也 想 开心 成 海绵 宝宝 他们 现实 世界 不 允许 并 不是 说 像 他们 那样 释放 天性 很难 而是 很 简单 但 这样 会 抛弃 自我 吧 很多 时候 心中 坚守 的 东西 是 不想 触碰 的 底限 别人 那样 是 由于 他 天性 如此 自己 这样 也 是 由于 现实 的 需要 和 我 的 天性 的 如此
189755850640,回复 :
192175860992,当 人群 中 突然 出现 一个 海绵 宝宝 你 就 会 发现 世界 的 荒诞
192851005808,回复 : 不 不是 他 从小 就 异化 了
195598439648,那 是 整个 比基尼 海滩 除了 章鱼 哥 基本 都 不是 正常人
208286578816,艺术 章鱼 哥
209131519520,都 很 正常 只有 海绵 宝宝 和 派 大星 不 正常
210305685200,有 一集 失去 蟹堡 王 的 工作 就 直接 流浪 街头
217691597184,回复 : 除了 吹 的 是 真的 难听 有些 自恋 成分 虽然 他 曾经 也 是 天才
218169308464,小孩子 有 朝气 不能 懂 章鱼 哥挺 好 的
222737698512,回复 : 确实 太 讽刺 了 用 其他 角色 的 虚幻 额外 突出 了 章鱼 哥 的 真实 ...
232537713104,小时候 觉得 章鱼 哥 最 没意思 长大 后 发现 这 就是 大多数 人 的 人生 啊
237452622416,啪啪 啪啪
238063088896,章鱼 哥 代表 的 就是 现实 的 人性
241085958465,常态 个 屁 他 竖笛 吹 的 很 好 我们 普通人 做 不到
245201582289,总 感觉 章鱼 哥 吹 的 挺 好听 的 不 理解 为什么 说 不好 听
248043707328,最 清醒 的 正常人
252837340865,回复 : 一说 正常 我 又 想起 椭圆 宝宝 那集 正常人
255735169616,回复 : 我 也 .....
261187449200,但 实际上 章鱼 哥才 是 那个 最 正常 的
270856314112,这个 视频 的 灵感 来自 洛温 的 派 大星 的 独白 在 去年 看 完 那个 视频 后 就 萌生 了 做 一个 类似 的 视频 并 不是 所谓 的 抄袭 更 贴切 的 说 是 致敬 吧 我 认为 海绵 宝宝 中 章鱼 哥 这个 人物 更 符合 现实 所以 便 有 了 这个 视频 也 并 不 存在 所谓 的 蹭 热度 毕竟 那个 视频 已经 快 一年 了 蹭 热度 的话 我 不 可能 现在 才 发 这个 视频 更 不 可能 为了 蹭 一个 热度 如此 精心 的 打磨 这个 作品 我 也 自知 这个 视频 不 可能 会 比 那 一个 好 我 只是 想 做 这个 视频 来 表达 我 的 一些 想法 仅此而已
274000976032,可是 他 有 房子
276166369313,哇 是 秦始皇
278357285168,我 也 是 这么 觉得 的 我 觉得 相比之下 他 真的 是 最 正常 的 人 了 除了 冷漠 其他 地方 都 还好 现在 理解 他 的 冷漠 了 事情 太多 又 无能为力
279471535665,派大星 呢
280309943201,我 不 一样 我 从小 就 觉得 只有 章鱼 哥 正常
283688886785,其实 哥们 最想 成为 海绵 宝宝 但是 我 活成 了 章鱼 哥 最 落魄 的 那 一集
288238559632,回复 : 这 是 对 的
3171330609,不 知道 帮忙 转发 动态 算不算 转载 我 只是 想三连 关注 后 再 力所能及 帮 宣传 一下 如果 不行 请 回复 不能 转载
3172061070,转发 动态 当然 不算 转载 不然 b 站 为什么 把 转 发放 的 这么 明显
3173673921,老 3 级 号 了
3173959823,我 就 不 一样 了 直接 转载
3171329735,这次 一定
3171319203,我 觉得 可以
3171299820,刚刚 才 在 iPad 上 看 了 好几 集 海绵 宝宝 手机 端 就 给 我 推 这个 罪恶 的 大 数据
124696627616,我 在 学校 看 的 实体书 回来 都 能 推送
3171246049,看 海绵 宝宝 学 人生哲学
3171241887,一个 怀揣 着 梦想 却 被 现实 击垮 的 普通人
3171222080,嘿 先生 女士们 有过 自己 的 梦想 吗
3171212245,火钳 刘明
3171197292,章鱼 哥像 个 小丑 笑 即 为 疯
3171178161,一切 逝去 不再 来
3171167400,小时候 一直 都 不 明白 为什么 章鱼 哥不爱 笑 长大 后 却 不 明白 为什么 海绵 宝宝 天天 都 可以 笑 的 这么 快乐
3171160695,她 曾经 告诉 我 千万别 把 她 弄 丢 了 不然 再也 找 不 回来 了 高考 完 也 只能 默默 祝 她 幸福 对不起 我爱你 再见 了 再也 不见
3171156085,海绵 宝宝 最 天真 也 最 幸运 章鱼 哥 最 现实 也 最 倒霉
3171153711,章鱼 哥 确实 挺 惨 的 但是 真是 因为 他 这种 惨 才能 烘托出 海绵 宝宝 的 那种 快乐 幸福 吧 我 小时候 就 挺 喜欢 章鱼 哥 的 不过 丧归丧 明天 一定 会 更 美好
3171151865,加油 up 可以 当做 爱好 来 做
3171142947,加油 嗷三连 了
3171137380,会火 的
3171127680,首页 通知书
3171130666,平凡 着 也 渴望 着
3171126193,章鱼 哥 就是 现实 的 我们 啊 所以 也 是 最 讨厌 的 家伙 但是 也 是 最 喜欢 的
3171121682,好 希望 有 一个 和 海绵 宝宝 一样 的 朋友
3171085346,火钳 刘明
3171077236,有 才 投了
3171067447,尽管 刻薄 却 仍 有 温度
3171065940,必火 喔 好 棒 的 作品
3172068864,我 感觉 火 不了
3171051639,好棒 真的 特别 棒 up 牛
3171050576,这 让 我 想起 了 我 在 宁波 的 日子 那里 真的 难 还 排外
3171033094,火钳 刘明 视频 必火
3171037608,三连 了 up 加油
3171002393,大多数 人 都 喜欢 海绵 宝宝 渴望 自己 成为 海绵 宝宝 一样 但 更 多 的 人 本质 上 却是 章鱼 哥 罢了 而且 是 身边 没有 海绵 宝宝 的 章鱼 哥
3170998297,我 爱 章鱼 哥 他 不是 失败者 真的 好 想 跨过 屏幕 给 章鱼 哥 一个 拥抱 感谢 up 选 的 都 是 央视 李易 老师 的 版本 真的 李易 老师 的 章鱼 哥 最 有 灵魂 还有 up 做 的 真 好 三 连 了 章鱼 哥 值得 有人 疼 比基尼 海滩 这个 疯狂 的 世界 对 他 太 不 公平
3171811186,你 今天 累坏 了 小章鱼 明天 一定 会 更 美好 更 美丽 的
3173165862,李易 老师 1986 年 北京广播学院 播音 系 本科毕业 毕业 后 在 中央人民广播电台 配音 中央电视台 各 频道 宣传片 您 正在 收看 的 是 中央电视台 xx 频道 焦点访谈 片头 配音 用 事实 说话 焦点访谈 这 都 是 他 配 的 音 下面 是 我 最 喜欢 的 作品 纪录片 滔滔 小河 再说 长江 汉江 大明宫 春晚 南海 1 号 百年 易俗社 周恩来 外交 风云 改革开放 二十年 专题片 再说 长江 孙子兵法 走进 巢湖 中国 航母 第一 舰 还有 章鱼 哥
3173433046,回复 : 国宝级 嗓音
3173665148,回复 : 嗯
3174154455,回复 : 李易 老师 已于 2013 年 7 月 23 日 去世 了 我 童年 里 那么 熟悉 的 章鱼 哥 的 声音 离开 了 我
3174297826,比奇 堡 不是 比基尼 小声
3174328106,回复 : 当时 网上 疯传 海绵 宝宝 的 配音 去世 了 只有 我 想到 了 章鱼 哥
3175355247,回复 : 小伙伴 是 这样 的 呢 原 动画 里 海绵 宝宝 住 的 地方 就 叫 Bikini Bottom 直译 过来 就是 比基尼 底部 后面 引申 为了 海滩 但 后来 也 有 的 版本 翻译成 比奇 堡 就是 把 两个 词合 了 起来 或者 裤头 村 字面 意思 一 开始 的 几集 比如 海 海霸王 偷藏 腌 椰菜 那集 里面 翻译 的 就是 裤头 村 所以 怎么 叫 都 是 没有 问题 的 呢
3175349195,回复 : 搞 得 陈浩 老师 不得不 站 出来 发表声明 表示 自己 还 活着 人家 还 入住 B 站 了 呢
3175948808,回复 : 而且 外配 也 活 的 好好 的
3176139174,回复 : 嗯 嗯 第 几季 来 着 还 搞了个 特别版 全员 配音 老师 都 出演 了 对 了 对 了 今天 是不是 海绵 宝宝 生日 啊
3177484562,有 很多 人 讨厌 章鱼 哥 但是 在我看来 章鱼 哥为 这部 动画片 做出 了 非凡 的 贡献 这 也 是 海伦 伯格 爷爷 的 最 明智 的 地方 没 章鱼 哥 海绵 宝宝 会 逊色 一倍 以上
3177580494,回复 : 别的 不会 说 但 我 赞同 你 的 想法
3177859018,回复 : 不 清楚
3179397541,章鱼 哥 和 孔乙已 是 一样 的 都 有 才华 也 都 努力 过 可 结局 还是 一个 被 众人 嘲笑 的 下场
3182063009,回复 : 电视剧 东周 列国 春秋 篇 里面 的 旁白 也 是 由 李易 老师 负责 的 超有 那种 历史 厚重感
3182362440,我 也 最 喜欢 章鱼 哥 了
3183455565,我 也 觉得 他 可爱 小 的 时候 就 觉得 他 可爱
3267373671,看来 b 站 也 有 许多 喜欢 章鱼 哥 的 呢
3287519761,回复 : 怎么 那么 年轻 就 走 了
3349210466,回复 : 等等 ? 那天 也 是 我 生日 唉
3418691962,世界 上 大部分 都 是 章鱼 哥
3593498357,2 分钟 后 那段 竖笛 音乐 叫 什么 名字
4589382844,回复 : 陈浩
4912409672,回复 : 不过 人家 去世 了
192194733072,青年人 成才 的 关键 是 自身 能力 还是 外部 机遇
3170918741,大家 都 喜欢 海绵 宝宝 是因为 我们 内 心中 喜欢 活成 海绵 宝宝 但是 现实 中 我们 却是 活成 了 章鱼 哥 所以 我们 不 喜欢 章鱼 哥 就是 不 喜欢 我们 自己
3170921251,第一次 投币
3170874365,加油 陌生人 不要 让 世界 改变 你 而是 你 改变 世界 加油 你 就是 比尔盖茨
3170873079,比 奇 堡
3170868283,我 想 转载
3170867722,人人 都 笑 章鱼 哥 人人 都 是 章鱼 哥
3170855850,up 告诉 你 个 好消息 我 从 首页 来 的 加油
3170828816,再见 比基尼 海滩
3170754144,同感
3170740534,最后 章鱼 哥 怎么样 了
3170729634,火钳 刘明
3170732268,火钳 刘明
3170710477,看到 这个 视频 我 好像 明白 派大星 是 天才 海绵 宝宝 是 主角 而 我们 是 章鱼 哥
3170674325,手机 首页 通知书
3170663989,很 好 啊 很 好听 的 作品
3170611892,加油
3170551483,好看 不火 啊 ! !
3170512591,up 加油
3170515275,你币 有 了
3170510561,视频 做 的 太棒了
3170499964,评论 区 一片 悲观主义 要 善于 发现 生活 中 的 小 美好 有句 话 不是 说累 一半 源于 生活 本身 一半 源于 对 生活 的 态度
3170527695,还有 一半 是 真的 累
3170559693,并 不是 悲观主义 只是 有些 丧 而已 然而 丧 确实 是 生活 常态 我们 能 做 的 就是 发现 快乐
3171317793,一半 是 累 一半 是 看到 了 未来 的 无力感 愤怒 也 无可奈何 因为 无能为力 随波逐流 都 做 不到 二十 来 岁 就 已经 看到 了 五六十岁 的 人生 了 那 还有 什么 激情
3171640376,生活 和 活着 一字之差 天差地别 当 努力 过后 依旧 改变 不了 现状 就 不会 想要 努力 了 当 生活 日复一日 的 过去 人 就 会 麻木 就 会 想 算了 就 这样 吧 每天晚上 闭上眼睛 就是 迷茫 的 黑暗 每天 早上 睁开眼睛 就是 看不到 未来 的 光明 这里 每个 人 都 曾 有 梦想 但 现在 我们 只是 被 生活 击垮 的 可怜 人
3172023446,毕竟 站 着 说话 总是 不会 腰疼 的
3172274356,这里 的 悲观主义 者 不 都 是 被 逼出来 的 一 出生 就 天天 悲观 的 人 那 可能 活 那么 久
3172895816,并 不是 悲观主义 对 我 来说 这 就是 现实
3172897472,又 一个 评论 很 好 为什么 我 在 二十岁 死去 但是 要 在 七八十 才 下葬 这 真是太 悲哀 了
3172907643,回复 : 还 真是 啊
3173250553,只能 说 有时候 知道 并 不 意味着 做 得到
3174267765,我 上个月 从 云南 到 广州 进厂 别问 我 为什么 就是 进 了 早上 7 点 起来 一直 到 晚上 11 点 下班 好累 呀 每天 累 得 没有 时间 思考 以后 人生 该 何去何从 我 只是 需要 钱 太 需要 了
3174299876,回复 : 唉 如果 不是 生活 所迫 有 谁 愿意 背井离乡 抱抱 你 吧
3175800257,啊 有 同感 啊 贩卖 了 好多 焦虑 我 才 入 社会 这 几天 虽然 觉得 累 但是 还 觉得 挺 充实 看 完 这个 视频 后 觉得 好惨
3175836825,回复 : 强烈 赞同
3175834176,回复 : 生活 无力感 真的 很 唉
3176237781,鞋字 半边 难 但 也 半边 佳 呀
3176281344,当 被 生活 本身 吊打 态度 怎么 可能 好 的 起来
3177489876,这话 说 得 让 我 如何 反驳 你
3178193678,因为 在 评论 区 之外 是 我们 必须 笑 着 面对 的 现实 世界 根本 没人会 在乎 你 悲伤 快乐
3178469877,看惯 黑夜 的 人 不 应该 习惯 黑夜 而 应该 更 期待 光明
3179364378,就 像 他们 说 在 网易 云发 沮丧 话 的 人 在 假装 抑郁症 那样 我 不是 很 赞同
3179963397,回复 : 懒狗 抱怨 和 努力 得 学者 取决于 咱们 我 倒 是 还好 怎么 开学 怎么 开学 自己 喜欢 的 做 自己 喜欢 的 挺 充实 快乐
3179987774,我 觉得 这 真的 看 自己 的 态度 我 复读生 今年 开始 也 考 的 不怎么样 昨天 找 工作 步行 一整天 被 拒 了 有 十几次 吧 一天 也 吃 了 一顿饭 最后 也 只有 一家 留 了 我 电话 但 最后 回到 家 也 挺乐 呵 的 ps 我 平时 在 学校 是 很 内向 的 怕人 还 有些 自卑 因为 有些 胖 成绩 也 不好 但 我 总是 愿意 相信 世界 是 美好 的
3180799629,以为 大家 都 不想 乐观 吗 在 这个 评论 区 只不过 是 想 发泄 而已 网络 世界 谁 都 不 认识 谁 你 生活 中 你 认为 每 一个 乐观主义 者 可能 在 网络 上 就 不是 那个 样子
3181619143,但是 一 想到 章鱼 哥 明明 那么 努力 于 艺术 但是 有 一集 海绵 宝宝 随便 吹 的 笛子 就 大受 夸奖 章鱼 哥 还 被 骂 想想 就 很 难受
3182165236,回复 : 能 做 也 就 只有 找 找 乐子 但 永远 都 要 回到 现实
3182553133,回复 : 我们 无可奈何 我 只是 想 把 无力感 和 悲伤 感 最小化 但 不会 消失
3183587271,我 认为 这 不是 悲观主义 只是 感慨 而已 你 为 生活 拼搏 但是 命运 总会 将 你 击垮 无奈 委屈 不解 涌 上 心头 无人 理解 但是 你 不得不 继续 奔跑 只能 用 厚厚的 绷带 裹住 伤口 将 夜中 流下 的 泪 一口 一口 往肚 中咽 无力 地 拉扯 肌肉 展示 出 微笑 给 他人 看 时间 像 一阵 风沙 渐渐 填平 了 曾经 的 痕迹 似 萍水相逢 看到 了 本 视频 它 像 一把 洛阳 铲 刨 出 曾经 的 委屈 回忆 如 流水 般涌 上 心头 对 着 评论 区 倾诉 命运 的 不公 这是 一个 成年人 对 世界 的 怒吼 是 一个 人 的 正常 反应 大家 更 多 的 是 章鱼 哥 生活 在 这个 当下 社会 最 普通 的 人 而 不是 海绵 宝宝 和 派 大星 不是 所有人 都 是 像 你 一样 的 满腹经纶 的 大圣 人请 理解 我们 凡夫俗子 也 请 不要 用 言语 或 表情 来 讽刺 我们
3191614201,谁 还 不 想要 宣泄 一下 呢 有 的 时候 劝 别人 不要 悲观 就是 站 着 说话 不 腰疼
3201294913,这 不是 悲观主义 这是 现实 罢了
3201303119,回复 : 这是 麻木 自己 罢了 离开 了 找 乐子 的 时间 世界 还是 那样
3228024274,回复 : 人生 这么 多 要么 快乐 要么 一直 快乐 请别 拘束 放声 欢笑 快乐 随行 不 在 烦恼
3235684346,回复 : 可是 对 别人 有 影响 啊 比如 心智 三观 还 未成熟 的 小孩子 还有 患有 抑郁症 的 对 他们 来说 有 可能 延续 到 现实生活 发泄 好 好吃 一顿 睡一觉 我 个人 觉得 比 在 网上 留言 好多 了 毕竟 心里 和 生理 都 会 得到 安慰 在 网上 留言 还会 被 我 这样 持 反对 意见 的 怼 如果 比 悲观 的话 说实话 我 不会 比 你们 积极 多少 但是 我 还是 不想 让 别人 也 这样 因为 太 痛苦 了
3247051844,酸甜苦辣 才 是 生活 有人 能 一直 乐观 一直 努力 吗 这种 人 不 存在 或者 存在 于 艺术作品 中
3264342646,丧 就 丧 吧 受 了 什么 打击 遇到 什么 不好 的 事情 躺 在 床上 找点 丧丧 的 视频 泡 在 里面 跟着 丧丧 完 了 舒服 多 了 关 了 视频 该 干嘛 干嘛 不是 常态 吗 何必 视 悲伤 为 洪水猛兽
3269254862,这 不是 悲观 而是 真实 而 真实 从不 美丽
3313161030,是 啊 就算 活 的 像 章鱼 哥 一样 也 要 尽量 看到 生活 中 的 美好 才 对
3318930630,回复 : 爷 最 爱 的 网 抑云 时间 到 了
3324177987,哈哈哈哈 捉住 一只 海绵 宝宝
3361050513,何不 食 肉糜
3382199034,回复 : 你 有 什么 可丧 的 跟风 罢了
3393819470,才 步入 社会 的 我 知道 到 了 自己 有 多 废物 已经 开始 对 明天 未来 感到 害怕 了
3437075421,只是 累 了 想要 宣泄 下 罢了
3441332240,只是 想 发泄 一下 吧
3492748181,我 不 明白 人生 有 什么 可 快乐 的 活下去 就行了 一直 痛苦 到 死死 了 就 不 痛苦 了 死 了 就 会 快乐 了
4010266183,回复 : 的确 是 态度 问题 但 这 是 攻城 和 守城 的 关系 只要 你 的 态度 崩 了 一次 就 会 有 无数次 然后 就 输 了
4139875717,回复 : 我 最后 如果 是 猝死 的话 那 就 太好了
4218465471,不是 没 长大 就是 家境 好
5050364285,哀 了 哀 了
5352572491,回复 : 这句 站 着 说话 不 腰疼 又 是 从何而来 谁 不是 生活 在 这个 世界 上 的 谁 的 痛苦 就 一定 比 别人 轻 希望 大家 能 持有 乐观 的 态度 生活 又 有 什么 不 对 或许 这个 评论 区 真的 有人 家破人亡 流离失所 触景生情 但 大部分 只是 现在 生活 不如意 的 正常人 吧 或许 可以 被 这个 视频 悲伤 的 气氛 渲染 一下 大可不必 进 到 心里 去
97395839312,回复 :
103534776640,不 知道 你 会 不会 回复 但是 不是 丧 和 悲观 而是 我们 需要 放松 一下 让 自己 有 认同感 起码 能 不让 我 胡思乱想
106937878336,生活 很累 了 大家 在 评论 区 说 出来 得到 一点 安慰 挺 好 的 算不上 悲观
150336785840,回复 : 6
248868035264,回复 : 四年 过去 了 现在 呢
248868070064,回复 : 四年 过去 了 现在 呢
249140124609,回复 : 没有 什么 差别 一成不变 的 生活 一眼 能 看到 头 的 未来 一个 废物 的 我 变化 倒 是 有 一点儿 就是 我 把 心态 摆正 之后 呢 干 半年 玩 半年 至少 自己 小时候 想 做 的 一些 事情 现在 可以 尽情 的 做 了 想 吃 麻辣烫 / 想 吃 肯德基 / 想 去 公园 玩 / 想 看 博物馆 / 想 去 天安门 / 想 去 看苗寨 / 想 去 见 网友 / 等等等等 人要 学会 和 自己 和解
249578038784,回复 : 嗯 好 的 谢谢 回复 愿 你 今夜 做个 美梦
256791918096,现实 真的 很难 乐观
277688690576,如果 你 是 体面 的 工作 或者 是 老板 建议 你 去 流水线 体验 一下 如果 你 也 是 牛马 那么 恭喜 你 虽然 你 是 牛马 但是 至少 你 是 一个 有 好 心态 的 牛马
3170499337,加油
3170501617,up 加油 很 喜欢 这个 视频
3170479889,像 极了 苦苦 挣扎 的 自己
3170438056,火钳 刘明
3170413188,三连 了
3170408216,从来 都 没有 章鱼 哥
3170390153,这才 是 高质量 低 播放 的 视频 比 那些 没有 一点 技术含量 的 标题 党好 几百倍 几万倍 三连 了 up 加油 不要 被 那群 不劳而获 的 标题 党 打败
3171036723,又 寸
3171148977,说实话 填词 不 太行
3171169741,回复 : 虽然 不是 很 完美 但是 up 的 能力 也 是 有限 的
3171494206,我 是 一般 看着 乐 的 视频 点赞 好 作品 会 投币 非常 好 就 收藏
3171555123,回复 : 简介 : 章鱼 哥 台词 不 多
3172359251,回复 : 你 想 表达 什么
3172402019,回复 : 精神 小伙
3172979745,回复 : 引战 ?
3173005848,我 就 不 懂 了 这 视频 昨天 发 的 up 又 没什么 粉丝 根基 为什么 才 2 天就会 说 低 播放 量
3173211185,回复 : yysy 确实
3173293443,回复 : 我 是 想要 以 它 来 和 那些 标题 党作 对比 那群 标题 党 不少 都 是 新人 视频 做 的 毫无 技术含量 却 能 靠 标题 一两天 就 能 上 主页 并 荣获 几万 的 播放 量 而 up 的 视频 却 还 没 他们 的 多
3173305879,回复 : 不过 好 在 现在 视频 已经 火 了
3173443364,回复 : 引战 确实 但是 现在 的 几个 大 up 不 都 开始 微博化 搞 饭 圈 了 就 说 你 的 id 和 头像 这个 up 镭斯 他 现在 的 视频 质量 你 觉得 好 吗
3173519650,比方说 超级 神奇 的 木隅
3173660321,回复 : 因为 喜欢 小众 的 东西 让 他 感到 优越 不料 这 并 不小 众
3173750138,是 啊 我们 都 是 老 矿工 了 一手 一个 宝藏 一手 一个 巅峰 战斗 加油 up 做 的 挺 好 的
3173798456,回复 : 我 觉得 还 挺 好 的
3173917705,回复 : 复制粘贴 大法 好
3174094914,回复 : 对比 以前 和 现在 粉丝 量 差不多 的 up 算差 了
3174121235,回复 : 举报 了 这 引战 了 老 番茄 那 几个 团建 随便 玩玩 生活区 破圈 的 有 的 挺 有趣 的 有 的 也 是 水 了 点 但 大多 都 是 分 开发 的 算 到 他 视频 里 的 没 几个 而且 他 其它 的 视频 都 很 好 质量 水平 都 很 高 的 好 吗 能 发展 到 今天 都 是 他 自己 的 努力 没有 什么 MCN 说 老 番茄 不 合适 b 站 有 部分 up 视频 确实 不合理 也 不能 明说 尽量 别引战 把 b 站 搞 成 微博 吧
3174230085,回复 : 我 就 觉得 这人蛮 搞笑 的 要是 视频 质量 不高 还 能 有 一千万 粉丝 那 是 真的 牛 逼
3174252382,粉丝 列表 一页 20 个人 最少 11 个 机器人 最多 16 个 机器人 1000w 粉丝 百分之 60 仿生 人 那 也 是 真的 流批 喔 这 是 底特律 世界 啊 那 没事 了
3174344672,回复 : 我 看 弹幕 就 纳闷 了 两天 三十万 播放 叫 好看 不火
3174938123,回复 : 有 一 说 一 蕾丝 最近 的 视频 我 一点 都 不想 看 但 老 番茄 的 杀手 系列 我 觉得 还是 很 不错 的
3174934141,回复 : 老 番茄 的 杀手 系列 还是 很 不错 的
3175086320,回复 : 所以 我 拿 蕾丝 和 粉丝 差不太多 的 人 比
3175259072,别 在 这条 评论 下 讨论 其它 up 主了 谢谢
3175277252,回复 : 我 没 点名 讨论 哪个 up 呀 我 只 说 了 那些 标题 党
3175688312,回复 : 开始 了 冰箱 制冷 你 需要
3176014644,回复 : 是 的 是 的 我 是 说 下面 一些 讨论 大 up 的 人 _ ( : ) _
3176537266,回复 : 我 还 想 加上 其他 那些 up 主 tm 的 随随便便 几个 人 在 一起 拍 一天 视频 可以 水上 一两个 月 各个 播放 量 几百万
3177227950,回复 : 没 搞懂 你 这句 话 是 啥意思 你 回复 的 跟 他 发 的 完全 不 沾边 啊
3177232268,回复 : 为啥 说 他 低 播放 因为 喜欢 小众 的 让 他们 感到 优越 属实 迷惑
3177450064,回复 : 一 开始 联动 还 挺 喜闻乐见 的 后来 有水 视频 的 嫌疑 不太 喜欢 看 了 也 能 理解 大 up 选题 比较 难 粉丝 有时 追着 要 视频 没 办法 但是 有 的 视频 又 水 又 无趣 有点 无 语
3177708407,回复 : 吐槽 向 视频 就 这样 随着 up 影响力 变 大 很多 话 都 不能 随便 说 了 自然 没意思
3177754898,我能 感觉 UP 努力 了 但 说 它 是 高质量 是 不 太行 的 因为 UP 仿 的 派 大星 的 哪个 除了 词 不 一样 其他 的 感觉 都 差不多 ( 别 喷 我 我 只是 说出 了 我 的 感受 )
3177983947,回复 : 我 觉得 蕾丝 还 算 可以 了 花少北 那边 真的
3178076551,也 没 说 他 全身 缺点 啊 我 就 针对 他 跟 另外 几个 up 主水 视频 而已
3178235651,回复 : 你 想 表达 什么
3178813787,回复 : 得 了 又 来 了
3179956660,回复 : 别 急功近利 时间 和 努力 会 证明 能火 的 作品 迟早 也 会 火
3179961917,回复 : 那些 标题 党 播放 高 换来 的 还 不是 举报 和 路过 忘记 有趣 有 才华 作品 才 会 让 人 记住
3180848380,回复 : 反正 粉丝 质量 是 真的 没有 以前 高 了
3181061028,回复 : 卖 可怜 呗 而且 up 还赞 了 今天 就 上 推荐 了 适当 的 卖 惨 还是 可以 的
3181307808,回复 : 他 说 了 啥 虽然 我 感受 到 了 一点
3181445042,回复 : 标准 的 你 行 你 上
3181443410,回复 : 你 是不是 审美 不行 啊 _ 老 番茄 的 视频 质量 真的 没话说 而且 复旦 高材生 在 你 眼里 只是 精神 小伙 吗
3181465179,回复 : 你 不要 把 视频 制作 想 的 太 简单 粉丝 多 了 就 会 有 需求 这个 必须 要 有 供给 弥补 的 你 可以 找 高质量 的 看 等 高质量 的 但是 硬要 看不起 他水 视频 我 觉着 大可不必 人 都 有人 的 难处 有些 时候 世界 很 荒缪 我 生产 东西 是 为了 夺走 你 的 时间 可 你 却 要 逼 着 我 这样 生产 算了 说 的 有点 负 能量 了 但 大概 就是 这样 一个 意思
3181487644,回复 : 论 科学 上网 的 重要性
3181975943,回复 : 你 去 跟 你 的 好 朋友 一起 玩 然后 拍 一些 没有 意义 的 水 视频 出来 你 觉得 你 发 的 有 意义 么 而且 我 这 叫 引战 我 有 特意 指出 他 的 缺点 骂 他 了 不过 是 你 缺少 存在 感 罢了
3182383087,挺 好 的 倒 没 觉得 多 高质量
3182412488,回复 : 没有 意义 为什么 有人 愿意 看 呢 意义 不是 你 定义 的
3182409890,回复 : 每个 人 都 有 自己 的 需求 为了 自己 需求 而 抨击 创作者 本人 这 本身 就是 一种 自私
3182424923,回复 : 我 不 认为 只有 骂 称得上 是 攻击 怀疑 也 是 自己 努力 的 所得 无论 这 中间 努力 了 多少 被 怀疑 都 是 伤人 的 我 不 明白 你 为什么 能 说 的 大义凛然 并 指责 我刷 存在 感
3182447007,回复 : 算了 我错 了 你 愿意 这么 说 也 是 为了 up 好 表达 自己 的 不满 是 我 苛刻 了 保存 你 的 想法 与 初心 挺 好 的 我 给予 道歉
3183837359,我 看 了 一下 视频 日期 卧槽 今天 15 号 居然 150 万 了
3184062655,回复 : 蕾丝 我 已经 取关 了
3184847708,回复 : 当然 有 关系 啊 低 播放 的 视频 意味着 少 有人 看 属于 小 众 一类 的 但是 总 有人 会 因为 一些 莫名其妙 的 优越感 而 去 喜欢 小众 的 东西 这 让 他们 感觉 特立独行 不同于 常人 殊不知 只是 自己 的 虚荣 作祟 罢了 像 这样 强行 说 这个 视频 是 小众 以此 大发 感慨 的 优越 党 并 不在少数 他们 贬低 着 那些 低质量 视频 制作者 但 实际上 让 视频 火 的 从来不 是 创作者 是 观众 他们 又秀 着 可怜 的 优越感 觉得 自己 比 喜欢 低质量 视频 的 观众 高人一等 可笑 又 可怜
3185312769,回复 : 这 都 不行 我 看 的 浑身 鸡皮疙瘩
3187173294,回复 : 呵 我 笑 了
3187174957,回复 : xxs 我 笑 了
3187728376,回复 :
3187836396,回复 : 怂 了 怎么 删 了
3188011046,回复 : xswl 就 这
3195038089,别骂 我 说实话 填词 有点 白开水 但 比起 一些 标题 党 质量 算高得 了
3195301604,回复 : 嗯 确实 有点
3255785782,说真的 填词 不 太行 调音 也 有点 差 真的 没 你 说 的 那么 好 但 确实 比 那些 标题 党 好多 了
3280673902,回复 : 在 与 某个 up 无关 的 视频 下 骂 / 捧 这个 up 都 算 ky 和 引战 你 上 b 站 这么 长时间 不 知道 吗 况且 你 不 喜欢 就 不 看 想 提意见 也 可以 私信 这个 up 主在 一个 无关 视频 下 说 某个 up 主 不好 水 视频 真的 很 影响 别人 观感 好 吗
3285047595,回复 : 你 和 你 朋友 拍 不 出来 这个 效果 叭 看个 视频 还 看出 鄙视 链来 了 吗 喜欢 看人 一起 玩游戏 的 就 低端 我 还 真 就 因为 团建 才 关注 他们 的 不 爱看 的 题材 不看 不 就 完 了 那 我 是不是 可以 说 他们 拍 游戏 视频 是 浪费时间 啊 拍 你 不 爱看 的 就是 缺点 就是 没 意义 吗 想要 意义 看 名著 啊
3292508910,回复 : 你 在 说 什么 啊 能 被 举报 移除 肯定 是 有违 社区 规定 的 好 吧 比如 我 之前 举报 的 一个 有点 阴阳怪气 但 没有 任何 脏字 的 擦边球 评论 就 一直 没有 被 移除 啊 发言 肯定 要 按 社区 规定 来 啊 况且 你 真想 提意见 你 完全 可以 去 这个 up 主 的 视频 下方 或者 私信 给 他 你 的 建议 啊 你 在 这发 谁 能 看见 除了 让 一些 粉丝 和 你 争吵 导致 这个 非常 好 的 视频 下面 变得 乌烟瘴气 意外 没有 任何 意义 ... ... 还是 说 这 就是 你 本来 的 目的
3292541492,回复 : 没 人 举报 懂
3294991494,回复 : 你 自己 一会 说 正义 之士 说话 被 举报 移除 一会 又 来 一句 没 人 举报 你 自己 说话 逻辑 都 不连贯 还 在 这 搅浑 水 呢 你 能 不能自己 先 把 逻辑 捋 清楚 讲话 说 清楚
3319296056,回复 : xxs 给爷 爬
3319706768,回复 : 别 给 回 了 说 不过 就 说 别人 xxs 给 爪 巴 侮辱 的 智商
3326681543,回复 : 来来回回 就 会 这 一句 呵呵
3930701522,回复 : 章鱼 哥 的 词 比较 少 吧
4547837913,回复 : 看起来 像 水军 一样
110369077376,900 多万 播放 量 低 播放
110372785264,回复 : 很早以前 的 了
174751847200,回复 : 好像 是因为 章鱼 哥 台词 不 多 鬼畜 的 素材 嗯 不太好 找
174751745024,回复 : 好像 是 这样 来 着 多久 之前 看 的 来 着
256783374896,现在 己经 1458.8 万 了
256455014641,回复 : 考古
3170339083,章鱼 哥 一个 普通人 一个 失败者 碌碌无为 抱 有 远大 的 理想 最终 被 现实 击垮 咱们 的 梦想 在 哪 呢 连 坟墓 都 没有
3172256190,但是 章鱼 哥 没有 放弃 这 就 很 不错 了
3172279674,回复 : 但是 我们 放弃 了
3172290505,回复 : 原来 的 远大 的 抱负 和 理想 到 现在 啥 都 不是
3172317918,回复 : 没事 你 只 看到 成功者 的 那 一瞬间 没有 看到 他 几十年 的 努力
3172401961,回复 : 有些 人 一生 他 都 是 成功 的 有些 人 努力 也 跳 不 出去 只会 招来 一身 伤疤 就 像 那 下水道 里 的 烂泥 清理 起来 别人 都 嫌 麻烦 算了吧 这 是 命
3173100341,回复 : 成功 的 出名 了 没 出名 或许 早已 跌落 深渊 再 无人知晓
3173377879,章鱼 哥有 别墅
3173540654,回复 : 那 只是 最起码 的 一个 房子 没有 任何 的 荣华富贵 和 章鱼 威廉 的 房子 没法 比
3173669799,回复 : 啊 这
3174013811,回复 : 现在 已 不是 努力 就 可以 获得 应得 的 时代 了
3174132311,咱们 的 梦想 不 需要 坟墓 世界 让 我们 遍体鳞伤 我们 要 努力 从 伤口 处长 出 翅膀 好 了 别难过 了 明天 还有 新 的 太阳 在 等 你 呢 笑 一个 吧
3174145044,想到 祥子 了
3174848803,回复 : 努力 真的 没用 了 天无绝人之路 已经 毫无道理 否则 为何 会 有 走投无路 的 人 我们 的 全部 努力 不如 别人 的 随便 搞搞 算了吧 这 是 命
3174849663,回复 : 不 需要 坟墓 因为 这个 世界 到处 都 是 我们 的 坟墓 现在 那股 劲头 谢 了 现在 想 的 是 一天 该 如何 的 结束 而 不是 如何 的 开始 日复一日 年复一年
3174860212,回复 : 那个 不是 别墅 章鱼 威廉 那个 才 是 可 章鱼 威廉 就是 社会 上 的 成功者 章鱼 哥 那个 房子 只是 一个 普普通通 的 房子 非常 普通
3174858589,回复 : 鸡汤 全是 扯淡 现实 就是 地狱
3174929087,我 最 心疼 的 就是 他
3177452124,吃 的 苦 中苦 有 可能 为 人 上 人 有 可能 你 拼命 努力 最后 没有 成功 那 你 就 不 努力 了 游戏 出新 角色 有些 人 直接 氪金 10 万靠 返利 得到 角色 平民 呢 辛辛苦苦 攒 了 一把 票 还有 可能 白给 那 你 就 不攒票 了 不 玩游戏 了 有些 人 被 生活 打 的 鼻青脸肿 却 一次次 站 起来 不到 最后 一刻 不是 谈 放弃 的 时候
3177489580,回复 : 如果 真的 吃 得 苦 中苦 还是 没有 任何 结果 的话 我 不会 缺心眼 的 再 过去 上当 就 比如说 那个游戏 我会 当场 退游 然后 卸载 人 不能 被 自己 逼死 如果 人能 把 自己 给 逼死 的话 那 就 真的 缺心眼 了
3177502416,回复 : 一些 人 被 生活 打 的 鼻青脸肿 但 还是 站 起来 了 那 是 真 有 那个 缺心眼 的 毅力 一般 人 我 说 的 是 一般 人 平常 的 心理 肯定 会 跳 过 这个 事情 不会 缺心眼 的 一直 做 下去
3177502620,回复 : 明白人
3177512064,回复 : 就 不是 明白人 这是 一般 人 的 心理 如果 真有 像 你 说 的 那么 个人 那 他 就 典型 的 缺心眼 我 不是 骂 他 这 是 真 缺心眼
3177598953,回复 : 在 黑暗 中 看到 光明 我们 才 有 走 下去 的 希望 和 勇气 章鱼 哥 至少 还 在 吹 竖笛 至少 在 他 死 后 他 可以 说 我 努力 了 这 就 够 了 我 可能 一辈子 都 是 失败者 但是 我们 也 是 可以 为 理想 奋斗终生
3177615661,回复 : 不是 最能 吃苦 的 人才 能 成功 而是 抓住机会 的 人才 能 成功 但是 机会 一旦 错过 就 不 在
3177624298,回复 : 确实 努力 打工 工作 了 那么 久 赚 的 钱 也 就 这么 点有 的 人 完全 没有 这个 必要 拿 家里 给 的 钱 开店 投资 炒股 就算 全赔 了 也 没有 什么 大不了 的 回家 继承 家产 就 可以 了
3177636033,现在 这个 社会 阶段 除了 能 做 韭菜 还 能 做 什么 白手起家 已经 是 上 一代 最后 一次 时代 了 从 00 年 开始 出生 小伙伴 要么 家庭 好 要么 关系 强 努力 努力 就 改善 自己 的 生活 吧 啥 也 奢求 不了
3177653495,回复 : 但是 我们 抓不住 这种 机会
3177658723,回复 : 活着 就 行不图 别的 啥事 没有 的 活着 仅此而已
3177670060,回复 : 那 是 有 条件 的 我们 没有
3177712331,我 曾经 看到 过 一句 话 现在 想想 很 有 道理 : 快乐 的 人 不是 得到 的 多 而是 想要 的 少
3177764782,回复 : 活着 找 不到 意义 浑浑 的 过 每 一天 是 在 为什么 唉
3177968713,回复 : 翅膀 还 得分 恶魔 的 翅膀 还是 天使 的 翅膀
3178033943,回复 : 人生 这场 游戏 你 能 退游 你 能 卸载 不 奢求 你 有 多 大 雄心壮志 不 奢求 你 有 多 大 本事 只 希望 你 明白 真正 的 现实 面前 还是 要 有 一些 想法 去 努力 的 不然 就 只能 寄托 给 下一代 然后 周而复始 永远 也 跳 不出 所谓 现实 残酷 的 圈
3178044711,回复 : 建议 去 工作 工作 时间 久 了 你 就 明白 了 人生 就是 一场 游戏 有 的 人 过 得 精彩 是因为 他们 要么 肝帝 要么 充钱 不论 何种 方式 别活 的 过于 压抑 想 学 什么 就 去 学老 是 纠结 各种各样 的 原因 和 别人 的 话语 最终 只会 坑 自己 别人 反而 无所谓 你 自己 的 人生 只能 自己 负责
3178135530,回复 : 活着 就行 仅此而已
3178155768,章鱼 哥 你 想 重生 吗
3178188521,回复 : 只是 一个 普通人 别想 那么 多
3178277487,回复 : 我 说 的 是 一部 番
3178321994,回复 : 活着 都 做 不到 谈 梦想 那 不是 在 说空话 吗 但凡 有 成就 者 哪个 不是 先 养活 自己 再 去 实现 梦想 的
3178357889,回复 : 人 一天 活着 都 三顿 饭 关键 是 要 学习 跟个 吃饭 机器 一样 活着 那样 没意思 你 自己 都 会 觉得 拉屎 都 没意思 袁隆平 这样 的 人 我 也 没 听说 他家 有多富 他 赶上 三年 自然灾害 和 十年浩劫 一直 都 在 种地 搞 自己 的 杂交 水稻 你 说 他 怎么 做到 的 靠 鸡汤 吗 靠 空谈 吗 靠 告诉 自己 现实 残酷 吗 无非 就是 踏实 努力学习 罢了
3178755636,回复 : 工作 两年 了 都
3179381381,回复 : 就是 啊 而且 这个 视频 正好 刷 到 我 的 首页 BV165411W7Li 真的 是 太巧 了
3179389660,趁现在 继续前进 吧 会 有 一天 实现 愿望 的
3179389770,多 蹦 跶 几下 也 是 好 的
3179603847,回复 : 看看 要么 说 人 优秀生 下来 就 起飞 了 直接 飞 到 终点线 上 九岁 完成 了 我 90 岁 不 可能 完成 的 东西
3179609100,回复 : 养活 梦想 养着 养 着 你 就 单单 的 只 靠 活下去 了 活下去 就行 梦想 已经 没 了 每天 就是 重复 如何 度过 如何 开始
3179616448,回复 : 总有一天 等 吧
3180351559,你 才 几岁
3180352527,回复 : 能 领悟到 这种 程度 你 说 我 几岁
3181838235,骆驼 祥子 既视感 ...
3182213458,回复 : 会 抓 机会 的 人 至少 环境 指 亲朋好友 不会 太 差 不然 不 可能 的 就算 真有 那种 从小 便 出淤泥而不染 的 人 那 也 不是 普通人 能 做到 的
3182232987,是不是 吃饭 机器 看 你 有没有 好 父母 好 老师 知己 真正 的 朋友 有 那么 一个 你 的 人生 或许 就 改变 了 你 要说 天生 对 学习 有 兴趣 那 也 不是 大多数 命 都 是 公平 的 环境 不公
3183515795,回复 : 工作 两年 了 那 你 肯定 明白 大道理 与其 纠结 人生意义 不如 去 定个 目标 努力 哪怕 是 每天 早起 跑 二十分钟 锻炼身体 人生意义 是 生活 过日子 出来 的 不是 想 出来 的
3183534403,回复 : 我 真想 给你个 大嘴巴 子 在 这 玩 脑筋 急转弯 呢 我 说 的 意思 是 先能 独立 生存 再谈 梦想 也 有 能力 谈 梦想 实现 梦想 在 你 生存 下来 之后 你 再 去过 重复 的 生活 你 忘 了 梦想 那 是 你 自己 的 事情 是 你 自己 忘 了 不想 去 实现 了 自己 不想 就别 老 说 什么 现实 阻碍 你 都 能 独立 生存 了 还 担心 实现 不了 梦想 难道 你 的 梦想 是 上 太阳
3183551681,回复 : 那 是 你 的 心理 有 毅力 能 坚持 那 不 叫 缺心眼 那才 叫 聪明 没 毅力 也 不 坚持 你 连 屎 都 抢 不到 热乎 的
3183563587,回复 : 我 并 不是 忽略 所有 因素 只 强调 努力 也 不是 说 什么 鸡汤 只是 一个 人 在 能够 独立 生存 之后 应该 去 追求 一些 梦想 一些 目标 这个 梦想 可以 小到 每天 锻炼身体 嘛 交个 女朋友 摆地摊 整点 零花 别活 的 那么 压抑
3183582720,回复 : 能够 独立 生存 之后 就 攒 点 钱 或者 挤时间 学 点 别的 别死 脑瓜 顾 灵活 一点 嘛 活得 快乐 些
3183640726,你 总 说 被 现实 击垮 那 请 去 看看 一只 胳膊 打篮球 的 小孩 吧 我 在 绝望 堕落 想 自杀 的 时候 看到 这样 的 新闻 你 也 应该 看看 很 震撼 的 视频 你 觉得 现实 有没有 打击 过 他 肯定 有 的 呀 可是 人家 一只 胳膊 比俩 胳膊 都 打的好 也许 他 将来 不会 打篮球 但是 我 觉得 他 学到了 最 重要 的 东西 那 就是 定个 目标 以 正确 的 方式 去 努力 最终 得到 了 回报 你 可以 嘲讽 人家 缺心眼 但 人家 知道 自己 想要 什么 就 去 争取 什么 并且 努力 了 我 只 希望 你 能 振作 up 主做 这个 视频 也许 是 伤春悲秋 也许 是 感同身受 但 更 多 地 是 说出 这个 现象 有 的 时候 即使 现实 再 多 阻碍 你 必须 去 克服 只有 人 适应环境 环境 是 适应 不了 人 的 你 不 克服困难 只 想着 顺顺利利 就 做成 事 那 天下 岂 不是 到处 是 成功人士
3183666260,我 只 希望 你 能 振作起来 别用 现实 来 做 酒 麻痹 自己 那样 害 的 只是 你 自己 迷茫 的 时候 找 不到 路 的 时候 多 看看书 看 那种 有 智慧 的 书 比如 毛选 这类 现在 信息 茧房 很 严重 你 一旦 天天 搜 这种 所谓 现实 残酷 不能 实现 梦想 的 相关 视频 就 会 天天 给 你 推荐 类似 的 相信 我 你 天天 看 这种 视频 会 很 压抑 的 不如 多 搜 一些 阳光 的
3184483683,回复 : 我 这个 意思 是 我们 都 是 普通 的 有 手 有 脚 不能 跟 那些 残缺 的 人 比 这样 会 显得 很 没意思
3184491066,回复 : 阳光 的 还 不如 搜 那些 压抑 的 因为 阳光 的 是 在 变相 的 欺骗
3184487647,回复 : 那 就是 缺心眼
3184484848,回复 : 活着 就 行不图 别的
3184488904,回复 : 命 不是 公平 的 一些 人下 生就 会飞 一些 人 努力 就是 在 那个 局面 里 躲 不 掉 也 逃不出 去
3184728427,回复 : 残缺 的 人 都 比 你 强
3184729633,回复 : 阴暗 压抑 的 就 不是 欺骗 扯淡 呢 阳光 就 全部都是 欺骗 太 绝对 了 别 自 以为 看见 阴暗 就是 成熟 那样 会毁 了 你 自己
3184734849,回复 : 是 我 连 个人 都 不是 了 我 就 一 废物 傻子
3185497248,回复 : 你 成功 把 一个 失去 希望 的 人 变成 了 废物
3185585930,回复 : 不管 是 阳光 还是 阴暗 都 不 一定 真实 只不过 亲 人们 的 我 的 努力 的 否认 让 我 的 心 冷却 下来 了 与 朋友 交谈 我 依旧会 欢心 的 笑 但 我 知道 我 不 只是 想要 这个 人 很 贪婪 所以 我 抑制 不住 我 只能靠 玩游戏 发泄 怨气 不仅 是 我 喜欢 游戏 还有 这 是 我 唯一 能 发泄 的 点 这样 我 才能 做 一个 他们 眼中 至少 不差 的 人
3185589283,回复 : 残缺 的 人 是否 有人 肯定 有人 支持 哪怕 是 一句 : 你 已经 做 的 很 好 了 也 能 让 人 有 前进 的 动力 真的 阳光 哪怕 是 一次 能 在 我 的 身上 照久点 就 好 了
3185592366,回复 : 怪 我 咯 我 意思 是 人家 残疾人 尚且 能 坚持 努力 有所作为 他 四肢 健全 发达 却 总 说 自己 不行 是 我 说 的 原因 吗 我 不 说 他 也 那 熊样
3185625162,回复 : 刚刚 看到 一句 话 觉得 很 对 做人 就 得 胆大心细 脸皮厚 一定 不要 因为 人家 随便 的 一句 话 就 大 发脾气 或是 沾沾自喜 那 是 很 愚蠢 的 你 的 心情 你 得 自己 做主 指望 别人 来 鼓励 你 那 是 在 白日做梦 自己 要 先 鼓励 自己 做成 了 事 也 是 为了 你 自己 现实 就是 如此 你 自己 都 不肯 鼓励 自己 去 指望 别人 来 肯定 你 那 是 不 可能 的 事情
3185623614,回复 : 我 意思 是 人家 残疾人 尚且 能 坚持 努力 有所作为 你 四肢 健全 发达 却 总 说 自己 不行 既然如此 当 我 没 说
3185635302,回复 : 呵呵 那 只是 在 你 眼中 在 我 眼中 能 坚持下去 做好 一件 事 的 人 就是 有 成就 的 人
3186160667,回复 : 他拉黑 了 我 说话 搞 得 像 传销 一样 说 不过 就 拉 黑 别人 这种 人 在 现实 中 就是 个 失败者
3186550568,回复 : 我加 了 个 表情 啊 意思 是 我 很 惊讶
3186550770,回复 : 我 说 怪 你 了 吗
3187076211,回复 : 01 年 出生 的 小伙伴 表示 家庭 不怎么 好 关系 也 不强
3187112929,回复 :
3190163031,回复 : 一样 啊 单亲家庭 家里人 还 懒 一切 只能靠 自己
3192068297,回复 : 他 在 那儿 说 缺心眼 什么 的 是 这 世界 上 有 就算 是 坚持 也 会 注定 失败 的 事情 在 旁人 看来 做 了 毫无意义 但 这 也 是 人生 旅程 的 一部分 不是 吗 一将 终成 万骨 枯 世界 上 的 成功者 毕竟 是 少数 但 失败 也好 成功 也罢 都 是 人生旅途 的 一部分 变化 是 这个 世界 永恒 的 主题 成功 和 失败 都 不会 是 永恒 的 但是 你 为此 所 做出 的 种种 这 一路上 所 经历 过 的 甚至 是 走过 的 弯路 都 不是 没有 意义 的 这些 都 是 客观存在 的 都 会 成为 你 的 一部分 生命 也 是 如此 正是 因为 注定 消逝 才 会 想 让 人 把握 尽可能 活着 的 机会 因为 你 终将 会 失去 他 再 多 再 优秀 的 成就 在 死亡 面前 也 会 毫无意义 所以 人生 是 一场 旅途 就算 是 注定 失败 也 是 有 意义 的 因为 你 用 这 一生 来 诠释 你 生命 的 意义 所以 才 会 说 不论如何 请 尽量 丰富 自己 的 人生 因为 你 终将 死去 你 所 体会 的 种种 才 会 是 真实 存在 的 这 是 独 属于 你 的 人生 别人 无法 定义 也 无法 夺走 所 做 的 这 一切 到底 值不值得 也 只有 自己 能 定义 和 判断 或许 在 他 看来 这是 缺心眼 但 那个 坚持 的 人 觉得 值得 就够 了
3192219826,你 还 在 活着 你 已经 成功 了 我 的 朋友
3192241692,回复 : 如果 我 有 选择 的 权利 我 不 愿意 来到 这个 现实 可是 我 没有 自杀 的 勇气 也 有 可能 是 我 还 没有 太大 的 压力 现在 活着 不 为 争气 了 只 想 活着
3192261042,回复 : 活着 只 为 活着 不 也 挺 好 没 必要 去 纠结 想要 什么 保护 好 现在 有 的 东西 就 好 了
3192333561,回复 : 兄弟 你 说 学习 或者 别的 什么 的 我 给 你 算 一下 时间 一个 普通 工厂 员工 的 时间 每个 月 一天 休息 每周 基本上 只有 周日 不要 加班 基本上 早上 8 点 上班 加班 到 晚上 9 点 左右 回家 算个 半个 小时 回到 家 就 9 点半 了 然后 洗澡 洗衣服 加上 一些 事情 差不多 12 点 了 第二天 7 点 起床 洗漱 吃 早餐 半个 小时 到 厂里 路程 半个 小时 这样 算下来 你 告诉 我 拿 什么 去 锻炼 学习
3192365491,回复 : 补充 一点 工厂 一般 员工 月薪 大概 3000 到 7000 之间
3193488021,第一 我 不是 工厂 员工 我 自己 开 了 一个 饭店 第二 工厂 普通工人 连 睡觉时间 都 只有 7 个 小时 了 哪里 来 的 精力 去 搞 这些 第三 轻松 舒适 的 工作 是 要钱 来 支撑 的 一个 普通员工 一年 也 就 4 到 8w 等 你 有钱 了 已经 不是 可以 随便 拼 的 时候 了 一家人 要 靠 你 养 第四 社会 不像 你 想 的 那么 美好 第五 你 自己 没有 吃 过苦 就 不要 在 一边 教 别人 怎么 做 很多 事情 不是 那么 简单 的 回复 @ 牧魂 人 的 小 铲子 直接 拉 黑真 有 你 的
3194345105,回复 : 你 跟 这种 人 说话 没有 用 了 也 把 我 拉 黑 了 这种 人 怀疑 他 根本 就 没 下过 社会 或者 还 没 还 没有 真苦 到
3194680859,回复 : 这人 最 多 也 就 高中生 而且 家庭 条件 还 不错
3194836370,回复 : 总之 他 肯定 没苦 到 没下 社会 下过 社会 的 都 会 明白 这个 世界 的 样子
3214877215,盲猜 评论 区网 抑云 一片
3214879475,回复 : 这是 事实
3223685018,回复 : 你 太天真 了 努力 没 真确 的 方法 没有 好 的 天赋 以及 一些 人 脉 的话 自己 单干 是 没有 出路 的
3223691292,回复 : 努力 有用 只是 没有 你 适合 的 方法 也许 你 应该 回头 看看 你 所 做 的 努力 使 你 超过 了 多少 人
3223874593,回复 : 人 生活 着 就 行 踏踏实实 的 日子 挺 好
3248332254,回复 : 收 了 神通 吧
3248476970,坟地 还 两 万一 平
3248499493,回复 : 唉 失败 啊
3250966362,回复 : 如果 只要 足够 努力 就 能 获得成功 那么 世界 上 最 成功 的 应该 是 一头 驴
3256112727,回复 : 谢谢 你 陌生人
3268902678,关键 是 现在 你 给 你 的 理想 做个 坟墓 别人 会 以为 你 神经病 的
3269219186,回复 : 因为 别人 已经 没有 梦想 了 你 只是 给 你 那个 可怜 的 梦想 加 一个 坟墓 而已
3293956750,吕 秀才
3296598834,现世 即 地狱
3318915738,爷 最 爱 的 网 抑云 时间 到 了
3319016185,回复 : 网易 云 垃圾 软件 别 听歌 软件 了 改 小说 软件 行 了
3319036613,回复 :
3320910183,回复 : 也 不要 过度 惆怅 我用 我 的 现实生活 告诉 你 虽然 苦 逼 但是 付出 还是 获得 了 相应 的 回报 或多或少 至少 动 起来 还是 有 的 只 想想 什么 都 没有
3324483840,回复 : 人 活着 不能 太 现实
3324773267,回复 : 现实 点好 啊
3325444749,回复 : 做 做梦 挺 好 不然 一点点 幻想 都 没有 怎么 努力 奔 向 未来
3347353607,回复 : 抱抱 ( )
3349189769,回复 : 啊 这 老网 抑云 了
3349196205,回复 : 要 不 你 当 一辈子 猪 试试 ? 在 你 在 这 抱怨 的 时候 想想 那些 一辈子 走不出 一个 不 超过 十平方米 的 小笼子 的 猪 这个 世界 本来 就是 不 公平 的 慢慢 习惯 吧 你
3349201567,回复 : 要 不 你 当 一辈子 猪 试试 ? 在 你 在 这 抱怨 的 时候 想想 那些 一辈子 走不出 一个 不 超过 十平方米 的 小笼子 的 猪 这个 世界 本来 就是 不 公平 的 慢慢 习惯 吧 你 我 早就 放弃 所谓 的 意义 了 社会 绝对 不 需要 我 这个 宇宙 不 需要 人类 做 自己 想 做 的 事 就行了
3349202178,回复 : 要 不 你 当 一辈子 猪 试试 ? 在 你 在 这 抱怨 的 时候 想想 那些 一辈子 走不出 一个 不 超过 十平方米 的 小笼子 的 猪 这个 世界 本来 就是 不 公平 的 慢慢 习惯 吧 你 我 早就 放弃 所谓 的 意义 了 社会 绝对 不 需要 我 这个 宇宙 不 需要 人类 做 自己 想 做 的 事 就行了
3349405807,回复 : 世界 让 我 遍体鳞伤 伤口 长出 的 却是 翅膀 阿多 尼斯 不是 网抑 云
3350050248,回复 : 嗯 但 说实话 这话 和 网 抑云 的 人 的话 实在 一样 比如 陌生人 和 一些 名言 引用 没认 正确 很 抱歉
3350526480,回复 : 所以 你 这话 的 意思 和 我 那条 评论 有 什么 不同 我 说 的 也 是 这个 意思 你 说 的 也 是 这个 意思 你 这条 评论 是 什么 意思 咋 有 故事 告诉 你 我们 都 有 故事 我们 没 人 愿意 听 你 吐苦水 没 人 可怜 你 如果 你 真的 活不下去 的话 自杀 就行 我 就 看 你 有没有 那个 胆
3350523298,回复 : 网易 云 你 连 这个 梗 的 意思 都 不 懂 你 就 过来 喷人 你 确定 我们 说 的 这 都 是 网易 云 的话
3352092328,回复 : 你 可 真正 派 一直 抱怨 社会 不公 然后 说 我 吐苦水 我 也 是 真的 呵呵 我 什么 时候 说 过 我 想 抱怨 了 ? 你 不仅 双标 说 别人 吐苦水 还 说 比网 抑云 梗 过分 一百倍 的话 就 很 牛 了 ? 就 很 正派 了 ? 你 都 不 知道 为什么 有些 人 骂 一些 刷网 抑云 梗 的 人 他们 骂 的 就是 你 这种 人
3352147531,回复 : 就 因为 我 怼 回去 了 你 的 苦水 你 就 大 爆发 了 ? 你 就 在 那里 站 在 道德 制高点 骂 起 人 了 ? 你 确定 你 不是 在 无病呻吟 ? 这 还 不是 网抑 云 ? 是 你 不肯 承认 罢了 还 在 那 被 自己 是 对 的 的 偏见 蒙蔽 双眼 呢 你 可是 真的 找 喷
3352156555,回复 : 再者 我 的话 和 你 的 正好 相反 我 是 想 让 你 知道 所谓 的 梦想 根本 不 重要 你 根本 不必要 为此 悲伤 你 的 意思 ? ? ? ? ? ?
3352173919,回复 : 所以 你 说 的 和 我 这 评论 没什么 区别 吧 我 可能 误会 你 了 但 总而言之 你 的 意思 和 我 的 意思 一样 就 不用 再说 那么 多 了
3352185396,回复 : 谁 跟 你 吐苦水 了 什么 一辈子 当猪 我 只是 回怼 你 这个 评论 的 语句
3352188525,回复 : 你 是不是 理解 错 了 谁 给 你 吐苦水 了 还有 你 说 这个 话 什么 意思 什么 一辈子 当猪 他们 骂 我 哪个 骂 我 我 看 就 你 骂 我 了 所以 我 回 怼 了 你 然后 你 理解 错 了 我 的 意思 我 理解 错 了 你 的 意思 行 了 整叉 了
3352197782,回复 : 好 了 好 了 不用说 了 真 希望 网络 是 个 法内 之 地 可以 有 发言 的 权利 却 不用 承担 发言 的 责任 唉 你 也 算 好人 的 了 有 的 人 不明 所以 的 骂 了 你 一遍 然后 立刻 把 你 拉 黑 那才 叫 无奈 甚至 连 解释 的 机会 都 没有 总之 我 也 不想 再 解释 什么 就 这样 吧
3352211428,回复 : 就 这样 吧 咱俩 都 理解 错 了 你 还行 没有 拉 黑 我 让 我 有 解释 的 机会 不像 那些 人
3385739017,回复 : 以前 更 不是 现在 你 不管 是 农村 或者 城市 你 都 是 有 机会 的
3392762154,咱们 的 梦想 在 哪 呢 连 坟墓 都 没有
3392777930,回复 : 想 一个 艺名 吧 先生 我 想 在 便签 中 留住 着 句 话
3394387591,回复 : 现在 流量 贵 的 时代 了
3429552315,失败者 难道 loser ! ! !
3429639878,回复 : 没看 我 打 的 双引号
3567312681,回复 : 秒杀 现实 百万 人 哦 狗头
3727087588,回复 : 没有 谁 能 击垮 你 除非 你 自甘堕落
3750757050,回复 : 不 很多 人 都 能 击垮 我
3879638306,回复 : 现实 的 人活 得 都 很 痛苦
3879647427,回复 : 是 痛苦 的 人 都 活 的 很 现实
4138329255,回复 : 正 解
4178154957,心中 有座 坟 埋葬 未亡人 泪有 一座 城 守候 未忘人亡 人 未 忘 忘 人 未亡
4260856604,回复 : 如果 努力 的 尽头 就是 奇迹 的话 那该 有 多 好 啊
4783355613,我 觉得 章鱼 哥 某种程度 上 是 个 理想主义者 他 永远 都 在 坚持 吹 他 的 小 笛子 但 某种程度 上 他 又 很 现实 不管怎样 他 都 没有 放弃 过 自己 的 梦想 不是 吗
4862523302,回复 : 比基尼 海滩 谁 没有 别墅
5027046763,回复 : 哭 了
5081862586,回复 : 但 可怜 的 是不是 奇迹 而是 深渊 或者 地狱
5081863150,回复 : 但 也 有 可能 是 奇迹
5081885209,回复 : 那 你 分辨 的 出来 或者 分明 的 出来 吗 如果 对方 是 个 诱饵 呢 然后 你 认为 这 是 个 机会 然后 你 抓 了 上去 我们 分别 不 出来 的
5081887596,我 也 不 奢求 点 啥 平平淡淡 过 一生 奢求 个 屁 呀 一间 房子 一个 平稳 的 工作 这 已经 算是 很多 人 追求 的 状态 了 家里 也 不 富有 不算 家徒四壁 也 不算 奢华 已经 很 不错 了 不是 吗
5173221337,回复 : 克 苏鲁 全身 都 是 翅膀
5173303261,回复 : 没 办法 现在 社会 卷 成 这个 样子 是 我们 这些 人 缓和 不了 的 既然 没 办法 改变 它 就 努力 适应 它 至少 比 日复一日 地 发泄 强 点
5224233590,回复 : 说 的 对 他 是 丧比别 安慰 了
5546017222,章鱼 哥 还有 朝九晚 6 的 工作 还有 休息
5636857922,它 有 独栋 别墅 有 稳定 的 工作 有 自己 的 爱好 还有 欢乐 爱 他 的 邻居 章鱼 哥是 一条 被 幸福 包围 的 章鱼
5644145184,说 的 都 不想 活 了
5755194952,回复 : 一款 垃圾 游戏
96291316096,回复 : 你 这种 魔 怔 人 看 谁 都 不 顺眼 这个 世界 没有 你 这种 人会 很 美好 也 不照 照镜子 看看 你 自己 是 个 什么 德行
96291332560,回复 : 也 不照 照镜子 看看 自己 是 什么 德行 就 搁 这 跟风 带 节奏 显得 你 很 高贵 是 吗
96291544448,回复 : 你 最高 贵 你 是 天下第一 神仙
100938401536,回复 : 是 帅 章鱼 吧
101949637552,章鱼 哥 失败者 的 视频 是不是 被删 了
102571296064,回复 : 章鱼 威廉 是 首富 而且 现实生活 中 你 连 首付 首付 不起
103046951808,章鱼 哥 一个 人住 而且 有 自己 的 大房子 有 花园 还会 乐器 还会 画画 还会 捏 泥人 还会 雕塑 只要 和 艺术 沾边 的 他 都 会 他 周围 有 朋友 虽然 烦 虽然 笨 但是 他们 是 真心 的 不会 害 你 偶尔 还会 带来 一些 惊喜 他 一点 都 不 惨惨 的 是 你
107275810832,开场 有 什么 比 把 快乐 带给 别人 更 快乐 的 呢 去 死 或者 别的 什么 我 不 知道 你 对 这个 有 这么 强烈 的 感觉 你 要 干什么 我 想 我 无法 阻止 你 但是 章鱼 哥 外面 是 一个 冷酷 的 世界 没有 人用 银 托盘 把 欢乐 带给 你 我 自己 知道 我 非常 可笑 灰灰 丑丑 腿 有 四条 小蜗 有 爱 它 的 海绵 宝宝 派大星 傻 呆呆 的 吹泡泡 蟹 老板 高兴 的 吃 蟹黄 堡 章鱼 哥 在 独奏 E 小调 为什么 我 一 高兴 就 有 错 我 不 知道 你们 在 笑 什么 为什么 大家 都 爱 海绵 宝宝 为什么 章鱼 哥不爱 笑 为什么 我 今天 真糟糕 未来 我 还 没有 准备 好 海绵 宝宝 你 不 知道 你 有 多 幸运 你 有 小 蜗 和 爱 你 的 家人 我 也 想 做 我 爱 的 事 却 总是 这么 倒霉 除 我 以外 这 世界 上 还有 谁 大人 的 世界 比 我 想象 的 难 我 认为 我 是 主角 却 相反 我 的 工作 一 年复一年 一天 复 一天 再见 比基尼 海滩 海绵 宝宝 你 不 知道 你 有 多 幸运 你 有 小 蜗 和 爱 你 的 家人 我 也 想 做 我 爱 的 事 却 总是 这么 倒霉 除 我 以外 这 世界 上 还有 谁 我 想 回到 那个 时代 自己 傻傻 有些 呆 自己 傻傻 有些 呆 但 有家 人们 的 爱 但是 我 我 知道 我 的 笑脸 我 的 爱 我 的 一切 逝去 不再 来 世界 把 我 改变 我 笑 逝去 不见 我 想 逃离 却 逃 到 了 清洁 间 这样 的 日子 又 在 我 眼前 谁 能 知道 我该 怎么办 再见 海绵 宝宝 再见 派大星 我 也 想 做 我 自己 爱 做 的 事情 做 我 爱 的 工作 爱 我 爱 的 人 等一等 我 自己 的 灵魂 有 一句 话 从 今天 早上 我们 一 见面 我 就 一直 想 对 你 说 再见 再见 朋友 再见 比基尼 海滩 我 想 回到 那个 时代 自己 傻傻 有些 呆 自己 傻傻 有些 呆 但 有家 人们 的 爱 但是 我 我 知道 我 的 笑脸 我 的 爱 我 的 一切 逝去 不再 来 世界 把 我 改变 我 笑 逝去 不见 我 想 逃离 却 逃 到 了 清洁 间 这样 的 日子 又 在 我 眼前 谁 能 知道 我该 怎么办 竖笛 独奏 蓄力 中 蓄力 完成 但是 海绵 宝宝 但是 派大星 我 确实 没有 你们 幸运 的 人生 我 辛辛苦苦 工作 三年 但是 我 难得 休假 一天 我 希望 我 自己 傻 呆呆 不 把 世界 看 的 非常 明白 希望 有人 明白 我 的 爱 但是 谁 会 明白 我 的 爱 章鱼 哥 走 在 吹 竖笛 一天 一天 的 为 独奏 练习 明天 比基尼 海滩 都 会 崇拜 我 但是 比基尼 海滩 都 在 嘲笑 我 我 想要 好好 安静 一下 你 今天 累坏 了 小章鱼 明天 一定 会 更 美好 更 美丽 的 结尾 竖笛 独奏
107352470496,可能 你 努力 半辈子 连 人家 的 一个 起点 都 没有
109273904368,章鱼 哥有 自己 的 房子 一份 稳定 的 工作 也 有 自己 的 兴趣爱好 甚至 还有 时间 躺 在 沙滩 上 晒太阳
119107128928,回复 : 比奇 堡 鱼 均 这样 章鱼 哥 不算 富裕 和 帅 章鱼 没法 比
120616027744,回复 : 有 的 人 努力 了 一生 也 没见 过 多 好
122621429360,回复 : 我 不 知道 你 几岁 但 我 觉得 你 一定 很 喜欢 喝 鸡汤 存在 而已 能 有 啥 真理 然后 就是 年龄 跟 你 领悟 的 程度 有 什么 关系 吗
122621944208,回复 : 活着 就是 活着 我 知道 一个 人 的 想法 是 很 难 被 改变 的 但 我 还是 忍不住 要 跟 你 说
122622440192,回复 : 如果 对方 是 打算 把 你 抓 去 缅北 的 嘎 腰子 呢
125698737760,应该 不算 是 被 现实 击垮 了 吧 章鱼 哥 现在 其实 还是 很 乐观 的
125907705744,唉 我 连 住 的 房子 都 买不起
132727986112,回复 : 你 认为 成功 的 人 付出 的 一定 很多 吗
133710650288,海绵 宝宝 和 章鱼 哥搁 这 辩论 呢
133824847808,回复 : 作者 觉得 普通人 都 有
134952153776,我 我 我 我 我 真的 绷 不住 了
137099228640,回复 : 梦想 这种 东西 很多 人 可以 看到 眼前利益 的 时候 会 放弃 那种 利益 去 追逐 自己 遥远 的 梦想 吗 因为 在 社会 上 你 的 梦想 有 一种 而 你 看到 的 利益 有 很多 你 坚持 不住 但 你 也 不 一定 成功 你 看到 的 只不过 是 那些 成功 人 而 你 并 没有 看到 那些 更 多 的 失败者
143860694416,开场 有 什么 比 把 快乐 带给 别人 更 快乐 的 呢 去 死 或者 别的 什么 我 不 知道 你 对 这个 有 这么 强烈 的 感觉 你 要 干什么 我 想 我 无法 阻止 你 但是 章鱼 哥 外面 是 一个 冷酷 的 世界 没有 人用 银 托盘 把 欢乐 带给 你 我 自己 知道 我 非常 可笑 灰灰 丑丑 腿 有 四条 小蜗 有 爱 它 的 海绵 宝宝 派大星 傻 呆呆 的 吹泡泡 蟹 老板 高兴 的 吃 蟹黄 堡 章鱼 哥 在 独奏 E 小调 为什么 我 一 高兴 就 有 错 我 不 知道 你们 在 笑 什么 为什么 大家 都 爱 海绵 宝宝 为什么 章鱼 哥不爱 笑 为什么 我 今天 真糟糕 未来 我 还 没有 准备 好 海绵 宝宝 你 不 知道 你 有 多 幸运 你 有 小 蜗 和 爱 你 的 家人 我 也 想 做 我 爱 的 事 却 总是 这么 倒霉 除 我 以外 这 世界 上 还有 谁 大人 的 世界 比 我 想象 的 难 我 认为 我 是 主角 却 相反 我 的 工作 一 年复一年 一天 复 一天 再见 比基尼 海滩 海绵 宝宝 你 不 知道 你 有 多 幸运 你 有 小 蜗 和 爱 你 的 家人 我 也 想 做 我 爱 的 事 却 总是 这么 倒霉 除 我 以外 这 世界 上 还有 谁 我 想 回到 那个 时代 自己 傻傻 有些 呆 自己 傻傻 有些 呆 但 有家 人们 的 爱 但是 我 我 知道 我 的 笑脸 我 的 爱 我 的 一切 逝去 不再 来 世界 把 我 改变 我 笑 逝去 不见 我 想 逃离 却 逃 到 了 清洁 间 这样 的 日子 又 在 我 眼前 谁 能 知道 我该 怎么办 再见 海绵 宝宝 再见 派大星 我 也 想 做 我 自己 爱 做 的 事情 做 我 爱 的 工作 爱 我 爱 的 人 等一等 我 自己 的 灵魂 有 一句 话 从 今天 早上 我们 一 见面 我 就 一直 想 对 你 说 再见 再见 朋友 再见 比基尼 海滩 我 想 回到 那个 时代 自己 傻傻 有些 呆 自己 傻傻 有些 呆 但 有家 人们 的 爱 但是 我 我 知道 我 的 笑脸 我 的 爱 我 的 一切 逝去 不再 来 世界 把 我 改变 我 笑 逝去 不见 我 想 逃离 却 逃 到 了 清洁 间 这样 的 日子 又 在 我 眼前 谁 能 知道 我该 怎么办 竖笛 独奏 蓄力 中 蓄力 完成 但是 海绵 宝宝 但是 派大星 我 确实 没有 你们 幸运 的 人生 我 辛辛苦苦 工作 三年 但是 我 难得 休假 一天 我 希望 我 自己 傻 呆呆 不 把 世界 看 的 非常 明白 希望 有人 明白 我 的 爱 但是 谁 会 明白 我 的 爱 章鱼 哥 走 在 吹 竖笛 一天 一天 的 为 独奏 练习 明天 比基尼 海滩 都 会 崇拜 我 但是 比基尼 海滩 都 在 嘲笑 我 我 想要 好好 安静 一下 你 今天 累坏 了 小章鱼 明天 一定 会 更 美好 更 美丽 的 结尾 竖笛 独奏
149165420224,可悲 的 理想主义者 我 也 是 但是 我 觉得 不 可悲
154310140240,回复 : 我 想 用 我 出租屋 的 拖鞋 给 你 一脚
157889338496,回复 : 而 我们 大多数 人连 别墅 都 没有
163437264528,章鱼 哥 至少 还有 两个 邻居 真心实意 的 关心 他 虽然 总 把 他 生活 搞 得 一团糟 但是 有 麻烦 也 是 无条件 帮忙 生活 当中 能 有 几个 人 真心实意 的 无条件 帮助 你 除了 爸妈 之外 真的 是 算是 比较 幸运 了
163498039664,十万 豪华 坟墓 欢迎 你 的 选购 推荐 您 选择 子孙 贷 呢 亲 3
179445849232,可 我 连 房子 也 买不起
179445864304,有些 时候 我 觉得 发财 比 一切 都 重要
192194726288,青年人 成才 的 关键 是 自身 能力 还是 外部 机遇
208339865616,章鱼 哥 我 想 说 的 是 如果 有 一天 我 真的 实现 了 我 生命 中 的 梦想 我 永远 不会 让 我 的 双脚 站 在 这 油污 的 地板 上
218564223184,回复 : 章鱼 哥 房子 有 3 层有 一个 视频 是 做 了 解析 还有 电梯 参照 章鱼 哥 的 灵魂 那 一集 还有 前院 和 后院
227495685728,回复 : 确实 你 不 玩 也 得 玩
245038081280,回复 : 那 是 一只 章鱼 最 基本 的 房子
272204382033,我 仍然 抱 着 它 哪怕 一如 浮萍
278822731680,他 甚至 有 精力 培养 自己 的 爱好 把 自己 的 房子 装 成 自己 喜欢 的 样子 有 满墙 的 自画像 和 专门 的 练习 室 看得出来 他 其实 是 热爱生活 热爱 自己 的 生命 的
3170329450,首页 通知书
3170292588,宝 最好 了
3170287023,三连 了 火钳 刘明
3170277035,三连 交易 成功
3170271429,火钳 留名
3170263390,小时候 都 觉得 自己 是 海绵 宝宝 长大 后 才 知道 自己 是 章鱼 哥
3170255989,最起码 你 有 个 大房子
3170241657,我 叫子 木 你 的 名字 也 有子 木 这算 一种 缘分 吧 关注 了
3176445566,回复 : 姓李
3177753524,回复 : 你 是 王子 木 吗
3178277784,回复 : 想见 你
3180662060,回复 : 我 tm
3180665321,回复 :
3180884208,回复 :
3287423422,王子 木
3300836890,回复 : 我 反手 就是 一个
133873761968,叶 吗
3170231407,非常 好 插个 眼火 了 踹 我 一脚
3170226640,一键三连
3170230633,妈妈 那 只 章鱼 哭 的 好惨
3170212526,火 了 再 叫 我 吧 没 弹幕 没意思
3170202876,首页 通知书
3170196541,想三连 就是 没有 币 了
3170172639,吐槽 一下 音频
3170165930,首页 通知书
3170170410,3 连 了
3170149897,加油 up 主 坚持下去
3170136873,前排 留名
3170121502,首页 报道
3170117778,收藏 了
3170109506,那 是 什么 动物 那 是 废物 那 不是 正常人
3170099777,这 也 就 有 一种 所有人 是 外地人 你 自己 一个 是 本地人 的 待遇
3170095856,三连 了
3170085101,好棒
3170073864,这里 是 抑 li 抑 li
3170081358,up 参加 了 新星 计划 所以 你 的 三 连 对 我 很 重要
3170072642,我 也 亲手 埋葬 了 我 的 梦想
3170065732,这个 必定 要 火别 问 为什么 问 就是 我 的 直觉
3170049493,推荐
3170042310,前排 三连
3170050036,章鱼 哥 亦 是 你 亦 是 我
3170016307,加油
3170020108,又 一个 令人 伤心 的 视频 诞生 了
3170008919,这个 评论 区堪 比网 抑云
3170004445,这个 作品 从 年初 做到 现在 可以 说 是 我 做 的 时间 最长 的 一个 作品 了 中间 断断续续 因为 我 的 能力 有限 多次 打算 放弃 这个 视频 的 制作 但是 我 最后 还是 磨 了 出来 从 歌词 到 混音 我 推翻 重做 了 十几次 因为 章鱼 哥 的 台词 不 多 而且 很多 台词 因为 语气 声调 的 不同 而 不能 使用 歌词 便 写 了 又 改改 了 又 写 自己 也 想 过 自己 做 这个 视频 花 了 这么 长时间 播放 量 如果 还是 非常 惨淡 那该 怎么办 可是 我 还是 选择 做 这个 视频 因为 这个 视频 对 我 来说 有着 不同 的 意义 里面 的 歌词 或多或少 都 有着 自己 的 想法
3170126297,老 搬运工 了
3170815620,不会 真的 有人 真的 复制 评论 吧 不会吧不会吧
3170809090,吹 竖笛 那段 可以 换成 别的 曲子 不 一定 和 原曲 一样
3170930888,回复 : 老 阴阳怪气 了
3171956760,这 就是 作者 小号 的 神奇 力量 吗 ?
3172184411,复制 简介 给 爬
3175869262,复制 简介
173179645744,23 年 考古 现在 的 我们 都 管 这种 人 叫 讲 介使
267504516865,挖 和 生活 去 对线 了 吗
3170007227,那 一年 我 9 岁 她 11 岁 我 告诉 她 将来 要 娶 她 她 也 很 调皮 的 回答 我 好 啊 那 一年 我 12 岁 她 14 岁 她 高 我 一头 我 抬 着 头 说 我 喜欢 她 她 怔怔 听 着 没 说话 便 转过 头去 不再 望 我 那 一年 我 18 岁 她 20 岁 我 已经 在外 工作 一年 了 她 还 上 着重点 大学 我 再也 说不出口 我 喜欢 她 因为 我 觉得 自己 根本 配 不上 她 我 把 想 对 她 说 的话 留给 了 自己 等 我 配上 她 的 时候 再 全部 告诉 她 后来 四年 里 我 再 没有 机会 见 过 她 听说 她 已经 工作 了 我 更 关心 的 是 她 是否 已为 人妻 已 为 人母 我 的 事业 渐渐 走向 正轨 再也 不为 钱 所 窘迫 当 我 再次 见到 她 时 是 在 东莞 是 在 昏黄 的 房间 只有 我们 两个 人 沉默 了 良久 她 开口 了 八百 看 你 是 熟人 就 收 你 五百 我 尽量 让 自己 不再 颤抖 我 说 跟我走 吧 她 目光 呆滞 了 一下 随即 闪烁 了 一下 然后 又 像 一团 火 熄灭 了 一样 说 我 配不上 你 我 只是 一位 小姐 我 还有 客人 没什么 事 我 先 走 了 她 就 匆忙 的 离去 了 后来 我 在 电视 上 看到 了 她 她 被 两名 民警 押 着 一脸 惊恐 与 不堪 电视 甚至 没有 给 她 遮住 脸 任由 她 在 我 面前 晃 着 任由 她 在我心中 撞 着 撞 着 直至 粉碎 最后 一次 见 她 是 她 找 我 去 的 当时 她 在 楼顶 我 在 楼下 抬头 望 她 我 大声 喊 : 不要 跳 啊 许久 她 转头 走 了 没 留下 一句 话 再有 她 的 消息 是 一年 后 是 她 妈妈 给 我 打 的 电话 说 她 病 了 没法 治疗 说 想 最后 见 我 一面 我 有点 接受 不了 反正 觉得 很 压抑 到 了 医院 在 她 的 病床 前 看着 她 苍白 的 脸 比 以前 消瘦 了 许多 我 对 她 笑了笑 那 笑容 有 多丑 我 不 知道 她 也 对 我 笑 像 十一岁 那年 笑 的 那么 天真 她 抬起 了 手 我 赶紧 过去 握住 她 的 手 泪水 终 忍不住 往下掉 她 用 低沉 的 浯 气 说 : 我 .... 我 ...... 我 想要 个赞
3169991672,火钳 刘明
3169983022,章鱼 哥 一个 很 现实 但 却 充满 梦想 的 人
3169966896,来 了 来 了
3169957365,现实 中 又 有 多少 人 不是 章鱼 哥 呢
3172372257,你 我 都 是
3173891675,余歌 多 好听 的 名字 可惜 你 姓张
3188961742,回复 : 扎心 了
3191549867,是 人生 艺术家 啊
3284269295,我 也 是 章鱼 哥
3312809674,余歌 多 好听 的 名字 可惜 你 姓张
5357711376,回复 : 好 名字 回去 改 id
5609878151,无法 言语 不 知道 有 多少 人连 章鱼 哥 都 不如
108802220016,原来 我 是 章鱼 哥 最 不让 人 喜欢 的 人
153558748320,章鱼 哥有 房子
209880837904,反正 我 不是 因为 我 还 不如 他
232080536016,突然 发现 好多 人 喜欢 陶渊明 的 高风亮节 但 又 有 几人会 做到 不 为 五斗 米 而 向 乡里 小儿 折腰
267397737105,那头 章鱼 它 至少 有 工作 它 还有 个 2 楼 小洋房
3169933307,看 了 简介 up 真的 辛苦 了 现实 再 怎么 对 你 不公 你 也 要 勇敢 面对 呀 做 自己 想 做 的 事 就 跟 章鱼 哥 一样 加油 加油 ( _ )
3169935542,三连 了 翻 我 手动 doge
3169926801,先三连 了 火 了 记得 踢 我 一脚
3169930445,章鱼 哥有 自己 稳定 的 工作 还有 一套 完全 属于 自己 的 房子
3169911249,克罗地亚 狂想曲 吗
3170083788,flower dance
3171412447,花舞
4155113397,花之舞 克罗地亚 狂想曲 是 更加 激进 的 而 这个 很 悲伤
110389234736,回复 : 可以 问 一下 吗 有人 知道 竖笛 曲子 是 什么 吗
110463145536,回复 : 花之舞
3169881915,这曲 听 完 今晚 的 情绪 就 到 这里 吧 晚安 咯
3169858253,辛苦 的 一天 结束 还是 像 章鱼 哥 一样 诉苦 还是 循环 的 一天
3169838750,一个 成功 又 欢乐 的 人 永远 无法 明白 一个 失败者 独自一人 品尝 百般无奈 后 的 痛处 同样 一个 失败者 也 永远 无法 理解 成功 后 辉煌 的 那一刻 毕竟 有失 有 得 才 是 这个 世界 的 守恒 永恒不变
3171091360,现在 对于 成功者 来说 你 失败 就是 因为 你 不 努力 你 不 996 你 不 一天 工作 24 小时 给 他 榨取 剩余价值
3171552132,有 多少 人 和 我 一样 呢 明明 二十几岁 就 死 了 却 要 在 七八十岁 时 才能 下葬
3171602400,回复 : 那 你 要是 现在 就 下葬 也 挺 就 也 挺 恐怖 的
3171686390,我 可能 这辈子 唯一 的 执念 就是 怎么 走 的 有 仪式 感
3171905635,回复 : 毕竟 是 人
3171983475,回复 : 啊 这 只要 梦想 定 的 低 就 一定 能 实现 的 加油
3172253052,回复 : 和 我 一样
3172640483,可 我 不想 当炮灰 啊 如何 接受 自己 的 失败 呢
3172781892,太 绝对 了 人 不 可能 总是 成功 也 不 可能 总是 失败
3172977385,回复 : 赛博 朋克
3173119212,回复 : 真实 我 都 想要 是 能 被 五雷轰顶 就 好 了 已经 不 明白 活着 本身 的 意义 了
3173164362,回复 : 成功 是 自己 定义 的
3173316261,回复 : 你 还 年轻 这句 话 你 評
3173338092,笑 而 不语
3173384657,回复 : 等 着 结婚 的 时候 回光返照 两天
3173724496,回复 : 不知 活着 的 意义 厌倦 了 生活 为什么 还要 在 几十年 后 才能 结束
3174128761,回复 : 老网 抑云 了
3175299945,回复 : 败者 食尘 现实 就是 残酷 的 你 失败 没 人 在乎 你 说 什么 想 反驳 他们 只有 成功 了 再说
3175614336,回复 : 你 一个月 赚 两万 是因为 你 一个月 能 创造 比 两万 更 多 的 价值 一个月 赚 三万 是因为 你 能 创造 比 三万 更 多 的 价值 这 就是 资本家
3175701273,回复 : 资本 本 就是 这样 你 能 拿 两万 估计 创造 了 二十万 的 价值 然后 996 给 你 三万 应该 是 创造 了 四十万 ( ) 而且 你 说 的 可不是 成功者 和 失败者 之间 的 矛盾 而是 资产阶级 和 无产阶级 之间 的 矛盾 很多 时候 世俗 中 的 成功者 也 不过 是 无产阶级
3175948027,up 棒
3176802004,成王败寇 没 那么 多 道理 没 那么 多 守恒
3177305725,失败 乃 成功 之母
3177646019,回复 : 好意思 我们 是 9930
3177911059,回复 : 这个 世界 未知 的 阴暗面 太多 了 即便 你 努力 了 还是 没用 打个比方 你 做 的 作品 成果 却 到 了 别人 手里 你 心里 难受 吗 我 不是 说 你 的话 不 对 只是 这个 世界 有太多 不 公平 因素 了 关系 运气 同是天涯沦落人
3178057035,回复 : 维系 这 纸片 一样 的 友情
3179237854,回复 : 别 死心 而已 无法 向 上爬 又 不 代表 失败 失败 是 自己 给 自己 的 自己 定义 的
3179324278,世界 总在 变化
3179335804,回复 : 剩下 的 想不到 了
3179454727,回复 : 人 20 岁 走 的 80 岁 才 埋 的
3179641570,我们 这代 开始 慢慢 步入 社会 了 但是 貌似 正赶上 分配 不 均匀 的 年代 大家 都 憋着 一股 牢骚 啊
3179959254,成功者 不是 永远 都 成功 的 失败者 不是 永远 都 失败 的 这 也 是 世界 的 能量 守恒定律
3179964926,回复 : 少 看些 伤痛 文学 少 刷写 网易 云 积极 面对 生活 不好 吗
3180126135,回复 : 快 进到 重开 别 在 这 BB
3180126287,回复 : 快 进到 重开 别 在 这 BB
3180119231,回复 : 快 进到 重开 别 在 这 BB
3180225247,回复 : 记忆 算场 轮回 吧 重启 又 消亡
3180434137,请问 哪里 能 买 到 你 的 著作
3182142911,回复 : 人 都 是从 一 出生 就 开始 慢慢 死去
3182472581,回复 : 往后 五六十年 不 就是 赚钱 买个 墓地 么
3182498511,回复 : 等待 值得 的 人 吧 什么样 的 年龄 会 有 什么 等待 着 的 老 去 能 子孙满堂 也 是 不错 的 吧
3183528870,回复 : 和 你 不 一样 啊 二十几岁 根本 没活 过 从 出生 就 注定 是 行尸走肉 的 一生
3192010834,回复 : 虽然 有些 怪 但 确实 在理
3192449303,回复 : 以前 小时候 想当 科学家 再 长大 些 大人 逗 我们 问想 上 清华 还是 北大 再 后来 我 只 想 能 考到 大学 就 不错 了 然后 连 普通 大学 也 没 考到 就 把 目标 定成 了 找到 一份 包吃包住 月薪 三千 工资 可以 摸鱼 的 事 但 即使如此 还是 没 完成 但 我 已经 习惯 了 失败 并 不会 感到 沮丧 毕竟 还 曾 以为 要 去 深山老林 里 去 开荒 种田 但 好 在 还 没 混到 那个 地步 知足常乐
3196199821,回复 : 秀儿 是 你 吗
3199203924,那 什么 求个 BGM
3200770867,回复 : BV1NZ4y1j7nw
3202695741,回复 : 评价 你 的 却是 他人
3204438766,回复 : 你 努力 还是 没有 用 这个 说 的 太 绝对 了 我 不 知道 为什么 我 身边 儿 的 人 尤其 是 我 的 叔叔 他们 都 走上 了 人生 巅峰 03 年考 的 研在 上海交大 之后 又 在 那里 读 了 硕士 然后 就 在 上海 找 工作 在 上海 中心 买 了 房 你 确定 这 叫 努力 没有 用 吗
3207439158,回复 : 我 大学 交 作业 的 作品 被 别人 偷 了 改 了 一下 变相 的 交 了 作业 我 就 晚 几分钟 交 结果 被 人 说 是 抄袭 的 这 明明 是 我 原创 的 是 我 想 了 三天 想 出来 的 却 被 人 说 成 抄袭 凭 什么
3214102670,抑哩 抑哩
3215811315,回复 : 这 大概 不是 对 年轻人 或者 拥有 志向 的 中年人 说 的 一个 人有 成功 也 有 失败 是 一个 广为 传播 的 哲理 句 所以 这句 话 的 主要 意思 是 回顾 你 这 一生 你 觉得 大概 是 什么样 的 是 成功 还是 失败 这个 社会 现在 两极分化 稍 严重 大概 你 也 能 体会 吧 一般来说 就是 可以 用 失败 或者 成功 这 两个 字来 形容 的
3223834052,回复 : 老网 抑云 了
3225130446,回复 : 虽然 平时 都 说 问心无愧 就 好 但是 真是 这样的话 真的 得杠 到底 没 必要 受 这 委屈
3232747646,回复 : 活埋 有 不 一样 的 意义
3233101575,只有 一直 成功 和 次次 失败 的 人才 无法 相互理解 很 抱歉 我们 都 夹 在 中间 都 能 理解
3247046160,回复 : 老网 抑云 了
3247348399,回复 : 我 想到 的 解决办法 是 想 办法 降低 自己 的 快乐 阀值
3248441222,回复 : 网易 云 经典 名句
3248640046,我 从来 都 知道 守恒 只是 不 知道 他 是不是 真的 对 每 一个 人 的 一生 都 是 守恒 也许 不是 只是 世界 守恒 而 不是 个人 守恒
3252751959,回复 : 在 关 了 网 抑云
3252944680,成功 的 人 不 也 有 在 品尝 痛处 才 成功 的 嘛
3252960960,回复 : 那么 多 鸡汤 第一次 有 异议 我 也 这么 感觉 的
3253046055,可以 不 一样 的 可以 大家 都 快乐 的 同志 们 知道 吗
3260629461,回复 : 活埋 了
3260642768,回复 : 只要 我 躺 在 地上 就 没有 人能 踩 到 我 虽然 这句 话 听 起来 有点 丧 的 味道 但是 如果 心底 里 将 标准 放 的 很 低 承认 了 自己 的 普通 甚至 不如 人 其实 也 没什么 问题 _
3263398005,适者生存 丧 下去 永远 都 只能 看着 了 别搞 什么 生而为 人 我 很 抱歉
3268476700,回复 : 有时候 一次 成功 就是 一辈子 的 成功 一次 失败 就是 一辈子 的 失败
3272284223,对于 大多数 人 来说 欢乐 少于 痛苦 都 说 高尚 的 人 可以 在 艰苦 中 获取 快乐 这 只是 一种 看待 方式 大多数 人 的 看待 方式 才 是 人类 的 根本 就 像 动物 的 体长 要 打 平均 而 不是 最 优秀 成功 很累 但 享受 成功 更累
3272551082,回复 : 一样 都 不 知道 活着 是 为了 什么
3276188988,虽然 人 不 可能 一生 都 在 努力 一直 做 一个 努力 的 人 也 很 困难 但 不妨 尝试 做 一个 爱 思考 的 人 不过 你 会 对 孤独 会 更加 敏感
3283982334,二八 定律 嘛 就 像 动画 作品 里 总要 有 大量 的 炮灰 来 衬托 主角 现实 也 一样 的 虽然 我 也 并 不想 当炮灰
3286683235,回复 : 啊 今天 才 知道 这句 话 的 意思
3288477799,没有 一个 人 一辈子 一帆风顺 也 少 有人 一辈子 从未 成功 过 你 这么 说 就 直接 把 人 划分 为 完全 成功 和 完全 失败 这 不 符合实际
3292166645,回复 : 有 的 人 18 岁 就 入土 了 80 岁 才 埋
3354487551,回复 : 别 这么 乐观 说不定 还活 不到 那 时候 呢
3359157908,回复 : 老网 抑云 了
3361200154,回复 : 老网 抑云 了
3371271631,人生 不 只有 奔波 偶尔 驻足 看看 可好
3392338964,回复 : 不 总 成功 不会 有 但 总 失败 会 有 的 这 是 残酷 的
3394203826,回复 : 你 能 一辈子 不在意 任何 别人 的 眼光 吗
3394382341,没事 失败 是 成功 之母
3395096040,回复 : 再 过段时间 恐怕 田 都 没得种 了
3397375315,你 这句 话 说 的 好 可怕 感觉 有 违背 了 守恒 原理
3398339122,回复 : 其实 如果 不 结婚 天天 吃 泡面 穿 旧衣服 做个 肥宅 的话 把 房子 租出去 我 应该 不会 饿死 不用 去 种田 了 但 要是 被 我 爸 知道 我 想 不 结婚 在 家当 废物 肯定 要 被 我 爸 打死 生 过 一个
3516914271,回复 : 挺难 的
3524657314,回复 : 把 不求上进 找 了 这么 个 好 借口 牛逼奥
3582620106,回复 : 这句 话 本身 就是 绝对 的 啊
3734702311,回复 : 深有感触
3759419572,苦行僧 认为 世界 的 痛苦 是 有限 的
3770558087,未开 我 也 没 准备 好
3780395021,回复 : 死 的 是 梦想 和 曾经 的 自己 对 吧
3950682693,回复 : 20 几岁 下葬 70 ~ 80 才 死 也 挺 恐怖 的
3952412596,这 世界 有失 有 得 永远 守恒 但是 你 要 明白 这是 物质 的 守恒 客观 的 发展 规律 但是 人 是 主观 的 每个 人 的 评价 标准 不 一样 列如 一个 交易 能 使得 一定 钱换 到 一定 的 爱 但是 有 的 人 决定 值有 的 人 觉得 不值 所以 别 悲观 人 就是 在 各种 规律 下 探索 着 过 完 自己 的 一生
3987236490,回复 : 草 确实
4024152644,可 一万个 人里 不 一定 有个 成功 的 人 但是 一定 有 九千 九百九十九 个 失败 的 人
4139841943,回复 : 只要 不 影响 我 生活 我 想 我会 的 毕竟 我 也 做不了 什么 能 让 那些 会 惊奇 你 为什么 和 别人 不 一样 的 人 惊奇 的 事
4201556064,这 就是 我 为什么 逃避 的 原因 我 想 保留 最后 一点 的 纯真
4201576555,回复 : 当 你 努力 了 却 看到 了 天才 这种 让 你 绝望 的 东西 时请 回来 点赞
4418188282,只是 一个 很 让 人 向往 一个 很 让 人 害怕
4621629517,回复 : 我 17 岁 就 死 了 但 我 的 灵魂 永不 灭 在 那个 世界 童年 永恒
4789439613,只 剩下 造反
4789449931,世俗 总 要 男人 无惧 无畏
4807938345,回复 : 就 像 伟大 的 列宁
4875978068,回复 : 你 更 狠 了 哈哈
4923407643,回复 : 有些 人 20 死 了 但是 诶 25 复活 了
4946514452,回复 : 明明 才 二十几岁 眼里 却 没 了 光
5182856990,回复 : 其实 你 现在 想 下葬 也 不是 不行
5390669913,回复 : 一直 往前走 就 能 迎面 撞 上 生活 送来 的 糖
5605286739,回复 : 20 岁 就 倒下 70 岁 才 入土
5644134087,回复 : 我 和 你 一样
95724421824,回复 : 人 总是 会 死 的 不管 几岁 不管 下 不 下葬
98586113952,回复 : 我们 都 没 理解 错 是 你 理解 错 了 我 的 意思
98600640960,回复 : 只要 我 删掉 评论 我 就 不 尴尬
98633394304,回复 : 可能 是 你 网 不好 一不小心 发了 两条 一模一样 的 评论 那 第二条 就是 发 不 出去 的
98670939376,回复 : 好像 还 真是 评论 出来 了 谢谢
100248581680,回复 : 这 叫 中 二
102018008320,回复 : 感同身受
103648319616,回复 : 试试 自 sha 下 不了 手 就 接受 了
103652444832,回复 : 不用 下手 也 能 接受
109888475584,尝过 再 变好 呢
115947477488,人 与 人 的 悲欢 并 不 相通 我 只 觉得 他们 很 喧闹
116466544576,回复 : 我 就是 一个 总是 失败 的 人
127106099280,我 就是 章鱼 哥 这样 的 人 啊
129942010112,回复 : 我 十六岁 就 死 了 可能 活不了 太久 吧 行尸走肉 般的 生活 家庭 的 破碎 事业 的 失败 甚至 连能 住 的 房子 都 要 撵 我 走
132572211104,回复 : wc
140386509088,回复 : 十几岁 就 死 了 的 也 有
142061250080,回复 : 当 我 死 了 我 才 明白 活着 当 我 活着 我 却 已经 死 了 在 某个 特殊 的 时间 地点 事件 里 你 将 是 我
145428309600,每个 时代 都 有 享受 者 和 成为 燃料 的 人
169726210880,回复 : 我 还 在 上学 所以 我 的话 可能 没什么 价值 但 我 还是 想 说 一句 人生 苦短 不 拼 一下 不 疯 一次 可 就 没 机会 了
173053008736,成功者 失去 了 什么 呢 失去 的 烦恼
186751759440,世界 把 我 改变 我 笑 逝去 不见
243965907713,回复 : 我 从 上学 那刻 就 死 了 但 我 放不下 我 的 奶奶
255011470273,回 復 : 活过来 了 没有
255610862033,回复 : 不知 该 说 什么 了 唉
273711612497,别人 无法 理解 我 某个 考试 考了 几次 都 没考上 我 也 无法 理解 有人 考 某个 证 需要 考 几次 大家 的 悲欢 很 不 一样
3169822281,唉 让 我 想到 了 转学 不想 转 啊
3169814304,再见 再也 不见
3169789200,唉 心酸 长大 之后 才 明白 成年人 的 世界 是 多么 累 的 就 像 这个 杀手 不 太冷 里面 小萝莉 问 男主 的 那样 痛苦 一直 如此
3169748347,爷 关 更
3169712016,再来 亿遍
3169681012,剪得 很棒 哦 首页 通知书 查收 一下
3169665514,越 看 越 感觉 章鱼 哥是 一位 朴实 孤独 的 老实人
3178001849,现实 有 谁 不是 章鱼 哥 呢 为了 理想 去 努力 却 没有 成功 过
3182712948,是 这样 但是 回头 看 也 觉得 他 好 可怜 就 自己 一旦 想 做些 什么 海绵 宝宝 和 派 大星 就 会 来 参 一脚 有些 剧情 里 真的 是 把 自己 的 生活 突然 搅得 一塌糊涂 那种 虽然 是 比较 夸张 的 喜剧 手法 吧 但是 哎 挺 讽刺 的 有时候 过多 的 热心 帮助 有时候 也 不会 对 一些 普通人 起到 多大 的 帮助 反而 是 自作多情
188598729152,哆 啦 A 梦里 大熊 不 也 是 吗
192194632912,青年人 成才 的 关键 是 自身 能力 还是 外部 机遇
192534941440,回复 : 我 认为 两者 都 必须 具有 如果 你 是 只有 自身 能力 但 没有 机会 那 是 怀才不遇 空有 一身 的 本事 没有 能 用到 的 地方 虽然 说 现代 生活 机会 有 很多 但是 信息量 过少 也 可能 导致 你 不会 遇到 这些 机遇 如果 只是 外部 机遇 那么 说 难听 点 叫 占 着 茅坑 不 拉屎 好听 点 就是 机遇 就 在 你 面前 而 你 没有 能力 去 享受 他 所以 我 认为 二者 必须 具备 二者 都 是 关键 这 是 我 自己 认为 的 也许 在 你 眼中 这 是 是 片面 的 不 现实 的
3169487061,小时候 的 我们 都 是 海绵 宝宝 长大 后 的 社会 让 我们 变成 了 章鱼 哥
3170060003,挺 对 的
3169458933,第一次 当 预言家 预言 会火
3169360527,小火 一把 没 问题 啊
3168771524,好看 不火 3 连 了 加油
3168721017,也许 努力 不如 运气 但是 还是 要 努力
3168597148,祝 明天 更 美好
3170298215,捞 ~
3172969530,不 知道 是 谁 但是 捞 就 完事 了
3177020519,祝 各自 安好
3178399971,希望 明天 会 更好
3196029226,不忍 打破 1314 赞
3255732984,哭 了
3283573617,1999 个赞
3336252291,其实 这 表面 上 是 一句 暖心 的话 实际上 是 一句 悲剧 色彩 的话 因为 它 暗示 了 今天 过 的 不好 只是 在 给 自己 找个 安慰
3403528877,让 我们 期待 明天 会 更好
3593493463,那段 竖笛 音乐 叫 什么 名字
4138947848,回复 : 因为 每 一天 都 是 前一天 的 明天 所以 明天 永远 不会 到来 ( ` )
102775818560,哇 有 看法 老 在 今年 跨年 的 歌 吗 名字 就 叫 明天 是 美好 的 一天
107234236080,是 明天 还是 明天 的 明天
115620478288,"只要 你 坚信 自己 做 的 事 是 正确 的 , 坚持下去 , 你 的 未来 也 会 变得 更 美好"
122402339728,自我 欺骗 吧
133337917712,回复 : 我妈 说 这 是 他们 那个 年代 的 毒 鸡汤 哈哈哈
133502888240,那 哥哥 你 也 祝福 我 这个 职校 生 的 吗 说实话 我 有些 想 死 的 感觉
140890118192,呜呜 呜呜
144367363888,回复 : 要 相信 明天 会 更好 我 也 是 职高生 现在 二本 大一 新生 不要 放弃 自己
175758203968,明明 不 可能 吧
219530467712,接纳 当下
240523682336,加油
248995920528,面朝 大海 春暖花开
267216962576,无论如何 明天 又 是 新 的 一天
3168540927,三连 了 做 的 很 不错 哦
3168378492,up 加油 ( _ )
3168251782,葬 爱 有些 时候 是 被迫 的 想 做 自己 很难
3167814997,厉害 哦
3167758577,666666
3167708878,一个 冷漠 刻薄 不讨喜 又 倒霉 生活 不如意 却 心地善良 的 普通人 我 爱 他
3169689008,歪 比巴卜
3169925789,是 我 了 可 我 不配
3170051289,回复 : 啊 这
3170148464,回复 : 你 是 个 妖怪
3170213579,回复 : wqnmd
3170219086,回复 : 这 不是 那个 催 更 的 吗
3170254361,谁 也 不 知道 他们 在 看 什么 看 这 一张 桌子 只是 觉得 他们 很 优雅
3170536201,回复 : 啊 这
3170565993,回复 : 我可以 给你个 倒 过来 的 赞
3170561998,回复 : 你 你 真是 个 欠 赞 的 家伙
3170563639,回复 : 果然 不会 让 我 失望
3170609350,别爱 我 没 结果
3170827726,回复 : 可惜 我 已练成 直接 看 最后 一句 话 的 技能
3170855459,回复 : 在 B 站 看到 长评 就 很 习惯 的 跳 到 结尾
3170888073,回复 : 这
3170977434,回复 : 优
3171028477,回复 : 我 眼泪 都 准备 好 了 你 tm 又 给 我 挤 回去 了
3171061564,不 你 不会 爱 他
3171186774,回复 : 我可以 给 你 一个 倒 过来 的 赞
3171188942,回复 : 太秀 了
3171205571,回复 : 你 赞有 了
3171206208,回复 : 我 也 可以 给 你 一个
3171225562,回复 : 给 爬
3171358297,回复 : WDNMD
3171383476,回复 : woc . 我 就 感觉 不是 真的
3171384948,回复 : 你 把 结局 改成 圆满 的 就 好 了 让 他俩 在 一起
3171490585,回复 : 我 都 快 哭死了 你 .... 不 给
3171491873,回复 : 网抑 云 经典 故事
3171501300,回复 : 这个 转折 牛 逼
3171509555,当年 我 幼稚 只 喜欢 滑稽 好玩 的 海绵 宝宝 和 派 大星 但 时至今日 回首 再 看 他 才 是 这部 动画 最 弥足珍贵 的 灵魂 角色
3171580875,回复 : 其实 我 想 知道 为什么 ? 重点 大学毕业 的 会 在 东莞
3171587248,回复 : 每次 看见 你 把 你 的话 拉 到 最后 面 然后 给 你 几个 赞
3171623663,回复 : 过来 我 给 你 加个 buff
3171627462,回复 : 但凡 看见 那 一年 我 X 岁 的 一律 按 汤 师爷 处理 不用 往 下 讲讲 了 也 是 假 的
3171666426,回复 : 他发 啥 了 我 咋 看不见
3171848902,回复 : 没看 懂
3171874939,回复 : 我 也 看不见
3172109162,阿克苏 的 ?
3172158056,回复 : ? 他 说 啥 了
3172158315,回复 : ? 他 说 啥 了 啊
3172251142,回复 : 接下来 的 剧情 应该 就是 恐怖 故事 了
3172394003,谢谢 温柔 善良 的 你 但 自卑感 让 我 觉得 自己 不配
3172561076,啊 这 b 站 人 不是 天天 吐槽 网 抑云 音乐 吗 为什么 你 还有 这么 多赞
3172562596,我 也 爱 你
3172654221,回复 : 但是 我 想 给你个 币 没法 投 你 就是 那个 最能 编 故事 的 是不是 故事 小王
3172703234,Up 猪 爱了爱了
3172810313,回复 : 第四次 见 你 了 得 赞后 快 走
3172921267,回复 : 艹
3172919635,回复 : 这 是 个 伤心 的 故事
3173167417,谢谢
3173513077,回复 : 有 故事 的 人
3173623971,回复 : 是 啊 每次 听到 这 首歌 ... 啊 抱歉 这里 不是 网抑 云 ..
3173825056,回复 : 老网 抑云 了
3174084428,回复 : 大概 就是 复制 的 一个 段子 有点 扯 重点 大学 的 女生 不知 怎么 跑 东莞 去 了 还 被 扫黄打非 然后 重病 马上 要死 了 临走前 一句 话 是 求赞
3174421790,谢谢 你 今天 看到 非常 感动 的话 祝您 幸福
3174445850,普通人 独栋 别墅 会 竖笛 家里 有画 有 雕塑 追求 生活品质 这 明明 是 不得志 的 小资
3174455127,看透 冷暖 自身 孤傲 章鱼 哥 只有 在 需要 海绵 宝宝 或者 是 过分 欺负 海绵 宝宝 的 时候 遭受 他人 不 待见 才 会 良心发现 然而 下 一集 就 忘 了
3176585299,回复 : 11 岁 和 9 岁 早恋 抓 起来 明天 站 到 国旗 下当 典型 去
3176636242,回复 : 只能 说 不是 一类 人 海绵 宝宝 也 给 章鱼 哥 带来 了 不 知道 多少 麻烦 下 一集 什么 的 海绵 宝宝 这个 动画 除了 痞 老板 偷蟹 堡 皇 秘方 是 一直 连 着 的 其他 都 算是 新 的 开始 新 的 一天 吧 人物 状态 基本 重置 了
3176745755,表白 一下 楼主 头像
3176758992,回复 : 额
3177507482,有人 爱就行
3177584933,回复 : 这个 视频 下面 不好 说 这种 笑话 吧
3177609920,不 你 不会 爱 这样 的 人 的 这样 的 人 可能 都 不会 引起 你 注意
3177948236,回复 : 他 的 评论 为什么 不见 了
3178033483,回复 : 可能 被 举报 了
3178358867,评论 区炸出 一堆 抑郁 者
3178464827,回复 : 班主任 舍得 你 的 女儿 要 陪 我 站 领操 台 吗 ( ) doge
3178560952,回复 :
3178617953,回复 : 嗯 啥意思 没 看 明白
3178686022,回复 : 这 是 来 报仇 来 了
3179454988,回复 : 章鱼 哥肯 不求 回报 地 在 海绵 宝宝 与 派 大星 闹矛盾 时 出面 化解 肯 在 海绵 宝宝 送 披萨 时为 他 出头 可派 大星 却 会 为了 巧克力 大打出手
3180361172,回复 : 报恩 舔 腿
3180369859,回复 :
3180383918,回复 :
3180830208,回复 : 不是 故事 是 事实 我 的 她 在 她 18 生日 前 7 天 的 晚上 被 疲劳 驾驶 的 异 世界 接走 了 我 也 快 20 了 但 一般 人 谁 会 知道 一个 边远 城市 的 哪个 优秀 女孩 离去 呢 别 调侃 了 对 死者 的 沉默 就是 对 她 的 家人 及 所 爱 她 的 人 的 尊重 她 还 永远 在 我们 心里
3182413901,love 能 这么 轻易 说 出口 意味着 同是天涯沦落人
3183884247,回复 : 突然 恐怖 故事
3191619041,回复 : 老网 抑云 了
3193805829,回复 : 怎么 了 为什么 不 走 了
3246996198,我 是 打开 了 网 抑云 了
3251404137,生不出 人 我 很 抱歉
3261057552,回复 : 经典 永 流传
3265105288,回复 : 抱抱 你 do 御坂 如是 安慰 到
3268479001,现实 中 你 真的 会 爱 他
3352862901,如良 太郎 一样
3380138362,害 我 小时候 就 莫名其妙 的 喜欢 章鱼 总 感觉 他 才 是 现实 的 是 真实 的
3429246071,回复 : 诶 你 20 她 不 应该 17 吗
3429257323,回复 : 呸 18
3436738118,小时候 最 讨厌 他 出场 现在 最 喜欢 他
3865631936,谢谢
3945160168,回复 : 酷狗 典型 的 复制粘贴
4442967966,没有 自由 没有 选择
5143016318,时隔 一年 再次 看 章鱼 哥 视频 再次 看到 这 条 评论 普通人 你好 祝你幸福
107715235808,谢谢 还有 人爱 我
125286763680,我 也 是 好 喜欢 这个 动画人物
139054111408,尤其 记得 海绵 宝宝 和 章鱼 哥 费劲 千辛万苦 把 披萨 送到 点 外卖 的 人 家里 他 却说 没有 饮料 不吃 海绵 宝宝 哭 的 非常 伤心 章鱼 哥看 了 以后 气愤 的 直接 把 比萨 糊 他 脸上 回头 还 安慰 海绵 宝宝 那个 人 吃光 了 那一刻 章鱼 哥真 好
183311931472,回复 : 难道 没有 杯具 还有 餐具
237359421712,谢谢 你 陌生人 我 也 爱 你 希望 你 未来 一切 都 好
259460099201,插眼
3167689064,这里 曾经 埋葬 这哥 的 梦想
3170629454,海绵 宝宝 对 别人 介绍 派大星 说 这 是 我 的 好 朋友 派大星 对 别人 介绍 章鱼 哥 的 时候 说 这 是 我 最好 的 朋友 章鱼 哥
3170688179,回复 : 海绵 宝宝 也 说 过 派 大星 是 最好 的 朋友
3170835697,回复 : 对 不熟 的 人 保持 热情
3171563134,回复 : 章鱼 哥 就是 现实 的 我们
3171570391,回复 : 海绵 宝宝 真的 很 好
3173374832,可是 章鱼 哥住 着 别墅 过 着 还 算 上流 的 生活 而 我 呢
3173403805,回复 : 而 我 还 在 想着 怎样才能 下班 后 有 自己 的 一段时间 而 不是 下班 就 吃饭 睡觉 准备 上班
3173903968,回复 : 年轻人 有 能力 一定 要 拼 一把 拼 一把 出路 拼 一把 未来
3174474869,回复 : 海绵 宝宝 就是 绿茶 婊
3175572854,回复 : 你 神 tm 理解
3177612352,章鱼 哥 可以 说 是 最 关心 海绵 宝宝 的 了 派 大星 只在乎 自己 快乐 的 事蟹 老板 只爱钱 珊迪 喜欢 做 实验 而 章鱼 哥是 最能 真正 去 安慰 他 的 人
3178284241,回复 : 是 的 虽然 对 海绵 宝宝 毒舌 翻白眼 但 海绵 宝宝 难过 时 他 都 怼 对方
3178424202,回复 : 是 这样 没错 我 记得 有 一集 海绵 宝宝 换 了 个 形状 的 裤子 结果 大家 就 都 不 认识 他 了 包括 派大星 只有 章鱼 哥 一眼 就 认得 了 不过 为了 躲 清静 说 不 认识 来 着 哈哈哈哈
3178978441,回复 : 555 太好 哭 了 还 记得 哪集 吗 想 去 回顾
3179042349,回复 : 确实 从派 大星 有些 阴间 操作 就 能 看 出来
3181538410,回复 : 不 章鱼 哥 每次 关心 海绵 宝宝 的 条件 都 是 伤害 了 他 然后 良心 过不去
3182695846,回复 : 其他人 是 伤害 了 良心 过得去 不在乎 他 的 感受 而且 章鱼 哥 还有 时候 帮 他 打抱不平 的
3183173226,回复 : 是 的
3190790911,回复 : 可是 章鱼 哥有 自己 的 房子 呀 这种 生活 已经 算 不错 了 吧
3191866110,回复 : 章鱼 哥 的 房子 我 印象 中 起码 烂 了 五次 一次 困在 泡泡 里 上天 一次 直接 被 海绵 宝宝 炒 翻 一次 因为 看 海绵 宝宝 日记 直接 被 世界 唾弃 房子 也 没收 还有 两次 甚至 直接 碎 了 我 都 忘记 是 什么 原因
3191868373,回复 : 哦 对 了 还有 一次 章鱼 哥当 圣诞老人 把 自己 的 房子 里 东西 搬空 一件件 作为 圣诞礼物 送出去
3191935847,回复 : 但是 每次 都 能 补好 也 可以 说 是 另类 的 有钱 了 虽然 也 有 可能 因为 是 动漫 的 原因
3193858634,回复 : 看到 你 这里 瞬间 像 把 我 三观 狠狠 摁 在 地上 摩擦
3198317235,回复 : 哈哈哈哈 就 哈哈哈哈
3198323837,回复 : 虽然 你 说 的 好 对 但是 那句 阴间 操作 给 我 弄 笑 了 哈哈哈 哈哈
3237204532,回复 : 对 不熟 的 人 保持 热情 但 对 想 靠近 的 人 许以 特例
3239034080,回复 : 可 现实 中 又 有 多少 人能 有 海绵 宝宝 这样 的 朋友 呢
3239679215,回复 : 那算 别墅 吗
3240116700,回复 : 双层 而且 很大
3249114545,回复 : 其实 章鱼 哥 那 只能 算是 普通 房子 吧 海绵 宝宝 的 才 是 别墅 在 海底 只有 石头 和 木头 的 情况 下 只有 海绵 宝宝 的 时 房子 不是 石头
3249288980,回复 : 啊 这 其实 按照 设定 都 是 海上 掉落 的 东西 而已
3251611943,回复 : hhh 这个 我 就 不 清楚 了 因为 我 是 在 刷 贴 吧 短 视频 的 时候 刷 到 的 你 也 知道 那里 从来不 说 多少 集 也 不放 完整 就 给 你 一个 片段 不过 细节 我 记得 挺 清楚 你 可以 搜 搜 海绵 宝宝 方裤 裤 换成 圆裤 裤 这种 关键词 看看
3270639378,回复 : 送 披萨 那 一集 客人 不要 披萨 是 章鱼 哥 安慰 海绵 宝宝 圣诞节 那 一集 章鱼 哥 扮演 圣诞老人 安慰 海绵 宝宝 把 自己 家 都 搬空 了 这 两集 章鱼 哥 没有 伤害 海绵 宝宝 就 只是 帮 了 关心 了 海绵 宝宝
3326238987,回复 : 哎 章鱼 哥
3330924138,如果 不是 派大星 章鱼 哥 和 海绵 宝宝 可能 关系 更好 一点 我 记得 有 一集 章鱼 哥 为了 让 海绵 宝宝 相信 有 圣诞老人 把 自己 全部 家当 送出去 了
3349206175,回复 : 讲真 这 真的 太 真实 了 明明 是 一个 有着 远大理想 的 人 明明 是 一个 看透 了 世界 的 人 却 没 办法 融入 大家 唉 我 也 很 绝望 自己 看透 了 世界
3349206827,回复 : 珊迪 不算 好 朋友 只是 海绵 宝宝 比较 傻 而已 对 她 来说 就是 一个 实验 工具
3350819248,我 记得 官方 说 海绵 宝宝 最 喜欢 的 人 是 章鱼 哥 跟 派 大星 是 好 朋友 但是 他 特别 喜欢 章鱼 哥
3542486835,回复 : 不 对
3585805713,那段 竖笛 音乐 是 什么
3824167172,回复 : 章鱼 哥 曾经 有 一头 金发
3824271698,回复 : 知道 是 海绵 宝宝 前身 的 最佳 员工 那集 不过 现在 章鱼 哥 也 时不时 涂 护发素 保养 保养 皮肤 啥 的
4214630251,回复 : 蟹 老板 用六毛 多 把 海绵 宝宝 卖 给 飞行 河莱人时 章鱼 哥是 你 就 为了 六毛多 把 海绵 宝宝 卖 了 ? 蟹 老板 却说 难道 我 卖少 了
4438585307,25 岁 前 如果 不能 活 的 比 现在 好 我 宁愿 看不到 以后
4539633198,回复 : 对 就是 那段 如果 是 派 大星 在 那儿 的话 估计 会 在 那儿 发呆
4743237179,回复 : 其实 应该 是 珊迪 然后 是 章鱼 哥派 大星 有点 太呆 了 蟹 老板 的话 他 毕竟 是 资本家
4769792835,回复 : 他 只是 一家 快餐店 的 一个 收银员 那个 房子 也 不过 是 一个 最 基础 的 房子 罢了
4855441491,想 知道 这 是 哪 一集
5031177184,回复 : 都 说 过 的
5081893908,回复 : 这 房子 很 普通 你 看看 人家 章鱼 哥 的 表哥 这 已经 算是 很 普通 的 房子
5395190083,回复 : 西方 国家 对于 一般 朋友 要 很 热情 的 介绍 如果 特别 熟悉 的 朋友 不 需要 过多 介绍 会 显得 生分 学废 了 吗
5415333503,章鱼 哥有 房 闲暇 时间 还 能 搞 音乐 你 呢 你 你礼貌吗
5578265186,回复 : 第一次 真正 看 b 站 的 时候 有些 鼻子 酸 那种 真正 要 哭 的 感觉
5611196985,回复 : 飞行 荷兰人 河莱人
96496544224,咱 甚至 连 埋藏 梦想 的 墓地 都 买不起
99679440640,6666
118300215072,这里 是 第几 集
123145171232,你 这 是 鱿鱼 哥
163433673264,回复 : 但是 海绵 宝宝 不会 这样 海绵 宝宝 是 真诚 的
163433820000,回复 : 真诚 的 小孩 不会 说 违背 本心 的 虚假 谎话
172373939568,回复 : 不 你 这句 话 不 准确 有 一集 是 他们 去 送 外卖 后面 那个 人 没收 因为 少 了 一份 饮料 而 他 没点 章鱼 哥硬 怼 还 安慰 海绵 宝宝
208340146512,回复 : 还有 一次 蟹 老板 以六毛 二 把 海绵 宝宝 卖 了 章鱼 哥 就 在 为 海绵 宝宝 说话
227430785392,回复 : 哪 一集
263077645024,看 这段 我 曾 庆幸 没有 人 死去 但是 现在 感觉 这段 也 是 种 不幸
287632767680,我 不 喜欢 海绵 宝宝 它 太 吵 了
