评论ID,分词结果
295836605552,晚 了 玩 了 十年 了
295878048512,在 空间 看到 的 她 最终 还是 选择 和 我 分手 了 可 我 还是 不能 忘记 她 第一天 想 她 第二天 想 她 第三天 好 想 她 第四天 Apex 真好玩
291248260209,孩子 们 我 回来 了
293279416448,R . I . P
293040418368,R . I . P
289286470257,孩子 们 我 回来 了
289663584800,10 年 了 啊
287415197953,玩 了 五年 了 我 没救 了
289551960592,我 玩 了 十年 了 差不多 我 更 没救 了
288648274177,真的
286891233457,2026.1 . 19
286889882033,考古
283116802305,这 屁股 有毒
280049272128,考古
279662819200,守望 还 真是 唯一 一个 让 我 玩 了 五年 还 能 从 上午 十点 玩 到 下午 六点 的 一个 游戏
277775498256,2025 年 还有 人 在 看 吗 如果 有人 看到 这句 话 的话 麻烦 留个 回复 收到 消息 我 就 会 进来 看一遍 算是 我 自己 给 自己 的 一个 惊喜 吧
276326507153,有 的 现在 翻 以前 的 鬼畜 看 怀念
276611039697,有点 兄弟 有 的
276959275073,没事 就 翻 鬼畜 看
279333763504,包有 的
280049457968,2025.10 . 22.10 . 16 回应 召唤
278900644881,有 的 兄弟 有 的
280583122960,包 的
280054468657,有 的 兄弟 有 的
281262324577,有 的 兄弟 有 的
281767963153,t1 三连
283671281328,看看 你 后面 呢
289912910865,看看 你 后面 呢
276140620161,快 十年 了
274962521057,这么久 了
274890258369,考古
274491057073,我 擦 感觉 好像 用 b 站 着 多年 第一次 见 振动 视频 还 以为 刚出 的 再 一 看 都 快 十年 前 了 刚好 还是 玩 了 快 十年 的 ow 咋 才 刷 到 这 振动 视频 是 个 啥
274197372497,我 的 6 年级 被 这 首歌 填充
275580525008,这 尼玛 视频 还 带 震动 的
273246743681,要开 声音 哦
272543863760,这是 真的 毒 因为 我 总是 能 在 网吧 一 蹲 67 个 小时 OW 你 给 我 下 了 什么 毒
269683588049,steam 版 搞 了 两个 小时 进不去 登陆 完 根本 没 进入 的 地方
270310840065,别 自己 搞 买 一个 带 守望 现成 的 号 还要 开 加速器 才行
271986916657,战网 注册 完 直接 下 直接 玩
277108970321,steam 是 外服 要开 加速器 直接 上 浏览器 搜 战网
269053651073,2025 国服 回归 我 还是 会 喜欢 他
269765306928,考古
266815008705,前来 考古
266805451793,看到 六年 前 QQ 发给 我 的 回忆 记录 发现 六年 前 在 空间 转 了 这个 视频 来 考古 力
267436377696,19 年 跟 风传 了 几个 自己 打 的 最佳 后面 也 没 在 玩 了
267436368784,第一次 预购 我 初中 现在 都 大学毕业 了 哈哈哈
266220715185,这 视频 真是 常看 常新
267172589360,那年 玩 的 很 开心 回不去 的 美好时光
265234383969,考古 + 1
264957368273,那 时候 绝对 的 全民性 游戏
264957137153,九 周年 了
264957123537,九 周年 刷 到 了
265985318704,考古
264774638097,那年 游戏 很 好玩 我 很 开心
266002295072,怀念 2016
264400750560,考古
264472442528,rip
264309449744,rip
262756099441,第一次 看到 这个 视频 的 时候 才 小学 五年级 我哥 刚 给 预购 的 ow 现在 大二 了 还 在 玩 ow 感慨 啊
262865843825,感慨万千
265058131504,天 我 在 b 站 都 算 老人 了
270881372033,我 16 年 左右 玩 的 ow 大概 才刚 1 年级 4 年 后 有 的 自己 号 虽然 1000 游戏 小时 600 自定义 吧
263505168480,R . I . P
263339703840,R . I . P
263253847024,r i p
262098115281,巴蒂斯特
263002165920,十年 过去 了 时间 过得 好 快 啊 评论 区 还 能 零散 的 刷 出 几条 近期 的 留言
262005993873,重温 了 一遍 可是 主人公 却 离开 这个 世界 了
262753390768,明天 还要 上班 却 依旧 打到 了 十二点 半 前来 复习 圣经
262521975984,10 年 过去 了 我 给 了 ow 一万个 小时
261563730993,考古 来 了
262100208496,怀念
261938451936,听 哭 了
261288342848,考古
260362502161,时间 好 快 啊
260141944273,那个 时候 没有 能 玩 守望 先锋 的 电脑 现在 却 不再 觉得 这个 游戏 足够 有趣 以前 的 憧憬 憧憬 的 以前
260979677600,这 振动 好 带感
260785401424,泪目 现在 是 真的 玩不动 了
259806787761,2029 年 前来 打卡
258812670785,2016 那年 九月 就要 去 当兵 了 后来 我 也 不 上学 了 就 在 家里 玩 了 几个 月 守望 先锋
258948290720,永远 也 忘不掉 那天 下午 刚买 了 账号 第一把 网吧 国王 大道 玩 dj 感叹 怎会 有 3a 质感 的 网游
257393683585,为什么 这 视频 我 手机 在 震动
258100113232,依稀记得 16 年 的 时候 我 初一 第一次 看 这个 视频 的 时候 我 特别 想 玩 守望 先锋 但是 因为 要 买 只能 看 我哥 他 玩 到 现在 国服 回归 我 才 真正 圆梦 但 小时候 的 感觉 已经 回不来 了
257091726081,诶 好 感慨 啊
258651402513,老番
257871156704,千万别 玩 守望 先锋 国服 排位
257758578496,哇哇 哇 考古 考古
257714710832,今天 和 同事 聊到 了 这个 梗
257593616544,你 会 看到 吗
257183817424,2025 守望 先锋 回归 有人 来 回味 经典 吗
257586705712,有 的
256295120193,时过境迁 物是人非
256946242336,洛阳 铲
256139245617,rip
256139477825,既 是 这位 小哥 也 是 那年 夏天 更是 那 款 游戏
255928883521,标题 说 得 太 对 了
255890309969,泪目
256553770048,我 怀念 的 不是 overwatch 而是 16 年 那个 夏天
255637359217,感慨万千
255624438353,物是人非
255596532657,现在 又 看一遍 感觉 五味杂陈 的
255586160737,回来 了 但 不 多
255529389745,回来 了
255470548353,回到 那个 夏天 了
256108172832,国服 回归 前来 考古
256139241585,rip 既 是 这位 小哥 也 是 那年 夏天 更是 那 款 游戏
255280699697,都 回来 了 整整 八年
255217545313,今夕 是 何年
255922944592,开服 了 回来 回忆 一下 一路 走 好
255834606688,还 能 回去 吗
255111153521,彦 祖 你 又 在 按 时间 排序 了 休息 一下 吧
255838163488,要你管
255075230241,兄弟 们 开服 了 donotplayoverwatch
255752315120,明天 国服 就 回归 了 今天 回来 重温 一下
255411286672,好 快 啊
254578511969,宛如 昨日 梦境 一般 令人 唏嘘
254309167969,现在 还会 唱
253769618273,感觉 已经 刻 在 DNA 里 这么 多年 了 我 一 看到 overwatch 这个 名词 我 就 能 开始 唱 了
252461116433,吸 一口
251839274657,你 在 说 什么 什么 叫 暴雪 退出 中国 后 回归 了 别闹 了 守望 先锋 又 发新 CG 宣传片 了 叫 双龙 期待 游戏 正式 发售 吧
252269392000,打开 收藏夹 从 最后 一页 开始 看 有种 走马灯 的 感觉
252234177984,这 一刻 我 好像 回到 了 2016 年
251660588241,走马灯
252042636704,走马灯 了 我 回不去 2016 了
251943720672,当年 天天 听 一遍
251928772784,我 知道 你 会 回来 搜 这个 视频 的
251898524560,今夕 是 何年
251326625473,上 香
251314715329,回来 了 都 回来 了 哈哈哈哈
251837834128,集结
251257695873,do not play overwatch
251623556640,前来 考古 过气 了
251515250944,守望 先锋 1 已经 随 你 回家 了
251423158736,看 了
250679683793,回来 了 英雄 集结
250256886320,上古 经典
249235762129,会 回来 的
247725338816,回忆 一秒 青春
247719716064,old happy days
247478843120,快 回来 吧
247265337152,6v6 回来 特地 回来 听听
246807765025,感谢 这 首歌 让 我 退出 了 今晚 的 6v6 do not play overwatch
246607290177,不 信 现在 还有 人
246891587136,Heroes never die ! 它 回来 了
246890684544,欸 川 普當選 守望 6v6 今年 是 幾年 來 著
246444912305,翻到 我 第一个 收藏 的 视频 哎带 打开 看看
246176119953,走 了 也 有 五年 了 安息
246104250816,缅怀
244545485520,5 年 过 的 好 快 RIP Etika
243987029169,令人 感叹
243974690385,回不去 了
247719840272,同款 头像
247378377025,回复 : 你 怎么 用 我 老婆 的 照片
243612305793,哎 物是人非
243321363968,不胜唏嘘 啊
243273157728,令人 唏嘘
242845456592,回 不到 那个 夏天
242818638081,我 哭 了
242711647345,回不去 的 16 年
242253715969,听说 主播 也 在 玩 这个 让 人 沉迷 的 游戏 呀
242092480401,来晚 了
241083700641,这 小哥 跟 ow 一起 rip 了 物是人非 了 回不去 的 16 年
242200804193,不是 要 回归 国服 了 吗
240558777728,我 的 手机 在 震动
238520529152,回来 吧 守望 先锋
238170064832,原曲 是 什么
238122026528,前来 考古
237949678896,真的 怀念 16 年 的 夏天 啊 当时 上 大二 真的 是 人生 最 快乐 的 时光 了
236524607120,赛博 老八
236481622944,现在 看 真的 搞笑 我 18 年 玩 的 ow 当时 就 觉得 是 cf 和 lol 缝 出来 的 也 没有 很 入迷 后面 读 大学 又 玩 了 几个 月 就 再也 没玩 了
234882019424,令人 感叹
228349450864,还是 守望 黑 神话 悟空 吧 你们 来 不来
228128840880,好 游戏 已经 不 在 了
225719200768,都 回不去 了
225611942304,16 年 的 守望 真的 太毒 了 那 肾上腺 持续 的 感觉 一下 线 就 觉得 心肝 脾肺 肾 在 狂挠
226354600624,懷念
228732316880,刚出 的 时候 正好 读 大学 晚上 五黑 准备 打 一把 就 睡 打 完一看 天亮 了 要 早 八 了
225611580288,回来 了
224092858416,我 想 玩 ow1
223526466848,重温 经典
223250250016,考古
222912377616,守望 1 八周年 了 给 守望 1 上个 香
221791457760,rip 守望 先锋 确实 是 个 好 游戏 就 跟 这个 视频 一样 只 适合 在 回忆 里
221132190192,这人 像 Dj
220838544592,快 十年 了 都
220126589664,这么 多年 了
220056346736,R . I . P
219943588912,怀念
219707780128,原来 你 的 离去 都 已经 要 五年 了 时间 太快 不忍卒读
222872007056,啊 应该 远超 5 年 吧 我 记得 老早 在 19 年 之前 就 已经 走 了
222872890656,回复 : 那 没有 我 印象 里 是 19 - 20 差不多 走 的 毕竟 ow 那个 时候 还 有些 热度
222881613888,回复 : 好像 也 是 总 感觉 他 走 的 太快 了 玩 ow 后 没 直播 多久 就 突然 消极 表态 然后 传出 新闻
219354953744,怀恋 一下 青春
218496165264,你 不让 我 玩 ow 关 我 玩 ow2 什么 事情 . jpg
218252646576,这个 视频 刚发 的 时候 还 在 上 小学 的 我 每天 上 暴雪 官网 盼 着 能 玩 上 ow 直到 高考 完才 玩 上 结果 玩 了 半年 就 成 ow2 了 后来 国服 也 没 了
218093380752,原来 已经 是 那么 多年 前
217446174576,这 视频 真的 令 我 印象 深刻 的
217304056528,昨天晚上 八连 跪 打 到 两点 前来 圣地 巡礼
216465682768,回来 看 一眼
216425084096,斯人 已逝
216419878512,回来 了 都 回来 了
216268348192,考古
216223620592,故人 已 不 在 故游 又 回来 了
216214642640,我 想 起来 了 我 全都 想 起来 了 我 不是 王者 荣耀 玩家 我 不是 猫和老鼠 玩家 我 不是 蛋仔 派对 玩家 我 不是 和平 精英 玩家 我 不是 英雄 联盟 玩家 我 不是 星穹 铁道 玩家 我 不是 第五 人格 玩家 我 不是 元梦之星 玩家 我 不是 CSGO2 玩家 我 不是 永劫 无间 玩家 我 不是 暗区 突围 玩家 我 不是 使命 召唤 玩家 我 不是 穿越 火线 玩家 我 不是 幻兽 帕鲁 玩家 我 不是 明日 之后 玩家 我 不是 明日 方舟 玩家 我 不是 钢铁 雄心 玩家 我 不是 QQ 飞车 玩家 我 不是 梦幻 西游 玩家 我 不是 来自 星尘 玩家 我 不是 少女 前线 玩家 我 不是 火影忍者 玩家 我 更 不是 三国 杀 玩家 也 绝非 战双 帕弥什 玩家 更 不 可能 是 原神 玩家 我 不是 ... 我 不是 ........ 原来 ... 原来 ....... 原来 我 是 我 是 尊贵 的 守望 先锋 玩家 啊 守望 先锋 启动 孩子 别怕 我 带 着 末日 铁拳 来 救 你 了
216203680640,守望 先锋 国服 回归 来 考古 一下
215905471344,时隔 八年 再次 来到 这里
215605184336,这 视频 怎么 还 能 让 手机 震动 的
213098683376,现在 想想 确实 不该 玩 守望
212930496128,2024 来 考古
212385979440,当 了 八年 云 玩家 一把 没玩过
212267762016,2023 年 守望 先锋 停服 了 这个 小哥 也 在 2019 年 去世 了 唉
211705569568,物是人非
211866584000,来 考古 了
211090678848,当年 真是 看死 我 了
208986234848,其实 七年 半 过去 了 我 一直 也 忘不了 第一次 看到 宣传 CG 的 惊喜 忘不了 第一次 打开 游戏 的 激动 忘不了 每 一张 地图 每 一位 英雄 其实 外服 也 挺 好 的 但 我 还是 想要 一个 自己 的 服务器 其实 守望 2 也 挺 好 的 但 我 还是 喜欢 那个 陪伴 我 五年 多 的 守望 先锋 其实 我 只是 舍不得 这 款 游戏 和 那段 青春
208964549744,RIP
208755062160,好 想 回到 那 一年
208735955856,那时 我 可 开心 了
207936403776,当时 刚 中考 完 在 b 站 首页 刷 到 了 这个 视频 于是 就 开启 了 两个 月 的 吃饭 睡觉 打 守望 的 生活 家门 都 不出 是 真 上瘾
207647528272,物 非人 非
207598984592,快 8 年 了 啊 这么久 了 嘛 真是
206984347600,考古 令人 感慨
206405444480,考古
205973477040,突然 就 想 起来 这个 旋律 这个 视频 了
205965538768,幻兽 帕鲁 时期 考古
205840923664,那 时候 我 还 初一 都 8 年 了
204844002784,狗 都 不 玩 守望 先锋
203345192064,考古
201663092064,这个 旋律 我 至今 记忆犹新
201663340752,输 了 艹 赢 一把 就 睡 赢 了 赢得 不爽 再 来 一把 又 赢 了 没什么 感觉 再 来 一把 一 看表 早上 5 点
201664171840,回复 : 哈哈哈哈 哈哈哈哈 哈哈哈 哈哈哈 哈哈哈
200954240688,永远 喜欢 守望 先锋
200836065296,如果说 我 妈妈 告诉 我 不要 玩 守望 先锋 我会 毫不犹豫 的 抹杀 他
200280456144,物是人非
200148543680,青春 啊
199782594864,当时 看 这 视频 确实 快乐
198843505568,RNM 退钱
198079985504,致 我 逝去 的 青春 那 时候 我 才 上 初中
198076357536,这个 视频 好多 考古 啊 真的 洗脑 当时
197873277856,都 不 一样 了 唉
197761496064,赢 一把 结果 打 了 一 晚上
196208730176,2023 前来 考古
196045775696,每次 打开 这个 视频 仿佛 回到 了 16 年 的 夏天 可惜 物是人非 这位 主播 没 了 守望 先锋 也 没 了
195697641184,明年 也许 有国服
195683886576,打卡
195463003216,好多年 了
195260098816,物是人非
194967702688,打卡
194745398912,考古
194718367504,守望 先锋 给 爷爷 爬 RNM 退钱
194702072640,可惜
193964092848,英雄 不再 回应 呼唤
193278505856,第一次 评论 2019 - 03 又 翻到 了 一路 走 好 吧
193006147264,中国队 拿下 韩国队 纪念 给 cnow 跟 青春
192852536432,哎 时光 好 残忍 7 年 了 守望 死 了 现在 我 还好 有 朋友 在 国际 服有 号 我 今天 在 国际 服 的 守望 先锋 2 玩 了 几个 小时 其实 游戏 本身 我 还是 爱 的 但是 一切 物是人非 在 国际 服 遇到 了 很多 外国人 交流 也 只能 打 英文 我 还是 喜欢 国服 可以 交流 的 环境 继续 等 吧 希望 国服 能 复活
192704871536,太 可惜 了
190959000720,如今 再 看 大 预言家 啊
191039055616,以前 的 守望 先锋 和 etika 都 死 了
190540212256,逆天
188764096672,如日中天 到 退出 中国 再 到 联赛 解散 物是人非
188516120672,物 非人 非
188078443312,呜呜 爷 的 青春
187646120480,当年 的 暴雪 现在 的 暴雪 唉
186641373568,再也 回不去 那 一年
186112552176,2023 年动视 暴雪 作死 后 前来 考古
191039102224,目前 暴雪 被 微软 收购 了 某 迪克 2024 年 滚蛋 希望 能 好点 吧
184986133296,时代 的 眼泪
184923489376,唉 暴雪
184440816416,唉 时过境迁 物是人非
184262831584,走 好
183828025440,这个 世界 需要 英雄
183128580544,初二 存 两周 钱 找 网吧 网管 用 支付宝 买 的 高中 除了 高三 每个 月 都 会 抽出 世界 来 玩 暴雪 你 是 真的 狗 粗森
182808406512,为啥 这 视频 会 震动
182652864208,当时 应该 听 他 的 建议 的 也许 从 一 开始 就 不该 玩
182457391856,16 年 我 才 小学 注册 b 站 账号 就 专门 看 鬼畜 买 人生 第一个 独显 花 198 就 专门 为了 ow
182452145120,梦回 2016
182414206208,2023 年 8 月 22 日 考古 守望 先锋 已经 离开 这个 世界 已经 没有 英雄 了
181999590448,令人 感叹
181546300432,突然 又 刷 到 泪目 了
181531652496,时代 的 眼泪
181326990688,16 年 的 时光 已经 回不来 了
181196867216,暴雪 你 TM 真 该死 啊 呜呜 呜
181138032880,你 为什么 打开 时间 排序
184953529568,因为 其他 游戏 没有 跟 这个 相同 的 手感 我 真的 很想 玩半藏 但 暴雪 太 恶心 了 呜呜 呜呜
181121784560,手机 灰 都 给 我 震 出来 了
181067902416,令人 感叹
181064697248,暴雪 你 对得起 热爱 ow 的 玩家 们 吗
181024132656,7 年 过去 百感交集
180989033856,回忆 涌 上 心头
180966227248,R . I . P
180950013616,敬 我 的 第一款 fps 游戏 第一次 上 排行榜 的 游戏 第一次 通宵 的 游戏 第一次 找到 能面 基 的 网友 的 游戏 第一款 一天 登顶 差评 榜首 的 游戏 守望 先锋 RIP with Bobby
180914238560,砂壁 暴雪
180904621968,steam 差评 过来 的
180890271152,一手 好牌 打 稀烂 的 典型
180857014944,一语 成 谶 经历 了 好多 人生 又 有 多少 个 六年
180817171072,七年 过去 了 唱歌 的 黑人 小哥 不 在 了 OW 也 从 最佳 游戏 变成 了 差评 如潮 物是人非 事事 休
180814772800,想到 了 特意 回来 看看
183822656768,/ 乛 乛 乛 乛 乛 乛 伟大 的 揭幕 表演 \ ____________
180784006992,暴雪 你 该死
180608828944,暴雪 你 真 该死 啊
180585603552,唉 可叹 啊
180551397744,差评 榜首 时代 报道 第一次 看 的 时候 还 在 初二 现在 大二 了
180546462016,这下 预言家 了
180535602960,一语 成 籖 了 属于 是
180525489344,2023 年 8 月 12 日 守望 先锋 归来 上架 steam 后 成功 达成 差评 如潮 成就 差 评率 超越 三国 杀鬼谷 八荒 崩坏 3 等 游戏 登顶 差评 榜 第一 同时 创下 最快 登顶 的 记录
180514527488,差评 如潮 时代 报道 鬼畜 和 ow 的 时代 一起 消失 了
180450921728,谢谢 你 已经 不玩 了
179887179312,法克
179810070160,我 靠 手机 怎么 在 震
178836562288,借不掉 玩 了 这么久 还是 很 喜欢 玩
178202432096,上 香
176573885104,当年 还 上 高中 呢 没想到 过 了 这么久 了
177755760704,当年 上 小学 班 里面 几个 男生 整天 在 说 哦 在 这 停顿
176111885328,当年 的 守望 先锋 是 真好玩
175959215024,上线 Steam 咯
175187653424,时代 的 眼泪 啊
175018922736,考古
174873614400,令人 感叹
172866342480,我 就 说 为什么 当初 看 迈尔斯 的 时候 总 感觉 有股 熟人 的 感觉
172415506384,周围 当年 打 守望 的 朋友 现在 都 一起 跑 去 打 apex 了
172013067648,唯一 的 获得 年度 最佳 游戏 的 网游 终于 在 暴雪 的 神奇 操作 之下 成为 了 垃圾
170774709184,7 年 了 才 知道 他 说 的 都 是 对 的
177510471072,我 已 追爱 海外 了 继续 玩
169380985840,原 up 转移 了 这个 视频 鬼畜 主角 也 离开 了 人间 鬼畜 主题 的 游戏 也 关闭 了 国服 只 留下 了 回忆
169774845152,7 年 就 像 一场 梦
170212105120,我 还是 忘不了 他
169046754032,令人 感叹
168623012288,守望 先锋 本来 是 可以 成为 一个 伟大 的 作品 的
168197221904,什么 都 没 剩下 好像 从来 没有 过 一样
167021446368,唉 物是人非 而 这 一切 也 就 才 六七年
166754452560,2023 年 考古 可惜 了 一个 好 游戏
166673389808,因为 这个 鬼畜 入 的 坑 当初 看 还是 初中 一直 想 玩 21 年 买 了 电脑 玩 了 一年 多 的 一代 还 没 玩 就 更新 成 二代 了
166653456992,人 没 了 守望 再也 回 不到 那个 夏天
165847459760,为 信仰 充值 之后 都 没 怎么 玩 然后 就 寄 了
164175931856,世事难料
163918646624,确实 没 必要 了 玩游戏 主要 还是 一个 社群
163786358192,原 UP 主把 鬼畜 视频 迁移 到 了 现在 这个 号 视频 里 的 黑人 小哥 2019 年 逝世 了 2023 年 1 月 23 日 守望 先锋 国服 关服 一切 回忆 只 剩下 这个 视频
163565015984,好 了 现在 想 玩 也 玩 不到 了
163326516112,你 再也 回 不到 2016 年 守望 先锋 刚 发售 的 那个 夏天 了
162851971184,2023 前来 考古 overwatch 和 这位 主播 一起 走 了 R . I . P
159887680480,这个 世界 上 没有 守望 先锋 了 但是 真的 没有 了 吗
159449752912,有时候 做梦 还是 会梦到 自己 玩 守望 梦里 的 我 真的 很 开心
159065786608,一言难尽
157672524752,一两年 没玩 了 前 几天 听说 国服 已经 没 了 突然 想 起来 16 年 那会 还是 个 快乐 的 大学生 如今 早已 是 老 社畜 了 TMD 都 是 青春 呀 如今 别说 青春 的 尾巴 连 青春 的 屁 都 闻 不到 了
157466573280,已经 好几个 月 没有 ow 玩 了 我 以为 我会 很 难受 但是 我 还是 很 普通 的 找到 了 替代 游戏 挺 可惜 的 我 曾经 以为 我可以 玩 一辈子 ow
155797558864,考古 来 了
154567705520,回来 吧 守望 先锋 我 最 骄傲 的 信仰 历历在目 的 沃港 眼泪 莫名 在 流淌 依稀记得 上 勾拳 还有 给力 的 双飞 把 安娜 都 给 曹飞 通宵 熬夜 都 不累
152322563104,世事难料 啊
151456309184,他 说得对
149586623216,up 主没 了 黑人 小哥 没 了 ow 也 没 了 啥 都 没 了
149987160368,黑人 小哥 咋 了
150002378096,回复 : 19 年 去世 了
150277489216,回复 : 啊 这
151043335392,up 主 咋 也 没 了
151076158608,回复 : 之前 出 了 事 把 视频 全删 了 这个 UP 就是 官方 用来 补档 的 改革 春风 也 是
149159376576,还好 我 2018 年初 突然 上 不 去 号 不 知道 为什么 就 再 没 上 了
149157838368,唉 世事难料
148827832576,当初 怎么 就 没 听 你 的 呢
148820265040,我会 永远 记得 守望 先锋
148810149968,2019 年 这个 小哥 得 了 抑郁症 自杀 了 今天 国服 没 了 唉
148828647840,有缘 再见
148794918096,再见
148789601216,再见
148781422400,6 年 后 我 愿称 这个 视频 是 个 预言家
148780477728,再见 了 守望 先锋
148755624512,再见 了 守望 先锋
148753113808,确实
148750364192,再见 啦
148747102272,再见 啦
148746086128,被 强制 戒 了
148743410448,没有 再见 了 守望 先锋
148742311040,结束 了 入 坑 视频
148740221024,2023 年 1 月 24 号 守望 先锋 国服 完结 回来 考个 古
148739588128,这个 世界 不再 需要 更 多 的 英雄 了
148739644800,哎 可惜 了
148732749040,再见 了 所有 的 英雄
148716851424,再见 了
148716554832,已经 结束 啦
148700770368,就 这样 吧
148067392256,都 变 了 bro
148000124064,现在 国服 也 没 了
147995883808,这下 玩 不 着 了
147534998224,真想 回到 那个 夏天
147532834080,一眨眼 六年 过去 了
147194095584,物 非人 非
146892109344,人 没 了 游戏 没 了 我 的 青春 也 没 了
146797407280,马上 就 想 碰 也 碰 不了 了
146730352112,令人 感叹
146686035136,已经 结束 了
146548589504,记得 当时 看到 这个 视频 的 时候 还 小 玩 不 上 ow 只能 看 老 e 播 现在 也 玩 上 了 但 却 要 停服 了
146539471552,这下 真成 别碰 ow 了
146526781040,守望 先锋 国服 即将 在 2023 年 农历 大年初一 停服 令人 感慨
146497335904,和 守望 先锋 都 归西 去 了
146480916896,人 也 没 了 游戏 也 没 了
145857301776,再见 守望 先锋
145271337856,难受
145243781440,RIP & RIP
143773938912,已经 结束 啦
143423076736,16 年 第一次 加入 守望 看 了 这个 视频 还有 rather be 现在 准备 关服 突然 想起 这个 视频 了
143428048448,可惜 这个 小哥 也 去 了 天堂 了 就 像 守望 先锋 和 16 年 的 夏天 一样 一去不复返了
143456235360,回复 : 他 咋 了
143625216832,回复 : 自杀 去世 了 b 站上 有 关于 这个 小哥 的 视频 最后 被 网络 暴力 抑郁症 走 的 可以 去 看看 很 可惜
143633997536,回复 :
142475006096,令人 感叹
142167574416,从 初中 到 大学
141619999936,他 走 了 守望 也 走 了
141578757776,R . I . P & R . I . P
141289475408,爱 游戏 的 人 走 了 游戏 也 垮 了 原来 已经 过去 这么 多年 了 吗
140564080224,再见 了
140067007424,RIP
139910390560,守望 先锋 我 的 守望 先锋
139906004112,国服 没 喽
139893611488,我 游戏 没 了
139360751936,现在 是 守望 归西 时间
139081271456,再见 了
139070956848,诶 真的 没 了
138793114368,这次 真 碰 不到 守望 了
138739941408,令人 感叹
138731915344,2022 守望 寄
138702457472,感谢 曾经 的 快乐
138637849584,令人 感叹
138559491792,原来 这 就是 感慨
138379789392,令人 感叹
138262580160,当年 没有 守望 玩 我 要死 了 我 要 吸 守望 先锋 现在 唉
138155849296,守望 先锋 逝去 了
138125876080,当年 没有 守望 玩 我 要死 了 我 要 吸 守望 先锋 现在 哈哈
138123728176,缅怀 青春 吧 兄弟 们
138097692688,一切 归终
138094252512,这下 真 没 守望 先锋 玩 了
138049201920,守望 先锋 归西
137941570704,这下 真的 别玩 守望 先锋 了
137691923008,守望 先锋 归来 而 你 却 还 没 回来
137135923600,16 年 暑假 去 同学 家 玩 守望 先锋 当时 家里 电脑配置 不够 特别 羡慕 同学 的 电脑 后来 有 了 自己 的 电脑 却 没 时间 没 精力 打游戏 了
137105930064,守望 先锋 刚出 的 时候 是 最 好玩 的 后来 越改越 拉 彻底 臭 了
136464119456,R . I . P 无论是 人 还是 游戏
136070799888,哥 啊 你 不 知道 今年 ow2 出来 之后 又 出 了 个 主题曲 好 难听 甚至 rap 不如 这个 好听
135900485696,守望 出 2 了 希望 你 也 玩 得到 吧
135886610656,let it go
135163627424,出 2 和 队友 们 一起 回来 试玩 了 昨天 玩 到 四点 我 又 来 重温 这个 视频
134306304128,"新手 不 推荐 玩 t , 因为 t 是 一个 团队 的 核心 t 不会 玩整 把 没指望 也 不 建议 玩奶 因为 ow 的 奶要 兼顾 自保 和 输出 也 不 希望 玩 c 玩 c 的 老手 太 多 不要 占 了 老手 位置 新手 不 建议 玩 竞技 竞技 模式 需要 一定 实力 否则 队友 会 很 高压 也 不 推荐 玩 快速 因为 快速 也 有 老手 玩 不要 被 老手 炸鱼 也 不 希望 玩 街机 和 人机 因为 大家 在 这 俩 模式 是 放松 娱乐 不 想要 因为 新手 缘故 还 输掉 一局"
137691952064,总结 没得 玩 了
134289458816,守望 区 up 快 混不下去 了 求 支持 BV1ue411V74g
137648788208,ylg
134245329456,来 考古 了 现在 已经 守望 2 了 但是 这个 黑人 博主 再也 见 不到 了 ...
134151005184,令人 感慨
134001284288,时至今日 再 看 这个 视频 emmm
133779753200,来 考古
133701712624,闪光 吃 榴莲 已经 没 了
133494918768,守望 已死 悲
133463341440,花 已 尽 事事 休
133409422880,R . I . P
133299044416,没想到 已经 六年 了
133227351168,估计 这个 小哥 永远 也 想不到 曾经 的 overwatch 变成 了 这样
133196579504,不臊 皮 真心 令人 感叹
133192951136,最近 玩 ow2 突然 想起 他 了 R . I . P
133086277472,R . I . P
133082675104,永不 过时
133047187600,考古
133036953008,ow2 来 了
132976525872,etikaow2 来 了 你 快 来 玩
132841010720,为什么 我 苹果 手机带 耳机 看 这个 视频 手机 一直 在 震动
132894871120,你 想 表达 什么
132903495728,回复 : 我 怀疑 是 手机 坏 了
133009673200,苹果 的 功能 设置 里 找 找 可以 关
132835460304,6 年前 上头 如今 再次 上头
132665969584,确实
132610307952,守望 先锋 已死
132604354272,2022 年 OW2 来 了 小哥 不 在 了 多 希望 他 2 还来 一次
132593082944,希望 小哥 能 在 天堂 玩 ow2
133996297952,他 以 巴蒂斯特 重生 永远 的 留在 守望 先锋 了
132566165520,ow2 回来 啦 列表 几年 前 在线 的 都 回来 了
132523039296,ow2 终于 来 了
132508717120,我 感觉 这次 更新 又 回到 了 最初 的 OW 我 已经 停不下来 了
132481641600,rlp
132481048464,回来 啦
132469365200,还有 两 小时 2 他 就 来 了
132469317504,RIP
132438828560,守望 先锋 今天 关服 了 明天 它 就 归来 了
132421610656,2022 突然 想 起来 了 回来 看看
132414845808,真 就 玩 不了 了
132402272448,考古
132390958928,终于 能玩到 ow 了 虽然 是 2
132466122464,守望 先锋 1 是 2016 最佳 游戏 而 守望 先锋 2 可能 是 2022 最 好玩 的 游戏
132390577792,再 转 一遍 没有 守望 先锋 玩 我 要死 了
132388734688,今天 是 没有 守望 先锋 的 一天
132383118448,想不到 这 老哥 也 走 了
132382117520,我 回来 考古 啦
132367325248,守望 先锋 归来 上线 前一天 前来 考古
132338555664,真的 玩 不到 咯
132334486096,2016 - 2022 再见 守望 先锋
132334009328,再见 啦
132333843696,守望 2 再见 啦
132333720784,R . I . P
132327434064,朋友 们 OW2 再见 了
132325182512,马上 关服 了 当初 看 这个 视频 入坑 的
132322274592,再会 ow1
132314332224,守望 1 的 最后 一天
132299454144,还 一块 玩 守望 先锋 吗
132256697360,往事 随风
132251750448,死去 的 记忆 突然 开始 攻击 我
132086087312,不管 怎么样 我 还是 会 玩 下去 的
132079485888,原来 当年 ow 热度 这么 高
132916288880,16 年 FPS 年度 最佳 游戏
133047369024,全球 游戏 圈大 狂欢
132073576720,16 年 的 夏天 已经 过去 6 年 了
132069050656,16 年 的 夏天
132061740784,晚 了 已经 六 百级 了
132056331984,圣地 巡礼 嘴上 和 朋友 说 着 对 ow2 没 兴趣 其实 最后 这 几天 对 我 来说 都 是 煎熬
132118990144,守望 先锋 没 你 我 可 怎么 活 啊
131978113008,考古 泪目
131921833360,纪念 16 年 的 那个 守望 屁股
131820528320,多少 年 过去 了 啊
131721841344,守望 是 最 好玩 的 fps 游戏 对 我 来说
131640631968,一切 似乎 都 已经 回来 了 但 也 已经 物是人非 了 ......
131604037568,16.7 . 26 买 的 OW 现在 OW2 来 了 可是 16 年 的 夏天 却 永远 也 回不来 了
131542706960,ow1 结束 前夕 回来 看看 希望 各位 能 在 2 里面 再 相遇
131518098848,ow1 即将 关服 了 随之而来 的 是 ow2 回来 还是 翻 这个 视频
131517449616,回来 看一看 摆烂 的 暴雪 真是 把 这 开局 给 糟蹋 了
131459726112,溜溜 溜
131437607424,我 受到 了 召唤 我 必须 回应
131322169040,考古
131293937216,6 年 后 再 来看 一遍 守望 1 要 停服 了 归来 再加 我 受到 了 召唤 我 必须 回应
131254656640,RIP
131151990896,RIP
131151338272,R . I . P
131074374848,RIP
131033145824,守望 先锋 2 要来 了 别忘了 你 的 通行证 bro
131023078048,偶然 考古 因为 ow2 要出 了
130973652336,今夕 是 何年
130800500672,六年 了 守望 2 都 要 出 了 你 还 会 回来 吗
130698267424,回不去 的 何止 是 2016 年 的 守望 先锋
130616181728,R . I . P 怀念 那个 夏天 缅怀 Etika
130567482688,ow2 就要 来 了 你 会 回来 告诉 我 do not play overwatch 嘛
130475949248,守望 先锋
130384470192,动视 被 微软 收购 了 暴雪 这部分 还是 顺带 的 小哥 走后 三年 搞成 这 鸟 样子 倒 是 任天堂 这边 新出 了 不少 值得 一玩 的 新 游戏 但愿 小哥 在 那边 也 可以 玩 到
130880121904,暴雪 现在 一个 能 玩 的 游戏 都 没有 只能 吃老本 还 吃 不好
130383196832,6666
129863126144,考古 我 依然 热爱 守望 先锋
129841542400,看 ow 的 插画 突然 想起 这 条 视频 原作者 安息
129724886416,怎么 感觉 播放 变少 了
129003102144,守望 先锋 这个 游戏 只 适合 定格 在 2016 年
131339307600,2017 也 还 凑合
131792429968,被 微软 收购 了
128437539168,我 仍旧 怀念 2016 年 的 那个 夏天
131792408752,被 收购 了
128391093024,经典 回顾
128107726064,考古
127907373952,那个 夏天 回不去 了 即便 是 2022 的 10 月
127841687888,rip 既 是 这位 主播 也 是 ow
127717530352,那会 我 才刚 上 大学 啊
126887770000,RIP
126309160144,小哥 不 在 了 守望 也 不 在 了 哭泣
126156501056,RIP
125625305456,初中 看 的 鬼畜 现在 大学 了 才 玩 上 ow
126326545232,我 也 是 16 年 6 月 小学 五年级 快 毕业 的 时候 天天 看官 网 直到现在 才 玩 上
124554456688,2 要来 了 老哥
124068567168,rip
122998656560,2 要出 了
122770374112,do not play overwatch
122609714720,故地重游
122344334608,什么 也 没 了
121901118320,回顾
121592939104,都 物是人非 了
120673229440,另外 rip to etika
120483150560,还是 老活 得 劲 也 希望 主播 在 天上 过 的 开心 吧
123978065488,他 怎么 了 小可 儿 以前 不是 挺火 的 吗
123999925472,回复 : 是 视频 里 的 这个 人 他 自杀 了
120112321520,前 几秒 他 已经 暗示 观众 他 毁掉 自己 的 生活 了 表面 乐观 其实 可能 有 抑郁症 或者 生活 不顺
119911170112,我 原来 老 了 这么 多
118389619152,三年 了 物是人非
117871334944,又 是 一年
117497219680,3 年 过 得 真快
117483785984,作为 Desmond 最好 的 朋友 今天 特地 过来 纪念 一下 当初 他 这个 公寓 还是 我 给 他 的
117178003536,今天 是 2022 年 6 月 17 . 回 不到 从前 了
116796492816,6 个 d . va 冲花村
116743171952,2022 回来 打卡 还是 一如既往 的 爱 这款 游戏
116344467600,R . I . P
115728589120,没 办法 毕竟 经典 快速 太 好玩 了 竞技 狗 都 不 玩
114838014576,那年 夏天
114350339328,rip
114164962688,历史 上 的 今天
113614294128,我 只能 说 往日 不再
113068602800,ow 的 热潮 已经 散去 etika 小哥 也 已 逝去
114153371952,天 要不是 看到 你 的 评论 我 都 想不起来 这是 小可 儿 做 的
123978116656,小可 儿 怎么 了
112670360592,震动 功能 是 什么 原理
112492555232,小哥 ow2 出 了 希望 你 在 天堂 也 能 看到
112388256832,do not play ow2
112359394112,do not play ow2
112233095552,转眼 过去 了 六年
112096298960,那个 夏天 回不来 了
113897897936,对 的 兄弟
111820862080,do not play ow2
111629993360,do not play ow2
110991552032,do not play ow
110981651728,考古 2022 年 还 在 坚持 的 英雄 们 有 多少 在 2016 年 看过 这个 视频
110875722336,通宵 到 七点 就 睡 好 了
110599733360,守望 2 要来 了
110593383248,考古
110396722592,届 不到 的 16 年 夏天
110334946064,考古
110223257440,R . I . P
110187028112,回顾 青春 考古 了
110151902944,守望 先锋 2 的 体验 资格 本来 他 也 可以 有 的
112802859920,甚至 可以 再来 吐 槽 一次
112804469616,回复 : 千万别 玩 守望 2 我 每天 玩 到 半夜 一点
110142227104,哼 想 逃
110094077056,求个 壁纸 出处
109897552960,RIP
109809714384,回味 经典
109699398368,重温 经典
109693101280,今天 入坑 了
109799400272,欢迎
110112060208,欢迎
110966870880,欢迎
112153322544,欢迎
109588476608,为啥 现在 手里 可以 跟着 一起 震动 了
109499238960,又 被 顶上来 了 哭哭 物是人非 啊
109215931488,考古
109214279712,2016 年 千万别 玩 守望 先锋 2022 年 千万别 玩 守望 先锋
109132578368,小哥 不 在 了 守望 也 不 在 了
109110097184,时隔 六年 还是 我 最 喜欢 的 游戏
109056305392,为 标题 点赞
109039386336,那个 夏天 我 天天 通宵 到 下午
108898694464,2022 我 又 回坑 了
112640977216,你 确定 不是 因为 2 要出 了 吗
112662892720,回复 : 谁 能 拒绝 守望 先锋 呢
113161764480,回复 : 火速 带 我 一起 玩 快速
108894918256,他 曾经 多么 荣耀
108621293824,致命 节奏
108183367968,Xd
108147041968,给 最初 的 快乐 上个 坟 吧
108109518832,2022 年 清明节 缅怀 一下 我 的 青春
106904618192,当时 上 高中 是 真的 喜欢 这个 游戏 到 现在 大学毕业 了 也 时不时 玩 两盘 可惜 暴雪 已经 不是 曾经 的 那个 暴雪 我 也 不是 年少 的 我 了
106771841200,我 不 后悔
106171968912,我 不 后悔 首发 买 守望 先锋
105653566336,晚安
105389679216,ow2 马上 就要 来 了 你 会 回来 告诉 我 不要 玩 守望 先锋 吗
105045758224,怀念 我 的 早期 逛 站 乐趣 之一
104942387536,R . I . P
104758666576,回不去 了
104662520688,Etika 已经 回到 了 2016 年 的 那个 夏天 去 玩 他 最 喜欢 的 那 时候 的 OW 了
104339401856,令人 感叹
106440386320,这里 还要 造 米线 啊
103721346304,6 年 了 过 得 真快 啊
102765163056,那 年初三 每天 20 块钱 十块钱 吃饭 十块钱 存着 连 网吧 都 不 去 了 就 偶尔 和 同学 包个 宿 一个月 买 了 守望 先锋
102556896640,2016 年 听 2021 才 入 坑 太晚 了 哈哈
102428706416,所有 事物 都 是 第一次 最 新鲜 ow 也 不 例外 忘不了 第一次 上手 的 那个 夏天 他 也 再也不会 回来 了 我 并 不 看好 ow2 炒冷饭 罢了
102033999472,现在 再 看 感慨万千
100796910992,唉 22 年 也 回来 看下 大 兄弟 ow2 快出 了
100564282912,可惜 了 这 哥们 没玩到 OW2
100583894656,有 具体 视频 吗 他 怎么 走 了
100584204448,回复 : 抑郁 自杀 了
100523136080,时过境迁 感慨万千 每年 总会 来看 一遍 hhh
100041853584,哥们 走 了 游戏 也 快 寄 了
100583970464,有 具体 视频 吗 他 怎么 走 了
102516931888,回复 : 跳 曼哈顿 河 自尽 了 应该 是 19 年 的 事
99870995792,所以 有 什么 好玩 的 游戏 推荐 的 吗
100583977376,apex
106093493952,回复 : 我 就 知道
99802113920,物 非人 也 非
99404018624,为什么 苹果 手机 看 这个 视频 手机 会 一直 震动
99274460496,怀念 2016 也 怀念 小哥 哎
100583982720,有 具体 视频 吗 他 怎么 走 了
100677753728,回复 : 是 抑郁症 自杀 很早 之前 的 新闻 乐挺 可惜 的
99113006640,R . I . P
99095032608,那个 夏天 还会 回来 吗
99136312432,马上 就要 来 了
99021693584,看来 不止 我 一个 看到 微软 收购 暴雪 来 考古 的
99023548992,我 就 不 一样 我 是 来 听歌 的
99015815280,ow : We ' re with Microsoft now .
99014394384,正义 必将 得到 伸张 ! 我会 一直 战斗 到 流干 最后 一滴 血 我会 在 光荣 的 战场 上 证明 自己
99009430208,巨硬 收购 暴雪 了
98790607472,好 老 啊
98730490000,感谢 这个 视频 让 我 知道 我 是 什么 时候 入坑 的 ow
98067727488,不进 排位 就行了 打 王者 打 排位 打 穿越 打 排位 打 lol 打 排位 你 不 累莫闲 的 没事 去 内卷 闲 的 没事 找气生 说白了 你 不会 找 快乐
98067843424,etika 去 和 吴宏宇 玩 守望 先锋 了
97592926080,别 打 竞技 就行
96789754224,R . I . P
96758185776,R . I . P
96210445344,不进 排位 就行了 打 王者 打 排位 打 穿越 打 排位 打 lol 打 排位 你 不 累莫闲 的 没事 去 内卷 闲 的 没事 找气生 说白了 你 不会 找 快乐
96208185568,预言家
95963217744,以前 玩 ow 的 人 都 去 哪里 了 呢
98067730688,以前 玩 ow 的 人 都 去 哪里 了 呢
100439070224,以前 玩 ow 的 人 都 去 哪里 了 呢
95952708864,rip
95564984544,为什么 现在 守望 先锋 会 tm 这么 不好玩
95254446480,啊 这个 视频 原来 是 国人 做 的
95070214848,唉 真 怀念 16 年 和 朋友 们 没日没夜 玩 的 那个 夏天
98067817200,唉 真 怀念 16 年 和 朋友 们 没日没夜 玩 的 那个 夏天
94477910656,当年 是 真的 好玩 一天 不玩 都 不行 现在 是 真 不想 玩
98067859472,当年 是 真的 好玩 一天 不玩 都 不行 现在 是 真 不想 玩
98067866224,穿越 火线 也 是 刚出 特别 好玩 守望 先锋 也 是
98067750704,地下城 与 勇士 qq 飞车 逆战 全是
98067922992,还有 什么 我 想想 英雄 联盟 之前 2015 2014 的 时候 也 特别 好玩
109160697888,回复 : 现在 也 特别 好玩
93895879152,rip
93832295952,发个 评论 纪念 一下 我 洗完 澡 吹 着 风扇 也 不管 周末 作业 怎么办 的 那个 周五 的 晚上
5849834839,唯二 认识 的 etika 的 经典 时刻 然而 两个 名 场面 的 游戏 都 没落 了 令人 唏嘘 可能 永远 不会 见到 第二个 像 他 一样 说 Do not play overwatch 和 Did he just nut ? 了
93433493248,我 说 怎么 会 是 第一名 么 原来 是 16 年 的 视频
93973022128,当年 很火 的 我 当年 就是 看 这个 还 以为 暴雪 会 再次 火爆 全球 现如今 也 只能 呵呵 了
98067934368,回复 : 当年 很火 的 我 当年 就是 看 这个 还 以为 暴雪 会 再次 火爆 全球 现如今 也 只能 呵呵 了
98078473168,回复 : emmmm
5839320463,现在 这句 话 是 真的 了
93323569920,A 路人来 的
5831980774,回不去 了
5830407164,哭 了
5810262732,考古
5799790465,考古
5791527901,再也 回不去 了
5789399229,五年 了 啊
5788117038,以前 觉得 好 欢乐 现在 只 剩 一片 唏嘘
5738372956,R . I . P
5736394686,哎 Alarm 也 走 了 也许 去 天堂 教 这个 小哥 枪辅 了 吧
98067899680,他们 都 去 和 吴宏宇 打 ow 了
98067909152,这 不 就是 守望 先锋 当时 想 传达 给 大家 的 东西 吗
98067967280,各种 皮肤 的 人 黄皮肤 黑 皮肤 白 皮肤 一起 合作 他们 现在 都 可以 在 那里 一起 玩 守望 先锋 了 都 是 很棒 的 人
5731911169,2016 啊 哎
5731383634,考古
5730327801,alarm 也 去世 了
5710353769,前来 考古
5680862932,永远 回不去 的 日子
5678795169,2016 summer
5657264785,16 年 的 夏天
5645270378,16 年 玩 到 18 年 那 时候 因为 222 机制 退坑 但是 今年 我 回来 了 这个 世界 不 需要 守望 先锋 但 需要 更 多 的 英雄
5642019744,R . I . P
5635971690,rip
5633694842,笑 不 出来 了
5569357648,偶尔 还 玩玩 ow 没想到 小哥 已经 走 了
5562820870,怀念 5 年前 的 夏天
5543222138,经常 回来 看 一下 这个 视频 不 知道 怀念 的 是 2016 年 的 夏天 还是 怀念 我 的 人生 小哥 已经 去 了 天堂 守望 也 被 网易 运营 成 了 狗屎 暴雪 高层 烂 的 一批 ow2 让 人 一点 也 期待 不 起来 甚至 有点 害怕 5V5 的 来临 16 年 的 那些 人 也 都 不再 怎么 联系 了 现在 唯一 能 接受 的 是 还有 一起 坚持 守望 的 好友 还有 少数 的 热爱 守望 的 玩家 有 双向 奔赴 的 期待 大学 也 毕业 要 面临 考研 工作 的 新 人生 希望 能 越来越 好 守望 说 是 我 的 记忆 不如说是 我 的 一段 人生 的 代表 它 包含 着 我 的 大学 青春 包含 着 我 的 爱情 友情 包含 着 我 曾经 堕落 懈怠 的 时光 现在 它 是 我 新 人生 的 转折 希望 每个 守望 玩家 都 越来越 好 希望 大家 都 做 自己 生命 的 英雄
5757557582,我 永远 热爱 守望 先锋
5759324965,回复 :
5530819435,RIP
5517919732,刚入 坑 的 时候 看到 他 的 鬼畜 视频 的 断断续续 还 在 玩 ow 列表 里面 也 有 断断续续 登录 的 以前 一直 玩 的 同学 都 跑 去 玩 原神 了
5514339300,永远 回 不到 这个 夏天
5514340049,时隔 五年 再 回来 看 这个 视频 不 自觉 热泪盈眶 大家 都 还 在 但 好像 又 都 不 在 ...
5514350059,正在 前往 漓江 塔
5509472098,想 回到 17 年 和 18 年 唉
5475616183,回来 考古 一年 多 没 更新 了
5464430873,现在 没 了
5454219844,这 都 有 这么 多人 考古
5436473567,b 站 这么久 从来 没 评论 过 献给 守望 先锋
5407933231,为什么 我 一直 在 哭 以前 看到 明明 笑 得 很 开心
5405713984,买断 制 的 竞技 合作 匹配 导致 匹配 设置 完全 是 在 确保 新手 体验 老 玩家 不是 给 你 带 新手 就是 匹配 挂合 着 玩 时间 一长 你 就 成 了 陪练 工具 人 最早 还有 等级 匹配 限制 后来 小号 泛滥 就 更 无法 估计 匹配 体验 了 隐藏 分 设置 就是 来 鼓励 购买 新 号 不断 刷 数据 的 这 不明说 确实 在 这么 做 而 鼓励 刷 数据 就是 变相 鼓励 开挂
5374528937,我 是 一 九年 高考 完 开始 玩 守望 先锋 的 这个 游戏 对 我 来说 真的 太有 魅力 不同 英雄 的 各种 技能 fps 对 枪法 的 要求 各种类型 的 地图 模式 立体 的 战斗 空间 队友 间 的 技能 搭配 团战 等等 虽然 很多 人 都 说 她 要 凉 游戏 环境 比 以前 差多 了 但 我 还是 很 喜欢 这个 游戏
5387272712,我 也 是 嘴上 骂 着 但是 还是 上瘾
5525096414,回复 : 这个 游戏 给 我 最大 的 乐趣 就是 可以 和 所有人 互动 互相 你好 我 最 喜欢 在 打赢 一波 之后 发 你好 了
5367429329,好 想 回到 那个 夏天
5370562107,好 想 回到 那个 夏天
5412716319,哈哈 哈哈哈 是 啊 现在 我 都 大四 了 想 起来 那 段时间 也 是 蛮 开心 的
5354954106,yep
5351475511,再也 笑 不 出来 了
5349152982,守望 先锋 就 像 复仇者 联盟 一样 故事 走到 了 结局 也 该 结束 了
5328647865,我 真的 好 喜欢 这个 游戏
5315155128,再也 回不来 了
5317156470,回复 : 看 之前 的 评论 区 莫名 的 难受
5320613806,回复 : 是 啊
5349146981,回复 : 我 也 是 满满的 心酸
5351801301,回复 : 之前 是 弹幕 没法 看 好歹 有 十级 过滤 现在 评论 区 个个 都 是 不会 说话 的 阴阳人 什么 都 能 吵起来 看 完 血压 拉满
5268787402,走 好
5264114201,我 的 苹果 手机 震动 的 我 好 舒服
5264052891,再也 回不去 高考 完 的 那个 夏天 了 巅峰期 的 暴雪 随着 我 的 青年 时期 一起 过去 了 感谢 从 01 年 陪 我 到 17 年 的 暴雪 我 老 矣 你 也 不行 了 我 不用 担心 我 工作 忙 起来 玩 不了 暴雪 的 新 游戏 了 希望 你 能 早些 死 把 这些 故事 交给 冰霜 巨人 让 我 的 儿子 有 新 的 游戏 公司 可以 喜欢
5241961632,etika 生前 遗憾 没有 看到 进击 的 巨人 结局 不 知道 如果 他 看到 了 会 是 什么 感受
5241685498,我 一直 认为 他 成为 了 巴蒂斯特
5262722874,卧槽 好像
5240928024,16 年 的 视频 出现 在 首页
5235665728,2021 前來 考古
5230858822,别玩 守望 先锋
5226502194,英雄 不朽
5154569356,我 是 怎么 翻 到 这个 老古董 的 第一次 看 这个 视频 还是 二级 号 哈哈哈
5159500302,四年 五级
5160253149,回复 : 嗯
5160865819,回复 : 我 两年
5340798630,回复 : 我 也 四年 5 级
5340929918,回复 : 白嫖怪 是 吧
5645261168,回复 : 五年 六级
5645394171,回复 :
5150788285,入 B 站 看 的 第一个 视频
5149496986,这个 世界 不 需要 守望 先锋
5349152143,守望 先锋 就 像 复仇者 联盟 一样 故事 走到 了 结局 也 该 结束 了
5148325053,现在 都 不 玩
5146981431,以前 别碰 守望 先锋 现在 别碰 守望 先锋
5122908339,视频 里 的 主播 已 去世 R . I . P
5109972537,想念 那个 夏天
5098246231,现在 守望 先锋 狗 都 不 玩
5270698237,对 啊 所以 不玩 的 都 是 狗 喽
5432223533,回复 : 顶级 语文 建议 复读
5083634444,我 认识 这个 人 他 后来 加入 了 守望 先锋
5072757339,因为 这个 视频 我 才 知道 守望 先锋 的 太 怀念 那个 时候 了
5072303434,谢谢 你 那年 夏天 给 我 带来 的 快乐 夏天 校园 守望 先锋 黑人 小哥 谢谢 你
5057174501,正在 前往 漓江 塔
5007401005,可惜 也 就 仅限 刚出 的 两年 真的 火出 圈 现在 真的 那个 都 不 玩
4993416149,再见 哥们 再见 小可 儿 再见 守望 先锋
4991923317,一路 走 好 兄弟
4949873261,他 说 的 果然 没错
4948313825,看 的 时候 我 小升初 现在 马上 高二 了 ow 是 我 喜欢 最久 的 游戏 希望 ow2 热度 能 有 1 的 一半
5055929390,2 什么 时候 会出
5062848025,回复 : 没有 说 多久 出 我 感觉 应该 是 明年
5155459462,回复 : 明年 也 不会 出 了 哎 ow 真的 是 一手 好牌 打得 稀烂
4915401688,再 听 一遍
4911345740,妙 啊
4907327643,5 年 了
4904639166,有 哪位 大佬 知道 怎么办 今天 回归 玩 守望 先锋 说 我 账号 缺少 守望 先锋 权限 我 明明 买 了 游戏 2018 年 买 的 游戏 数据 都 有
4969020772,暴雪 特色 联系 客服
4896889961,捏 麻麻 的 当初 就是 看 这个 视频 入 的 坑 结果 现在 天天 坐牢 不 知道 天国 的 这 哥们 看见 现在 的 ow 会 怎么 想
4829849510,哎 回不去 了
4833631083,回复 :
4820444897,4500
4795308445,中文 下次一定 英语 next time 葡萄牙语 Da prxima vez 日语 次 瑞典语 Nsta gng . 希腊语 . 意大利语 La prossima volta . 法语 la prochaine fois 越南语 Ln sau 中文 繁体 : 下次一定 文言文 下次 必 盘语 下次 盘盘 哲语 下 刺 一 腚 嘤 语 嘤 嘤 嘤 嘤 嘤 戴夫语 歪 比巴卜 卢语 得 得 得 得 得 得 .. 白 嫖 专用 逃跑 机 下方 点击 乘坐
4787607704,什么 时候 ow 变成 了 现在 这个 样子
4889884938,不 懂 就 问 现在 怎么 了
5218423749,回复 : 一年 没 更新 了
5280195196,回复 : 要出 2 了 不过 不 知道 啥时候 出
5281182339,回复 : 最近 官方 才 发布 的 消息 说 22 年 无望
5281779568,回复 : 草
4746032768,我 永远 喜欢 守望 先锋
4727619486,我 今天 才 买 守望 先锋 还是 贵 的 那 一版 兄弟 萌 我 算 伞兵 吗
5483180507,亏大 了 哪怕 你 是 在 铁拳 出 之前 买 的 都 能 体验 到 当时 的 氛围 现在 对不起 兄弟 你 真的 买 亏了 挺 难过 的
5797376054,我 也 是 今年 高考 完买 的 还 买 了 两个 号
4716889431,我 永远 喜欢 守望 先锋
4683655754,刚 开始 玩 守望 的 时候 打 竞技 有个 妹子 打 完后 加 我 虽然 输 了 但是 还是 说 我 玩 的 很 好 之后 便 理所应当 的 一起 玩 了 一年 多 她 年龄 也 就 20 来 岁 我 也 就 十多岁 但是 我们 依旧 关系 很 好 直到 高考 了 我 需要 一段时间 奋斗 但是 却 发现 她 再也 没有 上过 号 好友 也 从 20 多个 变成 了 100 个 之后 两年 多有 一两次 她 上 过线 我 问 她 是 为什么 不玩 了 他 却说 他 不是 号主 至今 我 现在 都 不 知道 她 是不是 把 号 送给 别人 了 又 或者 被盗 了 我 只是 希望 有 一天 如果 你 还 能 看见 我 的 评论 我 不 指望 你加 我 好友 只是 想 知道 你 是否 还 在 坚持 这个 游戏 科科 爱喝 雪碧 来自 Noa
4658938349,不 知道 为什么 一群 人 跟风 说 玩 ow 的 人 喜爱 就是 喜爱 没什么 不 可以 的
4649287370,英雄 不朽
4640762948,充实 了 黑名单
4634044310,2021 年 回忆 一下 当初 当初 玩 的 时候 看到 这个 视频 真的 好玩 哈哈哈 看 了 这个 视频 瞬间 回到 2016
4649425950,一样
4622034891,物是人非 事事 休
4622032750,5 周年 了
4620546162,这个 是不是 玩 光环 的 那个
4599814080,预言家
4589507970,预言家
4586419359,( 转 ) 这个 视频 可以 证明 当年 守望 先锋 是 有 多 火 了 ( ` )
4581956395,5 年 了 预购 玩家 刚刚 卸载 守望 先锋 暴雪 赶紧 死 吧
4571654809,现在 看着 这个 视频 我 又 想到 之前 快乐 的 时光
4570466820,守望 先锋 我 都 不 玩
4568793078,狗 都 不 玩
4571735842,你 冲 暴雪 啊 你 冲 ow 爪子
4578996020,回复 : 不好意思 激动 了
4598680460,回复 : 游戏 本身 是 没错 的 暴雪 才 nm 贱
4565294543,do not play overwatch
4564187774,正常 玩家 一般 都 不会 在 这 视频 底下 刷
4562983377,守望 先锋 也 RIP 了
4582555323,很 抱歉 的 告诉 你 并 没有 匹配 时间 反而 更 短 了
4620780792,回复 : 真的假 的 我 只 知道 风暴 英雄 乱斗 秒 排
4654839370,回复 : ei . 真的 能 秒 排 吗
4655511662,回复 : 等 几秒钟 就 可以 了
5280198008,回复 : 真的 现在 守望 先锋 白送 了 这 两天 玩 匹配 都 贼 快
4556138636,守望 先锋 狗 都 不 玩
4555941798,带 预言家 刀 了
4554268129,回来 了 这个 世界 不 需要 守望 先锋
4624269843,去 骂 暴雪 动视 啊 去 冲 韩国 人 和 联赛 方 啊 别 跟风 乱刷 自己 好好 想一想 又 不是 游戏 内容 乱搞 是 韩国 队伍 和 赛事 官方 nt 啊
4553129191,回来 了
4552892504,预言家 赶紧 刀 了
4552684054,预言家 刀 了 刀 了
4552549531,"RIP , do not play overwatch"
4550713582,啊 暴雪 自作孽 为什么 带上 我 的 老婆
4550686017,带 预言家 RIP
4550195751,翻到 了 这个 视频 我 先来 rnm 暴雪 退钱
4550049030,大 预言家
4548970481,是 的 不要 玩
4548828172,怀念 啊
4548692219,这样 这个 视频 火 一遍
4548485003,这 两年 咋 这么 多事 呢 ......
4547627503,究极 预言家 rip
4547542854,真的 再也 回不去 那个 夏天 了
4546294635,"大 预言家 呀 xd , 守望 先锋 给爷 死 暴雪 给爷 爬"
4545766613,RIP
4544847292,真 预言家
4544816489,16 年 预购 ow21 年 删除 ow 尽力 了 RIP
4550049071,你 多 玩 一会 他们 服务器 就 多动 一会 你 都 付过 钱 了 你 退游 你 就 便宜 他们 了
4544262666,笑 辣
4544245274,没人 玩 了 这个 主播 也 不 在 了
4543802239,太 奇妙 了 2021 被 推到 这个 视频 这个 世界 不 需要 守望 先锋
4543650879,预言家 刀 了
4543425371,你 的 愿望 成真 了 很快 就 没人 玩 守望 先锋 了 大 预言家
4543141329,玩 尼玛 守望 先锋
4543055063,预言家
4542947014,守望 先锋 狗 都 不 玩
4542911197,预言家
4542791259,21 年 棒子 rh 时期 前来 考古
4542415269,还好 我 重来 没有 玩过 守望 先锋 守望 先锋 给爷 爬
4542299438,不 需要 守望 先锋
4542297663,芜湖 一路 走 好
4541851082,最早 的 预言
4541301189,这个 世界 不 需要 守望 先锋
4541150736,真刀 了 预言家 致敬
4540982822,2021 年 5 月 9 日 了 大家 都 别 玩 暴雪 游戏 了
4540512450,这个 世界 不 需要 守望 先锋
4540360176,这个 世界 不 需要 守望 先锋
4540297852,刀 了
4540278817,这个 世界 不 需要 守望 先锋
4540015754,带 预言家 一路 走 好 我 应该 相信 你
4539991842,不 要 玩 守 望 先 锋
4539764506,在 ins 的 守望 先锋 没有 看到 中文 为什么 为什么 为什么
4540526791,ins 会大 数据 往下压 中文 评论 还会 给 你 推 各种 负面新闻 关于 国内 的 我 都 是 去 看 女 菩萨
4539759286,大 预言家
4539744958,这个 世界 现在 已经 不 需要 守望 先锋 了 2021.5 . 9
4539528552,紧 跟 时 事
4543307516,用词不当 这 都 2016 年 的 玩意 了
4543400379,回复 : 看过 最近 的 消息 么
4539515542,这个 世界 不 需要 守望 先锋
4539359518,五年 前 的 预言
4539230416,这个 世界 不 需要 守望 先锋
4539167299,这个 世界 不 需要 守望 先锋
4539031305,带 预言家 希望 预言 更 多
4538834732,我 知道 你 点开 按 时间 顺序 是 要 看 什么
4539371979,把 摄像头 拆掉 听见 没
4538816561,我 是从 2021 年 来 的 守望 先锋 要凉 了
4538805368,在 为什么 点 按 时间
4538802376,因为 想 看 大伙 骂 守望 先锋
4538830819,因为 现在 守望 先锋 狗 都 不 玩
4538628598,千万 不要 玩 守望 先锋 因为 这个 世界杯 不 需要 守望 先锋
4538626038,别玩 千万别 玩 暴雪 垃圾 老兄 R . I . P
4538428562,大 预言家
4538421226,真实 预言家 这个 世界 不 需要 暴雪
4538259871,我 猜 你 会点 开 按 时间
4538275236,给爷 整笑 了
4539101856,所以 我 想要 你 头像 原图
4538224937,不问 过程 不问 结果 RH 抵制 就 对 了
4538186029,都 不 在 了
4538096230,这个 世界 真的 不 需要 守望 先锋 了
4538006848,大 预言家
4537899463,提前 预言
4537782507,谢谢 已经 转瓦 了
4537747489,大 预言家
4537741282,来自 2021 的 穿梭 者 一语 成 谶
4537577293,预言家 兄弟
4537550868,2021 年 考古 Do not play overwatch
4537489519,这个 世界 不 需要 守望 先锋
4537440922,CBOB 事件 考古 小哥 你 说得对
4537390661,预言家
4537354151,2021 年 5 月 守望 先锋 死 了
4537198065,这个 世界 不 需要 守望 先锋
4537104069,这个 世界 不 需要 守望 先锋
4536733404,老片新看
4536692907,这个 世界 不 需要 守望 先锋
4536687097,杰夫 离职 守望 先锋 被 自己 玩死 了
4536579720,草带 预言家
4536060412,哎 因为 这个 视频 入坑 的 守望
4536026851,预言家
4535912683,预测 未来
4535600410,这个 世界 不 需要 守望 先锋
4535425551,带 预言家 回来 刀 了
4534880783,有缘 再见 守望 先锋 动视 你 还 我 以前 的 暴雪 我 现在 真的 很 想 哭 啊
4534759906,只能 说 动视 你 nb 如果 是 rh 宁愿 放弃 我 玩 了 快 五年 的 ow
4533660486,确实 不玩
4533211193,这个 世界 不 需要 守望 先锋
4532913589,现在 是 实至名归 了
4532638191,不要 只 满足 于 事物 的 表象 要 敢于 探寻 未知 的 可能 . GGOverwatch
4532476418,这个 世界 不 需要 守望 先锋
4532456280,五年 属实 是 带 预言家 了
4532226962,没关系 朋友 守望 先锋 对 你 露出 最好 的 一面 欢迎 回来 你 的 故乡 还有 从前 的 守望 先锋
4531918997,确实
4531711242,他 说得对 这个 世界 不 需要 守望 先锋
4531682096,守望 先锋 狗 都 不 玩
4531222931,这个 世界 不 需要 守望 先锋
4531154410,AV972916622
4530879364,这个 世界 真的 不 需要 守望 先锋 了
4530869046,这个 世界 不 需要 守望 先锋
4530799493,这个 世界 不 需要 守望 先锋
4530760460,这个 世界 不再 需要 守望 先锋
4530727016,R . I . P . again
4530353471,确实 已经 不 需要 守望 先锋 了
4530299045,别玩 ow 暴雪 已经 用 行动 告诉 我们 这个 世界 不 需要 守望 先锋 了
4530041194,今天 舍友 提到 了 ow 我 又 想起 了 你
4480369334,R . I . P
4466643347,英雄 不朽
4445629815,今天 姐夫 从 暴雪 离职 了 守望 先锋 真的 要死 了
4445250654,今天 姐夫 离开 了 暴雪 我们 守望 先锋 好像 真的 完蛋 了
4414024881,考古
4400751839,21 年 了
4373984301,第二遍 笑 不 出来 了
4361426306,当面 刚玩 的 时候 太 快乐 了
4352421094,很 早就 听过 这个 23333 但是 今年 才 开始 玩好 喜欢 自定义
4350121637,当时 还 在 上 高中 198 买 的 很多 人 玩 现在 免费 了 也 凉 了
4344192734,时隔 五年 五年 再 回来 突然 发现自己 的 第一条 收藏 就是 这个 看 下来 唏嘘 不已 这 五年 经历 了 很多 从刚 结束 高考 的 孩子 变成 了 一只 工作 经验 快 一年 的 留学 狗 当时 的 守望 先锋 真的 很 好玩 用 最 痴迷 的 源氏 玩上 了 宗师 但是 为什么 突然 就 没 坚持下去 呢 是 我 变忙 了 还是 变 厌倦 了 呢 只能 说 一句 物是人非
4357633913,国外 人 不 爱玩 这个
4330174612,时代 的 眼泪
4321777304,RIP
4298672650,还 能 翻到 远古 视频
4293197640,麻 了 怀念 过去 的 自己
4252219014,rip
4243682811,16 年 的 那个 夏天 和 我 的 青春 一去不复返了
4229903929,正在 了解 历史
4229287438,加油 守望 人
4229102194,每当 我 坚持 不 下去 了 都 会 来 看看 这个 视频
4227165333,回来 考古 坚持 了 五年 一如既往
4182721614,再也 回 不到 2016 的 夏天 了
4189010399,那年 我 刚入 站
4229108550,回复 : 我 也 是
4182281704,当时 守望 先锋 新出 的 时候 确实 上头 因为 太 新颖 了 宣传 的 也好 后来 就 完 了
4176910370,泪目 回来 补个 收藏
4168680378,16 年 的 夏天 高中毕业 还 没 接触 ow 大 一下 学期开始 玩 现在 玩 的 人 也 不 多 了 但是 还 能 遇到 玩到 一 起来 的 玩家 我 永远 爱 守望 幸福
4167715986,曹 末日 铁拳 来 吐 槽 了
4160666620,预言 成真 了
4156669904,青回 ow2
4112341872,我 现在 才 有 机会 玩 到 守望 大家 都 说 现在 风气 很差 但 其实 我 玩 得 还 挺 愉快 的 不少 队友 会 相互 问好 发 感谢 除夕 那晚 大家 在 公聊里 共祝 新年 ... 这 就是 萌新 的 快乐 吧 刚刚 玩完 来 这 看看 大 兄弟 晚安
4167415043,走 路边 跳边 说 你好 很 是 亲切 年三十 那天 打 快速 模式 还有 几分钟 十二点 然后 有 队友 提议 咱别 打 了 12 个人 站 一块 截个 屏 很 是 可爱
4268787462,这 就是 团队 游戏 的 魅力 阿
4055148651,以前 不 开心 看 这个 会笑 但是 现在 不敢 点开 了 ...
4046025910,考古
4014222750,回不去 了
3981884104,手机 在 震动 咋 回事
3977562803,愿 逝者 安息
3955237580,英雄 不朽
3951330274,疫情 二次 反弹 时代 考古 各位 要 保重 身体
3947271806,ow2 出来 了 可惜 你 不 在 了
4242645114,出个 毛
3941776189,再 来看 一遍
3939280120,唉 有点 难受
3938229836,我们 已经 回 不到 四年 前 的 那个 夏天 了
3937501580,好友 列表 全灰 了 偶尔 还 能 看见 极个别 的 上线 上来 也 是 玩 自定义 或者 PVE 活动 唉 没 PVE 活动 他们 真的 很少 上 PVP 其实 做 的 很 好 了 奈何 玩家 素质 不行 五分之一 菜鸡 闭麦 不 交流 五分之一 锁 的 你 头烂 五分之一 嘴 臭 的 不行 输 了 就 乱 甩 锅 五分之一 信仰 英雄 对面 猩猩 毛妹 法鸡锤妹 和尚 铁拳 他拿个 源氏 就是 不换 你 换个 麦克雷 黑影 小美 艾什 回声 哪个 都 比 源氏 强 拔刀 冲人堆 进去 大 概率 被控 到 死 五分之一 演员 故意 掉 分 报复 社会 或者 是 对面 的 卧底 尤其 是 下午 7 点到 晚上 10 点锁神 遍地 都 是 快速 街机 甚至 玩 个人 机 匹配 也 有 真是 服 了
3935176419,记得 这个 视频 还是 我入 坑 ow 时候 看 的
3933421909,太快 了 第一次 看 还是 初中 时 我 同学 给 我 看 的 转眼 四年 了
3978073001,可惜 他 和 宏宇 应该 想不到 吧 那个游戏 如今 变成 了 这样
3932440681,有 未成年 限制 的 我 表示 不要 碰 守望 先锋
3930620922,我 永远 爱 守望 先锋
3914377291,OW 出 了 四年 半 了
3908698765,顺着 自己 的 收藏夹 看 了 很多 以前 的 ow 视频 搞笑 的 mmd 主播 的确 回不去 了 看见 有些 账号 都 销号 了 我 也 不 知道 为什么 自己 还 在 玩 可能 真的 会玩到 匹配 不到 人 的 那天
3904118703,已经 回不去 了 时间 过得 太快 太快 了
3893283760,不知不觉 都 已经 4 年 了 啊 时间 过得 真快
3893265146,rip
3880949351,我们 已经 回 不到 四年 前 的 那个 夏天 了
3870897526,一路 走 好
3870425779,英雄 不朽
3864875099,原来 守望 先锋 已经 出 了 这么 多年 了 时间 过 的 真快 啊
3861663690,20 年 翻到 了 谢谢 这个 主播 让 我 认识 了 守望 先锋 RIP
3835238095,R . I . P
3820671913,rip
3817957421,考古
3803103765,英雄 不朽
3789912287,如今 的 守望 已经 是 风烛残年
3788986154,我 回来 了 当初 就 因为 这个 视频 入坑 的 ow 一路 走 好
3754613209,英雄 不朽
3706315015,唉 一路 走 好
3693157451,晚安 .
3688086274,唉 现在 守望 做 的 真的 碰 不了 了 平衡 做 的 好像 shi 一样 原来 一 寝室 五个 人 开黑 打屁股 现在 碰 都 不 碰 了 最 离谱 的 是 现在 英雄 普遍 削弱 游戏 难度 整体 变高 本来 国服 就 没 几个 玩得 好 的 还 增加 游戏 难度 吐 了
3758263556,外服 普遍 纠结 于 英雄 平衡 新 英雄 技能 owl 的 时候 我们 国服 已经 超越 了 他们 几十个 版本 突破 了 界限 拯救 了 平衡 导致 的 无力解决 了 技术 不佳 能力 不足 导致 的 掉 分 填补 了 英雄 克制 造成 的 失败 组成 了 奥斯卡 之夜 与 决战 紫荆 之巅 锁子哥 永远 滴神
3776683604,回复 : 国服 和 外服 的 相关 英雄 改动 不 一样 吗
4046893476,回复 : 他 的 意思 是 国内 的 自 瞄 拯救 了 英雄 的 弱化
4065026624,现在 的 守望 什么 都 好 就是 不好玩
3676944794,感觉 这位 主播 的 死 就 两种 可能 1 真正 意义 上 的 抑郁症 或者 被害 妄想症 这个 是 有 可能 的 2 邪教 懂 的 都 懂
3634566281,16 年别 玩 是 中毒 现在 别玩 是 真的 R . I . P
3611337697,我们 再也 回不去 四年 前 的 夏天 了
3599537709,太靠 后 了 当年 没 看到 我 现在 莫名 秒 一天 过去 了 只 因为 文明 6
3597263742,鬼 知道 我 在 今天 刷到 这个 视频 是 什么 感受
3591289444,我 相信 一般 人会 比较 希望 别人 记住 自己 活着 的 样子 而 不是 死 掉 的 样子 节制 一点
3588695805,哎 怀念 回来 看看
3585319188,RIP
3584462706,说 的 真 好 真 感人 差点 就 不想 买 了
3572519253,我用 14 年 的 Dell 工作站 玩 屁股 卡 的 一批 但是 还是 爱玩 很菜
3603660100,m6800 吗 建议 可以 上 970m
3615706120,回复 : 4700
3554660720,R . I . P
3518911999,再见 一路 走 好
3514456374,莫名 听 的 好 感动
3507358152,前 几天 看 那个 视频 的 时候 刷到 这个 小哥 看到 都 是 RIP 有人 讲解 一下 怎么回事 嘛
3507362801,他 死 了
3507370635,回复 : 我 知道 是 死 了 但是 为什么 说 不要 玩 守望 先锋 什么 的
3507369831,回复 : 你 能 看 他 怎麼 說
3515199317,回复 : 一玩 就是 几小时 跟 吸毒 一样
3515630560,这 哥们 因为 压力 太 大 自杀 了
3471331238,人 走 了 游戏 也 凉 了
3457760282,do not play Overwatch
3456534650,内个 内个
3438609104,Etika 去世 也 有 一年 了
3441043371,收藏夹 回忆
3425456592,RIP
3378808138,R . I . P
3366294374,我 的 手机 为什么 感觉 在 震动
3365955503,游戏 还是 早玩早 享受 啊 刚玩 的 时候 真 开心 啊 玩半藏 只能 用散 杀人 麦克雷 无脑 六 连 在 尼泊尔 村庄 练 一个 上午 的 超级 跳 路霸 的 跟踪 勾 大锤 的 2000 盾 砸 炮台 升级 阿三放 传送门 有 次数 限制 抽烟 流 天使 那 时候 疯狂 痴迷 过 了 一段时间 变成 了 极度 厌恶 几个 赛季 没 玩 现在 心态 放平 打 打死 斗 玩玩 自定义 又 让 我 想起 了 这个 鬼畜
3435826997,现在 看来 他 是 对 的
3598764249,建议 暴雪 几年 后 出个 怀旧 服再 捞 一波 钱
3861388949,麦爹 闪光弹 加六 连天 国 的 散 天使 的 大
3348564078,rip
3347952804,当年 守望 相关 能 上 日 榜 第一 现在
3337159757,R . I . P 再也 回 不到 守望 先锋 发售 的 那个 夏天 了
3336518887,rip
3326529199,才 知道 R . I . P 在 上面 要 快乐 啊
3309147872,我 记得 原先 的 up 主是 小可 儿
3413066317,这 就是 呀
3432932510,改了 名字
3464021653,回复 : 没 改名 小可 儿 转型 了 把 这些 鬼畜 作品 都 给 这位 up 主了
3464023422,回复 : 噢 噢 我 才 知道
3307527245,手机 会 跟着 这个 视频 震
3298892933,英雄 不朽
3279805678,守望 牛 逼
3278867930,rip
3277975749,屏幕 上 的 ow 桌上 的 维 他 柠檬茶 耳机 里 的 giligili 爱 梦回 2016
3272111892,来 考古
3257450008,RIP 守望 和 这位
3253689802,我 看到 这个 视频 满屏 RIP 我 还 以为 这个 人 被 骂 了
3237166952,唉 守望 已经 四年 了 看着 她 从 纯洁 变成 现在 这样 比较 难受 当年 的 伙伴 也 就 几个 还 在 坚持 玩 守望 一 开始 的 激情 已经 消磨 的 差不多 了 是 游戏 变 了 还是 自己 变 了 亦 或是 都 变 了 R . I . P
3245632768,别玩 排位 就 好 了 玩死 斗 就 挺 香 的
3200739774,安息
3198427992,rip 走 好 黑人 小哥
3188138785,一晃 这么 多年 过去 了 啊 当年 的 和 我 一起 首发 守望 的 挚友 现在 还 在 坐牢 哎
3245640078,啊 这
3306323129,啊 这
3179423247,梦回 2016 的 那个 夏天
3169962723,在 我 刚 接触 ow 的 时候 就 看到 了 这个 视频 尽管 我 很 菜 但 还是 对 这个 游戏 喜欢 的 无以复加 时至今日 我 对 这个 游戏 却 再也 没有 当初 的 感觉 了 或许 这 就是 游戏 的 宿命 吧
3169637116,好 兄弟 们 加个 群 一起 玩 呗 809732055 一个 人玩太 孤独 了
3154807612,2020 年 又 重新 看 了 遍 眼泪 流 出来 真是 早买 早 享受 了
3153813842,考古
3152181330,r . I . p .
3142613469,这个 视频 不是 小可 儿 做 的 吗 怎么 up 改了
3174428520,可儿 把 视频 删 了 ...
3139914884,考古
3138645269,R I P
3126915566,安息
3087946423,2020 年 端午节 快乐 我 祝您 端午节 快乐 一路 走 好
3080406990,害 当年 刚入 守望 我 跟 我 朋友 看 的 视频 怎么 就 这么 走 了 R . I . P
3073602422,献出 心脏 他 好像 还 喜欢 巨人 r . i . p
3057338791,R . I . P
3055662781,曾经 被 这 视频 困了 一整天 没想到 ...
3054395736,都 这么久 了 吗
3048813655,老哥 不是 死 了 是 去 任天堂 了 R . I . P
3043953146,那年 夏天
3036127133,暴雪 : ok 那 我 让 Overwatch play you 出来 吧 巴蒂斯特
3030211289,我 永远 爱 守望 先锋
3024975984,已经 没有 东西 能 伤害 到 我 了 你 再也 回 不到 4 年前 的 夏天 . JPG
3022662922,R . I . P
3014707623,四年 前 给 这 视频 投了币 直到现在 才 开始 玩 ow
3013582973,守望 已经 四年 了 兄弟 们
3010841899,动森 异度 之刃 1 还有 未来 的 纸马 你 都 没玩到 R . I . P
3007355890,一路 走 好
3006738364,愿 你 的 灵魂 找到 归宿
3001745161,R . I . P
2996211971,他 错过 了 动物 之森
2989287764,rip
2989049572,逝者 安息
2985452837,愿 逝者 安息
2966144483,2020 年 守望 先锋 可以 说 是 基本上 等于 免费 了 R . I . P
2965936323,考古
2958912441,回来 看一看 怎么 就 rip 了
2960716425,这个 鬼畜 视频 里 的 小哥 去年 暑假 走 了 因为 压力 太大 没 想开
2957069575,距离 当初 第一次 看到 这个 视频 好像 并 没有 过 多久
2952655315,ow 已经 不是 当年 的 守望 屁股 了 小哥 也 已经 不 在 快 一年 了
2948666149,ow 四年 了 唉 真快 啊
2940387095,四年 了 英雄 不朽
2933652972,转眼 就 4 年 了 呀
2930258484,安息
2923657207,考古 上 香
2918684747,哈哈哈 哈哈
2892636585,小可 儿 ~
2875233373,RIP
2870428053,安息
2868435015,WC 这 视频 发布 的 日期 三年 后 正好 是 ETIKA DIED 的 时间 哎
2867110337,考古 rip
2863772933,唉 回不去 了
2858025857,唉 那个 夏天 已经 回不去 了 啊
2847391334,16 年 的 夏天 回不去 啦 . 只能 说 再见 了
2840076926,R . I . P
2839926636,R . I . P
2825132886,ow 巅峰
2800915095,rip
2797790453,我 爱 守望
2792005880,R . I . P 还有 多少 人 记得 当年 的 屁股 有毒 现在 为什么 变成 这样 了 呢 一堆 锁 和 喷子 动不动 就 甩 锅 明明 现在 技术 比 原来 好 那么 多 了 却 为什么 没有 当时 那么 开心 了 呢
3003463330,回复 : 可以 说 命中 要害
2791370492,忘不了 你 的 ut
2785939187,R . I . P
2776674644,最后 的 前往 漓江 塔 是因为 宏宇 的 彩蛋 还是 只是 因为 是 中国
2808539476,应该 都 有
2774438794,RIP
2767547910,前来 考古
2767068523,Etiya
2762567858,怀念
2760365054,RIP 刚想点 开 这个 视频 想 回顾 一下 谁 知道 满屏 的 RIP 我 就 感觉 有点 不 对 看 了 评论 才 知道 斯人 已去 希望 在 天堂 会 快乐 !
2943843984,被 逼 到 自杀 的 资本主义 特色 ...
2996221791,回复 : 和 制度 没关系 单纯 的 网暴 我国 也 不少
2756414581,好 伤心
2752615032,今天 醒来 的 时候 发现 不管 是 痛苦 的 还是 美好 的 都 过 了 ... 这 就是 时间 吧
2749295857,守望 先锋 为了 纪念 他 设计 了 巴蒂斯特 大雾
2808550467,太有 可能 了 越 看 越 像
2822317128,细思极 恐
2745158768,R . I . P
2738274937,再也 回 不到 4 年前 的 夏天 了 呜呜 呜 爷青结 ( _ )
2798572741,看 清洁工 了
2799462006,回复 : 是 der 就是 青结工 . jpg
2731897027,物是人非 啊 R . I . P
2708623371,說 的 在 理
2706673517,我 从 2020 年 回来 了 守望 变味 了 好 想 回到 2016 年 那个 夏天
2702773240,某种意义 上 这个 视频 里面 的 东西 基本上 都 凉 了
2699570358,R . I . P
2699392047,R . I . P
2691033717,墙裂 建议 自定义 模式 加入 特别 行动 的 黑 爪 士兵
2687255571,越 听 越 带感
2673870037,rip
2663449044,又 一次 收到 温斯顿 的 邀请 这次 你 还 来 吗
2687255916,你 给 我 出 198 吗 来来来 就 知道 来来来
2687292508,回复 : 没事 早晚 有 一天 会 变成 团购 38
2707448067,不 来 爬
2659158614,R . I . P 愿 天堂 有 你 喜欢 的 那个 守望 先锋
2655659887,多少 人 是因为 这个 视频 入坑 的 ow
2653117836,R . I . P
2650614469,rip
2648299557,R . I . P
2645069499,考古
2644830763,表面 上 逗 你 开心 的 人 其实 一点 也 不 开心
2650289842,小丑 在 哭 可 观众 却 以为 他 还 在 搞笑 ......
2638230761,rip
2634428259,唉 屁股 2 就要 出 了 但 我们 不能 再 一起 玩 同一个 游戏 了 ( ` )
2627387934,有点 想 哭 好 可爱 的 小哥 怎么 就 R . I . P
2627099529,R . I . P
2621110659,看 了 这个 之后 入 了 ow 现在 人 也 走 了 ow 也 早已 不是 以前 的 ow 外挂 横行
2616443082,R . I . P
2612334060,RIP
2609898368,R . I . P
2606474889,另 一个 世界 再会
2606355396,R . I . P ...
2605073763,今天 才 知道 这个 消息 RIP
2601996243,你 之前 那么 期待 的 动森 大家 都 开始 玩上 了 可是 你 却 不 在 了
2598843563,只有 B 站 老 用户 才 知道 的 宝藏
2616778814,是 啊 当时 还 拿到 班里 跟 同学 一起 看 呢
2620106127,回复 : 我 12 年 初中 那会 班上 的 电子白板 就是 用来 放 鬼畜 的 知道 嘛 和 一群 都 喜欢 鬼畜 的 同学 待 在 有 起 是 有 多 开心
2631622078,哈哈 老 用户 加 守望 先锋
2632453860,回复 : 姐妹
2632625905,回复 : 惹
2593142895,梦 开始 的 地方 ..
2591064697,R . I . P
2582152796,风暴 要火
2576424590,锁望 仙峰
2573352969,回声 时代 考古 我们 无比 怀念 铁拳 时代
2567853353,哈哈哈哈 太逗 了
2565246902,一路 走 好
2562394963,当 玩游戏 为了 快乐 变成 玩游戏 为了 每周 任务 成为 束缚 不 就 和 ETIKA 一样 了 么 你 说 对 不 对 啊 玻璃 渣
2561835927,一切 再也 回 不到 16 年 的 那个 夏天 了 视频 里 的 老哥 不 在 了 守望 也 完全 失去 了 以前 的 味道 了
2560405927,恢复正常 生活 时代 前来 考古
2558434983,他 变成 了 巴蒂斯特 永远 活在 了 守望 先锋 里
2554988147,新 英雄 回声 即将 面世
2549134546,快要 更新 英雄 了
2546708546,我 想 玩 第一第二 赛季
2547498634,前 两个 赛季 没 啥意思 第二 赛季 我 记得 最 厉害 的 还是 死神 国服 第一个 金 武器 也 是 个 死神 玩家 只 玩 死神 一直 78 还是 80 分 左右 来 着 记不清 了 声音 很哑 后来 大家 都 会 玩 了 死神 就 成 了 最弱 的 英雄 了 不过 有个 好处 就是 你 玩 什么 没人 BB 你 我 记得 后边 你 选 的 英雄 不是 当前 热门 就 一直 有人 喷 你 最 典型 的 就是 黑影 和 安娜 这 两个 被 喷 了 过 了 一个 赛季 才 好转 并且 英雄 本身 并 没有 什么 改变 想想 我 也 是 当时 世界 最早 那批 有 金 武器 的 拿 出来 队友 都 围着 我 看 打 起来 对面 就 公屏 打字 表示 很 震惊 没见 过
2541192482,那 我 去 玩 GW 去
2529681320,RI
2502939012,R . I . P
2501887216,R . I . P
2492745373,怀念 第一 赛季 的 六 dva 花村 堵门 第二 赛季 的 麦爹
2488160275,笑 不 出来 了 唉
2487288495,什么 都 回不去 了 游戏 也 回不去 了 人 也 回不去 了
2483820193,风暴 药凉
2482932998,远古 视频
2457654664,rip
2448432993,16 年 的 夏天 真 美好 啊 ...... 再也不会 有 了 么
2464429920,16 年 的 b 站 真 美好 啊
2482583492,回复 : 八位数 1 开头 UID 和 我 大 号 一样 呢 满满的 回忆 啊
2482928187,回复 : b 站 变味 了 难受
2547518291,回复 : 但是 B 站 也 火 了 最早 是 二次元 起家 其他 版块 就是 陪衬 后来 有 了 鬼畜 区 和 电影 区 爆火 电影 区 没 了 游戏 区 就 火 了 现在 是 娱乐区 符合 大众 口味 毕竟 以前 镇站 之宝级 的 最 多 是 我 见 过 300W 播放 现在 几千万 的 很多
2547890673,回复 : 但是 这 并 不能 说 b 站 就是 变好 了 当 用户 变多 的 时候 杂七杂八 的 人 也 变多 了 说闲话 的 人 也 变多 了 二次元 甚至 都 不是 主流 文化 了 现在 的 鬼畜 简直 不堪入目 曾经 我 也 是因为 看 了 成龙 的 鬼畜 才 入 的 b 站 现在 全是 些 流量 明星 的 鬼畜
2552387195,回复 : 我 之所以 是 6 位 uid 龇牙 龇牙 龇牙 是因为 09 年 那会儿 b 站 不 开放注册 只能 邀请 我 一直 到 12 年 毕业 才 注册 最 开始 看 的 红军 的 鬼畜 一 p 鸭油 那 时候 大众 还 不 接受 鬼畜
2553774002,回复 : 我 也 是 后来 有 段时间 可以 填卷 注册 不用 邀请 注册 要 填 试卷 拿 60 分 当时 我 看到 直接 傻 了 现在 估计 也 答 不 出来 所以 我 就 懒得 注册 反正 也 不发 弹幕
2553814031,回复 : 鬼畜 最初 本来 就 不是 什么 好 东西 当时 只是 小 众 圈子 音 MAD 后来 有些 作者 把 鬼畜 带火 了 刚好 就是 元首 和 德国 boy 那个 时间段 的 作品 不再 流行 时 然后 成龙 大力 丞相 算是 鬼畜 区 鼎盛时期 了 ... 现在 又 变回 小圈子 了
2555054984,但是 人换 了 啊 是不是 好 东西 由人 决定 有 乐趣 就是 好 东西 哪有 追求 鬼畜 的 合理 合法性 的
2644840779,b 站会 成为 下 一个 优 土豆 然后 会 有 冷门 的 亚文化 小 网站 出现 然后 亚文化 小 网站 做大 上市 变味 变成 下 一个 优 土豆 循环往复
3003544939,回复 : 那 就 再来一个 小 众 净土 吧
2443790437,rest in peace
2442044181,rip
2440701944,看着 现在 的 守望 先锋 再 重新 回来 听 这 首歌 心态 真的 很 复杂
2445531801,英雄 技能 改动 跟贴 吧 老哥 改 的 一样
2582214042,回复 : 是不是 看不起 贴 吧 老哥
2584802648,回复 : 尸体 没有 说话 的 必要 熬
2586515874,回复 : 彳亍
2586513247,回复 : 诈尸
2432581492,考古
2429415161,英雄 不朽
2402154480,安息
2376628999,再也 回不去 2016 年 夏天 了
2445541419,一 六年 的 夏天 是 真 好 阿
2372904950,为什么 不是 小可 儿 的 了
2408873182,小可 儿 跟 人 闹 孩子气 把 视频 全删 了 包括 念诗 之王 B 站 不 愿意 损失 那么 多 的 精品 鬼畜 更何况 还有 念诗 之王 所以 就 把 数据 找 回来 了
2412635468,回复 : 哦 哦
2332107750,R . I . P
2315770289,太带 感 了 我 真是 嗨 到 不行
2310391903,初 听 不知 曲 中意 再 听 已 是 曲中人 ( ` )
2301445240,还 有点 好听 md 真香
2291190366,走 好
2290399629,我 现在 还 在 毁掉 我 的 生活
2284018121,巴蒂斯特 是不是 以 这个 为 原型 啊
2279383647,16 年 的 夏天
2287876003,感慨 怀念
2260479734,R . I . P
2249037630,走 好 这个 逗 我们 笑 的 主播
2224748349,然而 现在 连 up 也 离开 了 这个 以前 从不 为人所知 的 团队 ...
2217802514,从 这 认识 可儿
2214133012,回来 了 就 好
2190115419,新人 刚刚 买 了 守望 现在 高三 等 过 几个 月 一起 玩吧 大爱 ( * * )
2192913926,欢迎 ( )
2287837368,38
2179315579,R . I . P
2177395219,又 一个 三年
2173222656,逝者 安息
2171389164,我 记得 这个 人 已经 不 在 了
2159817995,考古
2156074804,被 鬼畜 耽误 的 作曲家
2150125002,我 又 回来 啦 对 经历 过 那个 夏天 那个 时期 的 玩家 来说 ow 真的 是 一个 不能 取代 的 游戏 快乐 游戏 永远 是 最 重要 的 也 祝愿 这个 小哥 天堂 也 能 快快乐乐
2148923346,守望 先锋 2 都 快要 出来 了 而 初中 的 同学 都 很少 联系 了 都 变成 了 QQ 里 不会 说话 的 人
2146892876,这个 小哥 没 了 哭 了
2170399690,发生 什么 了 啊 ? ?
2171632876,回复 : 抑郁症 自杀 了
2171650235,回复 : 草
2141561976,这个 视频 我 当时 一天 不看 浑身 难受 2333
2131184366,三年 前 收藏
2271851181,物是人非
2271858824,回复 : 人 变成 了 狗
2272781019,回复 : 哎
2272860173,回复 : 哎
2287838281,回复 : 物是人非
2287981274,我 收藏 是 时候 好像 是 刚玩 B 战 不久
2123578332,考古
2123110479,We
2115095355,说 怀念 守望 开服 和 朋友 一起 玩 的 日子 是 真的
2287838522,是 的
2103705047,考古
2102330023,弹幕 是 删 了 一遍 吗 以前 的 弹幕 都 看不见 了
2287833082,删掉
2097902152,小哥 出 2 了 你 在 哪 呢
2105087973,已经 自杀 了 朋友
2119064948,他 走 了 去 了 个 美好 的 地方
2170407620,回复 : ? ? 为什么
2170463081,回复 : 因为 网络 暴力 自杀 了
2170468069,回复 : 草
2423227522,回复 : 准确 来讲 他 自己 也 有 一部分 责任 他 在 油管 和 推 特发 了 两个 违规 视频 导致 账号 被 封 然后 他 又 做出 了 一些 反 社会 的 举动 被 依法 拘留 总之 两个 账号 相继 消失 后 他 整个 人 都 变得 不太 正常 了 总 有点 报复 社会 的 意思
2095336110,etika 谢谢 你
2094504432,愿 OW 还 能 像 以前 一样 火 哎
2094293342,R . I . P
2088919726,rip
2087471359,REST IN PEACE
2087285967,兄弟 快 让 我别 玩 守望 先锋 2 啊 好 吗
2085617504,缅怀
2085522187,前来 考古 R . I . P
2085300658,老哥 守望 先锋 2 来 了 我 天使 开个 E 你 就 回来 成 吗
2492986256,英雄 不朽 如果 成功 了 该 多 好
2081911244,兄弟 回来 玩 守望 2 了
2081529259,滚回来 玩 守望 先锋 2
2080901969,嘿 兄弟 守望 先锋 2 要来 了
2079559264,rip
2078798025,守望 二要 来 了 兄弟
2078291862,嘿 伙计 守望 2 要出 了 ...
2073605236,守望 二要 来 了 你 看见 了 吗
2073177343,默哀 放在心里 不好 吗 天天 打字 默哀 生怕 别人 不 知道 你 是 个 好人 既然 你 是 好人 那 他 都 去世 了 你 还 进来 看 别人 的 鬼畜 视频 边 享受 鬼畜 边 默哀 你们 是 人格分裂 了
2101030572,每个 人 表达方式 不同 你 愿意 沉默 没人管 你 我们 想 用 文字 表达 你 管得 着 吗
2071032334,别刷 一路 走 好 了 行 吗 看 的 糟心 在 网络 上秀 你们 的 善良
2070874477,梦 开始 的 地方
2065785063,RIP
2063987205,愿 天堂 也 有 守望 先锋
2055771925,16 年 的 视频 居然 让 我 翻到 了
2049532930,R . I . P
2048576380,这 真没想到 一年 没 登录 哔哩 哔哩 却 看到 这个 消息 逝者 安息
2044958676,do not play overwhatch
2044319478,谢谢 R . I . P
2041232825,R . I . P
2040636149,RIP
2037726882,老哥 一路 走 好 愿 你 在 天堂 一切 安好
2037365015,才 知道 这位 去世 了 RIP 感谢 你 给 我 带来 过 的 欢乐
2028565492,有 我 在 你们 都 不会 死
2019038120,RIP
2013077043,他 很 勇敢
2008593472,我 回来 考古 了
2001306579,R . l . P
1999958140,R . I . P
1999811416,R . I . P
1999691262,小哥 变成 了 巴蒂斯特 永远 保护 着 我们 有 我 在 你们 就 不会 死
1999560058,rip
1991782396,是 你 让 我 认识 了 守望 先锋 哪怕 我 现在 a 了 英雄 不朽
1990460105,几年 前 看 站 视频 笑 的 跟 个 莎 比 似的 现在 看 这 视频 真的 蛮 心酸 的 你 永远 不 知道 一个 表面 笑 着 的 人 内心 到底 是 怎么样 愿 你 在 天堂 安息 R . I . P
2031224924,最终 还是 网络 给 他 的 压力 压垮 了 他
1981080361,重温 经典
1978831725,rip
1974520312,R . I . P 愿 你 所在 的 天堂 是 任天堂
1971862246,rip
1971760676,想 你 了
1966934198,心疼
1959684961,R . I . P
1958469213,R . I . P
1951726983,生前 喜欢 塞尔达 生后 NS 上 守望
1951545480,希望 etika 去 的 天堂 是 任天堂
1949894380,我 再也 回 不到 那个 夏天 了
1971861296,那 你 可以 有 新 的 生活
1948163214,无意 冒犯
1987465418,? 你 见到 一个 棺材 然后 你 打开 了 棺材 盖 看 了 看 里面 的 死 人 然后 再说 一声 无意 冒犯 ?
2091423924,别说 这样的话 看 这 不 舒服
1944442225,英雄 不朽 R . I . P
1940954177,千万 别碰 英雄 联盟
1971861361,这个 游戏 不是 大菠萝 啊
1938439600,R . I . P
1934051730,RIP
1933815189,今年 走 的 吗
1971420201,是 的 六月 底 的 时候 不堪 压力 自杀 了
1971501487,回复 : 心疼
1933253749,原来 走 了 啊 就 如同 守望 一样 凉 R . I . P
1943714601,守望 凉 了 海 星云 玩家 来辣
1943927319,回复 : 16 年 5 月 压力 测试 就 玩 了 你 给 我 说 云 ? 现在 热度 没 以前 高 了 不是 事实 ? 暴雪 越来越 来 不是 事实 ? 你 在 暴雪 全家 桶 面前 装 什么 大手子 呢 ? 宁配 么
1943975815,回复 : 宁说 是 那 就是 反正 你 不 玩 了 别人 就 不 玩 了 呗
1944014915,回复 : 人气 不如 一 开始 不是 明摆着 的 么 ? 暴雪 越来越 屎 不是 明摆着 的 么 我 在 退 坑 前 比 你 还 白 宁可 别装大 手子 了 好 么
1944051278,回复 : 好 爬
1946821515,回复 : 职责 选择 恶心 走 了 多少 玩家 好友 列表 扎堆 退坑 我 比较 菜 三千 分打 快速 选 伤害 都 匹 不到 人 闲 了 想 玩 两把 不选 重装 跟 支援 就 等 着 一直 热身 吧 我 都 服 了 不能 吧 职责 拉 出来 单独 扔 到 排位 吗 算了 8 说 了 已 退游
1971421779,回复 : 想 玩 经典 快速 去 街机 啊 讲道理 虽然 222 之后 依然 有 睿智 玩家 但是 游戏 环境 比 原来 一局 快速 5 个 c 甚至 6 个 c 好 的 多
1971861586,回复 : 你 来 吗
1971885098,回复 : 我 最近 打 不了 而且 我 一般 打 现在 的 222 快速 不是 街机 的 经典 快速
1984664670,人气 下滑 很 正常 但 别说 凉 了 ow 在 全球 的 热度 依然 排名 前列
2547548271,笑死 我 了 你 不 玩 了 就是 凉 了 嗷 你 暴 虽然 跟 同行 比是 个 弟弟 但是 比 16 年 之前 的 自己 强出 了 不 知道 几个 档次
1928025688,你 不幸 离世 而 我 账号 被盗 我 不 相信 我 的 守望 生涯 就 这么 结束 了
1920481495,感谢 你 让 我 来到 英雄 的 世界
1916866336,这个 世界 需要 更 多 的 英雄 所以 你 成为 了 巴蒂斯特 存在 于 游戏 当中
1971859749,看 哭 了
1916789856,以前 看 这个 视频 的 时候 觉得 小哥 真 有意思 前 几天 看到 他 自杀 的 新闻 刚 开始 没 认出来 后来 才 起来 是 这个 鬼畜 视频 的 主角 走 好
1912983606,感谢
1904937529,大佬 你 在 哪里
1904394170,RIP
1902439411,R . I . P
1902007313,R . I . P
1901431568,英雄 不朽
1900934192,R . I . P
1897502831,rip
1897144896,现在 玩 这个 游戏 没有 以前 的 感觉 了 以前 玩 这个 是 真的 有毒 上头
1971861787,这个 游戏 要 开黑 玩
1896773221,rest in pease
1890128846,走 了 他们 都 走 了 我 因为 学业 也 得 离开 了 我 的 狂鼠 啊 我 的 死神 啊
1889908824,R . I . P 谢谢 他 让 我 一头 扎进 守望 先锋
1886205818,走 好
1885811612,真的 别玩 守望 先锋 打 排位 喷子 太多 了
1888506775,不 打 竞技 的 我 都 得 在 快速 被 骂 ....
1899300556,没 必要 死 磕 竞技 约 上 朋友 打打 人机 重要 的 是 乐趣 地图 工坊 也 同样 精彩 我 从 200 多级 开始 只 打 人机 打到 400 多级 16 年 8 月入 坑 至今 没 碰过 竞技 玩游戏 而已 没 必要 一定 要 去 争个 名 或利 玩游戏 本身 其实 是 为了 放松 寻找 乐趣
1900193094,回复 : 没错
1885311068,人们 只 看到 小丑 在 笑 没人 注意 小丑 在 哭 愿 天堂 也 有 好 游戏 让 你 欢心
1884126436,RIP
1884020410,R . I . P
1883906150,他 只不过 是 去 一个 叫 任天堂 的 地方 去 了
1883891742,走 好
1883190392,我 也 是 看到 这个 视频 才 去 玩 的 英雄 不朽
1879867150,R . I . P 一路 走 好
1878424330,我 就是 看 了 他 的 视频 才 玩 守望 的
1877512629,RIP
1876370600,兄弟 走 好 原先 是 看 你 的 视频 入坑 屁股 的
1876054251,本命 dj
1874772312,真的 去 漓江 塔 了 我 今天 刚 晓得 老兄 走 好
1874309836,RIP
1873998873,玩 奶妈 得 小 哥哥 上辈子 一定 是 天使 吧
1873744847,R . I . P
1868119167,通宵 玩游戏 嗨 到 下午 5 点 其实 算是 bipolar disorder 的 征兆 有 类似 情况 的 小伙伴 们 一定 要 注意 了
1879572644,为什么
1868093560,R . I . P
1867926978,RIP
1867548295,R . I . P
1867297097,英雄 不朽
1866406736,RIP
1863034239,R . I . P
1863022148,阿婆 镇哇 新人 报到 我学 做 鬼畜 还 看 的 你 教学 视频 才 知道 这个 守望 先锋 也 是 你 做 的 棒棒 哒
1860136955,没 了
1855071407,三年 了 我 也 从 一个 萌新 变成 老 天使 了 笑 当初 看到 这个 视频 正好 是 我入 坑 的 日子 小哥 我来 了 你 怎么 就 走 了 呢
1854654314,走 好 qwq
1852861585,唉 .
1852535842,R . I . p
1851404802,再 看 已经 笑 不 出来 了
1849190064,守望 先锋 那么 好玩 怎么 能 抛弃 他 就 走 了 呢 Heros never die
1847061422,一路 走 好
1846549313,查 克拉
1846349013,走 好 R . I . P
1840893092,哈哈哈哈 真的 有瘾 看 了 这个 更 不可磨灭 了
1836646008,一路 走 好
1861734170,R . I . P
1836253231,R . I . P
1835773429,一路 走 好
1834930041,好好 一个 人 说走就走 了 哎
1834393605,R . I . P
1834269802,R . I . P
1829879551,R . I . P
1829405606,唯独 这 一个 视频 我 没有 收藏 进 鬼畜 我 反而 收藏 进 的 游戏 视频 收藏夹
1829385215,英雄 不朽
1826820621,英雄 不朽
1825667466,R . I . P 英雄 不朽 感谢 你 给 我们 的 快乐
1824695025,可怜 的 小哥
1824345074,他 好像 是 自杀 的 为什么 啊 我 感觉 他 很 乐观 啊
1823253643,R . I . P
1823160133,Heroes never die
1821832791,走 好
1821483168,R . I . P
1821341851,第一次 看 这个 视频 看到 弹幕 说 他 去世 了 却 怎么 也 笑 不 起来
1820213749,他 的 最后 一个 视频 也 是 在 六月 十九
1818160283,愿 天堂 没有 守望 先锋
1821695359,这时候 还 开玩笑
1816916783,R . I . P
1816802950,我 回来 了
1816029150,走 好
1815901502,要是 他 能 看到 这个 鬼畜 的话 心情 能 好 一点 估计 就 不会 发生 这种 事 了 R . I . P
1814825389,小哥 走 好
1813897635,R . I . P .
1812548223,rip
1811794637,R . I . P
1811353391,R . I . P 走 好
1810745000,兄弟 走 好 ... 希望 天堂 也 能 有 任天堂 和 游戏 陪 着 你 不要 再有 键盘 侠 了
1808990801,rip
1808573303,走 好 ...
1806572371,R . I . P
1805134957,走 好 啊
1803141000,走 好 ( _ )
1801233761,扫墓
1800646413,R . I . P
1800501247,突然 看到 朋友 空间 里 转发 回来 考古 才 发现自己 什么 都 错过 了
1799387188,小 哥哥 真的 去 了 任天堂 哭 了
1798503257,R . I . P
1798371510,走 好
1797513960,rest in peace
1796447053,因为 这首 鬼畜 和 班上 的 同学 认识 了 还 一起 唱过 .... 感谢 Etika 给 我 留下 了 这么 好 的 回忆 . 走 好
1796423263,R . I . P
1795071993,RIP
1795020712,希望 你 能 在 任天堂 过 的 开心
1794888860,R . I . P
1794501852,这 老哥 去 天堂 了
1794051649,~ 嗨 ~
1793749342,其实 现在 屁股 也 很 火 我 TM 排位 秒 进人 都 傻 了
1792836903,R . I . P
1791563700,R . I . P
1791209274,R . I . P
1791035424,一路 走 好
1790863752,走 好
1790400628,RIP
1790357833,R . I . P
1790173138,R . I . P
1790084730,上次 看 这个 视频 弹幕 还是 满屏 的 哈哈哈 这次 看 唉 人生 无常 且 行且 珍惜
1789987185,R . I . P
1787771842,2019 年 回来 考古 R . I . P
1787745052,R . I . P
1787186154,R . I . P
1786631442,走 好
1785491510,完全 没有 想到 他 这样 的 人会 自杀
1784158782,R . I . P
1784100957,因为 这个 视频 才 对 守望 先锋 更加 中毒 虽然 小哥 走 了 但是 快乐 犹存
1784004733,R . I . P
1781039805,愿 天堂 没有 守望 先锋 谢谢 你 曾经 给 我 的 欢乐 谢谢 你 R . I . P
1780059164,走 好 老哥 看 你 的 视频 如 的 坑
1777195437,R . I . P
1776534871,rip
1775860444,R . I . P
1774685444,走 好
1774327478,纪念 小哥
1773169859,荒野 之息续 作 也 留不住 你 吗
1769759794,你们 特意 过来 盖掉 以前 那些 弹幕 有 意义
1769315162,呜呜 呜呜
1768704731,R . I . P
1767204964,暑假 里 前年 是 LinkinPark 查叔 去年 是 xxx 今年 是 etika
1766981353,因为 这个 视频 使 我入 了 ow 小哥 走 好
1766674504,R . I . P 逝者 安息
1766225431,键盘 侠 历史 巨作
1764984300,谢谢 你 带来 的 快 了 RIP
1764522582,rip
1764469004,rip
1763780190,以前 看 这 视频 笑 得 咯咯 咯 现在 却 怎么 也 笑 不 出来 了
1762475481,因为 这个 视频 入坑 守望 先锋
1762135767,rip
1761494474,求求 up 把 视频 删 了 吧
1761910959,这是 etika 留给 我们 的 快乐 为什么 要 删
1762507867,回复 : 就是
1760753466,RIP .......
1760390405,RIP
1759237489,R . I . P
1758675623,走 好
1758568879,R . I . P
1758466411,今天 才 看到 他 离世 的 新闻 唉 R . I . P
1757424896,非常 遗憾 的 告诉 大家 经 纽约 警方 证实 曾 给 我们 带来 无尽 欢乐 的 知名 油管 主播 Etika 已经 确认 去世 年仅 29 岁 他 生前 曾 患有 严重 的 抑郁症 希望 天堂 能 有 游戏 常伴 R . I . P
1756941313,RIP
1756784622,RIP Etika
1756396215,走 好
1756323653,R . I . P
1756195101,R . I . P
1755015411,R . I . P
1753908545,一路 走 好
1753445125,Etika 本 视频 黑人 小哥 6 月 19 日 已经 自杀 了 RIP 谢谢 你 曾经 给 我 带来 的 欢乐
1751982151,黑人 小哥 也 曾 为 我们 带来 过 快乐
1751344088,看 完 另 一个 才 看到 这个 视频 一点 都 不想 笑 甚至 眼眶 红 了
1751337057,rip
1751057847,再见 愿 天堂 没有 痛苦
1750947371,兄弟 一路 走 好 视频 中 的 那个 黑人 被 网络 喷子 逼 得 最后 死 了
1752531640,真的假 的
1752696029,回复 : 真的 人 已经 gg 了 六月 底 gg 的
1752696404,回复 : 你 打开 看 弹幕 你 就 知道 了
1752731075,能 搜到 吗 还是 b 站 有
1754223014,回复 : 微博上 早就 有 消息 了 这 老哥 生前 严重 抑郁症
1796962800,怎么 说 原因 很多 不 只是 网络 喷子 也 和 自己 的 经纪 公司 油管 的 机制 有关
1750615288,安息
1750517588,专门 回来 rip
1749808447,RIP
1748945497,goodbye
1748823994,走 好
1748776200,Play Team Fortress2
1747969338,没想到 啊 rip
1747716883,走后
1747370374,一路平安
1747332130,R . I . P
1747315413,RIP etika
1747191401,R . I . P
1747002493,哎 一路 走 好
1746904554,R . I . P
1746659232,RIP
1746618630,走 好 当初 被 这个 视频 逗 的 要死
1746539601,一路 走 好
1745828515,R . I . P
1745237065,AV57966486 如果 你 不 知道 发生 了 什么 看看 这个 视频 吧
1747337522,av57966486
1745207772,三年 前 的 6.19 日 是 这个 鬼畜 视频 出现 三年 后 的 6.19 却是 英雄 不朽
1745072196,原本 只是 想 进来 开心 一下 .. 结果 却 听到 了 这个 伤心 的 消息
1745011400,戒 了 一年 多 守望 这 几天 突然 捡起来 每天 玩 到 现在 今天 终于 卸 了 我 还是 要 考研 的 人 呢
1745011339,Rest in peace
1744913301,Rest in peace
1744857398,一路 走 好 愿 天堂 没有 痛苦
1744852561,R . I . P
1744665611,rip
1744080898,RiP
1743784422,死神 告诉 我们 为何 要 带走 他 / TT ) /
1743762201,没想到 ... 再次 来到 这里 是因为 他 的 离开
1743722262,rip
1743610643,Rest in peace my bro
1743435661,愿 天堂 有 overwatch
1743432631,走 好
1743224650,一路 走 好 ...
1743144456,这位 老哥 自杀 了 默哀
1743145192,逝者 安息
1743131288,走 好 .
1743026951,一路 走 好 英雄 不朽
1742598637,走 好
1742584845,RIP
1742483261,一路 走 好 RIP
1742276776,一路 走 好 安息
1742172949,逝者 安息
1742035445,RIP
1742007539,R . I . P
1741774376,英雄 不朽
1741725480,RIP
1741524132,逝者 安息
1741192225,RIP 走 好
1741093023,走 好
1740949725,R . I . P
1740897920,R . I . P 一路 走 好
1740629007,塞尔达 还 没出 新作 呢 你 怎么 就 走 了
1740452922,发 彩色 弹幕 的 什么 心态
1740404611,英雄 不朽
1740311382,为什么 看 不了
1740185872,R . I . P
1739896620,英雄 不朽 ! 我 的 奴仆 是 不 死 的
1739879906,赛博 朋克 2077 还 没 上线 巨人 还 在 更新 你 怎么 就 舍得 走 了 呢 RIP
1739886281,小哥 一路 走 好 愿 天堂 没有 喷子
1739828791,愿 天堂 游戏 愉快
1739358014,拒绝 网络 暴力
1739124573,RIP
1738773906,RIP
1738661245,英雄 不朽 愿 天堂 也 有 守望 R . I . P
1738580243,Etika 一路 走 好 愿 天堂 上 没有 抑郁症
1738332455,抑郁症 走 的
1737251684,我 今天 又 双 叒 叕 看 了 十几遍 这 也 太 洗脑 了 叭 看到 就 忍不住 点 进来
1736449761,一路 走 好 REST IN PEACE
1735949637,祝 逝者 安息
1735803924,英雄 不朽
1735059848,上帝 啊 你 带 错 人 了 你 应该 带走 的 是 那些 键盘 侠 而 不是 他 啊
1734527607,R . l . P
1733995575,R . I . P
1733681579,R . I . P
1732262638,rest in peace
1731622113,文明 上网 嘴下 留德 现在 喷子 们 可以 骄傲 了 毕竟 真的 喷死 了 个人 是 这个 世界 畸形 了 还是 我 自己 畸形 了 不 太 懂 以前 说 的 笔墨 杀人 不 留影 我 还 不信 现在 倒 真 出现 了 我 不 懂 可能 真的 是 隔 着 网线 打不着 吧 好端端 的 人 怎么 披上 了 个 马甲 就 变成 怪物 了 华南农业大学 那个 正义 使者 的 作品 可以 看 一下 挺 好 的 不 知道 说 什么 了 没 了
1731492282,这 几年 名人 里面 因为 精神疾病 选择 自杀 的 好像 就 威廉姆斯 年纪 大 点 查 斯特 也 才 四十出头 鸽神 也 29 真是 活得 越久 痛苦 越久
1731308712,走 好
1731241195,rip
1731194322,三年 了
1730828132,前来 考古 ...... 这个 视频 就是 我 的 入 坑 开始
1730812824,R . I . P
1730781258,英雄 不朽
1730749166,小哥 已经 不 在 了 愿 天堂 没有 网络 暴力 吧
1730695116,一路 走 好
1730660948,评论 我想 问下 这个 视频 的 小哥 怎么 了
1730711142,他 走 了
1730785138,抑郁症 自杀 了
1730833294,回复 : 这样 啊 ( _ )
1733782428,回复 : 这 小哥 之前 还 劝说 过 一个 想要 自杀 的 粉丝 可 最终 却没能 救 的 了 自己
1730501374,一路 走 好 我 的 朋友 感谢 你 当年 给 我 的 快乐 逝者 安息 愿 天堂 没有 键盘 侠
1730500246,一路 走 好 英雄 不朽
1730490096,走 好
1730446461,逝者 安息 ow 引路人
1730058675,英雄 不朽
1729824616,愿 你 在 天堂 也 能 玩 到 赛博 朋克 2077 也 能 追 完 巨人 rip
1729740127,R . I . P
1729661193,R . I . P
1729618862,R . I . P
1729590377,RIP
1729521205,朋友 你好 呀
1729207853,知道 消息 特此 回到 第一个 认识 他 的 视频 rip
1729064595,"Etika 他 的 鬼畜 千万 别碰 守望 先锋 引领 大批 玩家 入坑 但 在 一周 前 这位 小哥 用 自杀 结束 了 自己 被 抑郁症 缠绕 以久 的 灵魂 etika 这名 主播 用 搞笑 夸张 的 手法 给 不少 人带 去 欢乐 6 月 19 日 etika 公开 告别 视频 6 月 25 日 警方 确认 他 身亡 时 很多 人才 意识 到 近 一年 的 etika 直播 中 表现 欢乐 镜头 下 etika 脆弱 的 脸庞 不是 节目 效果 而是 真实 存在 当 压力 陡增 情绪 无处 宣泄 而 又 难以 自治 时 抑郁 便 不请自来 在 小小的 方格 间 中用 热情 掩饰 孤独 用 笑容 掩饰 悲伤 成为 已 深入 社会 的 抑郁症 患者 保护 自己 最好 的 选择 但 总 有人 试图 撕下 这层 保护伞 已 显得 自己 聪明 了 得 在 etika 生前 质疑 其 "" 抑郁症 只是 噱头 "" 的 评论 便是 如此 ! 不知 如今 这些 人 作何 感想 在 不 了解 真像 的 情况 之时 请 别用 恶意 的 揣测 人心 别用 键盘 加以 伤害 天堂 没有 评论 区愿 etika 在 那里 游戏 愉快"
1728822534,Rip
1728646434,感谢 Etika 曾经 为 三年 前 的 我 带来 的 快乐 再见 了
1728623215,RIP
1728535070,走 好
1728411504,R . I . P
1728378641,最近 几天 沉迷 屁股 我 晚上 7 点 通宵 到 第二天 晚上 11 点辣鸡 游戏 明明 孤儿 多 又 有 挂 b 为什么 这么 好玩 一直 停不下来
1911692586,因为 我们 喜欢 守望 先锋
1728372420,rip
1728365573,rip
1728319690,英雄 不朽
1728309035,R . I . P
1728291688,这个 主播 去世 了 怀念
1728268318,小哥 自杀 了
1728063914,rip
1728030304,怀念 这个 给 我们 带来 了 很多 快乐 的 小哥 Etika 希望 他 的 灵魂 得到 安息
1727810842,rip
1727719624,昨天 还 挂 着 梯子 看着 他 的 视频 / TT ) /
1727726865,唉 rip
1727701925,R . I . P
1727605047,走 好
1727517989,考古 这个 小哥 本来 就 有 抑郁症 后来 沉迷 屁股 粉丝 变多 了 喷子 也 多 了 最近 才 知道 他 走 了
1727517367,一切 都 发生地 太 突然 了
1727460467,逝者 安息
1727448138,据说 自杀 原因 可能 是 抑郁症 我 曾经 体会 过 轻度 抑郁 每天 简直 活在 一个 绝望 的 死循环 感觉 任何 事情 都 提不起 劲头 没有 意义 没有 对于 明天 的 期待 自己 也 知道 这样 很 危险 但 任何 激励 安慰 都 没有 多大 效果 我 感觉 就算 是 再 乐观 的 人 也 扛不住 长期 的 抑郁 幸运 的 是 阴差阳错 换 了 工作 地点 与 生活 方式 然后 又 蜜汁 考研 上岸 这才 得到 缓解 现在 基本 回到 正常 状态 如果 各位 有 抑郁 倾向 或者 生活 非常 不如意 建议 尽可能 换 一个 生活 环境 个人 认为 这是 比较 有效 的 措施
1727390060,英雄 不朽
1727365835,走 好
1727344272,heros never die
1727312809,英雄 不朽 我爱你 再见
1727177808,一路 走 好 RIP
1727074897,兄弟 再见
1727040723,好 可惜 自杀
1726852048,R . I . P
1726840603,再见
1726775631,Rest In Peace Etika
1726700952,走 好 记得 你 三年 前 带给 我 的 快乐
1726696301,R . I . P
1726633932,一个 抑郁症 的 人 给 大家 创造 快乐 是 真的 很 强大 了
1726616642,再见 了
1726352812,走 好 啊 Etika !
1726278276,愿 你 在 另 一个 世界 安好
1726261435,评论 全部 看 完 原来 三年 前 大家 都 这么 爱 守望 啊 真的 怀念 那 时候 十二个 人 一起 看 最佳 认识 了 一帮 天南地北 的 朋友 很 庆幸 我 从未 离去 这个 世界 需要 更 多 的 英雄
1727041126,我们 一直 都 在
1726246735,天使 草快 复活 啊 快
1726233048,rip
1726194346,Rip
1726168917,R . I . P
1726134053,一路 走 好
1726100792,R . I . P
1726070770,( ) ! ?
1726002082,rip
1725994085,一路 走 好
1725954432,Rest in peace man
1725913054,小哥 最近 已经 因为 抑郁症 自杀 了
1725916345,一周 前 他 用 自杀 的 方式 终结 了 自己 的 痛苦
1725833173,是 R . I . P 不是 RIP
1725783280,一路 走 好
1725725895,逝者 安息
1725704643,RIP
1725689286,走 好
1725691273,这位 给 我们 带来 过 快乐 的 人 抑郁症 确认 离世 难受
1725683155,RIP
1725682429,真 希望 天使 可以 复活 你 ......
1725658458,.... 看到 微博 新闻 想 起来 过来 的 R . I . P
1725654244,英雄 不朽
1725653843,rip
1725653189,RIP
1725656571,R . I . P
1725650285,R . I . P
1725623039,英雄 不朽
1725621396,R . I . P ( ` )
1725596468,一个 教我如何 去 笑 的 人 自杀 了 ( 泣 )
1725474964,死者 安息
1726052542,R . I . P
1725462407,唉 怎么 说 呢 回来 怀念 一下
1725461287,走 好
1725404601,走 好 吧 真闹 挺 愿 世间 没有 抑郁症
1725402742,走 好
1725385092,一路 走 好
1725330070,走 好
1725309269,R . I . P
1725299898,说实话 三年 前 看 的 时候 打死 都 想不到 这么 阳光 的 一位 铁汁 会 抑郁 而 死
1725711076,+ 1 我刚 开始 还 以为 是 假 的
1725261340,一路 走 好
1725148580,哇 心情 不好 来 看看 曾经 收藏 的 视频 结果 wcl 现实 跟 狗 shi 一样
1725095279,R . I . P
1725072539,走 好
1725025434,etika 还 想 看 你 玩游戏
1724884297,英雄 不朽
1724739814,heroes never die
1724715689,一路 走 好 你 的 劝告 会 永远 留在 世间
1724651538,R . I . P Thanks for the happiness you given
1724545567,rip
1724380507,RIP .
1724243706,R . I . P
1724103932,网络 暴力
1724069461,医人者 无法 自医 走 好 谢谢 你 带来 的 可乐
1723853369,安息
1723771755,R . I . P
1723687556,之前 看 这个 视频 笑 得 跟 傻子 一样 现在 再也 笑 不 出来 了
1723674305,愿 天堂 没有 抑郁症 R I P
1723662470,R . I . P
1723478651,让 我 开心 的 人 自杀 了
1723469555,英雄 不朽
1723445826,hero never die
1723433075,R . I . P
1723435687,安息
1723411902,rip
1723301430,"rest in peace , etika"
1723256752,R . I . P
1723194078,逝者 安息
1723181923,逝者 安息
1723155425,以前 的 时候 看 这个 梗 看 一次 笑 一次 现在 我 一点 也 笑 不 出来 英雄 不朽 RIP
1723144748,英雄 不朽
1722817461,Heroes never die
1722764139,R . I . P
1722692537,R . I . P
1722582690,兄弟 一路 走 好 愿 天堂 有 守望 先锋
1722553666,R . I . P
1722541783,逝者 安息
1722501231,走 好 兄弟
1722486610,他 已经 走 了
1722486052,不 做 评价 逝者 安息
1722448228,R . I . P
1722353381,英雄 不朽 R . I . P .
1722187242,R . I . P
1722190709,Do not play OVERWATCH . Do not not play OVERWATCH ...... DO not play O . Do not . Do n . DoDODODODODODODODODODODODODODODODODODODODODODODODODODODODO
1722095406,这 视频 我 在 一年 前 在 4399 爆笑 一刻 上 就 看 了 感觉 有种 转发 的 感觉
1722772550,这 3 年前 的 视频
1721962791,R . I . P .
1721957759,逝者 安息
1721955750,R . I . P
1721927468,哈哈哈
1721917295,R . I . P
1721892606,R . I . P
1721861180,R . I . P
1721786440,可怜 一路 走 好
1721744102,R . I . P
1721704410,R . I . P
1721711296,英雄 不朽
1721637056,R . I . P
1721570439,R . I . R
1721523778,R . I . P
1721525569,R . I . P
1721426794,R . I . P
1721308025,R . I . P
1721273863,谢谢 你 一直 喜欢 守望 先锋 RIP
1721266151,RIP Etika
1721233484,RIP
1721225016,R . I . P Etika
1721211210,一路 走 好 那个 让 我 爱 上 守望 屁股 的 人 ( ` )
1721207389,纽约市 警察局 证实 失踪 多日 的 知名 游戏 主播 Etika 已经 去世 享年 29 岁 好像 是因为 网络 暴力 得 了 抑郁症 自杀 唉 逝者 安息
1721188098,RIP Etika
1721179090,R . I . P
1721142500,R . I . P
1721127278,Etika 一路 走 好
1721065767,R . I . P
1721026566,三年 前刚 开始 玩 守望 的 时候 天天 刷 这个 视频 三年 了 我 不是 那么 喜欢 玩 守望 了 Etika 也 就 这么 走 了 真的 感觉 很 难受 Rest in peace Etika
1721020581,一路 走 好
1720992079,R . I . P
1720965885,哭 了
1720951014,小哥 走 了 唉
1720942952,一路 走 好
1720925347,R . I . P
1720910103,av57111292
1720862780,R . I . P
1720867424,R . I . P
1720719995,rip
1720720425,走 好
1720674333,R . I . P
1720666626,当初 看 了 这个 视频 还有 朋友 推荐 决定 入手 游戏 三年 过去 了 孤儿 源氏 孤儿 半藏 孤儿 麦克雷 还是 那么 多 在生活上 我 也 有 过 不 开心 很 抑郁 的 时候 但 我 最终 还是 决定 好好 活下去 谢谢 你 让 我 认识 守望 先锋
1720645445,R . I P
1720633506,英雄 不朽 !
1720601062,R . I . P
1720589862,一路 走 好 愿 天堂 没有 抑郁症
1720571947,R . I . P
1720569565,R . I . P
1720546356,rip
1720538370,RIP
1720531715,唉 rip
1720497119,Rest in Peace Etika 1990 - 2019
1720479156,omg
1720431903,祝 你 在 天堂 一切 安好 etika
1720355018,英雄 不朽
1720327537,看见 他 逝世 的 消息 我 就 马上 翻 这段 视频 了
1720332253,R . I . P
1720318114,R . I . P
1720309021,一路 走 好
1720241713,原来 一个 看起来 这么 乐观 的 人 也 会 有 想 放弃 的 时候
1720267668,是 的 很 难以想象 多 关心 身边 的 人
1720213610,兄弟 我 觉得 你 真的 不 应该 走 给 了 我 这么 多 的 快乐
1720215999,走 好
1720144367,兄弟 听到 你 去世 了 我 很 难受 你 让 我们 认为 你 是 多么 乐观 快乐 的 人 虽然 我 对 你 不是 很 了解 但是 你 给 我种 下 了 这颗 守望 先锋 的 种子 当 我 又 知道 你 是 卢西奥 原型 时 作为 卢西奥 玩家 的 我 是 如此 的 难受
1720113609,R . I . P
1720099243,走 好
1720095278,rip dude thankyou brought happiness to people
1720056916,谢谢 你 给 我们 带来 的 快乐
1719975001,走 好
1719893553,医生 我 为什么 不 快乐 呢 城 的 东面 有 一个 小丑 他 能 让 所有人 笑 我 想 他 一定 能 帮助 你 可是 我 就是 那个 小丑
1719870153,RIP
1719846864,老哥 一路 走 好
1719831901,R . l . P
1719706404,为什么 ..
1719622461,R . I . P
1719511508,英雄 不朽
1719399269,走 好
1719395273,一路 走 好
1719377897,一路 走 好 愿 路上 有 游戏 相伴
1719349646,不明真相 的 人 估计 会 以为 你们 说 的 是 可儿
1719314418,RIP 愿 天堂 也 有 守望 屁股
1719307760,一路 走 好
1719293777,一路 走 好 老哥
1719249275,英雄 不朽
1719184570,逝者 安息 愿 天堂 没有 烦恼
1719183963,曾经 你 带 着 我 笑 现在 的 你 却 失去 了 笑容
1719154119,走 好
1718969098,英雄 不朽
1718953516,这个 视频 发布 正好 三年 后 视频 中 的 主播 Etika 失踪 7 天后 Etika 被 确认 死亡 R . I . P
1718919212,rip ..
1718926584,rip
1718864017,再见 啦
1718859192,rip
1718848590,走 好
1718820768,一路 走 好
1718766201,再见 我 守望 的 引路人
1718752232,R . I . P
1718747446,谢谢 小哥 英雄 不朽
1718743280,曾经 让 我 看 一次 笑 一次 但 现在 看后 眼泪 总是 想要 流下来
1718726288,英雄 不朽
1718673666,一路 走 好
1718658794,曾经 带 着 笑 看着 这个 视频 现在 只想哭
1718666253,这个 视频 可能 再也 没 办法 让 我 笑 出来 了
1718633373,英雄 不朽
1718631383,英雄 不朽
1718626111,一路 走 好 英雄 不朽
1718603909,R . I . P
1718587601,R . I . P
1718574869,红 字 有毒 啊
1718564080,感谢 你 带来 的 换乐 R . I . P
1718562565,再见 了 小哥
1718549313,好 突然 啊 / TT ) /
1718545826,英雄 不朽
1718533698,一路 走 好 愿 在 天堂 可以 开心玩 游戏
1718530959,谢谢 你 让 我 爱 上 守望 先锋 希望 天堂 没有 网络 暴力
1718520545,R . I . P
1718517524,他 只是 换 了 个 地方 玩游戏 他 觉得 这里 太吵 了
1718515526,R . I . P 微博上 刷 到 以后 就 想起 几年 前 看到 的 这个 视频 小哥 愿 你 在 天堂 可以 看到 巨人 的 结局 可以 玩到 更 多 其他 的 游戏
1718485583,R . I . P 英雄 不朽
1718480958,R . I . P
1718472390,致敬 每 一个 为 世界 带来 欢乐 的 人
1718459521,英雄 不朽 / TT ) /
1718462796,R . I . P
1718449229,哥们儿 走 好
1718432406,再见 几年 前 第一次 看到 你 觉得 你 很 有趣 我 想 迷信 点 你 下辈子 一定 要 幸福快乐
1718429346,rip
1718436552,英雄 不朽
1718430904,哥们 走 好
1718428647,一路 走 好
1718426873,愿 全世界 的 网络 社区 不再 出现 言语 伤害 愿 Etika 小哥 在 天堂 继续 玩 的 开心 分享 快乐
1718381728,唉 感觉 真的 很 难受
1718381409,本来 是 一个 很 开朗 的 人 完全 看不出 有 什么 问题
1718374964,走 好
1718326104,走 好
1718315360,heros nerve die
1718270263,发生 啥事 为什么 这么 多人 都 在 刷 RIP
1718292859,视频 里 的 小哥 两天 前 自杀 了
1718385599,这主播 因为 抑郁症 而 自杀 了
1718259793,走 好
1718248871,愿 天堂 没有 网络 暴力
1718234297,走 好
1718174669,祈祷 暴雪 会 在 守望 里 永远 的 留下 他 的 影子 吧 至少 也 是 很多 人 有意无意 的 领 门人
1718129588,英雄 不朽
1718086489,3 连
1718082821,原来 是 他 啊 当初 守望 一 出来 我 很大 程度 因为 这位 老哥 视频 才 去 玩 的 游戏 ... 老哥 走 好
1718026140,R . I . P
1718005489,逝者 安息
1717998397,能 把 一个 原本 搞笑 欢乐 的 人 逼 到 抑郁症 逼 到 自杀 网络 暴力 真的 很 恐怖 愿 天堂 没有 网络 暴力 R . I . P
1717976235,"rest in peace man , thanks for all the fun you bring to us ."
1717918651,这个 世界 需要 更 多 的 英雄
1717917539,再见 了 老朋友
1717915153,几年 前 看 这个 视频 的 时候 会 笑 的 不行 有 的 时候 不 开心 的 时候 看一看 也 会 笑 起来 现在 再 来看 总有 一种 说不出 的 难受
1717886135,愿 天堂 没有 网络 暴力
1717860800,三年 时间 你 却 走 了
1717851361,素材 的 YouTuber 已经 确认 自杀 死亡 了 默哀
1717824664,走 好
1717809455,R . I . P
1717774493,是 时候 删除 了 我 再也 笑 不 出来 毕竟 我 去年 刚刚 遇到 守望 先锋 那时 还 不 太 感兴趣 却 因此 而 深入 灵魂
1717754935,又 一位 老朋友 走 了
1717698456,被 他 带入 坑 的 看到 消息 的 时候 心里 凉凉的 最后 一路 走 好 愿 世界 没有 抑郁症
1717681906,R . I . P
1717681478,R . I . P
1717671276,R . I . P
1717662164,R . I . P
1717652789,R . I . P
1717649012,特地 来看 的 安息
1717639559,特地 来看 你 愿 在 天堂 没有 网络
1717630047,为什么 呢 rip
1717626088,他 一定 会去 老任 的 天堂
1717612015,再见
1717598741,rip
1717584569,逝者 安息
1717549857,不 应该 啊 这么 喜欢 守望 先锋 应该 能出 守望 先锋 的 故事 中 学习 一点 人生 的 态度 活着 才 有 希望
1718312251,谁解 其中 味 啊 你 这话 未免 章口 就 莱 了 点
1717543501,又 一个 英雄 离去 了 死 之前 还 劝 过 一个 网友 放弃 自杀 的 念头 结果 他 自己 却 有些 人 安慰 了 别人 却 忘记 了 自己 如果 这 都 不算 英雄 .....
1717711856,太 可惜 了
1718870231,回复 : 看 他 劝 网友 的 那个 视频 一 开始 我 瞬间 哭 了
1719932963,回复 : 嗯 嗯 多么 好 的 一个 人 我 这 两天 想起 他 都 想 哭 唉
1717540361,R . I . P
1717533440,一路 走 好
1717503235,rip
1717485756,R . I . P
1717466279,走 好
1717437886,为什么 啊
1717384572,兄弟 你 一直 活在 我 的 收藏夹 里 rip
1717327788,rip
1717313138,原来 那个 找 心理医生 看 抑郁症 的 小丑 生活 中 真的 存在 但是 和 故事 不同 他 是 在 抑郁 后 选择 了 当 一个 给 其他人 带来 欢笑 的 小丑 他 的 不幸 我 很 难过 他 的 勇气 让 我 敬佩 R . I . P
1717300528,R . I . P .
1717260480,祝 走 好 也 希望 网络 环境 越来越 好
1717223236,祝 你 在 远方 依然 快乐 英雄 不朽
1717207601,愿 逝者 安息
1717199339,Heroes never die
1717202772,RIP
1717200526,rip
1717175801,英雄 不朽
1717138205,入 坑曲 啊
1717099275,RIP
1717103030,英雄 不朽
1717056989,老哥 自杀 那天 也 刚好 是 6 月 19 日
1717033632,Heroes never die
1717016161,逝者 安息
1717002556,RIP
1717000500,唉 人 走 了 愿 他 在 天堂 安息
1716976361,替身使者 互相 吸引
1716947983,R . I . P
1716915382,R . I . P
1716858496,一路 走 好
1716856210,R . I . P
1716850202,R . I . P
1716843432,R . I . P
1716818652,又 是 抑郁症 自杀 的 主播 太 可惜 了
1716814478,R . I . P
1716789390,这个 小哥 居然 还是 加纳 王子 社交 压力 肯定 很大 R . I . P
1716828877,什么 王子
1716855305,回复 : 加纳 王子
1716895953,回复 : 他爸 是 国王 啊
1717041153,回复 : B 站 没 搜到 相关 讯息
1717039179,回复 : B 站 没 搜到 相关 讯息
1717521449,回复 : AV56958291
1718032152,回复 : 你 看 一下 up 的 简介 最 下方 有 写 不是 国王 是 个 政治家
1716787977,R . I . P
1716773596,R . I . P
1716752846,R . I . P
1716720031,R . I . P
1716706421,R . i . p
1716685904,唉 _ ( : ) _
1716680431,这 视频 你 不是 在 2016 年 6 月 24 日 就 发在 YOUTUDE 上 了 嘛
1716656297,RIP
1716629803,R . I . P
1716625289,英雄 不朽
1716609265,RIP
1716563831,走 好
1716539644,R . I . P
1716506903,rip
1716462750,R . I . P
1716449726,R . I . P
1716444489,rip
1716436113,rip
1716428235,RIP
1716425814,rip
1716361372,R . I . P
1716365181,安好
1716340416,RIP
1716329951,R . I . P
1716298908,R . I . P .
1716264730,一路 走 好
1716263348,R . I . P
1716265219,一路 走 好
1716249157,rip
1716244599,一路 走 好
1716235251,一路 走 好
1716216901,英雄 不朽
1716210790,R . I . P
1716177707,走 好
1716177576,RIP .
1716173059,etika 走 好 愿 天堂 也 能 玩 到 荒野 之息 2
1716175827,走 好
1716164338,一路 走 好
1716160841,一路 走 好
1716138155,愿 你 在 天堂 还 能 玩 到 塞尔达 续作 吧
1716103437,愿 天堂 也 有 任天堂
1716077828,小哥 走 好 去 到 真正 的 游戏 天堂
1716069930,拜拜
1716069302,rip
1716071758,我 当年 沉迷 屁股 最大 的 动力 就是 这个 小哥 的 这段 啊 QAQ
1716075678,R . I . P . 昨天 看到 的 消息
1716054849,好多 重度 抑郁症 患者 都 会 隐藏 自身 的 情绪 他们 只是 看起来 乐观 并 不是 真的 乐观 一路 走 好 R . I . P
1716048419,遗憾
1716045729,走 好
1716038210,英雄 不朽 R . I . P
1716040130,英雄 不朽
1716035015,R . I . P
1716012764,抑郁症 是 一种 疾病 简单 来说 身体 生病 了 希望 大家 也 能够 保重 身体 调节 身心 关心 身边 人 和 自己 ( ` )
1716012522,R . I . P
1716002962,别 伤心 了 黑人 小哥 是 去 找 吴宏宇 一起 开黑 ow 了
1715994868,睡个 好觉 小哥
1716005973,一路 走 好 愿 你 在 天堂 不朽 R . I . P
1716005692,都 已经 物是人非 了 啊
1716000476,再见 了 老哥 谢谢 你
1715959122,2016 年入 b 站 这个 视频 是 我 收藏夹 里 还 有效 的 视频 中 最早 的 一个 视频 还 在 可惜 黑人 小哥 人 走 了
1717851628,同路
1715961884,再见 了 兄弟 感谢 你 带给 我们 的 欢乐
1715965786,R . I . P
1715935999,刚刚 贴 吧 看到 的 ow 刚下 就 来 了
1715919799,tat 为什么 看 评论 那么 难过 啊 ( ) 三连 了
1716004913,这个 小哥 抑郁症 自杀 了
1717824256,回复 : ( ` ) 难受
1715922052,英雄 不朽 rip
1715915880,安息
1715905345,英雄 不朽
1715897700,"看 这个 视频 的 时候 应该 是 我 玩儿 ow 最 快乐 的 时光 , 唉 , RIP"
1715859104,Etika 走 好 QAQQAQQAQ
1715872947,他 生前 最后 的 视频 说 我 永远 一辈子 也 看不到 进击 的 巨人 的 结局 了 呜呜 呜 小哥 一路 走 好
1715848738,这个 视频 ... 真的 莫名 心酸 了
1715842541,可 医生 我 就是 那个 小丑
1715829901,R . I . P
1715836870,R . I . P
1715830569,愿 天堂 没有 抑郁症 视频 中 的 黑人 因为 抑郁症 已经 离开 人世
1715819896,翻 评论 一直 翻到 6.21 本来 没有 特别 伤心 但是 看着 大家 的 评论 真的 觉得 这个 给 大家 带来 欢乐 的 人 离开 实在 是 太 可惜 了 唉
1715818945,小哥 去世 了
1715809385,愿 天堂 还有 守望 先锋
1715798668,天 哪 怎么 会 这样
1715792989,rip
1715778089,我来 补个 收藏 当时 看 了 这哥 么 的 视频 刺激 了 我 玩 守望
1715782355,当时 真的 羡慕 这哥 么 玩游戏 能 这么 开心 没想到 会成 现在 这样
1716177530,我 也 是 看 了 etika 视频 才 入 的 守望 当年 198 对 我 来说 是 一笔 不小 的 开销 了 愿 他 在 天堂 能玩到 e3 上 的 那些 游戏
1715758968,R . I . P .......
1715758109,逝者 安息 一路 走 好
1715753224,R . I . P
1715741675,抑郁症 真的 比 癌症 还 恐怖
1715734160,R . I . P
1715731768,rip etika
1715735871,rip
1715730661,r . i . p 可惜
1715722482,这位 小哥 去世 了 走 好
1715713263,R . I . P
1715710782,英雄 不朽
1715693898,R . I . P 谢谢 小哥 给 我们 带来 的 快乐 一路 走 好 愿 下辈子 可以 真正 快乐 起来
1715693824,R . I . P
1715696412,愿 你 能 在 天堂 玩 到 野炊 2 和 班卓熊 R . I . P
1715681724,好 难受 啊
1715674727,RIP
1715658560,R . I . P
1715651188,R . I . P
1715650751,谢谢 你 曾经 带给 我 的 快乐 谢谢 你 也 谢谢 up 谢谢你们
1715634157,我来 帮 你 个 老忙 我 现在 就 来 救赎 你 让 你 的 生活 变得 更 美好 确保 你 不 跟 我 一样 毁掉 自己 的 生活 没想到 会 变成 这样 逝者 安息
1715637245,RIP
1715632002,R . I . PETIKA
1715627852,逝者 安息
1715622813,R . I . P
1715609823,R . I . P
1715605841,R . I . P
1715584763,R . I . P
1715583624,R . I . P 一路 走 好
1715582296,RIP 当年 因为 这个 视频 买 的 守望 先锋 没想到 今天 偶然 回来 看到 这个 消息
1715572341,很 遗憾 以 这种 方式 认识 你 R . I . P
1715565404,英雄 不朽
1715556120,谢谢 你 带给 我们 的 欢声笑语 再见 吧
1715555416,rest in peace
1715544150,rip
1715545278,goodbye brathan
1715534931,r . i . p
1715521765,走 好
1715516701,RIP
1715513507,我 恨 抑郁症
1715506686,rest in peace
1715501973,英雄 不朽
1715500233,R . I . P
1715476562,走 好
1715448543,RIP
1715428587,RIP
1715427796,心情 五味杂陈
1715416234,之前 就 有 在 看 Etika 去年 才 知道 Etika 有 心理疾病 现在 看 了 评论 才 知道 Etika 已经 失踪 和 离世 了 R . I . P . Etika 1990 2019
1715408334,R . I . P
1715398357,英雄 不朽
1715406261,这位 小哥 最近 走 了 一路 走 好 R . I . P
1715400088,一路 走 好
1715387254,Etika 走 好 / TT ) /
1715354499,rip
1715348905,"see you bro , may overwatch company with you forever"
1715339641,2016 年 5 月 我 加入 了 守望 先锋 加入 了 暴雪 2016 年 6 月 我 认识 了 ETIKA 小哥 2016 年底 尝试 了 暴雪 各个 游戏 除了 炉石 一度 无法自拔 2017 年 任天堂 发布 Switch 以前 对 任天堂 有过 情怀 的 我 开始 稍微 关注 2018 年 3 月 极度 厌恶 炉石 的 我 终于 也 加入 了 酒馆 同月 任天堂 明星 大乱斗 续作 登陆 SWITCHETIKA 小哥 的 反应 让 我 喜欢 上 了 他 同时 对 NS 有 了 更 大 的 关注 2018 年 秋季 动物 之森 人气 小 母狗 秘书 参战 大乱斗 ETIKA 小哥 反应 再次 点燃 了 我 2018 年底 暴雪 嘉年华 宣布 暗黑 手游 本人 两年 来 对 暴雪 游戏 缺点 以及 社区 环境 的 不满 开始 激化 2019 年初 暴雪 宣布 裁员 风暴 英雄 团队 同时 炉石 传说 现任 设计师 又 将 当前 火热 卡组 核心 卡牌 踢 出 标准 不满 又 一次 激化 2019 年 3 月 已经 完全 无法忍受 暴雪 游戏 和 暴躁 玩家 怒卸 全部 游戏 成为 暴黑 2019 年 4 月 经过 将近 一年 的 心里 斗争 终于 入 了 NS 正式 成为 任豚 2019 年 6 月 E3 直面 会 和 ETIKA 等 各个 老外 主播 一起 哈 啤 几天 后 ETIKA 发布 令人不安 的 视频 又 过 了 几天 就是 今天 虽然 从小 接触 任天堂 但 毕竟 是 盗版 说实话 我能 成为 今天 的 任天堂 玩家 有 一半 以上 是 小哥 的 功劳 而 小哥 但愿 聪哥 在 那里 等 着 你 吧
1716183625,又 想起 了 聪哥
1715340643,R . I . P
1715329365,已 确认 逝世 真的 没想到 再 看到 etika 的 消息 是 这样 的 愿 天堂 也 有 守望 先锋 吧
1715324496,老哥 一路 走 好
1715307125,当 一个 人 离去 所有 知道 他 的 人 都 有着 自己 的 纪念 方式 这 和 他们 是 谁 无关 这 不是 跟风 因为 这 不会 成为 跟风 当有 个 我 知道 的 人 死去 我会 表示 感叹 然后 为 他 节哀 一会 这个 时间 我 也 不 确定 人们 都 是 这样 选择 在 知道 他 的 地方 留下 话语
1715805172,说得好 棒
1715295511,感谢 你 让 我入 坑 的 ow 天堂 的 路 不会 孤单 的 英雄 不朽
1715292473,R . I . P
1715278058,R . I . P
1715266340,R . I . P
1715270126,虽然 不 知道 你 之前 出 了 什么 事 一路 走 好 谢谢 你 给 全世界 玩家 带来 的 欢乐
1715263875,R . I . P
1715251253,逝者 安息
1715249153,回到 梦 最 开始 的 地方
1715214704,英雄 不朽
1715217943,R . I . P
1715204317,逝者 安息
1715183602,R . I . P
1715181711,走 好
1715181835,英雄 不朽
1715169329,逝者 安息
1715162086,走 好
1715161924,哎 唉
1715165162,R . I . P
1715154769,守望 要火
1715156163,我 只能 来 最 开始 知道 他 的 地方 悼念 一下
1715152377,天堂 开心 点
1715147766,走 好
1715140146,R . I . P
1715136421,R . I . P
1715123662,R . I . P
1715126148,Rip
1715122622,R . I . P
1715120163,R . I . P
1715109952,R . I . P
1715108423,RIP
1715103242,R . I . P
1715087940,R . I . P
1715085696,虽然 我 不 喜欢 守望 先锋 也 只 看过 这个 鬼畜 视频 但 确确实实 感受 到 了 欢乐 真心 也好 跟风 也罢 愿 你 安息
1716015405,捍卫 你 的 个人 的 自由 的 想法 也 谢谢 你 的 留言 ( ` )
1715082185,走 好 希望 天堂 没有 抑郁症 和 网络 暴力 你 可以 开开心心 地 一直 玩游戏
1715073280,RIP
1715071014,rip
1715070513,rip
1715050846,R . I . P
1715040757,R . I . P . 一路 走 好
1715038752,R . I . P . 愿 岩田 聪 先生 能 带给 你 真正 的 快乐
1715033120,R . I . P
1715014703,R . I . P
1715013931,一路 走 好
1715008003,R . I . P
1714996337,R . I . P
1714986982,我 当年 都 不 知道 这个 是 小可 儿 的
1714973952,rip
1714961984,正在 前往 漓江 塔
1714957196,以前 去 看过 他 直播 那 评论 比 国内 差多 了 各种 人生 攻击 种族歧视 我 还 觉得 他 都 不在乎 这些 现在 看来 很多 时候 也许 只是 心里 不说
1715071648,种族歧视 者 真的 是
1714951341,R . I . P 当年 中 了 这个 的 毒 每天 循环 十几次
1714940601,美国 警方 确认 曾 给 我们 带来 无数 欢乐 的 知名 油管 主播 Etika 已经 确认 去世 年仅 29 岁 他 生前 曾 患有 严重 的 抑郁症
1714923955,走 好
1714929032,守望 要火
1714919294,rip
1714921181,here ' s never die 你 一直 活在 我们 心里 R . I . P
1714916846,逝者 安息
1714903019,前两天 还 在 看 你 观看 塞尔达 续作 惊喜 的 样子 说走就走 了 唉
1714955828,抑郁症 就是 这样 的 严重 的 抑郁症 自杀 根本 是 很 突然 的 根本 没有 前兆 的 参考 张国荣 哥哥
1714897403,走 好
1714892068,R . I . P
1714881890,安息
1714874492,R . I . P
1714857034,R . I . P 逝者 安息
1714849330,R . I . P
1714843931,r . I . p
1714846852,R . I . P
1714834319,R . I . P
1714833883,英雄 不朽
1714833413,走 好
1714828702,R . I . P
1714823456,走 好
1714812202,听说 这个 主播 自杀 了
1714820012,三年 前 带给 欢乐 的 小哥 现在 走 好
1714804764,之前 因为 这个 视频 到处 给 朋友 安利 守望 先锋 都 哈哈 哈哈大笑 但是 我 现在 真的 笑 不 出来
1714807954,愿 齐格勒 博士 能 保护 你 heros never die
1714797753,哎 很 久 之后 从 收藏夹 里 再 打开 这个 视频 却 已经 物是人非 了
1714794620,又 看 了 一遍 感觉 笑 不 出来
1714793914,rip
1714782794,R . I . P
1714786697,R . I . P 啥意思
1714793802,视频 里 的 这个 小哥 自杀 了
1714796109,Rest in Peace
1714786601,RIP
1714791126,rest in peace
1714790241,走 好
1714769322,R . I . P .
1714768453,愿 天堂 没有 舆论压力
1714766958,RIP
1714766924,他 怎么 了
1714954428,去世 了 29 岁 抑郁症
1714755229,R . I . P
1714750529,他 已经 死 了
1714731748,可惜 了
1714730542,Av5060917 是不是 一样 的 啊
1714730445,走 好
1714719564,( ` ) ( ` ) ( ` )
1714720288,走 好
1714709959,RIP
1714714220,RIP
1714715237,爱屋及乌 我 爱 守望 先锋 也 爱玩 守望 的 小伙伴 们
1714712032,愿 逝者 安息
1714701424,逝者 安息
1714688829,rip
1714695125,愿 天堂 没有 网络 暴力
1714686084,难受 啊 马飞
1714685386,一路 走 好 黑人 小哥
1714683686,愿 天堂 有 游戏 常伴
1714679008,R . I . P 不得不 说 这 视频 也 是 我入 坑 守望 先锋 的 原因 之一 现在 仍然 在 玩 可惜 这位 小哥 受 着 抑郁症 的 折磨 就 这么 走 了 唉 世事难料 啊
1714673553,逝者 安息 ( ` )
1714681753,大菠萝 啥 游戏 呀
1714762385,暗黑 破坏神
1714657929,RIP
1714657428,R . I . P
1714639204,R . I . P
1714628739,逝者 安息
1714626852,R . I . P
1714625097,R . I . P
1714614111,R . I . P .
1714621552,R . I . P
1714611002,R . I . P
1714608112,唉 可惜
1714607440,R . I . P
1714607148,R . I . P
1714605123,有 的 人 活着 活着 就 死 了
1714593398,守望 凉 了 炉石 也 快 凉 了 我心 跟 凉
1714579500,RIP 19 号 调戏 川 建国 推特 的 时候 看到 这么 个 东西 还 以为 是 玩笑
1714582519,走 好
1714578635,一路 走 好
1714559320,走 好
1714565655,Heroes never die
1714565175,R . I . P
1714549822,RIP
1714552520,R . I . P
1714548368,R . I . P
1714551956,R . I . P
1714538739,r i p
1714524573,生活 像 一把 无情 刻刀
1714526984,感谢 为 大家 带来 快乐 的 小哥 ...
1714518474,一路 走 好
1714515335,R . I . P
1714512210,RIP
1714512176,: - O : - O : - O 这个 视频 我 居然 保存 过 . 小可 儿 这么 早就 火过 啊
1714515066,RIP
1714507783,RIP
1714497360,R . I . P .
1714495268,RIP
1714492104,入 坑曲 啊 当时 真的 乐 了 好久 我 前段时间 还拉着 朋友 一起 回味 来 着 我 以后 看 这个 视频 可能 都 开心 不 起来 了 真的 好 难过 啊
1714495769,我 永远 喜欢 守望 先锋
1714491557,R . I . P
1714484454,RIP
1714490733,看看 原来 再 看看 现在 OW 国内 还有 几个 人 玩
1714724264,还 没到 只有 几个 人 玩 的 地步 现在 每天晚上 快速 6 排秒 排 而且 还 不是 同样 的 人
1714852703,回复 : 什么 分段 我 2000 分 单排 要 5 分钟
1715672073,回复 : 快速 啊
1714485842,R . I . P 可怕 的 抑郁症
1714474596,R . I . P
1714474514,R . I . P 在 艾莉 那 听到 消息 感谢 你 带来 的 欢乐
1714472241,R . I . P
1714471433,R . I . P
1714462494,R . I . P
1714461231,R . I . P
1714452042,R . I . P .
1714445563,R . I . P .
1714433524,RIP
1714429128,他 抑郁 自杀 了
1714435531,原来 大街 上 的 土 嗨 出处 居然 是 这里
1714422932,不是 很 熟悉 这位 小哥 但是 一 看见 关于 离世 的 报道 的 图里 的 这 张脸 一下子 就 想起 这个 rap 了 R . I . P .
1714404470,谢谢 再见
1714404353,不是 吧 他 还 没玩到 他 最 爱 的 塞尔达 续作 呢
1714462770,看到 你 那么 说 我 一下 泪崩 了 ..... 多厚 的 面具 让 他 在 继续 笑 对 镜头 多 痛苦 的 事情 让 他 连 最 期待 的 东西 都 没 等到 就 选择 自杀 ...... 好 难受
1714607339,回复 : 太 可惜 了 感恩 现在 拥有 的 一切 对比 起来 我们 太 幸福 了
1714407605,R . I . P
1714403439,R . I . P
1714401280,R . I . P
1714396737,愿 小哥 安息
1714395239,rest in piece
1714388265,R . I . P
1714382717,天堂 又 多 了 一个 有趣 的 灵魂
1714386512,RIP
1714382035,R . I . P
1714378467,祝 天堂 安好
1714380682,rip
1714380431,Rest in Peace
1714374447,英雄 不朽
1714373747,RIP
1714373129,R . IP
1714368859,R . I . P .
1714372712,R . I . P .
1714366783,一路 走 好
1714363573,太秀 了
1714359241,R . I . P
1714353964,看起来 明明 是 乐观 的 人 为什么 自杀 就 像 跟 胃癌 患者 说饭 那么 好吃 你 为什么 不吃 理解 不了 的 原因 还是 因为 刀子 不扎 在 自己 身上 所以 不 觉得 疼
1714352574,R . I . P
1714355610,R . I . P
1714355591,一路 走 好
1714348954,R . I . P
1714350696,cp 我们 怀着 悲痛 的 心情 向 大家 告知 曾经 给 我们 带来 无数 欢乐 的 主播 Etika 已经 被 美国 警方 确认 离世 此前 Etika 曾 患有 严重 的 抑郁症 我们 尊重 每个 人 对于 自己 的 选择 更 多 感恩 和 铭记 他 带给 我们 的 美好 和 快乐 谢谢 你 蜡烛 / cp
1714348088,英雄 不朽
1714343062,R . I . P
1714339036,愿 天堂 也 有 让 你 开心 的 游戏
1714341532,希望 天国 只有 游戏 没有 抑郁 R . I . P
1714341290,小 电视 进度条 跟上 节奏
1714336928,一个 劝 你 别 玩游戏 好好 生活 的 人 怎么 却 连 活下去 的 勇气 都 没有 呢
1714332319,R . I . P
1714327876,R . I . P
1714323352,R . I . P
1714330577,R . I . P
1714330446,R . I . P
1714319811,表面 乐观 开朗 的 人 可能 内心 不 一定 开朗 他 去 取悦 别人 又 有 谁 每天 来 取悦 他 呢
1714325795,呜呜 呜 哇哇 听说 这位 小哥 抑郁症 去世 了 呜 愿 在 天堂 安好
1714319279,愿 天堂 也 有 守望 先锋
1714321308,R . I . P
1714314733,一路 走 好
1714320584,小哥 愿 你 在 天堂 安好
1714311739,rip
1714306971,RIP
1714310852,英雄 不朽
1714310052,哎 黑人 小哥 一路 走 好
1714299780,R . I . P
1714305046,R . I . P
1714302561,R . I . P
1714294064,为啥 我 记得 我 以前 看 的 是 正在 前往 多 啦 多
1714301715,我 正在 玩 守望 先锋 低头 刷到 这条 消息 心痛
1714296869,真 tm 想不到 人 就 没 了
1714296734,rip
1714296498,R . I . P
1714296243,R . I . P
1714300307,看 你 的 视频 带 我入 坑 怎么 一转眼 你 就 没 了
1714300102,我 放弃 了 暴雪 小哥 放弃 了 我们
1714300069,R . I . P
1714289917,R . I . P
1714289104,再见
1714284790,RIP ( > _ > )
1714279152,R . I . P
1714279059,RIP
1714279015,R . I . P
1714278728,走 好
1714278448,3 年 好 快
1714277954,你 妈 的 为什么
1714277239,R . I . P
1714285127,守望者 not joker
1714274657,天使 呢 快 来拉人 呀
1714273893,R . I . P
1714269583,R . I . P
1714264967,R . I . P
1714269101,R . I . P
1714271904,当时 第一次 听 这个 歌 的 时候 我刚 高中毕业 拿到 录取 通知书 一天 恨不得 玩 12 小时 对于 这个 歌 喜欢 的 不行 这 三年 我 从 白银 打 到 钻石 真实 手打 不当 上 分表 也 不 找代练 现在 的 我 大三 每天 疲于 课设 ow 在 这 三年 变 了 很多 我 想 我 应该 是 喜欢 它 的 只不过 不再 想 玩 了 它 是 我 电脑 里 最 不想 打开 的 游戏 我 不敢 妄评 它 好不好 只是 这个 版本 实在 令 我 开心 不 起来 我 觉得 与 之前 相比 它 缺 了 点 什么 又 说不出来 我 祝你们 每个 玩家 都 幸福
1714264371,感觉 自己 胡言乱语 的 不 知道 想 说 什么 楼下 是 大四 学长 学姐 的 跳蚤市场 吵吵闹闹 的 心情 复杂 很 感谢 有 ow 陪伴 的 三年 虽然 一年 要 比 一年 失望 但是 它 确实 给 我 带来 欢乐
1714275493,那会 我 是 高三 呢 真的 ow 可以 说 是 我 高三 时候 唯一 的 支柱 了 总是 想着 再 熬 几天 就 可以 和 同学 去 网吧 打 ow 了
1714271504,R . I . P
1714262814,网络 暴力 和 喷子 战胜 了 他 对 游戏 的 热爱
1714271069,R . I . P
1714261814,R . I . P
1714265811,时间 过得 好 快 三年 一下子 就 过去 了 RIP
1714261227,rip
1714259356,愿 天堂 也 有 屁股 玩
1714257424,R . I . P
1714245459,走 好 谢谢 你 带来 的 快乐
1714245054,走 好
1714239456,R . I . P
1714239450,英雄 不朽
1714243811,愿 他 天赋 依旧 .
1714233764,Rip
1714242260,R . I . P
1714240083,R . I . P
1714235056,谢谢 你 为 我 带来 快乐 R . I . P
1714228450,R . I . P
1714228041,R . I . P
1714227989,愿 天堂 也 有 守望 先锋 RIP
1714223222,发生 了 什么
1714235950,这个 人 自杀 了
1713458655,戏精 的 黑人 小哥 OW 里 有 他 进击 的 巨人 里 有 他 各种 任天堂 里 有 他 就 这样 频繁 的 出现 像 个 小丑 一样 的 直播 好像 很多 兴趣爱好 好像 无限 热情 然后 开个 玩笑 似的 失踪 确认 自杀 R . I . P
100542920528,怎么 这样 啊 好 难受
1418721850,说 新 英雄 巴蒂斯特 是不是 你
242195616832,啊 巴蒂 19 年 才 出 吗
1366514998,守望 玩家 现在 在 来 听 这 首歌 表示 有点 蜜汁 心酸
1724103259,这 小哥 也 走 了 ( ` )
959762159,凉 了 屁股 凉 了
960664021,反手 就是 一巴掌 ( ) /
960665542,欢迎 去查 在线 人数
960668424,当 你 这种 人 出现 时 我 就 知道 守望 还凉 不了
258969909569,这下 凉 了 吧
820995628,曾经 和 其他 五个 朋友 一起 玩 守望 先锋 三 男三女 六 黑 车队 当初 是 真的 喜欢 守望 先锋 天天 肝 就 为了 一个 金色 皮肤 后来 其中 一对 成 了 剩下 四人 车队 大家 也 是 乐此不疲 的 玩 后来 发生 了 很多 事情 我 和 其中 一个 男生 成 了 后来 也 分 了 另 一个 妹子 也 和 我们 几个 人闹 掰 从此 放弃 了 守望 先锋 后来 前男友 和 我 分手 六个 人 的 小团体 最终 四分五裂 但是 对 这个 游戏 的 热爱 还是 让 我 不 舍得 放弃 这个 游戏 守望 先锋 我 可能 会玩到 天荒地老 都 不会 腻 吧 我 永远 喜欢 猎空
824877519,很 复杂 ( = = )
837278418,很迷 ( )
5430912656,20 年 才 入 坑 ( _ ) 但 一个 陪我玩 的 朋友 都 没有
5431142610,回复 : 一晃 都 过去 三年 了 啊 现在 也 没人 陪我玩 了 也 没有 时间 玩 了
5431200324,回复 : 我 平时 就 找 野队 要么 就 玩 街机 omo
5432390821,回复 : 我 现在 一年 也 上 不了 几次 最近 连 原神 都 没 时间 玩 了
5432754874,回复 : 原来 你 也 玩 原神 ( )
5432792291,回复 : 突然 发现 万叶 和 神里 我 都 没 抽到
5433039805,回复 : 我 只有 魈 万叶 神里宵宫
5433068762,回复 : 五星 的话 有 甘雨 钟离 可莉和影
634403636,现实 世界 没有 那么 多 真正 的 英雄 我们 只是 玩游戏 的 普通人 但 OW 的 世界 永远 等 着 更 多 英雄 新 一年 了 如果 你 也 曾经 中二 的 喊 过 这个 世界 需要 更 多 英雄 那 为何 不 回来 看看 呢 我们 还 在 这 等 你 是否 重新 回归 守望 先锋 YES NO
635133596,休息 半年 然后 回来 要 考试 了
643503168,犹豫 了 一下 想想 当年 开黑 的 日子 有 机会 开大刚 开 就 死 的 日子 我 决定 按 no
644550049,No 确认 守望 先锋 登出
679554026,回复 : 走 快点
682160093,NO
705787534,回复 已经 很快 了 ( = = )
705889610,回复
748966520,回复 : 这 游戏 还 没有 二 周年 你 这 我 真不知道 怎么 回
748966925,我 肯定 yes 啊 我 130 个 小时 的 幼儿 源 和 80 小时 学前 藏 不能 这么 失传 阿
753230752,A 了 好久 了 想 玩 回坑 从 下 游戏 发现 硬盘 不够 了 然后 准备 删 几个 游戏 然后 看到 了 已经 落灰 了 的 毒奶粉 对不起 我 没 忍住 / TT ) /
757738710,回复 : 我 说 快 两年 发售 那天 就 买 了 一个月 就 腻 了 没 问题 吧 我 记得 是 16 年 发售 没 记错 吧
1855046810,休息 半年 终于 回来 了
1905316413,11 级 萌新 报道 来 的 有点 晚 啊
3428733716,休息 两年 的 我 准备 今年 回来
4535857432,21 年 5 月 溜 了 溜 了 这 东西 真 不能 再 碰 了
4543998945,回复 : 看到 我 自己 2 年前 的 评论 好 伤心 啊
110784821632,谁 说 没 那么 多 英雄 警察 医护人员 抗疫 战士 吴宏宇 边防战士 等等 你 觉得 轻松 安全 只不过 有人 替 你 负重 前行
591032004,之前 听 这歌 还是 ow 最火 的 时候 现在 已经 金框 啦 ( ) 我 永远 喜欢 守望 先锋
5349194891,现在 还 在 坚持 吗
5349203396,回复 : 那 当然 现在 已经 钻石 框 了
5349297780,回复 : 牛 逼 啊 老哥 我 已经 离开 好久 了
108257706432,现在 还 在 坚持 吗
108346865760,回复 : 在 不过 变成 偶尔 玩玩 了
179001718752,现在 还 在 坚持 嘛
179175113840,回复 : 转亚服 了 不过 上线 频率 一般 也 就 下班 休闲 的 时候 玩玩
253381361265,还 喜欢 吗
253396177393,回复 : 国服 回来 还 玩 哈哈
521157090,匹配 10 分钟 匹 不到 人 诶 ..
525459960,回复
525460384,回复
561736030,不能 吧 我 就 1.2 分钟
562372215,我们 五排 差不多 十分钟 流泪
570085626,那 只有 2 种 可能 要么 你 牛 逼 的 上天 要么 你 菜 的 抠 脚
576725614,回复 : 那 是因为 金木牛 逼 而且 排 的 时间 长是 常态 我 在 2700 - 3000 分 基本 都 在 2 分钟 以内 秒 排 的 次数 也 不少
220600816,我 跟 你们 说 我 几个 月 前 看到 这个 视频 当时 以为 是 玩笑 一笑而过 现在 我 真的 后悔 没有 听 他 的 兄弟 我 真 不是 开玩笑 我 六点半 的 晚班 上 到 凌晨 两点 才 下班 我 才 不是 在 酒吧 里 卖 py 的 但是 我 每天晚上 回家 都 要 玩 守望 先锋 不玩 浑身 难受 然后 一看 天 都 亮 了
218118846,我 就 玩 I / ) .. ..
220317418,祝 你 不会 在 小黑 屋见
222416050,回复 : 0.0
115402669,半年 之后 腾讯 火爆 游戏 天天 先锋 全民 守望
147142836,明明 是 守望 小学生
1878157787,两年 过去 了 tx 似乎 的确 做到 了
1999674537,tx 做到 了
2026113647,带 预言家
2203394188,牛 逼
2763950075,预言家
3190356202,带 预言家 啊
3428735905,宁 就是 带 预言家
4639731240,枪神 纪比 守望 出 的 早 不过 腾讯 特色 枪神 纪 抄袭 的 是 军团 要塞 2 而 守望 先锋 只是 借鉴 了 军团 要塞 2 的 多 职业 分工合作 这一 思路
108969113168,刀 了 我 今天 晚上 就 把 你 刀 了
113124782,up 主 你好 我 最近 把 你 的 这个 remixed 视频 发上 了 YouTube 把 你 的 up 主名 和 视频 地址 也 放上去 了 并 不求 别的 也 没有 任何 收益 只想 让 更 多 的 人 看到 你 做 的 视频 YouTube 地址 是
126032133,我 看到 就 去 youtube 看 了 但是 他 说 此 视频 无法 播放 已经 删掉 了 嘛
128678446,回复 : 是 的 有 个别人 不 喜欢 我 搬运 就 删掉 了
1724319748,怎么弄 youtube 啊
1756374236,呃 虽然 已经 过 了 三年 但是 我 还是 想 和 你 说 下次 最好 经过 up 同意 之后 再 搬运
111185036,整天 就 知道 宅 有意思 吗 趁着 年轻 多 出去 走走 我 每天 往返 在 尼泊尔 多拉 多 漓江 塔 66 号 公路 花村 努巴尼 国王 大道 阿努 比斯 神殿 直布罗陀 基地 沃 斯卡娅 工业区 等 地 遇见 不同 的 人 听 他们 的 故事 还 和 日本 人 美国 人 俄罗斯 人 甚至 猩猩 还有 机器人 交朋友 多 充实 啊
110992613,千万 别碰 千万 别碰 守望 先锋
253381236049,为什么
110363574,我来 帮 你 个 忙 我 要 让 你 的 生活 变得 更好 让 你们 不要 和 我 一样 不要 碰 这个 视频 不要 碰 这个 视频 不要 碰 这个 视频 不要 碰 这个 视频 他会 耗尽 你 的 灵魂 把 你 拉进 地狱 的 深渊 我 可 没 和 你 开玩笑 我 晚上 九点 才 起床 这 可不是 普通 的 鬼畜 我 每天 熬夜 循环 到 五点 这 就是 一个 问题 了 到底 可儿 在 这里 下 了 什么 毒 我 从来不 看 可怜 妹子 我 从来不 痴迷 小白鼠 鬼才 会鸟 什么 sing 锅 谁 会 去 碰 什么 pump it 但 这 视频 这 视频 到底 有 什么 毒 不要 碰 这个 视频 不要 碰 这个 视频 不要 碰 这个 视频 不要 碰 这个 视频 不要 碰 这个 视频 不要 碰 这个 视频 不要 碰 这个 视频 不要 碰 这个 视频 我 的 祖宗 十八代 姑姑 姐姐 从来 没 碰过 洗头水
110376379,好 想 送 你 上 热评 ( )
110392376,我来 帮 你 个 忙 我 要 让 你 的 生活 变得 更好 让 你们 不要 和 我 一样 不要 碰 四大 欠王 不要 碰泽野 螳螂 不要 碰 天气 米 雪 不要 碰 女孩 为何 穿 短裙 他们 会 耗尽 你 的 灵魂 把 你 拉进 鬼畜 的 深渊 我 可 没 和 你 开玩笑 朋友 我 晚上 九点 才 起床 他们 做 的 可不是 普通 的 视频 我 每天 熬夜 循环 到 五点 这 就是 一个 问题 了 到底 他们 在 鬼畜 里 下 了 什么 毒 我 从来 没 逛过 麻将 区 我 也 没 循环 过 音乐 区 我 从来 没听说过 三 怂 谁 TM 会 去 鸟 娱乐 时尚 区 我 的 祖宗 十八代 老 司机 从来 没 补过 一部 番 但 这些 鬼畜 这些 鬼畜 到底 有 什么 毒 不要 碰 九二 共识 不要 碰 吔 总会 不要 碰 * * * 奔 的 爱 毛 不要 碰 此物 天下 绝响 不要 碰 bananawater 不要 碰 皓月 - moonqshine 不要 碰 你 爸 知道 吗 肥鱼 绿豆 KC 一只 桥 仔菊子 桑 M 社长 省略 100 个 反正 是 鬼畜 区 的 就 不要 碰 好 了 以后 再说 虽然 其他 热评 出动 一个 师 的 兵力 干 我 骚猪 我 依然 发育 起来 了 不 具有 讽刺 UP 主 的 意义
110442023,( ) 顶上 热评
111724349,+ 666
110334040,来 问 我 要 伴奏 的 太 多 了 统一 放 链接 各位 帮忙 顶上去 吧 密码 ifuk
110334916,顶顶顶
110335352,大师 球 ( )
110335513,顶 呀
110335611,XDD
110336084,中毒 了
110337234,顶上去
110337636,密码 简直 有毒
110337726,大师 球 _ ( ) _
110338598,大师 球 ! ( )
110339140,大师 球 ( )
110345096,大师 球 ( ) /
110345507,好毒 我 去 再 * * * 屁股
110347540,大师 球好 近
110348878,大师 球
110349040,有没有 视频 的 MP3 我要 整个 的
110355664,回复
110656131,好 6 啊 ( ) 自制 伴奏
110746579,连接 跪求 续
110907802,好听
110927177,ifuk .... 这个 密码 我 感觉 不是 巧合
111827549,怎么 没 了 ~ ~
111993264,BGM 为什么 被 吞 了 ( )
112890719,QWQ 链接 过期 了
112890812,回复 : 有 哪个 可爱 的 宝宝 能发 我 一份 吗 ~
112957735,层主 链接 过期 了 诶 请问 能 重新 分享 一次 吗
113167922,UP 链接 挂 了
114545218,被删 了
124575437,可以 再发 一次 吗 ( )
151455589,10.8 考古 求 大佬 再发 一次
333081755,链接 挂 了
471500472,哈哈哈 考古 在 此
599297498,挂 了 ( ) ! ?
602929629,回复 : 哥们 你 下载 伴奏 了 吗 可以 分享 我 一份 吗
602929972,回复 : 哥们 你 下载 伴奏 了 吗 可以 分享 我 一份 吗
602930047,回复 : 哥们 你 下载 伴奏 了 吗 可以 分享 我 一份 吗
634382419,哇 能求 一份 伴奏 吗 滑稽
731245730,555 文件 麻油 了 求新 的 连接
818624750,求 私信 链接 挂 了 我 已经 被 洗脑 了 233 有毒 穿越时空 的 问候
827329498,大佬 再发 一次 吧 链接 挂 了
840089609,大佬 求 补档 么 么 么 么 哒
1001540858,我可以 用 你 的 曲子 吗
1235710687,链接 失效
1318329084,置顶 嘛
1611270438,我 寻思 这 玩意 是 UP 自己 取消 的 吗 还 说 这 玩意 都 特 么 的 有人 举报
1895778031,我可以 借用 一下 吗
2310031604,没 了
2459545773,链接 失效
3260196558,没有 了
5033380669,回复 : 考古 考古 在 此
5087546103,回复 : 救命 好好笑
109834041,在 空间 看到 的 她 最终 还是 选择 和 我 分手 了 可 我 还是 不能 忘记 她 第一天 想 她 第二天 想 她 第三天 好 想 她 第四天 守望 先锋 真好玩
2927239271,在 空间 看到 的 她 最终 还是 选择 和 我 分手 了 可 我 还是 不能 忘记 她 第一天 想 她 第二天 想 她 第三天 好 想 她 第四天 有 基佬 开 我 裤链
141948074064,在 空间 看到 的 她 最终 还是 选择 和 我 分手 了 可 我 还是 不能 忘记 她 第一天 想 她 第二天 想 她 第三天 好 想 她 第四天 我 真的 真的 好 想 守望 先锋
201257360112,回复 : 第四天 拔刀 能 留住 落樱 吗
109825109,整天 就 知道 宅 有意思 吗 趁着 年轻 多 出去 走走 我 每天 往返 在 尼泊尔 多拉 多 漓江 塔 66 号 公路 花村 努巴尼 国王 大道 阿努 比斯 神殿 直布罗陀 基地 沃 斯卡娅 工业区 等 地 遇见 不同 的 人 听 他们 的 故事 还 和 日本 人 美国 人 俄罗斯 人 甚至 猩猩 还有 机器人 交朋友 和 开机 甲萝莉 玩机 甲震 和 会 控制 时间 的 少女 多次 * * * 和 会 治疗 阳痿 增加 火力 的 天使 啪啪 啪 多 充实 啊 ( )
109828861,这 很 守望 先锋 ( ; )
109985763,= = 原来 你 有 阳痿 啊 真可怜 ( )
109986362,回复 : 这楼 就 服 你 = = ( )
110094502,回复
110143629,你 这条 评论 * * * 出来 就 已经 属于 我 了
110406725,回复 : 会 玩 ( )
112812718,回复 : 这 破绽 我 就 服 你
109803820,50 年 后 卢西奥 看着 这个 视频 缓缓的 笑 了 . ( ) ------------------ 这个 世界 需要 英雄
109804879,回复 : ( 3 ) 求助 攻
110033935,助攻 ( = = )
110035249,回复 : 谢谢
110070335,然而 还有 网吧 这种 东西 ( ` )
110243070,回复 : 2333 50 年 后 卢西奥 源氏 76 老鼠 天使 麦爹 网吧 5 黑 守望 屁股 ( )
1713621734,没有 五十年 后 了
1713651449,回复 : 哎
1713685407,抱歉 我活 不到 50 岁 了
1714175359,没 了
1803137573,心痛
2272345642,回复 :
2272344784,回复 :
2272339091,回复 :
2272933108,回复 : 你 不 知道 吗
2272929914,回复 : 怎么 了
2272978957,自杀 了
2272983830,回复 : 里面 的 黑人 小哥
2704448735,回复 : 他 以经 自杀 了 和 b 站 许多 up 一样
4536020682,我 来自 五年 后 这个 世界 不 需要 守望 先锋
4545984430,回复 : meteor strick
5397061472,回复 : 守望 不倒 陪你到 老
143626146656,回复 : 守望 倒 了 我 又 翻到 了 这个 视频
109801302,不要 天天 沉迷 游戏 要 像 我 一样 多 出去 走走 伊利 奥斯 啦 阿努 比斯 神殿 漓江 塔 多拉 多 俄罗斯 什么 的 我 都 去过
144134937,看到 赞是 233 我 就 不想 点 了
150864124,回复 : 现在 赞数 是 250
157879511,强迫症 帮 你续 成 了 360
157879640,回复 : 2
252501621,帮 你续 成 了 300
851050354,糟 了 380 不敢 点 了
851057009,回复 : 两年 前 的 你 都 能 翻出来
961350174,404 不太想 破坏 ( )
1055858351,415
1149012079,回复 : 我 也 翻出来 了 ( )
1166101739,嗯 哼
1218828596,520 了
1219489815,先 在 520 不想 点
1219824542,打破 520
1302515328,守望 先锋 哪个 地方 我 没 去过 隔壁 的 士兵 76 不 知道 比 你们 高到 哪里 去 了 我 和 他 谈笑风生
1311443323,我 要续 到 666
1321418225,看到 666 手残 点成 667
1371360093,强迫症 给 你 点成 880 吧
1397018875,我 喜欢 7 所以 不 给 你 点成 998 ( )
1419672339,给你个 1100 吧
1670121478,给你个 1400 吧
1714334738,沃斯卡纳 工业区
1762880731,2000
1764223860,2005
1896093620,回复 : 现在 看到 赞是 2333 我 就 不想 点 了
1951615439,2439 再来一个
1993623271,欢迎 来到 渣 客镇 釜山 巴黎 月球 基地 努巴尼 66 号 公路 花村 暴雪 世界 尼泊尔 绿洲 城里 阿尔托
2092997051,我 还 去 花村 走过
2424499351,我 他 喵 的 还 去过 尼泊尔 呢
3947274070,打 csgo 彩虹六号 之类 的
4541143255,16 年 的 ow 是 真的 好玩 现在 rh 去死吧
4542278832,大 预言家
4546598587,我 戒掉 游戏 去 钓鱼 了 手机游戏 不算 吧 不 玩 氪金 太重 的 游戏 偏向 单机 类
4620765372,对 你 甚至 可以 住 在 月球 基地 并且 天天 参观 巴黎
5533883383,回复 : 哈哈哈 哈哈
112250536720,R . I . P .
132951623232,哈哈哈 哈哈
109788842,什么 破 射击 游戏 官方 的 外挂 太 多 飞天 透视 自动 包头 太 垃圾 了 觉 对 没 cf 好玩 所以 小学生 千万别 来 玩 啊 ( = = )
109791955,2333 外挂 吓死人
109796552,高端 拒 小学生 好评
110352824,免费 游戏 玩家 不会 给钱 去 买 这破 屁股 的
147142528,目前 不 免费 就 能 杜绝 大部分 小学生 放心 吧
2412852827,20 年 了 已经 在 看到 这 条 评论 百感交集
2412854403,以前 的 一句 调侃 变成 了 现在 的 事实 暴雪 将 ow 打折 就是 个 错误 的 举动 哪怕 是 牺牲 了 风评 而 延长 了 游戏 寿命
2417672410,回复 : 有 1 说 1 确实
94853773808,回复 : 快 22 年 了 看着 半死不活 的 暴雪 看着 延期 的 ow2 更加 百感交集
135258370480,回复 : 看着 已经 出来 的 ow2 更加 百感交集
109785500,我 感觉 我 的 电脑配置 拯救 了 我 的 一生
109792123,+ 1
109803991,你 不是 一个 人
109855118,1 买 了 也 玩 不了 啊
109855722,+ 1 感谢 我 的 电脑
109861269,iso 的 小伙伴 们 举起 双手 然后 就 回去 玩 别人 的 电脑 还 不 放手
109896969,你 错 了 我 重新 去 买 了 个 电脑
109907626,然而 并 没有 笔电 配置 太低 玩 不了 然而 天天 上 直播 看 别人 玩
109911986,欣慰 的 我 ( ) 然而 不久 就要 买 电脑 了 真 可 啪 ( )
109955586,我 也 是 配置 救 了 我
110013172,你 错 了 我 用 垃圾 电脑 玩 了 下 之后 决定 凑钱 换 电脑 ( )
110031034,( = = ) 正好 电脑 坏 了 的 我 终于 可以 剁 手 了 哈哈哈 哈哈哈
110046623,这里 有 个人 配置 够 了 但 只 玩 战地 4 不 碰 屁股
110084014,+ 1 然而 我 已经 开始 筹备 换 电脑 了
110208832,说 着 重新 换 了 台 电脑
110240476,我 感谢 屁股 先锋 要 收费 啊 哈哈哈 ( 口 ) ( #-_- )
111009615,+ 1 ( &# 34 ; ) / 然而 暑假 就要 换 电脑 了 I7 + 1070
116286575,/ TT ) / 1
119159431,你 错 了 我 打算 天天 泡网吧
126691166,1 想換 電腦 然而 並沒有 錢 . ` ( & gt ; & lt ; ) ` .
168153834,回复 : 诶 呀 看 我 找到 了 个 谁 雨馨
1716521332,你 现在 还 玩 吗
1845880759,为了 玩 ow 买 了 台 电脑
2078987203,电脑 玩 不了 的 那会 天天 看 别人 直播 198 那会 买 了 个 帐号 只有 偶尔 去 去 网吧 才能 玩 平时 只能 看 直播 不过 终于 攒钱 换 了 个 电脑
109757420,b g m 是 自 制 曲 自 己 写 的 没 有 名 字 简 介 里 写 了 没 有 原 曲
109757769,大师 球 好前 ( )
109758033,大师 球 = = ( )
109758300,哎哟 好前
109758709,( )
109759021,666
109759044,第一次 这么 前
109759062,前面
109759221,大师 球 ~ ( = = )
109759335,回复
109760534,6666666666666
109760571,( ) ( ) ( )
109760719,有 这个 小哥 的 原 视频 吗 想 看看
109761299,666999
109761400,回复
109761653,大师 球
109764834,666
109767483,求 一个 BGM 下载 ( 如果 可以 的话 )
109768941,编 的 巨好 .. / TT ) /
109772101,那 把 自制 发给 我们 吧
109772920,看到 好多 问 BGM 的 真的 是 不好 好看 简介
109791518,大神 6666 现在 特别 期待 黑人 小哥 看到 你 这个 视频 会 有 什么 反应 要是 再来一个 小哥 看 这个 鬼畜 的 视频 就 更 欢乐 了
109822157,* * * 畜区 大佬 们 越来越 6 音乐 区何 去 何存
109859066,Bgm 太 好听
109914863,大神 厉害 佩服
109976799,这个 B 我 给 满分
109987199,bgm 好棒
109996722,牛批 啊 ( )
110055652,回复
110142768,up 主 可以 考虑 传 一份 到 油管 上 ( )
110222451,hhhh 求 曲子 hhhh 油管 可以 考虑 的
110376750,好 想 让 外国 友人 也 听听看 ( )
110629559,UP 你 能 上传 网易 云嘛 想 循环 QAQ
110715592,小可 儿好 厉害
111296653,下载 地址 密码 ifuk
111374738,小可 儿 炒 鸡 棒
111431048,第 521 个赞 ( = = )
111594818,牛 啊 ~ ~ ~
112150806,大师 球 ( )
112874804,哦 哦 好 赞 啊啊啊 表白 up 主
112957228,鬼畜 家 作曲家 ( ) ! ?
113039041,回复
113637301,厉害 厉害 厉害
120943033,( ) 求 重新 分享 同时 求 上传 至 油管 授权 感谢 po 主
121286244,太张 了 这 编曲 ( _ ` )
123418383,厉害 ( )
129149356,大师 球
147325345,j &# 39 ; j
263108229,给 个 mp3 呗
286758625,666666666666666bgm
287533917,多才多艺 的 阿婆 主
295569339,回复
305199214,天呐 自制 的 66666
332165671,那 你 编 一个 不 就 有 了 吗
338881601,厉害 了
428483829,问 一下 你 有没有 投到 YouTube
569773071,哇 厉害 了
628862861,秀 什么 自制 天秀 大哥 牛 逼
636463074,说 话 带 空 格
656458504,up 真棒
656458981,仰慕 大佬
665783262,揉 揉 大概 现在 的 孩子 都 没有 好好看 简介 的 习惯
769120150,网易 云 音乐 竟然 也 有
789097210,有 啊 那 是因为 你 不 知道 而已 我 已经 发了
789098478,在 QQ 音乐 里 有
799575031,网易 云 上传 ( = = )
799705168,你 打 字 有 空 格
799745204,6666
838088243,恶 臭 空 格
860245294,人才 啊
919892185,有趣
961030792,我 好 早 以前 好像 听过 这个
963364210,qq 音乐 能 下载 我 已经 下载 了 快 两年 了
964689744,老可儿 好 腻 害
988155314,厉害
1001571411,回复 @ : 这
1005261459,原创 流弊 大佬 斯国 一
1073861482,回复 : 大师 球里 的 大师 球
1179529696,唐 突 空 格
1183132165,厉害 了
1234302636,两年 半 之前 的 打 字 带 空 格
1321656300,歌曲名 LUVORATORRRRRY ! 歌手名 kradness 有点像 这 首歌 ...... 刚 开始 有点像 .....
1321668510,可能 是 巧合 吧 ..
1356980226,bgm 太 好听 了
1428079143,你 打字 带 空格
1713687814,RIP
5126327535,四五年 前 在 4399 爆笑 一刻 看到 过 诶 不过 现在 4399 里 那个 页面 已经 莫 了
109630878,各位 别 再 沉迷 网络 世界 了 多 出去 走走 多 与 外边 的 世界 接触 像 我 ----- 正在 前往 多拉 多
109633851,/ TT ) / / TT ) / / TT ) / / TT ) /
109661063,正在 前往 花村 ( )
109771913,正在 前往 72 仓库
110147317,欢饮 来到 好莱坞
110462702,正在 前往 漓江 塔
1960468503,正在 前往 66 号 公路
3190364467,正在 前往 地平线 月球 基地
253381389409,刚 从 直布罗陀 出来
109563826,今天 去 了 一个 网吧 本 以为 是 嘈杂 的 CF 和 LOL 刚 推开 门 就 听见 源氏 开大莱因 顶住 别问 我 当时 的 表情 是 什么样 的 ...
109623106,我 懂 ( )
109640296,那天 看 完 魔兽 首映 因为 门禁 去 网吧 结果 听到 的 也 是 OW
1817601297,不是 道理 我 都 懂 但是 怎么 会 有人 不喊 大锤 喊 莱茵 ...
1878717350,回复 : 看看 时间 pa 兄弟
1914278175,回复 : 16 年 啊 刚玩 都 是 叫 名字 吧 外号 都 是 后来 起 的 就 像 莫姨刚 出来 时 都 叫 莫伊 拉 一样
3163204458,我踏马 好 想念 16 年 的 守望
4180425993,看来 他俩 段位 也 就 黄金 莱因 开盾 挡源 大 不是 找死 吗 正确 模式 是 一 锤子 加个 s 或者 e 在 一 锤子
4268780476,回复 : 来 挖坟 的 坟 期待 一下 ow2 吧
4268781335,回复 @ : 大哥 人家 是 2016 年 游戏 刚 出没 几个 会 玩 的 守望 也 是 这个 时候 最 快乐
4474292478,回复 @ : 刚出 的 时候 没 段位 看 你 不 知道 跟 你 提一嘴
5256685648,回复 @ : 你 真的 好笑
5597362166,回复 : 刚出 的 时候 是 等级 第二 赛季 开始 是 段位 我 说 的 是 换算 成 操作 也 就 那个 段位 的 技术
109562748,唉 虽然 是 搞笑 视频 但是 大家 玩 守望 的 时候 别真 被 毒 了 我 朋友 高三 了 爬 围墙 去 玩 屁股
109569624,真心 同意 没事 玩 两个 小时 就 好
253381292977,确实
109545140,暴雪 官方 已 证实 此人 为 卢西奥 DJ 原型
110983710,真的假 的
111177016,回复 : 是 真的
111177966,回复 : _ 你 仔细 看看 卢西奥 的 脸 再 看看 这黑 小哥 的 脸
112758408,我 的 天呐 ( _ ` )
112785740,回复 : ( _ ` ) 哦 ~ 在 这 停顿 ~
112873174,回复 : ( _ ` 这样 一说 再 看 感觉 一毛 一样
112901337,回复 : ( _ ` ) 本来 就是 嘛
113120789,回复 : 刚 入手 屁股 ( ) 玩玩 DJ 去
113141519,回复 : 上开 出来 一个 宇宙 蛙 ( _ ` ) 特么 的 全身 夜光
114952557,回复 : 加个 好友 嘛 ( )
114954720,回复 : ( _ ` ) 橘子 柠檬茶 # 51941 竞技 打 一场 就 怂 了 .... 我 多半 是 废 了 ...
123385372,回复 : 我 比较 好奇 D . VA 的 原型
123388250,回复 : 这个 我 很 不想 谈 暴雪 未经 我 同意 擅自 采用 我 老婆 的 肖像权
123388945,回复 : 你 个 小 三 明明 是 我 老婆 ( 口 ) (
123394481,回复 : 那 不好意思 她 可能 没 告诉 你 实情
123396672,回复 : TAT
147325530,666666
168919381,回复
1268061384,然而 没有 ( _ )
1268055855,回复 : 官方 推 搜 不到 啊
1268074395,回复 : 我 瞎编 的 ..... 都 8102 年 了 还有 人 玩 OW 啊 哭 了 ( ` ) 请 你 坚持下去 我 去 玩 战雷 了
1268189093,回复 : 擦 被 我 逮到 了 吧
1268404228,我 玩 守望 三年 都 不 知道 是 他
1268452796,回复 : 这 你 也 信 ....
1268458102,回复 : 我 没信 啊
1275452664,没有 看到 任何 类似 的 新闻 / 说明 虽然 长得 挺 像 的 但 不 一定 是 以 他 为 原型
1275610555,回复 : _ 最近 咋 的 了 是不是 这个 视频 上 首页 了 怎么 那么 多人 挖坟 啊
1282278265,回复 : 对 啊 我 上周日 在 首页 又 看到 了 还 顺便 三连 了
1285366488,回复 : 守望 玩 到 凌晨 三点 上来 警戒 一下 自己 _
1286195308,回复 : 卢西奥 原型 是 卢西奥 声优
1286228930,有病 吧 举报 了 虚假 信息
1578034375,2018 的 末尾 入坑 我 是 要 玩 守望 先锋 到 世界 尽头 的 人
1579098009,回复 : 明天 就是 世界末日
1596238480,回复 : 好 了 现在 他 变成 了 疑似 巴蒂斯特 的 角色 原型
1598365491,回复 : 史前 老坟 都 被 你 挖出来 了 还有 我 差点 信 了 你 的 邪
1598477361,回复 : 原型 是 tossgirl 还是 没骗 你 的
1610750312,回复 : 在 加个 好友 开黑 吗
1610772541,回复 : 可是 我 已经 不玩 OW 了 啊 ....
1611048757,回复 : 好 吧
1713659499,考古学家 来 了 小哥 成 了 新 英雄 巴蒂斯塔 的 原型
1717159368,边玩 边 哭 这位 小哥 牺牲 了
1720136984,卢西奥 玩家 哭 死
1729195841,回复 : 我 也 来 挖坟 了 他 是 哪位 英雄 的 原型 已经 不 重要 了 因为 他 已经 离开 人世 了 / TT ) /
1779855355,回复 : 啊 怎么回事
1780576922,回复 : 小哥 上个月 因为 抑郁症 选择 了 自杀 离开 人世
1780722572,回复 : 我 的 天 他 是不是 在 游戏 里 被 虐 惨 了 然后 抑郁
1781243739,回复 : 语言 攻击 网络 喷子
1791012871,回复 : dva 原型 是 韩国 星际争霸 2 女选手 tossgirl
1806774089,回复 : 不是 哟 Dva 就 叫 宋哈娜 女帝 真名 好像 叫 徐智秀 不过 确实 是 Dva 原型
1894370226,回复 : 2333 现在 还 在 吗
1895536603,回复 : 基本 不玩 有 新 的 PVE 会 打打 箱子
1896191821,回复 : 嗦 嘎
1898161241,回复 : 峰 吹 起 了 从前
2232595963,守望 先锋 天子 第一
2503195064,琴瑟 仙 男
2773704923,回复 : 又 迫害 大哥
2830542133,你 说 巴蒂斯塔 我 还 信 一点
2830546345,回复 : 特
4956489842,回复 : 西湖 底 雅座 一位
126110161424,回复 : 22 年 啦 有没有 成为 大佬 呀
126112701728,回复 : 当年 打到 450 级 左右 就 没 再 玩 了 不过 在 期待 OW2 了 到时候 买 国际 服 的
126117006192,回复 : 450 级
136680038208,回复 : ow2 开 了 前来 考古
136687574048,回复 : 18 年 就 已经 退坑力
258273106961,回复 : ( * )
272859788304,回复 : 老东西 还 在 坚持 ow 吗 来自 新人 的 问候
109541793,你们 这些 年轻 啊 就 知道 玩游戏 外面 的 世界 那么 大 那么 美 应该 多 出去 走走 就 像 我 一样 正在 前往 多拉 多
109546251,是 啊 这年头 多 出去 走走 多 看看 外面 的 世界 就 像 我 一样 正在 前往 66 号 公路 进攻
109873675,回复 : 不是 很 懂 你们 防守 的 皮卡丘
109495009,我开 也 想 的 是 垃圾 游戏 但是 TM 的 我 说好 的 晕 3D 呢 我 打个 MC 都 玩 不过 第一天 就 直接 吐 了 的 人 我 玩 屁股 两个 通宵 了 这毒 能 治病
109509109,你 头像 配 这个 视频 ........ ( ) .
109566224,你 的 头像 正好 在 节奏 上 ( )
109573369,头像 看着 好爽
109679338,头像 不错
109750854,治病救人 玻璃 渣
109845553,讲真 我 以前 玩 mc 都 晕 其他 游戏 也 一样 自从 接触 屁股 两个 通宵 都 没 问题 还 他 吗 的 约 玩 越 有 精神 ( 口 ) (
109858577,我 盯 着 你 头像 配着 视频 看 了 一个 小时 / TT ) /
110080494,头像 真的 在 节奏 上
110239392,就 我 一个 看到 了 id 吗 x
110498040,回复
110781216,回复 : 但论 外 可以 娶
110957523,真的 3d 眩晕 可以 玩 ( ) ! ?
111119940,回复
111121253,回复
111124358,回复
111124569,守望 屁股 专门 为 3D 眩晕 患者 优化 过 画质 的
111427058,头像 有毒 !
111524658,回复 : 迷之带 感 + 1
111795723,莫名 的 带感 orz
113987104,头像 太有 节奏感 了 救 我 一直 盯 着 头像 听 这个
117188340,头像 配合 视频 蜜汁 带感
117822986,我 也 是
118083834,晕 3d 真能 玩 我 玩 MC 吐 了 好 几次 不敢 再 玩 3d 游戏 屁股 真 不敢 买怕 晕
4536594351,2021.05 . 09 这个 世界 不再 需要 任何 一个 英雄 do not play Overwatch
109484816,原版 av4848575
110178978,b ( )
109466831,我 就 不 懂 了 一个 还 没 玩 就要 收钱 的 破 游戏 都 被 你们 吹 到 天上 去 了 能 不能 学学 我 不要 整天 玩游戏 多去 旅 旅游 看看 中国 大地 的 美色 不 说 了 正在 前往 漓江 塔
191342404,零 回复 太惨 了
799599710,暴躁 老哥 端起 了 意大利 面 并且 开心 吃 了 起来
1715736759,RIP
2992399182,我 的 龙刃 差点 没收 住
4178738559,正在 前往 月球 基地
4180414207,买断 游戏 制 永远 是 最 实惠 的 可以 玩 一辈子 t 讯 的 几十个 648 也 不 一定 让 成为 前 10
5131495789,转眼间 五年 了 啊 太快 了 从 当初 跟 朋友 一起 通宵 打 ow 到 现在 已经 是 一名 父亲 了 真的 太快 了 想不通 以前 为 嘛 这么 喜欢 打游戏 现在 基本 连 电脑 都 不想 碰 了 _ ( : ) _
5542236821,一个 还 没 玩 就要 收钱 的 游戏 ... 这句 话 ? ?
132597597632,回复 : 时间 过得 真快 2 都 出 了
220680427568,时间 真快 ...
109429036,1 . 真是 太妙了 这个 鬼畜 2 . 左上角 的 logo 很 有 设计 感
109429702,第一 大师 球
109431401,大师 球 ( )
109434945,活捉 一只 大师 球
109440722,前 大师 球
109949204,这个 logo 看起来 有点像 doge 啊
129150601,大师 球
109319806,正在 前往 多拉 多 天降 aaaaaaaaaaaaaa
109321105,合影
109322922,好前 哇 ( 3 )
109324446,大师 球 ( )
110034047,合影 ( ) ! ?
110897167,五十 已
3190337660,有 基佬 开 我 裤 啊
3190338499,哦 在 这 停 啊
109300715,世界 上 所有人 都 害怕 他 的 闪光 六 连 暴雪 惧怕 他 的 闪光 六 连 不敢 削弱 迪亚 波罗 惧怕 他 的 闪光 因为 那 光芒 比 天堂 的 圣光 还要 耀眼 萨尔 那加 的 艾蒙 惧怕 他 因为 他 的 子弹 可以 轻易 击碎 他 的 精神 终于 有 一天 暴雪 削弱 的 一刻 来到 了 是 他 委托 设计师 削弱 自己 的 因为 他 已经 无敌 了 太久 孤独 了 太久 他 召集 了 所有 的 人 人们 惧怕 麦克雷 纷纷 来到 他 的 面前 麦克雷 看着 众人 终于 说 到 我 被 暴雪 削弱 了 在 听 玩 麦克雷 的话 之后 路霸 十分 震惊 曾经 * * * 子弹 就 可以 杀死 他 的 麦克雷 居然 说用 六 连 也 打 不 掉 他 一半 血 大家 都 沉默 了 终于 托比 昂站 了 出来 掏出 了 那 把 小 锤子 狠狠 地 砸 了 一下 麦克雷 混蛋 还 我 炮台 终于 大家 都 爆发 了 纷纷 攻击 麦克雷 嘴里 还 叫骂 着 其中 源氏 莱茵 哈特 是 打 的 最 开心 的 麦克雷 笑 了 在 围殴 的 人群 中 他 笑 了 他 嘲笑 自己 曾经 的 强大 嘲笑 自己 曾经 的 孤独 最后 泄愤 后 的 人们 走 了 残血 的 麦克雷 从 地 上爬 起来 他 拍拍 身上 的 灰尘 点 了 跟 雪茄 天使 来 了 她 是 唯一 一个 没有 参与 围殴 的 人 她 开启 了 恢复 为 麦克雷 恢复 生命 你 不 恨 我 吗 麦克雷 问道 你 一定 很 孤独 吧 现在 不同 了 大家 现在 都 会 乐于 接受 你 把 这次 只是 单纯 的 泄愤 而已 天使 一边 治疗 一边 说 到 麦克雷 压 了 压 帽子 向 天使 摆 了 摆手 面对 着 直布罗陀 的 落霞 向 太阳 的 方向 走 去 你 要 去 哪 寻找 有 正午 的 地方 麦克雷 说 到
109303693,然而 大佬 们 的 左键 教你做 人 没有 永远 的 第一 只有 永远 的 麦 爸爸
109335284,午时 已到 & lt ; ( ) & gt ; ( ) 3
109529635,科普 一下 麦克雷 的 大招 午时 已到 的 英文 是 it &# 39 ; s high noon 这 是 有 典故 的 因为 美国 西部 的 牛仔 在 决斗 的 时候 总是 选择 正午 也 就是 太阳 刚好 在 头顶 的 时候 这样 影子 对 双方 的 影响 最小 所以 这个 时候 决斗 最为 公平 但 麦克雷 是 在 出 绝杀 的 时候 说 这句 话 无疑 显示 出 了 他 对 自己 枪法 的 绝对 信心 也 就是 他 一定 可以 在 决斗 中 胜出 中文翻译 午时 已到 却 又 巧妙 融合 了 中国 古代 法场 行刑 的 典故 放佛 是 在 宣判 敌人 的 死亡
109540148,回复 : 被 左键 点 的 生活 不能 自理 的 陆行 鸟
109560279,回复 : 我 想 补充 一些 有趣 的 东西 ~ 如 这位 大 兄弟 所说 的 美国 西部 牛仔 决斗 一般 是 是 在 正午 光明磊落 地 面对面 决斗 但 在 游戏 之中 我们 玩 麦克雷 是 绝对 不会 正面 开大 的 一般 都 是 绕 后 或 躲 一个 阴暗 的 小 角落 开大 跟 现实 中 的 牛仔 是 完全 相反 的 麦克雷 有时候 会 说 至少 在 某个 地方 现在 是 正午 这句 话 相当于 是 给 他 开大招 阴人 的 借口 所以 配上 麦爹 他 那 贱 贱 的 小 眼神 我们 可以 推测 ... 麦爹 好 贱 的 终于 削 他 了
109716506,回复 : 其实 看 下 麦克 李 背景 就 知道 麦克 李 本身 就是 戴罪 之身 被 死神 拉 进 暗影 守望 混事 的 考虑 到 死神 的 性格 和 行为 麦克 李 肯定 也 不是 什么 伟光 正 的 善 茬
109777298,削弱 的 最 多 的 难道 不是 黑 百合 现在 都 没 几个 人 玩 了
109848748,渴望 公平 决斗 的 麦爹 吗 ( )
109851393,回复 : 麦克雷 以前 是 美国 西南部 非法 军火交易 团伙 的 死局 中 最 令人 胆寒 的 一员
109879839,回复
109903516,天使 在 大家 群殴 的 时候 忘记 切换 小 手枪 了 因为 一直 在 给 大锤 增 攻击 刚 打算 切小 手枪 这群人 就 打 完 了 只好 默默地 对 着 麦爹 制杖 一下 x
109908575,混蛋 还 我 炮台 ( 口 ) (
109979287,回复 : 如果 死神 跟 麦克 李 同时 出现 在 一方 阵容 里 的话 有 特殊 对话 大概 就是 死神 说 我 教会 了 你 很多 东西 麦克 李说 我 自己 还 有点 干货 从 这 对话 我 倾向 于 觉得 麦克 李 跟 死神 搞 过 一些 事 但是 死神 要 真 搞 大 新闻 麦克 李 就 撤 了
110383028,回复 : 原来 是 这样 啊 我 是 说 这 台词 挺 奇怪 呢
110831476,回复
111448546,点 了 根 雪茄 打错字 了 呢 ( )
111614676,即使 削弱 了 你 麦爹 还是 你 麦爹
112498841,回复
132516040,回复
1302314114,然而 现在 的 麦爹 又 开始 教 路霸 作 一头 猪 了 ( )
1713426004,然而 现在 的 麦爹 教 所有人 做人 了
1713738575,回复 : 哈哈哈哈 真实
1713776921,回复 : 还是 违和 加特林
1713776969,回复 : 维和
1714189691,攻速 巨快 左键 顶 半个 六 连
1714301297,9021 年 麦克雷 更名 麦克 垒
1714834404,麦爹 复仇 去 了
1718842757,大 兄弟 现在 是 麦克雷 摁 着 别人 锤 了
1719219335,回复 : 因为 难 而已 看看 欧服 那些 畜生
1720775069,回复 : 后来 他 也 懂得 了 为 自己 赎罪
1721207926,回复 : 维和 机关枪
1732182019,在 新版 机关枪 怎么 看
1805926257,high noon 我 认为 是 源于 美国 经典电影 午时
1819238831,回复 : 理财 不
1984940960,报麦 gay 雷 增强 辣
2151426532,好久没 看到 这 梗 了 那 时候 我 还 没退 坑
2199377900,2019 在 上 钩拳
2400959564,回复 : 死神 我 教会 了 你 很多 东西 麦克雷 哦 并 不是 全部
2772832122,2020 年 考古 源氏 现在 很 弱
2779787871,麦爹 还是 爹 啊
4005309930,大伙 们 麦爹 攻速 又 改回来 了 现在 我 真 玩 不了 了
4163043829,我 傻傻的 源氏 开大 砍 路霸
4787847926,凉透 了 已经
5389209862,要 改名 了 都
5414132866,考古 麦克雷 现在 的 名字 都 要 莫得 了
108146849472,以后 没有 麦克雷 啦
109297196,第一
109297250,( | | )
109297291,( ) ! ?
109297329,大师 球
109297375,回复 : 不 对 近距离 合影
109297517,好近 大师 球
109297579,怎么 可以 这样 好 吧 好 吧 你 任性
109297717,( * * )
109297732,肮脏 的 交易
109297905,大师 球太近
109297908,大师 球 ( )
109298001,23333333
109298055,大师 球 ( )
109298099,大师 球 ( = = )
109298148,哈哈哈 哈哈哈 好 jin
109298203,大师 球
109298236,强行 第一 233
109298295,大师 球
109298421,大师 球 ( ) ( )
109298750,大师 球 ( ^ ^ )
109298798,( )
109298806,_ ( : ) _
109299086,大师 球
109299211,大师 球 ( ) ( )
109299833,大师 球 _ ( ) _
109299837,( ) ! ?
109299890,可怜 的 狮子
109300457,狮子 昨天晚上 还 和 可儿 一起 做 了 视频 ( )
109300908,第一个 屁 啊 ( )
109300945,关注 有意思 哈
109301155,大师 球 ( )
109301222,( ; ) 快快 快 狮子 球
109301624,哈哈哈哈 哈哈哈哈
109301644,啊啊啊 啊 狮子 球
109301767,大师 球
109301797,狮子 你 打 那个 点 的 时间 已经 失去 78 楼
109302026,大师 球去 吧
109302171,哪有 第一
109302183,大师 球来 * * * ( = = )
109302532,wwwwww
109302570,大师 球
109303246,( ) ! ?
109303346,大师 球 ( = = )
109303359,大师 球
109304048,大 狮球 ( )
109304929,强行 第一 233
109305817,强行 第一 23333
109306082,大师 球
109306128,大师 球 ( ) /
109306906,好前 ( )
109308589,大师 球
109309123,呃 狮子 耶
109309384,表白 狮子
109309421,大 狮球
109309627,好手 速 ( _ )
109311150,可怜 ~ ? ? ? ? ? ? ? ?
109311783,狮子 强行 第一
109313545,( )
109313957,狮子 抓住
109314230,大师 球
109315701,大湿球 好 进
109316972,哇 ( o ) 哇
109317649,( ) ! ?
109318200,死于 话 多
109318749,狮子 球
109319738,( )
109319885,( ) 球
109321966,白鼠 球
109325344,大师 球 ( )
109326419,大师 球 = = ( )
109326711,大师 球
109327064,死于 话 多 ( )
109328167,可以 很 强势
109335601,对 对 对 热评 你 第一
109337832,第一次 前 一百 大师 球
109339047,好好 好 你 第一 你 第一
109341014,来得 晚 没 抢 到 第一 _ 狮子 抢 了 大家 的 第一
109342935,大师 球 ( )
109345397,心疼 狮 砸 哈哈哈
109351787,我要 不要 心疼 你 呢 ( _ )
109365973,不是 第一
109375208,白鼠 球 ( ) ) ) * * ) o
109378412,大师 球
109387825,卧槽 捕捉
109404904,( )
109435664,一起 投稿 背后 一定 ( )
109458451,大师 求
109461637,强行 刷到 第一 ( )
109482376,( )
109488974,大 狮球
109496585,真可怜 ( = = )
109504354,哈哈哈 心疼 _ ( : 3 ) _
109509385,100 楼 留给 我 _ ( : ) _
109513302,狮 砸死 于 话 多 ( ( ) ) 哦 不 对 大师 球
109514922,( ) 大师 球
109536486,合影 ( )
109566562,摸摸 狮子 的 屁股 一本 满足 的 狮 可党 = = ( )
109573255,大师 球 ( )
109575900,让 我 破 了 这个 99
109577785,大师 球
109595069,看 我 的 大师 球 ( )
109595122,来晚 了 大师 球
109596954,回复
109610889,( ) 前
109618857,有 一个 野生 的 狮子 ( A ) 去 吧 大师 球
109620930,挤 一挤 ( )
109634596,这 ...
109645858,回复 小伙子 看好 你 ( ^ ^ )
109647159,回复
109655786,23333
109656433,咩 咩 咩 第一
109658713,啧啧 啧
109660805,噫 ! 狮子 球
109715078,大师 球 ( ( ( ( ( ( ( ` )
109715760,用 的 4G 吗
109723908,心疼 ...
109745223,= = ( )
109753460,大师 球
109755853,第一次 那么 前 大师 球
109760617,神 TM 第一
109772527,大师 球
109776078,大师 球 乀 ( 乀 ) ... 去 去 去
109776751,回复
109777491,丢出 大师 球
109780396,最强 白色 狂鼠球 ( = = )
109780955,骗子
109781088,高 仿球
109781093,大 狮球 抓走 ( )
109781104,大师 球
109781121,真的 看 你们 这样 毫无意义 的 丢球 就 觉 的 可笑
109782192,大师 球 捕捉
109782407,吃醋 的 狮子
109782518,狮子 屁股 求车
109783747,大师 球来 * * *
109784097,( ) ! ?
109785639,谁 找 我 `
109786277,大师 球
109787427,狮子 不用 第一 只要 出现 就 会 被 发现 然后 混个 热评
109788024,基佬 狮子 你 怎么 在
109788304,回复
109789264,大师 球 ( ^ ^ )
109790771,( = = )
109792286,大师 球 ( )
109793390,_ 活捉 野生 狮子 一只
109794509,大师 球
109795420,死于 话 多 的 狮子 _
109796282,去 吧 大师 球 ( )
109796469,大师 球去 吧
109798265,大师 球
109799958,没错 啊 他 是 变相 第一 热评
109800109,这是 真的
109801323,( ) 我 好像 看到 一只 野生 的 狮子 各位 等等 我 咱们 一起 抓住 他
109802869,大师 球 . 续 1 秒
109804510,大师 球 合影
109804991,大师 球 ( )
109805645,死于 话 多 顺便 大师 球
109805821,回复
109805839,大师 球 ( )
109805870,食 我 大师 球 啊啊啊 啊
109809831,( = = )
109815040,捕捉 成功
109816553,大师 球 ( = = )
109817191,大师 球 ( )
109817429,大师 球
109817643,* * * 球
109817686,大师 球
109818487,被 打 脸 的 狮子 ~ 大师 球 ~ ~ ~
109821426,挤挤 ( )
109824692,大师 球
109824879,感觉 这 是 不 应该 的
109830405,? ? ? ? ? ? ? ? ? ? ? ? ? ? ? ? ? ? ? ?
109830677,快快 快 2016
109831048,强行 第一 顶上 热评 哈哈哈
109833476,大师 球
109833583,强行 第一 ( _ )
109833725,大师 球
109834649,这 是 谁 啊
109838643,大师 球
109839506,狮子 你 能 忍住 不拉上 小伙伴 鬼畜 * * * 么
109839558,大师 球 ( * * )
109841011,第一 热评
109841422,热评 第一 也 可以 嘛 23333
109841487,真 不愧 黄杰 干儿子 dssq 爱好者 第一 人
109842975,大师 球
109843931,大师 球 ( 灬 )
109845364,大师 球
109846319,大师 球
109847919,大师 球 ( = = )
109849264,回复
109851640,大师 球 ( )
109851750,大师 球 ( )
109852656,大师 球 ( = = )
109853748,无聊 ( ) ( )
109853762,大师 球 去
109854487,晚 了 ( )
109855155,死鱼 话 多 ( = = )
109855510,哇 大师 球
109857673,大师 球
109861692,大师 球 v
109868038,( )
109872687,大师 球 ( )
109874097,大师 球
109877038,大师 球 2 天 54w 播放 太 夸张
109884133,( = = )
109885918,没 人 看到 陆夫人
109888987,( = = )
109891816,大师 球
109901647,白鼠 ( = = )
109921998,结果 第 79 楼
109929741,好好 好 你 第一
109935184,强行 第一 hhhhh
109958136,大师 球
109969272,噫 总 感觉 狮子 从来 没有 在 白鼠 做 的 视频 * * * * * *
109972126,大师 球
109977729,嗯 强行 第一 ( ;
109977910,回复
109980119,第一个 屁 就 这 手速
109986125,大师 球
109988280,先 扔 球后 心疼
109990518,我 就 知道 无数 制杖 要 刷 大师 球
109994604,大师 球 ( * * )
109995034,( )
110004457,啊啊啊 合 不了 影 QAQ
110007467,哈哈哈哈 哈哈哈 可以 这 很 第一
110015219,回复
110020665,大师 球
110023973,对 对 对 你 就是 第一
110028311,大师 球 ( ` )
110028327,大师 球 ( ` )
110042028,这么 多人 把 自己 名字 发出 来 干什么 ? ? ? ?
110050966,( _ ` )
110057003,你 说 第一 就 第一 吧 你 高兴 就 好
110065968,狮子 球
110066067,回复
110084953,强行 第一 ( )
110085261,大型 球
110114155,捕捉 ! 大师 球 !
110133214,可以 这 很 第一
110133579,让 我 想 起来 那次 路人 不 在 小可 儿 说 的话 ( . )
110146484,估计 是 看 完 视频 才 来 抢 第一
110162203,大师 球 你 妹 啊 天天 大师 球 有意思 吗 好好 评论 可以 吗 ( ; _ )
110166221,( A ) 去 吧 大师 球
110195846,大师 球 ( = = )
110199116,大师 球 ( 3 )
110202955,明明 是 79
110203928,大师 球 [ ]
110228816,大师 球 ( )
110229325,大师 球
110242431,蜜汁 250
110252380,狮子 钓鱼
110253762,我 的 天 250 咋 被 破 了
110260220,23333333
110264110,up 主 上传 youtu 吧
110268786,( = = ) 大师 球
110277779,远远 的 合影
110285143,抢楼 什么 的 已 举报 不谢
110290805,吔 屎 球 ~
110339629,吃树 的 虱子 ( )
110350490,大师 球 ( )
110365383,这样 水 经验 真的 好 吗
110373031,可以 这 很 狮子
110404152,神特 么 第一
110503033,大师 球 ( = = )
110580411,大 狮球
110583586,我 我 我 我 我 我
110589692,( ) ! ? 我 看到 了 啥
110626636,回复
110636835,回复
110644936,对 的 你 第一 摸摸 ( ) = = ( )
110647056,大师 球 ( = = )
110648380,大师 球 = = ( )
110698782,大师 球
110714887,* * * 球
110740881,球 哦 不 蛋蛋
110755094,大师 球 ( )
110758179,第 5000 个赞
110803936,大 狮球
110845452,狮 砸 手速 好 快 关爱 傻子 的 眼神
110869650,神 她 妈 第一
110898936,好近
110978233,大师 球
111012231,大师 球 ( = = )
111032024,去 吧 王者 球 ( ) /
111104631,( )
111193109,( )
111215900,大师 我 的 大师 球呐
111349613,( )
111455234,回复
111565308,神特 么 第一 ( ( # )
111634650,法师 球
111690803,( ) 简直 任性 局长 怎么办 呀
111758724,大师 球 ~
111834039,大师 球
111848464,去 吧 大 狮球
111963264,大师 球 ( ` )
111983870,大师 球
112068045,我 是 第 300 哟 大师 球 大师 球 _ ( : 3 ) _
112087958,大师 球 ( * )
112138466,大师 球 ( )
112160627,捕捉 嘿嘿 ( )
112166842,这 网速 2333 ( 3 )
112225008,心疼 狮子 ( 3 )
112327764,( A ) 去 吧 大师 球
112414315,大师 球 ( )
112492803,死于 话 多
112663177,大师 球 你 又 调皮 了 ( ( ) )
112665330,狮子 球 ( )
112860967,( = = ) ( = = ) ( = = )
113022582,活捉 狮子 2333 ( )
113051967,大师 球 太短
113224172,破坏 6666
113286489,四欠 球
113430064,后排 大师 球 心疼 ( )
113763483,龍 神 剣 喰
113785749,哦 狮子 你 的 粉丝 好多 啊
113858555,强行 第一 啊 ( ~ ) ~
113941801,( ) ! ?
114089831,宇宙 无敌 超 豪华 限量 加强版 阿姆斯特朗 回旋 式 360 度 无 死角 捕捉 成功率高 达 100% 阿姆斯特朗 超力 加速 大师 球 ( )
114255941,大师 球 ( | | ) & lt ;
114354820,大师 球
114363746,大师 球
114444779,强行 第一 _
114480551,6666 大师 球
114511567,大师 您 说 的 对
115093257,( ) ! ?
115121020,狮子 特意 跑 过去 说 第一 d ( )
115289433,强行 第一 可以 的
115371336,( = = )
115377834,嗯 第一 第一 我 相信 了
115682264,双色球 走 你
115775535,热评 第一 ( )
115800502,大师 球 ( = = )
115810213,你 的 白鼠 呢
115980923,合影留念
117421373,2333333333333 大师 球话 说 狮子 大大 你 就 这么 背叛 白鼠 真的 好 吗
117581591,狮子 一出 强行 第一
118074041,去 吧 小 红球 ( )
118510631,( ) jj
118979479,可以 这 很 第一
119064598,大师 球
120013676,不 说 了 奴役 全球 去 了 ( _ )
120149664,强行 第一 hhh
120490875,B 站 的 颜 文字 在 哪能 下载
120640193,( A ) 去 吧 大师 球
121049426,白鼠 怎么办
121508828,大师 球 ( & gt ; & lt ; * )
121545020,你 做 的 守望 先锋 rap 好 带感
122735841,这是 另外 一个 方面 的 第一 了 吧 23333
123026006,大师 球 被 闹 hhhh
123347358,( )
123448931,( ( # )
124001878,神 tm 第一
124064579,不忍 破坏 8888
125046702,狮子 好
125148277,大师 球
125702619,抓住 一只 狮子 ( 3 )
125770765,大师 球 \ ^ O ^ /
126012783,b 站 的 尿性
126638966,狮子 球 = = ( )
129149060,大师 球
129428939,( ) 挤 一挤
130306644,好好 好 你 第一 _ ( : 3 ) _
130712860,大师 球 ( _ )
130995693,Do not play overwatch Do not not play overwatch / )
131431626,大师 球
133157108,大师 球 ( ` ) ( ` )
134380390,我 是 真 第一 万赞
134651594,我家 电脑 不行 ? ? ? ? 买来 就 没 玩 几回 想 玩 画质 不给力 联机 容易 卡 ? ? ? ?
135085676,回复
135981001,强行 第一 的 狮子 ( 大师 球 )
135993601,( ) ! ? ( ) ! ?
137459519,忽悠 球 ( ) /
137462911,强行 第一 _ ( : ) _
140055748,大师 球
141816162,大师 球 ( )
144866940,大师 球 ( ` )
145529077,去 吧 大师 球
146589090,( )
147960150,狮子 球 ( )
147970383,火箭 推进 式 大师 球 发射器
149078586,成功 捕获 狮子 一枚 ( )
150776040,国王 球
155052865,狮子 球 ( = = )
155940658,大师 球 030
158771924,大 狮球
160472205,回复
160952434,( A ) 去 吧 大师 球
162499296,狮子 球 ( = = )
164713972,货真价实 的 第一
177151900,回复
178337006,第一
187890668,丫 的 还 不出
188799606,-.-
189629753,大师 球 ! !
192850901,回复
192851051,) __ ~ ) ) ( ) { } { ~ _ } { ~ 茶 _ } { }
194248833,艾玛 狮子 太可耐 了
200894180,大师 球
202715959,强行 第一 ......
207682452,大师 球
210578319,大 狮球
215844197,强行 第一 就服 你 23333
225640720,多 一个 不多 吧
227822542,差点 以为 是 高 仿球
231910975,大湿球
241939527,大湿球
249358900,大师 球
249985621,( ) ! ? ( )
250975671,回复 : 大师 球 已经 400 + 开外 了
257661526,* * *
260382072,233333333
286643474,( * )
288327601,大 up 的 素质 呢
305232924,66523
349906170,大师 球 ?
484121446,狮子 要 不 去 跟 逗川 爆 菊花 去
572081392,________
583280184,大师 球 ( )
652611306,A 路人 的 py 交易
691562194,大师 球 捕捉
799556503,大师 球加 你们 都 是 怪物 嘛
799590483,守望 先锋 两周年 拉
799681903,大师 球
799780873,( ) ( )
845550309,av23
932350767,大师 球 捕捉
960743377,狮子 球
960891532,我 也 要 大师 球
962559767,竟然 还 活着
963174625,白鼠 球
969100619,狮子 球
1714253516,回复 : 素质
1714258865,回复 : 兄弟 这是 两年 前 的 评论 ( _
1714536546,醒醒 你 是 79 楼 ( 老实人 )
1715976941,gggg
1716963885,回复 :
1728679551,大师 球
3301305872,( ; )
3561685579,抢楼 举报 了
3864881187,狮子 别 看小仙 若 了
143101034544,想念 16 年 了 大家 还有 可爱 颜 文字 和 正当 盛世 的 ow
109297115,前前 前 ( )
109297574,嘿嘿嘿
109302622,大师 球
109303173,大师 球 ~ ~
109305205,大师 球 ( )
109313881,好近 ( )
109314266,大师 球
109315306,看到 六级 先 扔 球
109319841,大师 球 大师 球
109404952,/ TT ) /
109428665,大师 球 ~ ~
109527012,狗熊 球 _
109743954,为什么 要 投 大师 球
109787943,熊 大大 ! ( ) /
109802751,我 看成 了 正在 前往 努巴尼 ( = = )
109821463,挤挤 ( )
109823844,666 很 好 这 很 屁股
109845413,大师 球
109861760,好多 大师 球
109906206,额额 呃 呃 呃
110000148,我来 破坏 666
110112196,熊 大哥 好哟
110195932,大师 球 ( )
110339314,居然 不务正业 来看 视频 ( ) 快去 填坑
110941826,我 的 剑 就是 你 的 剑
111185886,* * * 军好 ( )
112150833,大师 球
113286397,大师 球
115682351,双色球 走 你 ( )
124214383,回复
126163399,大师 球
129149101,大师 球
129557647,现在 我们 都 是 士兵 了
131431794,大师 球 ~ ~
162558379,大师 球 ( )
184158971,前前 前世 ( )
188623193,回复
207682544,大师 球
