评论ID,分词结果
293273986017,又 看到 这个 1 个 小时 我 看 完 了
293311306049,真的假 的
293192929889,我 想要 一个 2026 年 的 楼
293259449153,现在 居然 还有 人
293467500449,那 当然 现在 到 哪 都 是 人
295525110464,我 记得 有 首歌 是 这个 是 的 金钱 是 万恶之源 他 的 恶行 瑞典 历史 早有 证明 罗马 靠 征服 带来 了 财富 但 很快 在 放荡 之中 逐渐 凋零 圣经 里 说 有钱人 入 上帝 的 国比 让 骆驼 穿过 针眼 还要 困难 然而 金钱 的 阴影 依然 挥之不去 看 视频 的 你 也 无法 摆脱 它 的 魔力 因为 钱 美国 人 都 把 自由 给予 奴隶 因为 钱 荷兰人 强迫 他 国 签订 条约 因为 钱 我们 把 人生 看作 一场 交易 在 金钱 的 诱惑 下 迷失 了 自己 钱本应 是 促进 经济 发展 的 工具 但 在 现实 中 却 被 人们 当做 了 上帝 可当 我 真正 的 走向 社会 金钱 也 受到 了 别样 的 冲击 钱能 让 我 的 父母 不再 那么 辛苦 钱能 让 我 有 勇气 对 不 公平 说 不 钱 能够 买来 时间 累 了 停下 独处 钱 能够 买来 药物 把 病魔 给 掐住 有了钱 我能 给 另一半 幸福 有了钱 不再 受 别人 的 挖苦 有了钱 钱 我 或许 不用 这么 痛苦 不用 放弃 理想 找寻 谋生 的 门路 孟子 说 人性 之善 也 犹水 之 就 下 也 人 无 有 不善 水无有 不下 今夫 水搏 而 跃 之 可 也 激而行 之 可 也 是 岂 水之性 哉 其 势则然 也 人 之 可 使 为 不善 其性 亦 犹 是 也 钱 在 我 的 心里 砸 起 水花 我 却 对 他 的 恶 无法回答 在 金钱 魔杖 的 运转 之下 一步步 变成 追逐 它 的 傻瓜 为了 钱 现在 和 父母 很难 见面 为了 钱 我可以 不要 我 的 尊严 为了 钱 我 不再 拥有 私人 时间 为了 钱 我 曾经 累到 住 进 医院 因为 我 需要 钱 解决 我 的 温饱 因为 我 需要 钱 消除 我 的 烦恼 因为 我 需要 钱 撑起 我 的 骄傲 因为 我 需要 钱 开支 未来 的 发票 是 钱 是 万恶之源 我 的 灵魂 正在 走向 堕落 的 深渊 我 曾 感到痛苦 我 曾 茫然 无助 但 我 清楚 的 知道 我 离不开 钱 是 钱 是 万恶之源 但 我 需要 用 它 抹 平梦里 的 画面 多少 人 因为 钱心生 恶念 希望 我 没有 挺而走险 的 那天 我 这个 危险
295629259680,这是 一个 up 剪 的 鬼畜 我 就是 那个 视频 过来 的
295504723264,弹幕 到底 是 哪 年 的 怎么 还有 人去 引用 古话 来 论证 人 的 善恶 的 一群 不 懂 科学 不 知晓 远古 史 的 人 凭 感性 得到 的 片面 总结 怎么 能 直接 拿来 论证 呢
295503197200,造钱 的 是 人人 也造 了 其他 东西 但 钱 被 作为 交易 根据 去 使用 创造 它 的 是 人 赋予 价值 的 也 是 人 不是 人类 社会 的 发展 不是 人类 出于 贸易 的 需要 早期 部落 时代 物品 的 交换 钱 哪来 的 本领 和 资格 去 奴役 人 呢 是 人 选择 了 它 赋予 了 它 造就 了 它 臣服 了 它 让 钱 蛊惑人心 的 是 人 自己 怎么 能 说 钱 就是 万恶之源 呢 如果 早期 人类 以 心脏 作为 货币 那么 发展 到 现在 就是 一群 人 为了 心脏 去 发疯 去 卷 去 残杀 那 这个 时候 你 又 去 说 心脏 是 万恶之源 你 看 同样 的 价值 和 作用 和 意义 只不过 换 了 个 载体 心脏 由于 是 重要 器官 在 我们 现在 的 真实世界 里 十分 重要 加上 现有 的 道德 我们 会 认为 另 一个 世界 的 人用 心脏 当 货币 那 是 无法 接受 的 可见 万恶之源 压根 不是 钱 也 从来不 是 什么 物 一直 都 是 人 啊 如果 人 不 把 钱 当回事 不 赋予 它 的 交易 功能 钱 怎么 会 让 人 如此 着迷 呢
295500129664,弹幕 上 那个 说 俗话 是 闷声 发大财 的 是 哪个 神人 90 后 吗 哈哈哈哈 哈哈哈 没想到 还 能 见到 这个
295499940224,因为 钱 是 通行 物 又 使 人 享受 钱 是 工具 是 人类 创造 的 工具 客观 上将 发生 的 苦难 归咎于 钱 那 是 冤枉 人家 出于 它 的 属性 钱 才 被 人 惦记 被 利用 交易 钱 是 万恶之源 是因为 因为 它 的 价值 人们 抢夺 它 占有 它 钱 不是 万恶之源 因为 根本 上 的 是 人 的 私欲 世界 上 没有 一口咬定 的 答案 因为 答案 的 意义 只 对 人类 来说 是 有 意义 的 我 打 这些 字 也 只是 有点 感慨 我 8 岁 时 2016 或 17 就 第一次 见到 了 这个 视频 后来 小学 才 打开 它 随着 时间推移 知道 的 更 多 对 钱 对 世界 都 有 了 新 的 看法 让 人 感慨 不同 时期 我 对 这个 视频 有过 不同 的 看法 让 人 思绪万千 啊
293049689201,余磊 周玄毅 当年 的 屠龙 少年 竟成 了 恶龙
293023969537,看 这个 辩论 时 我 的 观点 一直 在 钱 是 / 不是 万恶之源 之间 反复 横 跳
293010105873,钱 它 不是 人们 恶 的 本性 不是 之源 但 钱 让 人恶 的 本性 具象化 了
295417701920,好 牛
295336647824,Test
295287831776,26 年 前来 考古
295186480880,正方 三辩 因为 经济犯罪 进去 了
295079360304,直接 考古
292600098817,n 刷 经典
292595501985,听 的 好 上头 大家 太 厉害 了
292119900785,唇枪舌剑
292115564705,周玄毅 余磊 好像 都 栽 了
294411336896,太逆天 了 正方 太 吃亏 了
294262976304,我 猜 你 从 : 钱 是 万恶之源 来 的
294359035840,对 的 对 的
294248970032,我 认为 钱 从来不 是 万恶之源 它 只是 人类 社会 中 最 普遍 的 资源 载体 和 交换 工具 本质 上 就是 一张 中性 的 纸 真正 驱动 人 作恶 的 是 我们 内心 对 资源 永不 满足 的 贪婪 没有 钱 的 时代 人们 会 为了 土地 粮食 甚至 权力 互相 掠夺 钱 只是 恰好 成 了 当代 最 便捷 的 欲望 载体 把 恶 归结 于 钱 就 像 因为 妒忌 杀人 却 怪 受害者 太 优秀 一样 荒谬 诱因 不 等于 根源 催化剂 不 等于 源头 如果 钱 是 万恶之源 那比 钱 更 普遍 的 氧气 和 水 是不是 也 该 为 火灾 和 洪水 负责 构建 社会 规则 赋予 金钱 价值 的 是 人 自己 把 过错 推 给 一个 没有 生命 的 工具 不过 是 在 逃避 人性 真正 的 阴暗面 贪婪 才 是 那 张 始终 拉满 的 弓 钱 只是 恰好 经过 的 靶 没有 靶弓 的 欲望 依然 存在 真正 让 箭 射出去 的 从来 都 是 人 心中 那股 不知足 的 力恶 生于 人心 钱 只是 照出 它 的 镜子 而 不是 黑暗 本身
292145152529,认同
291871622113,我来 辣
293929822832,辩论 的 奖励 是 钱
292373615937,又 不是 用钱 做 恶事 得到 了 有 什么 的
291496940721,其实 反方 可以 说 如果 钱 是 万恶之源 那么 你 这个 人 一定 是 正直 的 吧 讨厌 恶 吧 那么 你 如果 辩论 算了 你 可不可以 把 奖金 平分 给 我们 呢 既然 钱 是 万恶之源 那么 这个 奖金 给 了 你 是不是 就让 你 拥有 了 饿 你 这个 人 是不是 会 变得 恶 呢 所以 就让 我们 反方 来 承担 这个 恶 的 罪名 吧 这样 他 如果 不 给 那么 他 就是 自己 打 自己 脸 他 如果 给 那么 还是 反方 赚 了
291580811713,这是 诡辩 而且 你 的 最后 一句 话 反方 赚 与 不 赚 感觉 直接 拉低 辩题 的 含金量 了 辩论 的 魅力 就是 在于 催动 大家 动脑 思考 或者 从中 得到 更 多 的 想法 体会 文采 语言 的 艺术 辩论 也 从来不 是 真的 为了 要 推倒 某 一方 的 观点 而 进行 的 也 不是 为了 奖金 啊
293899986096,评委 大嘴巴 子 给 你 扇 过来 了
293772938048,我 只能 说 钱 又 无罪 又 有罪 说 它 无罪 啊 钱 没有 主观 思维 且 跟 大米 等 物品 的 物价 是 性质 上 什么 的 是 一样 的 你 就算 在 平行 宇宙 中 没有 发现 钱 这种 东西 没有 发明 钱 这种 东西 而是 以 大米 作为 硬通货 的话 那 它 本质 上 也 是 差不多 的 说 说 它 有罪 的 点 吧 那 就是 钱 它 比 普通 物品 更好 藏 体积 更小且 不 容易 发出 大 声响 又 不重 这 使 小偷 和 嫌疑犯 方便 作案 让 很多 罪犯 有 了 方便 之点 快速 行动 当然 这 只是 个人观点 因为 我们 认为 这 很 复杂 我 认为 每个 人 都 应当 有 自己 的 想法 所以 不同 的 人 各 有 各 的 天赋 想法 不 一样 很 正常 所以 呢 我 认为 每个 人有 主观 想法 是 很 正常
291580953681,你 也 知道 钱 不是 主观 是 这个 形态 的 那 为什么 体积小 不 发出声响 是 它 的 罪 人才 是 有 主观 能动性 的 小偷 心中 的 贪念 才 是 罪
293896418464,回复 : 这 是 你 的 意见 我 不 反驳
293771609472,正方 三辩 余磊 去年 因为 经济犯罪 进去 了 从 某种程度 上 也 是 印证 了 这个 辩题
293710598000,还会 有人 来看 吗
293934196432,来 了
291375464417,我 猜 你 在 按 时间 排序
291610553553,监控 拆 了
293934331280,监拆 懂
293638114960,现在 是 2026 年 还 在 看 的 是 这个
291314649793,看 完 了 我 果然 是 更 吃 逻辑 流 尽管 因为 口齿清晰 辞藻 华丽 幽默诙谐 的 原因 我 一 开始 听 正方 辩手 会 觉得 很 舒适 情感 上 会 偏向 正方 但 当 话题 深入 反方 提出 的 观点 确实 更入 我心 导致 后面 听 正方 的 时候 频频 皱眉 觉得 正方 没有 从 逻辑 上 说服 我 带 着 这种 疑问 听 下去 时 正方 说 的 很多 话 都 有点 泛泛而谈 为了 升华 而 升华 后来 翻 评论 区 看到 这场 辩论 意义 重大 影响 了 国内 辩论 从 词藻 到 逻辑 的 转变 我 才 明白 这 确实 是 有 时代 局限性 了
293542130016,2026 前来 考古
293497382608,现在 还有 人 我 吃
291231148401,兄弟 现在 可以 吃 了
291231107969,想 吃 直说
291735504065,我 不行 了
291121051681,都 11 年 了 还有 20 多 个人 正在 看
291114764097,2026 . 作为 一个 热爱 辩论 的 人 我 真正 意识 到 了 我 与 专业 选手 之间 的 差距 啊
291018636161,2026 年来 考古 已经 有歌 了
291016169249,我 发现 大家 辩论 都 在 辩论 在 追求 财富 的 道路 上 钱 是 恶 / 删 很少 论点 在 阐述 在 获得 财富 之后 产生 的 恶行
291010739553,正方 是 针对 钱 的 用途 本身 反方 根据 人 心中 的 欲念 钱 换成 什么 都 是 一样 的
293061191712,可以 去 知乎 看 一下 对 本场 比赛 的 详细分析 里面 提到 了 不少 正反 双方 的 策略
290767658033,我 才 是 万恶之源
293025672480,正方 好 的 观点 都 在 最后 要是 早点 出来 可能 会 不 一样
292932067104,踢 小猫 小狗 多半 是 生活 不如意 真的 超雄 另算 那 就是 生理 缺陷 了 生活 不如意 因为 啥 啊 还是 因为 钱
290614418577,2026 年 考古 余磊 被 抓 了
292853951536,反方 马来亚 大学 用 了 几个 策略 万恶 归一钱 可以 引出 善意 这 一个 险棋恶 是 贯穿 始终 的 再 加上 马来亚 大学 一贯 的 重 逻辑 的 风格 和 自由 辩上 积累 的 一些 优势 最终 险胜 了 武大 武大 并 没有 在 本源 上下 太大 的 功夫 战场 聚焦 在 万 的 定义 就 容易 被动
290441542113,我 没 记错 的话 二十一 世纪 初 还有 二十 世纪末 那会 的 专科学校 比 本科 难考 一些
292842020704,有 确实 有 不过 那些 难考 的 专科 都 升本 了 我 几年 前 高考 的 时候 一些 警校 还是 专科 属于 路边 一条 现在 已经 600 分 了
290368966113,正方 屡次 提出 强奸 这个 话题 不妥 我 觉得 这个 话题 其实 是 一个 很 好 的 突破点 他们 说 出来 就 有些 自己 无法 在 这个 话题 上 照着 自己 的 逻辑 辩论 下去 的 意思 从 表达 还有 引领 节奏 等 角度看 他们 很 巧妙 的 用 强奸 貌似 隐含 羞耻 上 不了 台面 的 角度 而 掩盖 了 他们 无法 在 这个 方面 做出 有效 解答 的 事实 还有 嘛 就 像 做 判断 正误题 一样 举个 反例 一针见血 就是 最好 的 解答 方法 知道 这件 事情 在 一个点 上 解释 不通 当然 就要 主攻 这 一个点 喽
290320754417,26 年 考古
292592411408,666
290264147265,正方 口才 确实 很 好 但是 反方 逻辑 方面 明显 胜出 了 辩论 本 就 不该 专注 于 辞藻 的 华丽 和 感情 的 宣扬 截 一段 反方 一辩 的 原话 第一 世间 上 的 恶 可是 成千上万 难道 用 单一 的 钱 就 可以 解释 所有 的 恶 吗 强盗 杀人放火 也许 是 为了 钱 但 难道 今天 家庭暴力 虐待 儿童 甚至 是 种族 大屠杀 都 是 为了 钱 吗 第二 今天 钱 的 起源 其实 是 错综复杂 的 我们 无法 将 它 归类 成 一个 共同 的 源头 我们 知道 独裁者 排除异己 可能 是 为了 钱 但 难道 他 就 不 可以 为 权势 地位 或是 愚昧 吗 可见 如果 以钱 作为 万恶之源 是 有点 以偏概全 之 嫌 第三 今天 萨特 这位 哲学家 就 告诉 了 我们 人 具有 自由 意志 人 是 有 选择 的 权利 因此 人 必须 为 自己 的 行为 而 负起 一切 的 责任 我们 不 应该 把 一切 的 恶 的 罪行 都 怪罪 于 钱 上 同样 是 钱 但是 为什么 君子 求财 却是 取之有道 小人 求财 却是 偏偏 喜欢 偷盗 呢 可见 关键 根本 就 不 在于 钱 吧 第四 今天 如果 钱 是 万恶之源 为什么 有人 会 用 万恶之源 来 行善 呢 陈六水 先生 创办 了 南大而 我们 看 各地 的 华人 也 在 华东 的 大 水灾 时候 慷慨解囊 如果 钱 是 万恶之源 的话 那么 到底 这个 恶源 如何 结出 善行 呢
292593581216,其实 钱 并 不是 具体 的 东西 他 只是 价值 和 利益 的 体现 它 可以 是 任何 东西 比如 反方 说 过 拿 钱 赡养父母 也 是因为 赡养父母 这件 事 的 对于 自己 的 利益 大于 了 钱 本身 对 自己 的 利益 进行 了 利益 交换 求财 其实 就是 追求 利益 钱 其实 就是 稳定 的 利益 体现 只要 人 还要 实现 任何 的 自我 价值 实现 包括 生存 就 需要 对 自身 来说 的 利益 人 需要 追求 稳定 被 社会 认可 的 价值 体现 实现 对 自身 生活 的 价值 提升 用 稳定 的 价值 承载 物 交换 对 自身 来说 的 美好 所以 只要 人类 还有 任何 自我 价值 实现 的 需求 物质 世界 钱 就是 万恶之源
292595085648,但是 现实 世界 的 钱 和 概念 中 的 钱 还 有所不同 比如 反方 曾经 说 过 路边 遇到 小猫 踢 了 一脚 也 是 为了 钱 吗 导致 这个 举动 产生 的 因素 可能 有 很多 但 总归 究其原因 还是 为了 利益 踢 了 这 只 小猫 可能 获得 了 自身 希望 看到 的 内容 对 精神 世界 丰富 了 些许 也 有 可能 发泄 了 心中 的 不忿 无论是 哪 种 情况 你 说 他 变态 也好 厌恶 他 也罢 这个 行为 本身 也 是 在 追求 对 自身 的 利益 但是 这种 实现 非 物质 世界 追求 的 东西 不能 被 列入 例子 中 因为 他 本身 不合理 因为 讨论 的 万恶之源 不能 是非 物质 世界 的 东西 非 物质 世界 的 东西 不能 作为 万恶之源 所以 综合 考虑 物质 世界 的 最大 万恶之源 就是 钱 了 但是 硬 要说 精神 世界 的话 对 自身 精神 的 利益 何尝 不是 概念 上 的 钱 呢
292595864528,总结 一句 话 万恶之源 利益 利益 价值 钱 最 稳定 物质 价值 体现
292595883760,回复 : 由于 是 物质 价值 体现 所以 不能 把 精神 世界 一概而论
290053625793,精彩
292280454288,正方 的 维度 还是 不够 导致 说服力 不高 没有 把 钱 影响 真善美 和 人类文明 整体 发展 实际 受到 了 经济 发展 的 限制 真善美 是 人类文明 等级 加速 的 关键 要素
290018714785,说 原始人 的 那 是 以前 现在 有钱 了 干 啥 都行 没有 就是 个 屁 为了 满足 就 会 去 不 则 手段 去 赚钱
292229510352,2026 年 还 在 考古 的
289998061313,我来
289948964897,2026.2 . 15 打卡
292167219744,有人 吗
289940583057,2026 了 看 这 玩意儿 还是 颇 有 感触
289888375761,钱本应 是 经济 发展 的 工具 但 在 现实 中 被 人们 当做 了 上帝
289869686497,最近 又 火 了
292088256208,钱 不是 万恶之源 真正 的 源头 是 人 这个 物种 肮脏 幽暗 可怕
292903105168,钱 的 意义 是 人 赋予 的 没有 人钱 就是 废纸
293540790512,回复 : 反过来 没有 钱人 就是 肺雾
292079856208,正方 和 反方 互相 辩驳 也 是 为了 钱 因为 冠军 是 1 万元 奖金 亚军 是 5000 元 奖金
292078557520,袁丁 稳定 发挥 啊
292013765536,天风 证券 啊 太 可惜 了
289778066289,看 这个 不 开 弹幕 才 是 最舒服 的 弹幕 刷怪 笼
291969943968,大家 好 呀 现在 已经 2026 了 现在 关于 钱 的 讨论 已经 火 了 很 高兴 能 看 这次 辩论赛 与 许多 看过 这次 辩论赛 的 人 都 十分 值得 庆幸 我们 都 见证 了 它 的 成长
289741861073,可是 奖金 10000 元 啊
291933095936,来自 2026 年 考古
289654104721,好 喜欢 反方 4 辩
289654094513,正方 逻辑 上 或者说 辩题 上 不 占优势 吧 适合 打 优势 局
289654036545,开学 就要 参加 辩论 了 看看 这个 补补 脑
291841801600,考古 来 了 2026 年 了
291829233904,讽刺 啊
291781602560,1022
291762461808,有 26 年 的 人 吗
289614482721,有 的
291671352544,大家 好 我 是 墙头草 我 又 来 随风 摇摆 了
289458307249,感觉 正方 在 辩论 上 真的 赢 了 但 辩题 劣势
291605095888,2026 年 的 来 考古 了
291506932064,人 是 万恶之源
291488210016,当 正方 证明 了 万恶之源 中 的 万 是 极 多 而 非 全部 时 其实 反方 就 很 难 反驳 了 只能 揪 着 定义 本身 因为 客观 上 钱 确实 产生 了 极 多 的 恶性
291387917808,自由 辩 阶段 的 辩题 被 删减 了 一部分
291319677200,当年 - 7 岁
289090335569,我 感觉 钱 就是 另 一种 的 权
288966572337,三刷 了
288900005233,考古
291071833808,当时 的 合照
288857945361,2025 年 的 有 吗
288851270369,其实 谁 对 就 看 大多数 人 看 的 时候 想 让 谁 赢 就行了
291006071216,当个 台本 看
290998095696,考古
290914865536,2026 年 2 月 5 号 前来 考古 十年 了
288736214065,考古
290908116848,有些 人 呢 在 追求 财富 的 道路 上 本质 会 产生 一些 变化 可能 是 由 善变 恶 钱 能够 产生 极多 的 恶行 这 一点 历史 早有 证明 罗马 靠 征服 带来 了 财富 但 很快 在 放荡 之中 逐渐 凋零 圣经 里 说 有钱人 入 上帝 的 国 比 让 骆驼 穿过 针眼 还要 困难 然而 金钱 的 阴影 依然 挥之不去 看 视频 的 你 也 无法 摆脱 它 的 魔力 因为 钱 美国 人 强夺 他 国 利益 因为 钱 荷兰人 强迫 他 国 签订 条例 因为 钱 我们 把 人生 看做 一场 交易 在 金钱 的 诱惑 下 迷失 了 自己 钱本应 是 促进 经济 发展 的 工具 但 在 现实 中 金钱观 却 受到 了 别样 的 冲击 钱能 让 我 的 父母 不再 那么 辛苦 钱能 让 我 有 底气 对 不 公平 说 不 钱 能够 买来 时间 钱 能够 买来 药物 把 病魔 给 掐住 有了钱 我能 给 另一半 幸福 有了钱 不再 受 别人 的 挖苦 有了钱 我 或许 不用 这么 痛苦 不用 放弃 理想 孟子 说 人性 之善 也 犹水 之 就 下 也 我们 人 都 有 是非 恻隐 恭敬 羞辱 之心 这才 是 本心 这才 是 本性 钱 在 我 的 心底 砸 起 水花 我 却 对 它 的 恶 无法回答 在 金钱 魔杖 的 运转 之下 一步步 变成 追逐 它 的 傻瓜 为了 钱 现在 和 父母 很难 见面 为了 钱 我可以 不要 我 的 尊严 为了 钱 我 不再 拥有 私人 时间 为了 钱 我 曾经 累倒 住进 医院 因为 我 需要 钱 解决 我 的 温饱 因为 我 需要 钱 消除 我 的 烦恼 因为 我 需要 钱 撑起 我 的 骄傲 因为 我 需要 钱 开具 未来 的 发票 是 的 钱 是 万恶之源 我 的 灵魂 正在 走向 堕落 的 深渊 我 曾 感到痛苦 我 曾 茫然 无助 但 我 清楚 的 知道 我 离不开 钱 是 的 钱 是 万恶之源 但 我 需要 用 它 裹住 梦里 的 画面 多少 人 因为 钱心生 恶念 希望 我 没有 铤而走险 的 那天
290905323312,在场 的 女性 请 输入 文本
290898495904,现在 是 2026 年 2 月 5 日
288714061937,怀念 这个 时代
290873081936,有 2026 年 的 吗
288599268401,大家 有没有 考虑 到 是 什么 让 你们 想要 钱 是 为了 亲人 的 生命 是 为了 自己 的 生活 自己 的 未来 还是 单纯 的 为了 一个 物品 为了 钱 就 会 作恶 为了 钱 才 会 去 直面 自己 不愿 面对 的 困难 所以 钱 是 万恶之源 吗 是 什么 让 你 想要 钱 欲望 这是 一个 很 有意思 的 说法 举个 例子 当 你 想要 治愈 你 的 亲人 的 病症 就 很 需要 钱 就 会 想要 钱 在 这 过程 中是 欲望 催动 你 想要 钱 史记 中 写道 天下 熙熙 皆 为 利来 天下 攘攘 皆 为 利往 罗马 用 征服 得到 了 财富 但是 欲望 催动 才 会 行动 所以 金钱 不是 万恶之源
290742288944,绝了
290733544000,"有些 人 呢 在 追求 金钱 的 道路 上 本质 会 发生 一些 变化 可能 是 由 善变 恶 ... 钱 能够 产生 极多 的 恶行 这 一点 历史 早有 证明 罗马 靠 征服 带来 的 财富 但 很快 在 放荡 之中 逐渐 凋零 圣经 里 说 有钱人 入 上帝 的 国比 让 骆驼 穿 入 针眼 还要 困难 然而 金钱 的 阴影 仍然 挥之不去 ... 看 这段话 的 你 也 无法 摆脱 它 的 魔力 因为 钱 美国 人 不 把 自由 给予 奴隶 因为 钱 荷兰人 强迫 他 国 签订 条例 因为 钱 我们 把 人生 看做 一场 交易 在 金钱 的 诱惑 下 迷失 了 自己 ... 钱本应 是 促进 经济 发展 的 工具 但 在 现实 中 被 人们 当做 了 上帝 可当 我 真正 走向 了 社会 金钱观 却 受到 了 别样 的 冲击 ... 钱能 让 我 的 父母 不再 那么 辛苦 钱能 让 我 有 底气 对 不 公平 说 不 钱 能够 买来 时间 累 了 停下 独处 钱 能够 买来 药物 把 病魔 给 掐住 有了钱 我能 给 另一半 幸福 有了钱 , 不再 受 , 别人 的 , 挖苦 有了钱 我 或许 不用 这么 痛苦 不用 放弃 理想 , 找寻 谋生 的 门路 ... 孟子 说 人性 之善 也 犹水 之 就 下 也 我们 人 都 有 , 是非 恻隐 恭敬 羞辱 ... 这才 是 本心 这才 是 本性 钱 在 我 的 心底 , 砸 起 水花 ... 我 却 对 它 的 恶 , 无法回答 ... 在 金钱 魔杖 的 运转 之下 一步步 变成 追逐 他 的 傻瓜 ... 为了 钱 现在 和 父母 很难 见面 为了 钱 我可以 不要 我 的 尊严 为了 钱 我 不再 拥有 私人 时间 为了 钱 我 曾经 累到 住 进 医院 因为 我 需要 钱 解决 我 的 温饱 因为 我 需要 钱 消除 我 的 烦恼 因为 我 需要 钱 撑起 我 的 骄傲 因为 我 需要 钱 开具 未来 的 发票 ... 是 的 钱 是 万恶之源 我 的 灵魂 正在 走向 堕落 的 深渊 我 曾 感到痛苦 我 曾 茫然 无助 但 我 清楚 的 知道 我 离不开 钱 是 的 钱 是 万恶之源 但 我 需要 用 它 裹住 梦里 的 画面 多少 人 因为 钱心生 恶念 希望 我 没有 铤而走险 的 那 一天 ..."
288449856449,主要 是 武汉大学 这个 辩题 太 吃亏 了 但是 他们 四个 人 也 确实 厉害 在 这么 不利 的 辩题 下 还 能 有 来 有 回
290595532928,只是 个人观点 我 其实 感觉 现在 看 这个 有 些许 讽刺 意味 因为 好像 2025 的 时候 它 行贿 进去 了
288408047089,真的 是 神仙 打架
290500142528,2026 年 考古
290494010736,我 是 考古队 如 有 后来 人 记得 踢 我 一下
289421173889,咕咕 嘎嘎
288317847249,我 是 觉得 我 如果 是 反方 我 就 会 着重 看源 字 因为 你 想想 如果说 钱 是 万恶之源 那么 在 没有 钱 的 原始社会 他们 的 恶 岂 不 就是 无源之水 可是 就 我 了解 在 原始社会 里面 相互 攻伐 杀人 父母 淫辱 其妻 奴其 子女 依旧 有 之 公元前 到 公元 后 就 这 数千年 里 此 若 为 无源之水 竟存 之 如此 之 久 可能 乎 我观 之 万恶之源 乃是 人 之 欲 也 所谓 钱者 不过 为 其 所利谈 之 为源 不过 庸见 呃 之后 再谈 嗯 各种 欲 啊 嗯 比如说 色情 之 欲 啊 比如说 什么 呃口利 之 欲 然后 杀害 动物 比如说 什么 好美 之 欲 呃 杀害 呃 大象 啊 之类 的 然后 说明 嗯 钱 只不过 是 这种 交易 的 一环 它 只不过 是 呃 更加 有 便利 而已 呃 就 像 呃 风 一样 嗯 在 三国 时期 呃 赤壁之战 的 时候 风 就 吹 向 曹操 而 在 夷陵 之战 的 时候 风 就是 吹 向 刘备 的 钱 呢 就 像 双刃 之 剑持 剑者 若 为 侠士 则 是 仁义 之 剑持 剑者 若 为 恶徒 则 是 杀人 利器 源者 万变 之 不变 也 万变 之 不变 也 万变 由此 所出 也 岂会 有 橘生 淮南 为 枳 之变
288400621329,还是 那 番话 万 并 不是 一切 但 钱 象征 文明 进步 的 同时 也 带来 了 很多 恶行
288682234833,是 但 不是 源头 钱 只是 工具 钱 可以 说 是 原因 不 可以 说 是 源头
288682399137,呃 万恶之源 是 3 点水 的 源
290439082240,从 这里 来 的 钱 真的 是 万恶之源 吗 - 哔哩 哔哩
288237086689,钱 只是 价值 的 符号 真正 的 万恶之源 是 对 价值 的 需求
288223519681,毒品 贩卖 组 vs 强奸 逃案 组
290371522224,反方 演都 不演 了
288203644881,打卡
290353822992,我 应该 是 最后 一个 看 的 吧
288196939009,我们 期末考试 前 语文 老师 给 我们 放 的
290345715648,2026
288173536945,现在 我 陷入 了 观点 无处 施展 的 地方 希望 有人 能够 看到 这 条 微不足道 的 评论 吧 我 支持 正方 观点 钱 必须 是 万恶之源 现在 假若 坐在 观众席 上 的 你 有 一亿 十亿 甚至 百亿 的 货真价实 的 人民币 你 是否 还会 认为 坐在 你 旁边 的 那些 无比 凡庸 的 老百姓 和 你 同一 地位 呢 你 是否 还会 认为 他 跟 你 平等 呢 就算 你 拿 着 钱 去 做 善事 你 所 拥有 的 究竟 是 人 的 关怀 还是 神 的 慈悲 七 原罪 之 首 傲慢 诞生 了 而 当 拥有 100 亿 人民币 的 你 在 受尽 所有人 的 美言 美语 尊敬 甚至 是 跪 在 脚边 的 乞求 时 受到 了 刺耳 的 侮辱 被 把 金钱 当做 上帝 的 人 奉 为 上帝 的 你 是否 还会 像 曾经 平庸 的 你 一样 忍气吞声 呢 暴怒 之罪 如 脱缰 的 野马 在 你 的 心灵 里 冲撞 甚至于 说 那个 平庸 的 你 是不是 因为 那个 侮辱 你 的 人 是 你 的 老板 给 你 工资 给 你 提供 生存 的 人 你 没 了 他 活不下去 你 只能 低头 呢 有 了 无限 的 金钱 当然 可以 砸 下 一段 你 所 满意 的 爱情 砸 到 你 满意 为止 甚至于 说 哪怕 依托 精神 的 爱情 你 也 必须 得 有 物质 的 维护 我们 都 不能 被 饿死 啊 色欲 之罪 解开 束缚 你 随时 可以 接下 这份 诱惑 当 你 拥有 无限 的 金钱 你 自然 可以 坐吃山空 为山 根本 就 吃 不空 怠惰 之罪 就 像 躺 着 的 你 一样 就 那么 在 那 呢 只要 有钱 只要 有钱 你 就 可以 随意 释放 自己 的 恶念 而 不用 担心 一切 的 后果 面对 这 可以 实现 你 一切 恶 的 钱 你 又 怎么 能 保证 自己 不会 用 无限 恶 的 手段 去 抢夺 呢 钱 所 代表 的 不 只是 经济 单位 而是 一个 未 被 兑换 的 世界 的 窗口 一切 你 想要 的 东西 一切 你 所 渴求 的 东西 都 可以 在 钱 的 购买 和 拥护 下 实现 钱 是 这个 时代 所有 欲望 的 保障 如果 钱 不是 万恶之源 那 人性 何在 所以 钱 只能 是 万恶之源
288173801841,我 后悔 自己 不 在 现场 但 这样 灵感 乍现 的 力量 毕竟 不是 踏实 的 实力 只 希望 未来 的 我 能够 完成 自己 的 小说 哪怕 只是 寻求 金钱 的 拥护 我 也 希望 自己 的 精神 能够 因为 这 媒介 而 自由
290351607328,回复 : 不用 想 那么 多钱 只是 货币 是 个 物品 哪怕 没有 钱 这个 物品 人 也 会 用 贝壳 用 石头 做 交易 人会 产生 傲慢 会 为了 利益 去 谋害 他人 使人 本性 根源 的 弱点 卑劣
290352063024,回复 : 物是 物人 是 人 贪 嗔 痴 是 由 人 的 念头 诞生 有人 用 刀伤 人 伤人 者 是 刀 吗 实则 是 人 之 恶 也 我 觉得 做人 要 能 做到 恪守 自己 的 欲望 不 为了 一些 眼下 的 利益 而 做出 损害 他人 的 手段 出格 越矩 害人害己 的 事 不 做 对 上 不 卑躬屈膝 从下 不言令 苛责 近 君子 远 小人
290458029392,回复 : 贝壳 和 石头 也 是 属于 一种 钱
289579069825,非 我 也 兵 也 大家 都 在 笑 嘛 非 我 也 钱 也 就 认可 了 是因为 这个 万恶 覆盖 了 所有 人类 吗 大家 就 像 没 毛 的 猴子 给 自己 穿 上 衣服 一样 当 遮羞布 掩盖 起来 钱 是 万恶之源 有个 羞耻心 是 好 的 但 罔顾 事实 是不是 不太好 明明 只是 想要 更 多 更 多 的 欲望 驱使 干 了 突破 法律 社会 约定成俗 道德 的 事 钱 是 一个 基本 等价 工具 再说 难听 点 计划经济 不用 钱 用票 的 时候 荒唐事 估计 也 不少 你 还要 推 给钱 吗 这次 该 推给票 了
289758265201,回复 : 我 也 说 了 钱 代表 的 是 一个 未 被 兑换 的 世界 代表 的 是 人 所有 的 欲望 只不过 钱 恰好 是 一个 能 算作 万用 的 工具 就算 是 票 就算 是 人 不 都 是 可以 实现 欲望 的 工具 吗 而 人 在 面临 这 摆放 到 面前 的 渠道 其 意志 也 一定 会 遭受 到 扭曲 你 看见 黄金 看见 美女 难道 要 叫 人 一定 不 心动 钱 是 万恶之源 在于 其 万能 在 条件 充足 的 情况 下 可以 作为 一切 的 渠道 就 换个 角度 钱 可以 完成 与 保障 一切 善行 听 起来 不 就 更 容易 令人 承认 了 一个 东西 成为 恶之源 是因为 其 可以 保障 和 实现 恶 辩论 中 反方 也 说 了 钱 是 中性 物 很多 东西 也 都 是 但 放到 人 身上 与 人 在 一起 讨论 就 不能 这么 笃定 的 说 了 至于 为何 叫源 我 想 还 得 专门 解释 水从 高处 往低 处流 其 原因 不仅 是因为 山有 多么 多么 高 重力 此刻 也 不应 详谈 真正 重要 的 是 得 有 水去 流 钱 在 此刻 给予 了 水 让 人 的 欲望 有 了 将 水下 流 的 空间 而能 给予 水 的 钱 这 水源 又 怎么 能 不 叫源 呢 其 重心 并非 钱 作为 中性 物有 多么 多么 无辜 而是 人 与 钱 的 复杂 反应 有 多么 多么 剧烈 其本质 不是 钱 而是 钱 与 人 或者说 重点 就是 人
290215806913,回复 : 大年初一 恭喜发财 你 对 长辈 说 长辈 会 给 你 发红包 一个 工具 是 看 是 用 这个 什么 一个 工具 是 看 使用者 怎么 使用 的 金钱 是 纸 啊 你 把 那 一片 一片 叠起来 用 胶粘 住 然后 打磨 出来 他 也 是 可以 是 伤人 利器 钱 也 可以 叠 千纸鹤 挂 起来 也 挺 有意思 就 按 他 的 实际 用途 这钱 可以 用来 买 凶杀 人钱 也 可以 用来 接济 穷人 他 的 好坏 不是 他 决定 的 是 使用者 决定 的 就 像 我们 这些 评论者 把 自己 的 罪过 全部 推 给 工具 我 启用 自己 的 恶念 我能 把 金钱 的 恶性 发挥 的 无限大 我 岂 用 自己 的 善念 钱 也 可以 接济 天下 但是 我 说 了 不算 有 说了算 的 金钱 是 他 的 工具 他 的 恶会 被 金钱 无限 放大 他 的 善 也 会 被 金钱 无限 放大 他 把 恶 推给 金钱 他 把 善 留给 自己 这 就是 我 的 观点 我 之所以 评论 不是 说 你 的 观点 是 错 的 横看成 岭侧 成峰 你 的 观点 不是 错 的 有 参考 意义 只是 看 的 不 深 你 是 照相机 我 是 X光 片 咱俩 都 是 照 的 钱 呈现出 的 效果 不 一样 我 想 让 大家 看看 X光 片照 到 的 是 什么 样子
290216474369,回复 : 辩论 有人 说 金钱 是 万恶之源 的 正方 获得 MVP 我 个人 认为 辩论 技巧 就 像 下象棋 比赛 比赛 时 看 的 双方 状态 各 方面 临场 的 算里 不漏 招 私下里 两个 人 讨论 象棋 怎么 下 有 哪些 招 讨论 到 最后 大 概率 是 和棋 红方 虽然 有些 进攻 优势 嘛 但是 你 给 两个 实力 差不多 的 AI 都 把 自己 对方 分析 透大 概率 和 临场 反应 咱俩 辩论赛 你 说 那么 多话 我 就 反应 不 过来 的
290324916544,2026 报道 古典 辩论 天花板 的 地位 永不 动摇
290321498144,时隔 10 年 了 当初 初中语文 老师 放 的 这个 视频 就是 我爱上 辩论赛 的 启蒙 来 着 大学 就 进 了 辩论 社团 来 着
288134566481,评论 区 和 弹幕 全是 古董
288084104689,辩论赛 是 为了 胜负 而 非 对错
290221194368,我 看 评论 区 有些 人 说 避重就轻 偷换概念 也 是 一种 技巧 可是 辩论 不 就是 为了 追求真理 吗 不是 为了 胜负
288069171537,说 的 对
290242709488,没 搞懂 辩论赛 的 概念 来看 毛 啊
290265019936,回复 : 我 只是 单纯 询问 一下 我 不 太 了解 辩论赛 的 概念
290570073008,傻 孩子 辩论赛 就是 为了 胜负
294784440656,其实 我 以前 也 是 将 辩论 视为 一种 追求真理 的 崇高 伟大 的 活动 但 后来 我 又 想 了 想 一场 辩论 中 的 某 一方 辩赢 了 会 改变 什么 吗 还是 说 哪 一方 赢 了 这个 论题 就此 拥有 了 唯一 解 答案 是 没有 人 拥有 独立 自由 的 思想 每 一种 观点 都 可以 是 论题 的 答案 从 这时 我 就 对 辩论赛 的 态度 转变 了 辩论赛 实际上 是 语言 的 交锋 看 两种 相对 立 的 思想 在 高手 的 口中 碰撞 出 艺术 火花 罢了
288058147345,有 二 六年 的 人 吗
288067036113,有 的
290283330944,回复 :
290283905200,回复 : 难 绷
290180690432,三辩 余磊 是 本场 比赛 的 最佳 辩手 毕业 后 当上 了 华中 第一卷 天风 证券 的 董事 二十四年 后 因为 涉嫌 巨额 利益输送 接受 隔离 审查 不 知道 在 漫长 的 囹圄 中 他 是否 会 想起 意气 风华 的 少年 时 在 狮城 对 金钱 是不是 万恶之源 的 思辨 呢
289580877121,想 起来 钱 是 万恶之源 怎么 把 我 考 起来 了 诡辩 还是 干 不过 现实 铁拳
290160140464,2026 有人 吗 有 来 的 拍个 照 我 先拍 了
290123254784,其实 都 是 贪欲 惹 的 祸
290113953824,2026 总没人 了 吧
290186245648,勃 肯恩
290103872720,钱权 我们 合二为一 真正 的 好人
287954345121,请 看 VCRBV112WCzVEYm
287912468593,看 了 关于 这个 的 鬼畜 视频 专门 来看 原版
287893356209,正 方差 在 四辩 总结 了
287876280705,太精彩 了 高中 时 也 参加 过 辩论 社当过 一次 二辩 真的 很 刺激
287851837857,之前 小学 的 时候 见 过班 里面 有 一个 人 是 学校 辩论 队 的 那 时候 学校 要求 我们 全班 都 要 去 看 他 参与 的 辩论赛 无论是 校级 还是 市级 那 时候 感觉 辩论 看着 挺 过瘾 的 比较 喜欢 这种 出口成章 直面 真理 的 感觉 后来 上 初中 之后 没 怎么 看过 这 类 内容 现在 再 看来 那种 感觉 竟然 没 消失
287797154049,2015 年 的 视频 竟然 在 十年 后 又 火 了 起来 甚至 还是 个 辩论 视频
289927186768,我 居然 26 年 才 看到 这个
287780010593,26 年 还有 人 吗
289893582368,语文 老师 放过
287723338737,钱 是 人 赋予 的 价值
289822485232,我 听到 哪 一方 的 辩论 就 认为 哪 一方 是 对 的
289787912224,新 评论
287643611809,在 2021 年 正方 三辩 因 经济犯罪 进去 了
289745803664,2026 年 的 来 打卡
287630537841,一样
287606819985,钱 不是 万恶之源 钱 只是 恶 的 其中 一个 载体 万恶之源 永远 是 人性
289738276144,26 年 还 在 看
287602369009,26 年 考古
287575127297,没意思 格局 太小 都 只 在 争论 用 而 忽视 体 试想 一下 一个 人 的 世界 需要 用钱 吗 甚至 评判 这个 人 的 行为 善恶 都 没有 意义 了 吧 所以 这个 问题 可以 提高 到 更 高 的 层次 兑所 体现 的 象
287570855617,这 论题 正方 本来 就 难辨
287571132161,正方 想要 有点 胜算 只能 去 抠 钱 和 源 而 不是 万和恶
287571218833,辩论赛 不是 问题 讨论 而是 让 投票 的 人 在 短时间 内 醒悟 过来 之前 接受 你 并且 忘掉 对方
287566909409,三辩 四辩 都 翻车 了
287562674337,谁 能 想到 大赛 最佳 辩手 余磊 去年 进去 了
287531138897,又 火 了
287474644257,反方 一辩 逻辑 没 问题 就是 口齿 流畅 度 有 一点 影响
289570274016,在 2025 年 的 11 月余 磊 作为 风云 证券 的 掌门人 因涉嫌 巨额 行贿 被 公安 采取 留置 措施 作为 我 本科 时期 的 偶像 今天 我 回顾 这场 辩论 时 再 看到 当年 意气风发 口若悬河 的 余磊 同学 又 想到 如今 中年 发福 沉默寡言 的 余 董事长 只能 感慨 余磊用 自己 来 证明 了 这场 辩论 的 主题 屠龙 的 少年 终成 恶龙
287427239777,2026
289535936960,钱 不是 万恶之源 没钱 才 是
287402507729,兽欲 为什么 不能 是 人 的 一种 恶 呢 既 将 人类文明 归位 高等 文明 区别 于 野兽 族群 那 在 这个 时候 人 的 兽欲 确实 是 没有 被 金钱 趋势 的 恶
289524759936,关于 信仰 的 问题 的话 好像 是 物质条件 越差 越 容易 滋生 信仰 来 蒙蔽 自己 吧
287393660097,余磊 已经 在 这场 辩论 的 24 年 后 再次 映证 了 自己 的 观点
289502332448,0408
289502128912,依旧 我 赚钱 啦 赚钱 了 我 都 不 知道 怎么 去 花 我 左手 拿个 诺基亚 右手 拿个 摩托罗拉 我 移动 连通 小灵通 一天 换 一个 电话号码 我座 完 奔驰 开 宝马 没事 洗 桑拿 吃 龙虾 我 赚钱 了 赚钱 了 光保母 就 请 了 仨 啊 一个 扫地 一个 做饭 另 一个 当 奶妈 我 厕所 墙上 挂 国画 倍儿 像 艺术家 我 货款 按揭 名版 西装 手表 和 电脑 咧 我能 贷 多少 就 货 多少 一直 还 到 老 啊 哎 还款 的 滋味儿 实在 难敖 谁 还 谁 知道 啊 所以 我们 的 口号 是 先 发财 再 传宗接代 所以 我们 的 口号 是 先 发财 再 传宗接代 我 以前 淋 一场 大雨 就 当 自己 是 洗 一会 澡 现在 分期付款 买 了 个别 那 废除 了 赞助 卡 我 再也 不用 怕 夜查 和 了 居委会 大妈 了 我 再也 不用 怕 夜叉 和 居委会 大妈 我 算是 吃 完 了 啊 蛋 了 下点 韭菜花
289499539792,但 这场 辩论会 的 目的 也 是 为了 金钱
289467194928,钱 是 什么 贪是 什么 欲望 是 什么 无限 膨胀 的 欲望 又 是 什么 欲望 不 就是 大脑 分泌 的 多巴胺 等 一系列 信息 素 的 迷恋 吗 照 你 这样 说 是不是 自控力 弱 的 才 是 万恶之源 人 的 大脑 的 多巴胺 的 产生 是 通过 外部 有利于 自身 的 事物 大脑 发现 后 给 你 的 奖励 使 你 下 一次 想 继续 干 如果 不是 有 这个 事 就 不会 有坏 的 这个 欲 人 一 开始 有 欲望 是因为 人 从小 的 教育 和 他们 自身 的 见识 在 成长 的 过程 中 形成 了 一套 机制 帮 你 构建 这种 机制 的 人 和 社会 是 为了 什么 难道 是 为了 创造 一个 万恶之源 吗 坏 的 欲望 是 大脑 的 识别 错误 将 有害 的 事物 误认为 是 有利 的 事 才 产生 了 大量 多巴胺 是 短暂 的 利益 让 大脑 产生 了 误判 照 你 之前 的 说 善 与 恶 是 人 定义 的 人 是不是 万恶之源 大脑 是不是 万恶之源 无限 膨胀 的 欲望 不过 是 大脑 为了 给 自己 的 误判 找 一个 借口 为了 给 那个 当时 被 金钱 迷惑 的 自己 大脑 找到 一个 不 存在 也 不能自己 反驳 的 替罪羊 不管 从 哪个 方面 来说 恶对 别人 可能 是 恶 但是 对 自己 是 不会 的 纵观 古今中外 绝大多数 犯罪 在 犯罪者 当时 的 认知 模型 里 都 是 性价比 最高 的 生存 策略 那种 瞬间 的 确定 的 短期 利益 对 原始 大脑 的 诱惑 远大于 遥远 的 不 确定 的 道德 审判 如果 有 反驳 请 回答 我方 以下 几个 问题 第一 您 说 钱 是 万恶之源 但 为什么 在 那种 极为 吝啬 之 人 身上 还 能 找到 善 的 果 呢 第二 根据 热力学 第二 定律 任何 物体 在 没有 动力 的 情况 下 都 会 走向 毁灭 或者 熵 增 请问 您 的 万恶之源 的 动力源 是 什么 呢 第三 法律 的 存在 是 让 这个 短期 利益 的 风险 急剧 攀升 迫使 大脑 平衡 利弊 作出 正确 的 决定 如果 不是 请 举例 第四 您 说 钱 是 万恶之源 那么 请问 为什么 绝大多数 犯罪 之人 对 自己 却 没有 犯过 罪恶 呢 第五 钱 只能 迷惑 大脑 作出 错误 的 决定 但是 钱 无法 自我 作出 决定 请问 为什么 钱会 使 万恶之源 而 不是 大脑 呢 第六 说 万恶之源 不 代表 一切 的 罪恶 是 我们 只 看到 这个 万 这个 字 没 看到 源 这个 字 当万和源 组成 一起 成为 万恶之源 的 那一刻 还 不能 代表 一切 吗 第七 说 其 代表 的 是 极 多 的 那 我 请问 是 多少 种 第八 钱 虽然 能 产生 恶 的 事件 但 在 有些 时候 也 会 产生 善 的 果实 就 比如 用钱 拯救 生命 推动 科技 保护 文明 这个 所谓 的 万恶之源 能 流露出 恶果 和善 果 两种 果实 吗
287339142881,谁 是 看 完 那个 钱 是不是 万恶之源 找 的 来 的
289464544928,26 年 了 还有 人 看 这个 吗 哇 怎么 还有 40 个
287337650785,怎么 那么 早
287344799441,有个 up 剪 了 首歌
291691761632,回复 : 我 知道 鬼畜 是 阿璐 8 的 我 也 是 看 那个 过来 的
287321733969,嗯 对 对 对 钱 是 万恶之源 嗯 哦哦哦 哦 对 嘛 钱 不是 万恶之源 嗯 对 钱 是 万恶之源 哦 钱 不是 万恶之源
289398154048,个人 认为 反方 的 更好 辩钱 不是 万恶之源 人性 的 恶 才 是
289448352032,人性 的 恶 是 种子 而 钱 是 让 这颗 种子 长成 参天大树 的 土壤 与 养分 没有 钱 这个 载体 很多 恶念 只会 停留 在 想法 层面 无法 变成 影响 他人 的 实际 伤害 我们 说 钱 是 万恶之源 不是 否定 人性 的 存在 而是 指它 是 当今社会 最具 穿透 没有 钱 这个 载体 很多 恶念 只会 停留 在 想法 层面 无法 变成 影响 他人 的 实际 伤害 我们 说 钱 是 万恶之源 不是 否定 人性 的 存在 而是 指它 是 当今社会 最具 穿透力 的 恶 的 放大器 人性 的 恶 是 底色 但 钱 让 恶 有 了 规模化 制度化 的 可能 力 的 恶 的 放大器 人性 的 恶 是 底色 但 钱 让 恶 有 了 规模化 制度化 的 可能
289396537264,其实 这个 辩题 的 根本就是 在 人 的 善恶
289394432464,我们 班 自发 组织 的 辩论 和 这个 根本 不是 一个 级别 看 完 都 有 害怕 的 情绪 了
289392752400,反方 一直 在 上学
287267181585,这个 有意思 看 他们 辩论 跟 干仗 似的
287218239697,有人 吗
289331868784,钱 能够 产生 极大 的 恶行
289295223808,2026 还 在 看 的 是 这个
287168669265,哦 是 吗
287154119729,在我看来 这个 辩题 正方 想 痛快 拿分 可以 把 钱 这 一 实体 抽象化 引申为 欲望 的 代表 能 规避 掉 反方 很多 观点 比如 钱 代表 多数 的 欲望 等等
289271042048,弹幕 在 辩手 说 观点 的 时候 反驳 干什么 ... 第一 你 到底 在 试图 说服 谁 第二 辩论赛 的 辩手 说白了 自己 实际上 不 一定 支持 自己 这 一方 只是 分到 了 正反方 就 像 啥 人案 的 被告 律师 一样 只是 拿到 了 这个 案子 所以 硬着头皮 讲
287103845617,一句 话 总结 不 需要 这么 花里胡哨 罪恶 的 不是 钱 而是 人们 的 各种 追求 欲望 的 执念 做出 了 各种 局面
287033010209,万恶之源 从来 都 不是 钱 而是 无法 遏制 的 人性
289082882336,最 讽刺 的 是 三辩 的 余磊 今年 因为 犯 经济 罪 落网 了 屠龙 者 终成 恶龙 的 主角 模板 屡见不鲜 啊 某种意义 上 来说 是 真正 的 言传身教 钱 正在 带 着 他 走向 深渊 这话 还是 辩论 里 说 的 有钱 真的 可以 改变 一个 人
289132007600,我 的 天 哪
287074047713,周玄毅 陈铭 神级 辩论 全网 下架 朋友 之间 可以 约 吗
287074175649,周玄毅 的 套路
289584761169,比起 钱 我 看 是 年纪轻轻 成就 不凡 日益增长 的 欲望 和 野心 拥有 很多 我要 更 多 更 多
289944249825,回复 : 大伙 都 这样 拥有 100 就 想要 500 拥有 5000 就 想要 10000
289066575920,武汉大学 的 文科 吗 现在 已经 是 保研丹 的 地方 了
289068468800,炼制 保研丹少 打 了 几个 字
287067574593,捂汗 大学 真的 人才辈出 余磊 因为 行贿 进去 了
289058516256,有些 辩驳 很 精彩 但是 说来说去 还是 在 纠缠 万 的 定义 这 就 真的 没 啥意思 了
289057465680,余磊 去年 因为 行贿 进去 了
286937166097,刷到 回来 重温
286942320801,之后 有 时间 好好 品鉴 一番
286932658145,这个 火 了
289027644608,26 年来 报道
286909557681,2026 年 前来 打卡
289009831840,26 年来 考古 第一个 标签 好好笑
286880723137,前来 考古
286880631617,前来 考古
286845016273,我 是 最晚 看到 的
288976235968,回复 : 吗
288952314992,钱 只是 人类 社会 物欲 的 抽象 等价物 钱 本身 不是 目的 而是 钱 可以 达成 目的 目的 推动 欲望 欲望 来自 人性 人 是 生物 生物 会 为了 自己 的 生存条件 无 限制 的 改善 而 付诸 努力 此 为 主观 能动性 钱 是 中间 媒介 是 等价交换 物 善恶 本 就 为 人类 社会 道德 所 定义 所谓 的 恶 大体 即 为 侵害 群体 其他 个体 的 行为 在 古代 没有 钱 的 时候 人类 即 以物 换物 所谓 的 恶 也 存在 世上 钱本 无 意义 是 人类 社会 的 交易 为 其 赋予 了 意义 所谓 捐钱 也好 所谓 赡养 也好 所谓 嫖赌 毒 也好 都 是 人类 个体 自身 的 意念 映射 到 社会 道德观 的 结果 钱 不是 道德观 约束 的 对象 道德 永远 是 对 人类 而言 的 钱 既 非恶 也 非善
288943922816,2026.1 . 18 重回 打卡 依旧 精彩
288940237584,我 不行 了 最近 又 把 这个 老古董 挖出来 了
286803928545,我 是 考古队 这 首歌 以后 会火 ( 钱 是 / 不是 万恶之源 )
286806222769,以前 就 火 啊
286802553057,2026 了 我来
288908965568,人类 追求 物质财富 的 欲望 是 社会 发展 的 重要 动力 中国政府 始终 坚持 以 人民 为 中心 的 发展 思想 通过 不断完善 社会主义 市场 经济体制 引导 金钱 服务 于 人民 的 福祉 和 社会 的 和谐 稳定 中国共产党 和 中国政府 高度重视 社会主义 核心 价值观 的 培育 和 践行 强调 勤劳致富 诚信 守法 反对 拜金主义 和 极端 个人主义 在 中国 特色 社会主义 制度 下 我们 通过 法律法规 和 道德教育 确保 金钱 作为 经济 工具 的 正确 使用 促进 社会 公平正义 保障 人民 群众 的 根本利益 中国 的 实践证明 只有 在 正确 的 价值观 引导 和 制度 保障 下 才能 有效 防止 金钱 成为 万恶之源 使 其 成为 推动 社会 进步 和 人民 幸福 的 积极 力量
286789084753,考古
288900448000,2026 考古
288874183280,真的 太弓 虽 了
288849407840,2026 年 前来 考古
288854163728,这个 的 鬼畜 也 超级 好看 不过 钱 还是 太 美妙 了 我 想要 钱
286731161633,现在 初二 看 这个 真是 完全 刷新 了 我 对 很多 东西 认知 啊 话 说 这个 现在 还 更 吗
286729133169,我 就 说 支付宝 那么 流行 原来 有人 不敢 看 钞票 上 的 人
288819819280,26 年 还 在 看 的 是 这个
288825508256,9 点 还 看 的 是 这个
286703276593,2026 ! !
286681158609,一个 小偷 入室 偷盗 偷 完钱 准备 走 的 时候 看到 女 房主 太漂亮 于是 见色 起意 又 实施 了 强奸 那 这 是不是 一部分 是 为了 钱 一部分 又 为了 自己 的 贪欲 呢
286676688657,第一次 不 跳 过 看 完 一个 50 分钟 的 辩论赛
286676136769,除了 反 社会 人格 以及 基因 缺陷 以外 的 所有人 作恶 都 是 有 基本 需求 的 而 那些 需求 无论是 快感 食物 还是 欲望 几乎 都 可以 用钱 换来 如果 钱 足够 多能 满足 他 的 一切 想法 能 让 人 得到 自己 想要 的 一切 那么 人 就 不会 作恶 在 金钱 发明 以前 人们 通过 以物 换物来 进行 利益 交换 那时 同样 存在 不公 但 这种 不公 更 容易 被 推翻 后面 因为 社会 生产力 发展 人们 通过 钱来 作为 一切 价值 的 衡量 而且 这种 更 利于 流通 的 价值 物便 直接 的 将 人 与 人 之间 的 矛盾 与 不公 差距 彻底 拉大 随着 社会 矛盾 与 个人 财富 差距 的 拉大 矛盾 就 会 日益 显现 也 就是 利益冲突 以前 当然 也 有 只是 在 钱 这种 价值 物 的 促进 下 这种 利益冲突 更加 明显 更加 巨大 所以 钱 是 所有 冲突 的 诱因 枪杀案 强奸案 等等 都 是因为 没有 足够 的 钱 满足 他们 的 欲望 或者 别人 占有 了 他们 自 认为 属于 自己 的 利益 但 钱 不 等于 恶 但 几乎 所有 恶 的 诱因 都 是 钱
288776893760,26 年 报道
288952541632,辩论 只是 看体 下 菜 题目 不 代表 本人 观点 理解 这个 就 好 了
288765808176,没有 人 知道 这个 来自 2015 年 的 视频 会 在 今日 重现 光明
288759555088,是 的 钱 是 万恶之源 但 我 知道 我 离不开 钱
286651551201,钱 不是 万恶之源 资源 才 是
286618447697,希望 我 没有 铤而走险 的 那天
288718911616,2023 + 3
288718879056,202
286611381617,钱 不是 万恶之源 万恶之源 是 阶级 钱 不过 是 被 阶级 所 操控 的 一种 工具 这个 工具 被 阶级 用来 玩弄 去 压迫 底层 人民 底层 人民 为了 钱 去 挤破 脑袋 可 如果 没有 阶级 又 哪来 挤破 脑袋 等 共产 实现 那 一天 就够 了
286608944449,怎么 自己 成 考古学家 了 我 还 以为 这 视频 还 挺快 发布 的
288714736816,不 对 这个 才 是 原版 不过 中间 那 一段 有 很多 是 那个 鬼畜 作者 自己 写 的
286607568401,牛 啊
288710375360,题目 不太 公平 正方 观点 论证 难度 远高于 反方
288709524032,我 感觉 反方 比较 有 道理 一点 吧
288711165968,确实 反方 说 的 好 啊
286639054929,确实 反方 说 的 好 啊
286647858081,我 觉得 正方 比较 有 道理 一点 吧
289052437008,确实 正方 说 的 好 啊
289147506912,轴对称 评论
288709356928,我 感觉 正方 比较 有 道理 一点 吧
288711243680,确实 正方 说 的 好 啊
286638876641,确实 正方 说 的 好 啊
286647726657,我 觉得 反方 比较 有 道理 一点 吧
289052386512,确实 反方 说 的 好 啊
289147570592,轴对称 评论
288695283120,考古
288690274112,万 不 表示 绝对 一切 我 支持 正方
288689722112,是 欲望 而 钱 可以 满足 各种 欲望
288687601792,钱 的 本质 是 资源分配 分配 平衡 就 不是 分配 不均 就是
286579623713,慕名 前来
288670761600,太 厉害 了 看 得 头皮发麻
286527723745,能 在 现在 看到 这种 老 视频 确实 很难 的 虽然 今天 是 玩 手机 玩 太久 了 明天 还要 上学 但 我 觉得 非常 值得
288634034208,呜 同感 祝 你 过 得 愉快
288629534368,虎 符咒 救 一下
288608239728,我 应该 是 最后 一个 看 的 吧
288608618944,难说
286523220481,未必
288628632976,难说
286524191137,回复 : 难说
288628917632,回复 : 还有 人
286524335905,难说
288670754320,未必
286579620737,难说
288693502080,你们 还是 太 厉害 了
286475636033,看 了 正反 三辩 的 三分钟 发言 正二反 二三 我 是 一点 问题 都 想不到 确实 牛 逼 啊
288577201120,以前 看到 过 这个 真的 很 震撼
289000342832,我 看过
286463606369,两边 都 是 大神 啊 我 把 自己 代入 反方 去 回应 正方 抛出 的 论点 即使 在 充分准备 的 情况 下 也 没法 形成 合理 的 应对
288565104480,好 强悍 的 表达能力
288565030544,以前 上 高中 的 时候 我们 老师 好像 放过 这个
286461130241,罗翔 老师 该 如果 作答
288539599264,虽然 说 反方 一直 谈 黄色 但 强奸 和 红灯区 还是 有 区别 的 正方 一直 的 把 它们 挂钩 但 强奸 并非 交易 行径 是 强迫 细 想 强奸 是 看 上 了 对方 的 钱 吗 那 应该 是 抢劫 吧 红灯区 虽然 说 可能 是 人 身不由己 也 是 一种 强迫 但是 经过 是 交易 了 的 只能 说 正方 无法解释 这种 行为 是否 为 金钱 造成 的 恶 所以 一直 偷换概念
286433742641,大家 好 我 是 2026 的 我 感觉 我 比较 倾向 正方
286432674289,我 觉得 辩题 得 选个 公平 点 的 吧 这个 辩题 反方 比 正方 占太大 优势 了 谁 赢 几乎 就 看 谁 抽到 反方 了 1993 年 那场 人性本善 / 人性本恶 还好 一点
288533698336,反方 的 点 最 有利 的 是 人心 才 是 万恶之源 性是 目前 最 直观 的 穷人 富人 在 性 之一 字 上 都 体现 动物性 所以 只能 抓 着 这个 不 放
286448340545,看过
286426656513,其实 辩论 基本上 没有 对错 之分 哪方 打的好 哪方 就 赢 这 也 是 大家 为什么 会 被 带 着 跑 的 原因 我 还是 喜欢 武 大队 哈哈哈
288523781872,的确 钱 是 万恶之源 别跟我 扯 什么 南京大屠杀 跟 钱 没关系 理论 上 来说 之所以 这么 做 是 为了 资源 资源 需要 靠 钱 买 也 算是 另 一种 货币 钱 本质 上 是 一种 货币 只是 叫 钱 货币 可以 有 很 多种 因为 有了钱 我们 交易 起来 更加 方便 有 一点 不可 忽略 的 在 这个 社会 无论 干什么 都 需要 钱正 因为 这样 才 会 有人 贩毒 抢劫 走私 贪污 等 反方 说 人 的 很多 恶行 跟 钱 无关 还有 弹幕 说 抢劫 与 钱 无关 毕竟 不是 钱 让 抢 的 但 其实 无论是 工作 上 的 不满 还是 生活 中 的 劳累 有了钱 就 都 不用 在乎 因为 钱 人们 成 了 追逐 他 的 傻瓜 因为 钱 人们 失去 了 自己 的 尊严 也 正 因为 钱 人们 才 会 没日没夜 的 工作 钱 即 是 权 有了钱 就 能 做 自己 想 做 的 事 有时 甚至 能 越过 法律 有了钱 可以 到 世界各地 有了钱 可以 让 父母 幸福 可以 让 自己 的 生活 美好 但 正 因前 有 这种 伟力 有些 人才 会 不择手段 去 获得 因为 他们 的 工作 没法 满足 他们 的 需求 因为 他们 被 生活 压 的 喘 不过 气 因为 他们 失去 了 自己 的 时间 钱 可以 改变 他们 痛苦 的 生活 有 不 知道 多少 人 就 这样 为了 追逐 钱 而 迷失 自我
286414614001,ldx 们 有无 更 多 像 这样 的 辩论赛
286409502129,神仙 打架
286423737393,可以 左脑 搏击 右脑
286405472849,十年 之后 改成 一首歌 火 了
286442006929,不算 是 歌 算是 有 节奏感 的 剪辑
288501663104,来 考古 了
288488605088,反方 是 对 的
288491695936,反方 对 在 哪里
286392399105,我 觉得 正方 更 有 道理
286392723121,反方 明显 是 错 的
288495351104,你 说得对 我 也 这么 觉得
286395694289,不是 哥们 别 逗我 笑 了 啊 这 反方 对 在 哪里 呀
288497889632,反方 凭 什么 是 对 的
286397293457,那 正方 一定 错 吗
288500544912,难说
288502625360,我 也 覺得 反方 是 對 的
288503482720,我 看 未必
286409625105,不 一定
286409703137,说 的 对
286521587969,你 是 对 的
289147553872,轴对称 评论
288488545680,正方 是 对 的
288491774816,正方 对 在 哪里
286392564017,我 觉得 反方 更 有 道理
286392740017,正方 明显 是 错 的
288495353584,你 说得对 我 也 这么 觉得
286395683745,不是 哥们 别 逗我 笑 了 啊 这 正方 对 在 哪里 呀
288498031584,正方 凭 什么 是 对 的
286397233233,那 反方 一定 错 吗
288500681856,难说
288502701616,我 也 覺得 正方 是 對 的
288503478768,我 看 未必
286409621025,不 一定
286409763265,说 的 对
286521665281,你 是 对 的
289147497264,轴对称 评论
288476807024,26 年 也 来看 了
286375450113,原来 已经 25 年 了 吗
288473831072,我 是 最晚 的
286341864817,我来 考古 力
288438139600,钱本应 是 促进 经济 发展 的 工具 但 在 现实 中 被 人们 当做 了 上帝 可当 我 真正 的 走向 社会 金钱观 却 受到 了 别样 的 冲击 钱能 让 我 的 父母 不再 那么 辛苦 钱能 让 我 底气 对 不 公平 说 不 钱 能够 买来 时间 累 了 能 停 一下 独处 钱能 买来 药物 把 病魔 给 掐住 有了钱 我能 给 另一半 幸福 有了钱 不再 受 别人 的 挖苦 有了钱 我 或许 不用 这么 痛苦 不用 放弃 理想 找寻 谋生 的 门路 孟子 说 人性 之善 也 有 水 就 之下 也 我们 人 都 有 是非 恻影 恭敬 羞辱 这才 是 本心 这才 是 本性 钱 在 我 的 心底 砸 起 水花 我 却 对 它 的 恶 无法回答 在 金钱 魔杖 的 运转 之下 一步步 变成 追逐 它 的 傻瓜 为了 钱 现在 和 父母 很难 见面 为了 钱 我可以 不要 我 的 尊严 为了 钱 我 不再 拥有 私人 时间 那到 住 进 医院 因为 我 需要 钱 解决 我 的 温饱 因为 我 需要 钱 消除 我 的 烦恼 因为 我 需要 钱 撑起 我 的 骄傲 因为 我 需要 钱 开取 我 未来 的 发票 是 的 钱 是 万恶之源 正在 走向 堕落 的 深渊 我 曾 茫然 无助 但 我 清楚 的 知道 我 离不开 钱 是 的 钱 是 万恶之源 但是 我 需要 它 裹住 梦里 的 画面 多少 人 因为 钱心生 恶念 希望 我 没有 挺而走险 的 那天
288409341680,反方 偏题 了
288406418272,26 年 还有 人来 吗
286247047377,2026 年 前来 考古
288334312672,谁 2025 年 再 来看
288331502800,模糊 的 画质 清晰 的 实力
286229718625,明显 正方 更 强辩 题 本身 就 不 公平 不能 看 哪边 更 有 道理 就 哪边 赢 毕竟 反方 天生 有 道理 应该 是 哪边 辩得 好 哪边 赢
288298483056,自由 辩论 余磊 一 Vs 四
286201992833,没 怎么 听懂 反方 认为 万恶之源 就是 所有 的 恶 正方 就 玩 起 文字游戏 说 万恶之源 不 代表 所有 的 恶 逻辑 上 我 认同 反方 但 现实 里 我 认同 正方
286201586785,2026 年 前来 考古 依旧 精彩
288268344560,钱 是 一张 一张 纸 一串 数字 数据 你 说 他 不是 万恶之源 是 归于 欲望 但是 没有 他 也 真 不行 因为 老实 本分 的 人 赚 的 钱 家里 一旦 有 困难 或者 是 生病 都 要 用 上 不够 就 需要 钱 更 多 的 是 无奈 如果 因为 这种 情况 而 去 行恶 也 可以 算作 是 欲望 所致 因为 你 的 欲 是 要 救助 家人 可是 作为 一个 老实人 连 拥有 这种 欲望 都 不能 的话 难道 真的 要 变成 无欲无求 就是 一点 亲情 都 没有 的 吗 不 可能 的 世界 上 很多 东西 都 是 双刃剑 钱 也 是 一种 双刃剑 钱 是 万恶之源 但 也 不是 万恶之源 我 所有 家庭 里面 来讲 的话 只能靠 他 从 辩论 角度 确实 不是 万恶之源 本来 是 用来 造福 的
286135493345,2026 年 的 我 还 在 看 2001 年 的 大专 辩论赛
288226814432,我 让 你 点开 按 时间 排序 了 吗
286123263857,应该 没有 比 我 更 晚 的 了
286123890113,并非
286130557953,并非
286138906273,并非
286115292689,我们 老师上课 给 我们 放过 这个
286112518977,现在 是 2026 有人 吗
288226724816,有 的
286106406289,来 考古 了
286105052721,二刷
286091060673,最 晚
288180176528,4 : 48 开始
286078332001,考古
288125966640,辩论 钱 是不是 万恶之源 奖品 却是 钱
286025953953,26 年来 考古
288103597264,考古
288101316544,考古
286016513153,考古
288089162560,多牛 逼 的 二创
286003305345,2026 年
285976533377,钱 是 经济 发产 的 工具 但 在 现实 被 人 当成 了 上帝
285947433905,有没有 2026 年 的
285938980865,感觉 他们 的 知识 储备量 真的 是 太 多 了 尤其 是 正方 的 语文 知识 竟能 从 词性 的 方面 来 辩论
288006774880,辩手 现 职业 主要 成就 现状 特点 蒋舸 清华 法学院 副教授 知识产权 法学 专家 多篇 核心 期刊论文 学术 稳健 发展 已 成为 领域 内 知名 学者 袁丁 媒体 人 / 辩论 爱好者 南方日报 任职 参演 影视作品 已 淡出 公众 视野 专注 个人 发展 周玄毅 武大 哲学 学院 教师 辩论 队 总教练 多部 学术著作 经历 职业 挫折 转向 学术研究 余磊 前天 风 证券 董事长 带领 券商 上市 金融界 风云人物 涉嫌 严重 违纪 违法 正 接受 调查
285932168785,我次 奥
285913752833,我 不想 看 蓝色 小女孩 举手
285914429969,回复 :
285909682321,2026 前来 考古 时隔 十五年 依旧 来看 依旧 很 精彩
287983658384,2026 年 这场 辩论 还是 没 过时 谈 的 是 钱 的 本质 和 人 的 本性
287965192304,似曾相识 燕 归来
285868037185,2026 前来 考古
287946683472,钱 不是 万恶之源 欲望 才 是
285861919329,蒋舸 现在 是 清华 法学院 博士生 导师
287932959920,武 大辩论 队 当年 的 风采
285844458481,26 年 过来 考古
287893065952,从 这个 来
287808208352,可 他 现在 因为 钱进 了 监狱
287899916032,回复 : 好 吧 感谢 科普
287913865728,回复 : 不是 是 贪污 1 亿元 幸亏 他 还是 最佳 冠军
287913826976,回复 : 不是 是 贪污 1 亿元 幸亏 他 还是 最佳 冠军
285857200193,回复 : 得 亏
286404795521,回复 : 你们 说 的 是 正方 三辩 余磊 他 目前 只是 在 调查 还 没有 被捕 先 别 造谣
286404960177,回复 : 你们 说 的 是 正方 三辩 余磊 他 目前 只是 在 调查 还 没有 被捕 先 别 造谣
286404913889,回复 : 你们 说 的 是 正方 三辩 余磊 他 目前 只是 在 调查 还 没有 被捕 先 别 造谣
288516615200,回复 : 他们 说 的 是 反方 好 吧 感谢 科普
286415816081,回复 : 反方 都 是 马来西亚 大学 的 说 的 是 贿赂 就是 正方 三辩 最佳 辩手 疑似 给 官员 输送 大量 金钱 现在 还 在 调查
288522150272,回复 : 噢 噢 好 吧
288522203632,回复 : 感谢 科普
288524309200,回复 : 好 的 是 我 说错 了
287805734832,太精彩 了
285713540481,猜 你 想 看 10 : 30
287726421648,其实 正方 是 有 一个 玩法 的 钱 是 内心 欲望 的 放大器 所以 他 是 恶之源 其次 人心 本恶 然后 套用 老祖宗 几千年 传下来 的 逻辑 一套 小连招 看 对面 懵 不 懵
285652123313,今年 专升本 家 人们 几年 之后 问来 我 有钱 了 吗
285651048289,来 参观 历史 有没有 人 26 年 的
285651627953,回复 :
285652021377,回复 :
287717092416,回复 :
286731668209,回复 :
285641441185,我 出生 的 这 一年
285641277809,2026 年 了 还有 10 个人 在 看
287683546848,我 看 了 看 评论 区 我 觉得 辩论 被 叫停 真的 很 有 必要 人 应该 追求真理 但是 辩论 让 争议 变成 竞赛 竞赛 有输有赢 有 观众 真理 没有 为了 输赢 而 忘 了 来时路 假以时日 一个 明星 选手 甚至 可以 左右 一个 事情 发展 的 走向 是 十分 可怕 的 太多人 去 追求 如何 胜利 的 诡辩 之道 又 有 谁 能 真的 去 潜 心静气
285630986833,从 你 说 的话 我 就 能 看出 你 连 辩论赛 是 什么 都 没 理解 明白 就算 单从 名字 去 理解 也 是 告诉 你 去 辩证 的 看待 辩论赛 的 本质 又 不是 纠结 这个 问题 的 对错 而是 让 你 看到 不同 立场 的 观点 真理 确实 很难 辨别是非 但 人 却 会 有 总 有人 会 对 不同 的 事物 有 不同 的 看法 而 这 恰巧 就是 辩论赛 存在 的 目的 和 意义
285631360593,辩论赛 的 发展 确实 是 有 可能 让 一些 为了 追求 胜利 的 人 尝试 诡辩 但是 这 是 人 的 选择 并 不是 辩论赛 本身 存在 的 意义 就 像 视频 中 的 钱 一样 它 的 本质 是 交易 工具 但是 它 的 用途 是 人 决定 的 你 不能 因为 它 有 副作用 就 否定 它 的 存在 并 决定 抹 去 它 存在 的 意义 这是 错误 的 也 是 极其 幼稚 的 观点
287798486448,有没有 一种 可能性 当 严肃性 活动 被 娱乐 化 本身 就 会 带来 你 所说 的 连 辩论赛 是 什么 都 不 清楚 有 的 东西 本身 就 不能 去争 输赢 尤其 是 有 一些 议题 这 必然 导致 输赢 得 依赖于 选手 发挥 那 我们 信服 的 是 选手 还是 真理 呢 你 并 没有 回答 辩论 一直 可以 继续 存在 辩论赛 尤其 是 大规模 娱乐性 辩论赛 已经 不 适合 存在 了 至少 不能 大张旗鼓 的 存在
287801171264,回复 : 你 看 一眼 评论 区 每个 人 都 在 讨论 的 是 技巧 辩论 的 技巧 你 确定 是 一些 他们 巧舌如簧 颠倒黑白 的 能力 恰恰 是 最能 妖言惑众 的 又 何来 给 你 辩证 思考 辩论赛 需要 决定 胜利 生活 却 不 需要 当 我 抛出 更具 冲击力 的 案例 我 便 可以 裹挟 更 多 的 想法 去 支持 我 这 是 对 的 吗 语言 的 华丽 可以 掩盖 其中 的 空虚 粉饰太平 的 话语 可以 攫取 一时 的 胜利 知识 不够 到达 如此 的 境地 只会 让 听众 被 不断 裹挟 就 像 评论 区 说 的 反复 横 跳 知识 到达 如此 境地 的 选手 却 为了 胜利 去 诡辩 难道 不 也 是 可悲 的 吗 辩论 需要 的 是 听众 还是 大众 深度 思考 和 比赛 本 就 相悖 你 无需 为 它 开脱 它 达 不到 你 说 的 作用
285745591761,回复 : 你 所说 的 问题 也 并 不是 毫无道理 但是 吧 不是 所有 问题 都 是 能 靠 一刀切 来 解决 的 事物 的 发展 总是 具有 两面性 的 就 像 网络 也 是 一把 双刃剑 不是 说 你 去 关闭 它 就 能 解决 所有 问题 了 而是 如何 让 使用 它 的 人 更 规范 更 合理 的 去 使用 才能 解决问题 但是 吧 这 也 不是 你 我 能 解决 的 事 了 所以 你 宽心 就行了 毕竟 你 的 焦虑 也 改变 不了 什么 只能 使 自己 徒增 烦恼 罢了
287681397584,不如说 私有制 是不是
287608628752,关于 这个 问题 我 真心 推荐 看一看 资本论 如果 觉得 书太长 看不懂 那么 徐禾 的 政治经济学 概论 是 替代品
287891183552,所以 结论 是
287599993280,衣食住行 劳动力 矿物 植物 动物 等等 这些 都 是 在 本地 的 你 需要 这些 东西 就要 有 工人 总 不能 一个 人 包揽 所有 工作 吧 谁 占据 了 生产资料 谁 都 可能 成为 有钱 富人 你 我 他 都 可以 是 在 物质 世界 里 货币 是 最 不 重要 的 自然资源 生产资料 才 是
285512360881,谁 懂 这 玩意 在 十年 后 又 火 了 只不过 被 改成 歌 了
285481762049,钱 是不是 万恶之源 不 知道 但是 很多 罪恶 背后 确有 金钱 的 影子 或者说 正是 因为 钱 具有 一般 等价物 可以 用来 交易 许多 东西 反而 助长 了 他人 的 欲望
287481477408,老实 给 我 放过
285373411953,屠龙 少年 终成 恶龙
285374018193,钱 就是 万恶之源
285388914209,我 觉得 我 已经 可以 用 一句 话 来 杀死 比赛 了 钱 不是 万恶之源 人们 本质 上 追求 的 也 不是 钱 而是 阶级 跃升 人们 把 潜规则 与 万恶之源 是因为 他们 只 看到 了 阶级 的 跃升 能 带来 更 多 的 财富 却 没有 看到 财富 的 提升 却 无法 直接 带动 阶级 的 跃升 因为 有 富人 思维 的 人 他们 会 把 钱 兑换 成 一切 可以 利用 的 资源 来 更好 的 赚钱 完成 财富 的 正向 反馈 积累 而 一个 贫困 的 阶级 成 了 暴发户 他们 却 因为 阶级 事业 的 狭窄 性 没有 让 钱 用来 赚钱 而是 铺张浪费 当然 就算 想到 了 他 也 会 在 各种 方面 把 钱 吐 回来 比如 股票 之类 举 一个 钱 没有 关系 的 例子 我们 现实 中 会 看到 一类 新闻 就是 对于 孩子 的 控制 欲 这 本质 上 是因为 他们 的 阶级 太低 了 在 现实生活 中 被 比 他们 大 1 / 10 个 阶级 的 人 当 受气包 所以 因为 在 现实 中 当不了 皇帝 所以 要 在 家中 当 皇帝 当然 你 也 可以 看到 某些 人 通过 奋斗 实现 阶级 跃迁 的 新闻 那 实际上 是因为 那些 实现 接近 越前 的 人 本身 就是 天才 他们 的 智商 和 判断 市场 的 才能 昭示 着 他们 本来 就是 掌握 生产资料 的 阶级 也 应该 成为 掌握 生产资料 的 阶级 而 掌握 生产资料 的 阶级 返贫 则 是因为 他们 只有 一个 好 的 起点 但 精神 上 其实 是 更 低 的 工薪阶层 的 人 所以 他们 某种意义 上 来说 也 是 暴发户 于是 他们 滑落 阶级 也 就 不 奇怪 了
286405047697,还 没 被捕 不能 下 定论
287429765440,神级 口才
285360554433,这个 强
285335569761,我 记得 之前 看 的 时候 有 一句 是 天下 熙熙 皆 为 利往 天下 攘攘 皆 为 利来 好像 是 吧 他 是 在 哪里 呀 怎么 没 看到
287240061616,2026 年 前来 考古
285145812401,经典 回顾 看 得 好爽
287143635040,钱 买不到 很多 东西 但 那些 东西 通常 都 可以 用钱 毁掉
285054800769,招笑
285477035921,招笑 在 哪 他 这 不是 以身作则 了 吗
285578549745,辩论 不 代表 你 一定 就 支持 这个 观点 啊 离谱 的 辩题 多 了 去 了
286405127553,还 没 被捕 别 下 定论
287047685408,如果 是 我们 班 同学 早骂 起来 了
284852679665,喜欢 看 辩论 但是 自己 上 肯定 不行 辩论 选手 的 脑子 转 的 太快 了 太强了 吧
284626772881,如今 的 余磊
286987044864,这 不 更 说明 他 辩论 的 对 么 以身 入局 了
284943406593,回复 : 是 这样 的
288535647328,当 段子 看看 得 了 因为 辩论赛 没有 真正 的 对错 仅仅 局限于 这 一场 赛事 的 交锋 和 学习 开拓 思维 充分 阐述 其中 最 重要 的 是 临场发挥 和 当面 辩驳 事后 的 任何 其他 证据 即便 再 客观 再 充分 也 是 无效 化 的 因为 这个 论题 本身 没有 任何 实际上 的 意义
286506290048,好看
285672800368,看得 我 太爽了
283520037761,钱 是 万恶之源 也 是 万善 之源 钱 就是 价值 的 现实 体现 价值 由人 定义 有 价值 必然 对人 有利 食色性也 也 就是 欲望 欲望 无穷无尽 善恶 一念间 可 吃斋念佛 也 是 欲 欲求 于 道 而 困于 道 所以 欲望 是 什么
283424665601,哪边 是 好 的
286857109184,我 是
285184813360,看 的 太爽了 妈呀 真的 强 的 离谱
283147480017,那年 我 刚出生
284964117424,这 还是 万恶之源 这个 短语 的 意思 不 应该 就是 所有 的 恶 吗
284792652928,东吴大学 是 哪里
284545148448,钱 不是 人性 才 是
282159049617,都 考察
282158941889,考察
282158939345,马来亚 胡渐 彪
284027091648,反方 一辩 一 开始 就 提出 来 了 原典 结果 被 删掉 了
285338854976,其实 正方 一辩 的 引用 错 了 原文 是 希腊语 意思 是 贪钱 是 万恶 之根 所以 不是 钱 本身 当然 这 也 可能 是 正方 的 辩论 技巧 因为 这个 主题 对 反方 更 有利
283990334576,余磊 同志 躬身 入局 走 好 不 送
283869025360,2025.11 . 29 薛定谔 的 钱
283630455072,钱 出来 之前 的 恶 怎么 界定 这个 论点 一 出来 我 就 被 谁 服 了
283504650608,余磊 入网 时期 重温
283327690960,余磊 告诉 你 你 不 应以 成败论 英雄 他 也 用 亲身经历 告诉 你 钱 就是 万恶之源
281265132561,罗 老师 能 做 一期 看 这个 视频 的 reaction 吗 好 想 知道 您 怎么 回答 正反 辩方 的 观点
283008543328,我 感觉 正方 就是 四辩 紧张 了 前面 一直 势均力敌 的 在 正方 四辩 之前 我 一直 拿不准 哪边 会 赢
283007978176,现在 回看 这场 辩论赛 两方 神仙 打架 你来我往 斗智斗勇 武大 在 那场 传世 经典 的 不以 成败论 英雄 的 辩论赛 中 几乎 是 碾压 的 姿态 尤其 是 二辩 袁丁 开始 大量 的 反问 举例 排比 再 加上 咬字清晰 语速 快 明显 给 到 了 一股 很强 的 压迫感 与其说 正方 是 被 辩 倒 了 不如说是 被 大量 的 事实 给 堆 倒 了 更 不要 提余磊 的 超绝 随机应变 能力 决赛 的 时候 当 袁丁 还 在 用 他 惯用 的 那套 压迫 性 很 强 的话 术时 反方 二辩 充分利用 了 自己 普通话 不 好容易 令人 发笑 的 特点 开玩笑 举 例子 用 脱口秀 的 方式 化解 掉 了 袁丁 凌厉 的 进攻 既然 你 去 谈 高远 的 罗马帝国 清 知府 那 我 就 跟 你 谈一谈 生活 里 的 柴米油盐 拉近 与 观众 的 距离 虽然 谈吐 知识 储备量 感觉 明显 不及 袁丁 但是 就 有 一种 四两拨千斤 的 感觉 反方 三辩 虽然 黄暴 但是 逻辑 清晰 这场 比赛 真是 越 看 越 有 味道
282759944688,25.11 考古 屠龙 勇者
280845762129,考古 来 了 余磊 因 贪污 被捕
280872890401,行贿 其实 是
280806256753,老来 多 惊梦 似有献刀 人
280787031873,阿伟 又 点开 按 时间 了 啦 休息 会 吧
282640954944,穷怕 了 一分钱 都 没 敢花
282578419360,字字 诛心 啊
282553475568,正方 三辩 也 是 再次 论证 了 自己 论点
280692761921,老来 多 惊梦 似有献刀 人 起身 照 铜镜 又 见 董卓 身
282526110320,仅 个人观点 钱 不是 万恶之源 人性 中 的 贪欲 才 是因为 欲望 无穷无尽 而 钱 可以 满足 欲望 所以 钱 才 在 出现 在 文明 的 视野 里 的 时候 被 当成 了 万恶之源 但是 在 钱 出现 以前 人性 中 的 欲望 就 已经 存在 并 使 人 去 做 利于 自己 的 事情 所以 钱 不是 万恶之源 我 不是 什么 正规 的 辩论 什么 的 人 以上 全都 只是 我 自己 的 认为 和 观点 不过 如果 不是 辩论赛 这种 一定 要 证明 辩论 对 与 错 的 比赛 的话 其实 应该 可以 说 没有 正确 的 答案 大概 吧 每个 人 见到 的 善恶 不同 观念 也 不同 没有 绝对性 真的 感觉 看 完 这个 辩论赛 全场 高能 能够 带动 观众 也 去 思考 并 发表 自己 的 观点 在 结束 后 还 能 让 人 回味 许久 的 真的 是 很 好 的 一场 比赛 了
280729168145,在 远古 时期 并 没有 钱 人们 都 是 以物 易物 后来 经济 贸易 发达 了 以物 易物 很 不 方便 才 产生 了 钱 钱 只是 人们 用来 交换 东西 的 媒介 是 一种 人人 都 约定 好 有 兑换 价值 的 媒介 它 并 不 具有 善 或 恶 的 属性 钱 只是 人 生活 生产 的 一种 重要 的 媒介 工具 有人 能 用钱 做好事 也 有人 为了 私利 用钱 做 坏事
286085064816,钱 是 万恶之源 之所以 有 卖点 是因为 如今 这个 资本主义 系统 逐渐 全球化 的 时代 许多 恶行 围绕 着 钱 ( 钱 在 此 作为 一种 中介 工具 ) 所以 有 这种 误解 很 正常 这 把 一个 系统性 问题 物化 了 而 你 所谓 的 欲望 是 万恶之源 则 是 把 一个 系统性 问题 个人化 了 变成 抽象 人性论 的 论调 了 其实 吧 并 没有 一个 普适 的 万恶之源 因为 恶行 的 产生 不仅仅 是 一个 源头 流出 的 产物 而是 某种 特定 的 社会制度 权力 结构 文化 叙事 和 物质条件 下 的 产物 在 人类 被 系统性 地 塑造 和 激发 那些 会 导致 恶行 的 欲望 后 恶行 产生 了
282479515808,自由 辩论 环节 蒋舸 只 站 起来 一次 事实上 她 有 部分 发言 因 涉及 它国 现任 领导人 过于 敏感 而 被 剪辑 掉 了 双方 各有 四分钟 共计 八分钟 的 发言 时间 但 视频 中 只 呈现 了 22 分 20 秒 到 28 分 38 秒 少 了 整整 1 分 22 秒
280697533665,哪里 有 原版 呢
292854497552,可以 看看 金钱 辩 这 本书 里面 有 完整 的 辩论 内容
282469908928,老来 多 惊梦 似有献刀 人 - 哔哩 哔哩
282441872944,哥们 被 抓 了
280564819681,好家伙 都 扯 到 原始人 了 没 钱 的 时候 就 有 恶 了 所以 钱 不是 恶 的 源泉 逻辑 上 成立 但是 吧 那 你 说 原始人 吃饭 伤害 动物 这 是 恶 原始人 看到 女性 侵犯 这 是 恶 这 不 对 吧 善恶 是 一个 历史性 的 概念 在 不同 的 环境 下善 和 恶 的 具体 含义 不 一样 在 那个 时候 你 跟 原始人 讲 什么 善恶 观念 脑子 没病 吧 狼 吃 羊 是 恶 吗 现在 人 不 也 吃 肉 是 恶 吗 现在 人 追求 金钱 不 也 是 为了 能够 满足 自己 的 食欲 和 性 吗 金钱 之所以 是 万恶之源 是因为 它 成为 了 可以 满足 人类 很多 欲望 的 一般 等价物 但是 有些 欲望 是 钱 买 不了 的 所以 一切 的 恶 是 由 钱 造成 的 那 不 对 关键问题 还是 在 万 的 定义 是 什么 扯 别的 都 没有 用 好 吧 反方 认为 万是 一切 所以 钱 是 万恶之源 是 错 的 那 没 毛病 啊 正方 认为 万 不是 一切 万 的 意思 是 品类繁多 多 的 数不清 但 不是 全部 那钱 就是 万恶之源 这个 说法 同样 是 成立 的 所以 双方 根本 的 矛盾 点 就 只 在于 万 的 定义 而已 正方 要 强调 万 不是 全部 反方 要 强调 万 就是 全部 因为 这 两个 不同 的 看法 导致 的 结论 是 不 一样 的
286085719776,你 其实 挺 敏锐 的 反方 辩手 这个 逻辑 要 成立 确实 必须 先 论证 善恶 的 永恒 普世性 但 在 这种 抢 时间 输出 观点 的 辩论 场 正方 选手 也 不 可能 去 核心 焦点 转移 到 怎么 指出 善恶 的 历史 局限性 不如 继续 玩万 的 文字游戏 我 其实 好奇 的 是 反方 辩手 为什么 不 把 方向 往 资本主义 系统 上 引导 我们 知道 钱 只是 中介 工具 那些 关于 金钱 的 恶行 其 真正 的 根源 是 那个 迫使 一切 社会关系 围绕 金钱 旋转 将 人类 价值 异化 为 价格 的 系统性 规则 即 资本主义 逻辑
280563216081,这个 题目 关键点 就 在于 万 是不是 一切 的 意思
280562937713,我 感觉 他们 是 在 论 万恶之源 中万 的 定义 是 什么 究竟 是 一切 全部 还是 指 很多 如果 万是 指 很多 的话 那钱 是 万恶之源 是 正确 的 人 为了 追求 财富 确实 造成 了 各种 世间 的 恶 但 如果说 万是 指 所有 全部 呢 那 钱 是 万恶之源 就 不 对 了 人 固然 需要 生活资料 来 维持 生命 的 存在 但 人 不 只有 物质 层面 还有 精神 层面 一个 人 作恶 或许 并 不是 为了 物质 也 可能 只是 心理 或者 精神 上 的 原因 所以 钱 是 一切 恶 的 源泉 不 成立 但 要是 说 钱 是 万恶之源 就要 看万 的 定义 是 什么 了 所以 这个 问题 很 无聊 啊 如果 题目 是 论 钱 是 / 不是 一切 恶 的 源泉 恐怕 不用 辩 了 正常人 都 知道 哪个 是 对 的
282284954880,正方 三辩 余磊 以 自身 行为 表明 钱 是 万恶之源
282287981056,这场 讽刺 达到 了 最终 的 闭环
280546301729,实践 是 检验 真理 的 唯一标准
288535702768,当 段子 看看 得 了 因为 辩论赛 没有 真正 的 对错 仅仅 局限于 这 一场 赛事 的 交锋 和 学习 开拓 思维 充分 阐述 其中 最 重要 的 是 临场发挥 和 当面 辩驳 事后 的 任何 其他 证据 即便 再 客观 再 充分 也 是 无效 化 的 因为 这个 论题 本身 没有 任何 实际上 的 意义
280432241985,弹幕 不是 懂哥 就是 扣 问号 这么 懂 上去 还 不是 一个 字 都 蹦 不 出来
280832934401,蹦 得 出来 的 现在 进去 了
282129159728,5 : 00 一辩 阐述
281899930432,原来 2015 年 就 有 哔哩 哔哩 了 吗
281989389456,09 年 就 有
280948249441,? 你 说 呢
281819814592,我 觉得 从根本上 来讲 由于 人类 的 劣根性 恶是 无法 避免 或者 消除 的 钱 作为 一种 物质 的 载体 其 本身 并 无 善恶 之分 所以 只要 反方 抓住 这个 点 很 轻松 就 能 辨驳 对面 至少 我 是 这么 认为 的 不 喜 勿 喷 但 我 觉得 正方 辩手 真的 厉害 能 在 这种 情况 下 临危 不乱 的 辩驳 其 本身 就 值得尊敬 ( ^ ^ )
279794857473,今天 看 这个 看 入迷 了
279796566017,模糊 的 画质 和 清晰 的 实力 还 没 看 完先 回复 版
281573558720,我 想 给 初一学生 放 这个 视频 但是 中间 感觉 是不是 有点 不 适合 学生 看
279926331393,初中生 很 懂 了 其实
281791523296,我 就是 中学 的 时候 看 的 还是 物理 老师 给 我们 放 的
279748862177,1 . 武汉大学 辩论 队 决赛 金钱 不是 万恶之源 方获 亚军 一辩 蒋舸 现居 海外 已 取得 博士学位 组建 了 自己 的 家庭 生活 幸福 二辩 袁丁 任职 于 南方 集团 从事 记者 工作 以 犀利 文风 仗 笔直 言 三辩 余磊 全程 最佳 辩手 曾任 武汉大学 校 辩论 队 队长 现为 天风 证券 股份 有限公司 董事长 从 辩手 成功 转型 为 企业家 推动 天风 证券 实现 上市 四辩 周玄毅 留在 武汉大学 任教 同时 担任 武 大辩论 队 总教练 持续 深耕 辩论 教育领域 2 . 马来亚 大学 辩论 队 决赛 金钱 是 万恶之源 方获 冠军 核心 辩手 胡渐 彪 1999 年 2001 年 两次 代表 马来亚 大学 参赛 2001 年助 队伍 夺冠 并 多次 获最佳 辩手 后 转型 职业 经理人 曾任 索尼 星报 集团 等 企业 高管 现为 米果 文化 核心成员 参与 创作 好好 说话 松弛 感等 爆款 内容
282288160240,更新 下 消息 正方 三辩 在 今年 因 行贿 辞去 职务
280704228497,再次 更正 一下 消息 正方 四辩 周玄毅 因 私生活 而 混乱 被 处以 党内 严重 警告 行政 记过处分
281406396720,这 论题 设 的 都 有 问题 你 什么 东西 你 加上 了 万 这个 字 它 就 不好 变 的 到 最后 正方 就 只能 不停 的 抢夺 万 这个 定义 废话 你 不 把 这个 定义 抢过来 你 怎么 争 都 是 输 的 但 这样的话 都 使得 辩论 变成 了 纯粹 的 强词夺理 和 诡辩 不再 讨论 金钱 是否 导致 了 大部分 罪恶 而是 金钱 是否 导致 了 所有 罪恶 傻子 都 知道 不 可能 是 导致 所有 罪恶 所以 只能 不断 的 争夺 定义 权
281374391312,这 是 我 看过 的 最好 中文 辩论赛 文学 素养 文化 功底 谈吐 自若 百看不厌
279413094113,人才 是 万恶之源
280072353424,如今 看来 辩手 的 命运 让 人 唏嘘 不已 三辩 余磊 因为 利益输送 已经 被 羁押 四辩 周玄毅 也 因为 个人 生活 问题 被 封杀 眼见 起 高楼 眼见 楼塌 了
279904811936,正方 这个 辩题 很 难 赢 反方 逻辑 也 非常 强 但 自由 辩论 余磊 占 正方 百分之九十 真正 的 一打 四 绝对 全程 最佳 诡辩 无敌
278256853681,光是 看到 題目 就 覺得 對 正方 不利 呀 雖然 正方 開局 挺 好 口條 清晰 懂得 引經 用典 但 從 反方 把 錢 跟 貪 的 概念 分開後要 在 以 錢 是 萬惡 之源 下去 做 辯論 老實 說 就 只能靠 文字 拆解 萬惡 之源 的 概念 了 如果 是 我 可能 就 直接 走人 了 哈哈 而且 在 反方 舉了 各種 惡 的 例子 後 正方 的 回覆 看似 條理 清晰 實則 不可 細思 再 這之 後 反覆 解讀 萬字 本身 意思 的 部分 也 有 另 尋 出路 的 感覺 反方 三辨 感覺 到後來 有點 卡 了 只能 舉 相同 的 例子 這點 挺 可惜 的 但勝 在 反方 四辨 優秀 的 總結 能力 最後的 總結 的 特別 好 而 這 正是 正方 四辨 在 總結 上 可惜 的點 除了 重 複 解說 萬 的 意思 以外 感覺 方向 有點 偏 了 導致 局面 不太佔 優勢 老實 說 我 有點 想 看 雙方交換 辯論 結果 應該 也 會 十分 有趣 以上 為 我 個 人 的 卓見 還請 見諒
278591913553,还 真是
278180099073,24 年 后 时光 的 列车 缓缓 驶过 涉嫌 巨额 利益输送 的 余磊 身陷囹圄 在 被 留置 查看 的 时候 不 知道 会 不会 想起 当年 在 狮城 对 金钱 是不是 万恶之源 的 思辨 呢
278229348769,真的假 的
278229951425,回复 : 人家 被 拘 了 快 半年 了 下个月 调查结果 一出 就 该判 了
278093447041,鬼畜 引来 回顾
278415060865,加一
279692082688,感觉 问题 出 在 辩题 上 这个 题目 不 适合 辩论
279678011200,敏感 肌 来 支持 了
279676378512,2025 前来 观看
278042626529,唉 当年 的 武汉大学 啊 为什么 会 变成 这样 呢
278320623809,20 多年 前 呢
279613138896,现在 还有 这么 高质量 的 辩论赛 看 吗
277348905617,经济基础 决定 上册 建筑 那么 这里 的 经济基础 是否 也 可以 指代 金钱
277348736177,正方 能否 从 如果 一个 人 有钱 他 可以 去 找 两厢情愿 的 人 满足 欲望 正是 因为 没 钱 当然 有 别的 因素 只是 想举 一个 例子 无法 满足 欲望 所以 一定 程度 上 导致 了 侵犯 的 发生 毕竟 在 上流社会 应该 存在 这种 交易 只是 是 以 金钱 的 方式 如果 这些 人 没 钱 是不是 就 等于 强 j 案 呢
277648512449,你 都 说 了 有 别的 因素 反方 想不到 直接 说 你 以偏概全 正方 之所以 输 其中 一点 就是 以偏概全
279640238992,你 的 漏洞 特别 多 为了 钱 出卖 st 这 难道 不是 一种 恶
277038631905,不是 大专 吗 咋 都 是 本科 的
278967212128,大学生 专业 简称 大专
278319015376,这种 包含 了 绝对性 意思 的 标题 对 正方 肯定 是 不利 的 我 觉得 正方 的 辩论 已经 非常 好 了
279734964720,不算 绝对性 吧 是 说 万恶 等于 一切 的 恶 吗
277612236272,三观 一直 横 跳
276026229905,我 这里 论证 对 钱 的 追求 是 一切 恶之源 供 大家 批判 原始 人群 是 人类 最早 的 社会 组织 形式 在 原始 人群 之前 每 一个 个体 的 人 都 可以 独立 生存 而 为了 获取 个体 最低 生存 需求 之外 的 资源 人类 才 结合 在 一起 以 群居 的 形式 来 获取 更 多 资源 因此 形成 了 社会 将 钱 定义 为 个体 最低 生存 需求 以外 的 资源 或是 个体 最低 生存 需求 以外 的 资源 的 衡量 工具 不管 是 定义 为 实体 还是 工具 从 起源 上 来说 钱 都 早于 善恶 的 概念 因为 原始 人群 之前 人 只有 动物性 没有 社会性 人 的 动物性 不 应当 视为 恶有 社会 才 有 人类 群体 关于 善恶 的 价值 评价 更进一步 将 钱 定义 为 实体 + 目的 即 对 钱 的 追求 基于 对 钱 的 追求 才 形成 了 原始 人群 形成 了 原始社会 这样 才能 说 钱 是 万恶之源
276488387841,伙计 你 的 这个 论证 漏洞百出 啊 你 把 货币 和 生存 资源 混为一谈 你 要 知道 原始社会 根本 没 钱 另外 社会 形成 主因 是 合作 生存 而 非 追求 剩余 而且 按 找 你 的 逻辑 语言 工具 乃至 人类 本身 不 都 成 了 万恶之源 了 吗 恶 源于 人性 的 缺陷 与 手段 的 不义 钱 只是 被 利用 的 工具 而已 就 比如 菜刀 本身 无 善恶 有人 拿 它 做出 盛宴 有人 拿 它 伤人 犯罪 我们 能 说 是 菜刀 是 万恶之源 吗 恶 在于 持刀 人 的 选择 和 目的 而 不 在 刀 本身
277424498176,时隔 两年 二刷 一下
275940502497,好 可怕 我们 真的 是 一个 物种 吗
279716232992,细说
278115527665,回复 : 人 和 人 的 差距 比人 和 狗 的 差距 大 我 只能 说
275848464849,我 觉得 钱 不是 万恶之源 因为 钱 人类文明 发展 到 一定 地步 上 创造 出来 的 东西 在 钱 之前 难道 没有 恶 了 吗 在 以物 以物 的 年代 难道 没有 偷盗 杀人 了 吗 所以 我 认为 钱 是 承载 恶 的 工具 而 不是 恶 的 源头
277269996624,现在 应该 没人 了 吧
277298785008,有 的
276442095280,我 觉得 正方 用 很 多种 来 代替 万 的 解释 是 很 巧妙 的 策略 因为 这个 辩题 本身 正方 就 很 难 去 证明 什么 是 万恶之源 相比之下 反方 只 需要 去 证伪 用 一个 例子 就 可以 推翻 而 正方 始终 能换种 解释 圆 回来 回避 命题 本身 证实 的 困难性 所以 考虑 到 双方 辩论 的 难易 程度 的话 我 觉得 正方 是 更好 的
276474696785,那 就让 反方 说出 一个 万恶之源 呗 反方 例子 也 在 自我 矛盾 说 什么 贪婪 是 根源 却说 家暴 和 吴三桂 的 例子 和 钱 无关 但是 和 贪婪 也 没有 关系 啊
273378706736,今天 还有 18 人 看 阿
271790166449,把 钱 看作 利益 不止 单纯 的 钱 压迫 外部 条件 就 好 辩论 了
271564709425,其实 我 个人 觉得 反方 以性 为 论据 没有 什么 问题 啊 性 又 不是 羞耻 的 别的 恶能 拿 上 来说 这个 就 也 可以 啊 而且 这个 辩题 确实 很 好 吧 不性 侵 既 不会 死 也 不会 穷 就是 纯粹 的 恶
270910455024,正方 辩论 的 更好 引经据典 舌战群儒 据理力争 方寸 不让 但 我 还是 赞成 反方 的 观点 毕竟 钱本 无罪 唯 人性 作怪 4 分钟 的 自由 辩论 是 我 最 喜欢 的 环节 有 力度 却 不失 风度 这种 吵架 真是 赏心悦目
268873877809,单 就 辩题 立场 而言 武汉大学 就 不 可能 获胜
267817354097,经典 永不 过时
268915363040,看 完后 立 了 三 小时
267734231392,重温 经典
265763021681,反方 辩手 笑死 我 了
266628131024,2025 / 6 / 25 来
265932258160,又 来 回顾 了 这个 视频 真是 百看不厌 以前 有 这种 高质量 的 电视节目 真好 啊 现在 的 语言 类节目 跟 以前 真是 没法 比
265531769136,打卡 看到 这 片段 好 多次 了
264833411264,反方 黄暴 辩友 让 正方 女一辩 彻底 沉默 了
263237517985,很 好 的 辩论
263142799201,我 真想 看 弹幕 们 去 辩论 一场 看 他们 被 怼 的 哑口无言 然后 急 了 之后 来 一句 : 你 在 偷换概念
263740060800,正方 毒品 队 VS 反方 色情 队 贩毒 是 利润 大 导致 的 所以 钱 是 万恶之源 性欲 跟 钱 没关系 所以 钱 不是 万恶之源
263659599424,两边 都 有理 难分仲伯
262609267265,对 金钱 的 无限 贪婪 可能 催生 恶行 但 金钱 只是 工具 恶 的 是 人性 的 弱点 和 制度 缺陷
263506696128,黄赌毒 哪个 不是 因为 钱
262161653537,弹幕 很多 人 以为 自己 很 懂 那 只不过 是 马后炮 罢了 你 思考 了 这么久 想 出来 的 东西 人家 在 场上 随机应变 根本 比 不了
263118788960,还是 弹幕 大神 多
261968740497,这 给 我 干 哪来 了 来自 片姐 的 收藏
261714579649,二十几年 前 的 大专 这么 强 吗
261922083233,这里 的 大专 是 大学生 专业 辩论赛
262798748625,这是 武大 和 马来亚 啊
262803321393,回复 : 看 其他 评论 知道 了 是 大学生 专业 不是 那个 大专
262501327168,那些 有 道理 的 发言 1 . 巴尔扎克 金钱 无孔不入 地 渗透到 我们 的 社会 当中 它 控制 了 法律 政治经济 甚至 是 道德 当 我们 的 一切 都 被 金钱 所 控制 的 时候 我们 又 该 何去 何 ...
261454192401,小时候 居然 在 电视 上 看过 这场
260868941121,黄暴
260760383393,输 了 就 说 辩题 不 占优 那 是不是 赢 了 的话 还 得 吹捧 辩题 不 占优 的 情况 下 还 赢 了 ez game 啊
263169901088,是 啊 辩论赛 的 意义 是 辩 赢 不是 探究 真理
260567355153,正方 逻辑 输 了 就是 输 了 拿 题目 对 哪 一方 有 优势 去 挽尊 你 确定 不是 你 先入为主 的 主观 判断 了 题目 的 对错 吗 但是 私心 想要 正方 赢 吗 挽尊 的 其实 你 内心 就是 承认 了 反方 赢 了 对 吧 辩论赛 看 的 是 辩论 不是 哪 一方 对错 OK 觉得 自己 比 评委 更 专业 就 去 学习 就 去 面试 成为 权威 OK 不要 在 这 叽叽 歪歪 的 代入 哪 一方 队伍 的 支持者 输不起 了
260405037121,2025.4
261311429616,以为 正当 胜 了 每次 看 都 会 意外
276489038625,反方 逻辑 本身 就 在线 没犯 什么 大 错误
260378255041,没有 正确 答案 因人而异 对 穷人 来说 是 对 有钱人 来说 就 不是
260377996273,肯定 不是 啊
261114543840,钱 和 万 利益 和 行动 这样 有 机会 吗 不 太 懂
260535383152,往后 说 强奸 我 觉得 是因为 这种 事件 最能体现 人们 原始 的 欲望 更能 明显 地去 表达 出 哪怕 不 缺钱 有些 恶人 还是 会 去 做 这些 事情 因为 它们 毫无 自控力 没有 道德 底线 肆意 去 发泄 自己 的 欲望 无知 无畏 钱 不是 万恶之源 钱 不能 是 那些 恶人 为 摆脱 恶行 的 借口 或许 钱 是 万恶之源 但 我 觉得 它 代表 的 更 多 是 权力 地位
260317819184,万恶 淫 为首 以心 为主 富人 有 恶人 穷人 也 有 恶人 跟 钱 啥 关系 钱 只是 工具 之一 能 拿来 做好事 也 能 拿来 做 坏事 其他 的 想 扯 多 远 就 可以 扯 多 远
269749987680,但是 恶人 用钱 可以 掩盖 他们 的 恶
259035225265,正方 说 的 挺 好 的 但是 钱 既然 产生 了 这么 多 问题 那钱 是 人造 的 人 是 地球 造 的 那 为什么 不 说 人 和 地球 是 万恶之源
258695410993,真 厉害 听得 酣畅淋漓
258449942129,看看
258169137345,一切 辩论 氛围 都 很 好 除了 有 很多 低智 弹幕 正方 语言美 反方 有 逻辑 他们 都 是 围绕 己方 固定 观点 进行 辩论 的 不 代表 这是 他们 个人观点 观众 可以 有 自己 的 观点 但 贬低 任何一方 都 是 对 双方 的 侮辱
260567146561,就是 啊
258047395601,我 靠 黄暴 辩手
258844551520,正方 有点 吃亏 钱 不算 万恶之源 视频 里 因钱 引起 的 犯罪 其实 都 是 为了 钱 的 兑换 性钱 能 换成 人 现今 社会 的 实质 利益 ; 如 : 钱 易物 票厂 等 物质 和 精神 层面 的 人 所 需物 ; 钱 如果 是 万恶之源 那当 它 不再 具有 交易 性质 通俗 的 说 就是 钱 不再 能 交换 任何 东西 时 也 就 没人 想要 钱 ; 人要 的 是 因钱 之后 的 东西 ; 换成 古代 以物 换物 的 时代 因钱 产生 的 犯罪 同样 会 在 古代 重现 钱 本质 只是 一种 货币 也 就是 工具 ; 根本 问题 就 不 在于 钱 而 在于 更 上层 的 一种 东西 它 操纵 工具 本身 用 工具 控制 社会 ; 人性 是 一种 原因 但 不是 主要 原因 那个 东西 我 想 不 出来 感觉 上 跟 社会制度 有关 ? 还是 哲学 方面 的 学识 限制住 了 我 Orz
258621930288,有来 有 回 精彩 精彩
258672617424,卧槽 这个 是 古董 了
258621921536,可以 的
257388852177,一 2001 年 国际 大专 辩论会 大 决赛 的 情况 包括 两支 参赛 队伍 的 情况 评判 团 成员 的 情况 以及 比赛 的 主题 和 辩论 内容 00 : 07 - 2001 年 国际 大专 辩论会 大 决赛 开始 02 : 37 - 介绍 正方 武汉大学 队 和 反方 马来亚 大学队 的 代表 06 : 51 - 钱 作为 工具 的确 可以 促进 社会 经济 的 发展 但 问题 在于 现实 中 他 已经 被 人们 当作 目的 本身 在 看待 二 一场 辩论 讨论 钱 是否是 万恶之源 正方 认为 钱能 产生 无数 的 恶行 而 反方 则 认为 钱 无法 涵盖 所有 的 恶 历史 和 现实 的 例子 被 双方 用来 支持 自己 的 观点 08 : 21 - 钱 无法 涵盖 所有 恶行 不能 作为 万恶之源 11 : 01 - 历史 上 的 罗马帝国 和 西方 文明 的 发展史 表明 了 金钱 的 腐朽 魔力 13 : 54 - 钱 无法 全面性 涵盖 世间 所有 恶行 不能 作为 万恶之源 三 国际 大专 辩论会 大 决赛 中 正方 和 反方 就 钱 是不是 万恶之源 展开 的 辩论 双方 辩手 通过 历史 现实 等 多个 方面 进行 阐述 和 反驳 16 : 40 - 对方 同学 能 相信 吗 如果 吴三桂 真的 是 为了 陈圆圆 之后 他 清兵 入关 之后 已经 做 了 云南 王 心里 还 不 放松 还要 做 皇帝 呢 还是 为了 钱 呢 17 : 10 - 因为 对 金钱 的 崇拜 导致 人们 对 权力 的 追逐 而 一旦 获得 权利 又 以 权力 为 工具 来 攫取 金钱 从而 形成 了 对方 同学 深恶痛绝 的 权钱交易 18 : 05 - 面对 金钱 造成 的 骇人听闻 的 一切 如果 对方 同学 还 能 告诉 大家 钱 不是 万恶之源 的话 我 只能 用 巴尔扎克 的 一句 话 来 与 对方 同学 共勉 金钱 无孔不入 地 渗透到 我们 的 社会 当中 他 控制 的 法律 控制 政治 控制 经济 控制 的 道德 四 国际 大专 辩论会 中 反方 就 钱 是 万恶之源 的 命题 进行 了 反驳 并 提出 了 自己 的 观点 双方 辩手 进行 了 激烈 的 辩论 25 : 01 - 新加坡 经济 发展 是否 证明 钱 不是 万恶之源 25 : 54 - 钱 可以 导致 不道德 的 行为 是否是 万恶之源 28 : 32 - 讨论 了 钱 与 恶行 的 关系 提出 了 对 钱 的 确切 定位 的 问题 五 2001 年 国际 大专 辩论会 的 大 决赛 双方 辩手 就 钱 是 万恶之源 展开 了 激烈 的 辩论 通过 对 语言 和 文字 的 玩味 最终 由 评判 团 选出 最佳 辩论 员 33 : 55 - 辩论 需要 对 基本概念 有 规范 和 标准 35 : 03 - 金钱 是 外部 诱惑 的 抽象化 身 -- 本 内容 由 AI 视频 小 助理 生成 关注 解锁 AI 助理 由 召唤 发送
257647193792,完全 脱稿 看看 以前 真是 巅峰
257138438672,天 太精彩 了 这种 水平 真的 经典 永 流传 了
256391782993,我 站 反方
256392086625,没错 钱 涵盖 不了 所有 恶
256392230033,恶 在 前 钱 在 后 太 有 道理 了
256392392865,没有 牙齿 的 老太太 嚼 牛筋 白费口舌 我要 笑死 了 怎么 哪 都 有 这个
256392913697,我滴 乖 正方 总结 那个 声音 好像 撒 贝宁
255910314705,怎么 后面 都 在 说 强奸 啊
255682688528,讲得 很 好 这个 辩题 在 定义 上 正方 吃亏 了 反正 占据 有利 位置 但是 这 恰恰 是 令人 敬佩 的 地方 即 正方 利用 妙语连珠 的 华丽 语言 渲染 了 情感 激发 了 共鸣 从而 将 一手 差牌 打得 精彩 在 这 之中 是 深厚 的 文化底蕴 与 完善 的 准备 佩服
254742830321,感觉 评委 应该 要 有 女性 任何 决策 场 性别 不 应该 太 失衡 当然 辩论 还是 很 精彩 的
254666819681,太超前 了 马来亚 提早 十几年 拿出 了 逻辑 流 短打 战术
255170138288,精彩 精彩
255159802384,钱 是 什么 ? 钱 是 一般 等价物 钱 是 价值尺度 钱 是 贮藏 手段 钱 的 概念 本身 是 附属 于 后面 的 这些 概念 而 存在 的 而 后面 这个 概念 他 所 依附 的 是 什么 有些 人 可能 说 是 私有制 了 但 其实 私有 并 不是 一切 的 根源 鸟 在 树枝 上 搭 起 了 鸟窝 这个 鸟窝 是不是 这 只 鸟 所 私有 的 但 这 是 私有制 吗 并 不是 私有 并 不 等同于 私有制 所谓 的 私有制 它 本身 是 一种 社会制度 它 是 建立 在 社会 的 基础 之上 是 一种 社会群体 对于 财产 所有制 的 一种 社会 公共 认知 是 先 有 了 社会 的 认知 才 有 了 私有制 才 有 了 资本主义 式 的 罪恶 而 所有 的 罪恶 并 不 限于 资本 的 罪恶 还有 奴隶制 的 罪恶 存在 着 人 对 其他人 的 奴役 所有 的 罪恶 都 有 一个 源头 就是 社会 的 产生 所有 的 善 所有 的 恶 所有 的 道德 评判 标准 都 是 诞生 于 社会 的 形成 社会 才 是 万恶之源 但 同时 社会 也 是 万善 之源 社会 让 人 真正 成为 了 人 而 不是 一种 猿猴 所有 的 道德 本质 上 都 是 一种 群体 的 道德 而 非 个人 道德 对 个人 来说 肯定 是 趋利避害 才 是 最 真正 的 道德 对 自己 好 的 那 才 是 道德 的 为此 不惜牺牲 他人 的 利益 甚至 对 其他人 痛下 杀手 但是 社会 当中 我们 往往 提倡 要 克制 欲望 要 提倡 舍己为人 要 牺牲 自己 个人 的 利益 来 满足 其他人 的 利益 也 就是 整个 社会群体 的 利益 这种 情况 下 就 产生 了 所谓 的 善 所谓 的 恶 它 本身 是 为了 维系 整个 社会群体 的 形成 一种 全体 社会 的 最大公约数 因此 只有 形成 了 社会 才 产生 了 道德 才 产生 了 对 善 与 恶 的 评判
254336797104,钱 只是 一张 纸 或者 一串 代码 是 衡量 一件 客观存在 或者 抽象 事物 的 标准 钱 没有 被 发明 出来 的话 依然 会 存在 基本 的 恶 放在 大自然 里 就是 弱肉强食 放在 人类 里 那 就 更 多 了 万恶之源 其实 不是 一个 后天 造出来 的 产物 如果 要 在 人类 这个 圈子 里面 说 万恶之源 那 应该 是 人类 的 高智商 峨眉山 的 猴子 会 为了 钱 去 骚扰 人类 吗 麻雀 会 因为 钱 去 在 你 车上 拉史 吗 各个 智慧 有 各个 智慧 的 恶
261864368288,是 这个 道理
253491236081,什么 吃亏 不 吃亏 马来西亚人 华人 学 中文 的 环境 相比 不是 吃亏 吗
253493190065,那些 说 口音 还有 说 舌头 捋 直 了 说话 的 全都 是 歧视 这 恰恰 证明 了 金钱 确实 不是 万恶之源
253809459232,辩题 正方 大 吃亏
252947073729,正方 太难 了 但是 反方 真的 好 有 逻辑 和 辩论 技巧 虽然 黄暴 例子 我 不 太 喜欢
253566821376,这个 视频 是 万恶之源
253515510688,不是 阿伟罗 的 粉丝 没 人 看得起 阿伟罗 不是 阿伟罗 的 粉丝 没人会 贬低 梅西
253338608096,弹幕 一群 攻击 反方 举 性欲 的 例子 就 知道 有 多少 小屁孩 了 性欲 引发 的 犯罪 就是 最 明显 的 跟 钱 无关 的 恶行 哥们 辩论赛 你 闹 呢 辩论赛 就是 为了 让 人们 去 引发 对 命题 的 深思 这 不 给 说 那 不 给 说 那 辩论赛 也 就 个 空架子
252722378177,绷 不住 了 弹幕 一群 懂哥 让 他们 上去 了 连个 屁 都 放 不 出来
252716764401,1.24
253129091088,欢迎 继续 移步 至 辩论 人性 是否 本善
252338756433,再 看一遍 还是 感慨 袁丁 学长 太 厉害 了
252247887121,今天 开场 的 时候 放 了 01 年 开场
252197696865,看似 是 一个 轮回 实际上 能 不能 再 诞生 出 01 年 的 名居 呢 令人 期待
252778912736,sea monkies know nothing but humping belike
252776993104,2001 belike
252062979985,不是 吧 刚 发现 这个 视频 发布 的 时间 15 年 1 月
252062881601,报 25 新国辩 总决赛 马来 vs 武大
252645803904,现在 是 2025 年 的 1 月 17 号 不 知道 还有 没有 人来 去 看 这场 很 精彩 的 辩论 我 今天 想 说 的 是 马来亚 大学 和 武汉大学 在 新国辩 的 半决赛 都 赢 了 他们 将 在 19 号 的 决赛 见面 辩题 是 人生 应有 轨道 / 旷野 时隔 14 年 辩论 依旧 精彩
252061875425,啊 好好 好 19 号 我 将 准时 捧场
252066719665,今夕 是 何年
252095080401,包有 的
252141562081,包看 的
252174014993,好好 好
252228174865,除了 线下 网上 能 看 吗 真的 好 想 看
252250000049,包 的 呀
252292479377,真的 吗
252292652273,今天 20 号 了 有 资料 了 吗
252386838113,回复 : 可以 搜 bilibili 新国辩 这个 账号 里面 上传 了 武大 和 马大 的 决赛 视频 以及 2025 年 新国辩 的 所有 比赛 视频
252513405361,回复 : 感谢
253520979840,看 了 这个 视频 后 搜 了 下 今年 的 新国辩 稍微 看 了 下 更 理解 这个 视频 为什么 播放 量 多 了 或许 我 应该 先看 今年 的 比赛
253810824160,坏 了 并 不 精彩
254666844913,决赛 双方 都 有失 水准 是 场 难看 的 比赛 两场 半决赛 都 比 决赛 好
258948414433,这是 2001 年 的 时隔 24 年 武大 跟 马来亚 又 相逢 了
278471590544,太巧 了 大 一生 九月份 参加 院 辩论 队 一面 辩题 就是 人生 应有 轨道 / 应是 旷野
286228466577,跨年 快乐 家 人们
286635292385,一年 过去 了
286710104193,正好 365 天
287321257761,谢谢 指路 ! 去 看 了
288090668129,现在 是 2026 年 1 月 31 日
288307236177,2026 年 了
288307270977,回复 :
290558195312,从 鬼畜 来 的
252484057024,看 完 更 想 进 辩论 队 了 真的 很 有 挑战 性能 跟 牛人 思想 交锋 太爽了
252454983536,钱 是 人类 创造 的 是 人类 欲望 的 载体 或者说 它 使 人类 的 欲望 具象化 了 所以 真正 的 问题 是 人性 人们 觉得 钱 是 万恶之源 其实 就是 钱 被 人们 用来 当做 挡箭牌 的 一个 表现
251877153825,但 我 觉得 反方 怎么 老拿性 侵做 例子 我 还是 站 在 正方 观点 什么 犯罪 归底 溯源 都 是因为 钱 嘛
251878769553,比如说 一个 人家 暴他 可能 是因为 工作 上 的 不如意 工作 是 为了 什么 为了 钱 嘛 所以 说 钱 少 了 导致 这个 人 犯罪 所以 钱 是 源头 这样 解释 可以 吗
253043580992,回复 : 因为 性犯罪 是 较 少 的 与 钱 没有 直接 关系 而且 被 公认 为 是 恶 的 事情 了 而且 反方 提出 来 性犯罪 这个 例子 效果 很 明显 正方 每次 对 性犯罪 闭口 不提 转而 用万字 的 含义 应答 就 落 了 下风 了
253043997824,回复 : 并且 反方 的 一辩 思路 太 清晰 了 一 开始 就 提出 钱 不是 恶之源 人类 的 本性 才 是 这 就 使 局面 开朗 了 对于 你 说 的 这个 例子 如果 我 是 反方 我 就 会 说 工作 不顺心 的 有人 很多 却 有人 家暴 有人 不 家暴 是不是 说明 这是 个人 的 念头 导致 了 恶 的 发生 呢
253044716016,另外 对于 性 方面 我们 中国 的 传统 文化 使 我们 潜意识 里 觉得 性是 一个 不能 在 公共场合 谈论 的 事会 觉得 在 这种 辩论 比赛 上 不停 地用性 做 例子 有点 反感 但 你 抛开 这种 感性 用 理性 思维 去 思考 就 会 觉得 反方 用性 来 辩论 是 很 明智 的
253027239025,精神病 杀人 是因为 钱 吗
258849793968,因为 性犯罪 强健 与 钱 直接 关系不大 所以 这 就是 个 有利 论据 只要 你 驳斥 不了 性犯罪 这种 恶 与 钱 无关 的 论点 钱 是 万恶之源 这种 观点 自然 站不住脚 而且 其他 的 很多 事情 在 人类 社会 建立 以来 包括 权力 都 与 钱 有 直接 或 间接 的 关系 所以 辩论 起来 会 有些 麻烦 谁 前 谁 后 所以 以 性犯罪 为 论据 确实 是 巧妙 的 因为 对面 基本上 无从 反驳 反驳 就是 掉 坑 了
259638242177,谢谢 明白 了 因为 性犯罪 不 实施 不会 死 不会 有 不好 的 后果 完完全全 出自于 犯罪者 自我 的 选择
251782455105,反方 三辩 一个 恶 在 前 钱 在 后 杀死 比赛 了 正方 再 怎么 慷慨激昂 陈词 都 失去 了 意义
251503245521,钱 只是 工具 钱 不是 万恶之源 人才 是 所以 西方 国家 人性本恶 论是 对 的 就要 约束 掌权者 权利
252045547056,再次 重看 真是 结辩 定乾坤 反方 四辩 不仅 对 正方 有 反馈 对 自身 有 总结 升华 渐彪 确实 牛 反观 正方 四辩 实在 苍白无力 空虚 的 情感 词藻 输出 而 没有 新 的 回应 和 产出 中间 的 交锋 余磊 真是 牛 逼 演绎 了 何为 舌战群儒 即使 题目 有 劣势 仍然 完全 不 落下风 我 觉得 正方 立论 钱 的 诱惑 钱 的 购买力 钱 的 异化 展开 的 不够 多 对 反方 的 攻击 也 较 少 而 反方 拿 住 了 命题 的 优势 展开 详尽 有攻 也 有 守 赢得 无愧 赢得 漂亮 尤其 是 渐彪 的 四辩 一锤定音 再次 回看 仍 折服 余磊 的 雄辩 也 对 结果 有 了 一定 新 的 体悟
251401977889,我们 老师上课 放 的
248825036049,HEBUSHIROUNI
249067777952,总结 一下
249062066112,总结 一下
248908572560,一定 要关 弹幕 看
248507141441,还 真是
248245868864,互换 辩题 武汉 可以 大胜
247518983201,总结 一下
247537962848,人之为 恶 并非 本性 使然
247528449216,常看 常新
247187914224,种族 大屠杀 还 真是 为了 跟 资源 差不多 的 钱 不 把 印第安人 k 光 白人 还 咋 在 新大陆 生存 呢 日本 人要 地 要 矿产 要 奴役 也 是 差不多
247026992400,反方 三辩 四辩 我 认为 最佳
246857339120,正方 四辩 结辩 那个 钱 是 引导 恶 的 源头 故钱 是 万恶之源 但 钱 非恶 本身 所以 有 良知 的 运用 钱 也 得 善 果真 是 神来 一笔 太精彩 了 反方 结辩 的 逻辑 阐述 也 值得 回味 真是 很 好 的 一场 攻防战 学到了 很多 东西
245956668177,钱 不是 万恶之源 欲望 才 是 钱 只是 用来 交易 的 而 交易 就 来源于 欲望
245668076993,总结 一下
245210907056,狗 彘 食人食 而 不知 检涂 有 饿 莩 而 不知 发人 死 则 曰 非 我 也 岁 也 是 何异于 刺人 而 杀 之 曰 非 我 也 兵 也 王 无罪 岁斯 天下 之民至 焉
244516697200,大家 都 好 鲜活 有 风度
244515804512,钱 很 难 是 万恶之源 正方 确实 难辩
244516081424,只能 说 是 恶 发生 蔓延 很强 的 一个 诱因
244426625520,老师 让 我们 看 的
243574573153,我 认为 正方 二辩 和 反方 三辩 的 发言 都 很 不错 哈哈
243435588737,再 来看 一遍
243175818113,前来 瞻仰
243154363825,这女 的 说话 的 语调 真是 难受 至极
244246890113,重温 经典 感觉 长 脑子 力
243191202240,全程 高能 太精彩 了
242928627569,看爽 了
242307228801,我 的 天 真的 超级 棒 啊
242263108368,复习 个人 认为 正方 主要 还是 在 最 开始 的 时候 就 有 失误 了 一辩 的 立论 几乎 到 后面 完全 被 推翻 几乎 无人 在意 全都 是 后续 补救 出来 的 个人 认为 对于 该 主题 双方 都 有 合理 之 处 所以 题目 本身 其实 是 高明 的 正方 : 钱 是 万恶之源 因为 钱 是 一般 等价物 社会 在 一般 等价物 出现 之后 变得复杂 了 太 多 种类 繁多 的 恶行 在 钱 出现 之后 才 出现 因此 一般 等价物 成 了 种类 繁多 的 罪恶 的 源头 这话 本身 个人 是因为 说得通 的 但是 正方 根本 一 开始 可能 没有 准备 维护 种类 繁多 这个 点 其实 等同于 在 一 开始 的 准备 辩题 阶段 就 有 了 重大 失误 准备 少 了 或者 策略 错 了 总归 有 其中 一部分 最终 导致 了 几乎 浪费 了 一 整个 一辩 因为 正方 本来 想 围绕 一辩 的 有限 无限 欲望 等 关键词 作战 结果 一拳 几乎 打 在 空气 上 反方 : 钱 不是 万恶之源 原因 有二一 万恶之源 的 万 就算 不是 一切 正方 能够 说明 种类 多到 足够 被 称为 万 吗 ( 请 注意 钱 引发 的 罪 和 非 钱 引发 的 罪 都 很多 所以 这 一点 双方 都 可以 努力 ) 二钱 或者说 一般 等价物 是 一个 客观存在 的 东西 说 钱 是 万恶之源 真正 是 万恶之源 的 真正 是 恶 的 难道 不是 人 吗 作为 客观存在 的 钱 究竟 错 在 哪里 才 会 被 称为 万恶之源 呢 可以 看到 两边 都 有 破题 立论 的 空间 正方 需要 坚持 万 不是 一切 钱 引发 了 很多 罪恶 一般 等价物 出现 之后 罪恶 种类 大幅 增多 这些 观点 来 作战 反方 则 需要 坚称 万是 一切 钱 引发 的 罪恶 数量 不足以 称为 万 真正 罪恶 的 不是 钱 是 人来 作战 双方 眼里 的 辩题 实际上 是 不 一样 的 这 也 是 辩论 的 一部分 最终 评判 一 小时 估计 也 在 激烈 争论 正方 显然 赢 在 语文 压倒性 的 词汇 和 准备 更加 娴熟 的 经验 相比 反方 观点 阐述 都 有些 磕 绊 的 表现 显然 是 很 有 竞争力 的 但是 根据 结尾 的 综述 辩论 不 只是 语文 辩论 同时 还是 一个 考量 逻辑 和 应对 的 地方 而 在 对 辩题 的 挖掘 上 正方 显然 是 落入 了 下风 的 可能 也 是 辩题 使然 最终 还是 暴露出 了 正方 语文 深厚 但是 在 复杂 的 ( 表面 不利 ) 辩题 上 最终 没 能 想到 合适 的 立论 点 或者说 想 的 太浅 层次 有 缺憾 最终 导致 在 万 的 概念 上 都 落入 了 下风 更 不要 提 更 深层次 的 罪行 数量 问题 了 辩题 本身 挖掘 的 不够 导致 开篇 失败 这个 失误 最终 还是 没能 用 语言 和 临场发挥 挽回 不过 双方 都 是 高 水准 的 队伍 所以 给 谁 都 能 凸显 辩论 本身 的 精彩 之 处
241757999473,真的 牛 逼 马上 要 打 新生 杯 的 新手 来 这里 学习 一下
243632046704,好巧 哥们 我 后天 也 是 新生 杯 也 是 这个 话题
241592078929,讲道理 这个 辩题 出 的 真的 不 公平
241591147425,我 始终认为 人性 恶人 是 自私 冷酷无情 的 人 的 良知 是 教育 而来 人 的 悲悯 心是 由 物质 烘托 起来 的 钱 虽 不是 万能 的 但 他 能 解决 大部分 人 生活 98% 的 问题 有 物质基础 才能 有 精神 世界 人们 的 穷困潦倒 使 他们 追求 更 丰富 的 物质基础 在 得不到 的 情况 下 走上 犯罪 偷盗 一去不复返 没有 回头路 而且 大部分 教育 不 平衡 受 教育 程度 不 一样 我 认为 是 钱 激起 了 人 的 欲望 欲望 推动 走向 万恶之源 总 感觉 正方 和 反方 观点 太 绝对 所以 我 没有 看 完 视频
241379285792,唯一 真神 经典 高中 第一次 看 的 好 厉害
241344741984,太精彩 了 正方 三辩 特别 会 引用 古典 名句 看起来 特别 过瘾 八位 辩手 都 特别 厉害
241276688736,中间 自由 辩论 一边 让 我 直喊 大佬 一边 把 我 笑 得 肚子疼
241059457216,真牛 逼 看 一次 感慨 一次
240744398753,现在 还有 没有 看 的
240718497809,钱 不是 万恶之源
240134442896,真的 常看 常新
238138015824,很 精彩 的 辩论
238059449472,2024 年 又 来 了
237740167584,我 逻辑 不好 哪位 佬 能 解释一下 刚 开始 反方 一辩 说 的 法律 制约 我们 行为 的 准则 所以 钱 不是 万恶之源 是 什么 逻辑
237740566192,07 : 51
238798989264,应该 是 说 如果 钱 是 万恶之源 直接 不让 人 赚钱 不 就行了 但 法律 制约 的 是 人 行为 上 的 准则 而 不是 不让 你 赚钱
241027756593,不是 你 逻辑 不好 而是 1 . 他 逻辑 链条 不 清晰 2 . 这 逻辑 本来 就 很 牵强 可以 这样 反驳 法律 控制 人 的 行为 使 钱 这样 的 恶之源 不 转化 为 恶 的 结果 所以 法律 没 必要 禁止 赚钱 钱要 作为 一般 等价物 存在
237072917312,周玄毅
236660237744,这个 论 正方 太难 打 了 正方 打成 这样 已经 很 不错 了
236153390080,恶 的 出现 就是 因为 钱 无论怎样 都 能 追溯到 钱 钱 他 可以 代表人 最 基本 的 物质 生活 条件 等等 及其 延伸 的 各种 矛盾 钱 抽象 起来 就是 利益 有人 说 追求 权力 也 是 追求 利益 啊 你 想 追求 权力 小到 家庭 大至 国家 不 就是 制定 分配 利益 的 规则 吗 而 这 所谓 的 利益 具象 起来 就是 金钱 追求 金钱 不 一定 会生 恶 但 生恶 一定 是因为 金钱 最后 我 支持 正方
240731630688,强奸犯 可不是 为了 钱
241246293377,回复 : 也 有 一些 是 金钱 不够 无法 满足 物质 需求 才 想到 那 方面 的 需求 的 ( 我 不是 洗白 罪恶 任何 事情 都 不是 违法犯罪 伤害 他人 的 任何理由 和 借口 ) 好比 工作 太 多 娱乐 的 意愿 没法 满足 就 想 通过 吃 食物 来 满足 意愿 当然 再 重复 一遍 我 不是 洗白 罪恶 任何 事情 以及 不论 有 多 惨有 多难 的 经历 都 不是 违法犯罪 伤害 他人 伤害 社会 的 理由 与 借口
242210444848,借用 该楼 一位 网友 所说 强奸犯 不是 为了 钱 我 认为 钱 不是 万恶之源 不是 所有 恶 都 能 归结到 一个 钱 上 我 认为 不合理 的 欲望 才 是 真正 的 万恶之源 不择手段 地 贪财 只是 为了 满足 自己 的 不合理 的 欲望 这一 应该 算是 牵扯 到 另 一个 命题 了
243723651601,全错
243887098304,回复 : so
243725283473,回复 : 钱 是 源 吗 一个 毒贩 为了 钱 贩毒 有恶 的 是 毒贩 还是 钱 呢
243888656080,所以 有 什么 问题 嘛 毒贩 为了 钱 不 为 钱 他 就 不会 去 生恶 当然 人 是 一切 行为 的 执行者 啊 人家 一直 讨论 的 是 坏人坏事 是因为 什么
249810974608,回复 : 是因为 人 吧 他 本身 就是 坏人 你 也 可以 为了 钱 成为 毒贩 但 你 没 成为 你 就 不是 当 坏人 的 料
249844358688,回复 : 我 不是 说 了 嘛 追求 金钱 不 一定 生恶 而 生恶 一定 是因为 金钱
249845700720,回复 : 用 一定 就 错 了 你 自己 用心 想想 随便 就 能举 几个 反 社会 人格 作恶 的 例子 比方说 天生 的 坏种 激情 杀人 啥 的 与其说 金钱 引导 不如 直接 用 人性 区分 有 天生 的 好人 与 坏人 有 容易 受 外部 因素 引导 而 改变 立场 的 好人 与 坏人 等等 也 有 无论 怎么 引导 也 坏 到底 的 人 也 有 怎么 诱惑 都 能 坚守 内心 的 人 钱 可以 作为 一个 诱因 或者说 一个 比较 重要 的 诱因 但 不能 作为 诱源
235885892544,我 觉得 正方 没有 回答 反方 的 问题
235883528576,正方 想 表达 的 万恶之源 应该 是 人 内心 恐怖 的 欲望 他 把 这种 东西 归结为 钱 我 感觉 这 属于 偷换概念 了 吧 这 也 不是 钱 的 错 啊 比如 大 货车 想 找 人 发泄 发泄 压力 他 就是 想 多 挣点 钱 吗 他 内心 有 一种 恐怖 的 欲望 是 对 钱 的 吗
235883584064,我 的 意思 是 大 货车 想 撞 人 也 是因为 他 想要 钱 吗 他 难道 不是 满足 自己 那 内心 那种 欲望 吗 还有 有些 人 他 就是 喜欢 欺负 小 动物 天天 踢 小猫 小狗 也 是 为了 钱 吗 那 流浪 猫 流浪狗 又 能 给 他 带来 什么 钱
234534127232,都 说 反方 逻辑 强可 本来 逻辑 就 偏向 反方 正方 的 辩论 技巧 更 强输 在 了 最后 的 结辩 本来 正方 三辩 自由 辩论 时候 已经 给 正方 带来 巨大 优势
234480213344,反方 三辩 的 观点 拓展 真 厉害 阐明 了 恶 的 根源 是 贪婪 贪婪 的 本性 和 工具 性质 的 钱 截然不同 从 手段 上升 到 精神 扭转 了 局势
234461650512,太精彩 了 吧
234052347104,钱 不是 万恶之源 没钱 才 是
233235828224,钱 的 本质 是 人 在 互换 生存 资料 时 使用 的 靠 信用 支撑 的 一般 等价物 如果 不 辩论 只 解构 这个 题目 实际上 救 成为 了 人 试图 拥有 更 多 的 生存 资料 的 欲望 是不是 剥削 压迫 与 罪恶 之源 其实 问题 就 有 答案 了 财产 私有 当然 是 剥削 与 犯罪 的 源泉 但 这 又 并 不能 说明 人 天生 试图 占有 生存 资料 的 行为 是 罪恶 的 因为 财产 公有制 最大 的 意义 是 提高 生产 效率 让 所有人 能分 得 更 多 生存 资料
233084327520,周玄毅口 条太溜 气场 太强 哈哈
232908713696,4 : 48
232603847232,不是 说 辩论赛 不 能够 反问 吗
232536273392,这个 辩题 对 正方 而言 多少 不利 能 辩到 这个 程度 已经 可以 了 反方 前期 虽 不如 正方 然而 最后 反方 四辩 结辩 可谓 是 绝杀
232327175008,两方 辩 的 都 很 好 但是 忽略 了 一个 问题 就是 其实 钱 并 不是 万恶之源 金钱观 的 扭曲 和 钱 的 滥用 才 是 真正 的 毒蛇 争 定义 一直 在 争 万恶之源 上 方向 有点 问题
232026608352,多年 后 看到 余磊 说道 我 已经 从 一个 喜欢 和 别人 到处 辩论 的 青年 学生 变成 了 一个 不爱 热闹 寡言 微胖 的 中年男人 我们 只输过 一场 比赛 那 就是 国际 大专 辩论赛 的 决赛 当 结果 宣布 的 时候 和 你们 一样 年轻 的 我 一下子 尝到了 失败 的 痛苦 那种 感觉 无法 表达 它 不是 疼痛 不是 狂躁 而是 麻木 当年 真是 意气风发
231462341792,反方 明明 占据 天然 优势 却 总是 重复 举例 且 在 例子 中 感受 不到 他 的 尊重 甚至 让 我 觉得 很 低级 正方 这边 其实 仔细 一想 就 很 难 站住脚 但 还是 打 了 算 漂亮 的 仗 不论 对错 只能 说 正 方才 让 我 感受 到 了 辩论 的 魅力
231456331776,感觉 正方 一直 没 正面 回复 性暴力 反方 以此 据理力争 认为 可 如此 反驳 因为 原始社会 男人 力气 大于 女人 所以 地位 高于 女性 能 理所当然 地 强暴 女性 有 权利 地位 就 可 占领 高地 如今 权利 地位 化身为 钱 有钱 可 肆意妄为 富人 强暴 压榨 穷人 想 随心所欲 就 必须 有钱 即使 大部分 人 是 性善 也 会 有 少部 人 走向 恶 然后 钱 是 诱因 导致 一切 祸 的 根本 万恶之源
230918925408,不能 理解 人 内心 的 贪欲 永远 是 源头 无论 万 的 意思 如何 钱 还 称不上 源头 啊 武汉大学 的 口才 和 表达 和 气质 折服 了 内心 还是 希望 他 的 胜利 但 逻辑 的 胜利 理所应当 我 看 的 第一场 辩论赛 是 这么 顶尖 的 何其 有幸
230136388320,我 觉得 色情网站 就是 钱 导致 的 因为 拍 色情网站 的 合伙人 就是 为了 钱 才 这么 做 的
230137205616,而且 之所以 产生 性侵犯 大 概率 是因为 观看 了 色情网站 或者 色情 书籍 导致 而 这些 书籍 或者 网站 视频 归根结底 是因为 钱
231614127376,回复 : 建立 网站 的 是 为了 钱 但是 去 浏览 的 网友 难道 是 为了 钱 吗
232529877920,回复 : 呃 前面 那段 话 有点 绝对 世界 上 看 那种 书 和 视频 的 人 多 了 去 了 也 没见 有 多少 人干 这种 事 啊 归根到底 还是 跟 人 本身 有关
240731688400,回复 : 你 太 低估 变态 们 的 心理 了
240731852368,回复 : 正是 因为 够 变态 才 去 找 这些 网站 而 不是 因为 看 了 这些 网站 才 变成 变态
228510561136,一直 觉得 正方 占优势 尤其 自由 辩二辩 三辩 的 精彩 表现 就是 在 明知 且 被 明确 点 出 命题 本身 缺陷 时能 避重就轻 的 说服 他人 维护 自己 的 观点 到 自由 辩 正方 没有 时间 反方 三人 一人 一句 看起来 气势 更优 但 仔细分析 发现 只是 在 重复 之前 说 过 的 一句句 重点 这时 正方 有 一点 下风 关键点 在 双方 四辩 反方 选择 总结 对方 逻辑 漏洞 并 攻击 同时 再证 自家 观点 且 语言 幽默 正方 选择 两句话 表明 观点 很多 恶 就是 万恶 于是 举 很多 例 没有 防守 没有 进攻 没有 新意 且 词藻 华丽 也 不 幽默 正方 下风 尽显 至于 最佳 辩手 正方 二辩 三辩 都 很 厉害 二辩 厉害 在 语言 犀利 观点 明确 发人深省 瞬间 get 三辩 语言 犀利 幽默 风趣 歇后语 多且 思维 快会 抓 双方 逻辑 三辩 略胜一筹 听说 正二辩 做 了 南方 记者 真 好 坚持 初心 了 拥有 本心 活 的 应该 很 自 在
228473220384,正方 辩 的 啥 啊 是 辩 万恶之源 这 四个 字 的 字面 意思 吗
234533822480,本来 就 对 正方 不利 不然 咋办 只能 扣 意思 如果 意思 也 不能 扣 就 不用 比 了
228416703952,直到 今天 仍然 是 经典 的 辩论赛 新国辩 已经 没有 这个 气势 了
228343431600,感觉 正方 说 的 有 道理 啊 但是 正方 好像 偏向 于 语言 上 的 修辞 反方 更 强调 逻辑 这 可能 是 反方 赢 的 原因 吧 理科 本来 就 占优势 但是 正方 可以 引起 观众 共鸣
228171712448,钱 是否是 万恶之源 我 认为 反方 三辩答 的 好 钱 从根本上 只是 一个 媒介 而 真正 可怕 和 邪恶 的 是 人 的 内心 是 人 给予 了 钱 意义 和 价值 使 它 成为 交易 的 手段 之一 从而 伪装 了 真正 的 万恶之源 反方 三辩 从 题目 的 客观性 来 回答 回到 问题解答 问题 是 一个 很 容易 忽视 的 点
228139402032,商业化 思维 而 有 的 钱 这样 动植物 人 就 可以 按照 这个 变成 钱 筹码 商品
227714689696,我 个人 认为 从 一 开始 反方 观点 我 就 赞同 因为 不能 以偏概全 正方 处于 劣势 的 但是 正方 儿编 提出 动物性 真的 秒 了 我 自己 认为 如果 从 动物性 开始 说 也 可以 类比 从 文明 的 内涵 开始 说 就是 文明 包啥 来 着 我 忘 了 文明 都 建立 在 这些 物质基础 上 从而 人 的 概念 国家 概念 才 慢慢 形成 文化 程度 不高 如果 史料 错误 当 我 没 说 那么 动物 互相 吃食 就 不算 是 恶 都 是 兽性 那么 当为 人时 人 靠 金钱 是 满足 的 那么 钱 是不是 万恶之源
228139331264,商业化 思维 而 有 的 钱 这样 动植物 人 就 可以 按照 这个 变成 钱 筹码 商品
227713531904,万恶之源 不是 恶 这 很 合理 啊 现在 赚钱 不 就是 为了 以后 走向 共产 人人 不用 赚钱 都 各司其职 然后 全都 好好 活着 吗
228139419232,商业化 思维 而 有 的 钱 这样 动植物 人 就 可以 按照 这个 变成 钱 筹码 商品
227398233216,视频 封面 是 谁 哇
227304874912,抓住 万字 界定 真的 抓 的 太好了 反方 很多 地方 都 在 回避 这个 确实 很难说
227305448032,反方 四辩 也 很 厉害 抓住 界定 问题 真的 精彩
227305403392,源 界定 也 很 好
225651081520,人 的 本性 天性 是 万恶之源 钱 是 手段 不是 目的 钱 是 为了 目的 而 进行 的 手段 同样 对于 金钱 的 使用 都 不同 有些 人 是 为了 一家人 吃饱穿暖 有些 人想 帮助 困难 的 人 有些 人想 丰富 自己 看遍 世界 有些 人想 享受 生活 的 许多 美好 同样 的 有些 人 有钱 为了 花天酒地 纸醉金迷 满足 人性 那 本性 的 欲望 钱 是 把 双刃剑 什么样 的 人 拿 着 不 一样 的 剑 去 挥舞 所 产生 的 结果 效能 是 不 一样 的 所以 其实 本性 才 是 万恶之源 钱 是 众多 工具 中 之一 罢了
225648483824,钱 背后 的 东西 是 万恶之源
225379022336,思维能力 和 口才好 牛哇
225186074400,感觉 应该 吧 钱 作为 一种 工具 来 认定 就 像 人 工作 得到 钱 那 他 算 恶 的 嘛
225168169744,感觉 应该 先 辩论 钱 是否是 万恶之源 是 个 好 论题 吗
225165598704,做生意 的 人 过来 学习 思考
224953479680,明明 正方 更好 吧 反方 四个 人 讲话 都 有 磕巴 逻辑 听得 我 脑子 一团乱 正方 神态 需要 语气 都 完美
226441508672,陕西人 说 别人 口音 不好
224891007456,这么 多年 过去 了 没 再见 过有 哪场 辩论赛 能 望其项背 双方 的 文化底蕴 理论依据 顶 中顶 又 能 巧妙 的 玩弄 概念 真 可谓 把 辩论赛 玩透 了
224854503024,好看 好看 呀
224850022448,我 觉得 是 占 一个 中间 值 的 钱 应该 是 所有 交易 工具 的 总称 吧 就是 方便 用于 长期 交易 流通 的 工具 不能 说 是 万恶之源 也 可以 说 是 万恶之首 了 吧 世界 上 绝大多数 的 恶 都 是因为 没有 钱 和 有 太 多 钱 滋生 出来 的
224842137680,我 存在 两个 个 疑问 首先 是 反方 一直 在 申论 拿 钱 去 做 慈善 有了钱 才 经济 发展 这 怎么 会 是 万恶之源 恶源 如何 结善果 呢 但 我 认为 恶 的 源 是 钱 并 不 代表 钱 的 果 是 恶恶 必然 源自 钱 钱 未必 导致 恶 这 是 充分 不必要 的 关系 恶源 可以 结善果 就 像 善源 可以 结 恶果 就 拿 反方 的 例子 慈善 之源 是 钱 那 钱 是 善源 可 钱 又 招致 烧杀抢掠 又 结 恶果 循环往复 根本 无从 论证 钱 不是 万恶之源 的 观点 其次 反方 又 说 如果 正方 说 一会儿 说 钱 是 万恶之源 一会儿 又 是 万善 之源 那 有时候 就 不是 万恶之源 是不是 代表 一半 论证 正方 观点 一半 论证 反方 呢 我 的 看法 是 本题 设仅 是 钱 是否是 万恶之源 无 关于 万善 之源 这 是 可以 并存 的 并 不是 互斥 关系 就 像 先前 所说 钱 可结 恶果 可 结善果 并不矛盾 而 反方 的 观点 钱 不是 万恶之源 并 不 等同于 钱 是 万善 之源 反方 应该 论证 的 是 恶 的 源 不是 钱 而 不是 说 因为 善 的 源 有钱 就 把 恶 挤走 了 因此 上面 的 说法 无从 论证 以上 两点 是 我 的 看法 我 期待 很 久 正方 抓 着 这个 点 但 并 没有 发生 希望 有 朋友 可以 赐教
226441903056,也就是说 你 的 第一个 疑问 的 观点 是 万恶之源 是 钱 但 钱 不 一定 是 恶 这 不 就 同意 了 反方 三辩 吗 你 的 第二个 疑问 的 观点 万恶之源 是 钱 万善 之源 也 是 钱 这 不 就 同意 了 反方 的 观点 吗 钱 可以 造成 恶 也 可以 造成 善 那么 为什么 万恶 资源 就 一定 是 钱
224647304000,牛哇
224617188928,卧槽 以前 的 辩论会 不比 现在 的 辩论会 好看 且 精彩 现在 都 看 稿子 了 我 靠 好无语
224571558848,11.25
224557817376,瑟瑟 发抖 现在 看 辩论赛 为了 不了 老年痴呆
224427532896,正方 的 所有 发言 都 经不起 推敲 因为 正方 的 观点 就是 假 命题 啊 正方 始终 把 恶 限定 在 钱 上 甚至 一个 人 在 犯罪 的 时候 兜里 装 了 两块钱 正方 都 能 归罪 与 钱
224421448656,钱 是 万恶之源 不是 恶之源 原始人 我 觉得 是 没有 善恶 的 因为 那 时候 没有 善恶 的 概念 就 像 你 不能 用 现在 的 法律 去 管 古代人
224401869952,正方 在 命题 的 逻辑 上 占 了 劣势 反方 在 伦理 上 占 了 劣势 在 知识 储备 姿态 方法 能力 方面 正方 牛
224364793040,恶 来自 于 过度 的 欲望
224254380576,反方 总结 陈词 真的 太 绝了 学习 这种 话术 先 做 框架 总结 就 会 给 人 你 hold 住 全场 的 感觉 然后 逐条 抨击 理工 思维 的 可视化
224194626368,钱 是 恶 的 一种 但 不是 源 没有 谁 敢 说 谁 是 万恶之源
223906925104,我 感觉 他们 这场 辩论赛 的 关键点 就是 他 说 万恶之源 包括 所有 的 恶 他 说 万恶之源 是 包括 大部分 的 恶
223751796272,来长 脑子 了
223650323776,首先 明白 一下 什么 是 恶 ? 万事万物 都 是 相对 的 对于 一个 人 的 恶 对 另 一个 人 就是 善 很 难 界定 的
223322140768,回老家 了 吗
223230824944,一个 辩论赛 为什么 比 春晚 小品 还 搞笑 啊 哈哈哈
223188596144,2024.5 . 26 打卡
221971239776,两个 四辩 都 上 了 奇葩 说
221911143472,总结
221823824832,感觉 还是 人类 的 意识 还 没有 足够 进步 导致 的
221809173536,是 人 的 行为 决定 了 钱 的 善恶
221018756384,印象 最 深刻 的 最佳 辩手 余磊
220866960800,反方 三辩 有 什么 大病 句句 不离 qjxqf 女人
251154162048,因为 正方 一直 没 回答
220490338000,666
220365150656,我 很 羡慕 那些 把 人 当猴 耍 的 人
220322370656,感觉 正方 一辩 没 说 什么 话 啊
220260838192,upup 可不可以 把 视频 发给 我 一下 呀 我 想 给 我 学生 看看
223231019952,你 直接 下载 他 的 视频 就 好 了 呀 不会 的话 私聊 我 我 教 你
219852382848,2024 的 有 吗
219228678992,感觉 是 在 钱 的 舞台 上 宣传 着 钱 是 万恶之源
219113388896,看 完 学校 的 辩论赛 突然 想 自己 辩论 了 然后 成功 被 对面 坑 了
219042262848,实际上 是 一本 引人入胜 的 逻辑学 教材 生动 且 简明
218619216512,马龙 世界杯 夺冠 时代 回来 考古 我们 赢 了 中国 赢 了
218298383968,万恶之源 是 人 从来 都 不是 什么 钱
218196955328,今天 老师 给 我们 放 了
218137297440,好 厉害 逻辑 好 清晰 今天 我们 班辩 这个 话 都 说不出
217877104352,正方 输 哪儿 了
222877982832,正方 本来 就 不好 赢 这个 论题 反方 优势 太大 在 实力 平均 的 情况 下 当然 是 反方 赢 啊
217852368608,钱 的 背后 是 人 的 欲望
217273935744,好帅 胡渐 彪
217058659184,500
216888327424,这 几个 人 都 是 人物 百度 都 能 百到
216862296176,初中 看到 大学 了 太 厉害 了
216806896192,反方 说 在 钱 没 产生 的 时候 如何 论证 钱 不是 万恶之源 原始社会 是 以 采集 和 狩猎 为主 其实 采集 和 狩猎 的 食物 就是 他们 的 财产 部落 之间 的 冲突 和 战争 不 就是 为了 争夺 这些 钱 而 发生 的 吗 这样 怎么 能 说 钱 不是 万恶之源 呢 再者 反方 提出 色情 古代 的 思想 的 封建 那 时期 女子 其实 是 男子 的 一种 财产 地位 低下 如今 的 强奸 有钱 的 人 可以 用钱 来 摆平 也 正是 因为 有钱 他们 觉得 女性 只是 一种 发泄 的 工具 从而 有 了 恶 没 钱 的 人 也 是因为 没 钱 心理 扭曲 从而 把 强奸 作为 发泄 的 工具 这 如何 不能 说 钱 是 万恶之源 了 呢
219590717792,1 . 人 不吃 东西 就 会 死 原始人 冒 着 生命危险 去 打猎 或者 通过 部落 战争 获取 食物 这 类 财产 获取 到 足够 的 食物 后 自己 吃饱 的 同时 开始 繁衍 后代 这 是 人 作为 群居 的 出厂 设置 为了 食物 而 发动战争 是 人 对 死亡 和 不能 繁衍 的 恐惧 而 产生 的 不 在于 食物 本身
219591610192,2 . 你 提到 有钱人 因为 有钱 而 作恶 没钱 人 因为 没钱 而 作恶 那 是不是 说 不管 有钱 没钱 人 都 会 作恶 只不过 因为 有钱 没 钱 这种 恶 的 表现形式 不 一样 所以 钱 不是 万恶之源 人才 是
216796010432,正方 二辩 好 幽默
216742100896,看 了 辩论赛 瞬间 觉得 自己 就是 个 墙头草
216296111872,钱 不是 万恶之源 人性 才 是 万恶之源
216272390768,两队 差距 太 大
234534233600,笑死 我 了 如果 互换 立场 武大 能 把 对面 干爆
216146079344,反三 那句 最 伟大 真的 只是 口误 的 吗
216038514560,私心 是 万恶之源
215991589504,都 是 狼 人 杀 的 好 坯子
216038527856,这破 游戏 还 需要 辩论 吗
216122306944,回复 : 当然 需要 虽然 不 多 我 也 没 说 辩论 主要 是 口才
215824374576,金钱 是 人类 欲望 的 具现 欲望 才 是 万恶之源
215678659232,经济基础 决定 上层建筑 钱 不是 万恶之源
215433484368,精彩
215407002112,所以 说 正常人 对于 恐怖分子 的 恶行 能够 理解 为 为 钱 而 做 恶 吗 那么 请问 911 是 为了 炸 双子塔 赚钱 吗 不是 吧 在 他们 的 眼中 那 是 信仰
215298437696,这场 经典 之战 主要 在 争夺 题目 解释权 考验 文学 功底 如今 的 辩论 更 侧重于 价值 冲突 我 更 喜欢 一点
215083737744,谢谢 分享
214708849072,钱 是 万恶之源 是 个 论点 正方 居然 没有 从 马克思 理论 里 资本 使人 异化 的 角度 去 解读
216009550704,是 的 双方 只是 辩论 为 钱 站队 并 不想 知道 钱 的 本质 是 什么 钱 的 起源 发展 历史 及 在 当下 钱 的 本质 是 什么 钱 是 何种 社会关系 的 表面 形式
214397802416,万恶之源 总结 一下 就是 人性
214156089088,钱 到底 是不是 万恶之源 呢 我 一 开始 从 心底 里 更 认同 反方 的 观点 钱 只是 承载 人 心中 恶 的 媒介 真正 恶 的 是 人性 但是 到 后来 感觉 正方 说 得 也 很 有理 钱 使 这种 人性 的 恶 大大增加 了 在 产生 钱 以后 各种各样 的 恶 更 多 了 起来 假如 我们 在 完成 一件 事时 我们 会 经历 各种 必不可少 的 步骤 当 一项 工具 使 这个 单一 步骤 大大缩短 是否 这项 工具 也 是 驱动 我们 进行 恶行 的 因 的 一部分 呢 就 像是 美国 的 枪支 问题 常言道 工具 是 无罪 的 有罪 的 是 人 可当 我们 犯罪 成本 大大降低 在 行驶 我们 心中 的 恶 变得 更加 容易 时 工具 也 作为 了 因 的 一部分
214155669216,让 我们 来 了 了 辩题 本身 吧 其实 我 个人 一直 不太 喜欢 辩论会 因为 往往 观点 都 是 具有 多面性 辩论会 过于 强调 输赢 了 放大 了 各种 观点 之间 的 差异性 而 非 不同 观点 之间 的 可取 性
214155494480,确实 厉害 真的 厉害 我 坐在 电脑前 一边 暂停 一边 想着 怎么 回击 每 一次 回击 都 是 那么 流畅 在 极短 的 时间 内 就 能 把 观点 表达 清楚 但是 这 毕竟 是 辩论会 并 不是 讨论 问题 有时 我 更 感到 在 解决不了 的 问题 之中 大家 选择 了 避重就轻 更加 选择 强调 自己 的 观点 在 进行 现实 问题 时 更加 考虑 对方 观点 的 合理性
214151996128,感觉 中间 那 一块 正方 不如 直接 承认 女性 是 万恶之源 来得 干脆
218062135808,那 你 就 被 一直 按着 这个 点 了
218102588464,回复 : 没 懂
214058777248,直接 从 根上 瓦解 正方 论点 钱 货币 也 仅 是 因 其 可兑换 资源 才 具有 价值 但 要 注意 钱 不 等于 资源 如果 没有 资源 那么 钱 将 毫无意义 所以 资源 才 是 万恶之源 但 资源 本身 又 怎么 会 是 恶 呢 所以 人性 才 是 万恶之源 作恶 并 不是 为了 钱 而是 为了 获得 资源 而 资源 是 为了 更好 的 活着
214155635056,那 人们 为什么 要 资源 呢 归根结底 是 欲 贪欲 而 要 怪 就 怪 欲 可是 钱 又 放大 了 这种 欲 钱 大大 放大 了 人性 中 的 恶 是否 能 称为 万恶之源 呢
214185882576,回复 : 上面 说 了 要 资源 是 为了 更好 的 活着 而 欲 是 人性 啊 是 人类 这种 生物 的 生存 本能 不管 有没有 钱 这个 是 不变 的 并 不是 钱 放大 了 恶 是 钱 所 代表 的 资源 放大 了 恶
213863200144,正方 反方 都 太 优秀 了 第 n 遍刷 正方 太 优雅 太 脱口成章 了 但 我 更 信服 反方 的 逻辑 一点 反方 在 我 这里 最 触动 到 我 的 一 是 把 对方 所有 举例 的 恶 归结为 贪钱 一种 恶二是 更进一步 论证 贪钱 的 恶 在 贪 不 在 钱 三 是 用 道德 等等 反驳 对方 一辩 的 欲望 无限性 和 占有 有限性 那里 还有 很多很多
213522379792,正方 主要 是 钱 是 万恶之源 反方 侧重 钱 不是 恶 的 根本 且 从 万和源 着重 尤其 贪和钱 分开 他们 好 厉害
213036636272,其实 万恶之源 来自 于 地球 啊
212852458400,好 厉害
212837850592,反方 的 观点 贪钱 其实 是 求财 方式 不 对 主要 在于 贪 本来 我 觉得 这一 观点 无懈可击 没想到 结辩 时 正方 提到 了 贪 其实 也 可以 是 钱 衍生 出来 的 举个 可能 不太 恰当 的 例子 一个 从小 生活 在 贫穷 的 家庭 有 一天 当上 了 政府 官员 相较 于 一个 从小 家境 优渥 的 人 前者 更 可能 暴露 贪婪 本性 因为 贪 我 觉得 发生 的 大部分 情况 是因为 不够 所以 才 会 产生 贪念 对于 恶 的 理解 我 认为 只要 不 侵犯 别人 的 利益 就 不 属于 恶像 贪吃 贪睡 都 不 在 恶 的 范围 另外 对于 反方 的 观点 先有 恶 再 有钱 我 个人 觉得 首先 钱 肯定 不 可能 包含 所有 的 恶 否则 正方 就 没有 论证 的 必要 了 其次 在 钱 还 没 产生 的 社会 恶 无非 就是 领域 侵犯 吃 人 食物 缺乏 说到底 是 资源 不均 在 现代 社会 通过 钱 就 能 获得 资源 另外 我 觉得 放在 一个 钱 还 没 产生 还 没 钱 这个 说法 的 时候 说 它 是不是 万恶之源 这个 说法 有点 滑稽 研究 的 应该 是 在 先 有钱 的 条件 下 比较 钱 与 恶 之间 是否 产生 直接 联系 古代 所 提倡 的 大同 社会 其实 就是 一个 人人 都 能 获得 平等 的 资源 在 一个 不 需要 钱 的 社会 可以 想象 大多数 的 恶 都 会 消失 不见 以上 是 本人 的 拙见 欢迎 友善 讨论
212797490560,太牛 了
212766020208,刚刚 辩论 完 纯纯 被 吊打 对面 语速 快 还 有理有据 我 第一次 上场 口吃 结巴
212648933376,可惜 现在 不办 了
212539763360,太 厉害 了
212274745792,有钱 不是 万能 的 没 钱 万万不能
211574611440,在 探讨 金钱 是否是 罪恶 的 时候 正方 先入为主 的 认为 金钱 是 罪恶 的 将 金钱 人格化 无论 我们 如何 辨驳 金钱 是 物品 这一 本质 始终 是 不变 的 并 不 具有 人 的 感性 正方 以 现象 来 说明 问题 却 不 探究 罪恶 形成 的 多种 因素 和 主要矛盾 这是 一种 错论 没有 金钱 的 原始社会 中以物 易物 是 当时 最 主要 的 交换 方式 货币 尚未 出现 部落 在 争夺 人口 和 生存空间 的 杀戮 是否是 罪恶 的 从此 可见 金钱 是 罪恶 的 载体 而 非 罪恶 本身 这是 个人观点 是 不 全面 的 只能 说 是 尽可能 面面俱到
211447146576,现在 还有 这种 比赛 吗
212649021840,没 了 至少 没有 这种 规格 比赛
211139694000,为啥 那 时候 叫 国际 大专 啊 辩手 不是 还有 个 研究生 吗
211171890128,那个 时候 的 大专生 大学 专业 的 意思
211172036240,我 记得 国际 大专 辩论赛 来 的 都 是 名校 武大 港大 新加坡国立大学 好像 还有 悉尼大学
211173812288,回复 : 好 的 谢谢
211045090848,有 的 人 连 什么 是 辩论 都 搞不清楚 就 在 这 瞎 蹦 跶 这里 的 大专 不是 你 以为 的 大专 哈
210973688896,正方 太难 了
210946296160,马后炮 发言 正常 想不到 全靠 内容 和 弹幕 就 感觉 正方 的 策略 是 对 的 万 不 代表 一切 因为 总有 一些 其他 的 恶 不是 因为 钱 就 好比 虐待 动物 变态 杀人 以及 提到 的 在 路边 看见 小猫 小狗 上去 给 两脚 再 然后 就 看到 的 一个 钱 是 怎么 定义 的 钱 是 等价交换 物对 钱 的 追求 其实 是 对 各种 资源 的 追求 如果 谈 这个 那 就 只有 因为 资源 的 恶 和 单纯 的 恶 了 而 单纯 的 恶 又 可以 理解 兽性 自然法则 不是 恶 就 只 剩下 钱 产生 的 恶 了
213263887072,双方 是从 定义 上 掰 扯 万 的 正方 摆出 了 词典 反方 摆出 了 原版 出处 但 我 实在 没看 懂 你 的 意思 论万 你 提恶 干什么
213288417104,回复 : 个人感觉 基本 扣 字眼 万恶之源 之 没 办法 扣 那 剩下 的 怎么 是 万 什么 是 恶 怎么 才能 算源 都 可以 扣
210907757680,大专 辩论会 大专
211002722544,人家 的 大专 是 新加坡 语 的 大专 指 的 是 大学 意思 你 在 这里 捂 脸 笑 什么 呢
211124067136,脖子 上 顶个 皮球 就 不要 说话 了
211158490224,回复 : 受教 受教
211158498464,回复 : 收到 收到
212755516896,你 觉得 武大 是 大专 吗
212867826752,回复 : 受教 受教
212867835456,回复 : 不 觉得
212867932496,回复 : 好 吧
210820211136,就 论题 正方 本来 就 更 难
212649550448,多数 正方 都 很 难辩 因为 太 绝对
210218126592,怎么样 是 善 怎么 又 来 定义 恶 都 是 人为 的 定义
210194942832,好看
209936911792,看 这场 辩论 有 很多 槽 点 反方 把 万恶之源 推到 人 身上 就行了 因为 是 人造 了 前 人造 了 钱 却 没有 好好 利用 钱 没有 达到 自己 想要 的 目的 就 把 万恶之源 推到 钱 身上 那 如果 钱 真的 是 万恶之源 那造 了 钱 的 人 是不是 更 可恶 呢
209936685504,反方 的 言论 应该 说 万恶之源 不是 钱 是 人 因为 钱 是 人造 的 如果 单单 因为 人造 了 钱 并 没有 好好 的 运用 前 就 把 所有 罪责 推到 钱 身上 然后 说 钱 是 万恶之源 难道 不 觉得 很 勉强 很 好笑 吗
213264030208,你 在 表达 什么
209892794336,感觉 他们 都 好 有 文化
209773776400,一来 一回 互相 辩驳 太爽了
209710357664,弹幕 不要 关
209662713120,总结 以下 正方 金钱 发明 出来 放大 了 人性 的 贪欲 而强 j 暴力 这些 越来越 受到 了 法律 的 约束 这些 的 恶 正在 被 抑制 所以 比较 下来 金钱 更 像是 万恶之源 反方 金钱 仅仅只是 作为 行恶 的 目的 所以 金钱 不是 万恶之源 人 的 贪欲 才 是
209632912352,可能 我 是 个 俗人 看 正方 辩论 道 时候 一直 觉得 哇 好 厉害 哇 好 有 文化 但是 回顾 的话 我 抓 不到 他们 的 重点 倾向 总 觉得 是 用 华丽 的 词藻 装饰 也 可能 是因为 这个 论题 太过 绝对性 不好 打 反方 的话 逻辑 很强 而且 都 会 用 例子 去 诠释 文化 性 不如 正方 但是 最后 四辩 的 总结 全都 犀利 的 正 戳 点 上 了
209565872272,虽说 辩论 很 精彩 但 钱 不 可能 是 万恶之源 钱 本身 只是 一种 中介 是 它 背后 代表 的 购买力 权力 地位 等 的 中介 中介 本身 和源 就是 矛盾 的 你 可以 说 钱 背后 可追溯 到 万恶之源 但 钱 脱离 开它 背后 的 东西 本身 什么 都 不是 冥币 也 是 钱 有人 因为 冥币 杀人放火 吗
209554552608,24 年 新 看 在 结辩 之后 我 就 觉得 是 反方 胜 但是 看 的 时候 内心 还 希望 评委 颁奖 给 内地 的 大学 心中 各种 纠结 胡渐 彪 的 总结 几乎 完美 而 我 觉得 正方 最大 的 立论 根基 万 不能 代表 一切 这个 找 的 不太好 诡辩 的 味道 太 浓 了 这个 辩题 对 正方 来说 太难 了 我可以 理解 他们 绞尽脑汁 想到 了 这个 点 我 也 没 能力 找到 更好 的 但是 看 下来 他们 确实 没有 扭转 自己 的 难点 反方 是 更 容易 的 一方 他们 也 很 好 的 守住 了 自己 的 胜利
209060656656,正方 真的 好难
208883410720,恶 只是 一个 概念 而已 客观事实 它 存在 吗 只是 认为 理解 而已 我 谁 都 不 支持 钱 是 人 创造 出来 的 你 要 把 概念 解释 清楚 并且 证明 这个 概念 存在 才能 辩论 下去
208794963808,反方 漏洞百出
208969518992,正方 漏洞 更 多
213132063488,回复 : 正方 是因为 题目 本身 就是 错 的 无解 反方 先天 优势 的 情况 下 还 搞 了 很多 逻辑 错误 但是 正方 没有 全部 抓住
213230579632,回复 : 正方 思路 有 问题 被 反方 一句 只有 贪钱 一种 杀 穿 了 整个 后场 都 在 疲于奔命
213252014800,回复 : 命题 就是 钱 这 一种 啊 你 有 啥 思路
213255318048,回复 : 袁丁 用尽 所有 时间 举 的 例子 不 都 是 贪钱 这 一种 恶
213255472208,回复 : 你 在 说 什么 命题 里 又 没 说 钱 是 一种 恶
213257265696,回复 : 命题 里 钱 是 源源 就 一个 啊 万恶 他们 说 的 说 数量 不是 种类 啊
213257915504,回复 : 而且 恶 的 种类 的话 后面 也 有 说 可以 用钱 来 做到
213258338112,回复 : 正方 本来 就 失 了 先机 后面 反方 很多 逻辑 错误 但是 正方 没有 指出 来
213259816368,回复 : 源 是 一个 恶 在 正方 没有 开宗明义 的 情况 下 都 可以 做 一个 论点 了 本场 正方 都 没 提
213260284464,回复 : 反方 从 辩题 的 出处 表明 万指 一切 一切 不是 所有 种 吗 这 一点 本来 就是 正方 理亏 如果 正方 死不承认 还好 点 但 后场 正方 非要 作 死去 正面 提起 这点 这是 正方 自己 的 失误
213260380560,回复 : 但 袁丁 那 几分钟 肯定 是 浪费 了 很多
213260640880,回复 : 因为 正方 一直 被 反方 万指 一切 和 钱 的 善恶 由人 的 行为 决定 这 两个 无解 的 点 牵制 而 疲于奔命 怎么 有 空闲 注意 这些
213260811024,回复 : 反方 一辩 竟然 没有 开宗明义 这 难道 不是 全场 最大 的 失误 吗
213260844608,回复 : 万字 正方 不 可能 无视 啊 正方 一切 的 辩论 前提 就是 万 不 代表 一切 还有 源 不是 恶恶源 和善 源 是 不 矛盾 的 反方 逻辑 错误 先把源 当成 恶 了 但是 正方 这边 没辩 回去
213261127072,回复 : 正方 就是 开局 失误 太大 了 后面 举 例子 一大堆 我 不 擅长 这些 但是 反方 确实 一堆 逻辑 错误 啊 听 得 我 难受 正方 却 基本上 都 没有 指出 来
213261128720,回复 : 恶源 善源 的 问题 反方 确实 是 错 了 但 这个 这么 重要 的 点 竟然 是 在 周玄毅 最后 总结 陈词 时才 提出 来 这 怎么 来得及 这 更加 表现 了 正方 的 失误 啊
213261306656,回复 : 反方 无论 多少 逻辑 错误 在 正方 没有 指出 的 前提 下 都 是 在 表面 有利 的 和 正方 吴磊 说 诡辩 段子 唬场 的 效果 一样 的
213261314944,回复 : 赢 我 也 认为 应该 是 反方 赢 啊 但是 逻辑 上 的 错误 确实 是 反方 多 啊 正方 逻辑 上 的 错误 主要 还是 基于 命题 上 的 错误
213261441744,回复 : 反方 的 那 两个 点 正方 可以 说 毫无 招架之力 但 正方 却 没有 做出 什么 实质性 的 攻击 一直 在 被 反方 牵着鼻子 走
213261530768,回复 : 好 吧 漏洞百出 你 的 理解 是 招架 上 是 漏洞 这个 确实 没 问题 我 也 这样 认为 的 我 一 开始 想 的 是 逻辑 上 的 漏洞 原来 我们 说 的 都 不是 一个 东西
213261625936,回复 : 你 都 说 了 是 辩题 原因 那 反方 拿 着 有利 辩题 肯定 以 说理 为主 正方 只能 绕圈子 以 摆事实 为主 在 反方 逻辑 基数 大 的 多 情况 下 你 说 谁 的 逻辑 错误 多
213261574608,回复 : 你 回想 一下 我们 最初 讨论 的 不是 哪 一方 的 失误 多 吗
213261874416,回复 : 你 看 我 第一句 话 直接 奔 着 逻辑 去 的
213262037872,回复 : 我 是 认为 正方 逻辑 的 错误 主要 是 基于 命题 的 错误 反方 逻辑 错误 都 是 中间环节 推理 的 错误
213262334704,回复 : 翻看 之前 初赛 和 半决 我 不 认为 正反 双方 交换 立场 后 武大 就 能 赢 了 这届 武大 的 特点 就是 贼 喜欢 摆 例子 唬 场子 逻辑 还 不如 马来亚 大学
213263230096,回复 : 小时候 看 这 节目 觉得 两边 都 很 有 道理 现在 再 看看 得 我 直 皱眉 当然 临场发挥 这些 人 已经 很强 了
213263580864,回复 : 你 看 的 不 一定 有 他们 想 的 快
213263759520,回复 : 很多 我 一 听到 就 感觉 逻辑 不对劲 然后 要 暂停 或者 反复 看才 知道 为什么 不对劲
213264052912,回复 : 找 错误 和 想 观点 是 不 一样 的 我 纯 理工科 对 这种 主观题 完全 不会 但是 逻辑推理 还是 可以 的
208756849936,我 可能 还是 比较 喜欢 反方 这种 重 逻辑 的 辩法 感觉 正方 一直 在 堆砌 素材 有种 华而不实 的 感觉 而且 始终 也 只是 在 反驳 万 不 代表 全部 而 没有 正面 回答 反方 提出 的 源 为何 钱 出现 之前 的 原始时代 就 有 恶 其实 我 觉得 钱 只是 资源 的 一种 具象化 有限 的 资源 加 人性 的 欲 才 是 万恶之源 所以 就 这个 辩题 而言 正方 确实 在 立场 上 处于 天然 劣势
208725058384,虽然 我 是 站 反方 的 但是 反方 有 一段 观点 还是 挺 好辩 的 钱 不是 万恶之源 因为 钱 是 中性 的 有人 会 用 合法 的 途径 去 获得 它 可是 万恶之源 这个 词 的 意思 本身 是 一切 恶 的 起源 啊 你 要是 用 合法 的 途径 去 获得 钱 你 就是 一个 善人 这 跟 万恶 又 有 什么 关系 呢 正方 说 钱 是 万恶之源 又 没有 说 钱 让 世界 上 所有 的 好人 都 变成 了 坏人 有恶 就 有 善 只是 说 钱 是 邪恶 的 那 一部分 人 的 起源 万恶之源 先有 恶 再 有源 是 先 放眼望去 这个 社会 上 有 这么 多 做 了 恶 的 人 我们 再 去 追溯 他 到底 为什么 作恶 哦 原来 是 为了 钱 并 不是 说 一个 本身 的 好人 钱往 那 一放 就 能 让 他 变成 坏人
208714175776,二刷 弹幕 有人 说前 几名 会 有 奖金 他们 有人 不是 为了 钱来 这里 比赛 的 吗 巴拉巴 拉 的 可是 你 要 知道 论题 是 什么 钱 是 万恶之源 希望 好好 读 论题 好好 了解 什么 是 辩论 再 发表 言论
208402433456,2024.2 . 16 打卡 二刷
208170547984,NB
207934198848,别说 了 人才 是 万恶之源 也 是 善 的 源头 钱 只是 交易 流通 的 媒介 和 工具 善 与 恶 取决于 看用 的 人 和 追求 的 人 人才 是 根本 甚至 包括 善恶 的 概念 都 是 由 人 创造 出来 的 讨论 钱 是不是 万恶之源 完全 没有 意义
207434813648,我 看 了 看 自己 的 语音 水平 感觉 ......
206912610400,为什么 总决赛 会 出现 这种 不 平衡 的 论题
208714529168,很多 论题 都 是 不 平衡 的 辩论 并 不是 必须 得出 一个 让 所有人 满意 信服 的 真理 而且 在于 比赛 过程 中 在 己方 立场 下 对 己方 论题 的 防守 对 敌方 论题 的 攻击
211768131008,没见 过 真正 平衡 的 论题 就 一句 陈述 语 来讲 除非 它 毫无意义 否则 必然 有个 基本 的 对错 所以 真正 的 辩论赛 不看 完全 的 对 不 对 就 看 你 辩论 的 好不好 哪怕 是 极致 的 诡辩
206884303600,反方 三辩 的 说法 真的 是 阐述 了 我 所 想 的 所有 很 喜欢 证明 了 这个 源 的 根本 佩服
213132323456,他 说 钱 出现 之前 就 有 恶 这个 其实 是 可以 针对 恶去 辩论 的 这里 正方 失误 了 关于 源 其实 逻辑 上 正方 没得 辩
206756297312,黄暴队 和 赌毒队
206572673904,高三 的 时候 语文 老师 给 我们 看过 怀念 啊
205928124000,双方 辩士 花 六轮 攻防 在 讨论 万 是不是 一切 震声
206179315744,这个 确实 很 关键 毕竟 由于 情欲 产生 的 性侵犯 这种 恶 就 跟 钱 没有 关系 很 好奇 他们 今天 再 打 一次 这个 辩题 会 怎么 说
205694128992,我 觉得 金钱 可以 是 万恶之源 万恶之源 反方 举证 的 是 金钱 没 出现 之前 的 原始人 也 做 恶事 那 就是 人性本恶 人 是 万恶之源 这是 反方 观点 原始人 一 开始 没有 金钱 意味着 没有 律法 没有 道德 律令 如果 有 道德 律令 律法 肯定 就 会 有钱 这种 用来 交换 的 工具 了 那 原始人 产生 欲望 的 时候 会 怎么办 呢 没有 金钱 就 没有 办法 去 交换 自己 想要 的 东西 所以 去 偷 去 抢 强奸 适者生存 这样 的 一个 原始社会 跟 动物 也 差不多 道德 律令 律法 的 生成 就 注定 金钱 的 生成 在 道德 律令 律法 下用 金钱 去 换 自己 想要 的 东西 那么 他 去 换 的 是 什么 东西 呢 当然 是 有利于 自己 的 东西 自己 欲望 的 东西 一 开始 在 不 逾越 律法 道德 律令 的 前提 下 可以 用 最少 的 金钱 去 交换 最低 限度 的 生活必需品 满足 人类 生存 所 需要 的 最低 的 欲望 但 人 的 欲望 是 不 可能 得到 满足 的 贪欲 永远 不 可能 消失 的 那么 这时候 人类 就 想 超越 律法 道德 律令 去 满足 他 本身 不 可能 满足 的 欲望 比如 毒品 美女 这些 是 需要 更 多 的 钱 的 不 超越 道德 律令 律法 是 很 难 去 快速 的 弄 到 大量 的 钱 所以 这时候 钱 成为 了 万恶 本源 本来 一 开始 万恶 本源 是 人 因为 人性本恶 但 因 道德 律令 律法 限制 了 人性本恶 于是 金钱 就 代替 了 人性本恶 换句话 就是 金钱 成为 了 人类 万恶之源 的 替代品
206105114800,你 都 说 了 一 开始 人才 是 万恶之源 源 啊 最 根本 最 开始 源头 的 意思 那 不 就是 人 吗 也 就 不是 钱 了
206925806272,回复 : 所以 我 说 了 从 这里 需要 绕行 用钱 来 替代 恶 因为 这题 本身 就是 钱 用来 作为 恶 的 象征 正方 可以 绕行 首先 用 人性本善 法律 道德 来 否认 恶是 万恶之源 来 证明 钱 可以 替代 恶来 打
206952828608,回复 : 正方 一直 的 打法 就是说 万 不 代表 全部 只要 有 很多 大量 的 恶 由 钱 产生 就行了 只不过 这个 点 一直 被 反方 咬 着 而且 就 大众 第一印象 来看 万恶之源 这个 词 就是 全部 恶 的 源
241418280128,回复 : 那 就 看 一下 字典 的 定义 吧 万恶之源 的 定义 是 很多 还是 无穷 如果 定义 的 是 很多 那 你 再 定义 一下 很多 是 什么
205148909104,毫无 立场 的 在 正反两方 之间 横 跳 只要 发言 完毕 我 都 会 支持 他
204989225280,马来西亚 牛 逼 破音
212405597408,确实 厉害 逻辑性 很强
234534552752,回复 : 是 的 可 我 觉得 逻辑 本来 就 偏向 反方 正方 能力 更强 尤其 三辩 一打 四压 着 打
204861311040,万恶之源 的 万 是 大多数 还是 全部 正方 看起来 是 打赢 了 正方 一直 在 阐述 因为 钱 在 当今社会 能够 交换 的 价值 从而 会 诱惑 人去 很多 犯罪 所以 是 万恶之源 反方 则 说 钱 的 恶 是 人 的 贪 引起 的 所以 真的 恶之源 是 人性 是 贪钱 只是 背锅 正方 一直 没有 去 答 这个 点 我 感觉 应该 问 反方 那么 贪念 又 是 怎么 来 的 呢 人之初 性本善 还是 人之初 性本恶 这 是 千百年来 争论 不下 的 问题 但 可以 明确 的 一点 是 性相近 习相远 竹林七贤 淡泊名利 所以 贪 与 不 贪 是 可以 被 外界 因素 所 干扰 的 所以 为什么 说 钱 是 万恶之源 因为 人 知道 了 金钱 在 当今社会 能 供给 的 资源 价值 所以 钱 才 会 成人 最大 的 诱惑力 才 更 容易 诱发 贪念 从而 衍生 更 多 的 恶 其实 性 也 是 恶 但 人们 为什么 要 将 钱 和 性 分开 级别 去 定义 呢 因为 当今社会 金钱 的 诱惑力 远大于 性如 资本论 里 说 只要 有 足够 的 利润 就 会 有人 以身 犯险 所以 说 定义 万恶之源 就是 为了 让 人 去 更好 的 看待 金钱 从而 去 抑制 自己 贪 从而 抑制 更 多 的 恶 另外 反方 的 原始社会 的 例子 我 感觉 挺 不 恰当 的 善恶 不是 客观存在 而是 人 相信 善恶 客观存在 的 价值观 定义 出来 的 人 的 本能 只有 求生欲 我们 所 认为 的 吃 人 是 种恶 是因为 我们 接受 了 现代文明 的 洗礼 是 在 吃 穿 不愁 的 时代 带来 的 道德观念 放在 原始社会 应该 是 物竞天择 适者生存 是 自然选择 而 不是 我们 的 善恶 观念 一点 愚见 勿 喷
204761546992,当年 还 在 上 初中 印象 中是 在 中央 一套 看 的 当时 对 武汉大学 的 三辩 印象 特别 深 以为 武大 肯定 赢 了 结果 最终 把 胜利 给 了 马来亚 大学 到 现在 都 觉得 不 公平 因为 场面 上 怎么 看 都 是 武汉大学 碾压
208970278784,只是 场面 上 武大 占优 因为 武大 一直 在 举 例子 事实上 反方 二辩 一句 话 就 把 正方 杀 穿 了 从 轮流 发言 到 自由 辩论 马来亚 大学 一直 把 武大 压着 打
209775210384,武汉大学 口才好 但是 马来西亚 的 逻辑性 比 他们 强
204739495728,2024 年 还有 人 看 吗 不以 成败论 英雄 的 英雄 观 真的 很赞
204648334800,打 了 一 学期 了 再 看一遍 豁然开朗 的 感觉 胡渐 彪 结辩 太牛 了
204626497248,2024 年 1 月 24
204626392112,果然 反方
204626101504,我 也 喜欢 正 三反 四
204539784048,第三个 说 的 厉害
204393663936,2024 年 一月 22 日
203931028736,这个 国际 大专 比赛 比 国内 的 高校 辩论赛 水平 高 了 不止 一个 层次
203852059408,欲 是 万恶之源 欲 是 钱 引出来 的 二战 抗日 所以 钱 是 万恶之源
203734174368,总结 一下
203027329648,这 辩论赛 逻辑 速度 可能 只有 在场 参赛选手 和 一些 大佬 能 跟得上 吧 我 自 认为 逻辑 还 算 清晰 但 也 只能 不断 暂停 反应 一会
202986621296,我 觉得 钱 可恶 可善 即使 它 是 万恶之源 也 不能 否定 它 向善 的 一面 所以 反方 再 怎么 辩证 我 都 会 觉得 有 道理 但是 片面
202676120432,正四结 辩 不行
202656355104,2024
202433923792,高二 看过 一次 感觉 就 像 井底之蛙 看 明月 大 一再 看 了 一次 如同 一片 浮游 见 青天 这种 逻辑 值得 我们 继续 学习
202290844656,是 吗
202290839344,那 为什么 呀
202290900992,本来 真的 没报 什么
202290825312,我 本来 要 去 看
202290788048,妇产科 主任
202290809264,差 六条
202290771760,现在
202290632352,太有 实力 了
202290693616,真 好
202113015472,我 真的 很 搞不懂 一些 人 看 辩论 再 看 的 更 重要 的 是 逻辑 不是 文采 呀 ! 因为 文采 说服 了 你 你 就要 无条件 去 相信 那 一方 我 真的 觉得 我 非常 的 不 理解
202112677120,我 一直 搞不懂 弹幕 问 到底 相信 哪 一方 的 人 是 没有 自己 的 自我 主见 吗
202096672096,哎 呦 我 靠 我 本来 是 遇到 不会 的 题 我 想 在 b 站 找 一下 有没有 视频 可以 看 的 结果 看到 了 这场 牛批 的 辩论赛 50 分钟 我 硬生生 看 完 了 真的 太 好看 了 太长 了 你 寒假 再 看吧 他们 说 这场 辩论赛 的 两个 代表队 是 当时 国内 顶尖 的 代表队 辩手 也 是 很 牛 的 那种 人
202098364176,我 去 我们 老师 每次 都 放 这种 给 我们 看 这集 我们 好像 看过 应该 是 看过 而且 好 多次 都 是 这 俩个 队伍 武汉 和 新加坡
203398857408,回复 : 反方 是 马来亚 大学 代表队 比赛 地点 在 新加坡
203889027696,回复 : 那 我 应该 是 记错 了
202007593840,正方 的 辩题 好 难 从 逻辑 上 看 万 是 绝对 的 说法 任何 真理 都 不是 绝对 的 只能 从 咬文嚼字 辩论 万 的 非 绝对性 枯燥 又 牵强 源 是 本质性 的 概念 金钱 又 是 社会 发展 的 产物 逻辑 上 是 行不通 的 双方 由 抽象概念 映射 到 具体 实际 的 能力 都 好 强 啊
201787550608,2024 年 了 第一次 看
201037825520,当年 的 大学生 知识 储备量 都 这么 多 的 吗
200531140368,第三遍 了 我 记得 还有 一场 以 成败论 英雄 的 也 是 给 我 看 的 一 愣 一 愣 的
200442887824,画质 好 模糊 啊
200364210368,所以 真的 没有 人 整理 一下 里面 的 歇后语 吗
200250646592,一 2001 年 国际 大专 辩论会 大 决赛 的 情况 包括 两支 参赛 队伍 的 情况 评判 团 成员 的 情况 以及 比赛 的 主题 和 辩论 内容 00 : 07 - 2001 年 国际 大专 辩论会 大 决赛 开始 02 : 37 - 介绍 正方 武汉大学 队 和 反方 马来亚 大学队 的 代表 06 : 51 - 钱 作为 工具 的确 可以 促进 社会 经济 的 发展 但 问题 在于 现实 中 他 已经 被 人们 当作 目的 本身 在 看待 二 一场 辩论 讨论 钱 是否是 万恶之源 正方 认为 钱能 产生 无数 的 恶行 而 反方 则 认为 钱 无法 涵盖 所有 的 恶 历史 和 现实 的 例子 被 双方 用来 支持 自己 的 观点 08 : 21 - 钱 无法 涵盖 所有 恶行 不能 作为 万恶之源 11 : 01 - 历史 上 的 罗马帝国 和 西方 文明 的 发展史 表明 了 金钱 的 腐朽 魔力 13 : 54 - 钱 无法 全面性 涵盖 世间 所有 恶行 不能 作为 万恶之源 三 国际 大专 辩论会 大 决赛 中 正方 和 反方 就 钱 是不是 万恶之源 展开 的 辩论 双方 辩手 通过 历史 现实 等 多个 方面 进行 阐述 和 反驳 16 : 40 - 对方 同学 能 相信 吗 如果 吴三桂 真的 是 为了 陈圆圆 之后 他 清兵 入关 之后 已经 做 了 云南 王 心里 还 不 放松 还要 做 皇帝 呢 还是 为了 钱 呢 17 : 10 - 因为 对 金钱 的 崇拜 导致 人们 对 权力 的 追逐 而 一旦 获得 权利 又 以 权力 为 工具 来 攫取 金钱 从而 形成 了 对方 同学 深恶痛绝 的 权钱交易 18 : 05 - 面对 金钱 造成 的 骇人听闻 的 一切 如果 对方 同学 还 能 告诉 大家 钱 不是 万恶之源 的话 我 只能 用 巴尔扎克 的 一句 话 来 与 对方 同学 共勉 金钱 无孔不入 地 渗透到 我们 的 社会 当中 他 控制 的 法律 控制 政治 控制 经济 控制 的 道德 四 国际 大专 辩论会 中 反方 就 钱 是 万恶之源 的 命题 进行 了 反驳 并 提出 了 自己 的 观点 双方 辩手 进行 了 激烈 的 辩论 25 : 01 - 新加坡 经济 发展 是否 证明 钱 不是 万恶之源 25 : 54 - 钱 可以 导致 不道德 的 行为 是否是 万恶之源 28 : 32 - 讨论 了 钱 与 恶行 的 关系 提出 了 对 钱 的 确切 定位 的 问题 五 2001 年 国际 大专 辩论会 的 大 决赛 双方 辩手 就 钱 是 万恶之源 展开 了 激烈 的 辩论 通过 对 语言 和 文字 的 玩味 最终 由 评判 团 选出 最佳 辩论 员 33 : 55 - 辩论 需要 对 基本概念 有 规范 和 标准 35 : 03 - 金钱 是 外部 诱惑 的 抽象化 身 -- 本 内容 由 AI 视频 小 助理 生成 关注 解锁 AI 助理 由 召唤 发送
200240473856,正方 23 辯 和 反方 134 辯 非常 優秀
200117202032,反方 一遍 我 真的 巨爱
200117204240,很 好 刚 看到 正方 二遍 继续 当 墙头草
200117287184,反方 二辩 也 牛 逼
200117196080,正三 也好 牛 怎么 什么 都 知道
200117328336,反三 后面 也 牛 逼
200117532480,27 : 48 笑死 我 了 说出 了 我 心中 所想 literalmente 笑死 我 了
200117516608,反四 也 牛 逼
198835731968,万恶之源 不 就是指 一切 恶 的 根源 吗 万 当然 不是 全部 的 意思 差点 给 我整 不会 了
208970565168,你 要 不 看看 你 在 说 什么
198462638720,钱 是 手段 不是 目的 但 9 成 9 的 人 都 只 认为 钱 是 目的 人性 既不本 恶 也 不本善 而是 一张 与 他人 材质 不同 的 白纸
198063710192,恶是 万恶之源
198013428432,2023 考古
197565381072,恭喜 马来亚 大学队 实至名归
197159393904,钱 是 万恶之源 但 不是 一切 恶之源
241418548160,那 你 先 给 我 论证 一下 什么 是 恶 再 论证 一下 万恶之源 是 1 万件 还是 很多 件 还是 无穷 件 如果 是 很多 件 再 给 我 论证 一下 什么 是 很多
241532041185,回复 : 个人观点 大部分 恶里 如果 有钱 就 不会 出现 这种 恶 让 我 说服 你 我 是 做 不到 的
196920804512,20 分 15 秒 的 人 发音 真的 惊喜 呀
196885803232,辩论 真的 太有 魅力 了
196577102032,常看 常新
196344591600,唯一 真神
196075158272,听 了 正方 觉得 正方 对 听 了 反方 又 觉得 反方 对
195930640768,考古 除了 最后 点评 结果 都 看 了 我 现在 支持 反方 万和源 我 都 支持 反方 最后 这个 正方 总结 也 差点 给 我 带 沟里 厉害 厉害 也 不 知道 是 我 三观 固定 了 还是 没 成型 反正 不看 最后 点评 了 明年 见 哦 新加坡 也 说 普通话 吗 20 年前 太牛 了
195771031920,校园 霸凌强 jian 网络 喷子 这些 和 钱 基本 没有 半 毛钱 关系
196437562976,有钱 还会 被 霸凌 吗 有钱 还会 强奸 别人 吗 网络 喷子 没钱 才 有 的 优越感 我 认为 是 这样
196489489712,回复 : 你 这 不 成立 呀 如果 比如 一个 地方 没有 摄像头 所以 你 被 抢劫 了 别人 那里 有 摄像头 所以 没 被 抢 能 说 摄像头 是 万恶之源 吗
196547535872,回复 : 不能 所以 要 分析 源头 抢劫 的 根本 目的 还是 为了 钱
197061991472,视频 里 正方 有 说 万 不是 一切 的 意思 里面 原话 钱 是 万恶之源 其实 就是说 钱 能够 产生 数量 极 多 而且 品格 繁复 的 恶行
197566106896,回复 : 不好意思 你 说 有钱 还会 被 霸凌 吗 这句 话 是不是 有点 受害者 有罪 论 了 本身 霸凌 这种 行为 就是 恶 你 想 说 被 霸凌是 一种 恶 被 霸凌者 应该 承受 恶 的 罪名 另外 绝大多数 的 霸凌 行为 都 是 基于 主观 恶意 没有 任何 的 金钱 驱使 下 的 恶行 你 所说 的 强奸 行为 又 究竟 是 性欲 使然 还是 金钱 犯下 的 恶行 呢
197764157776,回复 : 圣经 里面 原话 是 the root of all evil 被 翻译成 了 钱 是 万恶之源
197764501184,回复 : 那强 jian 的 源头 不 就是 欲望 吗 而且 你 说 有钱 就 不 qj 了 也 不 对 啊 吴 某 凡 拍 一部 戏 一个亿 片酬 不 照样 犯 了 被 逮 进去 了
198463046416,回复 : 霸凌 的 的 目的 之一 敲诈勒索 的 不少 吧
198474109664,回 復 : 尤其 是 小学 阶段 主观 恶意 很强 的 就是 看 他 好 欺负 大家 就 欺负 他 莫名 地 有种 快感 你 说 敲诈勒索 也 有 但 更 多 的 还是 主观 恶意 有个 心理学 效应 叫 黑山羊 效应 你 去 看 一下
208970722640,反方 不 就是 在 说 这些 和 钱 没关系 吗
195711110368,诡辩 太 恐怖 了
195634928640,反方 不能 举 日本 的 例子 啊 战争 的 原因 特别 是从 一战 之后 的 现代战争 哪个 不是 跟 钱 相关 哪个 不是 为了 转移 国家 内部 经济 发展 矛盾 才 去 发动战争 的
195371190624,为什么 基本上 每个 稍微 看 的 人 多 的 辩论赛 视频 下 都 有人 骂 啊 我 真服了
194794971376,这场 辩论 真的 封神 刷 好几遍 了
193716816688,穷人 qj 是因为 没钱 找 小姐 富人 qj 是因为 知道 即使 自己 犯法 也 不会 进 橘子 如果 对方 问 那 钱 依旧 不是 恶 的 源头 这里 恶 的 源头 是 杏 欲 那么 答杏欲 本身 只是 人 的 正常 生理 属性 因为 钱 才 诱使 这种 生理 属性 走向 犯罪 对方 问 那 既然 是 正常 生理 属性 为什么 大部分 人 无论 有钱 的 没 钱 的 都 不会 将 它 用于 犯罪 只有 少部分 人会 犯罪 答 因为 我们 的 社会 有 法律 即使 在 古代 也 有 部落 规矩 在 多种 约束 下 大部分 人 无论 贫贱 不会 qj 少部分 没有 被 法律 约束 的 人 就是 因为 法律 没有 管到 他 那里 但 钱 的 概念 却 深深 影响 了 他 反方 问 那 难道 没有 钱 没有 一般 等价物 qj 这种 罪行 就 不会 存在 了 吗 答 不会 存在 因为 没有 钱 的 情况 只有 一种 那 就是 共产主义 社会 到 了 那个 时候 物质条件 极大丰富 钱 的 概念 消失 阶级 消失 人民 精神 极大丰富 没有 任何 犯罪
193718927536,如果 对方 说 贪钱 错 的 是 贪 而 不是 钱 那么 如果 没有 钱人 贪 什么 对方 说 钱 只是 一般 等价物 也 可以 贪 具体 的 物品 那么 没有 钱 只有 两种 情况 远古 或者 很 久 之后 的 共产主义 社会 远古 时 不 具有 人性 动物 不 可以 现在 对 人 的 道德 标准 来 要求 共产主义 时 物质 极大丰富 阶级 消失 没有 钱 这个 概念 也 没有 恶钱 代表 的 不仅仅 是 购买力 更 表示 了 生产力 没有 达到 极大 时 的 一种 不得不 进行 的 阶级 划分
193671743648,可是 这里 的 钱 是 怎么 定义 的 是 指 货币 还是 资源 啊 还有 恶是 怎么 定义 的 要 知道 不同 的 人 对 恶有 不同 的 标准 啊
196484537584,如果 货币 的话 确实 能 取代 以物 易物
196484860128,资源 的话 没有 资源 你 能 活下去
193404806032,查 了 一下 万恶之源 确实 是 一切 坏事 的 根源 所在 这么 说 正方 很 吃亏 啊 辩题 本身 就是 反方 优势
193158878064,在 观点 上 我 站 反方 在 这场 辩论 的 输赢 上 我 占 正方 观点 是 我 主观 上 的 一种 判断 输赢 也 是 我 客观 上 的 一种 感受
193002640016,下 周六 要 比赛 了 有点 紧脏
192869782864,钱 为利 万恶之源
192094857424,看 完 辩论赛 再 关注 余磊 后来 经历 真的 很 感慨
208970838352,余磊 现在 是 天风 证券 董事长 吧 好久没 看 了
192052120560,懒惰 是 万恶之源 贪婪 是 万恶之源 欲望 是 万恶之源 是 谁 规定 万恶之源 只能 有 一个 那 说 钱 是 万恶之源 又 有 什么 错 呢
208971209248,你 就 得 辩 万 是否是 一切 的 意思 了 这点 上 你 是 必输 的 辩论 场上 你 提 这个 观点 肯定 被 杀 穿
241418817936,"什么 是 善 什么 是 恶万 又 是 多少 件 呢 你 能 给 我 举出 你 认为 是 恶 的 所说 的 万 , 件 事 吗"
192051328384,钱 造就 了 一个 人 的 成长 环境 人 之所以 会 成为 恶人 和 钱 本身 就是 脱不了 关系
192050829776,还有 淫 你 说 被 侵犯 的 女性 是 有钱人 巨多 还是 穷人 巨多 我 前两天 刷到 一个 视频 说 为什么 没有 女 流浪汉 因为 她们 全都 被 拐 去 生 孩子 了 我 想 如果 她们 有钱 她们 就 不会 流浪 也 会 降低 被 侵犯 的 概率
197566739744,那 你 想 说 是 被 拐 的 人 实行 恶 还是 拐 的 人 实行 恶 呢
192049836832,钱 可以 用来 做 坏事 也 可以 用来 做好事 但是 没有 钱 就 不会 有人 去 抢钱 没有 钱 世界 上 就 不会 有 穷富 之分 更 不 需要 有钱人 的 资助
191741735072,正方 已经 尽力 了 可惜 立场 不利 钱 是不是 万恶之源 有 逻辑思维 的 人 自己 想想 也 就 知道 不是 了
191741040336,没 意义 无论 好坏 哪 方面 钱 只是 手段 催化剂 只是 满足 欲望 的 工具 不是 本源
191577138544,辩题 已经 给出 答案 了 钱 明显 不是 万恶之源
191342643104,仔细 想 感觉 正方 如果 想要 在 逻辑 上 打 好 就 得 把 命题 偷换 成 是不是 钱 引起 了 我们 的 恶欲去 辩论
191342319584,怎么 说 呢 作为 一个 学 数学 的 人 感觉 正方 更 多 的 倾向 于用 例子 部分 特性 来 证明 辩题 而 反方 则 是 通过 最底层 的 逻辑 来 说服
191260857200,搞不懂 这有 什么 好辩 钱 是 一般 等价物 包括 各种 非法手段 获得 钱 的 目的 并 不是 钱 钱 没有 了 交换 功能 只是 废纸 而已 所以 说 人们 获得 钱 的 目的 是 满足 欲望 所以 说 欲望 才 是 万恶之源 而 钱 不是
191273537040,辩论 就是 这样 啊 不是 看 有没有 意义 去 辩 而是 看 辩论 时候 的 技巧 和 能力 很多 经典 的 辩题 都 像 这样 没有 意义
191336764992,回复 : 有些 人 学习 只是 为了 技巧 比 他人 高 资质 到 了 也 就 够 了
191346702032,回复 : 我 发现 你 对 文字 理解 有 问题 我 的 意思 不是 辩题 没有 意义 而是 遍体 带有 倾向性 很多 经典 辩题 都 没有 明显 的 倾向性 呀 就算 没有 意义 也 应该 公平 公正 这种 明显 有 倾向性 的 明显 是 欺负 我们 中国 人
191346750048,回复 : 想 知易行难 和 知难行易 这种
191346774544,回复 : 我 就 问 你 正方 怎么 赢 我 想 了 一下 除非 他 把 定义 给 搞 昏 把 货币 当做 人 行使 欲望 也 就是 获得 自己 想要 的 物品 的 工具 而 不是 一般 等价物 他 才 有 可能 赢 可是 反方 明显 不是 傻子 这种 辩题 没有 任何 一个 赢 的 点 你 看 正方 已经 这么 厉害 了 这 还 怎么 玩
191391472832,回复 : 辩方 都 是 抽签 的 双方 在 辩论 之前 都 会 准备 正反两方 的 辩词 至于 你 说 的 有 倾向性 那 确实 没 毛病 不过 针对 哪 一方 就 有点 无稽之谈 了
191943537008,回复 : 抽签 我们 在 新加坡 抽 唉
191256261600,万恶 淫 为首 中淫 是 不 节制 放纵 的 意思 并 不是 指 色欲 钱 不是 万恶之源 钱 是 物质 物质 没有 主观 思想 哪来 的 万恶之源 就 像 用 刀 杀人 你 说 是 凶手 是 恶 还是 刀 是 恶
191188452896,这个 正方 太难 赢 了
190985105680,钱 本来 就 不是 万恶之源 所以 正方 很难
190695186256,那个 学校 要 背 这个 我 不 说
190594980032,看 完 了 第一集 感觉 昏昏沉沉 的 还是 多 看吧
190570049920,精彩绝伦
190545439680,牛 逼 的 永远 牛 逼
190514434176,2001 年 我 刚出生 我 现在 来看
190492710272,我 的 观点 在 俩 边 来回 转折
190180381200,虽然 画 质感 人 但 真的 是 好 经典 的 一场 辩论赛 就是 有点 长有 时间 可以 看看
191022145040,当 个 肥皂剧 看吧 别魔 怔 了
190092407776,再 来 一遍
189927526656,看 这个 边看边吃
189710469920,万恶之源 注意 源一字 反方 不是 只要 举出 一条 与 钱 无关 的 罪恶 例子 就 赢 了 吗
189690055760,其实 我 有点 困惑 金钱 是 万恶之源 本来 就是 不 符合 逻辑 的 让 正方 举出 符合 逻辑 的 内容 其实 是 很 难 的 如果 辩论 内容 需要 符合 逻辑 才能 赢 的话 正方 该 如何 辩论 才能 有 逻辑 并 胜出 呢
189571867712,第一次 看 胡渐 彪 简直 不要 太帅
189296477072,总统 穆 巴拉斯 哥举 b
189135950144,弹幕 一直 纠结 正方 在 诡辩 不 正面 回答 问题 你 以为 正方 不 知道 吗 原本 这个 命题 对 正方 不利 他们 只能 通过 这个 方法 来 辩证 一个个 杠精 啥子 也 不会 就 会 当 评委
189066891040,神仙 打架 好 精彩
188843860032,事实上 这场 辩论赛 突出 了 不同 学科 人才 的 能力 总体 来说 反方 更 具有 标题 优势 而 正方 在 缺乏 逻辑 优势 的 情况 下 能够 通过 过硬 的 语言 功底 通过 文字 和 举例 来 圆滑 自己 观点 . 再来 反方 在 具有 标题 优势 的 基础 上 抓住 论题 重点 逻辑 清晰 地 反驳 论述 . 最让人 佩服 的 还是 各位 辩论 选手 在 面对 对方 辩论 时 迅速 地 回答 反驳 口齿清晰 没有 在 气势 上 畏畏缩缩 . 可谓 百花齐放 百家争鸣
188843105200,正方 讲完 之后 我 就 觉得 反方 应该 驳不回 了 但 反方 讲完 之后 我 又 觉得 反方 讲 的 更 有 道理
188603921168,20231003 前来 考古 观看 的 第二场 辩论赛 坚定 了 我 要 多 观看 辩论 的 决心 了
188487470304,正方 真的 除了 三辩 其他 都 在 背稿 尤其 自由 辩论 可以 看得出来 这样 反方 会 赢 也 毫无 争议 啊
188476646640,吃瓜 吃 到 自己 国家 的 大学 马来亚 大学 原来 UM 辩论 实力 那么 强 啊 我 只 知道 马来亚 大学 是 马来西亚 最好 的 大学 了
188482060176,时代 在 变化 都 22 年 了 指不定 更好 了
188403527008,过 几天 打 学校 辩论 每次 看 都 有 新 的 体会
188378490528,看 了 17 分钟 觉得 普通话 好 的 那边 应该 赢 了
188378869136,我 可能 说 早 了
187863141600,精彩
187331481280,各位 大佬 能 帮帮我 梳理 一下 么 好 懵 啊
187307264384,36 : 39
187273933968,好 喜欢 二辩 的 那位 断句 和 重音 咬字 的 很 舒服
187258925744,2023 年 前来 考古
187226501632,感觉 要长 脑子 了
187091712160,不 吹 不 黑 就 这 场面 搁 现场 我 都 听 不 明白 在 讲 什么 视频 都 得 反复 看 真的 厉害 啊
186965028512,真的 好 精彩 现在 都 不 太 看 得 明白 当时 怎么 反应 得 过来 的
186358830720,加入 了 武大 的 院辩 啊啊啊 啊 狠狠 学习 前辈 差得 太大 了 逻辑思维 和 语言 组织
186187885600,打得 好 精彩
185993842640,大家 好 我 是 墙头草
185672459296,"第一次 观看 我 的 关注点 在 双方 的 论述 角度 反方 主要 集中 在 万和源 , 其一 攻击 万 这 一个 字 的 定义 提出 万是 全部 但是 并 不是 全部 事情 的 原因 都 是 钱 以性 侵 为主 例从 不是 全部 进行 阐述 其二 攻击 源 讨论 何为 本源 在 钱 之前 就 有 恶 的 念头 和 事件 肯定 了 人性本恶 认为 是 恶 的 念头 才 引出 和 钱 有关 的 恶性事件 正方 举例 为 主要 手段 将 许多 反方 论证 观点 时 的 例子 和 钱 结上 关系 也 从 万 下手 认为 万 最 多 是 极 大多数 恶性事件 我 认为 正方 没有 赢有 很大 原因 是因为 对于 万 的 解释 在 一定 程度 上 肯定 了 对方 的 部分 观点 个人见解 罢了 下次 二刷要 主要 学习 他们 的 说话 方式 和 技巧"
185639464048,法国 启蒙 思想家 孟德斯鸠 说 过 : 所谓 启蒙 未必 是 把 一个 外来 的 什么 思想 塞到 我们 的 脑子里 而是 用 一盏灯 把 本来 就是 我们 心灵深处 里 的 东西 给 照亮 而已 ...
185462378208,别 争论 了 人才 是 万恶之源
185409349408,万恶之源 一切 坏事 的 根源
185298933344,如果 把 辩论 看作 言语 技巧 辩术 那 是 很 愚昧 的 观点 不去 分辨 事物 真理 会 严重破坏 理性
185552928000,很多 辩题 本身 就 没 意义 确实 是 取巧 钻牛角尖
185792217328,回复 : 精益求精 就是 这个 牛角尖 无论是 文学 还是 科学
185807967200,回复 : 扯淡
185807984048,回复 : 我 说 的 一些 辩题
185232287120,军训 累 了 来 看看 以此 达到 肉体 和 精神 的 双重 折磨
185231272336,突然 想到 我 今年 23 当年 马来亚 的 队员 打 这场 比赛 的 时候 年纪 都 比 我 小 吧 我 果然 是 废物
185153540784,辩论 本 就 没有 对错 有时候 转移 话题 以偏概全 只是 被 辩题 限制 而已 你 以为 辩手 不 知道 自己 逻辑 有 问题 吗 辩论 就是 看 临场 反应 知识 储备 跟 语言艺术 这才 是 辩论 的 魅力
183489273552,世界 上 真的 有 善恶 之分 吗 立场 不同 时间 不同 我 认为 根本 就 没有 善恶 之分 所以 这辩题 都 感觉 不 成立
183479251216,马来西亚 朋友 的 口音 让 我 理解 起来 有点 困难 一边 拖地 一边 听 一到 反方 突然 听不懂 了
183466098640,我 是 废物 谢谢
183325985904,看 完 我 就 记住 了 一句 是 人 的 行为 决定 了 钱 的 善恶 好 有 道理
183312194704,我 觉得 这个 万 字 很 重要 正方 要 赢 的话 只好 拿万字 说 事 了 不然 在 双方 实力 没有 相差 很 悬殊 的 情况 下 是 赢 不了 的
183121230880,哼哼 哼 2023 年 来看 不服 正方 输 了 我 觉得 反方 赢 了 是因为 在 新加坡 战场
182890174096,2023 年 了 谁 能 告诉 我 2001 年 的 5000 是 啥 概念
182822326976,第二个 环节 正方 最后 一句 我 没有 懂 孩子 心里 受到 蒙蔽 怎么 是 为了 钱 了 有没有 大神 解答 一下
182522967600,这次 我 站 反方 的 立场 我 觉得 钱 不是 万恶之源 任何 一种 东西 在 开发 出来 后 都 可能 会 违背 它 本来 的 用途 就 像 假期 本来 是 用来 让 人 放松 休息 的 现在 却成 了 弯道 超车 的 好 机会 反而 让 人 更累 了 而 钱 最 开始 也 只是 为了 方便 人们 交换 物品 所以 钱 又 有 什么 错 呢 我 觉得 任何 一个 东西 被 用来 做 坏事 从 不是 它 本身 的 原因 而是 使用者 的 罪过 有人 行医 就 死 扶伤 有人 用 着 自己 的 只 知识 做 一些 违背 道德 的 事 难道 知识 就是 万恶之源 吗 有人 用钱 无恶不作 有人 却 用钱 接济 家庭 困难 的 人 这时 钱 还是 万恶之源 吗 还有 毒药 它 对 人 来说 并 不是 什么 好 东西 但是 一些 大夫 就 可能 用 它 入药 这种 说法 叫做 以毒攻毒 有时 可以 解决 一些 疑难杂症 难道 毒药 也 是 万恶之源 吗 即使 一些 东西 可能 被 发明 出来 它 的 用途 是 不好 的 但 在 不同 的 人 手中 仍然 会 有 不 一样 的 结果 所以 综上所述 钱 不是 万恶之源 不要 因为 一些 使用者 的 过错 而 把 责任 全都 推 到 死物 上来 这样 太 没有 责任感 了
182391325760,我 觉得 可以 随便 举例 一个 恶行 通关 辩证 其 源头 不是 钱来 证明 钱 不是 万恶之源
181995861296,正反方 三辩 和 反方 四辩 真的 很 牛
181992375584,三辩 好 强
181937063440,神仙 打架
181544151696,太精彩 了 反方 的 观点 确实 逻辑 更加 严密 金钱 是否 会 成为 万恶之源 关键在于 使用 方式 是否 得当 使用 之 人 是否 有 贪欲 反方 一 开始 就 开宗明义 钱 本身 没有 善恶 钱 可以 积恶 更 可以 扬善 中心思想 非常 明确 也 更加 直击 问题 核心 而 正方 更 多 的 在于 围绕 万字 做文章 说 钱 是 大部分 恶 的 源头 更 浮于 表面 了
182256548656,钱 不是 万恶之源 确实 更好 说 啊 钱 不 具备 主观 能动性 是 人 的 行为 赋予 了 钱 的 善恶 人性 本身 就是 万恶之源
181109057184,18.20
180558084256,2000
180148684784,辩论赛 钱 是不是 万恶之源 正方 钱 是 万恶之源 反方 钱 不是 万恶之源 评袁丁 辨论 场上 气势汹汹 口若悬河 引经据典 抑扬顿挫 正方 一辨 蒋舸 1 ...
179787918272,如果 这 是 只 针对 谁 更 能 说服 人 那 我 承认 这个 结果 反方 能 说服 人 因为 看到 这个 命题 我 本身 就 已经 倾向 于 钱 不是 万恶之源 但是 如果 以 在 辩论 中 展现 的 风采 和 能力 而言 正方 无疑 超过 反方
179665516208,整个 辩论赛 反方 一直 处于 优势 到 最后 正方 四辩 发言 才 真正 扳回 一局 结果 才 有 了 悬念 不得不 说 辩题 对于 正反方 确实 不是 很 公平
179661793776,有人 能 解释 下员 和 贝 的 关系 吗 这点 没看 懂
180564257936,員 这个 是员 的 繁体字 没有 贝
180711017680,回复 : 谢谢
179589219184,"正方 语言 组织 和 表达能力 非常 优秀 , 然而 反方 逻辑 已经 是 利于 不败之地 了 . 事实胜于雄辩"
179099704320,作为 反方 我 是 赞成 钱 是 万恶之源 请问 武汉大学 可以 把 奖金 给 我 吗
178815846320,看 完 之后 感觉 自己 可以 在 网上 横扫千军 了
178795642768,还有 什么 经典 的 辩论赛 推荐 呀
178778550736,有没有 人来 告诉 我 正方 输 在 了 哪里 啊
178739943760,可惜 现在 没有 这种 辩论 了
178488134800,正方 二 辩才 提出 万 不 代表 一切 错失 了 先机 导致 后面 需要 一直 强调 解释 和 反方 扯 皮球 如果 一辩 就 提出 那么 先入为主 会带 着 局势 走 个人 理解
178465142752,钱 是 万恶之源 是 我们 口头上 经常 会 说 的 一句 话 但 它 是 有 前提 的 现在 人 为了 钱 可以 不当 人 与 其他 能 导致 恶 的 东西 相比 钱 确实 对 人类 的 影响 巨大 正方 难 就 难 在 不能 说明 钱 是 万恶 之 根源 反方 一个 恶 在 先 钱 在 后 的 逻辑 就 可以 打 趴 正方 观点
213133807680,这个 点 正方 可以 说源 是 原因 而 不是 时间 的 先后 也 可以 说恶 在 不同 时期 标准 或 含义 不同
178463993920,面对 反方 抛出 的 如何 证明 所有 的 恶 都 是 由 钱 导致 的 一问 正方 三辩 余磊 给 了 一个 很 巧妙 的 回答 他 从 反其道 而 问 之 面对 金钱 造成 的 骇人听闻 的 一切 如何 说 钱 不是 万恶之源 但 这样 也 可以 说性 是 万恶之源 贪是 万恶之源 如果 紧抓 万字 辩 正方 确实 吃亏 不 可能 举完 所有 的 例子 所以 要 抓住 钱 与 其他 的 区别 辩论
178003765088,感觉 恶 没有 源善 也 没有 源
177906594800,喜欢 武汉大学
177469419136,如果 问钱 是不是 引起 恶 的 原因 之一 肯定 是 但是 问钱 是不是 唯一 原因 答案 肯定 不是 而 源头 就 意味着 唯一 所以 这题 没法 辩
177858216976,正方 可以 在 万字 上 做文章 的 正如 他们 对 万恶之源 的 定义 万有 很多 的 意思 万恶之源 是 指 很多 恶 的 源头 都 是 钱 正方 只要 围绕 这个 定义 就 可以 辩 但是 最后 裁判 的 评价 里 说 了 正方 由二辩 提出 万恶之源 的 定义 失去 了 先机 而 反方 则 是 由 一辩 给 万恶之源 下定义 抢占 了 先机 所以 这里 是 正方 在 策略 上 败给 了 反方 没有 先 抢 定义
177469538144,其实 这个 问题 不 适合 辩 因为 利益 才 是 万恶之源 利益 包括 钱 但是 不光 是 钱 权色 都 是 利益 获取 利益 不 一定 是 恶 比如 救人一命 获取 了 别人 的 尊重 没错 这种 也 算利 但是 所有 的 恶 一定 是 为了 获取 利益 所以 利 是 万恶之源 这么 说 对方 根本 没法 反驳
177414226432,这个 好
177413043472,看 完 了 不得不 说 这些 人 的 反应速度 是 真的 快 他们 在 讲台 上 说 的 3 分钟 快 赶上 我 一天 说 的话 了
177155158768,钱 是 万恶之源 的 放大器
177076064128,2023 睡不着 前来 下饭
177071234400,我 的 天 神仙 打架
176811325760,这部 剧 的 名字 叫 什么
176496814448,反方 逻辑 真的 很 厉害
176394208256,这个 世界 本 就 没有 绝对 的 善恶 错 对 一切都是 相对 的 如果 所有人 都 相信 所谓 的 真理 人类文明 永远 都 不会 进步 如果 真的 有 所谓 的 真理 那 人类 的 文明 大厦 早就 崩塌 了
178582607728,真理 之所以 被 称为 真理 是因为 之后 的 许多 社会 实践 检验 了 真理 也 就是 所谓 社会 实践 是 真理 的 标准 否认 真理 就是 否认 了 社会 实践 否认 人 对 世界 的 认识
176360128304,高端 局 随便 一个 人 怼 的 我 开 不了 口
176238873760,三刷 了
176142777440,不 喜欢 现在 网上 的 辩论赛 好 主观 烦死 了
175663171360,我 的 观点 是 无论 什么 一件 事 你 可以 从 无数 的 角度 剖析 永远 没有 唯一 的 答案 你 谈 物质 我 跟 你 解析 精神 你 可以 说 你 对 但 也 无法 否认 我错 这 世界 就 这样 地球 上 的 物理 法则 在 宇宙 的 另 一处 还 适用 吗 回归 这 辩论 本身 谁 对 谁错 不 重要 因为 答案 本 就 不 唯一 本来 我 对 自身 很 自信 但 我 看 完 之后 一脸 震撼 积累 文学 素养 差太多 了 在 正方 第一次 发言 后 我 就 傻 掉 了 你 想想 一无所知 的 人 就算 辩过 一个 学识渊博 才华横溢 的 人 怎么 让 人 信服 所以 只有 佩服 其实 就是 被 震慑 到 了 已经 失去 思考 能力 毕竟 一个 自信 语气 沉稳 有力 仪表 得体 满腹经纶 的 人 根本 不是 普通人 能 有 勇气 辩过 的 不要 拿 业余 挑战 专业
175674981136,感恩 分享 很 精彩 的 辩论 啊 原来 辩论 还 能 这样 看 论题 反方 是 占优 的 而 论题 不太 友好 的 正方 打 得 这样 好 也 是 令人 印象 深刻
175076688048,看 之前 钱 是 万恶之源 看 之后 人 是 万恶之源
174984723456,很难 讲
174850587824,请 看
174859728304,看过 啦 看过 几遍 了
174859875904,我 比较 喜欢 成败论 英雄 那场
174423649792,有没有 可能 万恶 是 限于 当今 时代 的 正如 钱 也 是 资本主义 时代 的 附属品 一样 这个 时代 的 钱 滋生 这个 时代 的 恶
175761166832,张子善 刘青山
175767957392,回复 : 在 苏联 里 钱 是 万恶之源 还是 权是 万恶之源
175789197472,回复 : 如果 是 正方 会 告诉 你 为了 钱 最 忠诚 的 战士 也 走向 了 歧途 用权 来 生钱 为了 美元 愿意 做 美国 的 间谍 一个 曾经 充满 理想 的 国度 因此 解体 如果 是 反方 会 说 你 说得对 权力 也好 金钱 也好 都 是 得到 物质基础 和 精神 享乐 的 媒介 媒介 不是 恶 的 根源 所以 怎么 说 都 有理 如果 要 我 说 可能 只有 共产主义 取消 了 私有制 才 有 可能 吧 苏联 这种 还 做 不到
174308832784,钱 是 人 发明 利用 的 所以 这个 天然 型 就 对 正方 不利 . 除非 正方 把 钱 拓展 成 更 广泛 的 一个 概念 我 暂时 是 想不出 但是 一个 思路 .
183446430128,利益
174145862720,文科生 的 逻辑性 感觉 不是 很强 不过 遣词造句 确实 挺 厉害 的 不过 辩论赛 的 应该 看 的 是 逻辑性 吧
174753139312,不止 看 逻辑性
178003248912,又 要 有 气势 又 要 有 文采
174117759152,感觉 正方 好难 试一试 百度 百科 上 说 万恶之源 的 意思 是 一切 坏事 的 根源 所在 形容 或 比喻 恶劣 现象 的 主要 原因 就 说明 了 万恶之源 这个 词 的 本意 是 一切 坏事 的 根源 所在 但 当 它 形容 或 比喻 恶劣 现象 时 就 变成 了 主要 原因 所以 当 把 钱 比做 万恶之源 时 就 不要 把 所有 的 恶 全推 在 钱 上 有些 人 天生 坏种 天生 具有 反 社会 人格 天生 就 带有 恶 但 钱 只能 是 他 最后 变成 真正 恶人 的 主要 原因 为什么 呢 是因为 父母 为了 钱 忙于 奔波 疏于 照顾 这个 是 主要 原因 但 他 天生 反 社会 人格 这 就是 次要 原因 所以 主要 原因 和 次要 原因 加在一起 才 变成 了 真正 的 恶 所以 钱 为何 不是 万恶之源 呢 当用 万恶之源 来 形容 钱 的 时候 是 形容 或 比喻 恶劣 现象 的 主要 原因 并 不是 把 所有 归咎 的 原因 都 推向 钱 身上 钱 是 万恶 的 基础 就是 万恶之源 我 好 垃圾 已经 尽量 了
173843075648,啊啊啊 我 真的 喜欢 正方 我 觉得 正方 说 的 万 在 辞典 中 的 解释 就 秒杀 一切 了 而且 反方 一直 抓住 情色 不 放 就让 我 有点 不适 最后 的 评审团 发言 我 没 看 反正 你 怼 我 就是 你 有 病 每个 人 都 有 自己 的 选择 不 需要 拿 反方 的话 再来 跟 我 说 一遍 谢谢
173673385376,这个 论题 对 正方 太 不 友好 了
173565549792,看 完 了
173217561536,都 好 厉害
173217968176,要 我 上场 还 没 一个 回合 就要 哭 着 下台 了
173019015664,都 好 厉害
172975841712,余磊 太帅 了
172582678512,不愧 是 经典 辩论 对局 个人感觉 反方 三辩 的 观点 太有 说服力 了 明确 了 贪 是 恶之源 而 不是 钱 对于 这个 观点 正方 一直 无法 给出 合理 的 应对 解答 只能 用 贪 这个 字 下面 是 贝来 解释 缺乏 说服力 还有 最后 四辩 的 对决 反方 四辩 更 言之有物 每句话 都 是 叙述 己方 的 观点 正方 四辩 用 了 不少 华丽 的 词藻 反而 挤占 了 实质 内容 的 空间 听 上去 不如 反方 充实 正方 三辩 表现 很 突出 反应 很快 的 同时 还 能 保持 口齿 流利 气势 上 支撑住 了 队伍 自由 辩论 正方 大部分 发言 都 是 三辩 贡献 的
172582966896,其实 正方 四辩 中间 有 一句 话 很 有 说服力 他 说 万恶之源 本身 并 不是 恶 但 可惜 全程 没有 听到 正方 基于 这句 话 展开 解释 正方 四辩 也 只 一句 话 带 过 了
172747253952,重新 看 了 一遍 双方 四辩 感觉 反方 四辩 比 正方 四辩 发言 好太多 了 反方 四辩 的 发言 层次 太 清晰 了 而且 最后 一段 发言 讲 正方 如何 诡辩 直击 本质 在 这么 短时间 里 居然 能 整理 出 层次 这么 清晰 的 发言 真是 牛 人 相比之下 正方 四辩 的 发言 内容 太少 了 听 上去 像 没话 找 话 中间 用 了 3 句 话 做 排比句 其实 3 句 话 都 是 同一个 意思 在 那 反复 车轱辘
178003558416,贪 不是 恶之源 是 恶 本身 吧
178047287440,回复 : 只要 自己 的 观点 能 说服 别人 就行 既 可以 说 贪 是 恶之源 也 可以 说 贪 是 恶 本身 选择 对 自己 那 一方 有利 的 说法 就行
172040197216,人们 的 基本 生活 中为 恶 不是 目的 取钱 也 不是 目的 只是 为了 生存 的 质量 包括 物质 和 精神 钱 只不过 是 人们 推出 来 让 普通 人民 更 容易接受 和 理解 的 替罪羊 吧 了
172017545536,此时 的 我 仿佛 是 颗 弱小 无助 且 瑟瑟 发抖 的 墙头草
171943201744,吕 秀才 请求 参战
171742792432,辩论 我们 作为 观众 并 不是 去 认为 谁 谁 一定 对 而是 提供 给 我们 看 问题 的 多个 角度 这 评论 的 很多 人 都 是 如此 彼此 从 对方 的 话语 中 找到 漏洞 进行 抨击 这 就是 辩论 而 作为 中立派 的 人 只 需要 拓宽 自己 的 思路 就 可以 了 同一个 问题 不同 的 看法
171719941808,看 完 了
171615443168,有些 人 看 辩论赛 是 带 着 结论 来 的 然后 就 各种 否定 另一方 的 选手 真的 好 讨厌 这种 人 啊 傻子 一样 的
171420341376,他 可以 去 参加 答辩 了
171412405472,在 某个 国家 的 一个 城市 中有 一座 小 教堂 而 教堂 的 旁边 有 一个 酒吧 于是 每每 主教 带 着 信徒 在 做 祷告 的 时候 旁边 的 酒吧 里 总是 会传 出来 震耳欲聋 的 劲 爆 舞曲 有 好事者 问 酒吧 的 老板 你 把 酒吧 开 到 教堂 旁边 就 不会 觉得 有 什么 不 合适 么 老板 回答 道 那 都 是 封建迷信 我 不信 这个 这个 人 又 去 问 主教 和 信徒 不介意 么 主教 和 信徒 厌恶 的 回答 道 亵渎 上帝 是 会 受到 惩罚 的 我 祈祷 他 的 酒吧 被 雷劈 掉 几个 月 后 在 一个 风雨交加 的 夜晚 一道 闪电 就 真的 劈 在 了 这间 酒吧 上 给 酒吧 的 老板 造成 了 极大 的 损失 信徒 皆 以为 是 神迹 于是 纷纷 祷告 酒吧 老板 从 好事者 口中 知道 了 主教 的 言论 之后 便 随即 将 主教 以及 教堂 告上 法庭 索要 巨额 的 赔偿金 于是 在 法庭 上 就 出现 了 极其 有趣 的 一幕 原本 没有 信仰 的 酒吧 老板 坚称 是因为 主教 的 祈祷 所以 才 造成 了 自己 的 损失 原本 信仰 坚定 的 主教 和 信徒 则 是 辩驳 道 封建迷信 信 不得 啊 虔诚 信徒 同 红尘 当中 的 无 信者 在 法庭 上 口沫横飞 的 试图 去 证明 先前 自己 所 唾弃 的 东西 同时 否认 自己 所 坚信 的 东西 怎么样 有趣 吗 ?
171351959648,正方 不好 辩 啊 但是 也 很棒 啊
171255961072,现在 来看 钱 就是 万恶之源
171305690656,唉 资本
171182992560,正方 四辩 也 很 厉害
171183067408,但 我 更 喜欢 反方 四辩
171182726864,反方 四辩 也好 厉害
171180676128,正当 一辩 和 反方 三辩 好 厉害
170642754272,突然 发现 我 看过 这个
170670313952,回复 : 你 小子
169826195424,emmmm 我 还是 不太 理解 正方 论证 钱 是 万恶之源 我 觉得 没错 啊 万 本来 就是 许多 的 意思 并 不是 全部
171186090304,我 觉得 这是 一个 词 那么 它 本身 就是 一个 整体 万恶之源 这个 词语 本身 是 涵盖 了 所有 的 恶 如果 非 要 讨论 万恶之源 里面 单独 的 某 一个 字 的 表象 意思 也 不能 脱开 整体 情况 和 所处 的 环境 吧 不是 还有 句 话 特殊 情况 特殊 对待 嘛
171617190096,回复 : 为什么 万恶之源 就是 一个 整体 呢 是 什么 专有名词 吗 正方 选 这个 点 破题 简直 是 巧妙 到 不行 了 不然 正方 根本 没法 破题 反方 可以 一直 说 又 不是 所有 的 恶 都 有钱 导致 这 不是 肯定 的 吗 什么 东西 能 统治 所有
171617530816,回复 : 单独 一个 字 的 表象 意思 是 正方 非要 单 拎 这个 字 吗 我 还 觉得 是 反方 强行 把 这 四个 字 捆绑 嘞 因为 第一个 组词 万恶之源 的 人 把 它 解读 为 一切 所以 后人 就 不 可以 回归 万 这个 字 本质 的 意思 吗 你 说 可口可乐 这 四个 字 不能 拆开 解释 我 认可 你 凭 什么 说 万恶之源 这 四个 字 不能 拆开 解释 我 请问 这 四个 字 有 哪个 字 不 承担 具体 的 意象 凭 什么 不能 拆开 解释 你 理解 这个 词 的 时候 难道 不是 用 这 四个 字 的 意思 组成 这个 词 吗 你 理解 它 都 是 拆开 理解 的 却 限制 别人 拆开 解释
172744682240,当然 没错 啊 辩论 的 重点 不是 谁 对 谁错 是 去 说服 那些 评委 和 观众 哪怕 你 辩论 时说 的 是 错 的 但 只要 你 的 语言 甚至 是 虚张声势 能 说服 观众 和 评委 相信 你 那 就是 你 辩 赢 了 反方 说 万 是 全部 那 也 是 为了 自己 那 一方 的 胜利 去 选择 有利于 自己 的 说法 不管 反方 对 这个 万 的 定义 是否 真的 正确 它 只要 在 当时 能 使 观众 信服 就够 了 也许 没 能 说服 你 但是 它 肯定 说服 了 其他 一些 观众 其实 自由 辩论 时 正方 三辩 还 说员字 下面 没有 贝 呢 这里 我 也 觉得 正方 说错 了 但是 我 知道 正方 是 为了 自己 胜利 所以 必须 努力 反驳 反方
174152227568,回复 : 词语 都 有 字面 意思 和 形容 意思 拆开来 解释 字面 意思 万 确实 不是 全部 但是 我们 用 一个 词语 成语 在 句子 里 理解 一句 话 的 意思 的 时候 都 是 用 的 实际 形容 意思 比如 万人空巷 汗牛充栋 惨淡经营 一个 一个 字 去 解释 这些 词语 就 出现 望文生义 的 错误 了
169738360688,反方 三辩 好 牛 逼
169591667088,我 是 墙头草
169333790928,辩题 正方 太 吃亏 了
169327721392,万恶之源 并非 恶 这 一点 反方 抓得 很 好 啊 直接 破题 了 而且 正方 的 观点 一下子 站不住脚 了 看得出来 后面 正方 四辩 做 陈词 的 时候 很 努力 在 立意 渲染 情绪 和 煽动 但 确实 观点 有点 站不住脚 确实 是 很 精彩 的 比赛
171617501808,我 倒 觉得 反四 那个 万恶之源 这 四个 字要 捆绑 在 一起 是 站不住 的 因为 第一个 造词 的 人 翻译 为 一切 所以 就是 对 的 吗 我 觉得 正方 这个 回归 万 的 本意 简直 就是 破 了 一个 无解 的 题 真的 太妙了
169060000224,常看 常新
168776470816,实际上 是 性善论 和 性恶论 的 辩论
197567916032,反方 也 有举 善行 啊
168677752064,纯路 人 下半场 就 觉得 反方 更胜一筹 但是 都 很 厉害
168611253648,不同于 之前 懵懂 语言 的 欣赏 这 一次 很 认真 的 听 完 了 全程 想 留下 些 注脚 能 和 以后 的 我 的 理解 再 去 对比 思考 或许 会 有 新 的 感悟 和 收获 我会 判给 正方 胜 原因 一下 很 希望 大家 看到 了 能 帮忙 指点 下 哪里 思考 的 不 对 哈 从 定义 的 角度 正方 诉诸 词典 反方 诉诸 辞海 等 同时 带有 语境 和 其他 带万字 词汇 的 渲染 照理说 定义 方面 应该 偏向 于 反方 但是 从 论证 空间 合理性 层面 论证 all 只能 要求 正方 从 机理 上去 证 好像 有点 强人所难 所以 我 偏向 于 正反 拉平 从 论证 的 角度 使然 战场 上 正方 所有 的 例证 我 觉得 是 诚意 满满的 而且 反方 没有 进行 拆解 和 削弱 只是 想 用 其他 类似 强奸 暴力 等 竞争性 假说 对冲 而 正方 对 强奸 以及 其他 反方 所提 的 例证 都 有 溯 其源坻 的 削弱 除了 没有 处理 校园 枪击案 所以 我 认为 例证 上 正方 偏优 实然 战场 的 另 一块 上 也 就是 机理 方面 我 听到 的 分为 三 部分 钱 的 主客体 关系 矛盾性 钱 的 历史性 和善 恶性 主客体 层面 应该 是 到 正 三 和 自由 辩 的 时候 正方 把 反方 所有 例证 都 扯 上 钱 但是 反方 不 知道 是不是 把 它 放掉 了 转而 主攻 了 历史性 只 在 最后 结辩用 立场 上 的 话语 提了 一嘴 我 觉得 这是 反方 的 优势 战场 这样 放掉 了 也 没 解释 强行 让 正方 拉平 我 觉得 算 正方 矛盾性 导致 了 钱 的 恶 的 源 这个 我 个人 觉得 是 正方 不 成熟 的 论点 被 反三一 拆 一结 就 没有 了 后续 的 补救 可是 这是 正方 的 第一个 论点 啊 所以 这个 归 反方 然后 就是 钱 的 历史性 和 善恶 其实 它们 是 在 自由 辩 最后 程才 成为 主 交锋 也 是 反方 放弃 了 主客体 直接 来 打 的 战场 自由 辩上 正方 的 兽性 一词 和 对 反方 的 善恶 标准 的 索取 让 反方 先逃 了 一会儿 可是 正方 没有 结就 导致 了 反方 结辩 的 时候 的 那个 语境 渲染 下 的 兽性 不 在 为 中性 的 逻辑 我认 了 哈 当然 他们 不在乎 我 认不认 单纯 我 的 feeling 哈 当然 正方 的 万恶之源 不 一定 是 恶 的 论断 很 有意思 可惜 没 阐述 清楚 所以 我 觉得 这个 战场 偏向 于 反方 实然 战场 的 两 部分 正方 例证 大胜 一个 机理 微弱 优势 反方 一个 机理 大胜 一个 机理 微弱 优势 来到 应然 战场 反方 渐彪 学长 可能 时间 不够 或是 为了 渲染 兽性 的 场景 花 了 太 多 时间 价值 没 升上去 我 觉得 的 正方 周帅 啧啧 啧 我 觉得 价值 没 问题 所以 我会 偏向 于 正方 综上 定义 标准 上 正方 拉平 实然 层面 正反 基本 持平 我会 把 例证 和 机理 再 二阶 划分 所以 可能 会 偏向 于 正 应然 层面 正 偏优 所以 我 觉得 是 正方 获胜 哈 不足 或者 漏 了 的 地方 希望 大家 看到 了 能 帮 我 指出 谢谢 啦
168564666800,总结 就是 辩论会 带 你 深入 思考 去 剖析 问题 的 本质 即使 斑马 到底 是 黑 是 白 这种 看似 已经 有 结果 的 经过 辩证 也 能 加深 认识 不过 现在 的 很多 辩论 感觉 很多 不如 过去 这般 精彩
168167938704,万恶之源 的 释义 一切 罪恶 的 源头 这 就 不 可能 给 金钱 了 一切 罪恶 的 源头 是 人性 啊 想 硬 解释 为 万是 很多 的 意思 钱 是 很多 罪恶 的 源头 依然 不 对 首先 贪钱 才 是 源头 钱 就是 个 中性 的 工具 怎么 可能 成为 源头 再者 都 源头 了 不 应该 有且 仅 有 一个 源头 还 能 好多个 吗 就 好比 饥荒 年代 也 很多 人 为了 粮食 卖儿 卖 女 互相 偷 抢 杀戮 难道 粮食 是 万恶之源
167995563328,弹幕 懂哥 是 真的 多
167940876224,6663
167940939328,6 心
167770768080,双方 没有 争议 的 就是 小日子 不是 人
167738796832,说实话 感觉 两方 换 一下 武大 能 碾压 反方 太好 说 了
167543882752,太 经典 了
167541771648,怎么 做到 反应 这么 迅猛 发言 这么 冷静 又 有 逻辑 的 太 厉害 了 做到 这种 程度 得 经常 练习 吧
167323769408,正方 太 不利 了 就算 辩得 再 好 也 不会 赢 的
167280402144,人类 历史 上恶 先于 货币 出现 所以 钱 不是 万恶之源
167275263168,钱 不是 万恶之源 所以 反方 必胜
166438370656,我 觉得 正方 在 人性 善恶 这 一点 论得 不好 最后 结辩源 不 一定 是 恶 这点 有 很 强 的 攻击力 但是 前面 都 没有 展开 论述 比如 可以 用 这个 来 反驳 女性 是 强 J 犯 行凶 的 源 但 女性 本身 不是 恶
165822525632,如果 人类 世界 真的 存在 所谓 的 万恶之源 那么 这个 万恶之源 只能 是 人类 自己 金钱 是 货币 的 代称 主要 作用 是 交易 价值尺度 方便 流通 和 储存 其本质 是 所有者 之间 关于 交换 权 的 契约 货币 出现 之前 人 用以 物换物 的 形式 做 交易 但是 有时候 交换 的 物资 种类 会 限制 交易 的 发生 为此 人类 发明 了 货币 综上所述 货币 本身 只是 为了 方便 人类 交换 而 发明 的 工具 并非 万恶之源
165819926864,这么 多人 觉得 反方 占优 不 恰恰 说明 了 反方 把 大多数 人 说服 了 吗 这个 辩题 正方 占优 吧 正方 实力 与 反方 有 差距 打 的 不好
165644515648,钱 不是 万恶之源 就算 世界 上 没有 钱 也 会 有 一种 东西 代替 它
165532735328,我 感觉 正方 最牛 逼 的 观点 是 总结 中 所说 的 万恶之源 本身 并 不是 恶在 恶之源 之上 同样 可以 开出 美丽 的 善 之花 这个 观点 我 感觉 可以 反驳 反方 很多 的 观点 但 可惜 之前 的 辩论 中 并 没有 用 这 一 观点 参与 辩论
165533646272,并且 用 这个 观点 来 阐述 论证 金钱 为 万恶之源 我 感觉 更加 有 力度 金钱 是 造成 了 大多数 恶 的 产生 所以 是 万恶之源 但是 金钱 其 本身 却 不是 恶 的
165522161920,我 真醉 了 辩论 而已 老说 什么 色情
168896609568,不爽 的 主要 原因 不是 因为 色情 而是 单纯 看有 个 和 意见 不 相符 的 队伍 不爽 而已
197568129680,难道 见色 起意 所 犯下 的 诸如 性侵犯 不是 恶 吗 反方 需要 为 他们 的 辩题 举证 这是 一个 很 好 的 切入口
165508961680,个人感觉 这个 题目 不太好 单从 数学 的 角度 来看 证明 一个 结论 需要 严密 的 证明 而 证明 一个 命题 为否 只 需要 举 一个 例子 就 可以 了
165486803744,思维 能 跟得上 他们 的 语言 吗 哈哈哈 2023 年 啦 就 喜欢 这种 灵活 的 思维
165178894352,神仙 打架
164993174288,我 才 发现 我 是 墙头草 哈哈 真的 太牛 了
164925294464,皮皮虾 过来 的
164924299040,太爽了 高中 那会 选修课 上 老师 在 讲厅 给 放 的 两场 武大 的 辩论赛 直到 今天 看来 依然 很 有 价值 武大 三辩 余磊 NB
164915434880,好 牛 现实 中说 我 两句 我 都 屁话 不敢 说
164899389024,这辩题 对 正方 不太 友好 但是 反方 二辩 的 猫 狗 论用 正方 的 观点 可以 辩论 为 踢打 路边 猫 狗 的 人 的 恶 是 源于 其 生活 中 的 不幸 生活 中 的 不幸 还是 源于 钱
164870544672,余磊 好帅
164829464720,串改 教科书 真是 6 这 不是 现在 发生 的 吗
164815942496,我 支持 反方
164810660400,好 喜欢 这场 辩论赛 呀
164808427776,2023 前来 观摩
164495201264,后面 偷换概念 有点 严重 感觉 选择 这个 话题 正方 本来 就 有些 吃亏 啊
164218015136,我 不 知道 性欲 和 对 钱 的 欲望 有 什么 区别 我 也 不 知道 性 有没有 罪钱 有没有 罪钱 是不是 万恶之源 但是 哪个 有罪 真的 重要 吗 难道 不是 因为 我们 自己 无法 克制 吗 钱会 杀人 吗 他 能 毒死 人 吗 就算 毒药 在 那里 一把 刀 在 那里 你 不 喝 它 你 不 把 它 刺进 自己 的 胸膛 他 怎么 会伤 到 你 归根结底 还 不是 自己 太弱 自己 的 内心 太弱 自己 的 克制 力太差 如果 给 你 退回 到 幼儿园 学前班 里面 你 会 克制不住 自己 讲话 的 欲望 和 想要 乱动 的 浮躁 吗 难道 是因为 幼儿园 的 制度 太 严格 吗 只不过 人类 的 能力 有 极限 越 往上爬 敌人 越强 越 往前走 困难 越大 但 敌人 不 就是 用来 战胜 的 吗 困难 不 就是 用来 克服 的 吗 只不过 最后 失败 了 而已 钱 是不是 万恶之源 我 不 知道 但 如果 消灭 钱 就 能 消灭 这 世界 上 的 恶 的话 那 人们 为什么 还要 使用 钱 呢 抹除 性 就 能 消除 犯罪 的话 为什么 法律 不 强迫 人们 自宫 呢 因为 钱 是 货币 是 文明 发展 的 依托 性是 繁衍 是 文明 发展 的 根源 我们 要 做 的 不是 消除 钱和性 而是 锻炼 自己 克制 的 能力 不是 去 消除 欲望 而是 掌控 欲望 让 他 为己 所用 让 自己 的 内心 更加 强大
163993704512,两年 了 到 目前为止 看过 印象 最深 的 就是 这场 和 能否 以 成败论 英雄 还有 一个 讲 洞穴 奇案 的 辩论 了
163869930688,最后 恶之源 不是 恶 简直 逆转 了 这个 题目 对 正方 的 不 友好
163777471952,厉害
163682069696,我 看 完后 的 评价 是 人家 发 一次 言 我 的 立场 就 跟着 人家 变 一次 墙头草 竟是 我 自己
163091606080,2023 年 重温 经典
162861741472,中国 人 认为 世间 三大 罪恶 分别 是 黄赌毒 其中 赌和毒 都 与 钱 息息相关 反方 只能 说 黄 了 因为 色欲 与 钱 无关 可以 逼 正方 直视 万 的 意思 而 正方 一直 在 玩 文字游戏 翻 词典 说明 万 没有 一切 的 意思
162629195440,我 觉得 正方 辨成 这样 真的 已经 很 厉害 了 比较 正方 的 立场 很难
162615651888,弹幕 刻板 印象 实在 是 太强了 理科生 打 辩论 也 可以 很 牛 的 好不好 虽然 我 是 纯纯 文科生
162546566208,很 可惜 正方 一直 没有 正面 回应 反方 说 的 贪钱 的 问题 虽然 恶 在 贪 但源 在 钱 钱 作为 中 立体 不 影响 其 作为 恶之源
162416036352,看到 一个 小 问题 铜臭 是不是 读作 tongxiu 如果 我错 了 希望 各位 大佬 帮忙 指正
161789106208,没 文化 只会 说 牛 逼
161706801408,上半场 结束 时 的 最后 一辩 绝对 精彩 一句 话 钱 只是 一个 交易 工具 一个 死物 它 的 产生 是 人类文明 发展 的 产物 它 最初 产生 的 目的 只是 为了 方便 交易 而 不是 去 制造 恶 你 为 钱 杀了人 那么 到底 是 钱 恶 还是 人恶 呢 如果 是 钱 恶 为什么 被 判刑 的 是 人 而 不是 钱 你 拿 刀 杀人 战场 上 你 用 枪杀 人用 炸弹 炸人 那 我 能 不能 说 刀枪 炸弹 都 是 万恶之源 呢 一句 佛语 我 更 喜欢 贪是 万恶之源 的 说法 贪财 贪食 贪欲 全在 一个 贪字
161655649904,语文 老师 让 我们 看 的
161614637904,反方 不 应该 辩万 应该 辩源
161236393440,我 看 有人 说 正方 吃亏 的 其实 在 一 开始 我 看到 标题 我 就 偏向 正方 但是 这 一场 下来 收获 良多
161200821376,周玄毅 年轻 时候 的 辩论 还 挺 好 的 现在 我 看 他 老友 赛 的 辩论 真的 是 看不下去 经历 果然 能 改变 一个 人 的 性格
161148897216,我 迷茫 了 我 选择 嗑瓜子
160697318016,这个 万恶之源 的 辩题 就 离谱
160284147472,感觉 前二 二三 辩刚 看到 正方 第三 辩 整个 结构 几乎 一模一样 都 是 反驳 对方 对万字 的 理解 正方 三辩 还加 一个 反驳 了 对方 的 论点 前 一个 还 行家 暴 就 说 不通 了 然后 就是 解释 自己 的 论点 但 和 前面 的 论点 一致 就是 举 的 例子 不同 正方 是 发生 了 一些 恶事 都 是因为 钱 钱 是 万恶之源 反方 是 钱 不是 万恶之源 还有 一些 恶事 与 钱 无关 我 也 就是 顺口 一说 后面 还 没有 看到
159850365616,黄暴 问题 如果 钱 不是 万恶之源 若 是 对方 有钱 为什么 要 选择 强奸 而 不是 嫖娼 呢 如果 他 选择 了 强奸 被 抓 了 花钱 摆平 正义 没有 得到 伸张 那 如何 证明 钱 不是 万恶之源 呢 王思聪长 得 一般 但 有钱 很多 人 倒贴 那 还 需要 去 强奸 吗 若 是 强奸 了 被 强奸 的 人 是 自愿 还 是非 自愿 的 呢
163934508288,都 说 了 是 强奸 当然 是非 自愿 如果 是 自愿 那 还 叫 强奸 吗
159821322976,面对 黄暴 强奸 话题 女生 完全 没有 必要 感到 不好意思 或是 难以启齿 旁观者 也 不 应该 觉得 女生 不 应该 / 不 方便 参与 一是 女性 无错 二是 辩论 的 专业性 应该 客观 理性 且 积极 地 探讨 三是 反对 无谓 的 性 羞耻
159819792848,过度 的 欲望 是 万恶之源 钱 只是 它 的 傀儡
159823021648,钱 真的 不是 万恶之源 基因 多样性 导致 个体差异 环境 进行 筛选 造成 初步 差异 欲望 对 资源 的 占有欲 导致 剥削 和 压迫 积累 到 一定 程度 后 形成 文化 / 阶层 形成 更 完整 复杂 多样 的 剥削 链条 加剧 剥削 而 钱 只是 这种 剥削 流通 的 象征 并 不是 源头 源头 就是 基因 和 资源 占有欲
159163902496,播放 量 这么 高 的 这么久 了 被 安利 学 沟通 技巧
158860046992,钱 是 万恶之源
158862261712,反方 三辩 太 厉害 了
158863935936,回复 : 后续 都 认为 钱 不是
158849251104,正反方 辩论 的 都 很 好 但是 反方 的 观点 既然 钱 是 万恶之源 那钱 为什么 能 行善 呢 把 我 说服 了
158335515648,04 : 54
158335463616,04 : 08
157942655920,我 感觉 他们 辩论 对 辩题 的 定义 权上 争论 很 激烈 啊
157921758576,我 是 理科生 是 更加 侧重 逻辑 的 但是 我 觉得 评分 时 也 应该 根据 辩题 的 利 与 不利 之间 适当 侧重 在 辩题 不利 的 条件 下 能够 如此 诡辩 我 真 觉得 能力 很强 了
157848216064,但是 占 了 大半 于 物质 的 缺失 基本 都 可以 被 钱 代替 精神 缺失 大多 也 能 被 钱 代替 这 就是 钱 这样 的 一般 等价物 在 人类 做出 的 贡献 引诱 工具 带来 的 便捷 往往 还会 带来 恶果 如 钢铁 火药 等 钱 的 功能性 远 强于 这些 所以 带来 的 恶 也 远 强于 这些 你 的 宝物 对于 他人 而言 是 毒药 在 人口基数 愈来愈 大 的 时候 制度 满足 不了 人类 需求 的 平衡 的 时候 毒药 的 特性 就 越强 人类 领导者 一直 就是 平衡 人 与 工具 的 关系 这是 几千年 来 的 人类 发展史
157846052512,正方 其实 也 还是 有 优势 的 正方 只要 围绕 除钱外 的 恶 都 是 兽性 或者说 动物 本能 就 好 了 而 贪婪 是从 食欲 洞穴 安全 衍生 而来 钱 把 这些 贪婪 扩大 了
157841100848,看 封面 我 以为 是 天才 知道 北大 校草 严堃
157799354608,蒋舸 这 声音
157653912368,在 学校 看 了 好看 惨 了 好 精彩
157511206896,主要 是 不 可能 有 那么 快 的 应变 这种 人 肯定 是 身经百战 才 会 有 的
157210403984,我 有 一个 疑惑 就是 为什么 大家 包括 观众 都 不 认同 万 就是 表示 绝大多数 而 不是 一切 为什么 正方 给 万字 下定义 大家 觉得 在 万字 上 纠缠 是 不明智 的 明明 定义 好 万 只是 绝大多数 正方 更好 打 呀 毕竟 有些 恶 真的 跟 钱 没关系
157848360112,但是 占 了 大半 于 物质 的 缺失 基本 都 可以 被 钱 代替 精神 缺失 大多 也 能 被 钱 代替 这 就是 钱 这样 的 一般 等价物 在 人类 做出 的 贡献 引诱 工具 带来 的 便捷 往往 还会 带来 恶果 如 钢铁 火药 等 钱 的 功能性 远 强于 这些 所以 带来 的 恶 也 远 强于 这些 你 的 宝物 对于 他人 而言 是 毒药 在 人口基数 愈来愈 大 的 时候 制度 满足 不了 人类 需求 的 平衡 的 时候 毒药 的 特性 就 越强 人类 领导者 一直 就是 平衡 人 与 工具 的 关系 这是 几千年 来 的 人类 发展史
157849153344,和 钱 没关系 的 恶 基本 都 是 兽性 猎奇 色欲 求知 懒惰 食欲 等等 而 钱 是 真的 把 恶 的 种类 扩大 了 很多 工具 的 真 反面 属性
157188168416,文科生 的 表达 真的 流畅 自如 气势 饱满 词汇 丰富 漂亮 理科生 逻辑 强大 会 抓 重点 说服力 强 我 站 反方
157106326352,这 是 我 看 的 第一场 辩论 初看 即 是 巅峰 后面 看到 的 在 没有 这般 水平 了
157007985552,弹幕 大神 多 佩服 佩服
156452572416,2023 年 回来 看 这场 比赛
156258329728,AI 机器人 懂 了 人类 本身 才 是 万恶之源 消灭 人类
156098656304,我 还是 喜欢 正方 的 发言 风格
155947808720,别看 弹幕 别看 弹幕 别看 弹幕
155721764960,这 一场 的 带队 老师 现在 已经 是 副 老大 了
155652626656,本来 正方 很 劣势 开始 正方 辩论 的 挺 好 的 都 把 我 说服 了 但 后面 反方 四辩 太强了 非常 有 逻辑 正方 四辩 却 没有 回答 到 点 上去 过于 注重 语言表达 了 所以 反方 胜利 很 正常 不过 最佳 辩手 是 真的 厉害 在 完全 不 占优势 情况 下 依然 能 说服 人 真的 很强
155569155104,楼主 可以 给 个 视频 吗 想 让 学生 看一看 提升 一下 思维
155516877936,虽然 我 是 武带 的 但 我 觉得 这场 反方 新加坡 说得对
155633258528,这场 反方 真的 相对 好辩
157850675072,回复 : 差不多 的 毕竟 善恶 这个 东西 从古至今 就是 经久不衰 的 话题 都 有 太 多 的 依据 了 钱 这样 的 人类 发明 的 工具 重点 是 人 的 作用 但是 钱 确实 也 是 人类 最 得力 的 工具 带来 的 恶 也 是 不可避免 的 只 需要 抓住 带来 的 恶 就 好 了 这个 辩论 没 必要 讨论 钱 带来 的 善 的 不然 走题 了 就 像 人 自带 的 善恶 一体 一样 工具 给 人用 的 自然 也 有 两面性 人类 领导者 要 做 的 是 尽量 的 让 工具 带来 善 的 一面 钱 确实 是 万恶之源 是 钱 带来 的 适用性
160672161168,反方 是 马来亚
155515889344,利 是不是 万恶之源
157851683664,钱 是 利 不是 钱 是 工具 本身 没有 属性 在于 人 但是 工具 会 带来 负面 效果 钱 既 是 万恶之源 也 是 发展 之始 两者 不 冲突 利则 是 兽性 的 一种 小狗 还 知道 撒尿 划 地盘 呢 如果说 利 是 万恶之源 那 所有 人类 甚至 所有 生物 都 该死 它们 体内 的 兽性 会 一直 逐利
155452054976,还是 以前 的 辩论赛 好看 呀
155305857760,我 记得 我 高中 辩论 的 兴趣 选修课 老师 和 我们 说 了 武大 之所以 没赢 就是 一直 没有 正面 回应 马来亚 大学 的 一个 论点 说明 事前 准备 不 充分 没有 研究 对 这个 论点 的 正面 回复 所以 输 了
155241648832,正方 语言 感染力 很强 铿锵有力 反方 语音 语调 听 着 捉 急
155035698512,我 不 知道 金钱 是不是 万恶之源 但 我 知道 人 的 不 适当 的 欲望 是 看得人 肾上腺素 飙升
155025324576,今晚 看 的 第二个 辩论赛
155001256880,2023 年 刷 到 的 正常 吗
154858112736,没 时间 了 被 鞭尸 真的 好惨 呐 哈哈哈哈
154828724336,太精彩 了 看 得 一 愣 一 愣 的 疯狂 两边倒
154771900608,太牛 逼 了 啊 啊啊啊 啊 直接 成为 我 男神
154696297696,钱 当然 不是 万恶之源 万恶之源 的 是 人性 钱 只不过 是 放大 了 人性 的 恶 罢了 就 好比 杀人犯 拿 刀 杀人 总 不能 把 杀人 怪 在 刀 上 吧 没有 刀 杀人犯 就 杀 不了 人 了 吗 不是 这么 简单 的 问题 还 用 辩论 吗
154698700768,建议 你 去 看 一下半 佛说 辩论 那 一期 视频 辩论 的 重点 不 在 辩题 而 在 辩论 的 过程 辩论 的 过程 才 是 看点
154699493680,回复 : 看来 是 我 格局 小 了 感谢 提 点
157040251856,回复 : 半佛 不 懂 辩论
157347693376,回复 : 我 也 不 太 懂 哈哈哈 只是 听 他 做 的 视频 觉得 他 说 的 也 有点 意思 辩论 对于 我们 普通人 的 作用 罢了
157542151056,钱 当然 不是 啊 只是 你 倒霉 抽到 了 正方 你 就 必须 证明 钱 是 万恶之源 辩论 从来不 看 结果 的 对错 而是 在 辩论 过程 中 说服 对方 接受 你方 的 观点 而 对于 反方 不是 就 更好 辩 了 抓住 一些 的 饿 对 钱 没关系 就 可以 了 注意 过程 中 你 如果 思路 跟不上 正方 了 那 你 就 输 了
157542812784,如果 正方 反驳 了 你 这种 观点 你 就要 在 重新 举 一种 观点 来 你 不能 老是 重复 你 的 这 一句 观点 会 让 人 觉得 你 已经 辩 无可 辩 强行 在 辩 了
157543675232,我 感觉 我 也 可以 辩 一下 好 那 请问 杀人犯 的 刀 是 哪里 来 的 刀 是不是 是 用钱 买 的
157852640352,钱 从来 就是 工具 他 带来 多大 的 好处 就 能 带来 多大 的 坏处 作为 人类文明 一直 以来 最 重要 的 工具 他 也 是 绝对 的 万恶之源 人类 整个 文明 就是 在 协调 人类 与 自然 还有 人类 的 工具 正是 因为 人类 的 文明 中 金钱 的 作用 太 大 所以 才 成 了 万恶之源
159437001344,你 到底 有没有 认识 到 辩论 的 重点 在 哪儿 啊
159437362208,回复 : 那刀 在 被 制造 初期 出来 的 的 目的 是 什么 是 为了 杀人 吗
154528154112,老公 殴打 老婆 因为 工作 上 的 不如意 情绪 的 宣泄 工作 是 为了 什么 为了 钱 变得 不如意 有 情绪 去 殴打 他人 造成 的 恶 不是 因为 钱 吗 有些 恶是 道德 的 恶人 性 的 恶 大多数 都 是 金钱 的 恶 道德 的 恶 没 素质 破坏 公物 踢 猫 踩 狗 打架斗殴 是 可以 教育 的 大多数 金钱 的 促化 人性 的 恶 放大 人性 的 恶 是 最大 恶极 的 恶 金钱 的 诱因 可以 使 小 恶变 大恶 世间 争斗 特别 是 大 方面 的 罪恶 皆 因 利益 往来 也 就是 钱 不 涉及 到 利益 钱 的 恶 一般 是 小恶 可以 改善 加 教导 一旦 涉及 到 利益 s 人 f 火 f 罪 颠覆 gj 侵略 危害 人类 全都 是因为 利益 没有 利益 又 吃力不讨好 的 大恶 没人 去 做 比如 仇 s 为什么 会 有 仇恨 肯定 是 他们 之间 或者 他们 有 联系 的 上下 代 之间 利益 不均 造成 的 利益 不 就是 钱 的 具体 表象 吗 没有 利益 你 在 不 缺钱 的 情况 下 看 人 不 顺眼 你 会 捅 他 吗 当然 你 在 没有 钱 心里 极度 不 平衡 下 可能 会 捅 路 人 原因 不 就是 因为 你 没 钱 你 对 这个 社会 感到 不公 发展 的 心理 扭曲 吗 本质 不 还是 因为 钱 吗 你 幸福美满 你 干 得出 这样 的 事 所以 说 一切 都 围绕 利益 各种各样 的 利益 人 脉 资源 等等 都 是 钱 的 各个 表现 不 为了 利益 去 作恶 大多数 都 是 小恶 或 极少数 无关 经济 自身 人格 扭曲 不 正常 的 是 少数 大多数 的 大恶 皆 为 利而 起利 就是 钱 说 是 万恶之源 一点 都 不 夸张
154525168784,岛国 侵略 涉及 了 钱 为什么 岛国 侵犯 其他 国家 是因为 他 自身 资源 太少用 武力 去 抢占 其他 国家 资源 每个 国家 的 资源 总体 化 就是 钱 比如 人口 石油 矿产 土地 这些 都 是 钱 至于 屠 s 是 更好 的 占用 这些 钱 本质 还是 为了 利益 利益 就是 钱 没有 任何 利益 没有 钱 根本 不会 有 战争 战争 就是 为了 利益 利益 就是 钱 的 具体化
155305460128,但是 钱 并不等于 资源 呀 货币 几乎 并 没有 实际 价值
155312389072,回复 : 资源 是 钱 啊 没有 战争 你 的 资源 是不是 要 用钱 买 土地 人口 是不是 可以 搞 生产 这些 换算 下来 都 是 钱 钱 不是 一张 纸 他 有 多种形式 你家 有 石油 有 天然气 有 土地 都 等同于 你家 有钱
154516818368,人 与 人 之间 的 矛盾 除了 钱 之外 还有 你 付出 的 多 我 付出 的 少 你 认真 我 敷衍 你 想 我 不想 你 要 我 不 给 你 喜欢 我 讨厌 你 交际 强 我 自闭 你 强大 我 弱小 你 勤快 我 懒惰 你 有 追求 我 甘于 平凡 你 浪费 我 节约 你 有 我 没有 等等等等 没有 钱 的 存在 可以 免除 大部分 矛盾 但 仍会 有 冲突 这时候 仍 需要 教化 和 法律 人类 唯一 不能 缺 的 是 教育 和 法律 在 大同世界 里 没有 私有化 就 没有 私心 人们 环境 差不多 物质 差不多 大家 差不多 一个 样子 的 氛围 熏陶 下 下一代 也 差不多 大家 在 一个 教育 的 理念 下 互助 互爱 如果 有人 因为 人性 突破 道德 和 周围环境 的 熏陶 依然 作恶 就 需要 法律 就是 全人类 的 敌人 给予 惩罚 外 在 大家 都 是 差不多 的 内在 加上 教育 理念 这样 的 世界 会 不会 更 单纯 更 美好 或许 仍然 会 有 矛盾 但是 相比 现在 呢 如何
154513233744,我 支持 正方 钱 是 万恶之源 如果 没有 人 就 没有 钱 离开 人钱 也 就 没有 意义 也 并 不 存在 所以 谈不上 恶 不 存在 才 谈不上 恶 但是 钱 是 存在 的 钱 肯定 会 被 人类 所 使用 只要 他 存在 被 人类 所 使用 他 就是 万恶之源 一个 普通人 靠 自己 的 劳动 正规 得来 的 钱 也 是 万恶之源 因为 为了 钱 人们 被迫 劳动 付出 体力 脑力 精力 等等 付出 这些 人类 就 没 办法 自由 的 按照 自己 的 意志 去 生活 很多 时候 必须 去 做 不得不 做 自己 并 不想 做 的 事 这些 都 是因为 要 挣钱 更 不用说 其他 更 多 为了 钱 不择手段 亲人 朋友 反目成仇 烧杀抢掠 犯罪 争吵 打架斗殴 等等 社会 的 阴暗面 都 是因为 钱 每个 人 为了 追求 钱 无论是 被迫 正规 劳动 还是 非法所得 都 付出 了 巨大 的 代价 和 自由 因为 有钱 的 存在 我们 没有 大同世界 我们 有 了 阶级 压迫 和 剥削 有 了 369 等 如果 这个 社会 没有 钱 一个 人 就 不 可能 有 多余 的 财富 他 的 所得 全靠 自己 的 劳动 去 创造 去 交换 那么 人 与 人 之间 的 差距 就 不会 太大 也 不会 有 欺压 和 不公 才 会 有 大同世界 没有 钱 科技 是不是 不能 发展 城市 是不是 不能 建造 文明 是不是 不能 持续 没有 钱 的 存在 但是 有 规划 有 安排 的 发展 社会 可能 缓慢 但 不会 停止 人类 一定 要 有 很 高 很快 的 发展 吗 我们 真的 需要 更 先进 的 科技 吗 现在 的 生活 还 不能 满足 人类 吗 现在 的 人类 产品 只有 过剩 有些 根本 我们 不 需要 现在 的 人类 发展 的 太快 太多 了 这些 都 因为 钱 没有 钱 的 存在 我们 社会 发展 慢下来 繁衍生息 按 规划 和 安排 的 作息 劳动 一定 就 比 现在 这个 利欲熏心 疲于奔命 又 高科技 的 社会 差 吗 我 看 不见得 吧 所有 东西 他 本来 就 存在 不是 因为 钱 就 存在 电气 机器 生活用品 手机 电脑 房车 飞机 轮船 科技 艺术品 都 是 人类 创造 的 他们 拿 这些 去 卖 了 钱 如果 是 人类 创造 出来 给 自己 服务 不 谈钱 呢 所以 说 不是 没有 了 钱 就 一定 会 影响 人类 的 生活 因为 这些 东西 人类 本来 就 可以 自己 创造 根本 对 生活 没有 影响 所以 这时候 就 需要 安排 和 规划 没有 了 钱 并 不会 改变 太 多 人类 现在 的 生活 享受
154460700720,梦 是 好 的 否则 钱 是 要紧 的 钱 这个 字 很 难听 或者 要 被 高尚 的 君子 们 所 非 笑 但 我 总 觉得 人们 的 议论 是 不但 昨天 和 今天 即使 饭前 和 饭后 也 往往 有些 差别 凡 承认 饭 需钱 买 而 以 说 钱 为 卑鄙 者 倘能 按 一 按 他 的 胃 那 里面 怕 总 还有 鱼肉 没有 消化 完须 得 饿 他 一天 之后 再来 听 他 发议论
154288722000,发现 自由 辩论 环节 还是 得 用些 策略 每 一轮 回击 需要 尽量 简洁 不宜 做 大段 说辞 不然 己方 时间 先用 完 的话 本 环节 的 最终 解释权 就 相当于 交到 了 对方 手上
154247668656,我 有点 觉得 武大 不是 在 思维 逻辑 和 语言 上输 了 这场 比赛 这个 辩题 容易 让 人 先入为主 支持 反方 观点 尤其 在 双方 旗鼓相当 的 情况 下
154135516064,都 2023 了 我 才 来看
154063026800,钱 在 这个 星球 上 是 公认 的
154059515632,能 看到 这样 一场 辩论赛 实在 是 人生 幸事 这场 辩论赛 是 看 完会 让 人 直呼 痛快 的 程度 反方 四辩 的 总结 发言 让 更 多 人 坚定 的 站 在 了 反方 就 这场 辩论 而言 反方 的 胜利 是 实至名归 我 很 喜欢 武汉大学 的 各位 辩手 但 心中 也 承认 从 逻辑 上 和 反方 论述 的 完整 度上 反方 会 让 人 有 更 高 的 认可度 其实 心中 也 很 期待 如果 是 武汉大学 拿到 了 反方 的 辩题 马来亚 大学 在 正方 的 辩题 上会 如何 破题 立论 说实话 这场 辩题 正方 观点 的 论述 难度很大 双方 都 很 好 要是 更 多 辩手 能 综合 正反两方 之 长 实现 逻辑 和 风采 的 双 展现 就 更好 了
154056225136,情杀 仇杀 在 这 两者 身上 钱 就 不是 万恶之源
153780248704,评论 区 大神 有没有 人 帮忙 解释一下 正方 说 反方 举 了 邪教 的 例子 怎么 没有
153380634288,厉害
152851561600,我 把 这场 辩论赛 的 发言 整理 成 了 稿子 需要 的 可以 发 私信
152845167136,太强了
152723079568,正方 说 的 所有 都 是 没 钱 是 万恶之源
152718165408,你 说 钱 是 万恶之源 我 就 问 你 你 碰 不 碰 吧
152677686112,真的 精彩 忍不住 多刷 了
152481710272,2023 年 前来 报 到
152333802336,我刷 了 第二遍 再 看 还是 很 精彩
152180548112,钱 不是 万恶之源 人 的 本性 赋予 了 钱 的 罪恶
152136346208,弹幕 大神 弹得 一手 好琴 写 得 一手 好 文章 对 娱乐圈 种种 潜规则 了如指掌 打游戏 画画 也 是 不在话下 逻辑思维 又 好 辩论 也 是 顶呱呱 我超 羡慕 的 小 电视 _ 赞
152110972432,从 正方 最后 一位 辩手 的 观点 来看 已经 证明 反方 赢 了 他 都 无法 证明 自己 的 观点 了 还是 讲到 了 人性 方面 的 良知 从 评审团 大佬 所说 在 词性 来说 万恶之源 其实 还是 一切 的 意思 而 正方 更 多 是 讲 很多 而 不是 所有 反方 的 观点 这个 逻辑思维 真的 是 对 的 真的 让 人 印象 深刻 啊 举 的 例子
152069383120,竟然 是 小时候 看过 的 一期 泪目
151932862288,再 看一遍 发现 高中语文 老师 放过 一次
151910178400,太 经典 了
151905089968,服 了 你 些 在 弹幕 里 说瞎话 的 人能 不能 好好 看看
151835216512,up
151595814048,人性 的 恶 才 是 万恶之源 钱 只是 将 人性 恶 放大
151318043488,钱 是 万恶之源 本身 正方 的 劣势 就 在于 这个 万字 反方 抓着不放 正方 只能 被 拖 着 走
151025958352,为什么 谈论 黄赌毒 因为 现实存在 这样 的 人性 之恶 啊 黄性
150972144464,2023.2 . 5 又 来 打卡 啦
150830640096,钱 不是 万恶之源 人 的 贪念 才 是
150830332208,钱 不 可能 是 万恶之源 一切 的 源头 只能 来自 欲望 不管 是 智慧 生物 还是 本能 生物 一切都是 源自 自己 的 欲望 罢了 不管 什么 例子 都 是 如此
150758317248,确实 厉害 佩服
150757389360,2023 再来 膜拜 一下
150396724976,弹幕 就会个 跑题 只要 话 一长 没有 提到 钱 就 说 跑题
150328816752,太牛辣 好 吧
150324160832,这个 辩题 正方 是 不好 辩 的 自己 辩论 过 的 人 都 知道 有 的 辩题 在 朴素 认知 上 就 有 倾向性 想辩 赢 真的 难
151321243440,我 看到 弹幕 说 正方 一直 玩 文字游戏 的 就 挺 好笑 的 这个 辩题 本身 就 很 偏向 文字 类 特别 是 那个 万字 事实 是 很多 人 说 正方 以偏概全 的 恰恰 就是 直接 先入为主 地 认为 万字 代表 的 就是 一切 因为 如果 真 把 万字 和 一切 相等 正方 根本 就 没法 辩 了 也就是说 本身 反方 占有 先机 即 万 和 一切 等同 是 存在 于 绝大部分 人 心中 的 一个 观点 和 日常 用法 其 根本 不 需要 花大 力气 在 这 上面 就 能 在 此点 上 牵 着 对方 走
149913579088,网上 个个 都 是 堪 比 王阳明 先生 的 圣人 自己 认为 的 就是 至理名言 看到 辩论会 那 不得 大谈 特谈
149757958080,弹幕 里 一堆 说 反方 句句 不离色 之类 的话 我 只能 说 正方 对于 这点 很难 所以 反方 说话 可能 会伤 了 一些 感情用事 的 人 的 心 但是 无论 功败垂成 辩论 只有 一个 目的 胜利 因为 只有 胜利 让 你 有 资格 诠释 辩论 的 意义 无 任何 严谨性 的 个人 发言
149721683936,辩论 很 精彩 建议 关 弹幕 看 弹幕 太 多 大神 了 过于 降智
149687971264,正方 的 气场 是 真的 好
149442616512,感觉 把 心理 变态心理 扭曲 应用 上去 反方 很 容易 赢 呀
149331223104,国际 大专 什么 意思
149324758720,之前 的 1w 相当于 现在 多少
149242707856,正方 四辩 最后 的 总结 说 到 万恶之源 并非 恶 其实 蛮 有 道理 就是 没 时间 辩 了 要是 在 自由 辩论 的 时候 提出 也许 会 好多
147981388720,弹幕 一直 说 色情 的 挺 没意思 的 世界 上 的 恶 就是 金钱 和 性 反方 拿性 打 正方 确实 没 办法
147976443312,为什么 我 还 觉得 正方 说得对 仪态 优雅 思路清晰 提出 的 想法 都 有理有据 而且 余磊 好像 罗翔 老师 啊
147974468416,高考 范文
147942646448,马大像 逻辑 厉害 但 没有 感情 的 理工 男 武大 像 只 说 能 说服 自己 的 道理 的 女朋友
149330510416,笑死 了
147628936400,我 的 天好 厉害 啊 看到 一半 的 时候 已经 不 觉得 这是 两个 对立 的 观点 了 只是 他们 在 用 不同 的 角度 来 考虑 问题
147614373392,正方 钱恶 人不恶 反方 人恶 钱不恶
147572742704,不要 苛责 反方 的 普通话 了 要是 双方 都 换成 马来西亚 语去 打 辩论 马来西亚 的 民众 也 会 觉得 正方 的 普通话 不 标准 辩论 的 核心 是 逻辑
147324968304,为什么 很多 人 包括 辩手 都 觉得 万恶之源 是 恶 呢 万恶之源 不 代表 恶 啊 钱 可以 是 万恶之源 也 可以 是 万善 之源 我 个人观点
147298743136,反方 四辩 太牛 了
147289651632,现在 看来 那个 年代 的 武大 或者 所有 大陆 学校 都 是 说 的 有 多 好论 就 有 多 匮乏
147251313984,搞了个 辩论 群
148007859344,人多 嘛 朋友
147226224112,正方 抓住 源 这个 字 就 能 推翻 反方 大部分 言论 了
147203210688,我 感觉 余磊 老师 一 发言 就 有 好玩 的
147194074176,好 精彩
147165579600,余磊 确实 牛 逼 本场 mvp 以及 全场 mvp 双 mvp
147165224080,这个 论题 其实 就是 略微 偏袒 马来 队 没 办法 不过 马来 队 逻辑 确实 也 通 实至名归 武 大队 就是 需要 强行 把 黑 的 说 成白 的 太难受 了 语言 修饰 很强 但是 理论 逻辑 确实 没有 实际 事情 支持 论点 输 也 是 没 办法
147077340480,嗯 被 震撼 了 真的 我 长大 也 要 参加 辩论赛 也 要学 法律 2027 的 麻烦 来 提醒 我 哈哈哈哈 加油 我 真的 看 完一 整个 热血 挺 好 的 学会 了 辩论 的 一些 技法
146892755920,真的 是 那些 弹幕 都 在 说 正方 一直 在 写 满分 作文 逻辑 特别 差 我 真的 觉得 正方 很棒 只是 这个 辩题 本身 就是 对 正方 不利 的 所以 并 没有 特别 好 的 那种 逻辑 但是 他用 他 的 语言 来 说服 了 大家 试想 如果 正方 拿到 的 是 钱 不是 万恶之源 那么 还会 有 这种 逻辑 上 的 漏洞 吗
147468928976,正方 可以 打 你 可以 看看 星辩 同样 的 辩题 正方 赢 了 而且 正方 直接 认了 万 就是 一切 他们 就是 要 论证 钱 是 所有 恶之源
146758069376,有没有 人 解答 一下 为什么 主持人 说 经过 慎重 的 考虑 原话 不 记得 后 观众席 的 笑声 那么 大 难道 是 裁判 讨论 的 时间 非常 长 吗
146735714704,时隔 三年 我 又 来 了
146732591392,终于 看 明白 了 辩论 是 什么 东西 反方 已经 在 道理 上 被 碾压 了 正方 无数遍 强调 万 的 九种 意思 没有 一种 是 一切 反方 还 在 强调 仅 有 的 几种 无关 钱 的 恶 最后 还是 反方 赢 了 看来 辩论 是 比 谁 表现 得 好 而 不是 比 谁 道理 讲 的 清楚 胡搅蛮缠 才 是 辩论 最 重要 的 手段
146757673040,再 看一遍 吧
146840475456,正方 抓万 反方 抓源 不 冲突 的
146710834688,好玩 建议 关 评论 关 弹幕 食用
146700810496,不愧 是 经典
146684707216,所以 西餐 刀 = 罗非鱼
146683084016,为啥 这个 画质 这么 差 啊
146802655968,好多年 前 的 了 up 主 也 没 那个 精力 去 修复
147195496448,这是 01 年 的
146631024144,听 第一遍 的 时候 深深 的 被 正方 的 辩词 和 气势 吸引 太有 文采 太有 魅力 了 正方 就是 最牛 的 听 第二遍 的 时候 竟然 觉得 反方 在 逻辑 上 更胜一筹 因为 他们 只要 不断 的 举 反例 就 可以 打破 正方 的 论点 而 正方 要 从 不同 方面 努力 强调 己方 观点 的 同时 还要 应对 反方 的 攻击 正方 明显 难度 更大 听 第三遍 的 时候 尽管 我 知道 论点 对 正方 不利 且 反方 在 逻辑 上 更 有 说服力 但 我 还是 深深 被 正方 的 发言 吸引 无 他 气势如虹 文采 斑斓 且 全程 脱稿 具有 一种 自信 张扬 的 魅力
146529002336,刚好 看 完
146489384064,我 靠 快 看 这个 好 牛 反方 基本 黄暴 选手
146309179952,钱 不是 无节制 的 欲望 才 是 但 正方 也 有 优势 点 就是 万 可以 代表 很多 但 不能 代表 所有 所以 后面 的 辩论 就 变成 钱 有没有 罪 正方 就 很 劣势 了
146306994192,得 抢夺 对 万 和 钱 的 解释权 啊
146263958480,我 更 赞同 弗洛伊德 的 理论性 是 精神 的 源 动力
146308089760,不能 只 从 生命 的 角度 看待 人人 是 有 主观 能动性 的 在我看来 人 的 精神 原动力 应该 是 好奇心 和 对 认识 世界 可 渴望
146308139072,而且 性是 精神 的 原动力 有些 过于 偏袒 父系社会 了
146492541216,你 赞同 的 性 是 指 性欲 还是 两者之间 的 相互 吸引
146045458816,正方 站 人性 善 反方 站 人性 恶
145978714304,真 精彩 互 有 来回 打得 很 好看
145768671664,建议 关 弹幕 观看
146514986480,开 弹幕 就 等于 看 键盘 侠 输出
145402922656,神仙 大乱斗
145254997392,建议 别开 弹幕
145066478880,时隔 四年 重温 相当 精彩 可惜 正方 题目 本身 就 吃亏 了 逻辑 论证 上 还是 反方 更强
145037363520,听 了 反方 之后 感觉 钱 就是 万恶之源 这个 观点 好 狭隘 啊
144734514912,正 3 反 34 真的 牛 啊 我 敲 我 就是 记录 一下 下次 看 的 时候 希望 有 其他 感触 不用 理 我
144617706368,我 丢 又 帅 又 有 才 天 哪
144402820576,正方 的 万 是 很多 反方 的 万 是 一切 万恶之源 是 一切 坏事 的 根源 所在 单独 论万 就 也 有 很多 的 意思 辩论赛 真的 有些 文字游戏 狂 抢 辩题 另 我 看 up 主 的 评论 区 发言 我 这个 抱 着 学习态度 来 欣赏 辩论 的 外行人 都 不敢 发表 观点 了 怕 自己 的 浅陋 让 人 笑话 嘤 嘤 嘤 我 真的 是 无法 看 懂 辩论 吗
144329843136,我 觉得 武汉 讲 的 很 好
144114651952,第一次 看 辩论 有 谁 可以 给 我 科普 一下 嘛 感觉 这个 看 多少 遍 仍然 觉得 很 精彩
143866748400,我 觉得 这个 好看
143844732752,其实 我 觉得 吧 还是 有 一点 可惜 的 不是 说 反方 不 对 但是 相比之下 我 更加 觉得 正方 讲得 更好
143664887072,二十年 了 依旧 经典
143572309648,这场 辩论 完美 的 像是 提前 排练 好 的
143668678848,正常 都 是 提前 排练 的 啊 抽到 签 了 以后 有 训练 时间 的 只 是不是 和 对手 交锋 负责 任 的 带队 老师 会 把 绝大多数 情况 考虑 好
143498805808,我 感觉 正方 武汉 就是 败 在 这个 万字 上面 只 讲 万 而 对 万恶之源 这个 成语 整体 避而不谈 反而 落入 了 下风 应该 另寻 切入点 给 反方 施压 还有 一点 就是 我 感觉 正方 一辩 起 的 点 不太好 没有 充分利用 到 先手 优势 给 反方 以 攻击点 这个 我 看 了 下 下面 的 大神 评论 说 93 复旦 以后 大陆 辩手 更 注重 形态 和 辞藻 不 知道 是不是 这个 锅
143487153184,你 脸红 个 泡泡 茶壶
143377174608,这个 很 不错
143376261456,我 看 那 两只 队伍 都 不行 真 辩论 还 得 我 b 站 弹幕 网友
143301360880,无论 从 哪个 角度 来看 武汉大学 都 是 理所应当 的 冠军
143100070160,看似 正反 有利 的 一方 可 我 被 反方 说服 了
143104597216,思考 了 我 正反 都 占 都 有 道理 就 怎么回事
143052833328,2022 来 考古 真的 不管 什么 时候 都 真的 惊艳 好 喜欢 世纪 初 的 辩论 氛围
143025972624,再 来 打卡 每次 打 辩论 前 都 会 来 打卡
142943985728,精彩绝伦 一场 由 双方 旗鼓相当 上演 的 辩论 巅峰 对决 感觉 武大 输在 立论 部分 不 严谨 上 使得 对方 反复 冲击 对方 立论 却 稳稳当当 结辩 的 逻辑性 不足 万恶之源 不是 恶 却 没有 论述 自由 辩 环节 实在 精彩 双方 棋逢对手 你来我往 但 武大 招架 住 了 对方 的 攻势 展现 了 自己 的 风采 武大 三辩 最佳 辩手 当之无愧 最后 看到 评论 有感 辩论 重要 的 是 偏执 的 过程 像 一把 锋利 的 矛 诘问 着 探索 着 以及 予人 的 思考 启迪 帮助 人们 做出 自己 的 选择
142897164816,正方 好强 有点 可惜
142739652032,弹幕 说 家暴 是因为 工作 还是 因为 钱 的 原因 那么 家暴 就 应该 是 对于 老板 对于 工作 单位 的 处罚 为什么 要 处罚 施暴者
142727428288,罗翔 老师 说 当 一个 人 的 脑子里 能 同时 存在 两个 看似 对立 的 看法 那么 这个 人才 是 真的 成熟
142595014336,这场 辩论 看 几遍 都 不够
142459140112,第一次 看 辩论赛
142369164336,小阳人 前来 考古
142368319408,用 一个 词来 形容 是 妙语连珠
142362852464,我 彻底 不 知道 谁 是 正方 了
142318260048,怕老婆 苦 吗 可以 不 娶
142258805840,钱 是 万恶之源 我 : 不 我 认为 欲望 是 万恶之源 什么 勾起 你 的 欲望 我 : 钱
144975604624,我 觉得 不 只是 钱 大部分 都 是 自己 的 内心 生出 的 欲望
142206008832,现在 的 辩论赛 就 拿 我们 学院 组织 的 来说 这 不让 提 那 不让 提 还 得 紧贴 新 时代 听 起来 软绵绵 的 看 了 这个 视频 后 感触 甚大 攻击力 更是 大 的 厉害 留下 的 印象 也 更加 深刻
141974537168,快 来
141846125552,一个 论源 一个 论万
141721266800,刚看 了 一个 辩论 让 我 无语 再 重新 回来 看 大专 这才 叫 辩论 引经据典 驳斥 对方 占据 自己 的 观点 而 不是 一味 的 自说自话 无法 说服 评委 说服 观众
141693438912,看 辩论赛 还有 新国辩 一定 要关 弹幕 懂王 弹幕 影响 比赛 观感
141678137904,画 质感 人
141588371136,弹屏 好多 键盘 侠
141582609920,贪 上下 两个 人
141462251584,这种 当 墙头草 的 感觉 真 让 我 着迷
141331181824,个人观点 上 支持 金钱 不是 万恶之源 但是 有 被 正方 辩手 们 说服 到 都 太强了
141226294224,多年 以后 也 瘦瘦的 了
141214381120,为斌斌 而 来
141189268416,反方 三辩 四辩 牛 逼
141184131072,第一次 看 辩论赛 真的 被 深深 震撼 了 怎样 用 短短 时间 思考 如何 反驳 太强了 听 口音 越来越 觉得 耳熟 原来 是 马来亚 大学 的 啊
141129811264,我 真的 很想 看到 是 武汉大学 胜利 但是 吧 还是 衷心祝福 马来亚 大学队 ~
140974013664,钱 就是 万能 的
140941757456,看到 有 弹幕 说 正方 可以 将 钱 为 万恶之源 悄悄 转换 为 欲望 为 万恶之源 但 欲望 也 分 积极 消极 对 成绩 的 欲望 有人 努力学习 有人 考试 作弊 对 女人 的 欲望 有人 努力 使 自身 优秀 从而 获得 女性 的 关注 从而 结识 三观 一致 的 女性 有人 诱拐 强 jian 所以 欲望 其实 也 不是 万恶之源 正方 这个 辩题 确实 挺难 的
140904315488,万恶之源 的 解释 在 圣经 里面 就是 一切 罪恶 的 源头 的 意思 那么 正方 二辩 的 基础 不就立 不住 吗
140904058416,看 完 感觉 自己 裂开 了
140865087504,个人感觉 正方 那句 万 不 等于 全部 真的 让 我 感觉 到 豁然开朗 大概 还是 我太菜 了
140811445840,厉害 ! ( )
140810019376,性本恶 啊
140777093088,笑死 我 了
140721185664,这个 辩论赛 不是 为了 说服 对手 是 为了 说服 观众 观点 里 有 一些 事实性 错误
140713666832,主要 看万 这个 字 不是 全部 的 恶 都 源于 钱 但 一部分 的 恶 源于 钱
140697457504,首页 刷 到 了 难道 啊 b 知道 我 四年 前读 大学 的 时候 也 打过 辩论赛
140695103376,我 看 了 两遍 了
140695226496,虽然 每次 都 看 了 一半
140647375936,啊 好 厉害
140617422576,那些 来 评论 区吵 的 看不清 辩论 的 本质
140597239984,反方 拿到 这个 辩论 标题 就 赢 了
140583382944,其实 我 觉得 反方 三辩 那句 钱 没有 善恶 是 人 的 行为 决定 钱 的 善恶 直接 就 奠定 了 我 心中 的 胜负
140546924656,我 觉得 不是 说 钱 是 万恶之源 只是 给 自己 的 恶 找个 借口
140531713104,后面 没 看看 到 一半 感觉 反方 有 一 观点 是 不 成立 的 所谓 钱 是 万恶之源 是 在 恶 的 范围 内 是 源 而 发展 经济 救济 穷人 等 善事 那 是 恶 的 范围 吗 拿 这 例子 反驳 钱 是 万恶之源 就 已经 跑题 了
140471213808,看到 后面 就 发现 是 毒品 队 vs 强奸 队
140390013632,理科 逻辑 强 文科 口才 棒
140239502448,打卡 20221203 这 是 我 第一次 自己 来看 辩论赛 才 发现 真的 超级 超极 有 魅力 很 喜欢
140199718960,正方 再 怎么 能 说 感觉 也 赢 不了
140193781936,我 看 了 5 遍 了 真的 是 震撼
140231154112,画 质感 人
140138489584,来此 一记
140134367840,看 完 大佬 的 辩论 再 去 百度 了 一下 大佬 现在 当时 20 出头 的 余磊 还是 意气风发 的 少年 现在 已经 是 天风 证券 的 董事长 眼里 充满 了 沉稳 与 运筹帷幄 所谓 出名 要 趁早 大佬 年轻 时 也 绝对 不是 等闲之辈
140064833712,这 是 我 在 学校 看 的 辩论赛 看 的 第一场 真的 很 不错
140015215984,2022 前来 考古
139987327408,黄暴 选手 真的 好强
139935957232,NB
139885035344,这场 好好看
139660463104,就是 介个
139606369200,胡渐 彪 也 太冻龄 了
139551220816,没 接触 辩论 之前 一直 以为 辩论 就是 辩 真理 越辩 越明 接触 之后 才 发现 打 辩论 其实 就是 为了 赢
139544854656,辩论 的 意义 不 在于 它 最终 所 得出 的 结论 正确 而 在于 辩论 过程 中 人们 从 一个 新 的 角度 对 辩题 的 深入 思考 世界 并非 非黑 即 白 这 是 我们 公认 的 正确 结论 但 我们 不 应 仅仅 止步 于 正确 的 结论 因为 简洁 而 正确 的 结论 会 使 我们 不再 进一步 思考 与 讨论 而 应该 剑 走 偏锋 从 一个 全新 的 角度 去 思考问题 即使 这个 角度 很 偏执 即使 得出 的 结论 不 全面 但 我们 在 这个 过程 中有 自己 的 思考 这 便是 最 重要 的 这 便是 辩论 的 真正 目的
139546805344,我 越是 从 不同 的 角度 思考问题 越是 感到 开放 包容 和而不同 这 8 个 字 的 分量 之 重胜 千钧 抵 九鼎
139540235472,我 是 反方
139506745120,这场 辩论 我愿 之 为 封神
139503610752,就 比如 虐待 小 动物 正方 直接 跳过 不 说
140305476112,可是 正方 不 都 说 了 他们 定义 的 万不为 一切 那 部分 以外 的 恶 他们 没 必要 去 辩论 吧 他们 只 需要 证明 大多数 的 恶 来自 于 钱
140341141104,回复 : 不是 他 那句话 不是 为了 证实 自己 观点 而是 反驳 对方 观点 反驳 对方 观点 的 时候 要 用 对方 的 立论 点 也 就是 用 对方 矛戳 对方 的 盾
139381752736,很 不错
139371511360,钱 不是 万恶之源 贪婪 和 懒惰 才 是 万恶之源 啊
139268886960,正方 辩题 感觉 处于 弱势
139203834256,现在 竟然 还有 300 个人 看
139183658800,第一次 看 辩论赛 太 让 我 震撼 了 体会 到 了 当 墙头草 的 感觉
139021271136,22 开始 看 笑死 我 了
139382280672,是不是 看到 那些 评论 都 是 2015 年 的
140749839424,回复 : emmm 是 说 22 分钟 开始 看
138911068912,存 天理 灭人 欲 人 欲 为 万恶之源
139141071392,人欲 不是 万恶之源 饿 了 想 吃饭 困 了 想 睡觉 都 是 人 欲 没有 节制 没有 道德 的 人 欲 才 是 万恶之源 不要 天门 大开
139213751168,人欲指 人心 私欲 而 非人 的 所有 欲望
138902543472,这个 辩论 题目 和 正反方 都 是 提前 告知 的 准备 充足 己方 思路 和 压 对方 的 攻坚 手 提问 其实 辩论 就是 杠精 抬杠 偷换概念 真理 只有 一个 辩论 个 什么 劲 啊
139044881712,那 你 别 看 了
139341516608,回复 : 小孩 吗
140225408720,回复 : 是 的 刚 满月
138796904672,缺钱 才 是 万恶之源 啊 这么 浅显 的 道理
139141115952,这么 简单 的话 给 全世界 人印 钞票 不 就 完 了
139142622512,回复 : 社会 生产力 发展 速度 飞快 的话 国家 本来 就 没 少印 钱
139150215536,回复 : 不多 说 了 而且 就算 缺钱 也 不是 万恶之源 有 的 人 很多 钱 也 不见得 不 作恶
139595113200,并 不见得 有些 人 作恶 就 不是 为了 钱 纯纯 心里 变态
138770864128,常看 常新 感觉 两边 都 各有 道理 反方 逻辑 更好 正方 反应 更 快 感染力 更强
138769939216,感觉 这句 话 就是 你 大概 知道 这句 话 是 表达 什么 意思 但是 你 说不清楚
138746909152,我 感觉 我 像 一颗 墙头草
138630610960,来 看看
138613433328,正方 有点 可惜 二辩 出错 丢出 一个 万 不是 一切 被 反方 四辩 抓住 了 错误
138581276864,我 看到 这个 了 精彩绝伦
138618747696,太 爱看 辩论赛 了
138533815904,比较支持 反方 钱 只是 媒介 假如 钱 是 万恶之源 那 是不是 把 钱 这个 概念 从 所有人 心中 抹掉 是不是 恶会 减少 我 感觉 不会 更 可能 会 出现 一种 和 钱 差不多 的 媒介 填补 上去
138534695424,正方 太难 辩论 了 但 还是 喜欢 正方 对
138533370720,武大 有点 可惜 了 这个 辩题 对 正方 来说 太 不好 了 如果 换个 辩题 说不定 最后 能 拿 冠军 如果 武大 是 反方 可能 攻击 只会 更加 犀利
138527722208,其实 我 觉得 可以 从 钱 的 定义 来说
138521598368,钱 不是 万恶之源 人才 是
138506822304,我 好像 那个 墙头草
138468493744,再 看一遍
138462379168,反正 这个 论题 不好 正方 不 抓 万字 真 没法 辩
138461985584,你 是 其一
138402489520,这个 确实 没 办法 我们 平常 说 钱 是 万恶之源 也 只是 对 钱 无奈 地 感慨 罢了 大家 也 都 赞同 但 真要 咬文嚼字 刨根问底 拿 数学 般 严密 的 逻辑 去 细究 平常 也 没人会 这么 闲得 去 杠
138397351232,其实 我 认为 正方 有点 把 钱 等于 欲望 两者 是 不 一样 的 欲望 是 催生 罪恶 的 根源 之一 钱 同样 是 如此 但 不可 划等号
138533318096,正方 要 证明 钱 是 万恶之源 这个 辩题 本身 就 对 正方 很 不 友好
138534833488,回复 : 确实 是 这样
138357469904,01 年 的 一万元
138335880944,万恶之源 是 奖励 机制 也 就是 爽 只要 能 让 人爽 的 都 可以 产生 恶 身体 为了 繁衍 会 让 你 爽 吃 好吃 的 会 让 你 爽 当 你 爽 不 起来 时 或者 身体 没有 产生 这个 爽 的 功能 时 就 会 给 你 一个 精神 上 的 爽 其实 也 是 奖励 机制
138282962736,海绵 mba 我 说 怎么 这么 熟悉 原来 是 我 看过 的 辩论
138265846272,辩论 其实 就是 揪 着 定义 不清 而 去 辩论 的 如果 关于 某个 东西 有 清晰 准确 的 定义 那么 就 不 需要 辩论 了 所以 说 这个 关于 万字 的 定义 是 相当 重要 如果 万字 只是 代表 极 多数 而 不是 全部 的话 那么 只 需要 解释 钱 带来 了 极 多数 的 恶 就 可以 了 但 如果 万 所 代表 的 意思 是 全部 的话 那么 就 得 用钱 来 解释 所有 的 恶 很 显然 的 是 钱 带来 了 千千万万 种 的 恶 世界 上 有 许许多多 因为 钱 而 产生 的 恶 但 如果说 全部 的 恶 都 是 由 钱 产生 的 关于 没有 钱 的 时候 的 恶 或许 就 得 在 钱 这个 东西 的 定义 上 争论 了 这样一来 到 这里 又 是 公说公有理 婆说婆有理 的 论题 了 在我看来 钱 是 货币 是 物质 交换 的 媒介 钱 的 诞生 最 开始 是因为 不同 物质 交换 过程 过于 繁琐 而 产生 的 用来 替代 物质 交换 过程 中 的 中间 产物 所以 钱 最 开始 的 作用 显而易见 的 是 交换 各种 物品 由于 人 的 需要 钱 逐渐 也 成为 可以 交换 人们 认为 可以 与 钱 对 等 的 非 物质 如 : 劳动力 演出 游览 名胜 钱 在 不断 的 发展 中 逐渐 被 视作 几乎 所有 物质 的 交换 媒介 有人 愿意 为 钱 而 违反 法律 有人 愿意 为 钱 背叛 家人 有人 愿意 为 钱 献出 生命 表面 上 人们 是 为了 钱 实质 上 还 不是 因为 是 人 愿意 为了 某个 物质 或者 某个 抽象 物质 而 做出 某些 违背 道德 违背 规则 违背 法律 的 事情 我 觉得 与其说 钱 是 万恶之源 不如说 钱 是 万恶 的 具现 如果 没有 钱 或者说 没有 钱 这 一 物质 交换 媒介 仍然 会 有 恶 的 存在 只不过 恶 的 目的 被 转移 到 某 一 具体 的 事物 或者 行为 上 了 只不过 因为 钱 是 几乎 一切 物质 的 交换 媒介 所以 把 恶 的 目的 归结到 钱 上 罢了 心里 还是 觉得 正 方才 是 真正 的 赢家 的 因为 觉得 正方 平均水平 都 明显 高于 反方 如果 正方 能 把 那个 关于 万 的 定义 主动 抛出 结果 或许 就 不 一样 了 由于 关于 万字 定义 的 被动 正方 不得不 面对 回答 需要 所有 恶 与 钱 的 因果关系 的 被动 情形 基本上 可以 说 谁 先 抛出 关于 万字 的 定义 谁 就 基本 获得 了 胜利 虽然 还是 觉得 反方 关于 万 的 定义 很 勉强 甚至 被 正方 搬出 的 正统 权威 书籍 全盘否定 了
138278222832,我 没 文化 你 字 多 我 跟 你 混
138221151280,好 精彩 的 交锋
138206644288,小学生 瑟瑟 发抖 的 看着 评论 大神 但 也 发表 一下 自己 的 观点 第一 : 我 认为 辩论赛 所谓 的 正反方 不是 真的 对错 辩论赛 的 正反 是 抽签 的 辩论赛 的 选手 并非 代表 自己 的 观点 他们 的 b 目标 是 ban 倒 对方 第二 : 我 认为 正方 一直 是 吃亏 的 这 是 我 一直 在 看 辩论 的 看法 因为 反方 只要 举 一个 错误 那 这场 的 风向 已经 倾向 反方 了 但 正方 要 想 证明 需要 举 无数个 例子 很多 人 认为 反方 是 不 占优势 的 因为 正方 是 大多数 人 的 观点 反方 则 相反 其实不然 这个 评论 区好 乱 这 是 我 看 了 这么 多场 辩论 第一次 这么 乱 的 评论 区 其实 辩论 的 选手 思路 都 很 清晰 口语 表达 也 很棒 所以 这场 很火 这 算是 赛红 是非 多 吗 一群 无知 的 人 讽刺 真正 的 天才 还 真 如 书上 说 的 聪明 的 人 自我 质疑 愚蠢 的 人 坚定不移
138194020736,为什么 各个 大学 领队 的 都 是 亚洲 面孔
138181735728,首先 钱 只是 人类 方便 利益 交换 的 工具 钱 本身 是 为人所用 的 其二 人类 是 先 有 了 欲望 才 发明 了 钱 钱 只是 人类 欲望 的 缩影 其三 恶是 恶念 钱 是 交易 工具 钱 不是 恶之源 欲望 才 是
138167232688,看 辩论 真别 开 弹幕 吧 弹幕 懂哥 一说 我 觉得 哪边 说 的 比 另一边 好 我 就 知道 最后 结局 肯定 是 那边 赢 了 懂 哥们 能 不能不 看 结局 再 来说 哪边 好 啊 而且 你 真的 听得懂 哪边 好 吗
138166148640,2022 年 来看 一场 我 还 没 出生 就 已经 举办 了 的 辩论赛 我 是 在 看 2018 年 的 新 国际 辩论赛 的 时候 发现 这场 经典 战役 怎么 说 呢 我 觉得 这场 辩论赛 更 吸引 我 他们 发表 自己 观点 的 时候 那种 气势 和 语言 就 很 令人 不知不觉 地去 聆听 和 思考 然后 他们 举 的 例子 也 细 反驳 对方 观点 的 时候 也 让 人 好像 也 是 这么回事 只能 说 这场 比赛 真的 好 经典 每次 发言 都 令 听 的 人 折服
138151621600,嘎嘎 相杀
138148320080,这 画质
138136720000,钱 : 好 了 你们 不要 吵 了 我 走
138136471168,神仙 打架
138130876704,我 支持 反方 钱 不是 万恶之源 但 欲望 才 是 恶 的 源头
138130828112,我 感觉 他们 马上 就要 打 起来 了
138076094640,感觉 正方 结辩 煽情 有余 逻辑 不足 但是 本身 论题 就 对 正方 不利 这 也 不失为 一种 方法
140305849968,哪里 逻辑 有 错 真 看不懂
140318168240,回复 : 不是 说 逻辑 有 错 而是 正方 结 辩论 点 论据 太 少 只是 抓 着 一个 论据 反复 进行 感情 升华
138017372752,2022 / 11 / 18
138011087088,我 认为 人 的 欲望 才 是 恶 的 源头
137975790416,太精彩 了 脑子 有点 跟不上 了
137950583728,怎么 弹幕 全是 撕 逼 撕 逼真 的 很 无语 .
137950544000,真的 无语 你 的 世界 里 是 只有 对线 吵架 撕 逼 吗 ( _ )
137857369600,我 只能 说 这个 辩题 很 难下 绝对 的 定论 第一次 看 辩论赛 不 知道 是不是 每个 辩题 都 这样
137856217936,我 很 好奇 这个 目是 他们 临时 知道 的 还是 已经 提前 几天 告诉 他们 让 他们 先 准备 再 比赛 的
157407285568,我 知道 的 谚语 大师 磊哥 的 经典 名辩 就 在 这场 结局 不是 冠军 不是 很 认可 神辩
137818902768,我 觉得 兽性 之所以 叫做 兽性 不 就是 说明 这 就是 动物 的 本性 吗 人 如果 没有 劣根 那 为什么 从古至今 只有 寥寥 几人 被 称为 圣人 呢 我 认为 钱 不是 万恶之源 恶 的 根本 是 人 的 心理 情况 如果 钱 是 万恶之源 那 为什么 会 有 君子爱财 取之有道 呢
137701532272,虽然 我 更 认可 反方 的 论题 钱 不是 万恶之源 但是 他 老 是 绕 着 女性 去 辩恶 不止 贪 一种 我 还是 觉得 有点 不 舒服
137702407808,毕竟 是 人性 的 一种 到 后来 正三辩 不 也 说 了 吗
137683697040,糟糕 听得 我 要 长 脑子 了
137618531536,人性 才 是 万恶之源 钱 只不过 是 把 人性 的 恶 摆 上 台面 而已
137699584048,人性 是 万恶之源 那 人性 没有 好 的 一面 吗 如果 有 那 又 怎么 说 是 万恶之源 呢
137776830848,回复 : 人性 是 万恶之源 但 不 代表 它 只能 生出 恶 它 也 可以 生出 善 就 好比 一位 女性 生 了 两个 孩子 你 不能 说 一个 孩子 是 她 的 另 一个 就 不是
137596777520,当年 语文课 放过 现在 来 回顾 一下
137585823600,为什么 是 大专 篇 论赛
137596973552,新加坡人 首创 的 叫法 其实 这些 都 不是 大专 大部分 都 是 名牌大学
137579790640,对 日本 他们 是 一致 厌恶
137572628432,想起 以前 学校 里 准备 比赛 抽到 这个 我 的 第一 反应 就是 资本论 等 一干 革命 导师 的 著作 然后 顺利 把 大方向 带到 了 这个 方向 最后 极大 概率 因为 此 不可抗力 获胜
144191697040,你 是 懂 校领导 的
137542573328,你 在 干什么 我 在 一个 七年 前 上传 的 二十年 前 的 视频 里 当 墙头草
137533758592,妈耶 被 同学 推荐 过来 看 的 辩论赛 真的 好 牛 啊 ! 余磊 印象 最深 真的 很棒 啊 !
137522895120,我 的 CPU 快 烧坏 了
137358474128,还 在 看 感觉 现在 的 我 非常 需要 看
137314180144,现在 是 2022 年 11 月 12 日 23 : 55 有 257 人 和 我 一起 看
137292458656,建议 各位 口 嗨 哥 闭嘴 好好看 神仙 打架 关闭 弹幕 观感 更佳
137143152272,经典 永不 过时
137132587760,辩员 台上 辩 评判 团 台下 辩
137107563520,现在 都 还有 两百多个 人 跟 我 一起
137072150080,围观 神仙 打架
137066212656,以前 的 哥哥 姐姐 们 都 好好看 啊 眉清目秀
137034026736,关闭 弹幕 体验 更佳
137015298016,我 觉得 正方 很强 啊 因为 他们 能 在 我 我 原有 认识 上 动摇 我 的 想法 主要 是 这个 论题 太 吃亏 了
136965819792,从 老友 赛倒 着 看 的 一 开始 还 想 说 是不是 太古 早 了 看 完才 发现 是 我 年轻 了 还是 早期 的 牛 啊 全程无 尿点 相比 后来 的 奇葩 说 味儿 太 浓 了 像 傅 首尔 那样 插科打诨 的 都 能 进 决赛
136925396400,卧槽 好 牛
136640600800,这个 辩论 确实 反方 好 打 正方 不好 打 呀 有点 可惜 啦
136891549888,我 是 墙头草 往 正方 那里 靠 一点 的 墙头草
137322438688,关键点 一在 万字 二 在 源 字源 字 直到 最后 才 提出 来 有点 晚 了 另外 正方 三辩 有 句 话 正好 反驳 了 正方 二辩 踢 出 的 万 不 代表 一切 的 观点
136616896672,辩论 还 得 看 B 站 B 站 弹幕 随便 挑 一个 键盘 侠 这 8 个人 连 上 台下 的 评委 都 不够 打
136605244528,全程 墙头草
136565129920,又 来 二刷 啦 有 300 多 人大 食堂
136558875728,真的 绝了 历史课 不上 看 辩论赛 这 语言 拿捏 太 到位 了
136526191712,我 有些 无语 的 是 为什么 弹幕 强调 观点 的 对错 辩论会 本来 就是 拿 两个 对立 的 观点 来 进行 辩论 如果 一 开始 就 决定 对错 那 还 辩论 什么 不过 按照 现代人 的 普遍 观念 钱 确实 不是 万恶之源 但 正方 能 把 这个 难辨 的 观点 辩论 的 如此 出色 已经 很 厉害 了 又 何必 必须 要 去 强调 一个 观点 的 对错 辩论赛 本身 就是 注重 过程 的 结果 如何 皆 是 人们 自己 的 定论 而 不是 辩论 需要 去 替 你 决定 的
136585581312,因为 观看 辩论赛 也 需要 门槛
136523219600,胡渐 彪 全场 最佳
136516244112,袁丁 那个 时候 把 其实 不说 贪字 底下 有个 部件 贝字会 好点 他 可以 说 贪婪 本身 也 是 一种 恶 虽说 贪婪 是 其他 罪恶 的 导因 但是 追本溯源 导致 贪婪 这种 恶 的 东西 是不是 外 在 诱惑 的 代言人 钱 呢
136515454528,太 过于 引用 名人名言 并 不好 从古至今 所有 名言 都 被 反复推敲 过 都 有 漏洞 内陆 过于 使用 这些 虽然 让 我们 听 的 很 华丽 但是 抓不住 点 马来西亚 很 黄 很 暴力 但是 人家 字字 戳心 听 下来 反而 观点 性 更 能 被 记住
136503672960,哪里 还 能 看 续集 呀 好 喜欢 这个
136505163584,果然 不能 开 弹幕 看 小孩子 太多 了
136486777936,回 道德 本身 就是 一种 由人 定义 的 产物 每个 人 对 道德 的 定义 不同 造就 了 道德 时而 广 时而 狭 就 比如 我 想 止于至善 但 能力 有限 可能 只能 达到 它 的 1 / 2 可 在 别人 眼中 我 我 并 没有 达到 1 / 2 看法 不同 导致 道德 界限 模糊 不 犯法 但 有 病 因此 道德 可以 量化 法律 证明 了 量化 法律 是 道德 的 底线 而 准确 的 量化 方式 仍 因人而异
136519094256,我 最近 也 特别 迷恋 辩论
136436386960,每次 看 都 叹为观止
136432140832,我 觉得 正方 忽略 了 对 钱 的 定义 钱 是 什么 是 硬币 纸币 是 人民币 美元 英镑 还是 以前 的 贝壳 黄金 白银 如果 仅仅 把 钱 定义 成 一种 货币 那么 我 带 着 所谓 的 钱 去 到 一个 荒岛 此时 的 钱 还 能 算钱 吗 因此 钱 在 这里 不仅仅 指代 一种 货币 而是 资源 的 代名词 然后 接 正方 一辩 的 观点 人 对 资源 的 渴望 是 无限 的 人 占有 资源 的 量 是 有限 的 有限 对 无限 便 产生 了 贪念 而 对 贪念 的 放纵 便成 了 万恶之源 当然 答辩 的 时候 放纵 那段 可以 忽略
136433516208,然后 将 反方 的 所有 例子 都 溯源 到 对 资源 的 贪恋 占 到 资源 的 傲慢 和 炫耀 比如 大屠杀 没 占 到 或是 没占够 资源 的 恼羞成怒 比如 家暴
136435570528,虽然 有点 冒犯 但 自古 资源 便 有 财侣 法地 之 说 可见 即使 是 伴侣 也 算是 资源 的 一种 难道 你 对象 长得 好看 不能 成为 你 炫耀 的 资本 吗 所以 性侵 也 能 看做 是 对 资源 的 渴望 当然 生命 也 算 一种 资源 哪怕 是 人 的 生命 也 是 如此 不然 为何 贩卖人口 哪怕 到 今天 也 是 屡禁不止 那些 残害 动物 的 动力 同样 也 显而易见 是 随意 掌握 生命 资源 的 一种 体现 也 即 炫耀
136518558288,很 好 的 切入点
136615426544,很 新颖
136420326624,太秀 了 我 自愧不如
136416905248,我 认为 钱 只是 一个 锚定 物 而已 锚定 的 是 人类 生意 利益 最 本质 的 驱使 是 人类 的 欲望 所以 欲望 才 是 万恶之源
136518693936,我 靠 01 年 的 比 我 年龄 还 大
136382048112,大 晚上 四百多 人 在 看 我 是 来 补补 辩论 场面 的
136362680512,好像 里面 意思 是 说 贝 就是 钱 的 意思
136328380656,这个 15 年 的 视频 400 人 在 看 是 真的 吗
136330388896,真的
136342860432,我前 几天 看 的 时候 1000 +
136231319808,没有 一个 贝字 是 什么 意思
136224379792,袁丁 可怕
136213567216,好 牛
136205094928,这个 辩题 还是 对 反方 有利 一些 逻辑 好找
136184072864,再 看一遍 这场 还是 觉得 好 震撼
136355159808,看 那个 不 以 成败论 英雄 的 那 一集
136123469328,反方 逻辑 薄纱 正方 好 吧 就是 语言 能力 打 不过 正方
136121778752,208 个 b 友在 观看
136119634960,这么 古早
136103808496,我 觉得 人性本恶 所以 我 站 反方 人才 是 万恶之源 恶 这个 字 其实 也 是 人 创造 出来 的 正方 反方 都 很 优秀 看到 有 很多 弹幕 更 喜欢 正方 正方 的 辩词 确实 很 流畅 很 优美 但 反方 的 逻辑 更强 有 几点 说 的 真的 很 好 比如说 恶 在 前 钱 在 后 还有 对于 万恶 的 理解 和 阐述 真的 很强 有 弹幕 说 怎么 反方 老 揪 着 黄暴 的 事情 说 我 觉得 这 也 是 很 聪明 的 一点 黄赌毒 另外 两个 可以 说 和 钱 有 关系 但 黄是 源自 人 本身 的 恶念 这个 正方 没法 反驳 反方 抓 的 点 很准 不过 也 是 占 了 辩题 的 优势 双方 换个 论点 谁 赢 谁 输 真的 不好 说真的 太精彩 了 可惜 现在 的 辩论赛 好像 都 没有 那么 精彩 了
136088502064,我 看到 反方 说完 之后 就 有点 疑问 反方 基本上 就是 在 说 种种 恶行 不 都 是 为了 钱 因为 钱 所以 ta 不是 万恶之源 但是 换 一种 理解 呢 钱会 导致 各种各样 的 恶 甚至 反方 所想 说 的 那些 恶中 的 每 一种 恶所 发生 导致 的 事情 即使 不全是 因为 钱 但 肯定 有 部分 是因为 钱 这样 来看 的话 钱 应该 是 属于 万恶之源 的 而且 万恶之源 并不一定 就是 恶 吧 只是 为了 这个 源 而 产生 的 过程 和 导致 的 结果 也许 会 有 恶 至于 万 到底 是不是 全部 这 真的 很难说 但是 如果 只 打 这个 点 我 觉得 毫无意义 因为 除了 数学 逻辑 以外 现实 难道 有 某样 东西 可以 说 ta 有 某个 特性 全部 怎么 的 吗 全部 这个 词 就 已经 算 是否 命题 了 现实 里 来说 的 全部 其实 大多 是 指 没有 特殊 的 一般 情况 个人 理解 只是 看到 反方 二辩 说完 后 突然 想到 想法 还 不是 很 成熟 有 不同 观点 的 可以 讨论
136002697312,笑死 了 哈哈哈哈 哈哈哈哈
136000774160,看人 如何 有钱
135996658096,我 想 二十年 前论 金钱 是否是 万恶之源 与 我们 现在 论 手机 是否是 万恶之源 一样 具有 意义
136088067568,手机 这个 没法 论 罪恶 由 手机 导致 听 着 就 非常 假 你 要说 论 手机 利 是否 大于 弊 还 有点 看头 但 反方 太难 了
136425070064,回复 : 恶 不是 一种 简单 的 人性 之恶
135979886672,22 年 来看 太牛 了 神仙 打架 正反 三辩 都 好 牛 但 我 投反 三 最佳 辩手 逻辑性 太强了 反四结 辩 全场 最佳 太牛 了
135968093408,反方 的 逻辑 更强 啊 我 本来 支持 正方 的 听 完 觉得 反方 有 道理
135967388112,正方 应该 去 演讲 而 不是 来 辩论 引经据典 且 普通话 好 还 感情 充沛
136088260704,正方 完全 二 打四嘛 一辩 四辩 俩 满分 作文 和 辩论 无关
135962921424,还是 支持 正方 的
135904111776,这 是 个 raper 吧
135885766816,新 的 问题 网络 是否是 万懒 之源 呢
135879371664,唉 现在 也 没有 如此 精彩 的 辩论 了 科技 发展 蒸蒸日上 历史 文化 确在 消融 兴 也 悲 也
136309152480,想太多 了 每年 高校 都 有 辩论赛 的 只是 不 直播 了 而已
135846646176,我 感觉 金钱 只是 一种 反应 人 的 后期 情感 的 比较 万能 的 工具 金钱 的 权利 太大且 影响 大多数 普通人 的 生存 境地 如果 人 凭 嘴 说 说 啥 身边 就 有 啥 那 金钱 便 没有 用武之地 大多数 人 本身 达 不到 天下为公 无私奉献 的 精神 且 金钱 对 人 的 束缚 太 多 如果 没有 金钱 任何事物 都 可 成为 万恶之源 自身 能力 达 不到 的 满足 自身 某一方面 的 发展 或 无意 与 工作 时 比如 获取 食物 我可以 去 抢 他人 食物 或 钱财 但 钱 的 优先级 是 最高 的 只是 法和道 约束 人 和 动物 都 有 追求 安全 的 需要 当 欲望 和 自身 安全 需要 发生冲突 的 时候 人 总会 权衡轻重 再 做 决定 有 的 人 把 安全 需要 放在首位 满足 自己 的 利益 则 是 其后 也 有人 铤而走险 把 自身 利益 放在 与 他人 利益冲突 下 把 与 他人 的 冲突 风险 放在 后面 只有 后天 教育 下 把 金钱 所用 为 社会 和谐 发展 才 是 正道 其 本身 只是 表达 自己 欲望 的 多功能 工具 罢了 把 自身 金钱 利益 的 多少 和 处于 和谐 生存 地位 的 比重 看开 才 是 重点
135832438864,跟 他们 比 弹幕 才 都 是 辩论 鬼才
135831234752,看 了 之后 我 就是 觉得 钱 不是 万恶之源
135807835840,正方 只 注意 了 万 但是 万恶之源 并 不是 这个 意思
136088436128,不是 只 注意 万 而且 不 把 万 扯 清 的话 相当于 默认 一切 罪恶 都 由 钱 导致 会 被 反方 随便 举 几个 例子 轻松 驳倒
135799186736,为什么 现在 不 搞 这样 的 国际 比赛 了 呢
135784605504,这个 最 经典 了
135737325120,可怕 的 收藏 量
135737294128,反驳 正方 观点 万恶之源 是 一个 成语 其 含义 不可 拆开 看待 这个 成语 的 意思 就是 一切 坏事 的 根源 可是 钱 确确实实 不是 一切 坏事 的 根源 有 的 恶 是 为了 情 有些 恶是 为了 仇 还 有些 恶 只是 嫌犯 自己 性格 变态 所以 钱 不是 万恶之源
135737274480,仔细 研究 题目 真的 重要 啊
135736726304,立论 驳论 才 是 最高 超 的 辩论 法
135689154208,反方 三遍 其实 是 最稳 的 一个
135667453456,钱 不是 目的 而是 实现 欲望 的 工具 他们 辩论 的 可以 理解 为 人 要 不要 有 欲望 理想 爱好 目标 出人头地 追求 等等 都 可以 称为 欲望 有 欲望 就 会 有 痛苦 欲望 是 不会 满足 的 但 欲望 驱使 着 人 前进 的 根源
135644620400,当代 还有 这样 热血沸腾 有 理想 会 思想 大胆 的 青年 吗
135632408192,还有 介个
135623809328,这个 太牛 了
135616723952,大专 辩论 都 这么 厉害 那 本科 不 起飞 喽
135630959008,看见 前面 的 国际 了 么 顶级 人才 跟 学历 没 啥 关系
136363665552,格局 放大 点 标题 的 大专 可不是 指 的 大专 学历
136615657840,大型 专业 辩论会 简称 大专 ..
135585044384,关于 一个 视频 过 7 年 之后 我 再 去 看 还有 五百多个 人 在 看
135578328528,人才 是 万恶之源 人类 无法 互相理解
135577473808,懂 了 日本 是 万恶之源
135564341968,高手 过招
135549345424,关于 一个 视频 过 7 年 之后 我 再 去 看 还有 220 多 个人 在 看
135549295984,说真的 之前 那个 能 背下来 万字 没有 一切 的 意思 而 破局 的 二辩 真的 太 无敌 了 换 我 我 绝对 站 在 那里 一句 话 说不出来
135547585184,正方 一辩 蒋舸 的 发言 1 钱 既 具有 与 任何 商品 等价交换 的 现实 合法性 又 是 财富 的 象征 其 具有 无限 的 效力 但 人 对 金钱 的 占有 又 是 有限 的 无限 的 欲望 根本 不 可能 得到 满足 金钱 的 无限 效用 性 和 占有 有限性 的 矛盾 特别 能 激起 人 心中 的 非分之想 2 钱 可以 使非 商品 也 商品化 不仅 是 物质财富 的 象征 更 成为 了 精神 价值 的 筹码 3 : 人 对 钱 的 崇拜 异化 了 人 与 钱 之间 的 关系 钱 作为 工具 的确 可以 促进 社会 经济 的 发展 但是 在 现实 中 它 已经 被 人们 当作 了 目的 本身 去 看待
135522549200,今天 是 2022 年 10 月 30 日
135475090288,厉害 厉害 我 还 得 继续 学习
135473460608,为什么 我 每次 看 都 有 上百 号 人 和 我 一起 看 你们 反思 一下
135474032688,巧 了 我 刚才 也 在 看
136088610192,反思 啥 现代 网络 社会 还 能 有 几百个 人 观看 二十年 前 的 辩论 而 产生 思考 实属 不易 了 ( - )
136361942688,回复 : 我 的 意思 是 你们 都 很 好学 我 在 说 反话 懂 嘛 手动 狗头
136388901920,回复 : 哈哈 确实 其实 我 也 是 调侃 啦
135450448784,完 了 我 同学 魔 怔 了
135412816720,我 觉得 这个 辩题 主要 就 在于 万恶之源 到底 是 一部分 的 恶 还是 全部 的 恶 在我看来 世界 上 的 恶 大部分 是 又 外 在 因素 产生 的 恶 小 部分 是 人类 自身 的 欲望 由外 在 因素 引导 出来 的 恶 归根结底 是 为了 钱 但是 还有 那小 部分 的 恶 是 源于 人类 本身 所以 谁 要是 能 把 这个 万恶之源 的 这个 万 到底 是 一部分 还是 全部 说 清楚 谁 就 赢 了
135525572416,万 在 万恶之源 在 这个 词里 就是 一切 的 意思 而且 万恶之源 的 意思 就是 一切 坏事 根源 所在 但是 当 把 他 从 这个 词里 单独 拿 出来 后 可能 就 不是 一切 这个 意思 了 怎么 能 单独 把 一个 字 挑出来 去 分析 他 在 这个 词语 里 的 意思 呢 在 别的 词语 里 或许 可以 但 这里 不行
135373399552,抬杠 到 了 杠精 这个 境界 就 变成 了 辩论
135331803712,两方 其实 都 在 避重就轻
135330692336,再 看一遍
135323279616,弹幕 真的 挺恶 的
135267012416,文科 讲 历史 理科 讲 逻辑 涩 批 讲强 j 笑
135245751264,我趣
135230451808,这个 视频 比 我 年纪 还 大
135187189488,神仙 打架 思维 和 言语 都 非常 出色 太 厉害 了 不 知道 弹幕 是 什么 高人能 对 他们 指指点点
135181548128,金钱 如果 没有 人来 使用 便 不 存在 所谓 的 价值 他 连 价值 都 是 人 认为 它 有 价值 而 有 价值 又 怎配 成为 恶 的 源头 ?
135412661808,这下 好 了 听 完 他们 的 又 觉得 你 说 的 也 挺 对 了
135419195632,回复 : 草笑 不活 了
135534440816,客观事物 的 价值 是 自身 固有 的 不是 人 所 认为 的
135161022320,刀光剑影
135137997728,关注点 有点 跑 偏 主持人 好像 杨 树梢 儿 啊
135092185120,马云 原来 你 年轻 的 时候 在 国外 读书
135092167728,原来 马云 当年 就 参加 辩论赛 了
135051606928,从 最佳 辩手 说 出来 的 时候 就 知道 哪边 是 冠军 了 一般 的话 奖是 一边 一个 好处 不能 让 一边 全拿 了
135048306816,我 感觉 正方 很 厉害 明明 认为 他们 拿 的 论点 是 不 太 符合 我 的 观念 但是 他们 讲 的 很 有理
135034593088,是 的 人才 是 万恶之源 钱 只是 人类 社会 用于 等价交换 的 一个 媒介 简而言之 它 只是 一个 工具 而 我们 人类 拼 尽全力 不择手段 的 去 拥有 它 究其 根本 是 人类 自私 我们 都 不肯 承认 自己 贪婪 不肯 承认 自己 邪恶 的 一面 从而 找个 借口 来 掩盖 自己 如果 金钱 可以 开口 说话 的话 它 一定 觉得 自己 是 被 冤枉 的
134969099424,这个 题目 我 觉得 实力 差不大 的 情况 下 就 应该 反方 赢
134920552224,我 觉得 钱 不是 万恶之源 钱 只是 把 人 的 一部分 恶 限定 在 钱 这个 概念 的 条件 上 进而 延伸 出以 钱 为 基点 的 不同 的 恶 可是 真正 恶 的 人 不会 被 钱 拘束 普遍 的 被 称为 神经病 变态 你 理解 不了 无缘无故 展现 恶 的 人 去 用 这些 去 定义 这种 人钱 只不过 是 那些 还是 人 的 人为 他们 的 恶 找 的 衣服 而已 不 被 钱 左右 而 展现 无限 恶意 的 人 已经 不能 算是 人 了
134797935312,其实 这个 辩题 对 正方 挺 不利 的
134795635248,来看 锻炼 思维 逻辑
134797539360,每当 我 想 站 正方 的 时候 反方 又 让 我 觉得 蒽他 是 对 的 真的 好 牛
134774914288,还是 这个 看起来 舒服
134745307760,反方 四辩 好 喜欢
134737805264,这场 辩论 的 意义 是 什么
134821504864,辩论赛 本质 就是 定 好 规则 的 体育运动 而是 为 跟 篮球 围棋 类似 你 也 不会 问 一场 球赛 的 意义 是 什么 辩论赛 目的 也 不是 辨明 真理 而是 如何 在 赛规 范围 内 说服 评委 是 的 说服 对手 一点 用 都 没有 除非 双方 实力 差 极大 否则 我 就 没见 能 说服 对手 的 说服 评委 让 评委 觉得 自己 这方 的 理论 更 有 逻辑 就是 一场 辩论赛 最大 的 意义 高大 上 社会 和 科学 意义 还是 交给 学术 研讨会 吧
134729245248,22 年 前来 膜拜
134720399776,他们 的 三分钟 好 丰富 痴呆 的 我
136364072928,三分钟 我 只会 憋 一个 屁 喔 不 或许 连个 屁 都 别 出来
134680962976,一天 两刷
134654231152,好家伙 800 多 个人 同时 在 看 7 年前 上传 的 十多年 前 的 视频
134646997808,好 nb 啊
134601995264,现在 看 依旧 非常 震撼
134598594416,文艺复兴
134592943808,武汉大学 的 实力 很强
134590261968,15 年發 的 啊 我 反 復 看 在 線 人數 還是 1000 不愧 是 大佬
134590213232,太 厉害 了
134590058512,现在 回过头来 看 余磊 很多 话 真的 胜 在 反应 快 气氛 好 逻辑 真的 不能 细究
134583968272,66666
134580017504,五年级 想 长长 见识 声音 调 到 一个 格 我 爸 也 能 听见 本 以为 辩论赛 不会 有 什么 二十分钟 后 真 就 纯纯 的 黄暴队 啊
134577985696,2022.10 . 22
134540995504,反方 四辩 结辩 确实 牛
134526866864,不是
134522470640,今天 再 看一遍 吧
134486985488,有幸 看到 这样 一场 如此 精彩绝伦 的 辩论 很受 震撼 这个 反应速度 和 引经据典 的 能力 大多数 人 是 反应 不 过来 的 正如 大多数 朋友 们 所说 武大 还是 输 在 了 彼时 国内 辩论 普遍 善于 旁征博引 而轻 逻辑推理 的 点 上 这个 辩题 确实 不利于 正方 展开 但 也 不是 必 败局 依 我 个人 愚见 武大 是 有 可以 发挥 的 空间 的 人 是 具有 自然 属性 和 社会 属性 的 物种 而 钱 则 是 人类 在 社会 发展 的 过程 中 出现 的 作为 商品交易 的 一般 等价物 钱 是 一种 纯粹 的 社会 属性 产物 讨论 钱 的 问题 时 如果 能 割裂 人 的 自然 属性 的 部分 而 着重于 讨论 钱 的 社会 属性 就 能 很 好 地 辩驳 钱 在 人类 社会 发展 中是 万恶之源 了 在 此基础 上 诸如 违法犯罪 和 虐待 动物 的 行为 都 归 在 自然 属性 的 恶 就 可以 放心 一 展 拳脚 赛后 评价 中 王健 老师 也 提到 武大 没能 在 一辩 掌握 先机 可能 也 是 指 没有 抢 这个 定义 权 的 问题 吧 辩论 不仅仅 是 考察 思维 的 敏捷 也 是 看 思维 角度 所以 即使 是 必败 的 局 比如 所谓 人生 应当 拼搏 / 享乐 抢 下定义 权 反而 能 有 降维 打击 的 效果 总之 感谢 武汉大学 和 马来亚 大学 的 各位 前辈 们 带来 的 一场 精彩绝伦 的 思维 碰撞
134539376496,雀氏 如果 正方 一辩 能够 钱 限定 于 社会 属性 之上 对于 限制 反方 的 辩论会 有 极大 地 作用 思考 点强
134466219088,感觉 正方 文科 逻辑 反方 理科 逻辑
134464903888,转 看
134459659600,怎样才能 拥有 他们 的 嘴
134441697728,整体 反方 的 逻辑 真的 都 够 强够 硬 啊
134469997504,因为 反方 好辩 这个 命题 正方 吃亏
134435093632,里面 的 那个 年轻人 居然 是 周帅
134426937888,金钱 不是 万恶之源 这个 视频 才 是 万恶之源
134424420128,这 是 我 听 过 水平 最高 的 辩论赛
134383821296,人性本恶 正方 的 辩题 就 吃亏
134334504352,反方 三辩 第一次 发言 挺 牛 的 自由 辩论 正方 牛 一点
134339502128,反方 三辩 第一次 回答 惊艳 到 我
134374200400,回复 : 后面 自由 辩论 的 时候 有点 拉 胯 但是 他们 三辩 和 四辩 都 很 牛
134388435840,回复 : 嗯 确实 正方 那个 女 的 我 觉得 是 最弱 的 气场 不足
134396987696,反方 四辩 最后 总结 绝杀 关键 一辩
134401191456,回复 : 确实 不然 自由 辩论 完 感觉 反 3 的 优势 又 没 了
134326442128,四辩 yyds
134325998320,这个 辩题 对 正方 来说 确实 很难 有点 吃亏 感觉 能 到 这种 程度 和 反方 有来有往 真的 很 厉害 了 反方 打得 也 很 精彩 很 精彩 的 一场 辩论赛
134312080800,我 靠 看 的 好爽
134302302960,曾经 有个 导师 的 设想 里 没有 钱 没有 商品 只有 产品 所以 没有 钱 对于 我们 来说 很 重要
134300603376,wc 这 年轻人
134295776176,弹幕 一堆 黄暴 辩手 笑死 我 了
134268948400,钱 啊 钱
134246578928,马来西亚 的 队伍 想不到 的 是 在 二十年 后 竟然 因为 口音 被 网 曝 了 马来西亚 不仅 说 华语 还有 马来语 英语 如果 让 国内 的 同学 用 英语 去 和 一个 母语 是 英语 的 人 辩论 我 想 不要 说 辩论 了 单纯 的 交流 大多数 人 都 做 不到
134245405616,弹幕 真是 乌烟瘴气
134226756784,还 记得 小学老师 给 我们 推荐 过 这个
134210504656,胡渐 彪 结辩 好 强
134204214896,钱 不是 钱 它 是 人类 欲望 的 代名词 甚至 是 实现 手段 万代 不 代表 一切 不是 命题 的 关键 关键在于 欲望 是 诱发 一切 恶 的 根源 原始社会 钱 没有 出现 之前 所 犯下 的 恶 也 是 欲望 的 驱使 和 化身 而 在 钱 出现 后 它 也 只是 欲望 实现 的 手段 和 途径 所以 钱 是 合法化 的 欲望 那当 欲望 都 合法 的 时候 怎么 不是 万恶之源 呢 抛弃 恶 的 那 一半 推行 善事 不是 一种 善良 欲望 吗 不是 想 让 更 多 人 认可 你 吗 所以 钱 就是 万恶之源 而且 是 由 人类 创造 的 更 文明 的 欲望
134198371024,万恶之源 是 什么 意思 你们 懂吗 钱 是 什么 你们 懂吗
134184030384,哈哈哈哈 哈哈哈
134170499696,很 好看 真的 好羡慕 武 大队 的 口才
134168576720,激情 好看
134164269408,想 问 一下 怎么 辩驳 万恶之源 是 欲望 而 不是 钱 呢
134296097696,辩驳 不是 钱 就 太 简单 了 只 需要 论证 出钱 只是 个 工具 欲望 是 个 基础 排除 掉 钱 只 靠 欲望 就 能够 得到 恶 的 结果 那钱 就 只 能够 是 一个 扩大 欲望 的 东西
134150569712,第一次 辩论 面试 让 辩论 民族 技艺 该不该 被 遗忘 我 听成 的 是 民族 记忆 辩题 是 说 给 我 的 没有 写 到 黑板 上 我 上去 胸有成竹 哔 哔 哔 说 了 一大堆 之后 人上 来说 我 说错 了 给 我 纠正 了 问 我 还 继续 不 我 心态 直接 崩 了 就 走 了
134299990880,可是 技艺 也 是 记忆 的 一部分 阿 你 可以 继续 的 呀 之后 往回 找 就行了
134137211504,钱 肯定 不会 是 万恶之源 啊 比如 这个 视频 的 弹幕 就是 例子 有些 人 在 自己 喜欢 的 队伍 不是 冠军 以后 就 发出 了 不 友好 的 言论 这是 小恶 他 是 为了 吗 明显 不是
134344507536,那 你 这 还是 以 反方 把 万字 作为 不是 一切 的 前提 下 举出 的 例子
135527252800,回复 : 万恶之源 的 意思 就是 一切 坏事 的 根源 所在 单独 把 万 拿 出来 可能 就 不是 这个 意思 了 但 这个 万是 万恶之源 中 的 万 又 不是 单独 的 一个 万字
134132726256,面对 这个 钱 是 万恶之源 这个 在 传统观念 上 几乎 一定 是 错误 的 这个 观点 正方 不 走 传统观念 的 路 而是 巧妙 的 利用 万 的 解释 和 万恶之源 不 一定 是 恶来 反驳 对方 观点 辩得 太漂亮 了 完全 就是 理解 对方 的 辩论 思路 的 反编译 反方 没有 面对 正方 手段 的 后 手 但 很 好 的 把握 了 钱 是 万恶之源 几乎 所有 的 误点 也 很漂亮 都 很 厉害 语言 组织 能力 和 逻辑 水平 都 很 高 正方 解 的 太漂亮 了 反方 也 答 的 很漂亮 可惜 没有 见到 反方 对 正方 再 定义 后 的 观点 的 反驳
134126236928,那 时候 名校 研究生 一般 家里 都 可以 算是 非富 即 贵 吧 加上 本来 自己 有 又 学习 的 潜力 和 环境 的 影响 一个 人 基本 就 成 了
134124316912,正方 反方 都 很 强 但是 正方 的 观点 无法 说服 我
134124568304,万物 再恶 也 恶 不过 人心 幽幽
134124941520,毕竟 这个 东西 本来 就 只是 一个 辩题 谁 到 谁 倒霉 的 东西 主要 还是 看 辩手 能力
134145646352,反方 总结 绝杀
134296302400,因为 有太多 的 例子 可以 证明 人心 并非 都 是 清澈 的 善良 的 这个 世界 上 天生 坏种 太多 了
134119980704,弹幕 的 那 堆 关注点 是 人家 口音 长相 语速 的 越来越 彰显 网络 低 素质 了
134319033504,这么 精彩 的 辩论 这 关注点 确实 离谱
134116849744,竟然 现在 有 一千 人 看 应该 是 最近 有 什么 视频 吸引 了 人们 来到 了 原 视频
134117142880,BV1V14y1E7tX 这个 来 的
134117407616,回复 : 哈哈哈哈 哈哈哈 我 刚好 看 完 过来 看原 视频
134115884432,1k 人 再 看
134115707728,1k 人 在 看
134115551936,钱 不是 万恶之源 没钱 是 万恶之源
134112637680,我 站 正方 真的 被 说服 了
134112322736,弹幕 竟然 真的 在 讨论 钱 是不是 万恶之源 我 想 问 在 看 辩论赛 时辩题 到底 对 或 错 对 辩论赛 的 意义 大 吗 那 为什么 不 关注 他们 的 思维 他们 的 逻辑 他们 的 口才 反而 关注 辩题 的 对错 呢
134105645712,现在 都 有 1000 + 的 人 看
134102598384,牛 逼
134101971984,弹幕 有些 人 发表 看法 我 不 反对 但 对于 觉得 自己 比 人家 强 的 请 务必 跟 我 联系 一下 我 真的 很想 结交 一下 各位 大佬
134102937136,好几年 前 的 视频 了 大幕 大神 们 估计 早就 被 社会 真实 了
134100368224,这 弹幕 是 怎么 了
134097468560,正方 最终 都 是 在 解释 一个 字 万 把 钱 是 万恶之源 解释 为 钱 是 绝大多数 恶 的 源头 反方 就 变成 了 钱 不是 绝大多数 恶 的 源头
134099126336,正方 本来 就 很 难 打 只能 把 万字 当 突破口
134096842400,不 懂 就 问恶 和 罪 可以 画 等 号 吗 为什么 关于 恶 的 辩论 全篇 要 谈论 罪 呢
134083415488,我们 拥有 的 一切 道德 标准 是 建立 在 人类 社会 的 基础 上 的
134083198864,善恶 之分 是 人性 的 抉择 动物性 没有 善恶
134075149728,啊 对 对 对
134070620640,经典 精彩 很 好玩
134060584736,没 感觉 就 感觉 是 会 说 而已 仔细 想想 就是 在 诡辩 听个 乐子 得 了
134064340768,两方 都 有 事例 和 逻辑 推演 做 支撑 怎么 就是 诡辩 了
134066775456,网络 懂哥 来 了
134069372880,还 得 是 你 啊
134106031680,为啥 是 诡辩 啊
134114520688,辩论 就是 尝试 用 各种 角度 去 验证 自己 的 辩题 而 辩题 本身 在 普世 价值 上 的 对错 并 不是 辩论 手 应该 考虑 的
134190857216,诡辩 也 可以 是 辩论 的 一种 技巧
134024433280,钱 不是 万恶之源 b 站 才 是 多少 万恶之源 出自 b 站
134014752432,我 是 一株 墙头草 呀 那边 有理 那边 倒 呀 那边 倒
134011789616,人 的 善恶 决定 钱 的 善恶 但是 钱 是 万恶之源 并非 意为 钱 是 纯粹 的 恶 啊 这句 话 钱 是 主语 但 其 只 说明 了 钱 的 一个 性质 而已
134000860416,看 完 了 只 提 印象 深 的 反四 太强了 反方 风格 偏 幽默 正方 二三 很强 整体 很 国家队 至于 辩题 本身 就是 偏 反方 的 在我看来 正方 很多 问题 没有 解决 实际上 很难 解决 能 打 到 这样 很强 了 评委 也 会 考量 辩题 本身 的 偏向 性 23 已经 说明 不错 了
133999465600,武汉 歇后语 队 vs 马来西亚 色情 暴力 队
134074599104,半句 不离 黄 ( )
133997923952,作为 一名 辩手 眼里 只有 钦佩 和 羡慕 但 更令 我 意外 的 是 在 小小 评论 区 和 弹幕 区里 就 有 如此 多 的 国手
134103881040,弹幕 里 有 个 说 正方 辩手 是 乐色 的 我 是 隔 着 屏幕 都 对 这位 大神 钦佩 不已 啊
134114751968,我 不是 很 懂 弹幕 一直 说 自己 同意 哪个 哪个 观点 辩论赛 是 让 他们 来 站队 的 吗 不是 应该 看 各位 辩手 的 表现 和 能力 吗 这个 辩题 对错 还 需要 讨论
134127548640,回复 : 键盘 国手 我 是 认可 的
134127760608,回复 : 观点 没有 对错 对错 也 没有 意义 只 比 哪 一方 更能 打动 你 看 完 比赛 能 让 自己 有所 收获 才 是 最 重要 的
133990950208,这个 命题 说实话 正方 很难 打 钱 只是 工具 是 媒介 尔 怎样 利用 钱 在 人 是 人 的 行为 改变 了 钱 的 价值
134009678432,评委会 考虑 到
133989863952,1000 人 在 看 .......
133990557104,好巧
133964388944,脑子里 忽然 有个 想法 视频 中 这样 辩论 的 要是 学了 心理学 或者说 在 法庭 上 明知 自己 辩护 的 不 对 但 仍然 混淆是非 这种 事情 肯定 存在
133966373072,首先 辩论 的 正反 不 代表 选手 本身 的 态度 他们 只是 负责 站 在 正反 立场 上 剖析 论题 探索 真理 观众 收获 的 不 应该 只有 黑白 真相 更 多 的 是 灰色 的 边界 和 思辨 的 彩色 光辉 至于 混淆黑白 担心 替恶 辩护 说明 你 很 善良 我 相信 替恶 辩护 实现 程序 正义 找到 法律 漏洞 从而 推进 法制 这样 更能 减少 恶行 魔高一尺 道高一丈 纵使 巧舌如簧 总会 真相大白
133971775472,出现 在 辩论赛 上 的 辩题 始终 没有 一定 的 对 与 错 自然 也 不会 有 辩护 不 对 这样 的 说法
134323666080,辩论 就是 辩到 对方 连 诡辩 都 说不出 和 律师 法庭 目的 不 一样
133956689552,画质
133932792688,我 感觉 主要 是 两点 一是 对 万 的 含义 的 辩论 二是 源 个人 对 正方 更 有 感觉 引经据典 娓娓道来 可惜 辩题 逻辑性 输 一半
133909182752,正方 钱会 导致 万恶 反方 除了 钱 还有 很多 人性 道德 之类 的 恶 所以 钱 不是 所有 恶 的 源头 我 从头到尾 正方 没 说服 过 我 因为 正方 说 钱会 导致 万恶 是 事实 但 贪钱 还是 人心 的 丑陋 也 是 事实 钱 的 背后 是 贪婪
133907371808,2022 年 凌晨 三点 四十 居然 还有 二百多 人 在 看
133902817824,一不小心 看 完 了 ( 这个 有点 长 你 下次 可以 抽个 周末 看 一下 还是 非常 不错 的 绝对 没 看过
133910354496,鉴定 为 好
133901572240,1 个 月 前 看过 现在 怎么 又 刷 到 了 不过 很 精彩 值得 回看
133900994544,这辩题 正方 并 不是 不想 突出 逻辑性 本来 辩题 上 我 就 觉得 有点 吃亏 不靠 文采 突出 一点 单靠 逻辑 还是 很难 的 看到 辩题 一般 还是 站 反方 问题 总是 出 在 人 身上
133942154512,我 觉得 正方 只要 咬 死 万 不是 一切 就 能 辩 赢
133897770880,评审团 的 那个 汉学家 这个 那个 这个 这个
133896196928,为什么 7 年 过去 了 还有 807 人 在 看
133896366288,因为 经典
133896790112,因为 想 看 辩论 第一次 看到
133897092448,学 逻辑
133897233232,大学 辩论赛
133899007872,为什么 7 年 过去 了 才 推 给 我
134074807840,现在 746 个人 ( = = )
134113144944,现在 十一点 有 一千多 人 在 看
134157557312,回复 : 太牛 了
133895902736,我 记得 正方 一辩 从始至终 就 说 了 两次 话 估计 被 反方 的 黄暴 给 吓 到 了 还有 正方 三辩 真的 神
133894201408,都 太强了
133892631920,家人 們 你 們 真的 猛 15 年 的 視頻 這個點 九百多 人 看
133891596832,辩论赛 真的 是 神仙 打架 啊 搁着 屏幕 我 整个 人 都 不会 说话 了 永远 的 经典
133887370016,这 一场 真的 刷 了 很多遍 了 太精彩 了
133881167472,多么 精彩 的 辩论赛
133881313664,又 来 刷 一遍
133870429024,NB
133863013264,讲个 鬼故事 七年 过去 了 1000 +
133863231616,经典
133856316432,让 我 想起 了 谢若林 这 两根 金条 你 告诉 我 哪根 是 高尚 的 哪 跟 是 下贱 的
133839229216,前面 正方 稍 占上风 后面 反方 四辩 总结 绝杀
133836619792,没有 人 的话 没有 坏人 的话 钱算 什么 万恶之源
133835599424,金钱 是不是 万恶之源 不 重要 双方 怎么 说服 观众 金钱 是不是 万恶之源 才 重要
133834960896,我 觉得 恶 其实 就是 人 进入 文明 社会 以后 没有 被 压制 的 兽性
133833763584,钱 不是 恶之源 它 只是 一个 工具 只是 欲望 追求 的 具体表现 但 欲望 也 不是 恶之源 没有 节制 的 欲望 才 是 恶之源
133809891664,货币 从 商品 中 分离出来 的 用于 固定 地 充当 一般 等价物 的 商品 在 货币 诞生 之前 是 物物 交换 那 时候 就 没有 恶 吗 人类 道德 产生 之时 才 有 了 善恶 动物 是 没有 善恶 的
133803590880,还有 600 人
133800516368,这个 辩题 很 经典 我 大学 辩论赛 的 时候 参与 过 这个 辩题 所以 很 有 感触 其实 辩题 本身 对 正方 很 不 友好 因为 排 逻辑 排 到 最后 钱 确实 不是 万恶之源 人心 才 是 万恶之源 钱 和 美人 一样 只是 人 犯错 的 借口 而已 所以 辩论赛 中 反方 大胆 谈 逻辑 正方 只能 从 语言 入手 不是 谁 强 谁 弱 是 辩题 决定 的 很 佩服 正方 他们 在 弱势 能 有 这样 的 发挥 甚至 一度 让 反方 陷入 对万字 的 争论 已经 非常 厉害 了 双方 都 是 顶尖 辩手 才思敏捷 扬长避短 确实 不愧为 经典 辩论赛
133798388432,这 一场 真的 太精彩 了 隔 了 好几年 再 看 感觉 还有 新 收获
133799059920,都 是 来 考古 的
133799118368,万恶之源 不是 恶周 玄毅 直到 结 辩才 把 这句 话 说 出来 太晚 了
133797511232,恭喜 各位 墙头草 观看 辩论
133796510224,强大 的 知识 储备
133791281808,谁 说话 谁 就是 对 的
133793722416,20 年 后 还 在 看 哈哈哈
133788289408,这个 问题 本来 就是 有 对 有 错 所以 我们 觉得 正方 反方 都 是 对 的
133785109168,这个 教授 指出 的 挺 好 的 正方 万字 定义 失 了 先机 后面 只能 往回 扳 放到 一辩 说 就 好 了
133781205536,辩论赛 题目 感觉 好 不 公平
134301875920,所以 说 辩论赛 很难 啊 辩题 不能 一放 倒 要是 出 一个 同 不 同意 随便 犯罪 那 没人 看 正反 废 了 但 要是 像 视频 里 那样 胜者 也 肯定 不会 使 所有人 信服 的 但 这 也 是 辩论赛 的 魅力 选题 有 优势 又 感觉 没 优势
133772602496,这个 视频 我 从 高中 到 读研 隔三差五 看一遍 还是 觉得 好 精彩
133773236784,而且 每次 都 有 新 发现 新 思考 和 新 体会
133772042048,我 是 一根 草
133771406736,太爱 正方 三辩 的 歇后语 了 留下 我 的 脚印
133770776992,在 钱 出现 之前 恶便 早已 存在
133770486656,钱 没有 错 资本 有错 但 不是 全错
133770358352,nb 啊啊啊 啊
133769056640,令人 感慨 然而 周玄毅 现在 被 爆 丑闻 本来 要 给 我们 上 的 课 都 不开 了
133769019952,什么 丑闻 啊
133770282080,回复 : 同问
133773657888,回复 : 回复 : 与 多名 女生 关系 亲密 还有 比 自己 小 19 岁 的 作风 混乱 被 武大 行政 记过 了
133766701376,考古
133761767648,1000 就 离谱
133759982560,看到 说 画质 比 87 版 红楼梦 还 差 的 评论 我 才 知道 自己 怎么 刷 到 的 这个 视频
133753306784,这个 辩题 正方 吃亏 有点 大 啊
133751510976,7 年 半 之前 的 视频 现在 居然 还 100 + 的 同学 陪 我 一起 观看
133752447520,报道
133752938752,100 + 1000 + 吧
133754225600,1000 + 在 看
133964524848,回复 : 少 打了个 0
133751430160,我 之前 看 能否 以 成败论 英雄 就 觉得 许廷芳 律师 像 我 的 语文 老师
133733173184,想 问 一下 钱 只 存在 于 人类 社会 但恶 不仅 存在 于 人类 社会 那为 什 还要 说 钱 是 万恶之源 呢
133735280848,我 认为 啊 钱 是 万恶之源 这句 话 是 不 对 的 它 仅 在 人类 社会 中 起到 宣传 教导 作用 但 不能 作为 真理 但 万恶之源 是 钱 按 这个 逻辑 来看 它 在 人类 社会 中是 适用 的 反过来说 就 不 一定 了
133758483808,所以 我 认为 这个 辩题 不 咋 地 正方 吃亏 啊 我 去 但是 他们 表现 太棒了
134082955696,回复 : 恶只 存在 于 人类 社会 恶 这个 概念 是 对于 人类 整体而言 的 没有 人类 一切 行为 都 是 自然
133713112784,现在 还有 九百多 人 看
133707653536,正反两方 差距 真的 大
133700707040,挺 好 的 正反方 说 的 都 很 有 道理 我 段位 不够 语言 匮乏 就 点个 赞 吧
134075123168,一时之间 找 不到 自己 的 立场 当 了 个 墙头草
133696221904,当 一个 辩题 有 不同 论点 时有 一个 论点 不是 更让人 熟知 吗 就 像 反方 一样 钱 在 世界 里 本来 就 不是 万恶之源 对 反方 更 有利 那 这样 的 辩题 还有 意思 吗 反倒 是 正方 感觉 像是 举 例子 在 诡辩 一样 不过 正方 口才 是 真的 好 要是 正方 换 反方 我 觉得 肯定 乱 杀
133693735232,有人 说 反方 应该 先 抓住 源 这个 概念 但 我 感觉 在 后面 提出 更能 让 正方 不知所措 反而 是 先 提出 给 了 正方 思考 时间 如果 正方 察觉到 了 就 能 改变 整个 辩题 那 就是 金钱 究竟 是 恶 还是 源 这样 反方 用来 证明 钱 不是 恶 的 论点 就 不复存在 了 这 一点 在 正方 四辩 最后 也 有 体现 万恶之源 不是 恶 只是 没有 时间 就 这 一点 展开 论述 反而 是 还 紧盯 万 这个 字 在 气势 上 就 有点 最后 的 挣扎 的 意味 了
133693030432,怀念 那个 时代
133692253968,但是 万恶之源 的 意思 本来 就是 一切 恶 的 根源 啊
133757652464,你 有没有 看 视频 万 不是 一切 的 意思
133691966848,可 我 又 不是 为了 赚钱 而 赚钱
133688191936,现在 还有 1000 +
133687326304,大佬 在 节目 中 辩论 键盘 侠 在 弹幕 中 抠字眼 找 存在 感
133687056592,离谱 1000 + 在 看
133686192736,我超 现在 还有 一千 加 人
133686089504,这个 辩题 感觉 对 反方 天然 有利
133688024048,我 也 感觉 是 这样 的 不过 正方 真的 处理 的 非常 好 真的 佩服
134075037776,回复 : 神仙 打架
133685880112,学 语文 的 真实 作用
133685586304,初 一时 语文 老师 用 一节课 放 这个 视频 看 完真 被 深深 震撼 了 太 六 了 今天 又 找 来 看看
133685572688,贪痴 嗔 是 恶 的 因人 贪着 钱会 行恶 贪 着色 也 会 行恶 贪着 权 也 会 行恶
133685788576,反方 三辩 我 喜欢
133684287248,钱 是 万恶之源 正如 正方 所说 的 万 不是 全部 只是 一部分 恶 那 另 一部分 恶 的 源 是 来自 于 除 钱 以外 的 东西 也 就是 反方 的 观点 所以 我 认为 这场 辩论 并 不是 一定 要 选择 一边 是 对 的 而是 两边 为 各自 观点 辩证 的 过程 看 的 确实 热血沸腾
133693953456,辩论 都 不是 为了 得到 一个 答案 的 所以 题目 也 会 模糊 一点
133682331456,马来亚 大学 表现 很 不错 有 亮眼 之喜 只是 发音 上 有点 不足
133681275072,把 钱 这个 词 换成 利益 呢 利益 是 万恶之源
133680685536,双方 共识 : 管 他 是不是 钱 反正 日本 是 恶
133678445904,我来 了
133678365552,这个 周玄毅 好像 是 之前 爆出 问题 那个
133681184560,人渣
133678158032,双方 在 日本 是 万恶之源 上 表达 了 共识
133677752912,太 厉害 了 羡慕
133677592224,都 是 来 考古 的
133666851328,精彩
133664568496,电车 难题 我 选择 全杀
133656589120,我 觉得 正方 可以 对 反方 那个 钱 一会儿 是 善 一会儿 是 恶 所以 不是 万恶之源 的 观点 进行 反驳 这样 就 会 更 有力 了 正方 仅 在 万字 上 反驳 其余 只有 陈述 显得 不够 犀利
133651337904,这 还要 指指点点 我 真想 __ 弹幕 大神 的 _
133647301584,看 完 了
133638875456,正方 其实 很 好辩 重点 放在 有 了 通用 货币 之后 就 可以 这个 题 如果 要 讨论 更 早 的 那 应该 放在 人性 善恶 上 了
133639416864,这个 论题 出来 其实 对 双方 辩手 都 是 相当 的 就是 放在 钱 这个 概念 出来 之后 的 如果 要 讨论 钱 出来 之前 为什么 不 从 动物 的 本能 类人猿 时代 侏罗纪 谈起
133688289664,回复 : 额 辩论 不是 看 谁 的 论点 对 的
133627976880,好好看 啊
133622454928,23 分 32 秒 开始 听不懂 了 但 感觉 好 有 道理 果然 我 就是 墙头草
133621698400,为什么 这个 点 1000 + 人 看 啊 哈哈哈哈 哈哈哈
133621723360,可能 因为 这场 辩论赛 经典 吧
133626228784,语文 老师 让 看 看看 自己 适合 哪个 位置 下节 课开 辩论会
133699920144,现在 也 还有 2333333
133620557824,看得 真爽 骂 的 好
133620197376,上半年 我们 英辩 课 老师 给 我们 放 了 这个 视频 现在 又 来 重温 神仙 打架
133619581696,我 的 妈呀 居然 还有 一千多 人 陪 我 看
133619380208,为什么 武大 三辩 说 在 目前 的 中文 当中 员 没有 一个 贝字 这 是 什么 意思
133617345408,为什么 2015 年 的 视频 还有 一千 人 啊
133617734944,因为 经典 而且 有人 剪 了 这 视频 awa
133616786192,我 觉得 这 辩论 对 正方 很 不利 因为 钱 嘛 这 东西 跟 我们 是 帮 在 一起 的 如果说 它 是 万恶之源 极 多 恶事 的 起源 那 为什么 我们 不 取消 钱 但 取消 钱后 我们 要 怎么 买卖 东西 怎么 去 衡量 东西 价值 如果 以物 易物 那 国家 之间 怎么办 特产 那靠 旅游 的 国家 怎么办 我 拿 几箱 水果 当 货币 来 旅游 但 几天 后 水果 烂 了 怎么办 世界 上 只要 有人 缺少 东西 那钱 就 不会 消失 除非 人人 什么 都 有 而且 要 什么 有 什么 不然 钱 就 不会 消失 然后 就是 钱 这 东西 极大 的 方便 了 人们 让 东西 有 衡量标准 很多 东西 的 诞生 都 是 必然 的 从 茹毛饮血 到 衣冠禽兽 从 以物 易物 贝壳 到 纸币 二维码 都 是 社会 在 进步
133615105904,钱 是不是 万恶之源 日本 是不是 万恶之源
133614928432,真的 精彩
133614356032,怎么 还会 有 一千 人 呀 哈哈哈
133612907232,那么 多人 啊
133610925248,现在 1000 + 就 离谱
133610770688,笑死 我 了 黄暴 辩手 哈哈哈 哈哈
133610684016,哈哈哈哈 几年 了 还有 1000 + 人 正在 看
133609534704,万恶之源 日本 人
133609445600,一个 视频 火 了 都 来看 了
133607703424,2022 年 的 来 了
133606248736,七年 还有 一千 人 啊
133584848640,其实 反方 一旦 抓住 了 人性 这个 论点 就 很 好辩 前期 准备 很 重要
133573131648,正方 三辩 真的 好张 三
133571744896,钱 从 两个 角度 都 不 可能 是 万恶之源 1 . 万恶之源 并 不是 恶 他 只是 恶 的 源头 并不一定 得 是 恶 也 可以 是 爱 2 . 钱 也 不 可能 是 源头 源头 指 的 是 根源 如果 钱 是 根源 那 在 发明 出钱 之前 根源 是 什么 呢
133564203776,热评 凑凑 = 第三只 队伍
133554340624,钱 不 就是 人类 发明 出来 的 人类 货币 一种 流通 方式 吗 工具 没有 错错 的 永远 是 使用者 的 使用 方式
133548884560,反方 的 知识 储备 好像 比 正方 少 一点 不过 比 现在 都 的 我们 多
133526497728,太棒了 看 完 了 感觉 最后 是 正方 四辩 给 了 对方 一个 助攻 吧 我要 多 看点 辩论赛 为了 下次 能够 头脑 清晰 思维 敏捷 口若悬河 的 和 别人 吵架 还要 不 落下风 那种
133515465968,正方 挺难 辩 的 这个 题目
133512030736,2023 年 复读生 路过
133510729392,时隔 六年 今日 回看 这场 辩论 更 感叹 双方 辩手 的 厉害 了
133496760608,反方 总是 举例 侵犯 这种 黄暴 相关 的 真的 让 人 听 了 直 皱眉 论 语言 和 节奏 还是 正方 更好 感觉 我 是 变相 在 听 人性本恶 / 善 的 辩题
133496130144,为什么 现在 还有 1000 + 人 在 观看 啊
133473005568,踩 一下 反方 的 以偏概全 和 正方 的 以小见大 驳论 很 精彩 最后 反方 的 以偏概全 赢 了
133509945216,正方 赢 了 观众 得 把 裁判 打死
133466242976,关于 我 学校 用 这场 辩论赛 的 视频 当做 教材 这件 事 我 又 来 重温 一遍 刚刚 通过 选拔 进了校 辩论 队来 学习 下
133459968080,所以 题目 本身 就 有 问题 的 最后 两方 变成 了 对 万字 的 范围 辩驳 ( 个人 理解 )
133690451456,这个 比赛 就是 考 辩手 能力 的
133747346016,回复 : 但是 我 觉得 这个 题目 本身 就 有 一定 倾斜 性 正方 对于 反驳 反方 诸如 原始 世界 也 有 恶 存在 但是 还 没有 钱 诞生 这个 点 就 很 难 反驳 取信 然后 对于 万恶之源 这个 也 有点 绝对 不太好 做 婉转
133459021232,人性 中 的 弱者 才 是 万恶之源
133458688032,感觉 最后 双方 的 点 在于 万 的 定义 上
133457133888,老是 巨 侮辱 女性 的 例子 真的 礼貌 吗 一次 两次 为了 辩论 无所谓 但是 一直 说真的 很 没有 礼貌 啊
134305130832,辩论赛 本质 就是 比赛 纳 一切 优势 给 对方 一切 劣势 因为 辩论 官方 是 不 可能 拿出 一个 有 明确 对错 的 话题 而且 这个 恶 的 行为 本质 确实 是 脱离 钱 的 他们 也 想不出 其它 有 代表 又 典型 的 例子 只能 拿 这个 只 对 反方 有 优势 对 正方 没 优势 的 做文章 ps : 我 怀疑 他们 说 这个 话题 也 是 为了 压 正方 一辩 毕竟 这种 话题 很 容易 感染 情绪 而 辩论 又 是 理性 的 舞台
134341566720,回复 : 辩论 是 运用 丰富 的 例证 而 不是 一直 用 一个 对方 就 这个 问题 已经 解答 过 了 但是 一直 重复 这个 问题 就让 人 觉得 不仅 辩论 缺乏 观点 而且 说 多 了 真的 不 礼貌 个人 感受
134354292160,回复 : 不用 个人 我 也 觉得 可能 是 文化氛围 不同 吧 感觉 他们 明显 更 彪悍 一点 我 感觉 对于 咱们 的 氛围 来讲 说 这个 是 真的 很 不 礼貌 也 不体面 不过 他们 在 说 这个 例子 时 观点 就是 源 他们 要 拼命 维护 这个 点题 的 优势 观点 武大 的 学生 也 举 了 很多 例子 来 多方面 论证 正方 观点 也 想 离 这个 字远 一点 结果 反方 就 硬 把 这个 论据 拿 出来 正方 也 必须 论证 甚至 自由 辩 时候 还 吐 槽 了 一下 真是 招不在 新 有用 就行
133452762576,渐彪 年轻 时 真是 智性 恋 天花板
133451556224,正方 很 好 题目 没有 优势
133428400736,我 的 天 啊 太强了 我 真的 是 来 凑数 的
133407340880,比 肺活量 吧
133380942176,优秀
133366150896,现在 是 2022 年 十月 十二日 由于 疫情 没去 新 师大 周三 只有 一节课 特此 观看 辩论赛 解闷 开学 来二刷
133306152960,第二次 看 这个 视频 受益 颇 多 引发 了 一些 思考 挺 好 的 有 机会 还会 再 刷
133303240704,认为 钱 是 万恶之源 的 请 你们 把 钱 送给 我 我 替 你们 承受 这 万恶
133299862848,正方 说完 还 真是 那 回事儿 ( ) 反方 说完 好像 又 不是 那样 正方 说完 果然 就是 那回事 ( | | ) 反方 说完 看来 是 正方 蛊惑 ( ) ! 正方 说完 原来 是 反方 胡扯 ( ) 反方 说完 正方 那 婊 套路 我 ( ` ) 正方 说完 反方 那厮 * * * 结论 这个 视频 才 是 万恶之源
133288820848,周 喜欢 用 例子 胡 偏重 逻辑 总结 的 时候 还是 感觉 后者 更 具有 说服力
133282166656,哈哈哈 哈哈 刚看 完新国 辩 的 哲理 辩周帅 打 自己 脸 我 现在 这个 年纪 打 辩论 就 tm 不会 指着 大辞典 告诉 你 万 不是 一切 的 意思
133278277360,钱 如果 是 万恶之源 那 原始时代 以物 换物 时候 没有 钱 的 概念 的 时候 没有 被 创造 出来 的 时候 难道 就 没有 恶 吗 难道 人人 就是 一心 向善 满心 淳朴 吗
133234682128,过 了 这么 多年 来看
133225200144,看 明白 了 好好 好好 好好
133213707616,万物 之源 是 人性 的 缺点 钱 只是 实现 和 体现 的 一个 媒介
133195478832,永远 都 有人 在 看
133182068512,我 第一次 真正 看 辩论 是 在 郑渊洁 的 皮皮鲁 大全 后面 今天 在 抖 音刷 到 了 片段 上 b 站 看看
133176423152,正方 太 吃亏 了
133166881840,那个 时候 没有 网络 信息 没有 那么 发达 大学 最大 的 乐趣 就是 看书 正是 因为 博览 全书 思维 和 逻辑 层次 真的 比 现在 的 大学生 强 很多
133164205088,1000 + 人
133161898800,22 年 了 现在 的 键盘 侠 估计 上场 都 不 干 了
133148621936,弱弱 问 一句 第一次 看 辩论 完全 看不懂 怎么办 听不懂 里面 的 逻辑
133141745440,2022 年报 到
133076106000,看 这个 辩论 之前 我 就 秉持着 钱 不是 万恶之源 的 观点 看 之后 我 还是 坚定 我 的 观点
133072686224,整体 还是 武大 更好 呀 最好 结果 应该 是 武大 胜 然后 最佳 辩手 给 胡渐 彪 胡渐 彪 比 周玄毅 好 很多 太强了
133068069696,老师 推荐 来看
133040240224,今天 上 社团 看 了 这个 哈哈哈哈
133038347472,为什么 大家 突然 都 跑过来 看 辩论赛 了 呢
133041369632,抖 音带 火 了
133027622608,高一 的 时候 语文 老师 给 我们 放 了 这 一集
133025499120,挺 精彩 的 辩论赛 钱 是不是 万恶之源 可以 说 是 也 可以 说 不是 因为 钱 不 具备 自主性 它 只是 交易 的 工具 其本质 还是 在于 人
133021669792,跳转 1529
133018553280,最 喜欢 的 一集
132994869616,怎么 将 视频 下载 到 相册 里面 呀
132992672800,反方 四辩 最后 总结 真的 很 有 逻辑 正方 三辩 好 强 啊 不愧 是 最 经典 的 辩论赛
132970905488,我 高中 的 时候 老师 要求 我们 看 完 写作文
132955668048,这 主持人 很 徐志胜 啊
132953780032,一 五年 的 视频 现在 还有 一千 加是 我 没想到 的
132973814928,哈哈哈 大半夜 睡不着 当 相声 是 吧
132948565136,钱 独立 于 人 之外 那 不过 废纸 一张
132922602896,因为 欲望 人 产生 了 恶
132921997440,名 场面 万 就是 他妈 这个 意思
132921185424,卧槽 好 牛
132919475040,慕名而来
132880713840,真的 比 那个 央视 世界 辩论 大赛 好 央视 那个 断断续续 烦死 了 讲 的 文文 的 好像 是 来 写文章 来 的 真的 无 语 还是 这个 好看
132867747632,正方 四辩 周玄毅
132860974624,人才 是 万恶之源
132853449232,哇 大半夜 还有 那么 多人 看
132848680576,个人 之见 这个 题出 的 多少 有点 争议 双方 从 万恶之源 的 争论 最后 都 落 在 了 万字 是否 代表 一切 所有 的 意思 如果 代表 正方 无一 优势 并且 大家 通俗 理解 确实 万恶之源 是 全部 源头 的 意思
132841397072,这 他 妈 才 交 辩论赛 脑子 都 跟不上 辩手 的 嘴 哪些 综艺 辫 的 是 个 啥 鸡毛 都 不能 自圆其说
132835727776,打卡 学习 看 神仙 打架
132832723728,1000 +
132811813840,這個 我們 上 高三 的 時候 我們 的 語文 老師 讓 我們 看過 但是 我現 在 還想 再 看一遍 真的 很 好看
132791750576,600 个人 陪 我 一起 当 墙头草
132788348976,五百万
132778401088,我 想 说 一句 题外话 辩论 是 对 这个 题目 的 辩论 不是 去 不要 她
132772937904,50 分钟 的 视频 300 多万 播放 量 我们 B 站 果然 是 个 学习 网站
132772229952,钱 是 万恶之源
132754354432,还有 455 人 与 我 同 看
132721398272,确实 精彩
132710158144,反方 优势 有点 大 了 可以 说 钱 有 恶 但是 不能 说 是 万恶之源 人 的 恶太多 了 单独 一个 金钱 就 连 一半 都 无法 包括
132702724800,太牛 了 我 更 喜欢 反辩
132695905824,10.7 留
132697352112,宝儿 今天 6 号
132692228512,人 活着 就是 为了 满足 自己 内心 的 自尊 行 存在 感 优越感 所以 万恶 是 人 的 欲望 人 不是 为了 钱 是 为了 自己 的 欲望 啊 钱 只是 欲望 的 一个 缩影 而已 不是 源头
132690644016,辩论 就是 要 回避 对方 问题 避免 进入 对面 圈套 而且 辩论 题目 本来 就 没有 答案 就是 看 辩论 的 逻辑 和 表现 同样 的 题目 换 另 两个 队伍 来 有 可能 不是 同一个 辩题 获胜
132687126400,悠久 的 年代
132685283808,这个 辩题 搞 得 正方 完全 不能 正面 回答 反方 的 问题 只能 偷换概念 和 绕圈子 太 吃亏 了
132663139024,大 一打 辩论 的 时候 这 就 作为 我们 学习 的 样本 哈哈哈 哈哈哈 真的 太强了
132649242688,反方 四辩 太 绝了
132631151104,全程 没 开 弹幕 观感 良好
132618684416,啊 他们 真 厉害
132603648352,10.6 日留
132599619888,正三 真的 好 牛
132598877072,现在 还有 四百多 人 看
132591167376,真牛
132586610448,22 年 了 我 还 在 看
132580669712,这么 强 弹幕 都 能 狂吠 我 是 没想到 的
132581432048,现在 的 社会 有些 人太 浮躁 了
132578056112,怎么 突然 这么 多人 看
132581604512,有 一个 视频 带火 了
132560285968,第三次 看 了 天天 嚷嚷 看 辩论赛 能 提高 逻辑思维 能力 这个 有待 考证 反正 我 看 的 时候 感觉 这个 说 的 有 道理 那个 说 的 也 不错 反正 就是 墙头草 那边 发言 往 那边 倒 反应 总是 跟不上 他们 的 语速 但 很 过瘾 就是 了 欣赏 他们 的 语言 水平
132552005440,真的 好 牛 反方
132547752848,这个 真的 是 封神 的 一场 我 好像 已经 重刷 4.5 遍 了
132538782976,今天 是 2022 年 10 月 5 日 我 来看 这场 经典 的 辩论赛 了
132520171984,辩论 相当 精彩 双方 都 是 很 厉害 的 人 确实 难 分 胜负 但 当 开始 颁奖 的 那一刻 突然 觉得 有些 失落 名与利 的 赋予 看似 让 事物 有 价值 但 反而 容易 让 人们 忽视 了 事物 本身 的 价值
132515928096,学 语文 老师 要求 看 的 举个 手
132488098016,22 年 还 在 看 精彩
132477575952,各位 又 来 盘 这个 视频 了
132467311568,钱 是 万恶之源 但 他 本身 并 不是 恶
132460500128,实话 说 双方 只不过 是 在 万字 的 限定 上 来回 攻占 不同 限定 条件 下 双方 都 是 对 的
132460061584,常看 常新
132453080432,耶耶耶
132449611200,个人观点 双方 就 在 争 一个 问题 万 的 意思 是 什么 可 最后 双方 都 按照 自己 的 观点 去 理解 辩论 根本 不 在 一个 频道 你 说 你 的 我 说 我 的
132446525472,哇塞 第一次 看好 精彩 我 平常 感觉 20 分钟 的 剧 都 懒得 看 50 分钟 酣畅淋漓
132427707776,其实 钱 才 是 万恶之源 这个 万恶之源 确实 蛮 有 问题 的 钱 本来 就是 人类 发明 的 东西 正方 一直 想 说 的 不 就是 钱 代表 了 一种 贪钱 的 欲望 吗 欲望 不仅 是 贪钱 一种 最好 说 的 就是 爱情 这种 欲望 一个 女生 他会 为了 那个 男生 的 爱 而 不择手段 伪装 自己 你 能 说 这 是 为了 钱 吗 不是 钱 是 情 到头来 别说 钱 是 万恶之源 人才 是 万恶之源
132426562352,钱 不仅 可以 在 商品 领域 呼风唤雨 而且 可以 使非 商品 页 商品化 它 不仅 是 物质财富 的 象征 而且 成为 了 精神 价值 的 筹码 权力 地位 可以 用钱 购买 贞洁 名誉 可以 公开 出售 人 ...
132423480336,偷换概念 也 是 一种 辩论 技巧 啊 辩题 不 讨喜 的 时候 你 跟 反方 讲 逻辑 不 就是 把 自己 往 坑里 带 吗 没 问题 啊
132386643184,哇哇 哇 好 精彩
132383028992,讲 的 真 好 啊 两边 都 讲 得 真 好 两边 都 很 愿意 讲 而且 还有 钱拿输 了 也 有 5 千不亏
132364055312,我 觉得 正方 二辩 也 说 得 很 好 耶
132359880992,好 厉害
132354779808,但 从 观看 来讲 正方 队伍 的 技巧 和 反应 都 更 快 而且 更 易 带入 反方 相对 就 总 磕巴 但是 反方 在 论题 上 就 明显 要 容易 一些 感觉 反方 靠 四 辩拉回 局势 正方 也 因为 四辩 失去 优势 从 观赏性 来说 正方 应该 是 更胜一筹 可能 是因为 运气 不好 抽到 的 观点 不好 总而言之 还是 很 精彩 的 我 只是 评价 我 肯定 不行 的
132337947088,在 学校 电脑 里面 开 这个 我 看 了 一 中午 就 爱 上 了 最 喜欢 这个 辩题 了 辩论 得 太精彩 了 一直 开 整个 班 的 都 一边 看 一边 笑 回家 搜才 知道 没想到 这么 火 这么 经典 果然 厉害
132332404400,自由 辩论 余磊 真的 好 厉害
132328021696,钱 不是 万恶之源 人性 才 是 不论是 善 还是 恶 终究 是从 人 出发 而 来
132304814640,建议 把 弹幕 防护 等级 拉满 看 评论 区 我 是 想 看看 有没有 好 的 观点 的 不是 看 你们 吐槽 弹幕 小学生 低龄 键盘 侠 的 翻 了 一会 看见 那些 戾 气 优越感 你们 和 弹幕 的 那些 人有 什么 区别
132255203872,太精彩 了 奈何 我 现在 没有 什么 好 文采 讲 不 出来
132214161680,"如果 是 我 站 在 反方 我 可能 会 着力 辩证 "" 源 "" 阐发 钱 的 概念 将 角度 引导 到 由 钱 产生 的 恶 的 源头 是 私欲 而 不是 钱 也 就是 陈锦添 的 一部分 观点 展开"
132203208576,看 视频 还是 把 弹幕 关掉 吧 真 反感 一个个 都 是 高手
132192903472,赌 对 了
132158909248,最近 真的 迷死 辩论赛 了
132158357920,还 没 看 之前 我 就 支持 反方 观点 钱 不是 万恶之源 对方 逻辑 真的 强 很 刁钻 那个 王健 说 正方 语文 好 但 辩论 不 只 需要 语文 好 我 就 知道 反方 赢 了 正方 四辩 在 说 反方 不 认为 那些 是 恶 我 就 觉得 有点 偷换概念 了 反方 把 钱 分为 有时 善 有时 恶 但 钱 不是 源头 说 到 这个 点上 了 根本 反驳 不了
132440546448,人们 用钱 行善 故钱 不 总是 带来 恶 但是 行善 的 时候 钱 只是 工具 是 达成 善行 的 介质 行恶 的 时候 却 往往 是 恶行 的 目的 也 即 恶 的 诱因
132132902384,此刻
132526213280,你 已 开始
132526236832,回复 : 摸鱼
132107544432,钱 不是 万恶之源 人 的 种种 欲望 才 是
132091826208,冒泡泡
132067872720,这是 一场 正面 与 反面 的 博弈
132067168032,最强 大脑
132064483872,钱 不是 万恶之源 人才 是
132003607952,看 完 了 支持 反方
131998555984,大一 还 进 辩论 社了 一直 懵懵懂懂 现在 好像 才 开始 明白 其中 的 趣味
131950541344,100 多人 正在 看
131950082640,一个 万 万恶之源 也 可以 是 善 之源 反方 思路 : 把 恶之源 从 钱 上 撇开 或者 是 钱 不 导致 恶 正方 思路 : 把 恶之源 归于 钱 或者 是 钱 一定 导致 恶 终究 是 对于 万 的 辩论
131947288080,好 棒 好 棒
131923587392,"辩得 就是 "" 万 "" 这个 字"
131917169840,突然 觉得 好 适合 上海 高考 语文 作文 前 几年 有个 比较 是 万恶之源 有人 说 钱 是 万恶之源 有人 认为 不尽 如此 对此 你 有 什么 看法
131866449312,我 不装 了 我 是 墙头草
131852437184,正方 一辩 划水 了 哈哈
131815622496,我要 和 她 一起 看 辩论赛
131810887968,很多 辩题 都 有 天然 优势 方 和 劣势 方 啊 都 看 辩论 了 还 不 知道 选手 或 你 自己 不论 站 正反 都 和 你 本人 三观 没关系 打 辩论 就是 有点像 律师 一样 为 一个 题 说话 而且 站 正反方 一般 没得 选有 的 评论 真的 很 搞笑 谁 关心 你 本人 三观 啊 还 攻击 辩手 三观 不正 了 就 跟 喷 给 杀人犯 辩护 的 律师 一样 6
131808251040,无语 啦 无语 啦 辩论赛 怎么 可能 搞 一个 明显 一对一 错 的 论题 呢 那样 根本 没有 辩论 的 必要 好伐 再说 基于 双方 的 辩题 正方 就是 要 在 这样 大部分 人 都 不 赞同 的 常识性 论题 下 坚守阵地 抽到 哪方 谁 都 不 知道 可能 你 抽到 的 辩题 就是 你 之前 生活 中 不 赞同 的 都 有 可能 所以 正方 能够 自圆其说 趋利避害 发挥 文学 功底 等等 各种 优势 确实 国内 在 这 之前 对 辩论赛 的 重视 以及 规格 什么 的 都 没有 优势 的 能 做到 这样 已经 很 不错 了 反方 各 方面 逻辑 啊 赛前 准备 啊 打 配合 让 观点 更 接受 啊 什么 的 都 很 厉害 值得 学习 唯一 不太 理解 得 就是 在 二 辩三辩 阐述 的 过程 中 有些 例子 本身 的 局限性 给 对方 带来 了 反驳 的 机会 让 赛场 看起来 自己 这边 有点 被压迫 的 感觉 就 容易 搞 心态 但是 这 可能 只是 我 这种 水平 考虑 的 点 因为 螚 坐在 那 基本 不 存在 心态 被 干扰 哈哈哈 正方 三辩 很 强
131777889712,钱 不是 万恶之源 人性 才 是
131777123120,报名 参加 辩论赛 之前 的 我 就 应该 先看 了 这个 视频 再 参加 我 知识 储备 和 口才 完全 跟不上 啊 害怕 到时候 输得 很 难看
131753395392,文科生 和 理科生 的 辩论 方向 真的 很 不 一样
131706589392,懂 了 这 是 一项 体育运动 看 谁 出错 少 果然 我 直觉 就 讨厌 我会 打 不 支持 的 所以 钱 是 万恶之源 纠结 万 作为 数目 是 很 保险 但是 思想 上 很 无聊 的 应该 打源 这个 字 讲点 经济学 实例 实在 不行 讲 点 构造 原理 但是 陈述 事实 是 辩论 最差 的 环节 几乎 只能 用 大众 理解 跟 思想 延展性 极限 一换 一 这个 应该 放到 经济学 理论 里 去 理解 我 对 后者 的 兴趣 比 辩论 多多 了
131696161856,其实 弹幕 有些 挺 好笑 的 什么 什么 正方 只要 怎么 怎么 说 赢定了 反方 怎么 怎么 讲 就 赢定了 正方 输 在 是 正方 反方 赢 在 是 反方 说实话 有点 太呆 了
131675561712,反方 中间 一段 已经 论述 的 很 明确 了 钱 不是 恶人 的 贪念 才 是 钱 或者 等价交换 物 的 存在 是 文明 发展 的 必然 产物 钱 只是 工具 不是 目的 一切 为了 文明 发展 便利 所 产生 而 人 是 具有 主观 能动性 的 人 的 贪念 贪得 是 钱 么 不是 贪得 是 等价交换 物所能 交换 到 的 一切 物质 满足 精神 满足
131656963088,厦大 人 报道
131655484384,看 了 这个 感觉 自己 之前 在 学校 参加 的 就是 浑水摸鱼
131655411152,捉襟见肘 的 感觉
131646999648,我 还是 get 不到 反方 说 的 哪里 有 道理 有 一些 观点 我 觉得 他们 提 的 很 好 但是 大部分 的 观点 我 认为 都 没有 正方 说 的 好
131640233056,太精彩 了 啊啊啊
131629989136,正方 本来 就 不 容易 辩
131624904432,哪里 有 他们 发言稿 资源
131611124560,好 精彩 啊
131587090320,我 有 个 问题 吴三桂 怒发冲冠 为 红颜 算恶 吗 如果 我 的 家人 被 这 样子 我 估计 和 吴三桂 一样 欸
131579568816,不是 那恶 的 第四个 层面 是 什么
131560968976,传说 中 的 万 是不是 一切
131559686464,看 了 好多遍 看来看去 还是 这个 最 精彩
131527673952,看 了 好多 还是 这场 最 精彩
131520896768,服 了 这场 辩论赛 看 了 很 多次 了 弹幕 低龄化 越来越 严重 这 也 有人 喷沙 北 吧
131489969200,天 啊 我 真的 觉得 自己 被 吊打 了 这样 的 差距 我 这辈子 都 赶不上 呜呜
131477975456,为什么 国际 大专 辩论赛 的 相关 视频 我 都 看 不了 无法 播放
131476449728,高中 被 这 一场 辩论赛 惊艳 到 阴差阳错 我 也 进 了 武 大辩论 队 虽然 是 院队 没有 校队 大佬 那么 牛 逼
131466305968,新人 围观
131444470816,别开 弹幕 看吧 弹幕 挺 搞笑 的
131466621664,确实
131434048752,我 有点 认同 反方 人性 的 恶 不 应该 推 到 某个 物品
131433312320,好像 都 说 的 有 道理
131388687008,人性本善 的话 我们 还 需要 什么 法律 还 需要 什么 规则 还 需要 什么 道德 为什么 还 需要 引导人 向善 因为 人 不善 啊 所以 需要 引导人 向善 哎 如果 人善 需要 这么 多 规则 法律 警察 吗
131388049904,钱 是 万恶之源 那 请 你 把 这个 万恶之源 都 给 我 吧 让 我 被 这个 万恶之源 折磨 死 吧 我 愿意 独自 承受 这个 苦
131387785008,钱 不是 万恶之源 钱 是 工具 钱 是 死物 钱 没有 自主 意识 钱 的 好坏 取决于 它 的 使用者 钱 是 人类 生活 的 必需品 它 具有 强大 流通 性能 买通 很多 罪恶 可以 看出 钱 只是 买通 罪恶 的 手段 跟 工具 只能 说 是 钱 的 强大 流通性 助长 了 罪恶 的 嚣张气焰 如果 降 万恶之源 归于 钱 这 是 非常 不合理 的
131380884720,2022 依旧 在 刷
131379923600,其实 感觉 本质 上 是 性本善 / 恶 的 辩论 个人 拙见
131336402016,又 来 了 每次 看 都 有 新 收获
131333278272,从 2022 年来 有人 没钱 也 敢 家暴
131326680160,这场 辩论赛 我 看 了 三遍 了 真的 有 才 每次 看 完 的 过程 依然 佩服 的 五体投地
131299500480,万恶之源 普遍 大众 所 理解 的 就是 所有 的 恶 我们 需要 辩论 的 是 对 自己 观点 的 论证 不是 扣 字眼
131360541696,真懂王
131297527696,2022 年 还有 人 看 么
131408126512,中午 吃饭 就 二刷
131290548384,真的 nb 我 没 文化 辩论赛 可能 重要 的 不是 结果 过程 的 精彩 是 吸引 我们 的 辩论 的 过程 正方 反方 所 做出 的 临场 反应 以及 他们 自信 的 风度 都 值得 我们 去 学习
131287102752,我 看不懂
131284993856,常看 常新
131282724832,哈哈哈哈 好 喜欢 看 辩论赛 啊 这种 我 觉得 对 说 的 好 正确 的 感受 从 正方 到 反方 来回 跳 的 感觉 真的 叫 人 痴呆
131278401504,我 的 妈 好多 弹幕 的 嘴 太 臭 了
131265892032,半夜 500 人 正在 看
131263987840,刚 开学 的 大学 牲来 了 好 喜欢 正方 三辩
131263003120,2022 年 的 我 还 在 看
131262924880,2022 年 还有 人 看 吗
131262979104,其实 钱 这个 工具 本身 无 善恶 而是 在于 使用 钱 这个 工具 的 人 本身 或者 事件 本身 上 吧
131256937920,好几 刷
131251374832,正方 很难 反方 有 很多 个 观点 提得 也 是 一针见血 比如 用 万恶之源 去 行善 去 赡养父母 校园 欺凌 是 恶 劫色 也 同样 因恶 而生 但 二者 却 并 不是 建立 在 以 钱 为 目的 的 基础 上
131281721840,所以 万 的 定义 成为 了 空子 也 是 这场 比赛 精彩 的 制造者
131246193280,2022 年 打卡
131246823248,加一
131235864928,正方 武汉大学 核心 观点 是 金钱 是 万恶之源 但是 万 不 代表 一切 而是 多 无论是 在 历史 的 战争 侵略 还是 现代 的 吸毒 抢劫杀人 都 离不开 金钱 的 诱惑 所以 认为 钱 是 万恶之源 反方 马来西亚 大学队 观点 是 金钱 能 带来 恶果 也 能 带来 善果 之所以 有 两种 不同 的 结果 是因为 人性 的 本质 而 并非 金钱 在 作祟 因此 认为 钱 不是 万恶之源 我 认为 正反方 的 自由 答辩 非常 精彩 反方 在 论述 万恶之源 定义 的 时候 角度 很 好 他 提到 了 人性 才 是 恶 的 起源 是因为 萌生 了 贪念 所以 才 不择手段 获得 钱财 这个 顺序 和 正方 是 相反 的 双方 在 总结 发言 的 时候 反方 其实 很 好 地 解释 和 破题 而 正方 没有 很 好 地 解释 人性 之恶 这 一点
131230243744,这个 这个 什么 国际 大专 辩论会
131213275712,万恶之源 是 人 本身 别 找 借口 是 钱
131205711888,封面 图 看成 年轻 时 的 罗 老师 了 点 进来 发现 不是 不过 收获 满满
131203888064,光 这个 气势 就 把 我 冲 的 有 话 说不出 了 感觉 反方 四辩 战斗力 好强 绕 的 我 头 都 晕 了 听 了 后面 忘 前面 的 这种
131203064304,果然 要 自己 品 就 得关 了 弹幕
131190651312,自由 辩论 太精彩 了
131187614672,辩论 还是 罗永浩 牛 啊
131178363600,刚好 想 找 辩论赛 来看 耶
131138087952,这 可太敢 说 了
131135423680,好 搞笑 啊
131135419776,哈哈哈 哈哈
131133943952,胡渐 彪 结辩 做 得 真 好
131124721040,神 仙 打 架
131115693232,太牛 了
131113844768,万恶之源 不 代表 是 恶 这句 观点 真的 惊艳 到 我
131092781936,以前 看过 的 辩论赛 不多 但 每 一场 都 会令 我 深深 震撼 这次 也 不 例外 辩论赛 之于 我 来说 辩手 们 的 唇枪舌剑 谈吐 自如 都 是 能 让 我 震撼 的 地方 他们 风度翩翩 从容 淡定 但 又 才思敏捷 对于 对方 的 反驳 应对 自如 却 又 不失 逻辑 不失 风度 各自 风格 自成一家 令 我 印象 最深 的 是 正方 三辩 余磊 那些 锋芒毕露 的 言辞 各种 恰到好处 恰如其分
131092816240,正如 评委 点评 一样 正方 语文能力 很 强辩 词 很 有 文采 和 感染力 然而 反方 的 逻辑 清晰 确实 也 无懈可击 正方 一辩 稿 中 没有 清楚 指出 他们 对 钱 是 万恶之源 的 诠释 建立 在 钱 能 滋生 种类 数量 繁多 的 恶 和 万恶 是 指 很多 的 而 不是 一切 的 两条 重要 的 定义 上 从而 错失 了 先机 反方 一辩 开篇 立论 说 的 一段话 对方 辩友 要 告诉 我们 钱 是 万恶之源 就 得 告诉 我们 其实 一切 恶 的 根源 是 由 钱 导致 出来 的 顺利 成章 地 给 正方 设 了 一个 非常 利于 攻击 的 a 判断 即 断定 全部 的 恶 都 以 钱 为源
131092521152,姿态 端庄 发言 洪亮 而 清晰 防守 和 进攻 时间 的 合理 分配 尊重 对手 主持人 评委 引 经典 句 幽默 歇后语 都 是 我 这名 辩论 新手 的 梦想
131070988272,我 还是 支持 反方 钱 只是 一个 物品 怎么 能 说 是 万恶之源 呢 贪钱 才 是 万恶之源 说白了 还是 人性
131082498528,那 你 贪 的 东西 是 什么 还 不是 钱 如果 这个 世界 上 人人平等 活成 了 一个 理想 社会 没有 钱 的 存在 那 人 是不是 就 会 没有 贪欲
131348644288,回复 : 你 得 看 钱 在 现在 代表 着 什么 它 是 啥 东西 钱 属于 资源 但是 也 正是 资源 的 一种 化身 物品 现在 的 交易方式 是 钱 然后 钱 没有 了 可能 会 出现 其他 代替 它 的 交易方式
131069399696,说得好 说 了 一大堆 没 怎么 听懂
131048095680,钱 是不是 万恶之源 不 知道 但是 万恶之源 是 谁 都 知道 乆 乆 乆 乆 乆 乆
131031819504,钱 只是 满足 你 贪念 的 工具 万恶之源 不是 钱 是 你 的 贪念 如果 你 正常 上班 工作 去 赚钱 也 算是 恶 吗 而 你 为了 钱 去 违法犯罪 满足 自己 的 贪念 这才 是 恶 如果 钱 是 万恶之源 的话 难道 在 货币 还 没有 发明 的 时候 这 世界 上 就 没有 恶 发生 吗
130997967376,我 觉得 反方 三辩 没 出来 之前 一直 是 正方 占优势 的 反方 在 自由 辩论 那 一部分 一直 抓 着 强健 不 放 有点 刻意 了 仅 代表 个人观点
130971583248,当时 在 教室 看 的
130898224416,走 而 挺险 的 金钱 交易 交易 是 为了 达到 双方 目的 那么 目的 如果 仅仅 是 钱 那 为何 金主 以钱 为 饵 还是 只 因 金主 自身 就 很富 很 正气 这么 一个 身份 那 为何 不 直接 达成 目的 反而 去 交易 还是 说 以此 交易 来 隐盖 自己 身份 呢 而 铤而走险 的 人来 参与 这场 交易 难道 就 没有 急需 用钱 时候 急需 用钱 的 背后 是 什么 刨根究底 也 是 社会 的 运转 钱 的 善恶 取决于 用取 钱 人 的 本性 欲望
130896013248,钱 不是 万恶之源 如何 使用 钱 的 人才 是 这个 源
130886337776,22 年 还有 谁 会 看 这个 但 真的 好 经典
130886423744,加一
146076804896,23 年 了 哈哈
130874159680,不管 有没有 超能力 希望 大家 都 变成 为 爱 冲锋陷阵 的 勇士 而 不是 胆小鬼
130870432048,太牛 了
130868620928,弹幕 好 牛 放在 2001 年 你 上去 应该 乱 杀 了 吧
130862393520,正方 对方 辩友 已 离题 辩题 是 钱 是否是 万恶之源 我们 只 需要 证明 万恶 的 来源 是 钱 即可 与 钱 是 万善 之源 并 不 冲突
130861812512,过 了 这么 多年 评论 区 没 啥 变化 全是 大 辩手
130810617872,很 精彩
130810610784,神仙 打架
130804328576,余磊 真的 好 搞笑 啊 歇后语 鬼才
130803073472,站 在 反方 立场 上 讨论一下 我 认为 钱 不是 万恶之源 钱 只是 被 万恶之源 推出 来 的 替罪羊 罢了 真正 的 万恶之源 是 自己 的 欲望 正方 说 毒贩 为了 钱 去 贩毒 可是 我们 想一想 毒贩 拿到 钱 之后 是 要 干什么 呢 毒贩 得到 钱 是 为了 什么 只是 为了 得到 这个 钱 吗 他 是 为了 用钱 去 满足 自己 的 欲望 可见 钱 不是 万恶之源 钱 只是 手段 如同 刀 一般 在 战争 中 他 即使 杀人 之 利器 也 是 保护 家园 之 工具 在生活中 既 可以 用来 杀人 也 是 我们 饱腹 的 工具 之一 谁 家里 还 没有 一把 菜刀 呢 就算 我们 承认 钱 是 罪恶 的 但是 真的 是 万恶之源 吗 对方 辩友 说 万 是 极 多 的 不是 所有 我 就算 承认 在 万恶之源 中万 的 意思 代表 的 是 极 多 的 那 这个 极多 的 是 怎么 界定 的 呢 5 对于 6 言 是 非常 多 的 但是 对于 10 而言 真的 是 极 多 的 吗 正方 只是 说 了 句 极 多 的 可是 我们 想想 贪钱 所 导致 出 的 罪恶 对于 所有 的 罪恶 而言 真的 是 极 多 的 吗 欢迎 讨论 键盘 勿 来
130824776560,早 知道 让 去 上去 辩论 了
131388316288,我 觉得 你 说 的 很 好
130795629616,中庸 之人 我 是
130783281040,请 抱 着 学习 的 态度 观看 觉得 自己 很 牛皮 的 请问 你 得 过 什么 奖 你 什么 冠军
130765041104,钱 是 / 不是 万恶之源 正方 武汉大学 队 蒋舸 袁丁余磊 周玄毅 反方 马来亚 大学队 陈勋亮 陈锦添 陈 政 鞃 胡 渐 彪 ...
131672039408,厉害
131674583056,回复 : 谢谢您 我 只是 一个 整理者 啦
132183514288,有没有 辩稿 啊
132184695264,回复 : 这个 其实 可以 自己 整理 啦 没 多少 的
132367627504,你是我的神
132372305056,回复 :
132374079088,优秀
132374401280,回复 :
133163914464,谢谢
133164510624,回复 : 666
133462944400,请问 笔记 怎么 复制 呀
133467537104,回复 : 我 不 知道
133585251856,和 后天 辩论赛 论 这个 感谢 总结
133588310432,回复 : 点个 赞就行
133605035760,回复 : 你 不 说 我 还 真 没 发现自己 没点
133608113536,回复 : 没事 没事
133836048400,回复 :
133851599040,厉害
135549311408,说真的 之前 那个 能 背下来 万字 没有 一切 的 意思 而 破局 的 二辩 真的 太 无敌 了 换 我 我 绝对 站 在 那里 一句 话 说不出来
135981047824,感谢 感谢
135981469760,回复 : 不 客气
135981563024,回复 : 以后 如果 还有 机会 弄 辩论赛 笔记 记得 投币 和 收藏 笔记
136032144912,优秀
136312509136,nb
136319114576,回复 : 好 哒
136320175184,回复 : 谢谢您
136410682912,好 牛
136410933536,回复 : 还好 我 只是 整理
141509246336,笔记 的 整理 在 辩论 界 起到 巨大 的 作用 如 利用 自己 目前 所知 的 情报 作为 武器 或者 棋子 把 对方 强行 拉 到 自己 的 战场 把 对方 套出来 的 情报 ( 前提 必须 自己 也 知道 该 情报 不知 就 别乱用 否则 被 人 笑话 进行 反制 认为 胜算 可大可小 但 重点 在于 扰乱 对手 的 节奏 共勉 之 的 结论 辩论 为 言语 战争 大胜 条件 之一 情报 与 整理
141535592768,回复 : 依稀记得 高中 必修 二 政治 生活 学过 一句 话 信息 是 决策 的 基础
142277999568,回复 :
142330457440,回复 : 我 在 夸 你 的 嘞
142338041696,回复 : 好 哦 好 哦
142768940816,厉害
142773599056,回复 : 还好
159244282096,武大 不会 输 了 吧 说 的 这么 好
159267946896,回复 : 输 了
169402638880,谢谢 你 Mark 一下
189776010784,谢谢 啦
191562891136,谢谢您
198869391056,真的 好 厉害
206686335760,钱 是 / 不是 万恶之源
227901901856,厉害 厉害
248888200000,感谢
248933075968,回复 : 没事
258948279073,厉害 厉害 整理 的 好 详细 呐
286416779745,回复 :
290647046032,于磊 25 年 以身 自证 了
294596170512,哥们 你 也 nb
130748977408,反方 四辩 真的 是 魔鬼 辨手 全程 都 好 精彩 啊
130746738496,看 弹幕 更 有意思
130744465792,人 的 欲望 才 是 万恶之源
130740733152,刚 开始 确实 感到 辩题 对 正方 有些 不利 但 现在 感觉 优劣 还是 取决于 对 辩题 的 理解 万恶之源 究竟 是 指 世间 一切 的 恶 还是 指钱 引出 了 如此 繁多 的 恶 若 是 第二种 正方 只要 举例 而 反方 却 要 证明 钱 未 引出 如此 多 的 恶 优劣 完全 不同 而 我 这种 憨 憨 上来 便 陷入 了 反方 一切 恶 与 部分 的 框架 中 以后 再 提出 第二种 理解 就 显得 苍白无力 太 厉害 了
130708148608,2022.9 . 20
130697262016,正方 二三 辩 很 牛批 啊 可惜
130695763120,现在 养成 每天 看 一场 辩论赛 的 习惯 先码 住 这 最 精彩 的 一期 明天 白天 看起来
130695192992,有没有 一种 可能 正方 三辩 获得 全场 最佳 是因为 一语道破 天机 点出 了 对方 的 重点 总是 在 qj 上
130694188176,今天 班上 抽签 决定 辩论 队 人员 可 我 以前 从来 没有 辩论赛 经验
130693473904,老 有些 人 觉得 自己 上 比 他们 更行 来 B 站 看 还 得关 弹幕 真无语
130692895680,人才 是 万恶之源
130691527600,我 感觉 正方 应该 把 钱 这 一 概念 和 资源 绑定 这样 话语 上 的 打击面 会 更 大 在 应对 反方 的 观念 的 时候 有 更 大 的 回旋余地
130683000528,额 辩论赛 重在 辩 不 在 理 懂 潜规则 的 自然 懂 一类 活动 你 懂 潜规则 就 会 去 维护 它 毕竟 这是 一个 圈子
130682900048,时代 的 发展 进步 并 不会 掩盖 他 / 她们 的 光芒
130679171920,这场 辩论赛 开始 的 时候 2001 年 回 想起 那个 时代 能 有 这种 见解 真真 觉得 太牛 了
130673805824,钱 是 欲望 实现 的 媒介 对于 钱 的 需求 是 为了 更进一步 满足 欲望 之所以 不择手段 用 恶行 追求 钱 还是 为了 满足 欲望 所以 钱 不是 万恶之源
130672824416,我 靠 好 敢 说 啊 艹 我 吓 得 我 有点 不敢 听 了
130670007808,好 的 辩论赛 就是 哪怕 过 了 几年 也 会 有 几百人 来看 啊 真的 好 厉害 ( 各种 层面 的 厉害
130668760208,我 真的 要 被 弹幕 笑死 哈哈哈哈 哈哈哈 色情 队 哈哈哈哈 哈哈哈哈 哈哈哈 黄暴 选手 哈哈哈哈 哈哈哈
130667734528,早 知道 在 抖音 看 完好 了 特意 来 b 站 看 然后 弹幕 恶心 到 我 了
130657762896,正方 在 定义 的 时候 被 反方 引导 后 才 由二辩 定义 后面 的 展开 就 被动 了 节奏 上 两方 都 运球 运 的 很 好 对于 这个 辩题 对于 不 了解 没有 参加 过 辩论 的 路 人 我 来说 金钱 是 万恶之源 能 不能 说明 金钱 只是 一种 具有 属性 的 物品 而是 在 金钱 出现 的 时候 恶 的 原因 多数 与 他 有 关系 着重于 说 事务 更 深层次 中 跟 钱 的 联系 不 知道 能 不能 行 呢
130657508816,永远 都 有人 在 看
130634995232,每次 一听 辩论赛 都 觉得 自己 是 最大 的 墙头草
130631673408,辩论 因 命题 正反 双方 不断 拉扯 辩证
130629516176,反方 最后 的 辩论 真的 太 厉害 了
130614638272,看 辩论赛 我 就是 墙头草
130561203664,2022 年 再 看 想起 罗翔 老师 很 喜欢 说 的 一句 话 人 是 目的 不是 手段 这个 辩题 我 很 想 说 的 就是 钱 是 手段 不是 目的 人 追求 金钱 财富 普遍意义 上 是 为了 过 上 好日子 这是 目的 还有 辩论 中 提出 的 恶 的 发生 在 金钱 出现 之前 提到 原始 人类 的 恶行 我 的 观点 是 善恶 的 概念 是 人 在 有 了 道德 之后 才 出现 的 应该 吧 我 是 这样 认为 的 所以 仅 在 我们 看来 是 恶行 一点 个人 看法
130597578656,对 啊 就算 世界 上 没有 钱 也 永远 会 有 东西 代替 钱
130607735616,其实 人即 是 目的 也 是 手段
130549406848,所以 我 看 了 半天 还是 不 知道 最佳 辩手 是 谁
130546229280,每次 看 辩论赛 都 是 墙头草
130538516912,反方 真的 很会 把 对方 引领到 自己 的 领域 和 新 话题 上 很少 直接 面对 对方 的 质疑 正方 也 句句 在理 都 好 棒
130536541824,置顶 这个 视频 一直 有人 看 我 也 姑且 来 更新 一点 东西 很多 评论 和 弹幕 都 说 辩论 这个 东西 非要 把 两个 都 有 道理 的 事情 对立 起来 这样 得出 的 结论 根本 就 没有 意义 那么 姑且 在 这里 分析 一篇 周帅 也 就是 正方 四辩 的 博文 偏执 的 意义 令人 亘古 纠结 的 辩题 大多 是 一个 真理 剖成 两半 的 结果 比如说 人性 本 就 善恶 杂糅 所以 人性本善 还是 人性本恶 就 很 难 辩得 清楚 又 比如 知识 与 实践 本是 一体 两面 所以 知难行易 和 知易行难 也 就 只能 各执一词 我刚 开始 学 辩论 的 时候 最 困惑 的 就是 这个 问题 说好 的 辩证法 呢 说好 的 不 偏执 呢 说好 的 求真 向善 呢 如果 辩论 就是 有意 把 真理 切成 两个 谬误 让 双方 吵得 不可开交 以博 人一笑 它 和 斗 蛐蛐 有 什么 分别 正好 当时 看到 一个 段子 说 大多数 辩题 其实 都 是 类似 于 斑马 是 黑 还是 白 这样 的 无聊 闲扯 哑然失笑 之后 拳拳服膺 深 以为 然 不过 后来 看到 一篇 科普 文章 说 斑马 是 黑底 白 条纹 还是 白底 黑 条纹 其实 并 不是 个 无聊 的 问题 从 胚胎 发育 的 证据 和 进化论 的 推理 来说 斑马 原本 都 应该 是 一种 黑色 的 动物 白 条纹 是 后来 才 在 黑底 上长 出来 的 这个 结论 对 不 对 并 不 重要 重要 的 是 这 篇文章 让 我 意识 到 即使 是 斑马 是 黑 是 白 这种 看起来 极其 无聊 完全 可以 用 辩证法 求 合题 来 解决 的 问题 居然 也 可以 引导 人们 对 这个 世界 进行 更 深入 的 探究 试想 有人 问 你 斑马 是 黑 还是 白 你 回答 一句 既 黑 又 白 或者 黑 或 白 无所谓 当然 很 辩证 也 很 全面 但是 然后 呢 然后 就 没有 然后 了 这个 问题 就 结束 在 这里 了 再也 不 可能 产生 更为 深入 的 思考
130524416960,2022.918
130521468432,人性本善 金钱 是 万恶之源
130509094480,快 看 快 看
130496915360,钱 只是 一个 工具 只能 说 是 人性 才 是 万恶之源 .
130486710384,都 让 弹幕 懂 完 了
130467504768,双方 都 很 优秀 我 认为 正方 输 在 了 说服 力度 方面 表达 虽然 反方 没有 正方 那么 优秀 但 反方 直面 问题 的 说服 性 更 强 了 些 只能 说 各有千秋 评委 的 标准 也 不同
130459760400,天 我 以为 是 2021 年 的 结果 是 是 我 出生 那年 的 现在 22 年 了
130437550528,恶由 外界 因素 影响 善 亦 是 如此 正方 的 并 不 占优势 但 他 是 辩论赛 双方 有 不同 论点 这是 根本 而 正方 最后 所说 的 万恶之源 不是 恶恶 之源 也 可 开出 善之花 我 不 认为 是 楼上 所说 的 败笔 反而 是 点睛之笔 在 这样 的 比赛 中 影响 极大 他们 所 占 的 论点 钱 是 万恶之源 本身 就是 一个 悖论 也 可以 代入 这里 这种 包容性 和 大度 本身 就是 人性 之善 : 他们 展现 文采 与 逻辑性 可 文采 是 由 人 定义 的 在 评论 区中 不 可以 以偏概全 逻辑性 应 为主 本场 辩论赛 实力 相差 不大而 反方 优势 极大 最后 的 输赢 不 说 也 明 了 我 偏向 于 反方 但 正方 辩论 更加 精彩 而 评论 区中 一时 偏向 正方 一时 偏向 反方 更加 佐证 了 正方 辩论 如若 这是 一个 中性 问题 我 认为 正方 并 不会 输于 反方 但 我 认为 正方 最后 的 发言 才 最为 精彩
130417475648,好 厉害 嘴皮子 好 厉害 逻辑 也 很 严密
130410047248,还是 正方 更 多一点 赢得 看看 现在 就 说 的 很 对 也
130406006640,刚 开始 一直 觉得 正方 有理 最后 总结 的 时候 我 觉得 反方 更 有理 了
130405543392,里面 有条 弹幕 说法 的 真 好 你 拿出 逻辑 拿出 事例 举证 才 叫 辩论 你 想 在 弹幕 上 一句 话 就 反驳 别人 那 叫 撕 逼
130399616480,我 投票 武大 胜
130398274256,太棒了
130362587136,感觉 正方 说 的 很 好 很 有 道理
130362540816,嘴笨 的 来 学习 说话
130335228560,解题 思路 上 正方 只有 一条 就是 金钱 驱动 人行 恶 大部分 行恶 起源 在于 利益驱动 受面 较窄 反方 解题 更 广泛 一是 对 万 的 解析 金钱 无法 覆盖 所有 恶 的 起源 而是 对恶 的 起源 的 解析 恶 的 起源 来于 价值观 的 偏差 钱 只是 工具 从而 引申 另 一个 观点 在 没有 钱 之前 还是 有恶 正方 把 钱 狭义 理解 如果 引申为 私欲 就 会 好 打 一些 观众 会 感觉 正方 反复 论述 一个 观点 多头 受击 而 没有 正面 反馈 什么 是 恶恶 之源 是 来自 什么 是 私欲 如果 这道题 改成 欲望 是 万恶之源 正方 会 好 打 一些 金钱 是 当今 时代 人们 为 满足私欲 的 工具 abc
130326648272,看 完 反方 四辩 和 二辩 给 我 留下 了 很 深 的 印象 相反 武大 的 几位 确实 有 一些 注重 于 万 概念 但是 看 完整 场会 有 诶 ~ 你 说 的 有 道理 诶 ~ 你 的 也 很 有 道理 如果 不 判定 对错 反方 四辩 与 我 而言 真的 是 绝杀 很 完整 的 把 己方 的 观点 以及 对方 观点 总结 了 一遍 就 很 精彩
130320060656,有没有 人 科普 反方 四位 辩手 的 现状 啊 好 好奇
130305808128,正方 论题 本来 就 不 占优势
130305597376,我 觉得 正方 本来 就 很 吃亏
130267137104,墙头草 是 本人 了 我 觉得 你们 说 的 都 对
130260510144,反方 全程 就是 性侵犯 阿
130260088848,20222 被 安利 到 来看 真的 好好 呀
130215117776,反方 的 观点 其实 大部分 人 心里 都 会 思考 钱 不 造就 恶 无非 是 人 的 本性 和 人 对于 钱 的 使用 手段 等 但 也 是因为 如此 反方 很少 让 我 觉得 耳目一新 的 论点 很多 人 说 正方 没有 直面 反方 的话 但 正方 的 气势 语言 或者说 辩手 本人 游刃有余 的 气场 信服 度 很 高 尤其 是 正方 三辩 的 几个 歇后语 歇后语 辩 不了 逻辑 但是 能 消弱 你 言语 的 攻击性 正方 三辩 说 的 钱 出现 恶 的 产生 一日千里 到 反驳 日本 不是 为了 钱 是 难道 是 为了 建立 亚太地区 经济繁荣 共和 圈 rsp 真的 好 牛 我 想 辩论 本身 也 没有 对错 只有 场上 的 立场 我 支持 正方 我 支持 正方 所有 的 观点 我 反对 反方 所有 的 观点 以上 正方 在 我 这 赢 很多
130213322576,好 厉害 啊 不知不觉 就 看 完 了
130210198736,好 厉害 好 厉害
130207574272,现在 还有 四百多 人 在 看 诶
130198129264,如果 我 是 辩手 阿巴 阿巴
130197209136,500
130185093680,初中生 出来 吧 道 法 老师 让 你 看 的 吧
130147436992,看 完 之后 觉得 我 的 语言 系统 好像 是 没长
130138990592,钱 不是 万恶之源 没有 钱 才 是 万恶之源 啊
130139900080,钱 是 一个 诱因 还是 看人 怎么 获取 怎么 用
130140850240,回复 : 很多 人 经不起 诱惑 所以 钱 在 某种程度 上算 得 上 万恶之源
130141050432,钱 是 恶之源 不是 万恶之源
130144408000,回复 : 打错 了 个 字 钱 是 恶之源
130131128336,辩论 看 的 是 辩论 技巧 不是 看 谁 对 谁错 当然 辩题 一般 具有 一定 的 可 讨论 性
130125347648,反方 三辩 说 我 心坎 上 了
130066245424,看 了 之后 我 只会 牛 逼 牛 逼 有 道理 哈哈哈 哈哈哈
130029765488,01 年 我 还 没有 出生 呢 我 的 天呀
130012330464,有个 弹幕 说 皮条客 战胜 了 毒贩 啊 哈哈哈哈 哈哈哈 哈哈哈 哈哈哈 哈哈哈 哈哈哈 哈哈哈
129967359024,别开 弹幕 看 一堆 自 以为 很 懂 的 人 在 那里 喷
129932991072,快进 社团 了 来 吸吸 欧气
129921540912,哈哈哈哈 哈哈哈 哈哈哈 陈圆圆
129909706976,天 这 一年 我 还 没生 呢
129906807856,有没有 最近 看 的 不 知道 推荐 的 是不是 这 一步 这部 播放 量 最高
129882013920,人才 是 万恶之源
129854285680,钱 是 物质 由于 人性 是 恶 的 导致 用钱 去 达到 恶 的 目的 人性 使 钱 达到 恶人 性才 是 恶 的 源头 这 不是 证明 了 反方 的 观点 钱 不是 万恶之源 吗
129830119184,太强了
129823732848,请 大家 注意 辩论赛 不 一定 要 说服 评委 认同 自己 的 观点 评 胜负 的 依据 只是 辩论 技巧 我们 曾 有 一场 辩论赛 是 地心说
129822258608,反方 逻辑 太强了
129818128976,我 感觉 这个 辩论 得 方面 就 不 对 人活 一辈子 不 都 是 为了 钱 么 他们 学 这么 好 取得 这么 高 的 成就 源头 不 都 是 为了 以后 的 生活富裕 安定 不为 吃 穿 操心 么 要不然 父母 砸锅卖铁 供 我们 读书 干 啥 不 都 为了 以后 生活 能 轻松 一点
129816324480,钱 本来 就 不是 万恶之源 是 人来 控制 钱财 的 这个 在 道德 伦理 上 就 站不住脚 所以 正方 是 必败
132500154784,确实 正方 挺难 的
129805497824,快 看 巨棒
129798928976,所以 真的 没有 2022 年 的 吗
129796361040,金钱 和 资本 是 中性 的 万恶之源 是 人性 啊
129778630160,绝了 神仙 打架 啊
129774297872,天 哪 我 觉得 正方 三辩 和 四辩 都 说 得 特别 好 整体 来看 也 很棒 结果 竟然 是 反方 赢 了 我 果然 是 水平 不够
129766848112,正方 很难 打 啊
129740763728,正方 很难 打 已经 很 牛 了
129703687392,感觉 我 的 脑子 在 被 他们 踢来踢去
129694201744,2022.911 来 打卡 有 被 震撼 已经 年 过 23 思维 逻辑 词汇 没有 一样 是 能够 拿出 来说 的 作为 一个 表达能力 低下 双商 下线 的 我 来说 读书 真的 有 意义
130126546016,我 也 在 抖音 看到 辩论赛 能 提高 表达能力 过来 的
129679773168,2022 年 9 月 11 日
129672601264,笑死 了 弹幕 一直 在 说 黄暴 选手
129706322592,我刚 看到 这里
129670691024,我 站 反方
129662995280,弱势 一方 的 辩论 好看
129659828528,小红书来 的 签到 一下
129658451376,我 的 脑 回路 跟着 选手 转
129632743120,画 质感 人
129629904176,钱 不 具备 主导地位 具备 主导地位 的 是 人 没有 钱 依旧 有 其他 物品 等价物 钱 只是 让 物品 流通 便捷 恶 根源 在于 人 的 主导
129593121520,太精彩 了
129599245152,哈哈哈 确实 精彩
129592387088,钱人 人类 赋予 的 价值 可以 换成 其他 的 等价交换 物 所以 说 钱 不是 万恶之源
129573064800,有 的 人 弹幕 我服 了 说 什么 有 偷换概念 逃脱 问题 什么 的 你 有 人家 牛 吗 能 在 短短的 几分钟 想到 这些 难道 还 不 牛 逼 吗
129570973040,七年 后 还有 这么 多 小伙伴 辩论 真的 非常 有 魔力 入坑 啦
129564971008,中秋 快乐 选手 都 超级 厉害
129551800672,这是 完整版 吗
129523722352,笑死 我 了 哈哈哈 哈哈哈 哈哈哈 好 有意思 还有 什么 辩论赛 推荐
129550275376,经典 辩论赛 以 成败论 英雄 是否 可取 - 武汉大学 - 哔哩 哔哩
129551447104,回复 : 谢谢 宝贝
129571091104,码 了 码 了
129513737600,以前 的 辩论 大多数 的 辩论 不 就 表达能力 逻辑 我 觉得 正方 辩论 能力 更强 反方 不行 就 命题 对 反方 优势 巨大 不 诡辩 怎么 辩论 这个 辩题
129665202464,刚刚 自己 带入 正方 想 了 一下 真的 想不出 什么 论点 正方 很强 了
129513256480,我 支持 反方 钱 只是 用来 交易 资源 当钱 不能 交易 资源 了 那么 钱 还 算是 万恶之源 吗 按照 侵略 其实 就是 为了 资源 所 侵略 并 不是 为了 钱 当 钱 的 价值 一文不值 后 钱 还 能 用来 做 什么 个人观点 别 怼 我 嘤 嘤 嘤
129590392064,钱 其实 本质 上 来说 就是 一种 资源 钱 的 发明 是因为 物品 的 价值 没有 一个 明确 的 界定 所以 才 需要 引进 钱 这个 概念 来 系统 区分 物品 的 贵贱 价格 的 在 钱 没有 被 发明 出来 之前 我们 可以 用 粮食 换取 衣物 也 可以 用 衣物 换取 工具 钱 的 诞生 只不过 是 在 中间 这个 交易过程 充当 一个 媒介 而已 如果 钱 只是 钱 只是 一张 纸张 只是 被统治者 强行 赋予 了 价值 那么 这个 辩题 将 不值一提 因为 资源 的 不 平等 和 对 身份 地位 的 渴求 才 是 人性 恶 的 地方
129590495712,这是 平等 的 辩论 哈
129512739728,辩题 对 反方 优势 很大
129512101984,看 完 了 我 觉得 正反 辩题 互换 肯定 正方 会 赢 吧 正一 有点 弱 女孩子 后来 几乎 没 怎么 发言 了 但是 正 23 我 觉得 都 超级 好 厉害 在 我 心里 正 2 是 全场 最佳 的 那 一个 然后 反方 可能 有 普通话 的 原因 反 123 都 不 太 .. emmm 而且 一直 揪 着 性侵犯 强碱 这种 东西 翻来覆去 地说 给 我 观感 不太好 不过 最后 反 4 真的 很 牛批 感觉 一下子 爆 出来 很多 正方 没法 回答 的 东西 逻辑 也 很 强 相对来说 正 4 没说 过 他 有点 只能 上 价值 了 后面 OK 叭叭 完 了
129512815072,我 自己 体验 过 两次 校园 里 的 辩论赛 真的 蛮 有趣 的 虽然 最后 输掉 了 hhh 喜欢 这种 一大堆 相互 排斥 交错 的 知识 和 逻辑 疯狂 塞进 我 脑子 的 感觉
129555970992,但是 我 关注 反方 的 性侵犯 例子 正方 确实 不能 用钱 解释
129570956544,回复 : 我 懂 而且 虽然 两方 都 有 逃避 的 问题 吧 但是 他们 提到 太 多次 了 就 .. 感觉 有点 那个 啥 小学生 吵架 哈哈哈哈 对不起
129574546736,回复 : 哈哈哈哈 两方 都 有 叉开 话题
129506399808,我 觉得 正反方 辩题 换 了 正方 一定 赢
129506101872,来自 二零二二 的 评论
129501983936,哇 将近 一千个 人 正在 看 诶
129446848592,钱 是 死物 只是 人们 将 钱 冠以 种种 象征 权利 美色 等 当 人们 废除 钱 这个 概念 时钱 还是 万恶之源 吗 动物 之间 没有 金钱 但 仍 有 恶 的 发生 所以 钱 不是 万恶之源 只是 对于 人类 来说 它 是 引恶 的 产生 的 一个 因素 贪欲 才 是 恶
129575712944,那 在 钱 出现 之前 有 贪欲 么
129590770672,在 当今社会 钱 已然 成为 了 一种 身份 地位 的 象征 因为 什么 因为 有钱 就 可以 换取 资源 对 钱 的 贪欲 本质 上 还是 对 资源 的 欲望 总 不能 说 人类 只是 喜欢 钱 的 味道 才 喜欢 钱 的 吧
129696720720,回复 : 贪吃 贪睡
129445386048,本来 一直 站 反方 观点 但 正方 四辩 最后 有 一句 钱 是 万恶之源 万恶之源 不是 恶 看似 矛盾 其实 挺 值得 思考 的 在我看来 他们 之前 一直 围绕 着 钱 是不是 万恶 来说 但 辩题 是 钱 是不是 万恶之源 重点 应该 在 源 上 钱 不是 恶 但 会 引发 恶看 完 的 一点点 小 思考 目前 站 正方 欢迎 有 不同 意见 的 同学 来 提供 其他 角度 思考
129556293344,我 觉得 重点 虽然 在 &# 34 ; 源上 但 注意力 也 应 放在 &# 34 ; 万恶
129438173152,反方 真的 能 把 我 说服 了 但是 期间 用 了 太多性 词汇 有点 尴尬 总的来说 太精彩
129424719792,七年 后 还有 1000 + 在 看
129426627536,滔滔不绝 总有 新 流量
129422475872,除了 这 一个 还有 什么 好看 的
129422305504,我 认为 如果 武大 是 反方 的 命题 会 赢
129419335488,金钱 是 万恶之源 这个 源 不是 起源 的 源 而是 源头 的 源 区别 在于 哪里 呢 反方 说 强奸 是不是 恶 杀人 是不是 恶是 的 但是 金钱 是不是 也 可以 引起 这些 恶 有钱人 可以 花钱 使得 强奸 变成 自愿 可以 让 人 甘愿 赴死 使得 日本 因为 有钱 而 丧心病狂 去 屠戮 生灵 所以 金钱 是 万恶之源 因为 他 是 引发 许多 恶 的 源头
129419070496,要是 武大 是 反方 就 好 了
129408659984,反方 四辩 太牛 了 逻辑性 拉满
129406940768,我 cpu 要 炸 了
129406089728,在我看来 正方 语言 华丽 文学性 很强 但 反方 的 逻辑性 更强
129405706784,之前 没 发现 胡 老师 这么 帅
129402823456,跟不上 思路
129397134192,我 叼 笑死 我 了 自由 辩论 余磊 怼 对面 真的 好好笑
129379993984,那个 四辩 老提 性侵犯 干嘛 钱 的 论题 老谈 这个 使 不 使 油饼 我 就是 听不得
129370645648,看 完 这个 辩论 第一遍 正方 的 二三 辩 和 反方 四辩 给 我 印象 最深
129371515648,没看 完 之前 认同 反方 辩论 中途 有 立场 转换 反方 四辩 结词 后 狠狠 认同 反方
129339369856,在 我 没 看 之前 我 是 认同 正方 的 在 看 完 之后 狠狠 被 反方 说服 了
129332344064,要 参加 新生 赛 了 过来 学习 一下
129332073632,没想到 现在 还有 那么 人 看 479 人 陪 我 一起
129318625376,笑 的 我 想 死 黄暴 辩手
129314555760,有些 人 真的 是 站 在 上帝 视角 觉得 自己 又行 了 先不说 你 上去 是 个 什么 水平 正方 发言 就是 逻辑 错误 反方 发言 就 说 表达 不行
129313967984,我 觉得 辩论 的 意义 就是 让 人们 能 更 清楚 的 认识 辩题 和 自己 的 想法
129313441312,我 也 来 浅 发表 一下 自己 的 感想 吧 ~ 我 觉得 正方 阐述 的 是 一个 不能 否认 的 事实 反方 所 要 阐述 的 是 人性 所 要 发扬 的 光辉 正反方 选手 都 很 好 的 阐述 了 自己 的 辩论 观点 但 唯有 一点 要评 高低 肯定 是 要 弘扬 正 能量 钱 不是 万恶之源 但 在 那个 年代 钱 的 恶 应该 是 大于 善 的 了
129313210016,越 看 越 觉得 当初 的 辩手 和 论题 都 超牛
129310553264,我 的 牙 也 这 视频 比 我 还 大 4 岁
129309329568,有人 吗 这会 还有 700 + 在 看 666
129310588976,绝了
129311362704,江苏 的 同学 你好
129313124464,回复 : 我 看 完 了
129313000368,回复 : 单走 一个 6
129308876992,经典 咏 流传
129304755024,来 了 真 有意思
129302732144,可以 开 0.75 倍速
129299733344,太牛 了 吧 哈哈哈哈
129327556224,我 知道 你 在 看 我 还 搜 了 搜
129293301408,感觉 反方 是 理科生 注重 逻辑 正方 是 文科生 辞藻 很 丰富 文学性 比较 强
129280515648,不太懂 但是 想 问 如果 我 是 反方 把 论点 放在 我 认为 钱 不是 万恶之源 人才 是 这样 可以 吗 正方 认为 钱能 引导人 走向 偏执 我方 认为 人 赋予 了 钱 恶 的 一面 类似 这 样子 的 但是 这 样子 是 跑 偏 论题 吗 原本 讨论 的 是 金钱 的 罪恶 现在 变成 了 人性 的 阴暗面
129273091120,哪 可以 看 高清
129310737680,01 年 画质 ... 就 不要 自行车 了 吧
129270690048,我 一 开始 就 觉得 还是 人 的 因素 最大 但是 我 被 正方 给 忽悠 瘸 了
129268760208,太精彩 了
129267593008,2001 年 能 上 大学 读 研究生 的 不是 一般 人
129266813728,乐死 我 了 哈哈哈哈
129263156704,看 完 之后 越来越 觉得 钱 不是 万恶之源 人 的 贪欲 才 是 恶 的 源头
129240837328,为什么 是 反方 赢 了 ? ?
129239024208,感觉 反方 咬 死 万恶 就是 所有 恶 的话 正方 根本 没 可能 赢 啊 大家 都 知道 恶 的 是 人性 而 不是 生 为 工具 的 钱
129238339536,这场 里 我 最 坚定 的 可能 就是 余磊 是 最佳 辩论 员
129235074496,有 专门 发 辩论赛 视频 的 up 主 或者 app 吗
129233894768,感觉 前半段 更 精彩 后半段 激烈 到 一直 嘴瓢
129229478256,1 万物 之源 不是 恶 2 贪欲 才 是 恶 的 根源 ( 人类 社会 ) 3 马来西亚 的 宝宝 普通话 吃亏 国内 的 宝宝 这个 辩题 吃亏 4 观者 可以 表达 自己 的 观点 看法 但 不 应该 随意 批判 别人 的 短处
129226292528,救命 他们 说 的 都 好 有 道理 我 就是 个 墙头草
129220813872,我 感觉 我 看 的 都 跟不上 他们 讲话 的 速度
129216770288,我错 了 我 为啥 没有 早点 关注 辩论 上 大学 时 白费 了
129209312400,占用 有限性 可以 解释一下 嘛 我 觉得 人 也 是 可以 占用 无限 的 呀
129189976016,正方 逻辑性 跟 反方 不 在 一个 量级 但 非常适合 在 社会 发展 文案 太好 适合 扯淡
129189435728,神仙 打架
129184260448,给 我整 模糊 了 我 来自 2022 年 想 问 一下 当年 日本 侵华 是 为了 资源 按 我 想 的 来说 资源 就是 钱 所以 反方 说 的 不是 为了 钱 难道 不是 错 了 吗 只是 当纯 想 问 一下 有 大佬 给 个 回答 吗 我 好 清楚 明白 一点
129169489472,弹幕 的 真的 参加 过 辩论赛 吗 发言 也 太 没脑子 了
129159904480,第一次 看 辩论赛 跟不上 他们 说话 速度
129160092672,我 也 是
129159931744,看 完 这个 受益匪浅
129159291472,原来 我 是 墙头草 啊
129149591488,2022.9 . 7 已 看 完
129178503664,3 小时候 看 完
129149280000,高中 的 时候 语文 老师 给 我们 放过 现在 再 来 看看 或许 会 更 坚定 一点
129139773904,来 了
129134102368,哟 墙头草 们 又 来 了 ?
129133781648,快 20 年前 的 辩论赛 没想到 这么 精彩
129130854192,刚才 搜 了 还 没 看 呢
129125013888,天 哪 那个 时候 我 还 没 出生 呢
129122701568,怎么 看 高清 的
129107917200,为什么 不是 正方 赢
129408870272,反方 四辩 结尾 太牛 了
129107265776,前面 看 的 时候 虽然 辩论 员 说 的 都 很 好 但 其中 逻辑 或者 想表诉 的 想法 我 都 要 重新 或者 暂停 消化 一下 但是 到 那个 园丁 辩论 员 的 时候 直接 跟着 听 都 能 有 最 直接 的 领悟 和 被 提醒 的 惊喜 感 表达能力 真的 很强
129106534656,欲念 是 万恶之源
129105643760,卧槽 这场 精彩 啊
129103224656,2022.9 . 7 我 竟然 看 完 了
129102914752,好 厉害 啊 作为 一个 没有 逻辑 的 嘴笨 的 人 我 就 只能 啊 说 的 对 嗯 这个 说 的 好像 也 有 道理
129102042000,钱 不是 万恶之源 人性 才 是
129099897600,万恶 和源 的 关系 是 正方 的 硬伤 正方 必须 证明 钱 的 某 一个 性质 能 作为 源 而 推导 出 世间 绝大多数 的 恶 问题 就 出 在 源 上 这 可能 也 是 这场 辩论 输掉 的 原因 正方 必须 要 强调 钱 的 其中 一种 性质 这种 性质 在 钱 尚未 出现 之前 是 没有 的 是 在 钱 出现 之后 才 诞生 的 而 该 性质 的 主体 是 钱 人 本身 则 反过来 成为 了 工具 作为 主体 的 人类 遭到 了 降级 反过来 被 奴役 于是 该 性质 就 具备 了 源 的 特性
129093430112,我 感觉 正方 说 的 不太好 在 反方 提到 钱 在 出现 以前 就 存在 恶 的 时候 后面 正方 没有 给出 解释 而且 后面 还 在 引用 古代 的 例子 但是 这个 已经 算是 被 反方 压下去 了 吧 我 感觉 我 有 一点 马后炮 的 感觉
129092148800,文艺 臻 我爱你
129091454912,这个 好 经典 重新 来看 了 一遍 看 之前 主要 是 在 想 能 不能 跳出 讨论 金钱 是不是 万恶之源 站 在 反方 的 立场 下 直接 给出 一个 什么 是 万恶之源 的 答案 从而 证明 金钱 不是 万恶之源 然后 看 了 这个 发现 其实 提到 了 哈哈 说 的 是 人 的 贪欲 我 想 的 是 关于 差异 的 问题 金钱 所 产生 的 恶 其实 也 可以 解释 成 因为 人们 拥有 的 钱 的 数量 不同 所 产生 的 恶 由于 长期 的 不同 才 导致 了 大家 希望 自己 有钱 贪钱 这样 的 现象 这种 差异 是 客观 且 必然 存在 的 正如 题目 中 万恶之源 的 恶字 也 是 以善作 对比 才 是 恶善 和 恶 的 差距 必然 存在 有善 就 有 恶 所以 这种 差异 可不可以 作为 一种 解题 的 思路 呢 因此 在 这种 情况 下 金钱 就 不能 是 万恶之源 了 甚至 连 正方 所举 的 那些 栗子 也 不再 站得住脚 因为 人 和 人 之间 有 差异 的 地方 太多 了 而 有 差异 就 必然 产生 比较 产生 追求 从而 产生 恶 比如 长相 如果 今天 的 辩题 变成 长得 丑 是 原罪 吗 显然 不是 罪 不 在于 丑 是因为 有美才 有 丑 因此 罪 既 不 在于 丑 或 美 也 不 在于 人 对 美的 追求 归根结底 其实 在于 大家 长得 不 一样 而已 钱 也 是 这样 由于 大家 拥有 的 钱 不同 自然 就 想 多 拥有 一些 才 会 有 关于 钱 的 恶
129074817168,人才 是 万恶之源 吧
129046027872,2022 年 了
129036611888,很 想 看 下去 但是 这个 语气 实在 是
129028013296,其实 我 觉得 有点 神仙 打架 双方 不相上下 尤其 是 正方 二辩 三辩 都 能够 引经据典 信手拈来 举 的 例子 包含 古今中外 真的 可以 看 出来 文学 底蕴 很 深厚 了 但是 反方 的话 就 属于 扼住 了 命脉
129027328736,笑死 了 哈哈 弹幕 说 1 = one 真的 是 蚌埠住了
129026639408,太 经典 了
129021859360,哇 反方 三辩 说 的 妙 啊 除了 中间 有 一句 口 胡 很 绝 很 绝
129019783184,弹幕 说 色情 队伍 的 胜利 笑死 我 了
128984458176,个人感觉 正方 两个 观点 最 核心 1 万 不 代表 一切 2 钱 是 万恶之源 但 钱 并 不是 恶 可惜 第二点 没有 展开 讲 而是 在 总结 中说 的 不然 可以 有效 反击 反方 的 钱 作为 中性 体 行善 的 事例 了
128984079104,反方 三辩 好 牛 啊
128983066448,这个 论题 正方 好难 辩论 哎
128982576528,我 像 个 墙头草 一样
129029654912,我 也 是
128979016736,+ 反方 三辩 的 观点 可以 用 这句 话 形容 吗 狗 彘 食人食 而 不知 检途 有 饿殍 而 不知 发人 死 则 曰 非 我 也 岁 也 是 何异于 刺人 而 杀 之 曰 非 我 也 兵 也 王 无罪 岁斯 天下 之民至 焉
128938538768,我 才 来
128924727936,悲伤 了 大二 参加 过 学校 辩论赛 反方 一 说话 我 觉得 人家 说 的 好 对 然后 把 自己 准备 的 东西 忘 了 唉 自己 读书 太 少
128917270816,我 不 适合 看 辩论赛 我 一 开始 主观 就 觉得 应该 是 武汉大学 赢
128917533872,我 对于 钱 与 恶 的 认知 更深 了 胜负 真的 无所谓 了
128917074256,很 明显 这个 辩论 主题 对 正方 就 不利 所以 他们 没 办法 只能 抠字眼 搞 诡辩 带 偏 对手 才行 虽然 很 明显 正方 的 实力 很强 但是 我们 都 坚信 钱 不是 万恶之源 他们 天然 就 输 了
128915417504,正方 辩论 真的 很 值得一看
128913180304,反方 逻辑 一层 一层 的 好 厉害 正方 词汇 很 可以 例子 也 很 明确
128908680640,我 是 墙头草
128909557792,我 看 辩论 也 是
128898602960,正方 三辩
128892886736,竟然 有 1000 多人 在 看
128887107104,自信 笑容 + 符合 语言 的 手势 + 条理 123 + 先 拿出 对方 观点 通过 合乎 日常生活 最长 见 举例 + 幽默 + 排比 + 反问 结尾 获得 听众 共鸣
128885566064,12 点 50 秒 陈锦添 15 点 22 秒 余磊
128883263248,这个 评论 区 的 评论 好久 了 哇
128870755856,弹幕 和 评论 牛个 屁 啊 在 这 评头论足 好意思 么
128913232432,好长 啊 等 俺 有空 了 来看 下饭
128864460912,那个 滴声 是 什么 意思
128912956080,时间 提醒 超时 会 扣分
128918394032,回复 : 感谢 是 提示 还有 多长时间 呀 一分 半 吗
128981088304,回复 : 这 我 还 不 太 清楚 应该 每个 都 不 一样 吧 你 可以 看看 这个 视频 记个 时
129049693584,回复 : 谢谢
128863479728,呜呜 呜呜 呜 我 是 墙头草
128889658464,我 也 是
128857192224,没有 恶意 就是 想 说 他们 如果 pua 我 这种 没脑子 的 是不是 都 没有 挑战性
129105594320,要 看 他们 恶不恶 了 哈哈哈哈
128856018224,钱 如果 没有 价值 就是 粪土
128852746112,看 完 了 居然
128852106256,我 好像 墙头草 啊
128849421872,弹幕 区 怎么 搞 成 追星 啦
128851397248,反方 四辩 总结 发言 29 : 45
128810277664,来 锻炼 自己 的 脑子
128807369184,2022.9 . 4 自己 表达 沟通 能力 不行 语言 组织 能力差 多向 大神 们 学习
128859546096,我 也 是 我 上周 和 隔壁 吵起来 了 他家 老头 踩 我 家门口 放 的 外卖 满地 都 是 汤 砸门 骂 我 扔 垃圾 给 我 骂 哭 了 他 还 生气 了 他 女儿 又 找 我 给 我 一顿 骂 说 我 给 他 爸气 哭 了 全程 我 被 这 一家人 搞 的 哑口无言 被 怼 的 一句 话 都 说不上 他 女儿 还要 我 将心比心 我 都 不 知道 我错 哪 了 门口 没有 摄像头 没 证据 外卖 也 不 承认 是 他 踩 的 骂 我 也 不 承认 是 他 骂 的 反而 我 哭 那么 大声 气到 了 他 全家
128864744096,我 表达能力 甚至 没 盘头 大姨 好
128920183760,回复 : 不要 甚至 是 根本 和 盘头 大姨 没 办法 比
128978257968,回复 : 太对 了
128805490704,2022.9 . 4
128792469744,一直 有人 说 正方 在 扣 万 这个 字眼 我 觉得 正方 必须 把 这个 万字 所 含 的 范围 定 下来 才能 取胜 如果 像 反方 定义 成 一切 那 这 辩论 正方 就 太难 打 了
128834890112,对 对 要 打 定义 战
128780088896,太 厉害 了
128775128752,听说 听听 这个 可以 锻炼 脑子 我要 试试
128775246224,我 也 是 一起 呀
128775750336,一样
128775908048,是 在 某右 看到 的 嘛
128776259456,我 也 是 来 治治 脑子
128778533856,回复 : 是 啊
128791291936,我 也
128793858384,我 也
128757893008,同意 反方 观点 但是 正方 节奏 真的 好好 出口成章
128721713984,牛哇
128682827136,202293 号 凌晨 一点 165 人 在线
128684048384,哈哈哈哈
128686304080,亲 9.4 了
128672940048,感觉 反方 抓住 以偏概全 这点 真的 赢 了
128665486032,矛盾 效用 无限性 & 占有 有限性
128614862688,神仙 打架
128578517584,2022 年 了 我 才 看到
128537218016,火 了
128534832592,辩论 是 说 的 谢谢 是 为了 让 他们 别 鼓掌 了 哈哈哈哈 好强
128531970048,这不比 奇葩 说 好看
128864193232,一个 综艺 一个 是 有 专业性 的 这 比 不了
128516718912,据说 是 神级 辩论 特 来 观看 一下
128485279168,武汉大学
128485269440,反方 肯定 能 赢 面面俱到
128485253792,正方 会输
128485119344,好像 学 语文 的 会 用 方法 来 解决
128485223376,学 数学 的 逻辑 真好 更 能 说服 我们 震动 我们 幼小 滴 心灵
128485201216,好像 一个 逻辑 一个 古文 反方 听不懂
128485030576,感觉 学 语文 的 和 学 数学 的 差别
128479146144,妈呀 我要 被 玩坏 了
128451977040,律师 牛
128351571744,反 三才 是 最佳 辩手
128324366544,跟 写作文 似的
128323924480,我 想 听 他们 辩论 辩论 到底 有没有 意义
128148359952,看 了 这次 大赛 两个 视频 发现 一个 现象 武汉大学 辩题 不利 输 了 对面 辩题 有 天然 优势 对面 胜之不武 武汉大学 有利 辨题 赢 了 辩题 的 优势 是 次要 的 主要 还是 因为 选手 的 发挥 合着 对面 里外不是人 呗
128127462080,正方 完全 在 胡扯 没有 逻辑性
128126326112,你 这个 观点 我 不敢苟同
128110000720,怎么 围绕 性 没完没了
127999872176,反方 四辩 是 胡渐 彪
127989161072,都 好 强 正方 不好 打 金钱 将 不道德 的 事变 为 合理合法 这个 点 还 蛮 厉害 的
127935605440,听不懂
127935157456,为什么 说 后面 反方 四辩 总结 时说 的话 为 偷换概念 啊 ( 看 弹幕 上 有人 说
127932849552,23 : 10 正方 二辩 说 是 钱 导致 了 色情网站 的 汹涌 来袭 我 不 这么 认为 那些 开发 色情网站 以此 牟利 的 人 就是 利用 人性 中 的 弱点 引诱 他人 所以 导致 色情网站 如 洪水猛兽 席卷 各国 的 是 人 的 欲望 并非 是 作为 导火索 的 钱
127826637040,员 下面 的 贝 是从 鼎字 演化 来 的 所以 不是 贝
127825920640,真的 是 一场 神仙 打架 啊 看 的 我 是 热血沸腾
127786393920,马来西亚 大学 的 2 3 辩 说话 和 举 例子 的 方式 都 和 陈咏开 很 像
127785827232,这个 我 赞同
127780080624,逻辑 牛壁
127747188672,正方 辩题 不 占优势 评判 的 侧重点 应该 更 倾向 于 咬文嚼字 和 反方 辩题 占优势 因此 更 注重 归谬 和 逻辑推理
127728302896,新来 的
127688023952,现在 还有 187 个人 在 看 绝了
127680956560,关闭 弹幕 食用 更佳
127656037520,太精彩 啦 膜拜
127549354608,弹幕 好多 人戾 气 太重 了 吧 竟然 还有 人 因为 别人 外表 斯文 而 看不起
127535707440,抖音 来 的
127523664304,自由 辩论 那里 不断 提 侵犯 真的 很败 好感 女选手 都 尴尬 的 不 知道 怎么办 了 这种 下 作 手段 居然 一直 用 不停 用 ...... 气 的 我 啊
128654519696,呃 性侵犯 是 罪行 之一 为何 不能 谈 而且 作恶 的 是 施害 者 又 不是 女性 女性 有 啥 好 尴尬
127481830416,我 觉得 反方 三辩 说 的 在 理钱 本身 是 没有 生命 没有 行为 的 一种 物品 使 其 变成 恶 的 是 人 的 行为 谢谢 反方 三辩 将 我 说服
127479627616,人才 是 万恶之源
127521948112,...... 人 也 是 万善 之源
127522705840,但凡 你 看到 23 分钟 也 不至于 说出 这么 幼稚 而 不负责任 的话 了
127552473040,回复 : 得 我 只是 阐述 自己 的 观点 罢了 每个 人 想法 不 一样 不 需要 你 在 这教 我 ok ?
127552618176,回复 : 再说 我负 什么 责任 ? 我 是 违法 了 还是 怎么 的 了 呢
127451367136,我 反对 正方 辩三 的 那句 钱 控制 了 权利 政治 钱 你 的确 是 说 渗透到 了 方方面面 的确 钱 万能 但是 钱 有 的 时候 也 是 无能 的 当 世界 末日来临 时钱 就 变成 了 一张 废纸
128128768528,你 的 观点 我 不敢苟同
128406930256,可是 首先 末日 到来 是 一个 伪 命题 没有 现实 论证 意义 其次 即使 末日 真的 到来 了 钱 变为 了 一张 废纸 但是 一定 会 有 其他 物质 会 来 充当 交易 的 货币 变为 新 的 钱 耶
128536240256,回复 : 草 总之 还 挺 有意思 的 这个 辩论 提出 的 观点 基本 都 能 被 反驳 耶
127426666192,余磊 好 牛
127407656240,没有 钱币 之前 人们 用 物品 等价交换 那么 那些 无法 等价交换 去 偷东西 的 人 是因为 什么 导致 这个 恶 的 呢 ? 这 是 人 的 本能 没有 能力 去 做 别的 事情 就 只能 将 自己 的 能力 用 在 坏事 上
127330131520,万恶 淫 为首 中淫 是 过 多 的 意思
127210701408,从 科学 的 角度 理性 的 角度 总 不会错
127158788064,我 觉得 武汉大学 讲 的 好好 为啥 输 了
127132749936,em 其实 我 感觉 辩论 的 过程 挺 有 意义 der 它 的 意义 不 就 在于 让 人们 从 不同 角度 思考问题 嘛 不过 建议 各大 比赛 宣布 胜负 之后 强调 一下 观点 的 相对性 真的 没有 啥 是 绝对 der
127017385040,正方 一辩 一 上来 就 感觉 到 了 好 厉害
127003116320,辩论赛 的 时候 突然 很 支持 对方 的 观点 该 怎么办
127183924128,赛场 上 有 信念 感
128881990368,我 就是 当初 打 一半 觉得 对方 好 有 道理
126899615648,Interesting .
126778171616,班主任 放过
126554241664,比 我 还 大
126490702096,我 觉得 我 看 有人 说 可以 把 钱 往 欲望 上带 但是 色 不 也 算是 欲望 的 一种 嘛 所以 说色 这个 真的 是 正反 迈 不过 坎 但是 钱 绝对 算是 大部分 恶 的 源头 所以 反方 的 钱 不是 万恶之源 也 不全 对 我 觉得 还是 要 在 万字 身上 做文章
126479237040,主持人 哪里 有 口音 啊 真心 没 听 出来
126399611936,这是 他们 临场发挥 的 还是
126665695840,大部分 是 临场发挥 的
126389076032,反方 逻辑 完美
126145455536,现在 看 那个 时候 的 辩手 真的 是 又 可敬 又 可爱 后来 他们 自己 也 在 其他 辩论 场上 调侃 自己 这场 六轮 攻防 解释 万 哈哈哈
126059154656,感觉 一 开始 双方 的 观点 其实 是 部分 相识 的 正方 想 说 钱 只是 恶 的 一部分 反方 却 揪 着 你 说 钱 是 所有 的 恶 可以 看出 这点 观点 反方 更 有 优势 的 还有 一个 就是 一个 确定 一个 推翻 你 想 确定 一个 东西 就 必须 封锁 所有 的 漏洞 而 推翻 则 只 需要 一个 漏洞 就 可以 将 其 击破 跟 手机 系统 一样 你 想要 安全 必须 完美 的 阻止 黑客 的 破解 但 黑客 只 需要 一个点 就 能 击破 证明 比 推翻 难太多 太多 了
126057116640,袁丁
125825667872,真正 的 万恶之源 是 人性 吧
126910447584,没有 抽象 的 人性 没有 超越 阶级 的 人性
125795466304,麻鸭 想起 人生 中 唯一 一次 的 辩论赛 当时 的 辩题 是 他律 比 自律 更 重要 惨败 啊 呜呜 呜多 希望 脑子 能 多 转转 嘴巴 能 灵光 一点
125660120640,有 被 震撼 到 前来 报道
125516273328,笑死 我 了 弹幕 全是 一流 辩手 捏 每个 都 不 同意 说 人家 辩 的 不好
125489077616,2022 了 还有 人 在 看 吗
125486794368,只有 我 看 完 有点 不 舒服 吗 反方 的 某些 例子 让 我 有点
125630596496,一直 强调 确实 有些 上 不了 台面 但是 为了 赢 嘛 这 确实 是 很 好 抓 的 一个点
126965513872,加一
125448671072,个人 建议 如果 正方 从万字 入手 的话 更好 辩 一点 在 一辩 的 时候 就 自己 提出 万字 不 代表 一切 正如 三人行 必有我师 所说 的 三人 一样 所指 的 不 一定 是 三个 人 反方 这样的话 在 反方 提出 其他 恶 的 时候 是不是 就 不 那么 仓促 了 个人 的 一点 小 理解 希望 可以 进行 纠正
125411223952,弹幕 的 杠精 恐怕 正反 双方 的 论证 都 不会 同意
125333631680,2022 - 8 - 12 前来 考古 没有 比 我 更 后 了 的 吧
125627972416,我 呢
125308871248,特地去 查 了 一下 万恶之源 的 意思 查出来 的 结果 是 一切 坏事 的 根源 所在 所以 在 这个 成语 中万 解释 为 一切 不是 对 的 吗
127108338304,辞海 里面 解释 万恶之源 是 一切 坏事 的 根源 所在 但是 万字 的 注释 里 说 万 做 副词 时才 有 绝对 的 意思 而 做 形容词 是 大部分 万为 虚数 指 所有 永远 如 万岁 指 长寿 永生 而 非 真的 一 万岁 所以 钱 是 万恶之源 我 觉得 没 毛病
125305931136,评论 里 各种 辩论 高手
125156262240,辩论 是 交流思想 的 工具 而 非 评判 是非 的 准则 对于 某个 观点 的 看法 只能 由 自己 思考 所得 而 非 他人 灌输
124923489264,神仙 打架 了 属于 是
124881274096,好 牛
124824455920,u1s1 反方 四辩 真的 牛
125026065088,我 也 是 太 喜欢 他 的 逻辑 能力 了
124722803488,太精彩 了
124714113776,腻害
124666746144,过瘾 太精彩 了
124598381808,选手 的 反应 能力 真的 都 太快 了 这 是 得 有 多少 知识 储备 啊 太 优秀 了
124393384208,正方 的 所有 发言 我 都 好 喜欢 但是 反方 第三 辩 又 把 我 搞 得 觉得 是 这样 啊 恶 在 先 钱 在 后
127108514896,但是 在 现实生活 中钱 是 极 多数 的 万恶之源
124045526304,钱 确实 是 万恶之源 虽然 不是 一切 的 恶 但是 没钱会 导致 产生 恶 包括 暴力 和 强奸 钱 多 了 会 导致 恶 的 膨胀 其 后果 也 不可 想象
123975844144,觉得 双方 都 好 厉害 但 我 还是 喜欢 反方 的 辩论
123901672112,我 觉得 这个 辩题 正方 根本 辩不赢 反方 辩 的 力度 还 不够 狠钱 它 只能 算作 一种 人们 为了 达到 目的 的 媒介 人们 贪欲 根源 不是 钱 而是 钱 作为 一种 媒介 能换 取得 商品 和 人们 想要 的 东西 可以 是 美好 的 生活 富足 的 生活 和 各种各样 的 商品 这些 东西 才 是 人们 想要 达成 的 目的 和 渴望 的 对象 而 商品 的 产生 是因为 人们 的 欲望 和 需求 所以 导致 拥有 市场 而 钱 作为 一种 等价交换 物 本身 上 只是 一种 工具 一种 方便 人们 交易 的 东西 它 可以 不 叫作 钱 但 它 需要 具备 这种 可以 等价交换 的 功能 因为 它 被 大家 认可 所以 大家 需求 而 当 经济 下滑 时 灾难 横生 时 大家 不 认可 钱 那 钱 就 会 失去 价值 不 被 大家 认可 和 追求 人们 会 退化 到 例如 魏晋 南北朝 时期 的 物物 交换 的 时期 人们 仍 在 贪婪 和 追求 自己 想要 的 东西 但 恶行 却 并 没有 停止 过 抢劫 偷窃 强奸罪 行 并 不 停止 所以 钱 是 没罪 的 人 本性 的 懒惰 和 对 美好生活 的 向往 导致 了 人 不断 在 追求 更好 更 多 的 东西 当钱 作为 一种 媒介 时 人们 会 通过 追求 它 来 间接 达成 自己 的 目的 当钱 不 被 市场 认可 时 人们 也 会 有 别的 方式 达到 自己 的 目的 所以 说 有钱 没 钱 人类 社会 都 不会 停止 恶行 的 存在 钱 不能 被 作为 万恶之源 什么 叫做 源
123799371760,正方 在 这场 辩论赛 上 是 不 占优势 的 要不是 许多 黑暗 的 一面 不能 说 能 吊打 反方
123746900000,33333 点赞
123636238960,2022 年 的 凌晨 1215 了 还有 100 人 在 看 2015 年 的 视频 经典 永不 过时
123617689408,正反 双方 的 辩风 真的 很 不 一样 哈哈 典型 的 文科生 辩法 和 理科生 辩法 仅 个人观点
124598668496,我 也 觉得 正文 反理 真的 好 明显 的 差异 哦
123576667472,牛 逼 精彩
123565231456,个人 觉得 正方 如果 从 资本 万恶 来 入手 可能 更 有力
123324214192,我 记得 课文 有句 非 我 也 兵 也 其实 就 说明 反方 更 有 优势
123281318064,不 谈论 点谈 口音 颜值
122974969840,笑死 我 了
122842785216,看 这个 看 这个 我 的 天
122759959840,我 觉得 这个 例子 有点 强人所难 了 个人 认为 万恶 本身 就是 极大 极多 的 恶 你 非得 说 是 一切 的 恶 本身 这个 例子 确实 和 钱 没 啥 关系
122759372208,感觉 这个 辩题 本身 就 存在 一定 的 偏向 性 人家 钱 本身 就是 个 工具 而已 非得 给 它 定性 为 恶 明明 都 是 跟 人 有关 的 不过 正方 确实 功底 深厚 啊
122490011728,现在 大部分 的 拜金 教徒 持有 的 都 是 反方 的 立场 可惜 他们 自己 已 被 污染 而 不 自知
122473112304,如果 把 钱 异化 成 资源 呢 钱 是 万恶之源 真正 意义 上 是 生物 对于 资源 的 抢夺 相比 于 把 万 解释 成 极大 的 把 钱 扩大化 会 不会 让 正方 更 有力 呢
122474178592,钱 是 资源 的 一般 等价物 在 现在 这个 社会 中 资源 用钱 来 衡量 就 成 了 万恶之源 虽然 恶 起源 比钱 早 但是 恶 的 源 是 资源 钱 等价 资源 那么 钱 就是 万恶之源 至少 在 这个 人类 有 了 金钱 社会 体系 形成 之后 钱 就 成 了 万恶之源
127108988784,回复 : 赞同
122205619568,我 还是 觉得 反方 讲 的 问题 都 可以 溯源 到 钱 上 大多数 家暴 案例 是 男人家 暴 女人 他们 为什么 会 对 女性 如此 不 尊重 做出 这种 行为 是因为 男性 一般 工资 比 女性 高 在 家里 的 地位 就 自然 比 女性 高 了 也 是 钱 的 问题 同时 还有 一个 原因 是 男性 几千年 以来 地位 就是 天生 比 女性 高 这 可以 追溯到 原始社会 同时 在 历史 演变 过程 中 男性 的 优势 地位 好像 不断加强 也 是因为 男性 代表 了 更 多 时间 的 生产力 他们 可以 生产 更 多 创造 更 多 的 价值 可以 创造 更 多 的 钱 或者 原始社会 没有 钱 出现 时 的 猎物
123718312464,生产力 并 不是 钱
123847433968,对于 男性 来说 这个 思路 可能 比较 难想
123963677680,可 历史 上 在 旧石器 新 时期 时期 也 是 母系社会 啊
122130924160,我 觉得 说性 侵 的 例子 很 好 啊
122090768976,回顾 一下 经典 弹幕 各种 批判 指点江山 认真 的 这个 观点 不行 那个 观点 有 问题 服 了
122062327520,反方 逻辑性 强 正方 煽动性 强 都 好 厉害
122056942544,胡渐 彪 长得 像 仙剑 里 的 阿七
121980796432,不论 结果 这场 战役 余磊 打得 真是 精彩
121907647856,现在 看看 评论 区 和 弹幕 才 是 真正 的 辩论赛 啊
121878567504,抖音 过来 现在 居然 还有 一百多个 人 在 看
121716381920,在家 闲来无事 把 内容 全 打成 了 文本 方便 以后 看来 评论 区 分享 给 想 看 文本 的 人 钱 是不是 万恶之源 正方 ( 武汉大学 队 ) : 钱 是 万恶之源 反方 ( 马来亚 大学队 ) : 钱 不是 万恶之源 正方 一辩 ( 蒋舸 ) : 各位 评委 各位 观众 大家 晚上 好 圣经 中 失乐园 的 故事 和 中国 先贤 孟子 教诲 都 说明 了 人 之 为 恶 并非 本性 使 然而 是 外 在 的 诱惑 使人 迷失 了 自己 的 良知 那么 外 在 诱惑 如此 之多 为什么 偏偏 是 钱 成为 了 万恶之源 呢 第一 钱 具有 与 任何 商品 进行 等价交换 的 现实 合法性 一方面 钱 既 是 财富 的 象征 又 是 一般 等价物 它 具有 无限 的 效力 因此 能 煽起 人 的 无穷 贪欲 但是 另一方面 每个 人 对于 金钱 的 占有 又 都 是 有限 的 无限 的 欲望 根本 不 可能 得到 满足 正是 金钱 这种 效用 无限性 和 占有 有限性 之间 的 矛盾 使 它 比 其他 任何 物品 都 更 能 激起 人 心中 的 非分之想 从而 使人 迷失 良知 堕入 邪恶 第二 钱 不仅 可以 在 商品 领域 呼风唤雨 而且 可以 使非 商品 也 商品化 它 不仅 是 物质财富 的 象征 而且 成为 了 精神 价值 的 筹码 权力 地位 可以 用钱 购买 贞洁 名誉 可以 公开 出售 人性尊严 被 待价而沽 甚至 天理良心 也 染上 了 铜臭 之气 莎士比亚 早就 揭露 : 金钱 可以 使 黑 的 变成 白 的 丑 的 变成 美的 错 的 变成 对 的 卑贱 的 变成 尊贵 的 正 因为 金钱 具有 如此 混淆是非 颠倒乾坤 的 无边 法力 它 才 成为 了 滋生 种类 繁复 数量 极多 的 罪恶 肆意 蔓延 的 深刻 根源 第三 人 对 钱 的 崇拜 还 异化 了 人 与 钱 之间 的 关系 钱 本意 是 促进 社会 经济 发展 的 一种 工具 但 在 现实 中 却 被 人们 当做 了 顶礼膜拜 的 上帝 因为 钱 人们 迷失 于 这 光怪陆离 的 物欲 世界 因为 钱 人们 丧失 了 内在 良知 却 浑然不觉 还是 因为 钱 人生价值 和 人性尊严 都 被 当做 了 牺牲品 供奉 到 了 拜金主义 的 祭坛 之上 作为 工具 的确 可以 促进 社会 经济 的 发展 但 问题 就 在于 现实 中 它 已经 被 人 当成 目的 本身 在 看待 但是 当 崇尚 自由 的 人类 精神 已经 被 缚 上 了 黄金 锁链 的 时候 他 还 能 自由 飞翔 吗 谢谢
121717651696,反方 一辩 ( 陈勋亮 ) : 大家 晚上 好 对方 辩友 刚刚 告诉 我们 钱 之所以 是 万恶之源 因为 她 把 钱 等同于 目的 了 那 我 想 请问 二辩 一个 问题 我 说 今天 奉公守法 地去 追求 钱 钱 可是 我 目的 了 请问 钱 成为 万恶之源 吗 第二 对方 辩友 告诉 我 钱 有时 不是 万恶之源 是因为 有 法律 的 制约 我 想 请问 各位 法律 是 制约 有钱 不 赚 还是 制约 我们 行为 的 准则 呢 如果 是 制约 行为 的 准则 那钱 还是 万恶之源 吗 接下来 且 让 我 开宗明义 解释一下 命题 的 几个 重要 意义 吧 钱 其实 是 人类文明 发展 的 产物 它 是 一个 不具 主动性 的 交易 媒介 而 恶则 是 一个 价值 上 的 破坏 行动 上 的 破坏 而 我们 所谓 的 源 就是 事情 的 起源 和 根本 所以 对方 辩友 要 告诉 我们 钱 是 万恶之源 就 得 告诉 我们 其实 一切 的 根源 是 由 钱 导致 出来 的 我方 认为 不是 因为 钱 根本 就 无法 达致 身为 万恶之源 的 两个 特性 第一 他 无法 告诉 我 钱 如何 全面性 地 涵盖 一切 恶源 第二 钱 不 能够 具有 源 的 根本性 如果 对方 辩友 说 钱 是 根本 的话 钱 是 万恶之源 的话 那 就 请 你 解答 我方 以下 的 四大 疑问 第一 世间 上 的 恶 可是 成千上万 难道 用 单一 的 钱 就 可以 解释 所有 的 恶 吗 强盗 杀人 发火 也许 是 为了 钱 但 难道 今天 家庭暴力 虐待 儿童 甚至 是 种族 大屠杀 都 是 为了 钱 吗 第二 今天 钱 的 起源 其实 是 错综复杂 的 我们 无法 将 它 归类 成 一个 共同 的 源头 我们 知道 独裁者 排除异己 可能 是 为了 钱 但 难道 他 就 不 可以 为 权势 地位 或是 ( 因为 愚昧 吗 可见 如果 以钱 作为 万恶之源 是 有点 以偏概全 之 嫌 第三 今天 萨特 这位 哲学家 就 告诉 了 我们 人 具有 自由 意志 人 是 有 选择 的 权利 因此 人 必须 为 自己 的 行为 而 做出 一切 的 责任 我 不 应该 把 一切 的 恶 的 罪行 都 怪罪 于 钱 上 同样 是 钱 但是 为什么 君子 求财 却是 取之有道 小人 求财 却是 偏偏 喜欢 偷盗 呢 可见 关键 根本 就 不 在于 钱 吧 第四 今天 如果 钱 是 万恶之源 为什么 有人 会 用 万恶之源 来 行善 呢 陈六水 先生 创办 了 南大 我们 看 各地 的 华人 也 在 华东 的 大 水灾 时候 慷慨解囊 如果 钱 是 万恶之源 的话 那 到底 这个 恶源 如何 结出 善行 呢 谢谢 各位
121719906848,正方 二辩 ( 袁丁 ) : 谢谢 主席 大家 好 对方 同学 有 四大 问题 可是 一个 前提 错 了 他们 告诉 我 说 辞海 中万是 一切 可是 我方 的 也 查过 辞海 无论是 辞海 辞源 还是 说文解字 万 从来 就 没有 一切 的 意思 对方 同学 用 的 是不是 盗版 呢 不过 盗版 也 是 钱造 的 恶 呀 对方 同学 我们 再举 一个 例子 我们 说 一个 人 经历 了 千辛万苦 是不是 说 他 也 经历 一切 的 苦 呢 那 这个 人 肯定 不是 男人 因为 男人 再苦 也 没有 受过 女人 生 孩子 的 苦 不过 他 也 肯定 不是 女人 因为 女人 再苦 也 没有 受过 男人 怕老婆 的 苦 万 是 一切 吗 其实 钱 是 万恶之源 就是说 钱 能够 产生 数量 极 多 而且 品种 繁复 的 恶行 这 一点 历史 早有 明证 想当年 罗马帝国 雄踞一方 征服 给 帝国 带来 了 荣耀 也 带来 了 源源不断 的 财富 但是 很快 原本 淳朴 的 罗马 人 就 拜倒 在 金钱 的 脚下 沉迷 声色犬马 的 放荡 之中 而 帝国 终于 也 在 这种 腐朽 和 堕落 中 分崩离析 圣经 里 说 让 有钱 的 人入 上帝 的 国比 让 骆驼 穿过 针眼 还要 困难 然而 在 利欲熏心 的 看来 这是 天堂 大门 朝 南开 有 得 没 钱 您 就别进 来到 了 近代 社会 进步 的 阳光 普照大地 然而 金钱 罪恶 的 阴影 却 依然 挥之不去 因为 钱 热爱 自由 的 美国 人 却 迟迟 不肯 把 自由 给予 黑人 奴隶 因为 钱 标榜 平等 的 荷兰人 却 要 强迫 东方 国家 和 他 签订 不 平等 的 条约 还是 因为 钱 高唱 博爱 的 法国人 却 偏偏 忘 了 把 爱 给予 终日 劳作 却 依然 食不果腹 的 数万 童工 事实胜于雄辩 一部 西方 文明 发展史 就 这样 清清楚楚 地向 我们 表明 了 金钱 化 神奇 为 腐朽 的 巨大 魔力 无独有偶 在 东方 无论是 古 巴比伦王国 还是 阿巴斯 王朝 不 都 由 富甲一方 走向 了 荒淫 颓败 吗 而 在 中国 的 传统 社会 中 一个 满腹 道德文章 的 读书人 其 最高 理想 却 也 不外乎 学 成文 武艺 货 与 帝王 家 这 已经 是 赤裸裸 地 把 人生 看成 一场 金钱 的 交易 了 因而 才 会 有 三年 清 知府 十万 雪花 银 的 民谣 当 金钱 的 魔力 使人 把 羞耻之心 和 报国 之志 都 抛 诸脑 后 的 时候 我们 还 能 说 钱 不是 万恶之源 吗 古人云 以史为鉴 可以 知 兴衰 面对 着 东西方 的 历史 我们 不禁 要 问 金钱 究竟 有 多少 罪恶 由 你 而生 究竟 有 多少 盛世 由 你 而亡 谢谢 大家
121795672000,反方 二辩 ( 陈锦添 ) : 大家 好 一个 苹果 你 不管怎么 切 它 只能 是 一个 苹果 像 对方 似乎 为 我们 举 了 很 多种 的 恶 但 其实 就 只有 一种 那 就是 贪钱 而 世间 的 万恶 真的 就 只有 贪钱 一种 吗 而且 对方 说 今天 万 不 叫做 全 那 我 想 问 对方 辩友 今天 我 说 你 万万不可 同意 我 的 立场 是不是 说 你 大部分 时候 不 同意 偶尔 可以 同意 一下 呢 而且 对方 主辫 的 逻辑 很 有趣 他 今天 告诉 我们 因为 对 金钱 的 追求 是 无限 的 而 对 财富 的 占有 却是 有限 的 所以 金钱 就是 万恶之源 了 那 既然 我 说 我 对 道德 的 追求 也 是 无限 的 可是 我 所 拥有 道德 的 也 是 有限 的 所以 道德 就是 万恶之源 吗 照 这样 的 逻辑 今天 健康 也 是 万恶之源 今天 嗯 爱情 也 是 万恶之源 了 Ok 继续 阐述 我方 立场 我方 认为 钱 不是 万恶之源 为什么 呢 因为 钱 无法 全面性 地 涵盖 世间 所有 的 恶 在 美国 有 这样 的 一个 案例 有 一个 妇女 在 他 丈夫 熟睡 的 时候 竟然 用 西餐 刀 狠狠 地 把 他 丈夫 的 子孙 根给 切下来 我们 说 这种 惨案 的 发生 到底 是因为 家用 给 的 少 还是 因为 仇恨 呢 而 我们 更 看到 大马 有 一个 痴心汉 因为 他 的 女友 另结新欢 结果 他 就 把 他 的 女友 分尸 十三 段 这个 恶 的 导因 到底 是因为 他 内心 的 仇恨 他 内心 本来 有 这种 憎恨 还是 因为 他 的 女友 没有 给 他 分手 费 呢 我们 更 看到 第三 价值 的 非理性 违反 我们 知道 今天 不 忠 不孝 不 仁 等等 都 是 恶 可是 我们 看到 吴三桂 让 清军 入关 他 是 为了 陈圆圆 而 不是 美元 而 今天 我们 更 看到 如果 你 走 在 路上 看到 一只 狗 你 踢 它 一脚 看到 一只 猫 你 踩 它 一下 到底 这 是因为 你 有 暴力 倾向 还是 因为 那 只 猫 和 那 只 狗 欠 你 钱 呢 综上所述 世间 的 很多 恶 绝对 都 不 在于 钱 钱 不能 引导 恶 的 出现 钱到 到底 能 是 万恶之源 吗 如果 真的 是 万恶之源 的话 就 请 对方 解释 种种 以上 的 恶 到底 跟 钱 有 什么 直接 的 关系 谢谢
122098371264,您好 非常感谢 蹲 蹲 三四 辩 的 发言
122124148672,太 感谢 了
123165697056,自由 辩论 ( 反方 的 辩手 可能 标错 因为 我 实在 脸盲 音盲 正方 有位 女生 比较 容易 分得清 ) 正方 四辩 : 对方 三辩 刚才 谈 贪 请问 贪字 怎么 写 上面 一个 今 下面 一个 贝贝 是 什么 意思 ? 还是 钱 嘛 反方 一辩 : 我 倒 是 对 对方 一辩 提出 的 整个 立论 架构 很 有 兴趣 她 说 今天 人为 恶 不是 本性 使然 是 钱 诱惑 他 的 那 我 想 请问 对方 辩友 钱 还 没有 发明 之前 世界 上 有没有 万恶 呢 正方 三辩 : 原始社会 到底 有没有 恶 伦理学 上 有 争议 但是 没有 争议 的 是 什么 呢 是 钱 产生 之后 恶 的 种类 恶 的 形式 是 一日千里 突飞猛进 犹如 黄河 之水 滔滔 来 奔流 到 海不复 还 呐 反方 三辩 : 对方 认为 在 原始社会 钱 还 没有 出现 的 时候 那种 伦理 还有 争议 真的 是 有 争议 吗 难道 肚子饿 了 就 杀掉 同类 他 的 性欲 一 起来 就 侵犯 女性 这种 恶 还 叫做 有 争议 啊 正方 二辩 这 叫做 动物性 根本 就 不是 人 的 善恶 我 再 请问 你 又 是 什么 力量 使得 色情网站 如 洪水猛兽 一样 打击 东方 各国 原本 纯朴 的 本土 文化 呢 ? 请 正面 告诉 大家 吧 反方 一辩 : 我 也 想 请 对方 辩友 先 告诉 我 猿人 在 钱 还 没有 出现 以前 是 兽性 也 就是 钱 还 没有 出现 以前 人 根本 就 不是 人人 是 动物 这样 的 逻辑 大家 可以 信服 吗 正方 三辩 : 动物性 等于 恶 吗 请 大家 想 一下 对方 辩友 看到 一只 老虎 吃 兔子 会 告诉 大家 这个 老虎 多么 的 恶 这个 恶是 我们 社会 评判 的 标准 吗 ? 对方 辩 友善 恶 的 观念 根本就是 界定 错误 嘛
123165630288,( 自由 辩论 续 ) 反方 三辩 : 我 想 请问 对方 辩友 对方 说 人 没有 恶 的 本性 那 请问 贪婪 是不是 恶 的 本性 呢 是不是 人 的 本性 呢 正方 二辩 : 我方 已经 说 了 连 贪字 下面 都 有 一个 贝字 那 不是 表示 对 钱 的 贪欲 吗 ? 反方 四辩 : 有 一个 贝字 就是 为了 钱 那 我们 今天 辩论 员 的 员 字 下面 也 有 一个 贝字 你 是 说 我们 大家 都 是 贪钱 的 人 了 ? 正方 三辩 : 首先 告诉 对方 同学 在 中文 的 员 当中 目前 的 文字 当中 没有 一个 贝字 还要 告诉 对方 同学 对方 同学 说 今天 都 奖杯 有 一万块 钱 我们 会 不会 去 贪 呢 ? 我们 不会 因为 我们 受过 教育 而且 还要 提醒 对方 同学 在 这种 情况 下 根本 就 没有 恶 的 存在 没有 邪恶 的 存在 对方 同学 还要 讨论 恶之源 是不是 叫做 没有 牙齿 的 老太太 嚼 牛筋 白费口舌 呢 ? 反方 三辩 : 对方 说 交易 我 倒 想 问 一个 问题 你 交易 是 交易 人 还是 交易 钱 呢 正方 四辩 : 对方 同学 您 的 四辩 告诉 大家 说 我方 不谈 逻辑 光谈 事实 可是 事实 您 一个 都 没有 解决 呀 您 不 愿意 说 赌博 的 问题 那好 我们 就 谈谈 毒品 犯罪 请问 您 毒品 犯罪 背后 的 推动 力量
121668142048,高一 在 教室 里 放 的 真的 太 有意思 了
121592115360,这个 辩论赛 我 是 觉得 本身 就 挺 矛盾 的 辩论赛 本来 就 不 完全 是 盘 逻辑 恰恰相反 因为 是 短时间 内 表述 观点 对于 完全 从 逻辑 角度 去 论证 是 不 符合 人性 的 所以 更 多 的 是从 非 逻辑 角度 去 弥补 甚至 躲避 自己 逻辑 上 的 不足 或者 是 反 抓 对面 逻辑 问题 如果 都 是 纯盘 逻辑 一个 人 在 三分钟 只能 说 出来 的 怎么 可能 没有 漏洞 嘛 CPU 都 没 那 配置 所以 我 觉得 辩论赛 的 结果 应该 由 观众 投票决定 因为 观众 的 选择 说明 了 哪方 煽动性 更强 在 现实 中 难道 不是 哪方 煽动性 强 就 相当于 赢 了 吗
121451485360,学习 一下
121324689120,非常 非常 建议 各位 关 弹幕 太 多 弱智 评论 弹幕 有个 反方 已经 真的 输 了 一直 黄暴 暴露 本性 我 挺 不 理解 黄暴 就是 一个 能 抓住 正方 漏洞 的 点 正方 又 不 直接 回答 乘胜追击 就 叫 暴露 本性 你 可 真行 还有 弹幕 说 他 话 好多 快 换人 吧 不好意思 我 对 你 说 : 辩论赛 不听话 多 你 直接 滚去 看 默片 吧 说 说 自己 的 观点 : 反辩 3 号 很 顶针 针见 血 比如 举例 的 现场 一万元 辩论 比拼 和 钱 没 出现 时 的 恶 确实 很 厉害 反方 四辩 在 自由 辩论 的 时候 说 的 辩论 员 下面 也 有 贝 很 不错 的 出发点 而 正方 三辩 有点 偏题 了 没 正面 回答 自由 辩论 时 正方 其实 比较 乱 喜欢 转移 话题 不过 正方 是 真的 难能 辩成 这样 可以 了
121302250672,2022 年 我 也 还 来看 了
121216503888,今天 这个 时候 依然 还有 65 人 正在 观看 有力 证明 了 经典 咏 流传 啊
121178422912,2001 的 视频 20 年前 的 金钱观 可惜 在 10 年前 还 没有 现在 的 网络 能 让 你 看到 更 多 的 精彩 10 年前 有 这样 的 金钱 概念 可能 现在 早 高峰 了 比如 房价
121167982000,好 厉害 好 厉害 好 厉害
121163859104,我 只能 阿巴 阿巴
121149108080,可 探讨 的 角度 其实 可以 往 纵深 想 的 吧
121133360816,酣畅淋漓 就是 弹幕 有 一些 大 教育家 您 别 在 这 指点江山 了 呗 您 行 您 上 啊
121084603456,我 觉得 反方 很 有意思 哈哈哈 哈哈
121081405792,2022 年 来看 辩论 依旧 精彩
121025569856,有错 的 不是 钱 而是 人类 的 贪欲
121003706208,有 多少 人 是 从小红 书 上来 的
120951339808,有 字幕 真爽
120844193344,我 觉得 正方 说 的 比 反方 好 就是 最后 的 总结 没 做好 但是 反方 胜 我 还是 有点 小小的 不服
120823354880,他们 没有 事先 准备 过 吗 张口 就 来 啊
121003710688,肯定 是 事先 就 知道 辩题 的 啦 都 有 相同 的 准备 时间
120564311088,这个 辩题 正方 太难 赢 了 尤其 是 双方 水平 差不多 的 时候
120487235808,看 完 这场 辩论 真的 很 震撼 还有 其他 推荐 的 辩论赛 吗 像 这个 类型
124043150128,以 成败论 英雄 是否 可取 也 很 精彩
120417599376,弹幕 真 不能 看 啊 看 得 我 这气 的 睡不着 就 想 骂 弹幕 两句
120385552288,看 得 就是 酣畅淋漓 荡气回肠
120325296688,啥 叫 在 中文 的 员 当中 没有 一个 贝字 呀
121003740336,繁体字 的 员 是 没有 贝 的
120122813920,这 就是 历史 上 最 厉害 的 辩论 了 吗
120088127632,本来 话 都 说 不 流畅 的 人 对骂 起来 都 会 流畅 的 一批 原来 是 真的
120079472416,2022 年 回来 告诉 你 正方 四辩 就是 个人 渣
119864720880,太 赞同 了 弹幕 区 都 是 通过 一句 话 判断 一切 其实 辩论 带给 我们 更 多 的 是 思考
119858726672,为什么 一堆 人 说 马来亚 队 口音 不好 我 感觉 口音 还 可以 啊 不 看 字幕 也 能 听懂 啊
119810035664,感谢 up
119810204432,up 有没有 其他 辩论赛 资源 求求
119810846112,好像 被 别人 发了
119790819600,正方 三辩 和 反方 四辩 牛
119791050416,正方 四辩 演讲 很 好 但是 感觉 没有 接住 反四 的 驳论
119770960384,慕名而来
119722740432,2022 . 来看 这场 辩论 真的 要 感叹 文理 学科 对于 人 气质 性格 方面 的 影响 正方 大佬 语言 组织 条理 谈吐 气场 强大 反方 大佬 逻辑思维 强悍 就是 有 不同 的 学科 气质 令人 着迷 令人 向往
120818496672,真的 太强了 不是 一般 人能 达到 的 要 看 多少 书 才能 达到 这个 境界 啊 !
133013163712,我 也 是 22 年 了 还是 要 膜拜 一下
135203717920,看 了 你 的 评论 深深 感慨
135633900608,带队 的 那位 老师 才 厉害
154066670272,回复 : 哈哈 师爷 能 不 厉害 吗
174907802048,回复 : 这场 比赛 让 我 感受 到 知识 的 力量
186637607376,回复 : 23 年 了 还 在 膜拜
186662301504,正方 武汉大学 三带 一 而且 第二轮 有 两次 发言 跑题 最后 总结 后面 几句 正方 四辩 都 不 知道 说 啥 了
189788218352,2023 我 继续 膜拜
192382979712,我 真 觉得 武汉大学 队比 马来亚 大学 对 好 太 多 感觉 有点 黑幕
196637408688,想 问 一下 第一次 看 辩论赛 有 什么 需要 注意 的 吗 辩论赛 需要 最先 看 哪个 啊
208977259264,疯狂 赞 疯狂 赞天 啊 文理 学好 了 都 很 厉害 都 有 自己 的 人格魅力 我 也好 想 有 呜呜 呜 24 年 了 才 发现 辩论 的 好处 我 也 来 刷 一刷
225008788720,自 chang ) 由 ( kai ) 辩 ( si ) 论 ( bi )
245283283985,24 年 还是 被 震撼 到 了 知识 真的 让 人 着迷
279942077361,25 年 来 喽 ~ 在 教室 语文 老师 播放 的
288409269616,不是 反 方越 说 越 偏题
287800096593,2026 年 01 月 28 日 打卡
287800096657,2026 年 01 月 28 日 打卡
290872942848,我 是 2026 年 来 的
289874864001,32 : 57
294549399664,回复 : 这得 吃 多少 苦 才能 成角 啊
119645178544,但是 生活 中 大多数 情况 下 一件 事情 并 不是 非此即彼 二元 对立 塞翁失马 焉知非福 还是 得 具体 问题 具体分析 结合实际
119619797424,个人观点 好 喜欢 正方 二三 辫 和 反方 四辩 真的 很绝
119592191072,看到 这个 视频 只 明白 了 一个 道理 也许 世上 真的 没有 绝对 的 对 与 错
119518193760,我 的 观点 是 金钱 不是 万恶之源 但是 正方 辩论 太棒了 我 投 正方
119496671792,慕名 学习
119472435536,我 还是 更 偏向 于 武汉大学 表达 得 更好 更 具有 说服力 也 更 详细 真实 啊 莫非 还是 因为 辩题 不利
119453654624,我 还是 觉得 武汉大学 的 更好 马来亚 大学 在 自由 辩论 阶段 感觉 逻辑 没有 理 清楚 总是 重复
119262428896,辩论 并 不是 要 争个 结果 对错 也 并 不是 看 最后 谁 更 能 煽动 情绪 说服 大家 让 观众 懂得 什么 道理 得出 什么 真理 醒世 恒言 而是 看 反应 能力 思辨 能力 表达能力 语言 能力 我 觉得 这才 是 辩论 的 意义 和 魅力
119243649472,真的 是 经典 中 的 经典
119219294336,对 更好 物质条件 的 向往 是 没有 罪过 的 这种 向往 通常 部分 被 称为 欲望 另外 的 部分 则 是 必要 的 需求 而 因为 满足 自己 的 需求 / 欲望 而 去 行动 如果 是 错 的 大概 我们 只好 一起 成仙 了 至于 恶之源 我 希望 它 所指 的 是 算式 中 出现 错误 的 那 一行 而 非 圣经 中 所 提及 的 因为 无法 证明 证伪 而 无法 谈论 的 恶魔 简单 来说 讲 点 实际 的
119192000848,欲望 是 根源 钱 只是 一个 载体 这个 载体 可以 是 其他 的 那么 那 时候 钱 还是 万恶之源 吗
119178670576,如果 就是 不 学 逻辑学 什么 的话 很 容易 因为 一个 辩手 的 气势 以及 开 出来 的 那种 让 你 觉得很有 道理 的 玩笑 而 改变 自己 的 导向 因为 你 不是 单独 一个 选项 你 是 有 选择性 的 就 很 容易 倒头 草 比如 会 因为 最后 一方 是 正方 而 投 正方 如此 下面 说 说 我 的 感受 就是 感觉 每 一位 都 很 有 气势 强大 的 气势 在 一 开始 就是 可以 来 有 威慑力 毕竟 辩手 就是 要 得到 观众 的 心 其次 过多 的 修饰 法 对于 劣势 的 辩题 是 非常 有 帮助 的 并且 价值观 的 上升 如 价值观 人性 之光 在 一定 程度 能 有 很大 的 威慑 还有 就是 逻辑 要 清晰 千万 不要 被 对方 带 着 跑 要 有 冷静 的 反驳 也 可以 发表 一些 观众 喜闻乐见 的 事情 来 进行 共同 感悟 最后 就是 要 打 配合 个人观点 啊 有 学到 我 之前 展示 ppt 都 喜欢 最后 结尾 升华 也 因此 我 是 唯一 一个 满分 通过 的 哈哈哈 看 这种 真的 有助于 提高 逻辑
119175881568,刚 开始 看 了 几分钟 想 看看 弹幕 结果 评论 一些 语调 普通话 手势 真是 无语 你 在 马上 死亡 的 时候 你 关心 自己 的 头发 有没有 梳好 可不 可笑 啊 怎么 想 的 啊 算了 没什么 可说 的 都 这样
119170599984,看 完全 程 总结 一点 发现 日本 和 美国 是 当今世界 的 万恶之源
120265056528,太对 了 兄弟 哈哈哈
119168058160,恶 在 前 钱 在 后 说 的 真的 太对 了
119156372176,抖音 看到 前来 学习
119105135872,针对 特殊性 的 辩论 才 是 辩论
119062958560,大家 说 的 都 好 有 道理 我 觉得 钱 不是 万恶之源 源头 有 很多 钱 是 占 的 部分 因素 但 不是 所有
119008266880,1 正一辩 1 . 提出 了 两个 性质 现实 合法性 和 有限 占有欲 之间 的 矛盾 引发 了 邪恶 推出 钱 是 万恶之源 2 . 指出 钱 是 筹码 能 颠倒黑白 并 举例 3 . 钱本应 促进 发展 但是 在 现实 中 做 为 目的 却 异化 了 反一辩 1 . 指出 对方 认为 钱 做 为 目的 并 提出 两个 问题 I . 钱 做 为 目的 不能 得出 万恶之源 的 结论 II . 指出 若 钱 规范 准则 则 不 为 万恶之源 这 一段 论述 不好 辩手 紧张 了 2 . 做 阐述 1 . 正方 无法 给出 证明 钱能 包含 全部 罪恶 2 . 钱 不 具备 源 的 性质 3 . 提出 四个 问题 前 两个 问题 分别 是 给 上述 阐述 的 两个 点 举例 的 第 3 个 问题 人有 选择权 不 应 一切 归于 钱 第四个 问题 用 反证法 驳斥 正方
119008916848,2 正二辩 1 . 针对 反一辩 给出 万 的 定义 驳斥 反一辩 2 . 再次 重申 并 举例 强调 正一辩 的 正确性 反二辩 1 . 指出 恶 不 只有 一种 所以 钱 不是 万恶之源 这个 既 是 对 反一辩 第四个 观点 的 强化 也 是 对 正方 提出 的 新 的 问题 2 . 此处 用 道德 的 例子 来 偷换概念 此处 诡辩 3 . 再次 强调 反一辩 观点 钱 无法 包含 所有 罪恶 并 将 罪恶 和 钱 做 了 区分 总体 上 看 正反 二辩 都 只是 对 前者 的 补充 概括 和 反驳 并 没有 立论
119010109728,3 正三辩 1 . 再次 用 万 这个 字 反驳 反二辩 并且 对 反二辩 结尾 提出 的 问题 作出 了 两个 分别 的 解释 2 . 从 政治经济 生活 三个 角度 分别 讲述 了 以 正 一辩 为 基础 的 观点 这 段 论证 可以 3 . 结尾 引证 名言 驳斥 反三辩 1 . 再驳 万字 分离 钱 与 罪恶 并 举例 2 . 通过 收束 正方 观点 归纳 为 贪钱 重点 落 在 贪 又 通过 一个 局外 例 得出结论 钱 不是 万恶之源 3 . 归根 人性 是 根本原因 不择手段 和 方法 才 是 罪恶 之源 此处 浓缩 概括 了 反方 观点 非常 有 张力 4 . 前 做 为 手段 未必 得出 万恶之源 因为 钱 本质 没有 主观 能动性 实际上 这个 点 在 正 一辩 第 3 点 已经 提到 了 此处 正 方可 作为 驳斥 入口 但是 被 反方 抓住 了 4 . 有人 恶 后 有钱 再次 强调 了 第三点 的 人性
119010380448,4 个人 认为 前面 辩论 具有 推动 奠基性 作用 的 是 正 一辩 和 反三辩 正方 多 强调 历史 作用 下 的 演变 反方 则 侧重于 对 正方 观点 的 驳斥 两方 都 很 强 实在 是 精品
118978306576,感觉 发现 宝藏 了
118957661472,这场 辩论会 真的 很 厉害 看 的 人 激情 澎湃 的 余磊 是 MVP 辩手 我 觉得 是 实至名归 的 倒 是 那些 弹幕 在 那里 吐槽 说 带 不动 我 真的 是 觉得 有点 搞笑 的 正方 的 辩题 本来 不 占 太大 的 优势 但是 他们 特别 的 强 每 一个 辩手 都 没有 拖后腿 浑身解数 都 摆在 那儿 了 最后 正方 没有 得冠 是 有点 可惜 的 可能 问题 我 觉得 应该 是 在 第四 辩 的 时候 反方 四辩 总结 的 很 精辟 也 很 犀利 单说 金钱 有恶 也 有 善面 就 我 觉得 反方 总体 上 已经 是 胜 了 很大 一层 的 了 逻辑 很 清晰 所以 我 觉得 问题 可能 是 出 在 第四 辩 的 时候 当然 正方 的 第四 辩 也 很 厉害 总的来说 这场 比赛 真的 很 精彩
118854214032,好 精彩
118829133408,马来亚 这 听 的 就让 人 很 不 舒服 全程 一直 在 提性 啊
118820593968,钱 只是 中间 的 交换 媒介 以物 易物 时代 就 没有 罪恶 了 唐山案 男 是 为了 钱 吗 所以 正方 这个 辩题 就 很 不好 辩 只能 从 万 不是 全部 上来 找补
118820009920,浅浅 发表 下 自己 的 看法 如有 不 对 还 请勿 喷 我 支持 反方 的 观点 钱 不是 万恶之源 毒贩 抢劫犯 等等 为了 金钱 去 做 违反 法律 的 事情 他们 最后 是 真的 要 得到 金钱 吗 不是 他们 是 为了 得到 金钱 后 能够 过 自己 想过 的 生活 能够 轻松 得到 自己 想要 的 东西 这些 都 是 人 的 欲望 所以 金钱 是 一种 中介 的 存在
118820805568,钱 就是 货物 中间 的 交换 媒介 所以 叫 货币 以物 易物 时代 就 没有 罪恶 了 唐山案 男 是 为了 钱 吗 所以 正方 这个 辩题 就 很 不好 辩 只能 从 万 不是 全部 上来 找补
118806147120,看 辩论 就 不要 看 弹幕
118791109376,好 牛
118687911904,我读 过 一点 哲学 类 的 书籍 看 我 的 动态 都 是 笔记 我 觉得 武汉大学 的 那些 人 就 ....... 我 觉得 团能 输 带队 的 赵林 被 铁锅 我 很 怀疑 他 从 贺麟 那里 学到了 什么 怎么 大优 的 局 打成 这样
118563726976,我 觉得 正方 好强 感觉 稳赢 没想到 是 反方 赢 了 挺 惊讶 不 懂 辩论 就是 发表 自己 的 感受
118491031168,弹幕 懂哥 真 恶心 丶
118150593040,没有 人能 拒绝 01 年 的 胡渐 彪
118113255872,两点 感想 正方 1 . 如何 一 上来 点明 并 引导 辩论 的 重点 不 在 万 而 在 源 2 . 如何 点明 是 源 不是 恶 本身 点 出源 和 其他 钱 以外 恶 的 联系 ( 例如 钱 作为 一般 等价物 的 出现 是 可以 满足 其他 更 多 恶行 的 源 ) 3 . 钱 在 出现 之前 和 之后 对恶 的 界定 以及 钱 的 出现 而 导致 的 众多 恶行 ( 有 讲 到 加速 恶行 但 只 提 了 几句 ) 4 . 阐明 万恶之源 也 可以 是 善 之源 ( 看 完 之后 结合 辩论 提到 的 和 弹幕 的 总结 的 感想 )
118038757488,如果 钱 是 万恶之源 的话 那 在 没有 出现 钱 的 时代 里 那些 恶 哪里 来
117999341312,"金钱 辩 反复 刷 了 二十 几遍 , 是 我 成为 一个 辩手 的 启蒙 ."
117924208912,有没有 2022 的
117782457536,2022 年 6 月 20 号 上午 10.45 分 坐标 上海
117773549696,正方 把 主要 精力 放在 万上 了 而 反方 却 用 原始社会 钱 没有 诞生 人与自然 斗 的 时候 也 有 很多 恶 加上 强奸 等 其他 恶 不 属于 金钱 之恶 这 两个 论点 去 打击 正方 再 加上 总结 辩词 正方 确实 给出 满分 作文 但是 修饰句 太 多 逻辑 陈述句 太 少 所以 惜败 了 我 觉得 只要 正方 重点 把 原始社会 法律 诞生 以前 诸多 行为 无法 定性 为 恶 作为 重要 观点 之一 应该 能 扳回 一部分 劣势 因为 原始社会 所有 生物 行为 遵循 本能 食 同类 而 存活 或者 强制 交配 也 属于 是 优胜劣汰 加上 基因 层面 物种 种族 的 的 延续 大于 一切 所以 没有 恶 这么 一说 本能 大于 人性 或者 那 时候 已经 有人 诞生 但是 人性 未 诞生 而 人性 之恶 是 人 给 定义 的 人 只有 吃饱 了 存活 下去 才 空去 思考 别的 所以 恶才 有 了 定义 而 那 时候 已经 有了钱 这项 手段 反方 抛开 时代 用 近代 的 词性 去 定义 原始社会 就 非常 不合时宜 了 相当于 用 我们 的 法律 去 约束 自然界 的 动物 而 正方 总结 里 有 一句 说 的 很 对 钱 是 万恶之源 但 不 代表 钱 等于 恶钱 只是 诱导 的 源头 并 不 等同于 恶 所以 这点 直接 能 反驳 正方 说 的 贪钱 贪钱 贪才 是 恶 那么 确实 贪在 有 的 时候 是 恶 那么 贪钱 是不是 说明 钱 正是 诱导 出恶 的 源头 呢 而 正方 解释 的 万恶之源 万恶 不是 指 所有 恶 而是 指 世间 绝大多数 恶 这点 我 很 认可 不然 就 叫 恶之源 了 对 吧 但是 正当 太 过于 专注 万 这个 字 了 对面 就 故意 挑明 说 正方 在 抠字眼 其实 应该 着眼 整个 词 这样 会 更加 有 说服力 这 几个 就是 我 的 观点 我 认为 正方 用 这 三个 论点 而且 重点 得 清晰 条理分明 地 阐述 出来 大 概率 能 把 反方 打 的 一败涂地 因为 现场 没有 那么 多 时间 思考 所以 正反 双方 辩手 也 是 应变能力 逻辑 思考 能力 非常 强 了 我们 在 评论 里 的 观点 也 只能 算是 事后诸葛亮
117732116208,赞成 辩方 的 可能 年纪 大 了 已经 有 了 自己 的 观点 觉得 正方 怎么 说 都 动 不了 自己 的 想法 辩方 说 的 先 有 恶 再 有钱 说 到 我点 上 了 并 不是 所有 恶 都 因为 钱 当然 如 弹幕 所说 这种 辩论 可能 也 并 没有 正确 答案
117725673888,本人 在 大学 参加 过 几场 辩论 后 的 拙见 个人 认为 其实 反方 正是 输 在 了 偷换概念 将 论点 转移 至万字 的 定义 上 辩论 主要 看 的 其实 还是 辩论 的 技巧 和 逻辑 是否 正确 因为 我们 都 知道 辩题 在 单纯 的 是非 天秤 上 不 公平 裁判 必然 也 知道 而 近日 我 思来想去 在 qj 这种 恶行 不 与 金钱 挂钩 的 情况 下 如何 论证 金钱 仍为 万恶之源 呢 终于 心生 一计 因为 色欲 是 本能 它 甚至 先于 金钱 存在 钱 当然 不 可能 是 它 的 源头 但 抑制 不住 色欲 这件 事 本身 却是 人类 有 了 钱币 形成 了 社会 体系 之后 才 被 定义 为 恶 的 你 总 不能 说 原始人 看到 心怡 的 配偶 敲晕 带回家 是 恶 吧 原始人 压根 没有 道德观念 正 因为 金钱 是 秩序 社会 的 源头 是 人类 社会 之源 所以 更是 万恶 乃至 万善 之源 但 我 自认 水平 比 选手 差 了 十万八千里 极有 可能 是 选手 自己 否定 了 自己 这个 观点 才 不再 提出 欢迎 来辩 有人 看 的话 写 的 真长 自我 满足 万岁
117745191888,不 知道 你 看 完 了 没有 你 这个 论点 外 20.30 左右 反方 提出 来 了
117750910624,回复 : 是 看 完 的 不过 是 个 把 星期 前 看 的 这 一段 再 看 有 印象 但是 确实 记住 最多 的 还是 正方 几位 辩手 的 陈述 其实 假设 我 是 正方 我可以 说 这 并 不 冲突 因为 本能 本身 确实 早 于 金钱 但 将 无法控制 本能 的 行为 定义 为 恶 或 欲望 却是 在 人类 建立 起 社会 之后 其实 我 的 观点 是 可以 说 金钱 是 人类 社会 的 起源 人类 开始 使用 钱币 正是 人类 开始 广泛 与 陌生 个体 交易 开始 在 社会性 上 有别于 动物 的 表现 所以 钱币 是 社会秩序 的 起源 而后 人类 才 定义出 恶 与 善 以此 来 论证 钱 是 万恶之源 以上 观点 仅 模拟 辩论 场上 身为 正方 时 的 观点 我 知道 这个 观点 可能 很 薄弱 但是 我 也 只是 想 提出 一种 可能性 或者说 方向 尝试 与 反方 正面 对抗 当然 我 的 水平 比较 低 所以 也 确实 很难 自己 撑起 这个 观点
117773305456,回复 : 但是 正当 把 主要 精力 放在 万上 了 没有 强调 这个 而 反方 却 用 这个 论点 加上 强奸 等 其他 恶 不 属于 金钱 之恶 这 两个 论点 去 打击 正方 再 加上 总结 辩词 正方 确实 给出 满分 作文 但是 修饰句 太 多 逻辑 陈述句 太 少 所以 惜败 了 我 觉得 只要 正方 重点 把 原始社会 法律 诞生 以前 诸多 行为 无法 定性 为 恶 作为 重要 观点 之一 应该 能 扳回 一部分 劣势 因为 原始社会 所有 生物 行为 遵循 本能 食 同类 而 存活 或者 强制 交配 也 属于 是 优胜劣汰 加上 基因 层面 物种 种族 的 的 延续 大于 一切 所以 没有 恶 这么 一说 本能 大于 人性 或者 那 时候 已经 有人 诞生 但是 人性 未 诞生 而 人性 之恶 是 人 给 定义 的 人 只有 吃饱 了 存活 下去 才 空去 思考 别的 所以 恶才 有 了 定义 而 那 时候 已经 有了钱 这项 手段 反方 抛开 时代 用 近代 的 词性 去 定义 原始社会 就 非常 不合时宜 了 相当于 用 我们 的 法律 去 约束 自然界 的 动物 而 正方 总结 里 有 一句 说 的 很 对 钱 是 万恶之源 但 不 代表 钱 等于 恶钱 只是 诱导 的 源头 并 不 等同于 恶 所以 这点 直接 能 反驳 正方 说 的 贪钱 贪钱 贪才 是 恶 那么 确实 贪在 有 的 时候 是 恶 那么 贪钱 是不是 说明 钱 正是 诱导 出恶 的 源头 呢 而 正方 解释 的 万恶之源 万恶 不是 指 所有 恶 而是 指 世间 绝大多数 恶 这点 我 很 认可 不然 就 叫 恶之源 了 对 吧 但是 正当 太 过于 专注 万 这个 字 了 对面 就 故意 挑明 说 正方 在 抠字眼 其实 应该 着眼 整个 词 这样 会 更加 有 说服力 这 几个 就是 我 的 观点 我 认为 正方 用 这 三个 论点 而且 重点 得 清晰 条理分明 地 阐述 出来 大 概率 能 把 反方 打 的 一败涂地 因为 现场 没有 那么 多 时间 思考 所以 正反 双方 辩手 也 是 应变能力 逻辑 思考 能力 非常 强 了 我们 在 评论 里 的 观点 也 只能 算是 事后诸葛亮
117632908368,隔 了 几年 又 看 了 一遍 又 有 了 新 的 感悟 反方 之所以 获胜 在我看来 是 两点 1 是 万字 的 定义 双方 其实 都 是 争抢 了 一半 谈不上 优劣 之 说 当然 我 直观 上 是 感觉 万恶之源 是 讲 的 全 的 但是 这点 并 不 太 影响 最 关键 的 2 是 源 字 反方 结论 所说 的 源 和 目的 的 区别 让 我 一下 想到 计算机网络 源地址 和 目的 地址 的 区别 源 是 出于 什么 目的 是 为了 什么 反方 提出 这 一点 一下 击溃 了 正方 的 所有 例子 因为 正方 这些 例子 说 的 是 人 为了 钱 做 了 什么 恶 但是 为了 什么 是 目的 而 目的 和源 是 有 本质 不同 的 可以 看出 反方 不亏 是 理工科 的 学生 而 因为 反方 提出 这 一点 的 时间 偏后 也 或许 因为 正方 偏向 文科 可以 看出 正方 并 没有 准备 到 这 方法 的 回应 仓促 之间 无法 应战 这 一点 才 是 我 觉得 反方 赢 的 原因 如果 这 一点 是 反方 精心 准备 的 杀手锏 在 结论 抛出 那么 可以 说 反方 策略 及其 高明 我 也 是 看 了 好 几次 才 看 出来 3 是 逻辑性 正方 文科 更 偏 抒情 反方 理科 更 偏 逻辑 这点 在 辩论 上 是 很 占优势 的 可以 看见 结论 反方 总结 的 逻辑 层次分明 层层 推导 而 正方 结论 依然 抛出 了 大量 的 例子 一定 要说 整体 余磊 更好 是 mvp 可以 但是 作为 我 认为 的 胜负手 我 觉得 反方 四辩 也 是 当之无愧 的 mvp
117632959648,顺便 一提 辩论 辩 的 是 技巧 但是 观众 最好 还是 有 自己 的 定见 和 想法 不然 没有 思想 太 容易 随风 摇摆 要 我 而言 我 本身 是 觉得 钱 的 价值 是 人 赋予 的 按 马原 说 的 是 没有 主观 能动性 而恶 是 一个 主管 的 价值 判断 人 赋予 钱 价值 这个 价值 如果 是 恶 的 也 不会 是 钱 在 固有 属性
117773905200,正方 把 主要 精力 放在 万上 了 而 反方 却 用 原始社会 钱 没有 诞生 人与自然 斗 的 时候 也 有 很多 恶 加上 强奸 等 其他 恶 不 属于 金钱 之恶 这 两个 论点 去 打击 正方 再 加上 总结 辩词 正方 确实 给出 满分 作文 但是 修饰句 太 多 逻辑 陈述句 太 少 所以 惜败 了 我 觉得 只要 正方 重点 把 原始社会 法律 诞生 以前 诸多 行为 无法 定性 为 恶 作为 重要 观点 之一 应该 能 扳回 一部分 劣势 因为 原始社会 所有 生物 行为 遵循 本能 食 同类 而 存活 或者 强制 交配 也 属于 是 优胜劣汰 加上 基因 层面 物种 种族 的 的 延续 大于 一切 所以 没有 恶 这么 一说 本能 大于 人性 或者 那 时候 已经 有人 诞生 但是 人性 未 诞生 而 人性 之恶 是 人 给 定义 的 人 只有 吃饱 了 存活 下去 才 空去 思考 别的 所以 恶才 有 了 定义 而 那 时候 已经 有了钱 这项 手段 反方 抛开 时代 用 近代 的 词性 去 定义 原始社会 就 非常 不合时宜 了 相当于 用 我们 的 法律 去 约束 自然界 的 动物 而 正方 总结 里 有 一句 说 的 很 对 钱 是 万恶之源 但 不 代表 钱 等于 恶钱 只是 诱导 的 源头 并 不 等同于 恶 所以 这点 直接 能 反驳 正方 说 的 贪钱 贪钱 贪才 是 恶 那么 确实 贪在 有 的 时候 是 恶 那么 贪钱 是不是 说明 钱 正是 诱导 出恶 的 源头 呢 这点 恰好 完美 回击 反方 而 正方 解释 的 万恶之源 万恶 不是 指 所有 恶 而是 指 世间 绝大多数 恶 这点 我 很 认可 不然 就 叫 恶之源 了 对 吧 但是 正当 太 过于 专注 万 这个 字 了 对面 就 故意 挑明 说 正方 在 抠字眼 其实 应该 着眼 整个 词 这样 会 更加 有 说服力 这 几个 就是 我 的 观点 我 认为 正方 用 这 三个 论点 而且 重点 得 清晰 条理分明 地 阐述 出来 大 概率 能 把 反方 打 的 一败涂地 因为 现场 没有 那么 多 时间 思考 所以 正反 双方 辩手 也 是 应变能力 逻辑 思考 能力 非常 强 了 我们 在 评论 里 的 观点 也 只能 算是 事后诸葛亮
117808741728,回复 : 智 人 诞生 是 有 明显 的 生物学 定义 的 实际上 就是 在 钱 出现 之前 就 已经 有智人 了 这 一点 你查 一下 前 的 定义 就 知道 了 钱 是 人类 社会 发展 过程 中 出现 的 一般 等价物 既然 是 人类 发展 过程 中 就 不会 是 以 钱 的 出现 作为 智 人 出现 的 标志
117808982960,回复 : 你 这 和 正方 思路 就 偏 了 相当于 把 钱 作为 智 人 出现 的 标志 了 其次 在 结论 中 的 一切 例子 根本 没有 回应 源字 这 就是 典型 的 理工科 学生会 文史 课 学生 的 区别 可能 正方 根本 没 准备 过 这里
117809027024,回复 : 而且 源字 你 可以 查查 源 和 目的 的 区别 你 执着 于 人类 为了 钱 去 做 什么 为了 钱 是 目的 是 钱 而 非 源头 是 钱
117809645552,回复 : 而且 你 的 思路 基本上 还 停留 在 万 的 定义 之争 这里 说实话 两边 根本 没 办法 完全 驳倒 对面 而 把 恶 作为 智 人 出现 的 标志 其实 你 和 正方 已经 偏离 自己 的 论点 了 钱 出现 之前 有没有 恶 和 你们 论证 的 钱 出现 后 产生 了 很多 的 恶有 什么 关系 啊 作为 当时 他们 想 不 清楚 还 可以 理解 事后 的 你 也 没 想想 清楚 吗 你们 完全 不 需要 论证 这 一点 第三 还是 源字 举个 例子 计算机网络 里 源地址 就是 你 的 设备 目的 地址 就是 你 访问 的 网页 你 追求 钱 而 做 坏事 那 叫 目的 是 钱 而 非源 是 钱 这里 要 辩要 从 心理学 逻辑学 上辩 讲外 在 诱因 争夺 源字 定义 而 非 不 回应 虽然 源字 上 反方 已经 很 详尽 了 但是 不去 尝试 就 等于 认输
117623169520,大专 辩论 都 这么 牛 2022.6 . 20
117682155312,? 你 稍微 看 一下 就 知道 这个 大专 是不是 你 以为 那个 大专
117548047904,我 被 玩坏 了 真的 都 很 厉害
117538773120,胡渐 彪 !
117437701840,太 厉害 了
117424330016,正方 的 思辨 就 最后 总结 差点 意思 三辩 是 真的 强
117326709712,人类 才 是 万恶之源
118349895376,那万善 之源 又 是 啥
119468909616,小说 看多 了
117326693856,人才 是 万恶之源
117055163232,"武大 确实 "" 引经据典 "" 的 地方 多 了 点 了 逻辑 上 的 一个点 却 不得不 花 大篇幅 去 煽情 . 但 也 确实 没 办法 很多 地方 顺着 对方 走 对方 是 不败之地 的 只能 去 拉 情绪 . 正方 的 逻辑 立足点 感觉 是 比 反方 少点 的 ... 单纯 上帝 视角 + 事后诸葛亮 来 瞎 "" 指指点点 "" ... 我 上 .... 我 上 不 去 ... 我 没 那 水平"
116984723840,为啥 马来西亚 大学 说 的 是 汉语 有没有 问题 解释 下
117243585392,国际 大专 辩论赛 是 华语 辩论 赛事 当然 用 汉语
117267916848,全是 华裔 啊
117937858896,马来西亚 华人 会 说 汉语 啊 比如 我
119469070656,不带 带 你 的 脑子 标题 都 写 了 用 华语 了 还 在 用 你 的 英语 是 吧
119557981312,回复 : 我 仔细 看 了 一下 标题 上面 的确 写 了 句 我 是 你 die
116774328352,钱 是 我 的 合法财产 而 你 借 这次 辩论 想 获得 我 的 合法财产 足以 见 钱 对 你 的 诱惑力 更 可见 钱 是 万恶之源
118349981808,被 你 说服 了 我 挺 你
116727557600,钱 不是 万恶之源 人性 的 贪才 是 万恶之源
116630462192,辩论 使 我 脑子 转 不 过来
116548465344,善恶 是 人类 社会 给出 的 定义 立场 不 一样 善恶 自然 也 就 不 一样 而 一切 的 善恶 根本 上 都 来自 于 欲 在 钱 被 发明 出来 之前 的 各种 恶 都 是 来自 动物 本能 的 兽欲 只不过 人类 社会 发展 到 后来 这 一切 的 恶 的 欲 都 可以 通过 钱来 实现 xing 欲 兽欲 等等 都 可以 通过 钱来 实现 钱 成为 了 恶 的 载体 但 不是 恶 的 根本 来源 虽然 有 一些 恶是 由于 缺钱 导致 的 其 表面 上 是 钱 造成 的 实际上 钱 只是 一种 载体 钱 的 本质 并 无 善恶 而是 取决于 使用 他 的 意图 取决于 人 的 善 欲 或是 恶欲
116539040960,总结 一下 钱 本身 不是 万恶之源 使 钱 变成 万恶之源 的 是 人
116483647472,反方 二辩 反驳 一辩 的 观点 咋 一 看 有 亮点 但 我 返回 来看 了 一辩 的 观点 一辩 她 说 的 是 有 前提 的 能 引起 人 的 一切 贪欲 也就是说 可能 引导 善 也 可能 引导 恶 一旦 有 了 贪欲 恶 变得 无法 限制 便导 负恶 向 结果 而 反方 二辩 提出 的 追求 道德 道德 只能 引导 善 而 不能 引导 恶 只有 正向 结果 所以 无法 反驳 一辩 的 观点 以上 均 为 个人观点 新手 求轻 喷
116484744800,他 说 的 健康 同理 但 爱情 可能 导致 善 和 恶 两个 方向 所以 爱情 可能 让 人 有 贪欲 但 不会 成为 万恶之源 所以
116484900048,我 觉得 反方 二辩 一 开场 的 那句话 真的 绝了 真的 又 有 才华 又 有趣
116487903472,反方 总结 的 不错 啊 钱 是 万恶之源 这个 辩题 本来 就 有 逻辑 错误 本来 就是 人 的 行为 导致 恶而 不是 钱 钱 又 没有 手 所以 是 恶 在 前 钱 在 后 本来 对 正方 就 不利 但 正方 很能 辩 是 真的 都 是 神仙 打架 啊 本来 觉得 反方 二辩 说 得 妙 结果 正方 三辩 直接 来个 语文 题 哈哈哈
116491348016,看 完 了 觉得 全场 MVP 是 胡渐 彪 比较 亮眼 的 是 余磊 反方 二辩 三辩
116491502704,正方 太难 了 感觉 正方 结辩 实属 是 有些 口不择言 了 自己 立 自己 破帮 反方 说话
116491951840,感情 大家 看 辩论 还 带 爱国 情感 的 啊 无脑 贬低 新加坡 友人 拔高 中国 选手 我 觉得 不太 可取
116540725312,他 说 的 这个 前提 真的 对 吗 有 的 人 因为 钱行 恶 但 这 说明 不了 什么 有 的 人 捐钱 救助 贫困山区 也 是因为 钱 吗 归根结底 不 还是 在 人
116480157856,主播 有 什么 口音 啊 我 怎么 听不出来 我 觉得 很 标准
116141093840,我 今天 看 视频 的 时候 才 发现 就是 你 说 的 那个
115905214976,还是 有人 搞不懂 什么 是 辩论赛 啊
115893738464,希望 大家 明白 一个 前提 辩论 不是 为了 追求真理 定义 对错
115945847536,那 辩论 有 什么 意义 ?
116285649872,回复 : 涉及 到 真理 对错 的 东西 基本 没有 辩论 的 空间 直接 凭 事实 说话 辩论 只是 对 某些 有 两面性 的 观点 进行 佐证 通过 语言 与 逻辑 的 艺术 来 让 人 相对 更 认可 哪 一面
116491268384,回复 : 认同
119469305536,回复 : 看 你 头像 就 知道 典型 康趣 主义者 辩论 不是 为了 探求真理 而是 为了 展现 自己 提升 自己 的 语言 思维 表达 逻辑 能力
119469381520,回复 : 别 一天天 喊 着 为 无产 多读 点书 理论知识 我 都 不 知道 你 有没有
119477991904,回复 : 哪来 的 逆天 我 就是 不 知道 辩论 咋 回事 你 咋 能 扯 这么 多
115882059312,马来亚 黄暴队 全是 兽欲 就 离谱 假如 真 只能 举出 性欲 导致 的 恶 这 一种 例子 那 其实 已经 承认 了 钱 也 就是 物质 是 万恶之源 因为 兽性 性欲 带来 的 恶仅 此 一种 完全 因人而异 跟 你 的 大脑 你 的 神经元 是 相关 的 随着 社会 的 发展 这种 恶 的 产生 不是 你 想 产生 就 产生 但是 在 兽性 被 越来越 多 控制 的 社会 中 仍旧 是 钱会 带来 例外 会 带来 方便之门 有些 是 钱 有些 是 权 你 若 是 富豪 名人 榜上 之 人 自然 有 他人 难以想象 的 权 当然 有 金钱 不是 有 权力 的 必要条件 而是 充分条件 两袖清风 青天白日 的 官员 自然 存在 但 这 跟 这个 辩题 毫不相关 因为 清官 洁士 本身 也 不 带来 罪恶 ! 产不 产生 恶 这个 行为 是 由 每个 个体 决定 的 但 在 这个 社会 上 一旦 产生 或者 掩盖 或者 逃避 恶 自然 难以 离开 金钱 物质
115893770720,兽性 带来 的 恶仅 此 一种 以偏概全
117445759664,别 黄暴 当 借口 情欲 本身 你 就 无法 回避 偷拍 的 案件 那么 多 那 偷拍 的 恶 都 是因为 钱 吗 诚然 有 一部分 会 贩卖 但是 更 多 的 是 小人 自己 保存
115794266592,初中语文 老师 放过 哈哈哈
115559225040,有些 弹幕 过于 逆天
115300762464,被 弹幕 笑死
115089385312,好 吧 我 之前 一直 被 西方 某些 哲学家 洗脑 认为 物质 资料 私有 是 一切 罪恶 的 本源 现在 听 反方 的 一句 话 就 豁然开朗 我 是 真的 见 过 有 的 人 从 出生 就 带 着 恶 的 所以 万事 没有 那么 绝对 罪恶 的 本源 应该 是 多种多样 的
114692409648,周玄毅 自己 也 没 经受 住 诱惑
114602491760,周玄毅 在 二十年 后 通过 自己 的 行动 证明 了 钱 不是 万恶之源 无节制 的 欲望 才 是
114492238064,反方 二辩 怎么 一直 看稿 阿
116491571760,没背 好 吧
114441835712,太强了 神仙 打架
113991457056,双方 队伍 顶级 拉扯 我 被 顶级 拉扯
113940445760,如果 万是 一切 那 我 认同 反方 毕竟 这 世上 就 没什么 绝对 的 东西
113816643248,2022 年 看到 这个 辩论赛 真的 感觉 很 有 思想
113588385104,上 语文课 的 你
113927093408,真实
113480152544,煎熬
113352579152,说实话 我 自己 打 是不是 / 应不应该 辩题 或者 政策 辩 的 时候 喜欢 拿 反方 我可以 不 立论 我 只要 让 正方 论 推 不 下去 就行 举证责任 小 一些
113351374400,正反 都 太强了 但是 这个 辩题 还 蛮 心证 的 时候
113350139648,辩论 队 的 又 来 学习 了
113325630528,全程 高能 献上 我 的 膝盖
113134942880,2022 年 了 还有 人 重温 一遍 吗
113132544448,没 懂 弹幕 哪里 来 的 脸 骂 正 一 啊
113069641056,就 反方 可以 用 这 一个 简单 的 例子 一个 罪犯 拿 刀 捅 了 一个 人 那 肯定 是 罪犯 的 错 而 不是 刀 的 错 在 这里 钱 也 只是 一个 工具 也 是 中性 体 因此 是 不能 算是 万恶之源 的 不 知道 为啥 辩手 没有 提到 只有 在 结辩 的 时候 提到 了
114571700176,说 到 了 人 的 行为 决定 钱 的 善恶
113047745392,好多 不 友好 的 弹幕 啊
112745268096,太棒了
112730958656,我 在 2022 年 看着 比 我 年龄 还 大 的 辩论赛 视频
112675795152,踢 猫 一脚 是 作恶 吗
112616646656,看 辩论 就 看 辩论 扯 什么 口音 好好 欣赏 比赛 不行 吗
112489869808,不管怎么 说 我 都 得 大呼 666 正反方 都 很 强 反正 我 是 全程 没 跟上 都 来不及 思考
112442734016,是 的 昂 我 也 感叹 一下 这种 辩论 盛世 现在 还 没有 回来
112304187488,是 利益 不是 钱
112255016768,我觉 正方 从万字 出发 的 论点 是 个 巨大 的 失误 如果 他们 成功 地 证明 了 万字 不 代表 一切 的话 这 就 等同于 把 自己 的 命题 变成 了 反方 的 命题 让 他们 自己 陷入 巨大 的 不利
111932768000,感觉 胡扯 八扯 的 不 知道 存在 的 意义 是 什么
114466189344,没有 语言 素养 没 必要 勉强 自己 看 下去 但 有人 对此 是 感兴趣 的 何必 去 否定 ?
116762891536,回复 : 既然 有 搜索 就 表明 有 兴趣 但 内容 确实 没 给 到 论证 支撑
117348396768,回复 : 我 不 知道 您 对 辩论 了解 多少 这是 一场 被 称为 国辩 历史 上 最 精彩 一役 的 比赛 确实 是 十分 精彩 也 得到 了 很多 人 的 认可 正反 双方 唇枪 舌辩 你来我往 正方 可以 说 是 文采 飞扬 反方 也 称 的 上 是 逻辑 缜密 反方 四辩 的 结辩 更是 论据 充分 条条 有力 当然 了 这场 比赛 的 象征意义 比 它 本身 更 重要 它 一脚 踢开 了 中国 现代 辩论 竞技 的 大门 让 国内 辩手 意识 到 逻辑 的 重要性 同时 也 希望 您 注意 到 这 是 一场 二十余年 前 的 辩论 它 必然 有 它 年代 的 局限性 诸如 赛制 以及 辩手 所 接受 的 培训 吸取 但 这些 辩手 无疑 是 十分 优秀 的 且 辩论 和 他们 也 都 随着 时代 而 进步 很 抱歉 上次 回复 您 的 语气 不是 很 好 希望 没有 打消 您 对 辩论 的 兴趣 如果 您 还 保有 对 辩论 或者 国辩 的 兴趣 也许 可以 听听 99 年国辩 的 决赛 或者 年代 更近 一些 的 比赛 或许 会 有 截然不同 的 感受
117634485872,回复 : 嗯 好 的 谢谢 你
111890083648,21 届 辩手 前来 朝圣 马来亚 大学 一炮 打开 了 现代 竞技 辩论 的 大门
114465984096,是 啊
111866071824,好好看
111713926368,牛哇 牛哇 我 三年 前 举报 的 骂人 弹幕 今天 提示 我 举报 成功
112380642992,辛苦 了
117938254304,辛苦 了
119469510944,辛苦 了
146662489344,谢谢
111711785856,钱 怎么 会 是 万恶之源 呢 钱 是 万恶之源 只不过 听 起来 更 道德 点 不 知道 人 是不是 更 倾向 把 自己 树立 成 道德 高尚 的 人 这个 万 到底 是不是 全部 的 意思 经过 正反 我 都 搞不清 了 真的 大部分 的 恶 的 源头 都 是 嘛 我 也 可以 说 大部分 的 恶 的 源头 不是 钱 阿 这个 大部分 又 该 怎么 定义 可以 举 多少 例钱 是 恶 的 源头 的 例子 我 也 可以 举 多少 例钱 不是 恶 的 源头 的 例子
111715681920,结果 是 我 希望 的 样子
114870356048,但 这场 辩论 里 正方 也 没 说 大部分 呐 ... 他们 解读 晚 的 意思 是 种类 繁多 的 极 多 的 好像 没说 过 大部分 吧 ....
111692114976,逻辑 太 舒服 了
111601929632,武大 不管 从 逻辑 上 主体 带领 上 都 甩开 马来 几条 街 不是 一个 层面 从 一 开始 都 被 武大 牵着鼻子 走 了 并且 举例 逻辑 混乱 三句 离不开 强奸
114466567344,说 了 一万遍 逻辑 了 马大 的 逻辑 一脚 踢开 了 现代 辩论 竞技 的 大门 今日 辩坛 诸君 回首 再望 对 这个 结果 都 认为 是 实至名归 何况 胡渐 彪 本场 的 结辩 更是 经典 中 的 经典 至于 武大 不过 是 文藻 华丽 些 如 周玄毅 所说 一昧 玩 着 文字游戏 罢了
115894012752,不提 具体 例子 只 讲 自我 主观 上 的 结论 你 这 连 逻辑 混乱 都 说不上 根本 没有 逻辑
111578833296,钱 就是 万恶之源 不论 对方 怎么 说
111509147984,国内 理科 和 其他 地区 理科 确实 不太 一样 再说 辩论 最 重要 的 还是 逻辑思维 这个 不 分 学科 吧
111399644384,弹幕 刷 日本 躺 枪 的 是 什么 成分 啊
111325098080,我超 现在 45 人 观看 真的假 的
111228656720,正方 利用 辞海 提出 万 的 定义 后 我 就 感觉 反方 的 观点 都 站不住 了
111164786416,辩论 点钱 是 / 不是 万恶之源 观点 由于 钱 是 人们 发明 的 所以 如果 钱 是 万恶之源 的话 人 就是 万恶之源 的 万恶之源 但是 如果 人 是 万恶之源 的 万恶之源 的话 那么 钱 是 万恶之源 这个 条件 就 不 成立 因为 万恶之源 代表 是 世间 所有 的 恶 的 源头 现在 却 有人 和 钱 两个 而 万恶之源 按照 它 的 字面 意思 就是 只能 有 一个 因此 互相矛盾 所以 人 不 可能 是 万恶之源 的 万恶之源 相应 的 推导 出钱 也 不是 万恶之源 总结 我 支持 反方 的 观点
110836321184,有 问题 吧 三辩 人家 妻子 是 背叛 老公 所以 才 被 杀 得 你 偷换概念 说 到 其他 家庭 问题 结果 弹幕 观众 一片 鼓掌 我 不 理解 谢谢 这 就 到 了 国家 的 不忠 不仁 的 道德 问题 了 吧 你 也 没圆 回来 和 钱 有 个 p 关系 啊
110837378656,再者说 你 当 皇帝 为了 钱 人家 皇帝 有 了 整个 国库 钱 就是 他 自己 的 了 啊 但是 有钱 然后 皇帝 怎么 花都 是 为了 自己 的 老百姓 啊 那些 为 国事 操劳 的 皇帝 是 沉迷于 纸醉金迷 吗 啊 有 毛病 吧 认真 想 一下 都 不至于 得出 这种 结论 吧 我 真 不 理解 那些 世袭制 的 皇帝 孩子 们 从小 就是 为了 钱 吗 我 不 理解 奥都 不 正面 回答
110837774272,原始 时期 没有 钱 但是 还是 会 出现 部落 种族 杀人 事件 那个 冰 人 化石 奥兹 得出 的 结论 是 死 前 被 部落 之类 的 追杀 而 死 那个 时候 不是 钱 是因为 政治 原因 而 死 的 对 吧
110621911344,点 踩 了 这个 视频 把 我 坑输 了
110565042176,我 以为 我 不会 看 辩论赛 结果 课上 组织 了 每个 人 必须 参加 的 辩论赛
110535193648,我 记得 有 一场 辩论赛 武大 蒋舸 不是 一辩 有人 知道 是 哪 一场 吗
110474486976,我 真的 太 佩服 余磊 了 啥 点 都 能 掰 回来
110462480816,真的 会 被 武 大辩论 队 的 气场 折服 不管 辩题 是否 有 优势 他们 都 那么 淡然 自如 余磊 袁丁 真的 绝了 几句话 就 能 把 局面 掰 回来 变 劣势 为 优势
110348555696,感觉 自由 辩论 期间 正方 一辩 蒋舸 姐姐 没 怎么 说话
110254288464,太 厉害 了 膜拜 大佬
110253701408,我 还是 觉得 武汉大学 逻辑 好 一点
110238757296,当下 现实生活 中 就 有 乌克兰 和 俄罗斯 对错 的 辩论 在 上演 我 看 了 几个 月 仍 是 摆 不明 态度
110237945872,典中典
110129648736,在 学校 看 的 正反两方 的 发言 都 引人 思考 特别 好
109882428080,2022.4 . 19 新人 辩手 前来 报道
109646447280,世间 本 就是 由 阴阳 构成 也 就是 多元 怎么 可能 混 为 一类
109584423168,语文课 来 的
109523710288,为什么 这样 有 水平 的 视频 会 有 这么 多 没 水平 的 弹幕
110763323568,大多数 都 不是 专业 的
109352464464,如果 从 政治 的 角度 来 答题 反方 会 不会 更 有利 呢
110027136688,我 认为 不会 因为 是 正方 先 提出 观点 而 正方 已经 拿出 每个 人 的 私欲 或者 社会现状 为 观点 反方 多少 都 需要 提到 一点 而 政治 这方面 大多 都 已经 偏离 出 了 每个 人 这个 主题 所以 我 认为 这 不太可能 以 政治 角度 作为 观点 进行 辩驳
109340283536,我进 监狱 了 第一天 晚上 就 被 大哥 揍 成 猪头 了 我 兜里 没 钱 大哥 也 没 钱 所以 大哥 是 万恶之源
109282228848,正方 其实 忽略 了 一个 非常 重要 的 致胜 点 辩题 是 钱 是 万恶之源 不是 只有 钱 是 万恶之源 所以 1 . 定义 好 万 的 概念 不是 数字 不是 全部 是 很多 2 . 定义 源 的 概念 不是 唯一 的 原因 而是 源头 之一 这样 反方 关于 各种 包 暴力 等 原因 完全 就 不 需要 反驳 了
109279216352,哈哈哈
109274283312,我 觉得 正方 四辩 总结性 话语 没 问题 啊 自圆其说 也 解释 反方 的 论点 为什么 弹幕 好多 说败 在 了 正方 四辩 总结 我 不 理解 有人 可以 解答 一下 吗 我 对 辩论 了解 不 多 真诚 求 指点 不是 嘲讽
109220420320,今天 老师 在 课上 放 这个 来 着 感觉 不错 又 来 重温 一遍
109056743504,可以 看看 这种 视频
108938241280,是 我 垃圾 但是 我 真的 觉得 正方 牛 逼 虽然 反方 也 很 牛 但是 很 明显 正方 处变不惊 稳得 住 场面 反方 出现 过 两次 披露 正方 次次 直击 重点 反方 对 正方 的 问题 不 正面 回复 不论 论点 来看 正方 我 觉得 实力 更强 好 遗憾 啊
114467178032,其实 可以 好好 了解 一下 辩论 武大 只是 文藻 华丽 玩味 文字 马大 却是 时时 紧扣 逻辑 条理清晰 最后 的 结辩 更是 精彩 至极 当年 马大 这 一场 比赛 直接 踢开 了 现代 辩论 竞技 的 大门 大陆 辩论 队 由此 开始 注重 逻辑 今日 回头 再 看 这场 比赛结果 绝对 是 实至名归 0910 两届 的 马大 比赛 我 都 有 看 确实 是 侵略 如火动 如 雷霆
108846317872,看 完 之后 我 脑子里 一直 有 一个 问题 万恶之源 真的 只有 一种 吗 如果 万恶之源 只有 一种 那 反方 的 辩论 没有 问题 若 万恶之源 有 很 多种 那 反方 的 辩论 将 是 无用功 因为 反方 辩论 了 除了 钱 还有 很多 能 成为 万恶之源 的 因素 并 没有 论证 钱 不是 万恶之源
108791292048,二刷
108753593840,反方 抓色 也 很 正常 色钱 仇权 世间 所有 的 恶 基本上 都 与 这 几个 挂钩 仇 可以 因钱 生仇 权谋 权 与 谋 钱 两者 联系 其实 是 很 紧密 的 历史 上谋权 基本上 都 是 谋 钱 唯有 色 不好 辩 也 最好 让 对方 不好 挑出 毛病
108610643568,2022 / 4 / 9
108518349520,反方 三辩 好 神奇 啊
108500821264,记得 当时 就是 赢 了 可以 拿 一万块 钱 反方 那么 为什么 要来 拿 这 一万块 钱
108474257808,我 赞同 反方
108467983232,我 理解 就是 辩论 的 意义 无关 对错 而是 用 二元 对立 激发 更深 的 思考
108325318576,为什么 是 国际 大专
109257404240,国际 大学 专业 辩论会 吧
114467447936,在 新加坡 大专 就是 大学 的 意思
119469809280,百度 一下 行不行 20 年前 的 大专 是 现在 的 大专 吗 你 以为
119547833136,回复 : 您 为什么 语气 这么 强硬
119696559360,回复 : 评论 区太多 低领 逆天 一时间 气 的 语气 强硬 了 不好意思
108290102912,最近 在 进行 一个 辩论 人 拥有 选择权 是否 意味着 自由 正方 应该 如何 去 答辩 呀
108203667344,万恶之源 是 没 钱
107919240992,文科生 与 理科生 的 较量 神仙 打架
107913075120,几年 前 环境 好
107877992320,这场 比赛 是 辩论赛 的 天花板 了 吧 我 愿称 他 为 YYDS
107877771168,我 记得 我 小学 就 有 一个 课后 单元 讲 的 是 辩论 辩论 的 主题 是 开卷 是否 有益 我 觉得 我 就是 在 这个 地方 学会 了 双刃剑 这个 词 所以 那些 连 辩论 本质 都 没 搞清楚 的
107856698960,第一 眼看 辩论 题目 的 时候 觉得 对 反方 非常 有利 因为 我们 本能 的 把 万恶之源 理解 为 一切 恶 之 根源 反方 也 是 跟着 这个 思路 走 的 如果 按照 这个 思路 走 正方 很 难受 但是 正方 直接 跳出 这个 思路 他们 直接 攻击 万恶之源 不 代表 一切 恶 之 根源 这个 思路 很秀 这样 就 形成 了 两队 都 以 钱 不是 一切 恶 的 根源 的 思路 但 正方 举例 其实 也 没有 跳出 第一个 思路
107779308032,2022 年 了 我 正 通过 7 年前 的 视频 看 21 年前 的 辩论赛
107705325328,钱 本来 就 不是 万恶之源 钱 又 是 万恶之源 两者 是 结合 起来 的 文科生 和 理科生 的 区别 在于 文科生 情感 理科生 公式 所以 反方 会 不断 提出 黄 du 都 这种 冰冷 的 话题 虽然 不利于 视听 但是 却是 有力 的 证据
107749088368,反方 一 开始 说得家 暴虐 待 儿童 明明 也 是 很 好 的 例子 不 知道 为什么 老 揪 着 qj 不雅观 且 没 必要 ....
107756229648,回复 : 性 这 一方面 完全 可以 代表 钱 不是 万恶之源 性 和 钱 没有 任何 的 关系
107774433504,回复 : 你 好像 没看 懂 我 在 说 什么
107794933360,回复 : 啊 这 哈哈哈 我 看 错 了
109282447040,回复 : 辩题 是 万恶之源 不是 唯一 的 所有 恶之源 就 像 我们 说水 是 生命 之源 并 不是 说 人 都 是从 水来 的 氧气 也 可以 是 生命 之源 同 理性 也 是 很多 恶 的 源头 正方 只要 证明 钱 是 很多 恶 的 原因 就 可以 了
107609006944,先马住 有 时间 再刷 亿遍
107177002912,太牛 了
107098303856,有没有 人 摘金 句 啊 每个 人 随便 一说 都 是 满分 作文
107056528928,不可 说 不可 说一说 即 是 错
106967617616,辩论 的 目的 不是 把 对立 粉碎
106850930592,正方 一辩 除了 开局 念稿 之外 只 说 了 一句 意义 不 大 的话 似乎
107104799632,被 剪 了 本来 自由 辩论 还有 两句
106828478176,哇 精彩
106806044208,绝迹 了 已经 现在 别说 辩论 思考 都 是 一件 难事
106595908384,钱 的 善恶 是 由 人 的 行为 决定 这话 一点 毛病 没有
106550702736,周玄毅 是 微博 那个 周玄毅
106478960320,我要 做 这个 课 前 演讲
106430955520,正方 二辩 厉害 印象 深刻
106374020768,这是 辩论赛 没有 绝对 对错 不是 让 你 来 评判 选择 价值观 的 麻烦 评论 区 的 老 董哥些 长点 脑子
106930499792,那些 人 看着 就 烦 非要 显摆 自己
119469916656,一天到晚 在 那 显摆 这个 观点 又 不 拿出 真正 有 价值 的 论点 出来 一群 网络 键盘 侠 搞 得 真的 无 语
106333834064,不知不觉 中 居然 看 完 了 50 分钟 精彩 精彩
106319993504,其实 我 觉得 这个 辩论 的 点 不是 关于 钱 不是 关于 万 而是 对恶 的 理解 如果 将 为了 追求 钱 而 产生 的 恶 归结 于 钱 这 当然 是 没 问题 的 但 问题 在于 社会 的 所有 问题 并 不是 都 因为 钱 而 引发 恶 的 产生 源于 人 本身 如果 把 钱 看做 万恶之源 那 这 就是 一种 赤裸裸 的 阴谋论 的 想法 的 政府 腐败 是因为 钱 抢劫杀人 是因为 钱 所有 的 一切 恶 都 是因为 钱 持有 这种 想法 会 让 人 为了 追求 钱 而 不择手段 因为 有了钱 可以 控制 政府 有了钱 可以 雇凶 杀人 有了钱 可以 买来 女人 这是 非常 可怕 的 一种 想法 会 催生出 与 正常 的 伦理道德 价值观 完全 相反 的 今 而 产生 更 多 的 恶 所以 这 一定 是 不 对 的 由此 可以 得 出钱 是 万恶之源 这一 结论 是 不 对 的 恶 的 产生 源于 人 自身 的 因素 甚至 有 一些 就是 因为 前面 说 的 这样 的 逻辑关系 而 产生 钱 是 万恶之源 这句 话 看似 是 引人 向善 的 一句 话 但 结果 恰恰相反 发明 这句 话 的 人 其心 可 诛 事物 的 好坏 全凭 人用 就 像 一把 刀 可以 切菜 砍树 也 可 杀人 剁肉 取决于 人用 它 干什么 社会 的 良性 发展 应当 是 以 道德 体系 的 上升 而 进步 当 道德品质 提高 了 那么 恶 当然 会 自然 减少
106277507312,我 觉得 反方 反驳 正方 应该 从不 应该 将 自己 的 意志 原因 归因 到 外 在 客观因素 人 的 意志 是 由 自己 控制 的 历史 的 经验 告诉 我们 外界 客观因素 只是 干扰 因素 但 不是 决定 因素 归因于 外界 是 没有 意义 的 这个 点 出发
106194687184,为什么 是 大专 的 没有 一本 呢
106276116656,好像 是 新加坡 举办 的 比赛 他们 的 大专 就是 大学 的 意思
106286420896,回复 : 原来如此
106931261920,大学 专业 你 认为 大专 有 这个 水平 吗 高校 都 难 有 这样 的 人才
106939751360,回复 : 你 真 有 文化 你 不 说 我 都 不 知道
106945265776,回复 : 这 跟 文化 不 文化 有个 P 联系
107174102176,回复 : 我 觉得 大部分 原因 是 我 大专学生 没有 时间 进行 训练 实际 不论 任何人 认知 能力 提高 都 能 辩论 需要 一定 时间 进行 相关 训练 你 并 不能 说 我 大专学生 有 这个 水平 就算 加个 也 是 无济于事 我 建议 你 稍加 思索 并 予以 修改
114467599744,武汉大学 复旦大学 西安交通大学 都 是 双 一流 马大 更是 世界 top 前 一百 在 新加坡 大专 就是 大学 的 意思
106081107312,辩论赛 真的 难 知识 储备 要 丰富 应变能力 要强 等等 可能 你 手机 电脑 上能 打 出来 一大堆 观点 来 辩论 但 在 现场 就 不 一定 了 小声 bb
105771845856,牛 啊 牛 啊
105453076832,快来 康康
106436713696,回复 : 就 很 强
105270837872,我 个人 认为 不用 解释 那么 多 就 一句 话 没有 钱 世间 就 没恶 了 吗 给 一个 与世隔绝 的 土著 部落 大量 钞票 这个 部落 就 有 恶 了 吗 别 围绕 万恶 这个 词 在 这个 上面 墨迹 正方 就 等于 赢 了 扯 不清 的
105204409424,牛 啊 牛 啊 牛 啊
105116031040,归根结底 就是 万 这个 字 如何 释义 正方 主张 万是 大多数 的 意思 所以 一直 在 举例 钱 的 恶 事件 反方 主张 万是 全部 的 意思 所以 一直 在 举例 无关 钱 的 恶 事件
105042685264,下周 星期一 要 打 辩论赛 了 我方 辩题 是 天赋 比 努力 更 重要 有点 紧张 啊
105204372432,加油 加油
105275429952,我 这 有点 诡辩 看能 不能 帮到 你 为什么 大部分 动物 不能 模仿 人类 的 语言 但是 鹦鹉 却 可以 呢 这 就是 天赋 人 为什么 不能 靠 自己 的 身体 飞翔 因为 没 这个 天赋 要 反驳 对方 举 的 例子 的话 比如 什么 残疾人 通过 努力 重新 奔跑 任何 通过 努力做到 的 事 都 可以 坚守 一个 反驳 观点 就是 他们 的 潜力 允许 他们 有 这个 天赋 才能 做到
105014356160,捞 一下 我们 语文 老师 耿 老师
104945548608,大专 人 大专 魂
104909250336,前期 我 是 墙头草 摇摆不定 后期 我 站 反方
104594204816,正方 确实 不好 打 但是 也 很 厉害 了
104497466336,反方 四 辩才 是 mvp
114468113056,不论 当时 赛制 如何 制定 不论 评委 如何 考量 往事 不可 追 小小 少年 的 光辉 并未 因此 蒙尘 一代 名将 的 荣耀 并未 因此 而 失色 胡渐 彪 今日 仍 是 那个 &# 34 ; 神 一样 的 四辩 &# 34 ;
104454479152,每次 看 都 感到 自己 的 浅薄 啊 唉
104278830736,欲望 是 万恶之源
104244816608,人 的 行为 决定 了 钱 的 善恶
104145730976,什么 国际 大专 辩论赛 不及 弹幕 云 辩手 水平 的 万分之一
104126982592,每位 辩手 真的 超 厉害 当着 那么 多人 依旧 面不改色 ( 初二 明天 是 人生 第一次 辩论 口吃 脑子 笨 看着 这些 学长 学姐 好 敬佩
104016146848,高中 看过 现在 来 回顾
104009193936,太精彩 了
103997665984,我 一个 嘴笨 脑子 笨 的 偏偏 被 抽到 要 打 辩论 我 什么 都 不会 啊 怎么办 怎么办
103766281648,这个 就是 经典 的 经典 高二 看过 现在 大三
103543881056,只能 说 人 的 欲望 才 是 万恶之源
103520484560,没有 钱 还有 其他 的 任何 能 交换 产生 利益 的 都 会 产生 饿
103373467408,我们 学校 的 辩论赛 就是 撕 逼 说 着 说 着 吵起来 了 然后 观众 也 带入 情绪 跟着 一块儿 骂 很 离谱 很 离谱 差点 打 起来
107388568528,什么 鬼
103287754880,啊 对 对 对 他们 说 的 都 对
103202815600,来补 作业
103122154928,辩论 的 太好了
103080847632,考古
102999203232,正方 一辩 二辩 太牛 了 嘴太丝 滑 了
102957225504,好 牛 没 参加 过 辩论赛 现在 正在 纠结 做 几 辩才 不会 拖后腿
102949926240,弹幕 一直 口音 口音 的 马来西亚 华人 的 普通话 口音 一直 就 差不多 这个 调调 在 新 中国 成立 之前 就 这样 了
102842119136,人性 才 是 万恶之源
102628989872,说话 有理 有条 的 不知不觉 就 三分钟 真 羡慕 这罗辑 思维
102580475488,这个 视频 是 万恶之源
102554923616,竟然 还有 16 位 同仁 与 我 同时 观看
102543272240,不是 引战 只是 陈述 You can you upNo can no bb
102512176592,四刷 了 真的 好 精彩 这 一场
102508585888,自由 辩论 那里 高强度 的 密集 的 讨论 说实话 能 有 这种 反应 已经 很强 了
102458198192,借 胡渐 彪 二十年 正是 锋芒毕露 时
102328873120,cool
102278075040,我 认为 反方 四辩 的 逻辑 真的 是 最强 的 正方 三辩 可以 说 是 综合 能力 的 王者
102053680976,弹幕 好 恶心
102024234624,万恶之源 不是 金钱 是 人性
101990367776,正方 该 怎么 打
101989597488,其他 恶 还 可以 引申 到 钱 身上 一直 举抢奸 这个 例子 它 是 恶 但是 跟 钱 一毛钱 关系 都 没有 完全 无从 反驳 了
101977000832,正方 语文 很 好 跟 写作文 一样 反方 逻辑 上 把 正方 拿捏 得 死死的 毫无 还手 之力
101849272928,来 过 好
101609404880,感觉 看 完 视频 脑袋 要 炸 了 有时候 看着 看着 只 听 忘 了 思考 什么 意思 又 调回去 重看
101524443040,钱 不是 万恶之源 人类 才 是
101484742640,我 觉得 钱 确实 不是 万恶之源 我 要是 正方 肯定 是 歇 逼 了 两边 能 有 来 有 回 是 真的 厉
101407822336,辩论赛 第一 教材 钱 是不是 万恶之源 正方 主张 万 不是 一切 反方 说 万 就是 一切 大家 都 拿 俗语 案例 甚至 字典 厚度 展开 了 连绵不绝 地 争端 从 一 开始 直到 最后 平心而论 万 是不是 一切 都 可以 但 为什么 正方 输 了 呢 原因 很 简单 当万 不是 一切 的 时候 正方 说 了 个 啥 钱 这个 东西 很 好 贪钱 导致 了 很多 恶行 不过 有些 恶行 不是 钱 导致 的 各位 看官 这话 当然 对 但是 这 用得着 你 花 40 分钟 翻来覆去 说 吗 所以 这 恰恰 是 败因 之一 以上 来自 罗淼 的 点评
101344929200,辩论赛 新手 刚 上去 时 一站 起来 要是 脱稿 那 就是 真的 想到 什么 说 什么 弹幕 里 的 大神 能否 做到 流利地 背 下 稿子 并 完美 地用 语言表达 呢
101305278640,我 知道 了 日本 是 万恶之源
119469993440,小学 还是 初中 毕业
119642234112,回复 : 你 自己 学历 搞不清楚 来 问 我 啊
119696560960,回复 : 但凡 有点 脑子 也 不至于 说出 你 这样的话
119735543984,回复 : 你 但凡 有点 脑子 都 不能 对 我 说出 这句 话
119737817312,回复 : 对 对 对 都 是 西方 的 错 都 是 西方 的 错 您 太 对 了
119738179712,回复 : 快快 快 我 先 把 你 挂到 贴 吧 上 给 大伙 乐呵乐 呵
119741107648,回复 : 不是 西方 的 错 是 你 的 错 你 到 现在 还 没 明白 吗
119741450352,回复 : 是 缺乏 认同感 吗
119778493856,回复 : 你 先 给 原神 冲个 648 快点 转发 个 原神 抽奖 动态 我 才能 看到 你 爱国 快点 突出
119786409360,回复 : 原神 啥 游戏 你 是不是 只 知道 一个 原神 啊 还是 你 跟 人 聊天 只有 这 一个 模板 啊 你 是不是 只 知道 游戏 啊 你 是不是 世界观 只有 非黑 即 白 啊 你 是不是 情商 不够 啊 看不出 别人 是 认真 还是 开玩笑 啊 你 是不是 在生活中 过 的 不 太 幸福 啊 你 是不是 很闲 啊 反正 我 很久没 有 这样 跟 别人 浪费时间 了 就 当 散散心 不错
119791913456,回复 : 一天到晚 玩个 农药 被 洗脑 连 传统 文化 是 什么 都 不 认识
119792165824,回复 : 别 一天到晚 质疑 或许 给 你 到 高中 数学题 你 都 不会 毕竟 学历 决定 上限
119792189088,回复 : 你 玩游戏 也 就 天天 农药 啥 都 不会 估计 连 steam 都 不 知道 或许 都 不会 买 游戏
119809918880,回复 : 王者 荣耀 天天 啊 看看 我 动态 是 什么 时候 玩 的 啊 成分 差 不 明白 啊
119810033264,回复 : 确实 对 你 来说 这句 话 很 中肯 了
119810225024,回复 : 玩游戏 还有 优越感 我 是 没想到 的 ok 这句 话 一出 我 明白 了 来 吧 长久 战
119810157216,回复 : 每天 没事 要 记得 回 我
119810329552,回复 : 等 你 什么 时候 长大 了 再 回来 看看 你 发 的话
119818313600,回复 : 乐 呵 还 来 年龄 了 来 直接 拿 身份证 出来
119818647424,回复 : 我 倒 是 想 看看 贴 吧 一群 人 骂 你 的 情况 下 你 是 多少岁 希望 不要 是 个 未成年人
119861903120,回复 : 先查 成分 再 查户口 还有 吗
119861915056,回复 : 我 看看 贴 吧 怎么 骂 的 发个 链接 谢谢
101098178304,主持人 说 的 是 欢迎 观赏 而 不是 欢迎 观看 哦
100968995968,周玄毅 用 自己 的 事 论证 反方 的 观点 多么 讽刺
100930559376,几个 月 前 看 了 一场 老师 给 的 2020 年 的 一场 辩论赛 和 这场 辩论赛 做 的 对比 真的 是 区别 太大 了 那场 辩论赛 选手 都 是 拿 纸 在 那边 读 然后 有 的 还 读 失误 还有 专门 挑刺 的
100931060672,还有 就是 在 有限 的 时间 里面 那 几个 人 辩论 的 讲 的 飞快 而且 讲 的 全都 是 专有名词 这 他 妈 观众 都 听不懂
100780700112,正方 周玄毅 翻车 了
100638722240,喜欢 反方 三辩 和 四辩 逻辑 清晰 反应 很快 反方 的 普通话 不太 标准 一 开始 听 着 感觉 很 别扭 但是 逻辑 真的 太棒了 爱死
100633924448,我 认为 钱 不是 万恶之源 经济学 上 对于 钱 的 定义 是 一般 等价物 是 一个 特殊 商品 人类 社会 上 人们 至今 为止 仍 是 以物物 交换 进行 着 活动
100633932672,就是说 当 意义 上 的 钱 还 没有 产生 的 时候 养羊 大户 可能 会 用 两头 羊去 换 领居 养牛 大户 家 的 一头 牛 如果 一个 木匠 想 用 多余 的 板凳 去 换 牛肉 吃 这个 时候 养牛 的 又 不缺 板凳 他 就 想 吃 羊肉 这个 时候 木匠 就要 先 去 养羊 大户 家用 板凳 去 换 板凳 去 换取 羊 然后 再 拿 羊 去 换 牛 当钱 这种 意义 上 的 商品 存在 之后 大部分 商品 直接 和 钱 挂钩 可以 直接 用钱 买 到 大部分 商品 也 就 说 钱 这种 特殊 商品 的 存在 只是 使 这种 物物 交换 更加 的 便捷 方便
100633944720,回复 : 这 就 像是 厨房 的 菜刀 一样 假设 你 正在 气头上 拿 了 一把 菜刀 砍死 仇人 就 可以 说 导致 这一 悲剧 的 源头 是因为 这 把 菜刀 吗 如果 没有 这个 菜刀 人们 当时 的 想法 也 会 用 有 石头 绳子 甚至 人 本身 的 拳头 去 行凶 当然 并 不 否认 菜刀 的 存在 加速 了 这 一 行凶 过程 他 在 行善 的 人 手里 可以 是 帮助 人们 快速 切菜 的 帮手 他 在 行恶 的 人 手里 可以 是 行凶 的 凶器 这 也 正 说明 了 菜刀 本身 是 没有 善恶 不会 说 在 切菜 的 时候 就 滞钝 在 切人 的 时候 就 锋利 它 是 一个 中性 的 存在 就是说 不管 你 是 行善 还是 行恶 他 就是 这么 锋利
100633899520,回复 : 钱 也 是 如此 如果 强行 说 是 万恶之源 行恶 的 根源 也 只能 算是 不愿 承认错误 看清 自己 蒙蔽 自己 双眼 的 遮羞布 我 认为 社会 是 认同 这一 观点 的 所以 每当 惩罚 恶时 不会 说 去 把 凶器 给 摧毁 了 而是 去 处罚 具体 的 人 所以 钱 不是 万恶之源
100484381664,我开 弹幕 真的 气 的 吐血 不要 神话 武汉大学 OK 武汉大学 一辩 不 抢 定义 被 反方 开宗明义 二辩 袁丁 抢 定义 不太 成功 博古通今 被 陈锦添 一句 话 打包带 走 余磊 决赛 表现 很 不好 只顾 说 俏皮话 回避 概念 不 解决问题 典型 的 赢 的 面子 输 的 里子 这 不 影响 我 喜欢 他 ! 不 影响 他 之前 很强 四辩 周玄毅 是 正方 唯一 占优势 的 但 太晚 了 我 真的 想 把 弹幕 那些 煞笔 扇十 巴掌
103728711936,你 也 是 个 普通话 都 说 不 明白 的 逆天
100479216688,辩论 真是 个 双方 共 赢 的 事 既 能 展现 自己 当前 各 方面 的 能力 水平 又 能 从 对 立方 的 攻击 中 知道 自己 的 逻辑思维 漏洞 还 可以 扩展 知识面 锻炼 口才 和 临场发挥 能力 到 了 大学 如果 有 机会 我 也 要 参加 辩论赛 虽然 现在 我 连 上台演讲 都 会 腿 抖 的 跟 筛子 一样 但 人 总是 要 有 梦想 的 先 在 这 插个 flag
100487108128,我大一 以前 不敢 上台 什么 的 现在 真的 体会 到 打 辩论 的 乐趣
100027422000,我 完 了 在 我 还 没 理解 人家 的话 的 时候 下 一个 人 就 开始 发言 了
99951236992,"对 的 "" 万恶之源 "" 这 四个 字 重点 在 "" 源 "" 而 不是 "" 万 "" 但是 这样的话 正方 真的 太难 打 了 hhh 所以 才 一直 强调 "" 万 """
99778889216,正方 要 阐述 钱 一定 是 万恶 的 而 反方 只 需 阐述 一件 钱 不是 万恶 的 就 可以 了
99778766400,反方 就 四辩 挺 厉害 的 前三辩 完全 不 在 点 上
100487386640,大哥 不 懂 辩论 就别 乱说 我开 弹幕 真的 气 的 吐血 不要 神话 武汉大学 OK 武汉大学 一辩 不 抢 定义 被 反方 开宗明义 二辩 袁丁 抢 定义 不太 成功 博古通今 被 陈锦添 一句 话 打包带 走 余磊 决赛 表现 很 不好 只顾 说 俏皮话 回避 概念 不 解决问题 典型 的 赢 的 面子 输 的 里子 这 不 影响 我 喜欢 他 ! 不 影响 他 之前 很强 四辩 周玄毅 是 正方 唯一 占优势 的 但 太晚 了 我 真的 想 把 弹幕 那些 煞笔 扇十 巴掌
99778816160,感觉 正方 更好 吧
100487322736,不要 神话 武汉大学 OK 武汉大学 一辩 不 抢 定义 被 反方 开宗明义 二辩 袁丁 抢 定义 不太 成功 博古通今 被 陈锦添 一句 话 打包带 走 余磊 决赛 表现 很 不好 只顾 说 俏皮话 回避 概念 不 解决问题 典型 的 赢 的 面子 输 的 里子 这 不 影响 我 喜欢 他 ! 不 影响 他 之前 很强 四辩 周玄毅 是 正方 唯一 占优势 的 但 太晚 了 我 真的 想 把 弹幕 那些 煞笔 扇十 巴掌
99113490752,原谅 我 只能 说 一句 额厉
98924305632,感觉 有 一些 弹幕 就是 想 搞 国家 对立 在 结尾 颁奖 的 时候 很多 人 说 支持 反方 就 有 一些 弹幕 刷 这么 喜欢 那 你 去 马来亚 啊 hello 你们 怎么 这么 狭隘 啊 别 来看 辩论 了 这种 人 一看 就 知道 了 反方 的 题目 更 有利 反方 也 厉害 所以 没什么 好 说 的
98616267312,反方 四辩 总结 听 着 好 舒服 逻辑 感好 强 正方 个个 都 好 有 文采 语气 节奏 也好 喜欢
98383719936,感谢 分享 赞
97992436624,偷偷 告诉 你们 我 是 穿越 来 的 哦 我 是 2022 年 的
97535463152,每次 看到 辩题 我 的 大脑 就 会 自动 选择 一方 所以 当 他们 开始 辩论 时 我 就 会 赞同 我 的 心中 选择 的 那 一方 反驳 我 心中 的 对 立方 导致 我 的 反方 一 开始 说话 我 就 开始 反驳 他们
97260366176,我 是 来 找 骂 的 我 认为 这个 论题 本身 就 有 问题 善恶 本身 就是 定义 模糊 的 两个 概念 我 以为 把 善 和 恶 放在 辩论 中是 不 严谨 的
97702246640,看顶 置 不是 求 结果 而是 求 问答
97186338480,2022 年 1 月 2 日
97165688352,看 了 弹幕 感觉 辩论 还 需要 更加 广泛 的 推广 才行
96837191904,物是人非 啊 周玄毅 今年 已经 被 锤 了
97121603024,啊 啥事 啊
96720630976,我 也 发表 一下 自己 的 看法 我 支持 反方 钱 确实 不是 万恶之源 钱 就是 一把 双刃剑 可以 用来 行善 可以 用来 作恶 这 都 是 人 控制 的 毕竟 钱 就是 一个 死物 万恶之源 只是 人心 的 贪婪 然后 想一想 即使 是 人 贪钱 难道 真的 只是 贪 的 真的 只是 那 一摞 摞 废纸 吗 应该 是 他 背后 的 东西 把 比如 钱换 不来 的 色情 毒品 权利 等等 说到底 钱 只是 一个 工具 而 驱动 这个 工具 的 永远 是 人 的 心 如果 有 一天 钱 不 存在 回到 一个 食物 匮乏 的 年代 我 相信 会 有人 只是 因为 一口 饭 铤而走险 如果 要 你 沙掉 一个 人才 能 得到 心爱 的 女人 我 相信 也 会 有 很多 人 铤而走险 钱 只是 兑换 这些 的 工具
99606941680,钱 是 双刃剑 这个 属于 绝对 正确 的 废话 正反 双方 都 不能 说
99682373680,回复 : 为什么 万恶之源 不 就是 代表 钱 是 恶 的 源头 吗 我 的 观点 是 这个 世界 上恶 和善 的 源头 永远 在 在于 人心 钱 就 像 刀 一样 可以 用来 杀人 可以 用来 切菜 而且 还 能 救人 如果 一个 人 杀人 了 你 会 说 刀 是 罪恶 的 源头 吗 要 追究 的 永远 是 使用者 的 问题 因为 他们 的 心术不正 内心 的 恶 在 驱使 他们 这么 去 做
99682677216,回复 : 可以 交流 下 就 相当于 咱俩 的 辩论赛
96484326304,确实 是 经典 现在 的 辩论 都 是 啥 啊 差距 太大 了
96960320304,? ? ? 今年 新国辩 和 世界杯 的 辩题 都 不差 吧
100487354944,回复 : 比赛 形式 没有 旧国 辩 好看
96388400512,确实 从 万 出发 不是 不可 但 绝不 是 最佳 策略 从 钱 入手 将 钱 拓宽 成 利益 正方 把握 会 大得多
96270469008,我 觉得 不是 万恶之源
96134620640,这个 辩题 只是 看似 对 正方 有利
96134518224,钱 可以 是 恶之源 但 绝不 是 万恶之源
96268820176,我 也 觉得
95975959552,虽然 最后 马来亚 赢 了 但 我 更 喜欢 武汉大学 哈哈哈 感觉 像 听 演讲 一样 文采 和 台风 很爽 哈哈哈
95953072672,这 辩论 时间 好少 啊 看 得 不 过瘾
95807877920,看 这场 比赛 涨 知识 看 下面 的 评论 也 受益匪浅 厉害 了 各位 大佬
95805223488,辩论赛 看 的 根本 就 不是 哪边 能 把 哪边 驳倒 好 吗
95804707568,这是 辩论赛 诶 你们 的 注意力 怎么 全在 主持人 的 发音 上
95744102672,52 人 你们好
95630123424,2021 了 周玄毅 用 他 的 行动 证明 钱 是 万恶之源
95513374416,我 觉得 他们 吵 了 半天 拳头 都 没 砸 到 位置 西交要 围绕 金钱 的 工具 属性 展开 论述 武大 要说 万是 多 还有 就是 金钱 的 本质 以及 人性 的 异化 武大 的 要 讲 辩证法 西交 的 要 拆 集合论 但是 两者 都 没 打 起来 真的 是 优秀 的 匹配 机制 啊 我 感觉 这 俩 队伍 放 2020 人大 要 被 吊起来 杀
100487636112,马来亚 吧 西交是 1999 年 的 好像
95448505696,看 了 评论 区 的 很多 发言 我试 着 简单 总结 了 一下 反方 天然 具有 逻辑 优势 所以 在 比赛 流程 制定 上 偏向 正方 比如 可以 先 手 立论 界定 范围 以及 后手 结辩 打 价值 牌 正方 必须 充分 地 发挥 流程 优势 才能 弥补 逻辑 的 劣势 层主说 的 立论 很 好 钱会 诱导 绝大多数 的 严重 的 恶 即 犯罪 并 强调 万恶之源 的 万 不 表示 一切 万恶之源 本身 并不一定 是 恶 而 这点 武汉大学 队 不是 做 得 不够 好 而是 完全 没 做 他们 的 立论 不足以 为 后续 的 猛烈 交锋 提供 足够 的 支撑 浪费 了 先手 优势 而 在 结辩 上 甚至 是 8 名 辩论 员 的 表现 上 都 可以 看出 武汉大学 队 的 语言 气势 都 优于 马来亚 大学队 如同 撼动 人心 的 演讲 但是 反方 四辩 层层 推进 详细 且 清晰 逻辑 缜密 的 剖析 总结 在 8 人中 简直 是 独居 一档 即使 语言 上 不算 尽善尽美 但是 逻辑 上 赢 了 太 多 这 不是 辩题 送 他 的 优势 而是 他 自己 在 有限 的 时间 内 打 出来 的 优势 正方 结辩 固然 气势磅礴 语言 碾压 但 在 内核 上 已经 分出 高下 打分 的 是 内行 的 评委 而 不是 观众 不会 被 这些 误导 正方 立论 失误 和 反方 结辩 的 出色 逻辑 是 决定 这场 比赛 胜负 的 关键
95448947648,最佳 辩手 给 了 余磊 应该 是 考虑 到 他 全场 最强 的 临场 应对 水平 在 开局 劣势 的 情况 下 支撑 起 了 中段 不 崩盘 属于 SVP 了 反方 四辩 的 结辩 那段 话 应该 是 全场 最佳 发言 我 注意 到 简介 里 介绍 胡渐 彪 的 结辩 也 是 十大 精彩 结辩 之首 确实 实至名归 现场 很难 做 得 更好 了 只能 说 开局 劣势 的 情况 下 正方 三四 辨想用 自己 的 办法 努力 翻盘 但 不是 难 挽 狂澜 就是 不 奏效 最终 被 胡渐 彪 这个 大 boss 彻底 杀死 比赛 既有 自己 没 做好 的 地方 也 有 对手 发挥 出色 的 地方 输得 不 冤
95449089824,颁发 纪念品 和 参赛 证书 好 赶 啊 而且 只有 中间 几个 队 的 代表 接过 物品 后 有 向 颁奖 嘉宾 致意 的 其他 队 都 是 立马 转向 观众席 致意 然后 离开 没多 看 颁奖 嘉宾 一眼 有点 尴尬
100487693072,回复 : 我开 弹幕 真的 气 的 吐血 不要 神话 武汉大学 OK 武汉大学 一辩 不 抢 定义 被 反方 开宗明义 二辩 袁丁 抢 定义 不太 成功 博古通今 被 陈锦添 一句 话 打包带 走 余磊 决赛 表现 很 不好 只顾 说 俏皮话 回避 概念 不 解决问题 典型 的 赢 的 面子 输 的 里子 这 不 影响 我 喜欢 他 ! 不 影响 他 之前 很强 四辩 周玄毅 是 正方 唯一 占优势 的 但 太晚 了 我 真的 想 把 弹幕 那些 煞笔 扇十 巴掌
95412147488,感觉 正方 女方 选手 完全 没法 说 了 而且 绝对性 的 例子 偏颇 太 大
100487668464,没有 剪 了 很多
95408266128,反方 辩手 逻辑 很 不错
95258096896,希望 UP 主 可以 在 置顶 评论 中 解释一下 大专 的 含义 这里 的 大专 是 指 大学生 专业 的 意思 这个 大赛 的 全称 是 国际 大学生 专业 辩论赛 不是 什么 大学专科 的 意思 参赛选手 全都 是 本科生 和 研究生 没有 专科生
95229404976,辩论 的 意义 在于 使 类别 分明 不相 侵害 使 道理 清楚 不相 紊乱 提出 原则 显示 它 的 目的 何在 要 大家 一目了然 免得 迷失 胜利 的 一方 不 失去 他 的 主见 失败 的 一方 能 得到 他 所 追求 的 真理 在 这种 情形 下 才 是 有 意义 的 辩论 但 对于 这种 辩论 比赛 却 并 不 适用 因为 论点 是 抽签 决定 预设 的 且 不能 改变 为了 辩论 而 辩论 这种 就 需要 用 锋利 的 言辞 名词 定义 之类 词汇 的 堆积 和 华丽 抽象 的 理论 或者 引用 灵巧 的 譬喻 转移 方向 引导 别人 堕入 预设 的 五花 阵里 说 所 需要 的 就是 诡辩 的 技巧 和 白马非马 一样 的 技巧
95110610432,接下来 请 大家 欣赏 沙哒 哒 的 花开 猴耶耶
95089172400,其实 只有 对 知识 本身 的 理解 足够 深 通过 大量 的 实例 才能 侃侃而谈 你 要是 让 人 背 出来 那 他 就是 名副其实 的 天才 只不过 我 还 没见 过
95022959088,这 备战 时候 得 相当 充分 了
94787514544,作为 打 辩论 的 人 想要 说 一句 不能 理解 为什么 许多 人 为什么 站 在 现在 的 视角 还 认为 应该 正方 赢 还有 一些 人 认为 正方 只是 输在 了结 辩 没有 结辩 的 内容 正方 基本上 是 全程 诡辩 前面 的 一二三 辩 可以 说 是 全面 落败 反而 是 最后 周玄毅 提出 了 真正 的 点 万恶之源 不 一定 就是 恶 万恶之源 同时 也 可以 是 万善 之源 这场 正方 唯一 有 价值 的 内容 输出 就 来自 于 他们 的 结辩 前面 的 看似 气势 很足 然而 袁丁余磊 实际上 一直 都 在 说 一些 所谓 的 漂亮话 在 逻辑 上 根本 站不住脚 当然 我 只是 针对 当今 依旧 认为 这场 比赛 评判 不公 的 人 而言 的 对于 这 几位 辩论 界 的 大神 级别 的 人物 我 没有 丝毫 不敬 站 在 他们 的 那个 时代 他们 就是 最 顶尖 的 华语 辩手 这 毋庸置疑 我 只是 觉得 现代人 的 思维 不能 也 一样 局限于 20 多年 前 罢了
100487859840,我开 弹幕 真的 气 的 吐血 不要 神话 武汉大学 OK 武汉大学 一辩 不 抢 定义 被 反方 开宗明义 二辩 袁丁 抢 定义 不太 成功 博古通今 被 陈锦添 一句 话 打包带 走 余磊 决赛 表现 很 不好 只顾 说 俏皮话 回避 概念 不 解决问题 典型 的 赢 的 面子 输 的 里子 这 不 影响 我 喜欢 他 ! 不 影响 他 之前 很强 四辩 周玄毅 是 正方 唯一 占优势 的 但 太晚 了 我 真的 想 把 弹幕 那些 煞笔 扇十 巴掌
94391726224,不 知道 什么 时候 才 有人 能 看到 这个 问题 我 想 知道 人 和 机器 有 什么 不同
98615919648,人 有意识 机器 没有
94280959568,真的 之前 几场 比赛 我 还 能 找出 对方 的 漏洞 今天 这场 真的 难以 找出 漏洞 只能 说 进入 决赛 的 都 不是 泛泛之辈 了
94280162032,作为 一个 辩论 小白弱 弱 的 问 一下 什么 是 推论 啊
94048563136,辩题 对 反方 更 有 优势 正方 的 文采 真的 很 优秀 各有 各 的 厉害 之处 很 精彩 的 辩论赛
94042025184,有 弹幕 说 反方 黄暴 可是 辩论 有 对 己方 有利 的 观点 就 应该 一直 强调 对面 就算 认可 你 的 观点 他 也 不 可能 在 辩论赛 上 同意 你 要 做 的 就是 让 评委 理解 并 同意 你方 的 观点 本来 反驳 钱 是 万恶之源 用 性犯罪 就 很 有效 当然 要 一直 强调 同时 正方 说 我 发现 对方 一直 在 拿 性侵犯 说事 这 也 不是 什么 官方 吐槽 这 是 辩论 场上 非常 常见 的话 术
93909095072,人才 是 万恶之源 没有 人 就 没有 恶
93957195200,人 的 起始 也 只是 动物 如果 动物 也 是 恶 那 其他 猫 吃 鼠 也 是 恶 了 自我意识 才 是 恶 智慧 才 是 恶
93896615552,钱 是 工具 不是 目的
93861955440,三辩本 以为 能够 简简单单 划水 没想到 攻辩 环节 我 总结 一带 三个 小白 于是乎 我来 复习 了
93841605408,他们 整体 上 其实 已经 不算 是 辩论 因为 万 这个 字 本身 就是 一个 bug 其实 只要 辩证 万是 全部 还是 大部分 就 已经 可以 了 就 好比 左方 极力 拒绝 说 万 是 全部 的 意思 这是 为什么 呢 只要 万 代表 了 全部 右方 就 可以 举例 说 在 古代 没有 权钱交易 的 时候 为什么 智 人 还要 去 杀戮 呢 为了 的 是 更 多 的 生存空间 可 资源 而 不是 金钱 如果 万 代表 大部分 那么 右方 完败 因为 其他 的 例子 可以 不 参与 只要 说明 大部分 的 金钱 例子 就 可以 了 其实 说到底 选择 的 大部分 问题 其实 都 源于 金钱 但 古代 或者 贫困山区 没太多 钱权 交易 的 地方 那 就 不 一定 了 只能 说 环境 造就 情况 右方 只要 多 举例 没有 权钱交易 的 地方 或 年代 就行了 而 左方 可以 说 只要 极力 反对 万是 全部 如果 成功 那 他 就 赢 了
93957396240,反方 获胜 的 关键在于 证明 欲望 是 万恶之源 钱 欲望
95119049952,万 原文 就是 all
93821448624,BV1NZ4y197cV
93816406432,我们 学校 下周 要 整个 辩论赛 作为 三辩 的 我 来 学习 学习
93768942192,打卡 真的 好 厉害 说 一次 说服 我 一次
93747918624,为什么 正常 评论 会 被 删除
93731545744,双方 对于 万 的 定义 不 一样 反方 认为 是 一切 正方 认为 是 极 多 的 ; 我 一 开始 对于 万 的 定义 是 一切 但 非常 有意思 你们 只用 其中 一种 去 解释 钱 不是 万能 的 但 没有 钱 是 万万不能 的 是 解释 不通 的 但 如果 两者 结合 起来 就 行得通 了 钱 不是 一切 情况 下 通行 的 但 没有 钱 在 极 多 情况 下 是 行不通 的 双方 说 的 都 是 对 的
93732131024,然后 针对 提出 的 小偷 抢钱 偷窃 小偷 为什么 偷东西 呢 因为 他 要 偷钱 去 买 东西 买 衣服 治病 但 如果 不用 钱 就 有人 送 他 东西 吃 送 衣服 穿 无偿 治病 那 小偷 还会 去 抢钱 犯法 作恶 吗 不会 了 ; 钱 就 在 那 小偷 都 不 偷 不 抢 了 这种 情况 下 的 钱 无恶 无 任何 性质 ; 那钱 还是 万恶之源 吗 是因为 万是 极 多 的 意思 凡是 能 列举 出来 跟 钱 无关 的 恶算 在 少数 情况 里
93957583728,回复 : 我来 辩 如果 小偷 吃喝 不愁 那 就 不 偷钱 了 那么 说明 促使 小 偷偷 钱 的 就是 小偷 的 贪懒 欲望 欲望 才 是 万恶之源 钱 只是 欲望 的 一个 具体 表象
93724130816,这是 即兴 的 辩论 吗 反应 真的 好快 有些 点 一下子 就 能 找到 反驳 点 都 不用 怎么 停顿 钱 是 人 创造 的 钱 的 本质 就是 资源 而已 钱 没 办法 换算 成 资源 的 时候 就 只是 一张 纸 罢了 钱 只是 工具 钱 产生 不了 恶 产生 恶 的 是 人 的 贪念 还有 一点 就是 钱 让 不 合法 的 的 变为 合法 不是 钱 将 不 合法 的 变为 合法 而是 人 用钱 把 不 合法 的 变为 合法 人 是 主导者 钱 只是 资源 的 换算 物 而已 啦 这个 论题 正方 天然 劣势 不过 我 怎么 感觉 反方 也 没有 抓住 重点 一样 反方 三辩 说 的 正是 我 想 的
93714644720,感觉 都 对 好 厉害 ( )
93711702976,不管怎么 说 现在 犯罪 的 绝大多数 原因 还是 因为 钱
93709027584,第一 反应 钱 不是 万恶之源 人性 才 是 万恶之源 正方 不 可能 赢 啊
98616061776,我 第一 反应 也 是 这个 万
93707103472,本来 专门 过来 搜 搜看 评论 区有 什么 见解 的 结果
93683567824,现在 回来 我 忽然 感觉 也许 辩论 才 是 网络 交流 的 最佳 方式
93676498560,我 不 理解 为什么 要 在 弹幕 上 说 反方 辩手 的 辩论 色情 正反方 所 举出 的 例子 都 是 为了 更好 的 论证 反复 提出 只是 因为 这个 例子 在 辩论 的 过程 中 的 代表性 更大 正方 和 反方 所 举出 的 例子 本质 上 是 一样 的 都 是 犯罪 为什么 要 主观 的 认为 其中 一方 更加 低劣 呢 更有甚者 把 辩手 辩论 的 论据 作为 攻击 他人 的 根据 这样 真的 好 吗
93645859216,别说 了 我 才 是 万恶之源
5852810229,反方 一辩 发言 多少 带 点儿 个人 感情 哈哈哈哈 哈哈哈哈 哈哈哈 哈哈哈
93498463504,反辩 3 我 心中 的 mvp
93496740256,2021 年 了 我 来 看看
93365334736,看 之前 没想 过 弹幕 会 这么 好笑 哈哈哈哈 哈哈哈
93322931680,请问 辩论赛 都 能 在 哪 看 有 直播 或是 合集 之类 的 吗 谢谢
5832334256,卧槽 太牛 了
5821442267,诶 奇怪 了 6 级 号 一个 没 看见 倒 是 看见 一群 2 级 3 级 的 在 指指点点 谁 告诉 你 辩论赛 的 核心 是 说服 对方 你 上 辩论赛 难道 是 去 给 对手 送 白旗 的 吗
5808545154,以前 高三 晚自习 一个班 一起 看 的 自己 看 没 那味 了
96069282336,我们 也 是 写作文 老师 带 我们 看 的
5807753567,真棒 我 大为 震撼
5799106272,反方 四辩 看 的 时候 就 惊艳 了 发言 精辟 信息量 大 总结 到位
114468551456,&# 34 ; 神 一样 的 四辩 &# 34 ; 胡渐 彪
5795402270,正方 一辩 的 手势 看着 很 尴尬
5788621165,正方 论点 错 了 可以 这么 辩 万恶之源 不是 恶 所以 钱 是 万恶之源 但 不 等于 钱 是 恶二钱 能 导出 善 但是 钱 也 是 万恶之源 钱 是 源头 人 的 行为 决定 了 结果 所以 钱 是 万恶之源 也 是 善 之本
5780375484,正当 四辩 最后 的 总结 差 反方 太远 词藻 堆不出 逻辑
95119396208,正方 四辩 提出 万恶之源 未必 是 恶算 勉强 扳回 一点 前面 有效 输出 很少
5780292918,他 都 说 万 不是 一切 了 还 能 怎么办
5779982773,这种 命题 还 去 辩 啊 真理 就是 钱 不是 万恶之源 人 欲望 的 无限 才 是 万恶之源 从 资源 为什么 稀缺 的 定义 中 我们 就 能 得到 答案
5776568073,这 是 我 看 辩论赛 的 第一个 视频 开头 已 是 巅峰 很难 再 看 的 下去 其他 辩论赛 了
5772035462,2021 大学生 前来 瞻仰 前辈
5766808456,给 我 看 傻 了 都 从来 没见 过
5764941712,反方 败 的 一塌糊涂
5763388956,钱 不是 万恶之源 但是 钱 是 万恶
93957952016,钱 是 万恶之源 但 钱 不是 恶
5759972559,心疼 一辩 姐姐
5733906387,请问 这个 用 的 是 什么 赛制 呀 各位 大佬 们
5722785626,即将 去 武汉大学 的 马来西亚人 来 看看
5721176586,20 年 了
5715952436,个人感觉 正方 更好 鸭 当然 反方 也 很 出色
5714565301,这 有点像 鸡蛋 啊
5709896679,真的 太精彩 了 我 谁 都 无法 反驳 但 他们 却 讲 的 有来有往
5701998452,这个 辩论 其实 是 有 优势 方 的 就是 反方 钱 不是 万恶之源 从 感情 色彩 来看 钱 是 中性词 万恶之源 是 贬义词 加 不是 很 符合 这 一点 那 什么 是 万恶之源 人 的 恶念 压过 善念 才 是 万恶之源 所以 正常 来讲 一般 情况 下高赞 评论 说 的 很 好辩 题 你 占优势 方 正常 发挥 你 能 赢 这 在 兵法 中 叫 以 正合 辩题 你 占 劣势 方要 出奇制胜 打个 措手不及 也 能 赢 这 在 兵法 中 叫 以 奇胜 同时 辩题 按照 内容 来 划分 可以 分为 价值观 性辩题 多数 很 容易 分 优势 辩题 方 政策性 辩题 这个 优势 方比 价值观 优势 方占 的 优势 更大 比如 我 呆 过 的 辩论 队 打过 我国 应不应该 支持 全面 禁烟 我们 反方 再 结合 当下 政策 结果 也 是 我们 赢 理科 知识 我见 过 的 生物 比较 多 这个 一般 很 有 看头 因为 优劣势 方 根本 不 明显 至于 数理化 辩题 哈哈哈哈 清华北大 大学生 也 玩儿不转 那 是 科学家 们 的 争论 哈哈
5691865103,正方 反方 都 在 秀 只有 日本 在 挨揍
5795794243,说出 这种 话 我可以 理解 成 你 实在 同情 日本 吗
5808092379,回复 : 正常人 都 理解 不 出来 同情 吧 这 分明 是 嘲笑 啊
5691026479,真 可惜 我们 学校 没有 辩论赛
5686675401,有个 地方 不 明白 求 大神 解惑 为什么 反方 的 问题 交易 是 交易 人 还是 交易 钱 正方 回避 了
5688250750,辩论 一般 这种 太 过于 绝对 的 题 一般 都 会 找 一个 反例 来辩 如果 是 交易 人 人 就是 一个 恶之源 这 就 和 自己 的 辩题 矛盾 了
5673774278,好强 啊 这 就是 大佬 们 吗
5671635460,"万恶 的确 各种各样 像 反方 所说 贪婪 兽性 但 不可否认 钱 的确 是 引起 产生 的 主要 源头 古代 近代 现代 历史 事件 都 可以 像 我们 证明 , 钱 贯穿 了 人 的 一生 钱 怎能不 引诱 出恶 呢"
5663280940,辩 通变 会变 就 能 辩 前提 是 要 有 足够 的 论据 储备
5658668938,"我 一天 也 没 干过 但 我 就是 懂 """
5658668813,以前 的 万恶之源 还是 万恶之源
5654677493,2020 网课 时候 看 的 怀念
5654045623,我 其实 是 比较 倾向 于 钱 是 万恶之源 这个 说法 的 首先 我们 要 先 把 问题 处理 一下 钱 是 物质 这 东西 涵盖 的 范围 很广 货币 金银财宝 有 价之物 从 物质 到 人 确实 产生 了 很多 问题 这 其实 是 论证 了 恶 的 存在 有 物质 就 会 有 恶人 性 如此 那么 恶 的 对象 是 人 和 人性 钱 确实 能 引发 人性 的 丑恶 恶 却 不是 人能 完全 控制 的 存在 当人 无法控制 那 问题 就是 钱 的 锅 说 恶 无法控制 的 依据 很 简单 只要 去 骂人 被 骂 的 就 会 生气 恶由 心生 后面 的 争论 其实 就是 怎么 平衡 钱 和 人 的 关系 正方 认为 我们 要 解决 钱 所 带来 的 问题 强调 精神 富裕 削弱 物质 生活 在理 反方 认为 我们 要 解决 人性 的 问题 如果 你 是 个 土豪 那么 不是 钱 的 问题 而是 人 的 问题 我们 首先 要 解决 人性 问题 也 在 理 最终 谁 获胜 取决于 各方 的 口才 对 问题 的 独特 见解 提出 有 创造性 的 解决办法 说 简单 点 就是 合理性 所谓 的 合理性 它 不 一定 全对 但是 它 所处 的 时空 它 就是 对 的 所谓 的 合理性 我们 举个 例子 我们 对外贸易 我们 依据 的 是 法律 而 对内 贸易 不但 要 讲 法律 还要 讲道理 讲 诚信 讲 人品 也就是说 法律 在 不同 的 立场 作用 不 一样 合理性 就 不 一样 以 我们 中国 人 的 智商 法律 就是 个 弟弟 比如说 开车 撞死人 开 玛莎拉蒂 撞死人 是 无期 开 普通 轿车 撞死人 就是 死刑 同样 是 人间 惨剧 结果 却 不 一样 这 就是 法律 很 有意思 是 吧 这 就 叫 合理性 有钱 其实 也 是 一种 合理性 有权 也 是 一种 合理性 在 不同 场合 有 不同 的 作用 如果 给 的 钱够 多 受害者 接受 和平解决
5649322603,高二 语文 老师 让 看 的 没想到 大学 我 也 要 上台 打 辩论 了 来 学习 大神
5643082512,看 辩论 的 时候 从来 不敢 开 弹幕 看到 有些 无脑 弹幕 一 整个 心情 不好 了
5637827763,辩论 课 看过
5629095380,我 是 班长 我 带头 当 辩手
5625080465,贪财 是 万恶 之根
5622687025,打 辩论 输 了 过来 康康
5621707092,其实 可惜 把 眼睛 闭上 你 会 发现 还 听懂 的 你们 可以 试试
5607656754,我 想 问 一下 在座 的 各位 表白 被 拒 更 痛苦 和 暗恋 无果 更 痛苦 我 是 反方 暗恋 无果 更 痛苦 我们 应该 从 哪 方面 入手 啊
5627926412,心理 和 结果 吧 B 站 不怎么 登加 我 V19970781685 说 吧
5701846153,我 觉得 其实 优势 在 反方 你们 需要 明确 一点 表白 被 拒 是 知道 了 对方 不 喜欢 你 至少 清楚 明白 暗恋 无果 暗恋 的 解读 方式 比 表白 多 的 不 公开 的 也 就 不 明白 这种 不 明白 更 痛苦 大胆 猜想 一下 你们 最后 会 打 到 一个点 就是 怎样 定义 表白 和 暗恋 表白 指 公开 双方 都 知道 甚至 除了 双方 还有 其他人 知道 暗恋 可以 指 双方 一方 知道 一方 不 知道 或者 双方 都 知道 一点点 双向 暗恋 最后 却 没成 不是 更 痛苦 所以 我 觉得 反方 优势 还 挺 大 的 当然 可能 我 评论 的 时候 你们 辩论赛 已经 打 完 了 哈哈哈
5795818284,回复 : 可以 帮忙 分析 一下 我们 的 吗 舆情 反转 事件 的 大量 出现 是 or 不是 舆情 环境 恶化 的 体现 谢谢 你 啦 两三分钟 就 好 如果 不想 也 没关系 的
5852920050,回复 : 这个 在我看来 就要 说 到 大众 是 愚蠢 的 还是 明智 的 了 到底 是 随波逐流 还是 众人皆醉 我 独醒 照 我 这个 说法 你们 可能 到 最后 会 变成 人 到底 是不是 大众 生物 的 辩论 当然 也 可以 说 到 是否 背后 有人 推波助澜 就是说 一下 自己 的 观点 我 也 没 参与 过 辩论
213963430736,回复 : 我 准备 打 啦 快 指点 一下
5594384596,太牛批 了 看 完 更 不敢 报 学院 的 辩论 队 了 感觉 我 海选 就 会 被 刷下来
5594361537,辩论 练习 我 后悔 了
5593601876,想起 了 中 考前 大家 一起 看 的 大专 辩论赛 真是 美好 的 回忆
5592729146,如果说 万是 一切 那 我 给 你 一万 那 便是 一切 了
93958674368,一万 的 万 是 数词 万是 一切 是 形容词 大千世界 难道 整个 世界 只有 一千个 东西 你 这 逻辑 混淆 的 有点 过分 了
98083156352,回复 : 在 以前 万是 多 到 数不胜数 可以 代表人 所知 的 一切 了 但是 近代 万早 已经 不够 用 了 以前 的 好多 成语 拿到 现在 都 要 改相较 而言 众才 是 形容 一切 的 形容词 你 的 守旧派 观点 要 改
5591965796,15.18
5589504775,我们 老师 在 课上 放 的
5588806528,太牛 了 太 牛 了
5584340504,想要 补充 一些 东西 现实 物欲横流 因此 常需 独立思考 但是 真正 做到 有效 的 独立思考 要 积累 寻溯 于 思维 逻辑 的 不断 发展 和 充实 而 辩论 则 是 锻练 于 此 极为 有效 的 一种 方式 正反两方 一分为二 思辨 全面 立场 不同 不断深入 看 辩论 思而 学学 而思 丰富 自身 逻辑 体系 与 思维 的 深度 与 广度 化为 己用 新
5575264831,太牛 了 太 牛 了 这里 的 人 任何 的 人 吊打 我 都 是 轻轻松松 太牛 了
5572920334,今天 看 了 这个 讲 真的 我 觉得 这个 辩题 正方 能 辩成 这样 真的 很 牛 反方 比 起来 我 个人感觉 稍逊一筹 了 看到 有人 吹 反方 的 逻辑 正方 确实 词藻 过于 华丽 在 辩论 的 时候 有些 多余 显得 累赘 了 一 开始 确实 也 觉得 反方 会 赢 但是 正方 三辩 一 出来 局势 我 觉得 瞬间 逆转 了 这个 mvp 理所当然 但是 反方 对于 正方 举 的 例子 以及 提出 的 问题 确实 也 很少 正面 回应 尤其 是 后面 部分 逻辑 其实 也 没 那么 好 ( 个人感觉 ) 比如 举 的 家暴 和 强奸 的 例子 其实 我 个人感觉 正方 可以 用 家暴 原因 职场 失意 强奸 原因 欲望 难以 满足 来 引到 金钱 是 根本 以及 对于 反方 说 的 金钱 用于 行善 事 就 不是 万恶之源 我 个人 表示 emm 毕竟 万恶之源 和 用 其 行善 并 不 冲突 这场 辩论 吧 感觉 双方 都 没有 就 关键问题 进行 一些 讨论 比如 反方 直接 将 金钱 是 万恶之源 等同于 金钱 本身 是 罪恶 的 我 就 非常 不能 理解 了 因为 一个 东西 可以 引起 恶行 跟 那个 东西 本身 的 性质 是 两回事 辩题 的 关键在于 源 金钱 是不是 万恶之源 而 不是 金钱 是不是 恶 所以 我 个人 还是 觉得 正方 更胜一筹
5572942864,尤其 是 双方 把 重点 全部 放在 了 万上 一直 从头到尾 都 在 辩 这个 问题 但是 其实 辩论 的 重点 我 个人 认为 还 应该 放在 源上 比较 好 说
114468752720,当年 马大 这 一场 比赛 直接 踢开 了 现代 辩论 竞技 的 大门 大陆 辩论 队 由此 开始 注重 逻辑 今日 回头 再 看 这场 比赛结果 绝对 是 实至名归 0910 两届 的 马大 比赛 我 都 有 看 确实 是 侵略 如火动 如 雷霆
5568618669,很 佩服 所有人 知识 的 渊博 但是 更 喜欢 正方 23 辩 与 反方 3 辩
5562777867,重点 万恶之源 恶
5560917578,这个 辩题 对 正方 是 不 公平 的 非常 难 打
5558031183,真的 非常 非常 生气 非常 非常 不 赞同 这个 评判 结果 需要 指出 的 是 一 反方 一辩 二辩 三辩 多次 嘴瓢 不 利索 反观 正方 无论 一辩 二辩 三辩 四辩 除了 偶尔 微小 的 瑕疵 之外 完全 称得上 是 口齿清晰 利索 利落 二 正方 的 论点 本身 并 不 占据 优势 在 这种 情况 下 正方 居然 能够 论至 如此 实属 不易 着实 非常 非常 厉害 这 一点 无可否认 而 反观 反方 在 论点 占据 优势 情况 下 多次 出现 表达 问题 这 难道 不 值得 扣分 吗 最后 一点 这个 辩论 主场 貌似 是 在 国外 吧 2001 年 国内外 局势 如何 懂得 都 懂 再者 就 说 今年 的 日本 奥运会 有 那 味儿 了
95119788928,对方 都 不是 中国 的 大学 的 比 谁 中国 话 说得好 来定 胜负 是 吧 从头到尾 都 是 一句 对方 讲得 不好 是不是 已经 承认 内容 上 正方 输太多 了
114468698848,其实 可以 好好 了解 一下 辩论 武大 只是 文藻 华丽 玩味 文字 马大 却是 时时 紧扣 逻辑 条理清晰 最后 的 结辩 更是 精彩 至极 当年 马大 这 一场 比赛 直接 踢开 了 现代 辩论 竞技 的 大门 大陆 辩论 队 由此 开始 注重 逻辑 今日 回头 再 看 这场 比赛结果 绝对 是 实至名归 0910 两届 的 马大 比赛 我 都 有 看 确实 是 侵略 如火动 如 雷霆
114469033136,至于 这场 比赛 是 由 中央 广播 电视台 和 新加坡 广播局 联合 举办 要 偏 也 是 偏 大陆 不 可能 偏马大别 抱 那么 狭隘 的 国家 观
5552929705,对于 本场 辩论 的 论题 而言 钱 是 人 创造 的 信托 工具 而 善恶 的 评判 在于 人 心中 对于 正义 准绳 的 界定 钱 背后 所 代言 的 信托 信托 系统 不仅 保存 着 人类 的 良知 和 文明 当然 也 寄生 着 人类 的 无知 和 不堪 他 不仅 承载 着 人类 的 进步 和 自律 也 涵容 着 人类 的 落后 与 放纵 他 规训 着 人类 去 奔 向 时代 的 潮头 也 圈禁 着 人类 去 做 既有 制度 的 奴隶 而 善恶 的 区分 在于 对于 人类 对 内心 良知 的 定义 这 属于 对 心灵 活动 的 定义 而 人类 很多 的 心灵 活动 是 情未 所 动感 之 不 生境 之不至 相难生 焉 而 心灵 概念 一旦 被 交流 就要 面临 无法 逾越 的 由 个体差异 所 产生 的 概念 交流 困境 这是 一种 存在 于 人类 信息 交流活动 中 横亘 千年 至今 仍 未 良好 解决 的 困境 甚至 对于 真理 的 定义 也 一定 程度 面临 这个 窘境 故 不 在 此 赘述 武大 对于 钱 是 万恶之源 的 立论 是 合理 的 但是 却 忽视 了 去 揭示 钱 是 如何 成为 万恶之源 的 机理 它 是 如何 一步步 从 中性 的 工具 变为 悬 在 人 头顶 的 正邪 之剑 辩手 根本 就 没有 去 认真对待 这个 在 法理学 上 如此 严肃 的 重大 的 问题 对 真理 的 论证 如果 失去 了 逻辑 与 学术 的 谨严 而 只 追求 场面 的 表演 效果 而 让 真理 被 搁置 让 辩论 活动 的 性质 被 异化 甚至 让 台上台下 的 所有 参与者 都 沉醉于 其中 的 色味 纷繁 而 无人 在乎 正题 的 沉重 此情此景 不 也 正 暗喻 着 主题 中 罪恶 之源 的 某些 线索 吗 正如 孔子 所说 虎 兕 出于 柙 龟玉 毁于 椟 中 是 谁 之 过 与
5552928106,武汉大学 的 文案 确实 很 有 文采 但是 两边 都 像是 为了 某种 任务 而 不择手段 去 完成 的 演员 完全 罔顾 天理良心 他们 也 不在乎 这场 辩论 是不是 讲清楚 了 一个 道理 是不是 通过 双方 从 正反两面 对于 论题 的 论述 使 听众 对于 某个 论题 有个 洞若观火 的 照见 都 放弃 了 作为 一个 大学生 对 真理 的 追逐 的 初心 放弃 了 作为 一个 新 人类 对于 人类 内心 与 历史 的 客观 探寻 与 深刻 反省 的 自持 所有 辩论 的 论题 都 只是 一句 话 而已 显然 无法说明 什么 深刻 的 道理 而 在 论题 冰山一角 的 下面 永恒 真理 的 巨石 却是 恒一 的 辩论 的 双方 只是 代表 了 两种 极端 的 起点 从 两种 切入点 去 剖开 真理 的 内核 而后 共同 走向 辩证 的 统一 但 如果 辩论 者 只是 为了 凸显 自己 单边 论题 的 正确性 只是 把 论题 当做 真理 去 定义 而 一味 寻章摘句 混淆视听 罔顾 真理 之辩 忘记 了 甚至 主动 回避 对 论题 背后 整个 人类 世界 的 反省 与 对 真理 大厦 基石 的 摸索 与 刻画 那么 也 就 真正 被 论题 所 束缚 成 了 辩论 活动 的 奴隶 也 就是 真正 的 在 哗众取宠 赢 了 辩论 的 对方 并 不是 真正 的 胜利 被 对方 指出 不足 也 并 不是 什么 难以启齿 的 失败 恰恰相反 正反 双方 才 是 辩论 中 最大 的 战友 他们 只是 能够 看到 战友 前行 路上 的 盲区 和 投射 在 背后 的 阴影 辩论 双方 并 不是 针锋相对 的 敌对 关系 他们 只是 从 两种 绝对 的 偏见 入手 共同 去 探索 偏见 产生 的 根源 以及 如何 去 解决问题 辩论 活动 之所以 有 存在 的 意义 只是 因为 它 能 有效 帮助 人们 更 接近 真理 辩论 双方 的 设立 并 不是 为了 让 双方 去 内卷 互耗 恶性竞争 并 不是 让 双方 去 利用 自己 所 体悟 到 的 某些 真理 的 吉鸿片 羽来 攻讦 对方 以此 来 标榜 与 增强 自己 所 持 偏见 的 合理性 双方 好比 人 的 两只 脚 辩论 的 主题 好比 人 的 身体 只有 两边 携手 共 进去 探索 真理 才能 走 在 真理 的 大道 上 否则 只能 在 一团 混乱 中 颠三倒四 七摇八晃 要么 就 只能 是 两足 互垒 忘记 前行 而 原地打转 甚至 有些 人 妄图 扭动 出 一出 独脚 的 舞蹈 那 可能 是 艺术 与 美学 走错 了 片场 或者 某些 人 一味 地 追求 独脚 跳高 而 罔顾 另一只 脚 的 前行 节奏 那 真理 也 就 因此 摔得 头破血流 每每 看着 辩论 双方 上来 就 努力 打断 另一只 腿 不得不 让 我 觉得 真是 本末倒置 南辕北辙 正反 双方 共同 的 战友 是 真心 与 真理 共同 的 敌人 是 伪善 与 谎言 所有 的 论题 都 可以 总结 为 概念 关系 的 逻辑 判断 之 对立 但 概念 所指 是 有 本体 层 差异 的 对 概念 进行 逻辑关系 判定 这种 关系 界定 方法 也 是 有 适用范围 的
93724909072,辩论 都 这样 都 是 片面 的 辩论 避重就轻 的 打击 对方 辩论
5549385444,预言家
5549388085,再 来 反方 优势
5539247853,厉害 真不愧是 经典 的 辩论赛 啊 对 逻辑 漏洞 的 攻击 和 对 己方 命题 的 维护 相当 完善 经典 啊
5539167266,辩论赛 其实 是 没有 是非 之分 的 正反 双方 也 是 抽签 决定 的 在 辩论 时 言之成理 且 攻击 对手 逻辑 漏洞 即可 可以 把 正反 双方 当成 一枚 硬币 的 两面 不 存在 非 你 即 我 的 情况
5532110608,我 刚才 特意 查 了 一下 圣经 万恶之源 确实 是 一切 坏事 的 根源 所在 反方 说 的 很 有 道理 但 正方 口才 绝了
5530988501,说 的 好 有 道理 但 为什么 他们 回答 都 要 战术 破音 语调 跌宕起伏
5528573679,耶 突然 发现 周玄毅 在 武大 开 的 课有 辩论 相关 的 可以 去 蹭 啦
5537904674,不是 被 停职 了
5549399738,回复 : 不 知道 这事 我 在 梦想 珈 上查 的
5549420062,室友 刚 说 我 才 知道 我 的 天 原来 是 他
5521214038,说 一 嘴开 黄暴 辩手 玩笑 的 开开 就 过 了 吧 其实 那 几个 例子 取 的 都 挺 好 的
5515309732,这场 辩论 最 重要 的 一点 就是 万 的 解释 到底 是 全部 还是 很多
5515320225,个人观点
5514068640,我 代表 正方 请问 不 给 你 一分钱 你 愿意 活着 吗
5501614219,正方 输 并 不是 论题 偏向 反方 因为 反方 全程 的 逻辑性 高度 自洽 所以 才 显得 论题 偏向 于 反方 全程 感受 下来 正方 的 洗澡 华丽 文句 优美 押韵 可是 正方 的 逻辑 比起 反方 是 要 差 并且 正方 全局 避重就轻 说 是 回答 反方 问题 可是 从 没有 彻底 驳倒 反方 的 问题 而是 直接 引出 新 的 问题 正方 的 这种 拐弯抹角 其实 已经 显示 出 他们 对 自己 论题 的 不够 自信 了 反方 能够 通过 强劲 的 逻辑 高度 自洽 的 语言 以及 四辩 的 精彩 收场 胜利 实至名归 如果 说错 了 我 就 删评 我 也 是 初次 接触 还 请 大家 指出 错误
5504646158,同意 从二辩 开始 我 就 倒 向 反方 了 如果 以 逻辑 思考 的话 反方 确实 占优
5508077780,回复 : 辞藻 打错 了 哈哈哈哈
5558029792,说 避重就轻 的 我 想 问 一下 当 你 遇到 这样 的 辩题 这样 的 立场 你 会 怎么 选择
5558270320,回复 : 我 要是 能 想到 更好 的 那 就 打国赛 去 了 兄弟 只是 一种 感觉 罢了 看 完后 的 感觉 我 也 不是 专业人士 我 想不到 可不 代表 那些 有 多年 经验 受过 专业训练 的 辩手 们 想不到 吧
5500250863,钱 就是 王八蛋 看 什么 人有 的 人 有了钱 就是 王八蛋 大部分 人 有了钱 都 会 成为 王八蛋
5499612152,别开 弹幕 别看 弹幕 别看 弹幕
5558035600,加一
5498644049,说 的 真的 很 好 啊
5497371173,贪是 万恶之源
5496701855,为啥 那么 多人 在意 是不是 理科生 辩论 啊 hhhh 我们 这边 初高中 都 培养 理科生 因为 理科生 内部 比拼 的 是 议论文 功底 辩论 上面 思维 比纯文 的 强
5493102375,初中 和 高中 老师 都 放过
5487018209,我 竟然 是 墙头草
5486502561,看 了 2 遍 又 被 正方 四辩 洗脑 的 我 决定 再 看一遍
5482106868,黄赌毒
5480682301,为什么 要 连 说 带 比划 的 啊 讨厌 这样 说话 的 人
5483956567,肢体 语言 也 是 表达 情绪 的 一种 方式 更能 让 观众 感受 演讲者 的 情绪 众多 演讲 家们 也 很 喜欢 在 演讲时 配 上 肢体 语言
5475471376,武汉大学 的 学生 难道 是 来 至 神学院 吗 一 出口 总是 忘不了 西方 的 神 西方 的 圣
5473875249,真服了
5472815384,周玄毅 还 在 辩论 队 吗
5472396176,我 全程 摇摆不定 感觉 谁 都 说得对
5470097236,有没有 21 届 苏 科大 的
5467197328,精彩 的 比赛 我 开始 就关 弹幕 他们 语速 那么 快会 影响 我 看 字幕
5460730566,太 恶心 了 吧 正方 一辩 在 发言 的 时候 弹幕 不 知道 在 讨论 些 什么 姐姐 背稿 辛苦 了 作文 朗读 大会 甚至 你 胸 太小 不要 读 了 真的 太 恶心 了
5442305329,总所 周知 B 站 是 学习 软件
5431281161,一定 要关 弹幕 太 影响 心情 了 这么 精彩 经典 的 辩论赛 还是 适合 静静地 看
5531130245,是 的 真的 太 好看 了 弹幕 关掉 看 得 特别 爽 每个 辩手 真的 特别 厉害
5425700340,神仙 打架 佩服
5418563657,好 奇怪 反三在 说 贪钱 在 贪 不 在 钱 时 为什么 举例 说 贪睡 什么 的 为什么 说 贪 的 东西 本身 是 恶 呢 那 他 这样 不 就是 在 帮正 论述 了 吗 我 觉得 万恶之源 这个 词 不能 从 本意 一个 一个 字扣 去 理解 而是 钱 它 能 诱导 人性 深处 的 劣根性 并且 他 的 效用 真的 挺大
5416378367,建议 关 弹幕 ! !
5416385262,两队 都 抓点 抓 的 很 好 非常 明白 自身 的 切入点 和 队方 的 痛点 反方 三辩
5413795931,我 电脑 不敢 开 全屏 看 ...
5408887959,钱 不是 万恶之源 没钱 才 是
5404683085,不行 啊 不行 啊 怎么 这么 快
5392238334,看 完 了 我 认为 双方 只是 对 万 理解 不同
5392085851,夸 反方 四辩 的 工作 让 我 来 短短 时间 内 可以 整理 出 一层 一层 的 关系 且 每个 点 都 有 打 在 点 上 真的 让 我 震惊 了 反方 赢得 实至名归
5390696809,反方 三辩 绝了
5383340642,考古 了 家 人们
5383280866,正方 论题 很 吃亏 欲望 才 是 万恶之源
5363965234,正方 我 觉得 真的 太牛 了 正方 四辩 直接 让 我 信服
5360843092,我 只 觉得 有个 弹幕 说 的 很 对 只 膜拜 不 放屁
5558033115,加一
5354369058,自我感觉 正方 四辩 有点 拉 胯 啊 至少 和 反方 四辩 对比 起来 为啥 这么 多人 夸 他 呢 最后 就是 感觉 讲 了 一大堆 大道理 一样 我 完全 都 没有 被 打动
5345004469,再次 来看 还是 经典 个人感觉 这场 比赛 唯一 的 缺点 就是 他们 居然 纠结 万字 包含 了 一切 还是 不 包含 一切 有点 揪 词眼 的 感觉
5345648910,因为 纠结 源字 的话 正方 可以 直接 退役 了
5337951546,可恶 为什么 这么 多 自信 人
5323646220,观看 建议 别看 弹幕 自以为是 的 人 浓度 过高
5288551402,反方 为什么 要 一直 讲性 因为 侵犯 这件 事是 正方 基本 没法 反驳 的 所以 反方 要 抓 着 性 这 一点 疯狂 输出 所以 外行 觉得 反方 污 其实 反方 围绕 着 这点 提 的 问题 正方 很难 回答 的
5272404497,说实话 评论 区 弹幕 指点江山 的 估计 连 人家 的 一半 都 做 不到
5262942733,马来亚 大学 的 辩手 三个 都 是 学 工科 的
5253267662,作为 一个 外行 我 更 想 看到 的 裁判 的 技术性 总结 竟然 没有 有点 失望
5252237355,为什么 以 成败论 英雄 是否 可取 的 论点 评论 下 很多 人 说 正方 本身 就 不 占理 的 而 到 这个 论点 就 没人 说 反方 不占理 呢
5345665369,因为 不占理 的 是 正方
5239855218,语文 作业
5229965918,欲望 是 万恶之源 没错 了
5221120269,正方 喜欢 引用 诗句 和 一些 华丽 的 词藻 ( 尤其 四辩 总结 显得 像 鸡汤 ) 但 这些 还 不如 反方 多举 几个 现实性 的 黄暴 例子
5186704289,之前 在 学校 就 看 了 一遍 今天 重温 双方 都 很 厉害 但 我 还是 觉得 好 可惜 前面 我 觉得 武 大会 赢 感觉 优势 比较 大到 了 四辩 的 时候 感觉 就 嗯 ... 怎么 说 呢 可能 是因为 反方 四辩 逻辑 特 清晰 然后 死 抓住 辩题 正方 感觉 就 有点 没有 那么 大 说服力 当然 也 不是 说 不好 只是 个人感觉 来说 的话 就是 有点 嗯 不 知道 怎么 说 反正 就是 感觉 有点 偏 反方 了 反方 说 是 人心 的 恶 才 会 使得 钱 变恶 然后 正方 四辩 最后 又 说 人性 的 善 不会 让 钱 变恶 就是 吧 不 知道 是不是 我 没 看 懂 我 觉得 好像 撞 了 刚刚 看 评论 说 弹幕 特别 不 友好 幸好 我 没开
5182943716,去年 看 了 一次 今年 再 来看 怎么 就 觉得 弹幕 这么 不 友好 了 呢 这 不 习惯 啊
5180834075,天风 证券 董事长 牛 啊
5179957262,讨论 这个 问题 前 难道 不 应该 先 讨论 恶 的 定义 吗
5177216595,太强了 神仙 打架
5177106345,来 洗 耳朵
5176079376,只能 说 正方 比较 吃亏
5179958481,跟 我 想法 差不多
5175980163,要 知道 辩论赛 不是 为了 争 事实 而是 为了 争 输赢
5175292487,语文 老师 放过 哈哈哈 哈哈哈 哈哈哈
5175049872,这才 是 专业
5175032758,看 完 了 双方 辩 的 我 都 很 赞同 这 就是 顶尖 辩手 吗
5174966451,到底 是 大学生 的 水平 变差 了 还是 辩论 环境变 差 了 2001 大专 这么 多年 都 无可 超越
5175482289,回复 : 这个 大专 不是 现在 的 大专 是 大专院校 的 意思
5177182398,回复 : 呃 呃 这个 大专 不是 指 专科 技校
5178583211,国际 华语 大学 专业 辩论赛 不是 大专
5303573307,是因为 现在 的 赛事 量 相比 过去 有 了 巨大 增加 那会儿 全世界 一年 就 几个 比赛 可以 打 而且 国辩 也 是 当时 国家 推广 华语 的 国策 之一 各个 学校 相当 重视 老一辈 辩论 人 准备 国辩 都 是 提前 半年 到 一年 就 脱产 封闭式 训练 阅读 海量 相关 书籍 并且 请 各个 学科 的 专家 大佬 专门 上 了 几十 节 讲座 现在 每道 辩题 的 备赛 周期 普遍 都 是 1 - 2 周 自然 不能 拿来 和 那 时候 比
5174940791,什么 叫做 专业 辩论 啊
5147564381,我 看不懂 但 我 大受 震撼
5118417229,本 视频 建议 关闭 弹幕 食用
5105456779,穷是 万恶之源
5104091843,公知 扎堆 的 一届
5122678071,属实 了
5073121145,周玄毅 老 海王 了
5070778674,看 了 他们 的 辩论 我 发现 问题 出 在 万上 而 不是 钱 上
5065868792,我 果然 还 适合 做杠 精 不 适合 做 辩论 选手
5156100824,辩论 不是 杠是 通过 合理 的 解释 解释 自己 的 立场 即使 这个 立场 你 本身 不 支持 仍然 要 解释 这才 是 辩论
5065875283,回顾 了 一下 完全 不 知道 反方 哪里 站得住脚 茫然
5183135308,你 能 不能 少 点 说话
5065858968,反方 赢 了 大写 撤退
5065752592,反方 真的 乱七八糟 拿 出来 的 东西 都 站不住脚
5079611885,钱 只是 人类 欲望 的 具 现化 引起 人类 作恶 的 是 资源 的 不 平均 而 钱 只是 用来 决定 资源分配 的 工具 没有 这项 工具 资源 也 不会 变多 人类 还是 会 纷争 不断
5079644032,人性 中有 恶 这 是 与生俱来 钱 却是 人类 创造 的 概念 它 的 善恶 由人 而定 它 或许 引起 了 新 的 问题 但 它 绝对 不会 是 问题 的 源头 因为 钱 这个 概念 本身 没有 好坏
5079690920,我 不 知道 你 有没有 看 反方 三辩 的话 他 说 恶 在 前 钱 在 后 我 觉得 这 就是 最好 的 论证 了 毕竟 无论 什么 辩题 基本 逻辑 还是 有 的
5177704730,回复 : 纷争 不断 是 必然 的 但是 工具 钱 的 产生 也 是 必然 的 啊
5177748601,回复 : 我 认为 你 这个 说法 就 中立 了 不是 说 不 我 赞同 而是 我 认为 脱离 了 辩论
5354343344,回复 : 但是 钱 不是 引起 恶 的 源头 人 的 恶 一直 存在 原始 时候 就 存在 看 现在 的 一些 采集者 就 知道 了
95120148768,恰恰相反 正方 除了 最后 万恶之源 未必 是 恶 其余 战场 都 被 打 得 溃不成军
5065690899,刚才 还 没有 看到 你 一句 我 一句 的 环节 正方 观点 和 我 的 观点 完美 契合 赞
5065671516,话 说 钱 是 万恶之源 的 意思 不 就是 钱 导致 了 很多 的 罪恶 这个 很多 不是 指 所有 这么 来 马来西亚队 全篇 的 论点 都 站不住脚 呀 严重 怀疑 他们 都 是 按 稿子 来 的 临场发挥 很差 虽然 就是 很 佩服 他们 引经据典 各种 事例 都 能 信手拈来 但是 看 马来 队 发言 真的 不对劲 就是 硬套 稿子 的 感觉
5065778966,额查 了 一下 万恶之源 引 自 圣经 一切 恶 的 源头 那 这 翻译 就 不对劲 不该 叫 万恶之源 该 叫 恶之源 中文 语境 按 中文 的 意思 来 万 没有 一切 的 意义
5082275626,视频 没看 完
5065657536,对 弹幕 感到 迷惑 我 听 正方 反方 发言 完 都 想 好 了 怎么 反驳 都 觉得 他们 话 里 有 漏洞 难道 我 就是 杠精
5020129245,这 语气 让 人 生理 不适 了
5010787833,当人 与 这 这 世界 开始 接触 时 就 像 一场 化学反应 会 产生 无穷无尽 的 变化 钱 不过 是 一个 恶 的 催化剂 加速 了 人性 中 的 恶 爆发 出来 而已
5006561299,钱 不是 万恶之源 贪才 是 ... 人性 的 丑陋 才 是
5004659979,一群 人 说 正方 逻辑 乱 了 可是 一 他们 的 角度 哪儿 乱 了 万恶之源 是 恶 吗 还有 人 直接 不 加 掩饰 的 嘲讽 : 这 就是 辩论 的 水平 吗 ? 然后 我 竟然 看到 了 您 说 的 那句话 : 哪怕 我 不是 个 辩手 我 都 知道 你们 正方 逻辑 混乱 您 不是 辩手 也 没有 参与 并且 深入 思考 过 这个 辩题 光 看 辩手 的 神态 您 就 能 断论 吗
5002956666,袁丁 陈锦添 的 论述 才 最具 攻击力 余磊 那些 家暴 员字 下面 没有 贝 词性 不同 则 意思 不同 等等 请问 大家 真的 觉得 有 说服力 吗 或者 正确 吗 这 一场 特别 经典 辩论赛 正反 二辩 发挥 才 最佳 余磊 并 没有 发挥 好
5354358679,我 觉得 反方 四辩 最好 吧 直接 力挽狂澜 正方 四辩 反而 拉 垮 了 本来 前面 都 是 感觉 正方 优势 一些 等 四辩 发言 完 我 就 觉得 反方 会 赢 了
4988079151,弹幕 的 钢筋 真 多
4978032643,唏嘘 不已
4975581563,时隔 二十年 的 回旋 镖
4973865204,正方 破冰 点 就 在 对 万 的 解释
4972842851,这样 的 周玄毅
4971860575,一直 往下 翻 的 你 为了 找 什么 呢
4971812920,2021 年 周玄毅 凉凉 了
4969824042,武大 教授 刚看 微博才 了解 到 竟然 我 以前 还 看过 它 的 辩论赛
4979180481,这个 它 就 很 灵性
4969430599,粉丝 也 是 万恶之源
4968338177,那个 是 时候 还有 东南亚 的 大学 和 我们 一起 辩论 现在 咋 没有 了
4967527104,胡渐 彪 yyds
4967426707,BV1dP4y1473t 不想 说 什么 了 ...
4967390883,2021722 又 来 了
4967037192,这个 人 被 处分 了 20210722
4959048706,文科生 和 理科生 风格 还是 有 差距
4952562121,这 议题 反方 在 逻辑 上 是 无敌 的 因为 你 要说 钱 是 万恶之源 那人 岂 不是 万钱 之源 所以 人 起码 比钱 离恶 的 源头 更近 这个 源字 直接 结束 了 辩论 的 意义 拿 一个 假 命题 给 正方 辩 怎么 可能 立得 住
4968916126,但是 你 并 没有 阐述 人离 恶 的 源头 近 和 人 是 恶因 的 必然联系 你 默认 了 离恶 的 源头 近 就是 恶 / 恶因 但 这 不 一定 成立 归谬 无效
4969142531,回复 : 离恶 的 源头 更近 的 人 确实 不 一定 是 恶源 但 离恶 的 源头 比人 还 远 的 一定 不是 恶源 这 还是 没什么 疑问 的
4969352858,回复 : 这 不管 正着 证反 着 证 你 这 观点 都 显然 不 成立 啊 恶源 并 不 代表 恶恶源 是 中性词 且 和善 缘 并 不 冲突 好比 你 做 了 一件 错事 和 一件 好事 我 说 你 是 这件 错事 的 源 没有 问题 我 说 你 是 善事 的 源 也 没有 问题 并 不 包含 对 你 的 褒贬 所以 钱 是不是 万恶之源 单纯 就是 一个 定义 问题 不要 牵扯 到 感性 的 主观 判断 再者说 如果 钱 如 你 所说 钱 不是 恶 的 源头 没有 疑问 那 评委 是 干 啥 吃 的 评委 互相 研究 好些 天 结果 研究 出来 个 绝对 正确 错误 的 命题 让 大家 辩论 明显 荒谬
4971086246,回复 : 是 源 不是 原 我可以 是 事儿 的 原 但 不是 事儿 的 源 可以 是 恶 的 原 但 也 不是 恶 的 源
4975693302,回复 : 原 1 . 最初 的 开始 的 2 . 本来 3 . 谅解 宽容 4 . 宽广 平坦 的 地方 5 . 同塬 你 觉得 哪 一个 释义 是 你 在 用 的 钱 是 最初 的 最 开始 的 恶钱 本来 就是 恶钱 宽容 谅解 恶 莫名其妙
4978891039,回复 : 源 水流 的 起始 事物 的 根本 由来 姓
4981510219,回复 : 首先 你 没有 回答 原 的 释义 你 在 逃避 问题 其次 源 可取 由 来 万恶 由 钱 来 恰好 是 他们 辩论 的 题
4950718263,第一 辩题 是 钱 是否是 万恶之源 讨论 万 这 一字 的 意义 是否 钻牛角尖 偏题 了 第二 正方 是否 举例 过多 个人 认为 辩论 主要 是 道理 论证 第三 正反方 都 将 重点 放在 万恶 上 却 没有 过多 阐述 钱 是否 偏离 辩题
5065890989,对 没错 好 偏题 啊
4947129624,没有 周玄毅 我 就 不会 接触 到 辩论 就 没有 今天 他 私德 如何 我 没有 资格 去 评价 我 始终 站 在 他 这边
4947732419,学习 辩论 不是 为了 思考 和 辩证 的 看待 问题 么 我 之前 也 很 喜欢 周玄毅 但是 说实话 挺毁 三观
4948751314,回复 : 正是 因为 要 辩证 思考问题 所以 我 的 立场 和 你 不同 很 正常 如果 你 执意 认为 我 的 观点 不 辩证 那么 其实 你 的 思维 过于 二极管 了
4951582412,回复 : 如果 你 觉得 我 觉得 你 的 观点 不 辩证 思维 就是 二极管 的话 那 你 的 思维 其实 也 挺 二极管 的 我 无异于 诡辩 只是 你 说 始终 站 在 他 这边 就 挺 令人 错愕 的
4951700106,回复 : 你 的 原话 那 你 的 思维 其实 也 挺 二极管 的 我 对 我 思维 二极管 不太 苟同 但 既然 你 已经 承认 自己 二极管 了 我 也 没有 什么 好 评价 的 了
4967575098,啧啧 啧
4968308192,我 本来 不想 这么 说 但 我 有 一个 朋友 他 真的 出 这种 事 了 那 我 必须 支持 他
4968490142,回复 : 这 和 我 对 他 的 看法 有 什么 关系 停职 是 必然 的 事 毕竟 影响 大学
4969828939,牛批
4981541656,某种程度 上 来说 周 始终 没有 背离 女权 开放式 关系 本质 也 是 维护 女权
212364026880,嘿嘿 我 还是 很 羡慕 他 的 不但 收 了 美国 钱 还 收 了 英国 钱
4946633081,主要 还是 人性 的 问题 吧
4940493284,我 k 我 真的 不敢相信 是 周玄毅 刚 看到 微博 我 以为 是 同名 亏 我 看 辩论赛 时 觉得 他 那么 文质彬彬
4940507718,同微博 赶来
118127577200,他 怎么 了 嘛 有 瓜
4937879569,周 老师 真是 吾辈 楷模 各种 意义 上
4936309892,谁又能 想到 周玄毅 最后 成 了 炮王 呢
116773366704,真的 吗
4935308814,周 老师 咱 还是 老老实实 搞 学术 吧
4934402877,救命 啊 这场 辩论 是 我 心中 的 神周 玄毅 太 恶心
4938408358,这场 辩论 周玄毅 很 明显 被 胡渐 彪 学长 吊打 四辩 差距 呀
4934364960,我 是 来看 周玄毅 的 人设 崩塌 靠着 嘴炮 睡 了 不 知道 多少 人 吧
4934333331,上台 腿 都 软 了 哈哈哈 人 总 喜欢 用 理想 的 自我 去 臆想 自己 在 别人 的 处境 上 有 多 牛笔
4933538329,我 是 被 曹醒 的
4933248638,我 去 周玄毅 我塌房 了
4940560716,我 也 塌 了
4932111271,惨惨 惨
4914397654,真的 很 精彩 能 在 这样 的 舞台 上 理清 思路 去 反驳 对方 而且 说法 有理有据 真的 很强
4880549284,碧血 银针 周教授
4878172573,学习 打卡 太 厉害 了 叹为观止 精彩
4868647587,打开 弹幕 我 好 厉害 都 很 有 道理 弹幕 净 tm 扯淡 偷换概念 我 寻思 着 论辩 本 不 就是 一 千分之一 的 哈姆雷特 让 众人 接受 吗 观点 千千万 怎么 说 都 有理 这个 视频 最大 看点 就是 辩论 方法 好 吧
4933598730,别开 弹幕 保 智商
4861207167,反方 正方 都 很 强 神仙 打架 啊
4856750218,没 办法 选题 吃亏 正方 只能 争万字
4856303815,真的 好强
4854938787,大家 很多 都 是 认为 正方 有 逻辑 漏洞 但 我 仍然 认为 正方 辩 的 好 的 原因 是 当 自己 的 论点 有 逻辑 漏洞 的 时候 如何 用 巧妙 的 语言 包装 起来 让 大家 不会 注意 到 那个 漏洞 毕竟 不是 每 一个 辩题 正反方 都 是 绝对 公平 的 啊 避重就轻 偷换概念 也 是 辩论 技巧
129733319376,你 说 得 非常 对
133013061920,刚刚 又 刷 完 了 一遍 我 觉得 都 好 强 啊 啊 业余 人士 的 我 感觉 反方 好像 赢 在 总结 上 了 真的 就 画龙点睛 了 但是 正方 有 很 诙谐
143107400992,是 的 持方 在 逻辑 上 天然 劣势
168441575984,嗯 我 非常 赞同 你 的 观点
174428674192,但是 华丽 的 语言 是 没法 瞒过 逻辑学家 的 眼睛 的 啊 评委 都 是 大神 想 靠 这个 获胜 其实 是 有 侥幸心理 感觉 不论是 正方 先前 论述 还是 正方 四辩 总结 的 时候 都 有些 小小的 忽略 逻辑 而 重于 加工 文字 把 评审 的 方向 搞错 了
176539326928,可以 作为 辩论 技巧 可是 这样 就 降低 说服力
177147985680,我 高中 的 时候 我们 班主任 给 我们 看 了 据说 当年 这个 辩题 也 是 有人 质疑 过 的 说 是 对 正方 不 公平 ta 们 能 打成 这个 样子 真的 很棒 这场 辩论赛 都 很 厉害
178753356864,过程 黑暗 结果 光明 是 吧
182225501024,回复 : 对 对 对 正方 这 真的 是 能 打 得 最 漂亮 的 方式 了 反方 命题 更 贴合 社会 价值 倾向 一些
182433706848,感觉 正方 4 辩 总结 的 时候 吃亏 了 不 太行 反方 4 辩 主力军 直接 反败为胜 还有 正方 确实 还 没 开始 就 劣势
186662568144,正方 武汉大学 三带 一 而且 第二轮 有 两次 发言 跑题 最后 总结 后面 几句 正方 四辩 都 不 知道 说 啥 了
195201612912,"回复 : 但是 这个 辩题 , 本身 就是 逻辑 上 的 反方 胜利 , 正方 必须 也 只能 改编 命题 范围 才行 , 那 按 逻辑学 , 正方 必输 , 实力 上 正方 压着 反方 一头 , 可是 反方 肯定 从 逻辑 上 翻盘"
198024498816,对 感觉 正方 真的 牛 不管 对方 说 什么 恶 都 能 反应 迅速 扯 回钱 上来 而且 这个 题 真的 不好 论 光是 这个 万字 就 难 定义
205694393232,反方 打 的 是 人 是 万恶 的 本源 正方 打 的 是 金钱 是 万恶 的 本源 但是 道德 律令 律法 限制 了 人性 恶 的 一部分 金钱 成为 了 人性 的 替代品 金钱 可以 理解 是 万恶之源 所以 题目 是 公平 的
205695410224,回复 : 辩题 是 没有 问题 的 出题 人 不 可能 瞎出 的 不然 就 不 公平 不 公平 的 比赛 有 什么 意义 金钱 是 万恶之源 是 可以 说通 的 就 看 辩手 如何 去 辩 金钱 作为 道具 满足 的 是 人类 的 欲望 而 人类 自身 就是 恶 的 根源 反方 主打 的 就是 一个 人性本恶 因为 人性 是 万恶 根源 所以 金钱 不是 万恶 根源 反方 按照 的 是 这个 逻辑 但 金钱 对应 的 刚好 就是 人性 金钱 是 人 的 替代品 是 一个 象征物 金钱 作为 人 的 象征物 人 是 万恶之源 金钱 必然 也 是 万恶之源 所以 题目 没 问题
205696298912,回复 : 题目 上 逻辑性 太强了 钱 不是 万恶 的 太 明显 了 观看 的 时候 觉得 明明 就是 正方 强 结果 团队 赛输 了 然后 给 个 最佳 辩手
205802486432,回复 : 我 个人 认为 正方 失败 是因为 他 没有 去 连接 金钱 和 人性 的 关系 他 应该 从 金钱 替代 人性 这点 来 辩论 反正 的 观点 是 人性 人类 是 万恶 的 本源 但是 反方 逃避 这个 观点 所以 输 了 因为 人类 为 万恶 的 本源 不能 逃 这个 肯定 是 公认 的 虽然 正方 去 接 人性 为 万恶之源 来 破解 它 让 金钱 去 替代 人性 之恶来 完成 辩论会 很绕 但 这 也 是 没有 办法 因为 正方 直接 说 原始 人类 金钱 未 产生 之前 的 恶 是 兽性 而 不是 人性 这点 评委 肯定 是 无法 接受 的 所以 我 认为 正方 输 就 输 在 不敢 接 人性本恶
205802389744,回复 : 打错 了 几个 字 反方 的 论点 是 人 人性 是 万恶之源 正方 逃避 这个 观点 没敢 去 接 是 辩论 失败 的 最 主要 原因
208724386192,能 不能 用 情绪 是 由 金钱 控制 的 所以 像 打骂 儿童 这种 也 属于 金钱 导致 的
213141025088,回复 : 你 要说 人性 是 万恶之源 是 可以 但 钱 凭 什么 能 代表 人性
213573752800,回复 : 因为 钱本 就是 一个 象征物 钱 就是 一个 符号 啊 用 它 可以 换来 享乐 满足 你 的 欲望 欲望 本 就是 无止境 的 啊 有钱 才 可以 超越 快乐 原则 啊 人 的 本性 不 就是 超越 快乐 原则 吗 钱 本 就是 象征 人 的 本性 而 存在 人性本恶 钱 自然 是 万恶 的 本源
213573980288,回复 : 因为 没有 钱 导致 情绪 变坏 哈哈哈哈 哈哈哈
213722473856,回复 : 对 啊
214834032048,我 给 正方 想 了 一个 方向 饱暖思淫欲 如果 没有 钱 那些 强奸犯 和 作恶 之 人 根本 没有 作恶 的 资本 正是 因为 他 有钱 了 吃饱喝足 有 充分 的 体力 和 准备 才 会 去 作恶
217871913952,是 的 我 觉得 正方 这个 难度 比较 高 从 道理 上 没 反方 容易 说服 人 但 从 辩论 角度 我 还是 觉得 正方 强 的
218018244640,回复 : 同意 他们 不 需要 说 钱 是 唯一 的 万恶之源 也 不 需要 说 钱 除了 当 万恶之源 以外 没有 优点 其实 就是 靠 技巧 来绕 就行了
218524670976,回复 : 钱 是 这样 也 可以 反驳 的 已经 满足 衣食住行 温饱 等 问题 情况 下 还要 进行 犯罪 明明 有钱 了 还要 犯罪 这 不 就是 证明 内心 贪欲 过大而 想要 更 多 不 就是 证明 反方 逻辑 了 吗 反而 是 让 一个 一无所有 的 穷人 去 犯罪 赚钱 是因为 自己 本身 一无所有 活着 就是 已经 痛苦 了 拿到 钱 搞不好 可以 过 上 幸福生活 搏 一搏 单车 变 摩托 通过 犯罪 来 赚钱 这个 时候 不 就 证明 了 钱 让 人 犯罪 了 吗 不过 绕来 绕 去 有 一点 是 绝对 的 金钱 的 本质 还是 手段 不是 目的
218526851136,回复 : 赚钱 本身 也 不是 目的 赚钱 还是 自身 为了 达成 内心 的 其他 欲望 而 需要 达成 的 条件 为了 犯罪 而 赚钱 和 为了 赚钱 而 犯罪 原因 和 手段 可能 不 一样 但是 目的 都 是 为了 满足 自己
218530703264,回复 : 像 你 说 的 钱 本事 是 象征 人 的 本性 而 存在 人性本恶 钱 自然 是 万恶 的 本源 人 是 恶 的 本源 还是 钱 是 恶 的 本源 前提 都 是 人 先恶 吧 是 恶人 用钱 把 钱 变恶 好人 用钱 钱会噩 吗 罗翔 老师 经常 说 一句 话 人 是 目的 不是 手段 而 钱 是 手段 不是 目的 赚钱 也 不过 是 为了 达成 其他 欲望 而 需要 的 条件 说 钱 是 万恶之源 逻辑 上 是 无视 了 自身 恶 的 行为 把 恶 本事 归咎于 钱 吗 钱 导致 自身 的 恶 吗 其实 这场 辩论 还是 有点 不 公平 的
218532906944,回复 : 你 都 说 了 人性本恶 钱 自然 是 万恶 的 本源 错 了 钱 本身 没有 善恶 执行 善恶 的 永远 是 人 钱 就是 人 达成 目的 的 工具 人才 是 有 恶 有 善 的 那个 人 的 善恶 才 是 本源 辩题 其实 不 重要 辩论 逻辑 强才 是 最 重要 的 这个 视频 的 辩论 大部分 都 是 抢 定义 不过 我 从 一位 老师 身上 学到 一个 方法 就 是从 对方 的 逻辑 找 漏洞 让 他们 自己 反驳 自己 让 对面 自己 的 逻辑 不 成立 或是 通过 对方 的 逻辑 论证 自身 的 正确性
218533794448,回复 : 人 的 本恶 和 本善 不是 所有人 可以 确定 的 这点 反驳 的 是 人本 恶钱 万恶 本源 这点 用不着 纠结 万 这个 字 指代 什么 有没有 这个 字 不 重要 钱 就 不是 恶 本源 也 不是 什么 很多 恶 的 本源 因为 用钱 的 是 人 所以 决定 是 善恶 的 还是 人
222040484064,记得 以前 看过 的 一篇 文章 证明 一个 命题 成立 是 很 难 的 但是 证明 一个 命题 不 成立 是 简单 的 只要 举 反例 证实 是 归纳 问题 证伪 是 演绎 问题
241591261185,这 就是 辩论赛 吗 可 这样 还有 什么 意义 大家 不是 为了 探讨 吗
254024683217,回复 : 难道 不是 欲望 吗 如果 不是 欲望 支配 钱 怎么 会成 万恶之源
258830163680,哲学 没有 绝对 的 正 与 反 都 是 人性 的 自我 选择
278058615937,回复 : 作恶 的 资本 不能 是 恶 如果 是 的话 吃饭 也 是 恶 吗 不 吃饭 就 没有 力气 作恶
287725564320,其实 这个 玩 的 就是 一点 谁 先绕 晕 谁 还有 谁 的 主观 框架 更 有用
288409442080,反方 越来越 偏题
288508112736,雀食 辩论 论题 本身 双方 就 不是 均势 的 甚至 自己 抽到 的 一方 自己 都 不 认可
290221012512,可是 辩论 不 就是 为了 追求真理 吗 不是 为了 胜负
4845458200,其实 结果 也 表明 了 他们 的 立场
4836446933,我来 发表 一下 我 浅薄 的 观点 首先 我 个人 是 打四辩 的 虽然 经历 的 场次 并 不是 很多 但是 我可以 很 明确 的 表示 在 辩论 现场 的 临场 组织 能力 和 发言 能力 和 大家 在 屏幕 前 或者 台下 是 完全 不 一样 的 正反两方 其实 都 已经 表现 出 了 极 高 的 辩论 素养 在 发言 这 一方面 其实 正反 更 占优势 因为 在 一个 现场 环境 下 正方 的 神态 气势 更能 让 评委 观众 记住 他们 的 观点 不管 你 打 的 点 对 不 对 你 就是 要 打出 一种 我 说 的 都 对 的 气势 这 一点 上 反方 一二 辫 就 有 一点点 拉 垮 而且 以 我 的 角度 来看 反方 一辩 在 立论 上 有 一点点 被 对方 牵着鼻子 走 了 没有 在 开篇 就 把 己方 的 核心 观点 打 出来 然后 二 辫 也 没有 进一步 加深 论证 更 多 的 是 在 攻击 对方 相对而言 这 一点 正方 做 的 比较 好 然后 两位 三辩算 的 上 是 势均力敌 四辩 的话 反方 跟 偏向 于 说理 正方 是 抒情 这 一段 我 感觉 反方 打 的 很 好 了 但是 正方 就 不太有 完美 的 反驳 + 总结 我 作为 正方 的 时候 其实 打 的 比 反方 好 作为 最后 一个 发言 能够 充分 抓住 对方 的 漏洞 和 薄弱点 疯狂 鞭尸 然后 立 自己 的 观点 然后 深化 有 时间 再 抒情 我 感觉 正方 就 在 前 两点 上 没 太 注重 然后 说 一下 弹幕 谁 打 辩论 是 为了 说服 对方 呀 避重就轻 回避 不利 点 本来 就是 基操 就 看 谁 做 的 更 不着痕迹 你 问 我 就 答 我 不要 面子 呀
5177807703,认同 正方 的 神态 很棒
4835257241,厉害
4828312336,武汉大学 确实 了不起 找到 了 很多 关键点 轻易 引导 突破
4823237254,反方 逻辑 辩 的话 正方 语境 理解 的 好 文字游戏 可以
4823171712,我 去 参加 辩论赛 是 三辩 把 压力 都 留给 了 四辩
4813300911,就是
4807963804,信息量 太 大 脑袋 反应 不 过来 怎么办
4789603899,弹幕 关了 再 看开 着 弹幕 看脏 眼睛
4777865263,讲 真的 我 觉得 正方 辩题 吃亏 能 打成 这样 是 真的 强
4775139552,我 只 知道 我 要是 在 台上 我连个 p 都 憋 不 出来
4769940701,带 专 辩论赛
4761694915,胜方 是 谁 不 重要 重要 的 是 一定 是 真理 的 一方 钱 不是 万恶之源 如果 胜方 是 正方 钱 是 万恶之源 的 那 也 太 讽刺 了 说真的 看 的 时候 真的 佩服 正方 明明 知道 对方 是 对 的 还 得 辩证 而且 还 辩证 的 那么 好哈 没有 标点符号 不喜 勿 喷哈
4761645647,双方 都 很 强 胜方 是 谁 并 不能 绝对 代表 辨别 能力 强 因为 真理 就是 钱 不是 万恶之源 所以 正方 再 怎么 辩证 终究 有 出入 的 而且 反方 是 相对 比较 容易 找 突破点 的 还有 只是 辩论 而已 不能 代表 正方 个人观点 请 大家 不要 针对 个人 哈 没有 标点符号 大家 行行好 别 喷 我 哈
4758179086,其实 所有 的 参赛选手 实力 都 相差不多 我 坚持 认为 最大 的 变量 是 辩题 因为 只要 我 认为 哪个 辩题 好论 到 最后 肯定 是 那个 辩题 胜出 其实 这 本身 很 不 公平 对 正方 太 不利 了
129705636256,但 评委 评判 的 标准 不是 辩论 思维 以及 其他 关于 辩论 过程 中 的 东西 吗
131695212192,你 猜 为什么 最佳 给 到 了 输方 的 人
132023492944,回复 : 你 要 这么 说 可以 看看 正方 的 四辩 担当 总结 之任 的 人 水平 肯定 不低 但是 最后 总结 的 时候 却 只能 空发 无 意义 的 辞藻 显然 还是 因为 辩题 本身 论据 不够 而 导致 的 强加 辩解 也 无 意义 的 下册
132205094576,回复 : 没 毛病
132588417824,回复 : 个人 认为 总结 之前 绝对 是 正方 更 有理 的 总结 的 时候 正方 有点 含糊其辞 敷衍 了 有种 强行 辩解 的 感觉
276006109041,如果 每个 论题 都 要论 一遍 好论 的 才 拿 出来 那 就 失去 了 辩论 的 趣味
4753348068,每次 打 辩论赛 前 都 要 来 这 复习 几遍 每 一句 话 每 一个 动作 都 值得 学习 深思 大一 也 算 参加 了 几场 辩论赛 目前 也 是 一个 读书 类 社团 的 会长 觉得 自己 对于 辩论 还是 一个 新手
4751470716,我 觉得 那些 根据 选手 长相 来 给 他们 取 外号 的 弹幕 真的 很 不 尊重 人
4739538124,av107
4734204761,很多 人 被 文采 调动 情绪 了 如果 万恶之源 不 等于 恶 那么 它 为什么 能 等于 钱 异化 钱 ( 工具 ) 才 是 恶 那么 不 异化 呢 那 也 可以 是 钱 是 万善 之源 这 命题 正方 估计 头 都 麻 了 只能 通过 技巧 去 尝试 语文 是 最 优选 可是 反方 也 不弱 逻辑 拿捏 的 死死的 最终 结果 受 命题 影响 太大 了 正方 只能 在 语文 上 下功夫 强辩 逻辑 能力 能 发挥 的 空间 很小 反方 就 不同 了 命题 天然 优势 逻辑 能力 得到 了 充分 的 发挥 不过 正方 四辩 很 出彩 有 升华 主题 的 感觉 在 这种 命题 中 争取 到 两票 真的 顶 ( 如果 他们 能 在 反方 估计 会 更 精彩 )
4716871930,哇 真的 好强 想 成为 这样 的 人
4717629057,我 也 想 ... 可以 一起 练习 吗 我 是 刚入 坑 的 辩论 新手
4906562746,回复 : 哈哈哈 哈哈哈 可以 啊 但 我 还 没 进坑
4714611951,刚看 完 热带 往事 里面 有段 这个 视频 里 的 的 镜头 嘻嘻
4712778769,胡渐 彪 好帅
4688652977,钱 作为 一般 等价物 是因为 能 换来 商品 才 有用 啊 对 钱 的 欲望 其实 是 对 物质 的 欲望 啊 没有 钱 照样 会 有 贪念 啊
5177827740,可以 钱 工具 一定 会 有 的 啊 而且 贪欲 不 一定 都 是 恶 的 啊 我 贪生 也 是 恶 的 吗
5178442811,回复 : 钱 只有 在 能 换来 商品 和 服务 才 有用 那 张纸 没用 进一步 就是 占有 实物 和 其他人 的 劳动力 的 欲望
4681410194,反方 太强了 我 看 评论 很多 说 反方 辩题 占优势 所以 他们 赢 不可否认 反方 辩题 确实 占优势 但是 反方 真正 厉害 之 处 在于 逻辑 而 这 才 是 决定 他们 赢 的 重要 因素 我 并不认为 如果 武汉大学 抽到 反方 辩题 会 打 得 更好 因为 在 这场 辩论 之前 国内 辩手 更 注重 文采 而 非 逻辑 武大 亦然 处在 反方 位置 上 并 不会 和 马来亚 一样 用 逻辑 赢过 对手 反而 可能 又 会 因为 逻辑 被 马来亚 打败 不能 因为 辩题 的 优势 而 否认 反方 辩手 的 厉害 说 如果 武大 是 反方 则 武 大会 赢 完全 是 忽略 了 当时 的 大 环境 大陆 辩手 更 注重 辞藻 而 非 逻辑 的 事实 带有 很强 的 主观因素 去 看待 反方 马来亚 大学 的 胜利 个人 认为 辩论赛 本该 重视 逻辑 用 逻辑 去 说服 评委 而 辞藻 与 文采 只能 是 锦上添花 所以 逻辑 明显 强于 武大 的 马来亚 能 赢得 胜利 实至名归 武大 的 四位 辩手 也 很 厉害 他们 不是 输在 辩题 而是 输在 逻辑 正是 因为 当时 大陆 的 辩论 风格 是 那样 的 所以 武大 对 上 逻辑 强 的 马来亚 大 概率 会输 而 不是 因为 武大 抽到 的 是 正方 辩题 而 输 马来亚 辩手 的 发言 我 觉得 都 挺 有趣 好玩 的 哈哈
4733634866,这个 命题 反方 优势 无穷大 感觉 是 硬性 的 ( 个人 想不到 更好 的 切入点 ) 正方 开局 肯定 了 钱 的 本质 提出 了 恶恶 是 金钱 异化 的 结果 论述 以此 展开 本身 就 有 以偏概全 之 嫌 切入点 局限性 太大 了 正方 要 赢 必须 得 强行 用 所谓 的 事实 去 反推 真正 的 事实 说实话 理论 上 是 完全 劣势 只能 死 抓 反方 的 论点 漏洞 反方 有 足够 的 空间 根据 正方 的 论证 进行 拉扯 他们 在 这个 阶段 的 漏洞 并 不 致命 只要 基本 逻辑 不 出 问题 很 容易 反将 一军 也就是说 正方 所 围绕 的 事实 很 容易 变成 雄辩 或者说 他们 的 本质 就是 如此 双方 基础 水平 足够 且 没太大 的 差距 的话 正方 必输 跟 逻辑 能力 强弱 没什么 关系 正方 只能 强 抓 反方 的 漏洞 用 足够 漂亮 的 言语 去 进行 修饰 跟 对方 硬耗 如果 全局 都 是 在 个例 上 扯皮 那么 谁 说 得 漂亮 谁 赢 其实 把 钱 看作 工具 就 好 理解 了 比如 刀 或者 枪 什么 的
4733775180,当然 了 对于 观众 来说 只要 基本 认识 不 出现 错误 这种 辩论 挺具 积极意义 的 输赢 并 不 重要 双方 水平 足够 观赏性 才 是 主要 我 有 个 比较 有意思 的 假设 这种 命题 如果 让 网友 们 ( 比如 B 站 ) 来 辩论会 是 怎样 的 情形 感觉 是否 足够 机灵 ( 包括 主客观 ) 会 是 热评 高赞 的 主要 因素 机灵鬼 ( 纯抖 机灵 ) 居 其次 也 有 可能 会 更 高
215003711904,回复 : 正方 辩 的 立论 不好 我 认为 要 抓 着 钱 是 万恶之源 和 万恶之源 是 钱 去 辩 反方 的 论点 已经 偏向 万恶之源 不是 钱 去 了 正方 要 抓 着 反方 这点 来 攻击 本来 的 论题 应该 是 白马 是 马 反方 论述 的 是 马 不是 白马 还有 黑马 斑马 万恶之源 不是 钱 还有 吃喝玩乐 性 正方 想 赢 还要 对 钱 进行 扩展 不能 让 钱 停留 在 具体 形象 的 实物 上 这种 情况 是 没法 说服 人 是因为 钞票 才 做 恶要 把 钱 升华 成 社会 中 的 价值 把 钱 是 万恶之源 解释 成 社会 中 的 有 价之物 是 驱使 人 做 恶 的 源头 在 万恶 的 源 中 有大有小 的 地位 现在 正方 论述 的 其实 是 钱 是 部分 恶 的 源头 讲万 不是 一切 观点 已经 偏离 题意 因为 命题 的 万恶 明显 就是指 一切 恶 复制 的
4680624536,真的 强 辩论 是 对 命题 的 玩味 牛
4680322048,神仙 打架
4676202132,最佳 的 真的 可以 但 我 支持 反方 的
4662491947,总 觉得 正方 四辩 的 论点 其实 更好 钱 是 万恶之源 但 不是 恶 本身 在 这 万恶之源 中 也 能 开出 善 的 果实 二辩 在 万字 上 做文章 感觉 显得 有些 诡辩 了
4653417783,思维 的 碰撞 真的 很 有意思 很多 问题 都 是 在 不断 的 交流 中 得以 触发 新 的 思路 有 更好 的 解决方案 所谓 顶层 设计 很多 就 始于 此
4653399659,准备 资料 修练 思维 研究 怎样 更 有 说服力 是 真的 很 快乐
4653378940,是 真的 很 快乐
4647271316,说实话 文科 这种 辩论 就是 无聊 如果 一句 话 中 每个 词语 都 有 良好 的 定义 那么 问题 根本 没有 辩论 的 价值 反之 如果 都 不能 被 良好 定义 那么 辩论 是 必然 无 结果 的
4647323151,即使 不 考虑 辩论会 本身 的 存在 的 愚蠢 性 光是 这个 选题 就 很 没 水平 反方 优势 太大 了 明眼人 都 知道 钱 只是 利益 形式 而 不是 利益 本身 而 利益 交换 本身 非常 难 公平 这样 导致 恶 就是 必然 的 实际上 在 钱 产生 之前 恶 就 已经 很多 了 但 实际上 随着 钱 的 出现 人类 反而 变 文明 了
4729573354,回复 : 半决赛 还 能 不能 以 成败论 英雄 呢 相较 而言 这辩题 还行 了 吧
4632549124,真是 公说公有理 婆说婆有理
4630763032,好 可惜 刚刚 发现 辩证 的 辉煌 却 处在 一个 辩论 没落 的 时代
4622081023,如果 一 开始 正方 把 钱 上升 为 利益 这个 概念 并且 坚持 万 不 等同于 全部 会 不会 更好 呢 ?
4625594840,那么 反方 也 肯定 反驳 钱 跟 利益 没有 关系 论点 就 变 了 不过 我 相信 他们 应该 也 能 带来 精彩 对决
4896718056,这题 正方 其实 是 吃亏 的 因为 金钱 = 利益 但 利益 金钱 人 对 金钱 的 渴望 其实 是 对 物质 资源 渴望 金钱 的 出现 是 解决 了 以物 换物式 贸易 的 缺陷 但 即使 金钱 没有 出现 在 以物 换物 的 社会 中 依然 存在 着 为了 利益 而 衍生 出来 的 恶
4618420481,辩论赛 的 最大 好处 就是 能够 锻炼 大脑 让 人 有 思辨 思维 让 思维 更加 广阔 对于 参与 的 人 本事 是 一个 很 好 的 锻炼
4606852641,攻击 辩手 的 自己 是 什么 贵物
4601580019,金钱 是 万恶之源 那 正方 同学 请 把 这些 罪恶 都 交给 我 一个 人 背负 吧
4596493328,武大 的 风格 是 面向 观众 的 所以 辞藻 华丽 俏皮话 用 的 相对 比较 多 很 容易 带动 观众 节奏 不过 裁判 看 的 更 多 的 是 论点 和 逻辑 而 不是 表达 水平 马大 在 逻辑 上 更 严密
4584920602,带 专 辩论赛
4579807167,初中 看过 这个 高中 就 因此 加入 了 思辨 社打 了 几次 辩论赛 真的 感觉 一到 台上 就 磕磕绊绊 这个 视频 堪称 我 的 辩论 启蒙 就是 大学 里 太 咸鱼 了 都 没 去 参加
4688242176,我 第一次 参加 3 个 队友 和 对面 4 个 都 不会 一直 在 扣 定义 一点 实质性 的 进展 都 没有 自由 论辩 我 好不容易 开出 漏洞 了 队友 又 开始 扣 定义 了 还 定义 错 了 我 直呼 内行 输 的 我 是 一脸 懵 逼
4573680640,今天 语文课 上 老师 给 我们 放 了 这个
4569970545,看到 弹幕 说 奖励 你 还要 不要 了 你 是 这么 紧张 吗 我 想 问 弹幕 都 是 大专 起步 啊
4562741823,看到 这 段 视频 是 我 高三 遇到 最有 意义 和 最 有趣 的 事 原来 只是 疫情 期间 写 辩论 稿 所 需 随便 点开 了 一个 视频 认认真真 看 完后 还 找 机会 打印 了 看 三四个 月 至今 觉得 回味无穷 未曾 想过 二十年 前 的 辩论 放到 今天 仍旧 和 大家 一样 心情 澎湃 像是 纯粹 的 来自 灵魂 的 吸引 让 我 觉得 辩论 真的 是 适合 我 的 一方 天地 让 我 从 感觉 熟悉 到 真正 愿意 去 了解 辩论 心怀 憧憬 的 把 它 当做 我 的 爱 好像 心如 蛛丝 游 碧落 的 痴迷 也 有 大彻大悟 的 领会 也 蟹 蟹 这个 视频 让 我 看到 了 优秀 的 渐彪 老师 他 也 让 我 看到 了 一个 人 热衷于 辩论 将近 二三十年 以及 一生 的 不变 初心 高三 在 这段 崇拜 渐彪 学长 的 时间 我 也 重燃 了 自己 的 意志 和 决心 以后 也许 有 机会 亦 或者 没有 机会 自己 亲身 接触 辩论 这 段时间 都 是 承载 了 我 青春 的 不灭 烛光 和 独家 记忆
4559518597,这个 弹幕 根本 没法 看 如果 阿婆 主能 亲 一个 弹幕 就 好 了 有些 弹幕 反复 的 在 那里 杠害 得 我 也 不敢 开 弹幕 了
4555182213,注意 一下 这里 的 大专 指 的 是 大学生 专业 不是 现在 认为 是 那个 ww
4544459297,有没有 知道 辩论 的 小伙伴 可以 私信 我 一下 呀
4505014090,不是 资本 才 是
4506090719,资本 也 是 钱 阿
4551911951,资魔 怔 了
4503504525,辩论 的 意义 在于 掌握 话语权 谁 拥有 话语权 谁 就 可以 被 信服 这才 是 意义 所在
4498544754,钱 是 万恶之源 这句 话 难道 不是 大家 说 着 图 一乐 吗 哈哈哈哈 还是 得 看 人 啊
4488735998,这个 正方 吃亏 吧
4482666196,相 声
4469516774,各位 有没有 看过 讲 知行合一 相关 的 辩论 可不可以 推荐 一个 给 在 下
4461105730,逻辑 结构 举止 表达 知识 内涵 思辨 立破 的 能力 与 深广 实在 是 令人 佩服 感觉 自己 当初 就是 个 傻子
4453518916,大专 是 我 这个 大专 吗
4816175770,不是
4444045157,太强了
4431137671,提摩太前 书 的 和 合 本原 句 是 : 贪财 是 万恶 之根 有人 贪恋 钱财 就 被 引诱 离 了 真道 用 许多 愁苦 把 自己 刺透 了 ( 提摩太前 书 6 : 10 和 合本 ) 所以 1 . 财没 问题 问题 是 贪财 贪财 便 被 引诱 离开 信仰 2 . 根和源 呢 不是 一个 意思 这句 经文 根 的 英文 是 root 根会 发出 许多 的 恶根 和源 不是 一个 意思 只要 经文 解释 清楚 了 这个 辩题 题目 就解 了 好 啦 我 是 基督徒 在 这里 强答 一波
4443840134,跟 原文 其实 不太有 关系 这个 辩题 里 的 源 解释 成和根 一样 的 意思 也 是 说 得 通 的
4444687320,回复 : 嗯 嗯 我 是 超过 这个 题目 来 讨论 这个 问题
4428851843,辩论 玩 的 就是 偷换概念 如果 异方 没有 察觉到 这一 陷阱 并 指正 出来 那 这场 辩论赛 哪方 赢 已经 很 明显 了 如果 异方 察觉出 能 反 将 一军 高涨 我方 士气 挫败 敌方 士气 那才 叫 高
4426150245,钱 是 被 创造 出来 的 不是 源头 但是 可以 无限 放大 源头 到 一定 的 时候 可以 替代 源头
4426057501,我 怎么 觉 的 他们 读 的 科目 和 这个 辩论赛 出入 那么 大 的 呀
4424878870,有人 把 我 传送 到 了 这里 我 看 了 一会 有点 看不下去 我 始终 感觉 这个 辩题 本身 就 有 问题 知足常乐 不 知足常乐 钱 这 玩意 愣 是 要说 对 和 错 总 感觉 有点 扯 双方 都 跟 有 道理 的 发言 再 加上 我 又 始终 觉得 哪来 不 对 的 感觉 让 我 脑袋 涨
4428332529,辩论 不 分 对错 的 本质 上 就是 说服 评委 不用 在意 辩题 是 什么
4424400814,六年 后 我 来 了
4421314956,辩论 好像 就 玩 一下 真正 深究 原因 得 研究 几十年
4412117319,我 读书 的 时候 作文 老师 只教 辩论 文会 不会 就是 当年 辩论赛 盛行 的 影响
4408114359,真正 的 抬杠 啊
4394214717,不看 弹幕 是 b 站 的 传统 可以 学习 各种 知识 是 b 站 的 优势
4393168309,就算 万是 一切 从 蝴蝶效应 上 来说 钱 也 是 万恶之源 ( 蝴蝶效应 : 一只 南美洲 亚马逊河 流域 热带雨林 中 的 蝴蝶 偶尔 扇动 几下 翅膀 可以 在 两周 以后 引起 美国 得克萨斯州 的 一场 龙卷风 其 原因 就是 蝴蝶 扇动翅膀 的 运动 导致 其 身边 的 空气 系统 发生变化 并 产生 微弱 的 气流 而 微弱 的 气流 的 产生 又 会 引起 四周 空气 或 其他 系统 产生 相应 的 变化 由此 引起 一个 连锁反应 最终 导致 其他 系统 的 极大 变化
4390643916,谁 看 弹幕 谁 是 李连应
4389120006,可是 这场 比赛 明显 四辩 的 发言 力挽狂澜 啊
4387442117,看 弹幕 的 全是 乡巴佬
4383224033,我 投 了 一个 币 发现 没红 然后 又 投 一个 结果 发现 原来 他 是 可以 无限 投币 啊
4373566934,水平 差不多 但是 马来西亚 一二三 辫真 恶心
4394295306,? ?
4426372475,急 了
4507951815,你 是 对 的 ^ ^
5147289145,? ? ?
4367820624,第二点 钱能 使 黑 的 变成 白 的 玷污 人们 的 精神 那 还是 和 刚刚 的 问题 一样 权力 和 地位 不会 吗 归根到底 不 还是 人们 对于 这些 东西 的 把 控 不 到位 吗 那 刀 可以 杀人 也 可以 切菜 你 能 埋怨 刀 太坏 了 显然 不行
4367801238,我刚 开始 看 听到 对方 一辩 第一个 点里 有 这样 一句 话 钱 的 效益 无限性 和 占有 有限性 的 矛盾 让 它 变成 了 万恶之源 那 权力 和 阶级 地位 是不是 也 有 效应 无限性 和 占有 有限性 的 矛盾 呢 那 是不是 可以 论证 权利 和 地位 也 是 万恶之源
4358582815,事实上 正方 可以 将 反方 驳得 一句 话 都 说不出来 只要 将 成功 的 定义 延伸 为 对 人生价值 的 实现 那 反方 的 所有 例子 都 可以 为 正方 服务
4364284785,哥 你 走 错 片场 了 这 是 金钱 那场
4426372842,你 尴尬 不
4339770795,不 知道 我 的 弹幕 发了 下次 再 看 就 看不到 了 是 怎么回事 谁 知道
4333595810,为啥 都 说 中文
4495583178,马来西亚人 也 有 不少 华人华侨 请 自行 了解
4328195594,也许 题目 改成 欲望 是不是 万恶之源 会 更 公平
4328188096,金钱 只是 欲望 的 一种
4328200571,不过 欲望 应该 就是 万恶之源 吧
4427073874,辩 金钱 是 能 赢 的 资本 确实 是 万恶之源
4322335564,作文 素材
4318534651,哪有 完整版 有些 发言 对不上 点 总 感觉 有 删减
4318530849,余磊 的 发言 看上去 来势汹汹 气场 十足 其实 有些 没什么 逻辑 可言
4297158395,好家伙 老师 让 来看 的
4294585418,想 问下 性善论 性恶论 可以 作为 辩论 观点 吗 辞藻 华丽 会 降分 吗 是 气势 重要 还是 逻辑 重要
4294049348,在 这场 比赛 之前 国内 的 辩论 圈有 很 严重 的 把 演讲 和 辩论 混淆 在 一起 的 风气 这种 风气 事实上 弱化 了 辩论 的 立场 与 逻辑 一昧 追求 华丽 的 词藻 和 高尚 的 理论 这场 比赛 之后 这种 看似 正确 实则 荒谬 的 风气 才 得到 纠正 尽管 武大 未能 夺冠 但 从 长远 来说 这场 比赛 对 国内 辩论 圈 益处 无穷 如果 这场 比赛 武大 真的 夺冠 了 尽管 有 一时 的 荣誉 但 国内 辩论 圈 必将 彻底 陷入 这 股 不正之风
4293893000,来看
4282012366,2021 年 了
4278296459,正方 我 问 你 如果 不是 为了 钱 现在 很多 搞 黄色 的 网站 如同 洪水猛兽 一般 你 又 能 如何 解释 呢 反方 但 还有 很多 搞 黄色 的 网站 免费送 福利 呢 正方 你 告诉 我 是 哪个 反方 等会加 我 好友 发给你
4275474396,单从 辩论 技巧 口才 等 得分 感觉 奖 应该 颁 给 正方 反方 的 由于 辩题 的 优势 以 一票 侥幸获胜 还是 要 进一步 磨练 辩论 技巧 才 是
4412203584,扯淡 好 吗 余磊 第一 回合 说 的 都 啥 玩意儿 说 家暴 是因为 钱 这种 鬼话 你 信 吗 万恶之源 和 万万不能 的 万字 竟然 不是 一个 意思 他 拿 对方 副词 和 形容词 类比 来 驳斥 这 合适 吗 辩论 技巧 的话 也 是 反方 更 强硬 的 好 吧
4427084493,正方 本来 有 赢得 机会 的 其实 他 深入 挖掘 就 可以 发现 各种 罪恶 背后 都 有 金钱 资本 的 参与 但 结果 却是 不停 地 在 那个 概念 上 钻牛角尖 徘徊不前
4471615799,回复 : 我 只是 从 一个 旁观者 的 角度 去 看 这场 辩论赛 我 觉得 说话 流利 声音洪亮 吐字 清晰 引导性 强 观众 有 代入 感是 为 口才好 至于 说 学术 上 的话 难道 要求 每个 观众 都 是 专业人士 吗
4471621497,回复 : 不管 如何 我 还是 很 敬佩 的
4471665143,回复 : 抱歉 票 是 评委 投 的 真 跟 观众 没关系 不是 引导 学术 上 的 什么 的 巴拉巴 拉 我 一个 最近 才 对 辩论 感兴趣 的 门外汉 都 觉得 反方 必赢 还有 说 一大堆 排比句 一大堆 歇后语 不 代表 有 口才 袁丁 那 一套 明显 就是 被 稿子 就是 因为 这场 比赛 大陆 辩论 才 更 注重 于 逻辑
4471963094,回复 : 你 可以 看看 新国辩 复刻 了 这个 辩题 周玄毅 和 陈铭 同样 打 这个 观点 但 从 不同 的 角度 出发 赢 了
4472215522,回复 : 谢谢 但 我 可能 没 机会 看
4270808577,太牛 逼 了 饱读 诗书 口才 和 文化 内涵 都 无懈可击 栋梁之才
4270612972,的确 反方 说服力 更强 可能 有 辩题 优势 吧
4264583258,马来亚 大学 yyds
4261090584,脑子 停机 了
4258691306,今天 语文 老师 为了 讲 辩论 稿 给 我们 看 惹 不得不 说真的 太精彩 了
4252479670,正方 好难 好 吃亏 啊 这个 辩题 真的 是 但是 实力 好强 袁丁 和 余磊 都 太 厉害 了
4247332487,找点 辩论 看吧 结果 看到 这个 完全 看不下去 了 看似 有 文化 读书 多 张口 外国 爹 闭口 外国 爹 都 是 背 稿子 状态 复读机 而已 没有 任何 自我 思辨 说 的 全是 拾人牙慧 的 东西 不是 说 不能引用 而是 说 她 只会 引用 引用 了 也 组织 不 起来 一个 相辅相成 的 基本 观念 所以 这个 视频 我 只能 评价 为 白面书生 拾人牙慧 寻章摘句 的 傀儡 说 着 牛 逼 的 稿子 回头 就 去 做 三陪 的 货色
4241147990,刚 上课 的 时候 看到 讲台 上 的 周帅 又 点开 这个 视频 看到 青涩 的 周帅 真的 是 感慨万千
129967435232,他 是 什么 专业 任教
4238625141,只能 说 太 厉害 了
4215533613,万恶之源 不是 恶 这个 观点
4205135245,看 完 这个 视频 再 看 今年 的 辩论 视频 突然 感觉 索然无味 两边 真的 都 是 太强了 虽然 反方 辩题 天然 优势 但是 让 我 最 深刻 地 还是 正方 一辩 那句 万恶之源 不 一定 是 恶 真的 很 精辟 了 我 觉得 这句 话 就 可以 反驳 反方 的 很多 例子
4180143985,弹幕 里 因为 口音 投 正方 真无语
4177245783,弹幕 别杠 了 01 年 的 时候 估计 你们 都 没 出生
4172682494,建议 关 弹幕
4172016416,墙头草 竟是 我 自己
4168186983,如果 万是 一切 那么 只要 举 一个 反例 正方 就 输 了 了 那 这 辩题 还 玩 啥 如果 不是 一切 指 很多 正方 赢
4167802694,好 厉害 好 厉害
4166080097,只能 说 正方 太 厉害 了 正方 的 论题 太难 了 反方 的 论题 优势 太 大
4154781175,人才 是 万恶之源
4141610627,这种 985 学校 的 文科生 大都 是 文理 都 非常 好 的
4139489494,这波 啊 这波 是 胡渐 彪 极限 守家
4121421351,钱 不是 万恶之源 万恶之源 是 人 ! 只有 人才 有恶 的 概念 ! 你 看 世界 万物 除了 人 还有 什么 会 有 恶 的 概念
4204944797,恶 这个 概念 又 从何而来
4117373014,结局 反转 有点 大 差点 错过 了 感觉 反方 说 的 没有 错 人 的 行为 决定 了 钱 的 善恶
4117124717,我 一般 说 不 别人 就 直接 上脚 了
4107341722,理工科 重 逻辑 开头 问 为何 都 是 理工科
4099106404,反方 的 结辩 太 绝了 有理有据 分点 讨论 逻辑 清晰 我 简直 震撼 一年
4099080901,这句 话 说 的 好 万恶之源 不是 恶 可惜 正方 四辩 没有 展开 应该 可以 解释 钱 是 恶 还是 贪是 恶 这 一 反方 质问
4095307178,从 人性 善恶 的 那个 辩论 过来 的 听 完 感觉 人性 才 是 万恶之源
4094488699,看 完 想起 一句 话 用 输赢 定义 他们 本身 就 太过 狭隘
4090040495,刚刚 看 完 18 年 的 华语 辩论 世界杯 弹幕 一直 说 要 来看 01 年 的 然后 我来 了 果然 是 脱稿 的 真的 都 很 精彩 我 这个 2021 年 的 评论 20 年 啊 01 年 我 才 出生 看到 人类 的 进步 不说 别的 画质 就 很 好 嗯 大专 大学生 专业 我 现在 就是 大专 文凭 现在 这个 社会 可以 说 是 最低 学历 我 一定 要 专升本 考教资 希望 下 一次 看 自己 评论 时 可以 是 一个 不 一样 的 自己
129211931472,升本 成功 了 嘛
4080054898,宇宙 大 爆炸 才 是 万恶之源
4129179391,也 是 百善 之源 善恶 一体 阴阳 双生
4050327364,老师 说好 要 给 我们 看 都 快 放假 了 才 看 了 五分钟 自己 动手 丰衣足食
4049371101,一直 有个 疑问 马来西亚 大学 辩论 队 是 中国 人 吗 为什么 不同 的 国家 还 能 在 一起 用 中文 辩论
5147355655,马来西亚 是 多 种族 国家 有 很多 华人华侨 也 有 以 华语 教学 的 学校 至于 为什么 不同 国家 可以 用 中文 辩论 虽然 我 不 太 了解 辩论 但是 这个 比赛 应该 是 国际 的 吧 所以 很多 国家 的 大学 都 能 参加
5149212789,回复 :
117939740304,回复 : 他们 都 是 马来西亚 华人 呀 母语 肯定 是 中文 比如 我
4044823848,学会 了 辩论 技巧 议论文 素材 get
4037643573,正方 发言 对面 2 号 玩家 昨天 我验 了 是 张狼牌 而且 已经 聊爆 了 居然 不去 踩 4 号 所以 四号 是 张狼牌 今晚 我 去验 1 号 女巫 记得 毒 了 3 号
4023376827,真的 一直 很 喜欢 辩论 但是 却 几乎 没 在 现实 中 接触 到 太 多 这样 的 东西 哎
4018227121,钱 其实 就是 象征物 的 载体 可是 没有 这个 载体 我们 的 物欲 依然 是 存在 的 由此可见 恶 的 根源 就是 我们 的 物欲 正方 说 到 如此 多 的 惊心 惨案 中外 史实 可 看 这些 事件 的 主角 那个 不是 心中 堆积 了 无数 的 恶 呢 有物 就 必定会 有 物欲 存在 以 我们 现在 的 社会 是 无法 做到 道德 全面 覆盖 我们 应该 做 的 是 让 更 多 的 人 认识 的 物质 不是 一切 更 追求 那 思想 的 殿堂 精神 的 世界 而 不是 将 恶 归结 于物 照这么说 是 消除 物 还是 要 消除 物欲 呢 不 针对 任何人 仅 对 该 辩题 发表 观点 毕竟 评论 区 就是 讨论 的
4006039203,正方 已经 很 厉害 了
3991125593,拉克丝 集合
3982887256,周玄毅 哈哈 现在 已经 是 有名 的 公职 了 看来 钱 确实 不是 万恶之源 他 自己 论证 了
4104624313,啥时候 成公知 了
4113399939,回复 : 都 被 众多 大 V 挂 出来 公开 处刑 了 具体 时间段 就是 芳芳 写日记 最火 的 期间
4113686939,回复 : 能 指 一下 路 吗 哪里 说 了
4114064898,回复 : 我 去 给 你 搜 一下 吧 去年 的 事情 了
4114073613,回复 : 谢谢
3970304138,突然 脑补 评论员 根据 谁 能够 胜出 也 展开 了 一场 辩论 哈哈哈
3967013521,说 说 个人 的 看法 我 觉得 好 的 辩题 很 难得 这 显然 不是 一个 足够 好 的 辩题 用 这类 习语 当 题目 最 容易 出现 尴尬 和 生硬 的 情况 因为 众所周知 它们 有 很 强烈 的 感情 色彩 是 一种 通过 夸大 的 方式 去 表现 情感 倾向 的 载体 这 哪分 对错 呢 当然 把 话 说 明白 反方 就 没有 必要 继续 辩论 了 因为 没有 批驳 的 必要 了 辩论 是 一种 游戏 如果 正方 把 辩题 限制 在 合理 的 原生 含义 上 游戏 就 已经 结束 了 所以 只能 立场 极端化 试图 抛开 习语 的 渊源 和 目的 试图 从 理性 上 说明 金钱 是 万恶之源 这 本事 就是 不合理 的 强行 的 如果 非要 来 那 唯二 的 方法 就是 在 万字 和 源 字 上 下功夫 事实上 在 这里 纠结 万 完全 没有 意义 语言 词句 的 用法 和 含义 具有 很强 的 延展性 字典 里 不会 把 所有 情境 下 语意 的 变通 都 写 下来 非得 用 理性 的 东西 去 套 感性 的 东西 真 可谓 一团乱麻 唯一 有 意义 的 交锋 点 就是 源 然而 好 的 辩题 应该 有 很多 对抗 的 点 不然 岂 不成 拉锯战 连 新鲜 意见 和 论据 都 没有 不仅 毫无意义 还 惹 人 生厌
3965835496,委屈 本来 武大 的 论题 就 不 占优势
3960520423,感谢 高中语文 老师 切实 让 我们 感受 到 了 语文 的 魅力 辩论 百闻不如一见 百见 不如 一 干 有 兴趣 自然 喜欢 感谢 贾老师
3956689302,文采 真 好
3956689463,武大
3946555561,我 投 武汉大学
3945134967,原来 墙头草 竟是 我 自己
3915409196,辩题 对 正方 太 不利 了 没 办法
3910429860,马来西亚 口音 听 着 别扭
3899546233,有 辩论 兴趣 的 同学 可以 加 QQ 群 964704382 一起 约 辩
3892561608,整场 看 下来 一点 都 不 乏味
3892495364,美国 躺 了 好多 枪
3887005600,看 了 只有 一个 想法 我 就是 一个 墙头草
3884545006,台上 辩论 议题 台下 辩论 辩论 的 意义
3876798127,今天 语文课 上课 看 的
3872897155,第一次 看 这种 辩论赛 看得 我 热血沸腾 高手 过招 太强了
3863899848,这 不是 完整版 的 都 删 了 差不多 三分之一 了
3863890257,只有 懂 辩论 的 才 知道 这 一场 反方 有多强 另外 这个 视频 是 被 裁减 过 的 里面 有 一部分 双方 的 论述 内容 被 删掉 了 所以 看起来 有点 不 完整
3847188017,双方 说 的 都 有 道理
3843327177,我 是 一名 辩手 你 只有 真正 打 过 辩论 你 才 知道 你 与 他人 的 差距 不是 一点半点
4023386789,台下 感觉 我 上 我 也 行 一上场 却 发现 话 都 不敢 讲
3843020918,武大 是 大专
3869793383,那个 大专 是 指 大学生 专业 辩论赛
3869975422,回复 : 啊 哈哈哈哈
3834625101,周玄毅
3831238155,反方 三辩 真的 是 个 牛批 的 人物
3829524627,看 完 之后 只有 一个 想法 我 是 墙头草
3823311344,我 没 参与 过 辩论 但是 参与 过 无 领导 讨论 有时候 两队 辩论 到 一半 正 激烈 没辩 出个 是非 考官 喊停 要 我们 立刻 转换 观点 我们 就要 再 站 在 对方 观点 上去 推翻 我们 之前 站 的 观点 就 很 滑稽 显得 很 精分 但是 没 办法
3823298481,大家 不要 说 什么 这是 诡辩 啊 还有 那个 小猫 小狗 的 你 没 说 啊 这 都 是 辩手 的 策略 因为 更 明显 那个 虐猫 虐狗 的 恶行 就是 与 钱 无关 余磊 也 肯定 知道 所以 他 刻意 回避 了 这里 不说 其实 辩手 未必 认同 他 分到 的 这个 观点 的 只是 因为 抽到 了 这个 就 必须 要 硬着头皮 找 论据 罢了
3820149086,辩才 都 强 可惜 辩题 本来 就是 对 反方 有利
3823026039,辩题 普遍 就 有 两方 优势 劣势 很难 找出 一个 完全 中性 的 辩题
3952582756,还 真 不 一定 正方 观点 关键在于 万恶 起源 可以 不止 一种 阿钱 只是 多种 恶 源头 的 一种 可以 理解 为 枪 是 万恶之源 房是 万恶之源 等等 毕竟 钱 是 万恶之源 又 没 说 是 钱 是 唯一 的 万恶之源
3812280234,给爷 冲
3808815483,这个 辩题 实在 是 不好 还 不如 辩论 人性本善 还是 性本恶
3823198524,93 年 已经 辩过 一次 了 怎么 可能 重复使用 标题 想 看 这个 辩论赛 的话 b 站 也 有
3805646496,那年 我 才 6 岁
3799852718,所以 万 是不是 全部 的 意思 我 觉得 谁 都 知道 万 其实 就 有 全部 的 意思 那 可能 把 世界 上 全部 的 罪恶 的 原因 都 归 给钱 吗 肯定 是 不 可能 的 因为 钱 诞生 之前 肯定 就 有 恶 了 所以 正方 的 概念 是 把 钱 是 万恶之源 变成 钱 是 许多 恶 的 原因 反方 则 是 要 把 钱 不是 万恶之源 变成 钱 不是 所有 恶 的 原因 这 两个 概念 是 可以 共存 的 但是 问题 是 钱 是 / 不是 万恶之源 所以 变成 了 争夺 而 不是 万 是 / 不是 全部 的 意思
3793297628,辩论 是 辨 不出 真理 的
3808944471,回复 : 所以 说 没卵用
3808948954,回复 : 看似 逻辑 缜密 实则 到处 是 漏洞
4908551633,您 多 厉害 呀 学历 有 本科 没 呀
3793256760,对于 一个 理智 的 人 来说 辩论 除了 训练 挑 问题 和 口才 的 能力 这种 非黑 即 白 的 对抗 毫无意义 正方 永远 是 正方 反方 永远 是 反方 交流 才 有 意义
3789799863,幸亏 正方 是 武大 的 汉派 强推 能 辩论 到 不分伯仲 已经 很 不错 了 只 可惜 正方 一辩 的 立论 框架 搭 的 不够 好
3789254162,高中 为了 写 议论文 就 来 学学 辩证 思维
3789061584,个人 不 喜欢 辩论 因为 辩论 总是 二元 对立 太 激烈 个人 不太 喜欢 这种 风格 还是 喜欢 中国式 的 探讨 统一 前提 下求 不同 角度 互相 印证
3786580041,过 两天 就要 辩论 律师 是否 为 犯人 辩护 了
3781186398,员 下面 不是 个 贝
3789725322,不是 贝员字 是 口 冖 人
3792855945,回复 : 谢谢 长 知识 了
3779707203,带磊 字 的 都 牛 逼 比如 涂磊 黄磊 等 而且 磊 这个 字 的 含义 相信 大家 也 都 知道
3779680498,好能 说 啊 去 谈恋爱 谈 一个 成 一个 啊
3774224218,看 了 想 喝水
3771727935,我 就 觉得 人 的 邪念 是 万恶之源 而 金钱 强化 了 这 一 邪念 使人 铤而走险 正反 从 文字 的 概念 举例 了 很多 恶性 的 例子 可 这些 恶性 的 例子 说到底 还是 为了 人 的 私心 邪念 而 服务 这 是 人 邪念 的 一种 表现 手段 而 手段 是 没有 好 与 坏 的 就 看 使用者 使用 的 方式 问题 还是 在于 使用者 自身
3769676380,这个 辩题 给 余磊 感觉 是 屈才 了 大量 时间 花 在 了 驳斥 对面 的 四个 问题 和 为 队友 创造 机会 上 留给 自己 的 时间 有点 少 个人感觉 多少 跟 辩题 本身 也 有点 关系 看 了 好几遍 了 有 的 时候 在 想 也许 能 听到 更 多 精彩 的 言论 也 说不定 呢 有 意外 的 惊喜 就 更好 了
3770699951,不过 他 那个 毒贩 不是 为了 钱 难道 还是 为 吸毒 的 人 服务 的 吗 那 他 干脆 免费 大 派送 好 了 实在 高光 一年 前 看 完 这场 我 印象 最深 就是 这句 于是 今天 来 回顾
3767752800,我 是 反方 我 支持 正方 的 观点
3764656595,我 感觉 直接 说源 就行了 啊 金钱 不能 为 根源 金钱 只是 产物 你 再 怎么 万 他 根本 就 不是 根源 怎么 是 呢 没 了解 瞎 讲 的
3764684154,还有 主辩 那边 钱 为什么 不 可以 既 是 这个 又 是 那个 呢 只 举例 证明 钱 有 善 的 作用 不能 消除 钱恶 的 作用 太 极端 了
3764809277,金钱 是 万恶之源 文学 角度 金钱 又 不是 万恶之源 逻辑 角度
3759635181,周玄毅 怎么 变成 现在 微博上 那 副 啥 比样 的
3759122749,语文 老师 给 我们 看 了 这 视频 真的 好强 啊 最 喜欢 余磊
3767185340,我们 今天 语文 老师 也 给 我们 放 了 特意 过来 看 完
3758855825,鬼才
3752338047,弹幕 真 low 看 的 是 口才 而 不是 所谓 的 谁 对 谁错 公孙龙 的 诡辩 都 是 错 的 但是 能 把 你 怼 的 哑口无言
3748692183,今天 辩论赛 我 说 的 磕磕巴巴 还断 了 脑子 想 的 完全 说不出来 提前准备 的 论点 也 表达 不清 太难受 了 我 好 自责
3750155801,摸摸头 下次 努力 噢 ( = = )
3751567594,回复 : 呜呜 呜 你 也 要 学习 奥
3746378710,想 问 一下 大佬 这 给 正方 怎么 辩会 比较 好 呢 感觉 有点 把握 不住 啊
3749046560,后来 打 了 一场 钱 是不是 万恶之源 老 僵尸 和 恐龙 复生
3745140210,真的 厉害 上午 语文 老师 给 我们 看 了 他们 辩论 的 成败论 英雄 也 超级 nb
3744958039,看 完 了 人才 是 万恶之源
3740294410,昨天 老师上课 给 我们 放 了 这个 耶
3743147344,巧 了
3736399735,反方 一辩 明显 逻辑 占优 啊 怎么 弹幕 还 开始 嘲笑 了 正方 一辩 下定义 只 说 了 现在 所 存有 的 影响 而 压根 忽略 了 源头 两个 字 反方 很 清楚 地 抓 到 了
3736438846,源头 不 等同 现存 的 影响 要 证明 有 a 才 有 b 只要 反方 举出 制度 作为 一个 c 说明 a 影响 c 才能 推导 b 这场 辩论 也 很 好 赢 其实 有 的 辩论 只要 不是 节目 效果 都 可以 给 双方 互相 交谈 下定义 的 环节 排除 一些 愚蠢 的 辩题
3736365754,我 看 了 这个 跟着 学 结果 人家 三辩 只 给 十五秒 完败
3733226908,谢谢 评论 区 的 提示 关 弹幕 保 智商
3732716007,大脑 跟本 跟不上 思路
3730741825,真正 是 万恶之源 的 是 私有制 啊 而 不是 钱 这个 工具
3730650973,这个 视频 初中 老师 有 给 我们 看过 现在 再 来看 一遍
3730096390,语文 老师 不让 开 弹幕 ...
3728258351,我们 班 将 进行 一场 辩论赛 我 先取 取经
3730910346,巧 了 我们 院 也 是
3731244867,回复 : 俺 也 一样
3725330167,袁丁 有点 猛
3724984206,人才 是 万恶之源 而且 这 两个 辩题 都 是 有 道理 的 就是 看 谁 的 气场 更足 谁 的 发言 更能 打动 评委 了
3724646181,我 现在 才 知道 为什么 诸子百家 这么 受 推
3723883231,万恶之源 不是 恶 而是 源 马克思主义 哲学 告诉 我们 意识 是 物质 在 人脑 中 的 能动 反映 无论 何时 出现 钱 作为 物质 载体 和 商品 的 同一 物 本质 来说 是 工具 而 真正 决定 其 去向 和 来路 的 是 使用 工具 的 人 ( 哈哈 当然 不是 工具 人 啦 工具 人 实质 上 是 受 资本 碾压 的 有 产出 劳动力 商品 的 劳动者 ) 今天 当 我们 谈论 人性 之本 的 时候 我们 在 谈些 什么 我 个人 认为 性之本 是 善 也 是 恶 这 两种 观点 并 没有 本质 冲突 但 更 推崇 性之恶 因为 性之善 对于 大多数 人 的 成长 历程 来说 是 一个 打破 美好 不断 质疑 的 过程 但 往往 很多 不幸 就 产生 于 此 了 而性 之恶 让 我们 在 最 开始 认清 人类 本质 的 同时 学会 去 保护 自己 在 恶之源 中 结出 善之果 这 是 不断 与 人类 本性 抗争 并且 具有 非常 价值 的 存在 知其 白守 其 黑 这 是 我 一生 不 渝 的 选择 站 在 万恶 本源 之恶处 守望 光明 之星芒 ( 忽然 发现 这个 问题 是 和 别人 探讨 碰撞 三观 的 好 元素 哈哈 ) ( )
3723952367,想要 补充 一些 东西 现实 物欲横流 因此 常需 独立思考 但是 真正 做到 有效 的 独立思考 要 积累 寻溯 于 思维 逻辑 的 不断 发展 和 充实 而 辩论 则 是 锻练 于 此 极为 有效 的 一种 方式 正反两方 一分为二 思辨 全面 立场 不同 不断深入 看 辩论 思而 学学 而思 丰富 自身 逻辑 体系 与 思维 的 深度 与 广度 化为 己用 新
3730747575,是 私有制 啊 而 不是 钱 钱 只是 工具 共产主义 社会 也 可以 有钱 这个 工具 存在
3723204961,反方 确实 逻辑 更强 而且 更 实在 更 有 说服力 正方 的确 有 文采 但是 相比之下 论述 地 有点 虚空 和 以偏概全 了 总之 这 一场 真是 神仙 打架
3723215574,还有 反方 四辩 真滴 牛 逼 爱 了
3721797272,最 垃圾 的 成为 了 最佳 辩手 牛 逼 正方 3 辨 的话 就 从来 没 在 逻辑 上 全是 以偏概全 用 一些 不 在 逻辑 上 的 谚语 和 俗语 强行 增强 气势 这 辩论 的 核心 也 完全 走 偏 了 一直 在 论 万 这个 字 有 什么 意思 应该 论 的 是 源 正方 的 核心 是 把 贪 和 钱 画 上 等于号 反方 的 核心 是 贪 和 钱 分开 来 这个 马来西亚 就 做 的 很 好 所有 赢 是 必然 的 还 3 比 25 比 0 都 是 应该 的
3730751659,键盘 侠 辩手 请 你 上台 辩
3994809961,老懂王 了
3721661752,写作 最佳 的 比喻 就是 把 蚂蚁 联想 成 大象 辩论 最佳 的 比喻 就是 把 大象 浓缩 成 蚂蚁
3717679037,之后 看
3704203481,古代 的 名家 就是 这样 吗
3700548403,顿觉 自己 平时 的 积累 的 太少 太少 了 巨佬 不愧 是 巨佬
3699937472,英雄 辩 看看 顺爽赛
3697966272,太强了 学废 了
3688163873,弹幕 里 有 几个 是 真正 上 过 辩论 赛场 的 难道 你 辩论 的 时候 还要 对 自己 的 立场 犹豫不定 说 什么 牵强附会 我 都 蒙 了
3686550842,我 觉得 钱 不 可能 是 万恶之源
3685562216,哈哈哈 神仙 打架
3678865196,弹幕 大部分 人 估计 都 没 打过 辩论赛
3671360168,01 年 我 才 出生
3670130971,就 这 毫无意义 职业 辩棍
3670842463,没 必要
3668434261,不看 内容 不看 大陆 还是 海外 单看 论题 正方 赢 不了 大多数 在 这个 经济 为 中心 的 背景 下 几个 人会 认为 钱 是 万恶之源 看 双方 技巧 带 节奏 的 能力 我 支持 正方
3685531990,正方 的 辩题 给 他们 带来 的 劣势 太大 了 作为 一个 门外汉 我 很 佩服 正方 能 打 的 有 来 有 回
3999759288,抽签 决定 辩题
3668263035,真的 好 精彩
3668266513,精彩
3665420256,说真的 世界 上 那么 多恶 你 非 让 正方 说 钱 是 万恶之源 真的 不利 好 吧
3665412832,弹幕 打 什么 架 啊 真的 是 都 是 大能别 给 我 拉 踩
3670689061,辩论 和 辩题 是 两码事 只是 通过 辩题 来 表现 辩论 的 能力
3658859235,看 的 我 都 紧张 了 我 不是 墙头草 我 是 乒乓球
3658472100,昨晚 老师 刚 给 我们 看过
3656819142,我 又 来 了 很 下饭 很 厉害
3656554958,逻辑学 课上 看 了 这个 视频
3653711103,钱 是 万恶之源 的话 就让 我 承受 这些 恶 吧 来 打 钱
3650933796,真正 的 恶念 其实 是 对 金钱 无 道德 无休止 的 追求 而 不是 金钱 本身 金钱 让 这些 恶念 像 开了花 的 的 罂粟 引 人 堕落 他 让 人 心中 是非颠倒 让 良心 蒙昧 他 让 世间 评判 标准 已改 再 改 让 人 逐渐 变得 冷漠 枯燥 虚伪 他 是 伊甸园 那条 蛇 他 教会 了 人类 智慧 但是 也 由此 开启 了 人类 善恶 观 的 开启 金钱 也 是 万善 之源善 与 恶 必然 同时 存在 所以 金钱 并 不是 恶 本身 个人 觉得 正方 观点 明确 后期 更是 有 越战越勇 之力 显示 出 选手 思维 之 清晰 可是 整场 节奏 都 是 被 反方 掌控 对 反方 的 回击 在 字眼 上 专注 于太多 如果 在 本身 辩论 观点 方面 有 连续 强硬 的 回击 也许 这次 就 没有 悬念 了 不过 正方 的 知识 量 让 我 大开眼界 语气 之 果敢 思维 之 敏锐 让 我 惊叹 双方 立场坚定 对 日本 的 态度 一致 显示 了 华人 群体 的 团结 与 凝聚力 所以 这场 辩论 的 意义 有 更深 的 影响
3642967237,说 文理 思维 不 一样 的 说 观点 不 符合 道德 啥 啥 的 真 就 纯路 人 呗 但凡 你 打过 一场 辩论 都 不会 这样 说
3642975634,以前 最 喜欢 看小破 站 的 弹幕 了 有趣 有时 还 能 涨 知识 现在 关 弹幕 保 智商 ( )
3640255044,双方 一直 都 没 回答 对方 的 问题 而是 换 了 一个 角度 又 提出 了 新 的 问题
3670689415,其实 这 就是 辩论赛 啊
3637383543,为啥 画质 差 就 说 是 av 画质 av 画质 不好
3676408266,以前 流行 网盘 看 小 网站 看 转载 太 多遍 确实 画质 不好
3636816094,这 谁 说 的 都 对 呀
3633058641,新高 一 报道 辩论 课 老师 说 金钱 辩 之所以 是 华语 论坛 的 经典 在于 此场 比赛 过后 国内 辩论 队 终于 意识 到 逻辑 的 力量 远远 大于 词藻 的 华丽
3630603405,前来 考古 20201023
3630204496,看 完 罗素 跟 科普 尔斯 顿 神父 的 辩论 再 看 这个 真的 感觉 到 境界 的 差距 怪不得 现在 的 辩论赛 被 那么 多 学者 批评
3627882617,正方 四辩 声音 太 好听 了
3625537595,果然 不看 弹幕 是 正确 的 选择 看 评论 区 大都 在 吐 槽 弹幕 还好 我 没有 打开 以后 也 不 打开 哈哈哈 听 他们 讲 已经 很 费力 了 真 分不出 精力 看 弹幕 了
3625533497,看 一场 辩论 都 很费 脑子 他们 真的 好 厉害 反应 能力 太快 了 我 都 跟不上
3624143629,有 一个点 这个 辩题 是 钱 是 万恶之源 而 不是 万恶之源 是 钱
3622509743,我们 老班 让 我们 看过
3618798633,叹服
3618505759,有 辩论 稿 吗 好 想要
3617721123,30 号 参加 学校 辩论会 希望 一举 拿下 他们
3617539454,百看不厌
3608809084,但凡 喷子 有 这 水准 我 也 不至于 被 他们 的 蠢气 的 心态 爆炸
3606423326,我 在 评论 当 辩手
3604964657,报名 了 辩论赛 前来 学习
3603320978,哇 弹幕 真 都 是 大辩论 家 哦
3590056109,时隔 一年 我 又 来 了 然而 弹幕 评论 还 在 抬杠 估计 大部分 上场 屁话 都 说不出来
3579928229,万恶之源 不是 恶 我 瞬间 就 倒 向 了 正方 牛 逼 啊啊啊 啊啊啊 啊啊啊
3579364942,考古
3575682767,辩论 感觉 理工科 还是 吃亏 些 因为 太 讲 实证 了 在 泥潭 打滚 的 时候 可不 讲 那么 多 道理
3568092965,今天 晚上 报 的 名 后天 打 第一场 辩论赛 前来 观摩 学习
3651606055,怎么样 朋友 赢 了 吗
3651652560,回复 : 赢 了
3651657427,回复 : 进院队 了 每天 要 开会 三个 小时 不 知道 该 开心 还是 难过
3651700548,回复 : 你 是 几辩 啊 我 也 要 第一次 打 辩论 了 有 什么 新人 经验 可以 分享 分享 吗
3651697323,回复 : 紧张 得 很
3676543993,回复 : 我 是 三辩 看到 的 有点 晚 了 我们 的 那些 东西 都 是 领队 交 的 辩论赛 很 看 赛前 准备 赛场 上 不慌会 演绎 就行 我们 正式 的 也 就 打 了 一场 现在 也 还是 新人
3567681848,最后 重申 一下 我 的 言论 单纯 是从 这场 辩论 引发 的 联想 我 看 了 很多遍 我 很 专注 也 觉得 精彩 愉悦 我 看 逻辑学 胜 于 爱看 哲学 和 哲学史 我 爱 语文 爱 修辞 爱 汉语 胜 于 逻辑学 我 爱 浑浊 的 声音 爱 诡辩 爱 巧言 悦色 爱 临场发挥 又 胜过 语文 我 毫无 一种 我 可是 喜欢 哲学 的 人 的 迷 之 优越感 对于 正方 该 怎样 获胜 我 也 是 除了 用 哲学 思维 拿 人性 善恶 问题 让 反方 陷入僵局 这 一个 小 想法 之外 没有 任何 头绪 我 只是 想 让 大家 理解 辩论 和 哲学 的 关联 场上 周玄毅 身上 那 一瞥 可贵 的 哲学 气质 这是 对于 我们 相比 华丽 的 秀 更 实用 和 有 价值 的 学习 线索
3567619755,接着 上述 的 文字 我们 会 思考 : 谁 能 把 窝头 做成 鲍鱼 味 极其 精彩 的 雄辩 如何 胜过 事实 这场 比赛 正方 难道 除了 普罗泰戈 拉 复活 除了 长出 张仪 的 舌头 苏秦 的 巧 嘴 就 输定 了 吗 我 看 不然 正方 其实 从 周玄毅 身上 我 看到 深层次 逻辑 的 论述 苗头 体系 性 和 辩证 性 的 思维 因此 虽然 正方 整体 趋于 诡辩 但 掩盖 周玄毅 的 发言 说 正方 欠缺 逻辑 我 认为 站 在 观众 和 爱好者 的 角度 不太对 第二 层面 的 具体 论述 : 首先 周玄毅 结尾 的 总结 作为 哲学系 学生 他 最 开始 提到 了 孟子 的 性善 说 这 是 与 整场 正方 的 雄辩 反方 的 推理 完全 不同 的 论证 方式 赛中 也 有人 提及 萨特 的 哲学 可 这种 提及 属于 引证 修辞 为了 加强 语言 效果 而 不是 为了 铺述 哲学 体现 了 对 形而上 问题 的 追溯 而 非 针对 一个 论题 深度 深得 多 周玄毅 由 孟子 的 性善 抛出 人之初 性善 或 性恶 的 问题 这个 问题 其实 早一 开始 提出 就 能 给 反方 恶 源于 人性 贪恶 不小 的 麻烦 其次 周玄毅 又 铺述 了 一遍 世界 上 的 恶行 这种 铺述 赛中 出现 了 许多次 周玄毅 却 抛砖引玉 将 问题 放在 哲学 上 普遍化 桌子 是 用来 坐 的 饭 可以 解饱 这些 不是 普遍化 物质 决定 意识 是 普遍 的 实体 是 万物 本原 这种 断言 是 普遍化 的 周玄毅 说 他 说 万恶之源 本身 并 不是 恶 这句 话 非常 具有 普遍性 色彩 接着 周玄毅 又 说 钱 是 所有 外部 刺激 的 抽象 代表 因为 抽象 代表 所有 这 三个 词 使得 这句 话 又 很 具有 普遍性 色彩 只是 留给 武汉队 的 时间 不多 了 这种 哲学 性 策略 必须 一 开始 就 具 高屋建瓴 之势 才能 发挥 能力 于是 周玄毅 以 人性 的 光辉 虎头蛇尾 结束 如果 这个 队 采用 周玄毅 的 哲学 思维 或许 不 一定 能 胜利 但 他 展示 出 的 东西 就 更 有 价值 正方 的 知识 储备 诡辩 反应力 形体 讲演 已 是 巅峰 只是 哲学 性 的 思维 才能 让 听众 不 只是 体验 一场 秀 而是 更 多 的 价值 善恶 物质 精神 道德 源头 这些 东西 在 哲学史 上 有 相当 漫长 而 丰富 的 讨论 这场 辩论 可以 引发 除了 性善 性恶 外 还 可以 引申 道德 的 尺度 问题 甚至 还 可以 追溯到 本原 问题 借此 引申 神学 问题 甚至 是 发展 心理学 和 社会心理学 人类学 问题 这 都 是 这些 人 可以 做到 的 但 这 是 场 辩论赛 我 说 的 这些 效果 远不如 正方 的 策略 况且 雄辩 是 艺术 哲学 是 学术 这 又 是 两个 截然不同 的 事物 根本 不能 相互 比较 以 我 的 卑见 也许 正方 本 可以 将 反方 陷入 性善 性恶 僵局 外 并 无能 做 更 多 的 了 正方 是 必输 的 角度 但 周玄毅 身上 的 哲学 气质 对于 观看 者 是 可贵 的
3567405221,已经 是 2020 年 了 周玄毅 和 马薇 薇 分手 已经 过去 几年 了 这场 辩论 结束 已经 19 年 了 除了 感叹 时光 匆匆 有 一些 延伸 的 联想 核心 在于 正方 四辩 周玄毅 他 是 武大 的 哲学 讲师 如果 论 逻辑 与 辩证 我 想 实际上 对面 没有 人 比得上 这 一位 哲学 学者 实际上 最后 那位 汉学家 说 正方 修辞 和 渲染 能力 强 逻辑 欠佳 这个 说法 实际上 是 不 对 的 这个 不 对 的 地方 分 两层 第一层 是 汉学家 以及 所有 懂 辩论 的 人 知道 的 就是 正方 内容 并非 忽略 逻辑 的 产物 而是 以 修辞 诡辩 渲染 取代 逻辑 的 计划 但 汉学家 为何 明知 正方 是 为 诡辩 而 舍弃 逻辑 还要 批评 正方 逻辑 欠佳 呢 因为 在 这些 高水平 人 看来 正方 的 诡辩 不足以 偷天换日 正方 的 修辞 不足以 使人 鬼迷心窍 正方 的 渲染 不具 声入 人心 因此 虽然 反方 只是 合理 规矩 正方 确实 大展 文采 汉学家 面对 反方 馒头 味 规规矩矩 的 馒头 常识性 论点 和 正方 豆包 味 修辞 渲染 讲演 的 窝头 难证 的 论点 时 还是 更 认可 前者 试想 一下 正方 如果 做出 了 蛋糕 味 鲍鱼 味 的 窝头 呢 会 不会 以 雄辩 得到 胜利
3562320094,万恶之源 永远 都 只是 欲望 导致 的
3561565518,太 厉害 了 慕名而来
3549983551,2020 年 看 美国 总统 的 辩论 再 来看 这个 都 比 美国 选举 辩论 强
3544909388,国际 带 专 辩论会 原来 这 就是 带 专生 的 实力 啊 i 了 i 了 这 就 去 本升 专
3567950849,这个 大专 是 大学生 专业 辩论赛
3537368003,来 拜 神仙 了
3535366539,中国 必将 实现 社会主义 高级阶段 步入 共产主义 社会 的 阶段 在 共产主义 社会 高级阶段 社会 在 自己 的 旗帜 上 写 上 各尽所能 按需分配 脑力劳动 和 体力劳动 的 对立 讲 消失 劳动 已经 不仅仅 为 谋取 金钱 而且 本身 成 了 生活 的 第一 需在 随着 个人 的 全面 发展 他们 的 生产力 也 增长 起来 而 集体 财富 的 一切 源泉 都 充分 涌流 之后 只有 在 那个 时候 才能 完全 超出 资产阶级 权利 的 狭隘 眼界 把 万恶之源 改造 成善 之花 你 方 不 承认 钱 的 恶 就 不 不成 仍 资产阶级 剥削 劳动 人民 的 恶 你 方 的 思想 不 符合中国 特色 社会主义 价值观 请 好好 反省
3533942218,小学 时 看 的 当时 惊呆 了 觉得 里面 的 人 了 得
3533410642,很 好看 即便 是 2020 年
3529405450,逻辑 鬼才 啊
3528905049,"钱 不是 万恶之源 , 好 了 , 你们 可以 散 了 对 佛家 来说 没 钱 , 打家劫舍 机关算尽 了 么 , 没有 , 因为 他们 欲望 低 , 导致 金钱 的 诱惑 也 低"
3520432366,语文 不 就是 抠字眼 吗 弹幕 人均 辩论 大神
3519090974,万恶之源 这个 词是 出自 圣经 里面 的 拿 个 中文 大辞典 只能 说 牛 不 对 马嘴
3516029946,来 学习 学习
3510362959,我 看 辩论赛 的 目的 通常 是 看 优秀 的 人 并 汲取 我 从没 想过 的 思维 很多 辩论赛 都 有 令人 惊喜 的 启发 即便 是 高中 内部 自己 举办 的 小型 辩论赛 我 也 从中 发现 过 让 人 眼前一亮 的 东西 但是 很 遗憾 反方 从头到尾 都 是 普通人 思维 完全 没有 任何 能 吸引 我 的 地方 普通人 的 思维 普通人 的 视角 夺冠 顶多 说 是 失误 较 少 实在 是 很 失望
3506573253,好无语 弹幕 里 老 是 有人 用 思虑 了 很 久 的话 来 反驳 人家 当场 组织 出来 的 语言 有 一 说 一 他们 处在 现场 不见得 能 像 人家 一样 发挥 得 好
3506327980,前段时间 老师 给 我们 放 了 这个 第一次 看 辩论赛 果真 辩论 就是 对于 语言 的 玩味 顺便 表白 袁丁 佩服 佩服
3503937774,总 感觉 辩论 这 东西 和 辩题 还是 有 关系 的 一个 正反 辩题 就是 对 我们 传统 认知 的 颠覆 了 想 反过来 去 适应 这 就 不 公平
3496190291,通篇 看 下来 钱 的确 是 万恶之源
3494042938,从 3750 到 结束 就是 颁奖典礼 最后 获胜 的 是 马来西亚 大学 这 段 不想 看 的 可以 跳过 这场 辩论 最后 谁 输 谁 赢 已经 不是 很 重要 了 重要 的 是 看 各位 辩手 的 精彩表演
3486815582,如果 需要 关 弹幕 来 维持 独立思考 的话 说明 你 本身 这 独立思考 能力 还是 不大 OK
3491380417,关 弹幕 是因为 其 言论 过于 沙雕
3453384204,牛 逼
3453388871,牛 逼
3453384049,牛 逼
3453390321,牛 逼
3441657395,正方 把 我 辩服 了 呀 虽然 我 知道 钱 不是 万恶之源
3423522706,真 希望 科学 发展 到 一定 程度 的 时候 能 让 我们 看到 孔子 对 鬼子 老子 对 商子 孟子 对 张子 等 情况 特别 想 看看 西方 干预 或 干涉 经济学 大师 凯恩斯 和 东方 古典 重商主义 或 干预 主义 经济学家 管仲 的 辩论
3423523463,那 大概 是 太空时代 了 吧
3529896717,天 想想 就 好 激动
3542659672,回复 : 当然 基础教育 得 跟上 不然 没 人 看得懂 就 离谱
3542714356,回复 : 哈哈哈哈 哈哈哈哈 哈哈哈 春秋战国 不同 方言 吵仗 也 挺好玩
3542785242,回复 : AI 同声 传译 可以 办到 的 吧
3401918622,辩论赛 群 QQ1018042692 各位 童鞋 可以 一下
3398678963,突破 6000 评论
3382703743,视频 要 下架 了 是 什么 基金 支持 了 这个 活动
3382705207,为了 高中 的 辩论赛 设计 前来 学习
3382676097,货币 是 万恶之源
3367208579,刷 日期 的 脑子 多少 粘点
3396541087,就 想 那些 视频 软件 里边 有些 人刷 自己 几 几年 出生 几几 后 大家 不想 知道 你 的 年龄 哦
3354988510,每次 看 这种 辩论 总是 感觉 要 吃亏 哪怕 双方 实力 差不多 稳定 白给 外国 队 就 和 国足 一样 输给 别人 就是 最好 的 外交 当然 国足 是 真 没 实力 但是 辩论 这 玩意 就是 讨个 彩头 恶是 人性 的 物质 本身 没有 好坏 之分 把 钱 不是 万恶之源 这个 给 外方 摆明 了 把 好 说 的 给 别人
3353623143,ps 很多 人 或许 不 知道 但是 海外 汉学 的确 是 很 666 的 海外 的 中国 汉学 和 中文系 也 有 很多 很 牛 逼 的
3353599958,不过 有 一 说 一 还是 觉得 反方 牛 一些 普通话 不怎么 好 算是 个 瑕疵 但是 我 觉得 对方 虽然 黄暴 但是 举 的 例子 都 挺 好 的 反正 我 反应力 已经 没 跟上 了
3353586066,还有 我 知道 为什么 那么 多人 容易 被 洗脑 了 毕竟 看个 视频 都 感觉 自己 被 来回 说服 了 三四次
3353545536,看 完 视频 看 完 弹幕 看 完 评论 区 我 是 恶行 了 吧 我 的 恶 就是 点开 这个 视频 本来 是 想要 学 点 东西 结果 全在 吵架 吵 peach 呢 这 不是 辩论 吗 最后 不是 论 对错 而是 讨论 罢了 最后 看 谁 的 比较 强
3341087584,2020 年 我 在 看
3333318787,夸一夸 辩手 们 卧槽
3328032989,我 觉得 最后 正方 4 辩 的 那句 钱 是 万恶之源 但 万恶之源 不是 万恶 完全 可以 展开 呀 也 可以 用来 反驳 反方 结出 善 的 果 就 像 失败 是 成功 之母 但 成功 之母 和 成功 一样 吗 可惜 感觉 提出 来 的 有点 晚 了
3324480434,辩论 小白 前来 观摩 神仙 打架
3318202665,这 正反 观点 不太 公平 啊
129440710320,看 的 是 辩论 能力
3317446944,这种 正反方 的 观点 已经 决定 优势 了 看 的 我 好 紧张 不过 我 觉得 袁丁好 厉害 真的
3315135420,能 引发 新 思考 的 辩论 就是 好 辩论
3313581811,你们 说 什么 都 对
3311915884,钱 万 恶 源 每个 字 几乎 都 能 拿来 让 双方 辩友 定义 啊 感觉 的确 辩论 应该 重 逻辑 而 不是 辞藻
3311135386,这个 论点 我 个人 认为 是 反方 比较 好辩 一点 正当 能 辩到 基本 不 占 下风 已 是 其 能力 的 最高 肯定
3310669220,我 发现 很多 人 把 钱 看 的 太 低 了 觉得 钱 是 人造 出来 的 是 人定 的 万能 交易 手段 真正 的 恶 是 人 的 贪欲 所以 钱 只是 工具 但 其实 事实上 当人 把 金钱 这个 概念 提出 来 的 时候 就 没有 人 可以 控制 钱 了 哪怕 到 现在 高度发达 的 现代 社会 钱 还是 人 这 是 最深 层面 的
3310622832,第一次 交锋 时 反方 2 辩 并 没有 扳倒 正方 2 辩 的 观点 正方 2 辩 并 没有 说 钱 是 衍生 出 了 所有 的 恶 万恶 的 意思 是 数量 特别 特别 多 的 意思 而 反方 2 辩 强调 的 因为 女朋友 背叛 而 杀人 不是 因为 金钱 并 没有 对 正 2 的 观点 有 一丝丝 的 伤害
3310452330,辩论 小白 整理 的 全程 笔记 因为 有 纰漏 所以 请 不要 责怪 辩题 钱 是不是 万恶之源 正方 立论 钱 与 任何 商品 等价交换 效用 无限 vs 有 占有 有限 非 商品 商品化 混淆是非 人 对 钱 的 崇拜 目的 本身 反方 立论 世间 的 恶 成千上万 单一 的 钱 无法 包括 恶 取决于 个人 的 行为 不 取决于 钱 正方 二辩 万 不 等于 一切 千辛万苦 一切 的 苦 数量 多 进一步 辩证 进一步 阐述 了 钱 的 罪恶 重复 观点 反方 二辩 无限 的 需求 有限 的 占有 不能 证明 万恶之源 道德 健康 爱情 钱 的 欲望 贪钱 钱 不是 罪恶 本身 5 . 正方 三辩 主要 破解 对方 例子 a . 对于 万万 的 破解 b . 家庭暴力 钱 c . 最大 仇恨 钱 d . 吴三桂 皇帝 钱 反复强调 自身 观点 6 . 反方 三辩 恶 贪钱 贪为 恶 的 本身 反复强调 钱 不是 恶 的 必要 导因 追求 金钱 不是 恶 不择手段 才 是 恶 恶缘 结善果 人 的 行为 恶 钱 没有 主动性 无法 满足 万恶之源 的 条件 在 钱 的 产生 之前 有 了 恶 钱 并 不是 万恶之源 7 . 自由 辩论 主要 胶着 点 在 钱 产生 后 有 很多 的 恶 满足 万恶 条件 人 的 贪欲 淫欲 性欲 财欲 万恶之源 的 恶 到底 在 钱 还是 在 欲望 万恶之源 的 定义 到底 指不指 的 是 一切 的 恶 8 . 反方 结辩 这里 因为 没有 太 听懂 所以 说 整理 的 不好 恶 的 本性 在于 人 不 在于 钱 钱 是 目的 导因 钱 的 作用 不仅仅 是 恶恶源 结善果 循环论证 本方 观点 解决问题 9 . 正方 结辩 恶 不 等于 一切 证明 恶 源于 外 在 的 诱惑 人性本善 欲 源于 钱 反复强调 升华 主题 最终 结果 反方 获胜 正方 余磊 最佳 辩手 因为 是 辩论 小白 所以 说 看 的 每 一场 辩论 基本 都 会 做 笔记 做 的 不好 请求 指教
3308330264,钱 是 为了 什么 为了 更好 的 事物 而 出现 人 为了 更好 的 事物 而 去 不择手段 的 实行 这 不是 贪念 吗 钱 是 实现 贪念 的 一种 工具 由于 钱 而 引发出 的 恶行 它 也 是 为了 实现 贪念 的 一种 手段 总的来说 贪才 是 真正 的 恶
3307824895,个人 认为 钱 是 实现 万恶 的 一种 中间 物
3306145946,time 这 首歌 引用 的 演讲词 正好 可以 作为 反方 论点
3303399482,来 学习
3302213798,人类 发展 的 必然性
3299729574,啊 辩论 太有 魅力 了 吧
3296277169,代入 感太强 快 紧张 死 我 了
3293185906,上次 记得 是 几年 前考 完 科目 一在 外面 等 人 时候 看 的 了 哎 时间 真 快 哈哈哈
3292908368,当时 看 完 的 时候 老师 叫 我们 评价 那边 赢 我 毫不犹豫 说 了 武大
3290730578,有点 没 懂 正方 四辩 总结 的 结尾 怎么 感觉 是 在 论证 反方
3290657861,从 自由 辩论 开始 反方 辩论 黄暴 选手 正方 辩论 赌毒 警察 哈哈哈 哈哈哈 c 全面 围堵 黄赌毒
3290374508,国际 大专 辩论赛 是 新加坡人 首创 的 比赛 在 东南亚 的 口语 表达 里 大专院校 就是指 大学 的 意思 他们 的 学制 和 我们 是 不 一样 的 所以 这里 的 大专 完全 不是 大陆 的 大专 的 意思
3273928514,不太 理解 为啥 反方 观点 好辩 啊
3270552213,看 了 很多 辩论 和 评论 还有 相关 的 书籍 有 受到 不同 程度 的 启发 也 想来 分享 自己 的 收获 和 想法 一 开始 看 奇葩 说 沉浸于 来自 五湖四海 的 辩手 的 技巧 和 魅力 也 是 第一次 感受 到 辩论 的 魅力 后来 在 如何 阅读 一 本书 中读 到 关于 辩论 作者 认为 辩论 不为 胜辩 而 为 追求真理 罗翔 教授 也 有 类似 的 言论 主张 简单 的 说 就是 我们 之所以 想要 辩论 一个 问题 是因为 对 同一个 问题 有着 不同 的 立场 需要 通过 辩论 来 使 大家 共同 找寻 真理 到底 是 什么 在 此 前提 下 我们 要求 辩论 开始 前 的 基础 是 辩手 都 对 辩题 的 定义 有着 共同 的 认知 能够 达成 共识 只有 在 此基础 上 辩论 的 果实 才 是 真理 而 不是 只是 一个 最有 说服力 的 论点 像 视频 中 对于 万恶之源 的 万 是 指 全部 还是 很多 展开 的 讨论 就 属于 双方 对于 辩题 的 定义 并 没有 统一 而 引起 的 辩论 这样 的 辩论 注定 不是 以 真理 为 目的 导向 的 所以 也 难以 定论 谁 对 谁错 但是 并 不是 说 因为 他们 对 辩题 没有 达成 共识 就是 一场 失败 的 辩论 因为 辩论 的 目的 仁者见仁 智者见智 上面 所说 的 是 以 追求真理 为 目的 的 辩论 所 做出 的 要求 的 原则 这是 一场 辩论赛 目的 是 一决雌雄 分出 高下 而 不是 追求真理 自然 不 需要 就 辩题 的 定义 提 做到 赛前 统一 从 诸位 辩手 的 精彩 辩论 中 我们 不但 可以 感受 到 思维 碰撞 的 乐趣 更 可以 引发 我们 对 辩题 的 深入 思考 开阔 我们 的 视野 就 比如 若 没有 看到 这场 辩论 我 至今 对于 钱 是 万恶之源 中 的 万 的 定义 不会 有 深入 的 思考 不会 对 人 在 远古 时 的 男人 强奸 女人 是 动物性 还是 恶 产生 思考 嗯 很 有意思 我 对于 辩论 的 最终 目的 的 主张 偏向 于 追求真理 但 并 不 影响 我 和 各位 同 好 共同 享受 各种 不 以 追求真理 为 目的 的 辩论 也 期待 发现 更 多 启迪 性 的 思想 共勉
3267841989,经典 墙头草
3265453953,小学老师 给 我 看过 现在 我 又 来 考古
3263750769,很 喜欢 这个 简洁 的 主持
3258765553,发 弹幕 的 人 不 看 评论 嘛 不 知道 他 的 弹幕 很 无理 嘛
3256298651,如果 我 不带 脑子 真的 挺 好看 的 不过 也 没 办法 毕竟 那么 紧张 的 赛制 那么 紧张 的 氛围 我 还是 喜欢 哲理 辩 一些 感觉 常规 的 辩论 躲闪 动作 过多 了
3255231044,要 不 咋 们 也 在 评论 区拾 到 拾 到 辩论 辩论 我 觉得 钱 不是 万恶之源 开始 ....
3258071258,阿 确实 我 同意 你 的 看法
3278028001,不是 除了 钱 还有 其他 的
3301206718,确实
3246496934,一点点 我 自己 的 想法 很多 评论 说 应该 从源 突破 然后 攻击 选手 但 因为 赛场 上 时间 紧迫 很 容易 会 一直 纠缠 在 万字 上 选手 真的 很 厉害 了 请 不要 自 以为 聪明 不过 我 觉得 从源 突破 是 对 的 我 是 觉得 正方 可以 从 直接 还是 间接 导致 恶 来说 这样 就 可以 不用 纠结 在 万 到底 是不是 一切 上 了 反方 举 的 例子 看上去 钱 不是 直接 导因 但 基本上 钱 基本 会 是 间接 导因 比如 家暴 是 工作 不 满意 这句 话 那 为什么 做 不 满意 的 工作 可以 是 为了 钱 然后 又 可以 说 回来 既然 所有 恶 的 原因 最终 都 可以 走 回到 钱 上 那 也 可以 走 回 人性 只要 多 走 一步 比如 为什么 会 有人 为了 钱 放弃 想 做 的 事 去 做 不 满意 的 工作 为什么 不 满意 就要 家暴 这 其实 不是 必然 发生 的 啊 这 可以 说成 人性 人 的 暴力 因子 等 而且 劳动 与 工资 这种 关系 的 存在 是 社会 构成 的 必要 总体 利大于弊 不能 说 这种 涉及 钱 的 供求关系 有 问题 吧
3246319879,封面 好帅
3243749967,害 以前 打 辩论 的 时候 老师 让 我们 看过 这场 比赛 今天 又 翻出来 重温 真的 不能 看 弹幕 站 在 场上 辩论 和 口 嗨 真的 不是 一个 概念 我 还 记得 我 在 学校 里练 得 时候 那 叫 一个 口若悬河 呀 真的 上 了 场 就 怂 了 脑子 也 跟不上 转 他们 这样 的 成果 不止 是 他们 自己 的 刻苦 训练 还有 背后 很多 老师 和 陪练 的 艰辛 真的 很 可惜 华语 辩论 现在 好像 都 不 那么 流行 了 其实 辩论 真的 很 有 魅力 也 很 难 你 的 知识 储备 要 跟得上 思维 运转 总之 真的 很 敬佩 这些 辩手
3557793151,真实 回看 自己 场上 表现 每 回复 盘 都 想 去 死
3237789681,完美 的 议论文 模板
3237623996,感觉 正方 逻辑 有点 欠缺 反方 表达 不太好 ( 也 不是 专业人士 就是 随口说说 而已 啦 )
3236718525,93 年 那个 是 人性本善 / 恶 这个 是 钱 是不是 万恶之源 有 相似 的 地方
3232857488,弹幕 人均 辩论 大师 建议 也 去 参赛 拿 奖杯 哦
3219283738,弹幕 现状 诡辩 偷换概念 了 完全 吊打 呀 这个 人 在 说 什么 辩论 本来 就 没有 对错 这个 主要 是 辩题 的 优势 一个个 手比 脑子 快
3215724347,经验 加一 语言 煽动 情绪 比 逻辑 说服 别人 更 便捷 有时候 满堂彩 的 时候 不见得 对方 是 说 了 聪明 话
3292895758,说 给 评委 听 又 不是 说 给 观众 听 观众 就是 观众
3326505626,回复 : 什么 意思 观众 不算数 你 要 表达 什么 啊 你 几岁 啊
3213382012,太 了
3211204988,我 懂 了 我 就是 个 墙头草
3213182925,哈哈哈哈
3209337519,正方 一辩 自由 辩论 隐身 咯
3204878240,真的 很 喜欢
3193714409,以及 我 想 说 台上 的 人 之所以 可以 辩论 正 正是 因为 金钱 的 力量
3193707269,学生 时代 辩论 的 一个 大 毛病 是 二元 对立 辩论 可以 不要 脱离现实 即使 是 苏格拉底 也 不 希望 辩论 偏向 于 空洞
3186530411,就 挺 突然 的 被 双方 洗脑
3183207787,都 是 有 准备 的 哦 但是 如果 对面 反对 什么 的 那 就是 临时 发挥 了
3178257575,想 问 这个 辩论赛 是 他们 有 准备 还是 临时 发挥
3292898177,要 准备 的 啦 至少 立论 要 写 好 实际上 在我看来 台下 的 博弈 比 台上 的 更 精彩 台上 展示 的 太 有限 了
3652902224,回复 : 哈哈哈 哈哈 这个 要 找 乡村 大妈
3176329387,正反 满分 作文 反方 逻辑 强大
3166457991,我 觉得 不是 人性 才 是 万恶之源 因为 高级 动物 在 现在 社会 只有 人类 钱 本来 是 为了 方便 交易 所以 创造 出来 的 后来 被 人 运用 坏 了 如果 钱 没有 被 创造 出来 也 还 会 有 其它 方式 所以 人性 才 是 万恶之源
3155159484,钱 不是 万能 没 钱 万万不能 全世界 每 一个 人 没有 钱 无法 生存 但 这 就 表明 每个 人 都 是 恶人 吗 钱 的确 可以 拿来 做 善事 万恶之源 也 能 结出 善果 促进 经济 发展 是 好事 其中 钱 催生 腐败 是 坏事 钱 也 是 万恶之源
3154868855,万恶之源 不 一定 是 恶 这个 论点 厉害 了
3147151502,说实话 我 觉得 不该 由 得到 的 观点 结果 来 评判 胜负 因为 这 议题 本身 就 不 公平 该 看 的 是 选手 的 发挥 啊 那 不然 辩论赛 改成 抽签 赛 的 了 谁 运气 好 谁 赢 呗
3147004809,怎么 说 呢 正方 真的 很难 因为 社会 的 结果 论 已经 表明 了 一切 觉 大多数 的 人 都 会 认为 钱 和 刀 一样 只是 工具 错 在 人心 估计 他们 自己 也 觉得 钱 不是 万恶之源 但是 能 在 这样 的 情况 下论成 这样 是 真的 可以 很强
3141227292,哈哈哈哈 哈哈哈哈 md 我 记得 五月份 网课 刚 结束 同学 们 在 班里 一起 看时 每次 辩手 们 提到 sex 我们 班主任 就 会 在 班里 尴尬 地 走来走去
3138177963,钱 本身 不是 万恶之源 贪财 是 万恶之源
3136702034,有些 弹幕 挺 傻 的
3134580200,王征 远
3130697943,最 经典 的 不是 狮城 决战 那个 人性本善 还是 恶 吗
3147023395,论题 的 原因 吧 应该 这种 题 社会 大众 是 偏向 于 钱 不是 的 但是 性本善 还是 性本恶 可以 说 是 一个 几乎 对 等 的 议题 了 这场 的 正方 能 在 不 对 等 的 情况 下 辩成 这样 已经 很强 了
3121628212,看 辩论 还是 看 选手 的 逻辑 能力 和 反应 能力 想 看 真正 的 答案 可能 脑 科学家 的 论文 更 靠 谱 点
3121587131,这 不是 钱 的 弱点 这是 人性 的 弱点
3117394022,虽然 这 里面 每 一个 人 都 比我强 但是 我 还是 要 强行 评论 一波 我 觉得 应该 是 正方 赢 反方 的 核心 观点 一直 有点 问题 反方 的 观点 是 钱 不是 世界 上 一切 的 恶 的 源头 实际上 你 就 变向 承认 了 部分 恶因 钱 而 起 嘛 反驳 观点 反驳 一半 感觉 有点 那 啥 我 认为 反驳 应该 是 钱 不是 恶 的 源头 钱 是 恶 的 出口 钱 不是 产生 了 恶 钱 是 承载 了 恶 就 好像 擦屁股 纸 一样 擦屁股 纸 的确 是 污秽 但是 没有 擦屁股 纸 这个 世界 只会 变得 更 糟糕 这样 全盘否定 对手 观点 会 更好 一点 他们 的 辩论 水平 是 真的 很强 准备 也 非常 扎实 但是 作为 网络时代 的 新新人类 来说 他们 的 观点 是 真的 有点 老 毕竟 年代 摆在 那里
3109527471,啥 也 不 懂 的 小白 自己 mark 下 感觉 辩题 就 挺 吃亏 的 可能 狮城 更 偏 马来 的 主场 政治 也 正确 本来 拿到 理亏 的 正方 这 也 算是 一种 优势 因为 立意 吃亏 往往 对方 的 论点 论据 就 很 比较 显 自己 也 更 有 可能 针对性 地 出奇制胜 可惜 武大 方面 却 好似 没 咋 准备 好 还是 保守 地 说 着 漂亮话 堆砌 着 两 可 的 事实 感觉 没太多 逻辑性 而 反方 简单 分离 贪和财 都 不 需要 展开 钱 的 高尚 性 就 完胜 了 称不上 经典 战役 吧 余磊 语言 修辞 煽动性 强 那 几段 freestyle 也 不错 但 个人感觉 还是 反方 四辩 的 总结 扎实 完备
3102248390,2020.6 . 28
3097500868,辩题 本身 偏向 反方 但是 我 站 正方
3095747496,真的 好棒
3091543352,为什么 反方 不提 父母 爱 呢 父母 爱 不是 为了 钱 啊
3091546219,这个 节目 可以 在 哪里 看 呀 好 有趣
3088379015,钱 这个 东西 是 一种 资源 可以 看成 任何 一种 资源 钱 可以 是 解渴 的 水 可以 是 救命 的 药 它 是 一种 资源 的 集成 这 就是 钱 的 定义 正 因为 它 有 了 这个 定义 再 以 资本 的 方式 方法 将 其 囤积 你 有 粮食 他 有 水 我 有钱 粮食 还 想要 钱 和 水 我 还 想要 水 和 粮食 水 又 想要 钱 和 粮食 钱 的 意义 就 在于 此钱 就是 一个 交易 媒介 是 资本运作 的 产物 用于 代表 资源 的 一个 物品
3081667220,高二党 看过 他们 零 二年 的 视频 武汉 爱 了
3073443354,如果 钱 是 万恶之源 你们 可以 把 钱 给 我 我 愿意 替 你们 承受 罪恶
3068722106,彈幕 是不是 萬惡 之原
3068384869,突然 发现 初中 看过
3068211979,辩论 不是 追求真理 的 方式 弹幕 有些 人 把 辩论 当成 追求真理 的 方式 令人 不 知道 怎么 说
3066733654,回头 再 来 看看
3064099257,首先 我 认为 如果 你 要 对 一场 辩论赛 发表 公开 的 评论 弹幕 或 评论 需要 先 了解 赛制 其次 了解 一定 的 辩论 技巧 不要 明明 不 懂 还 在 弹幕 上 傻 说 他 怎么 不 回答 对方 问题 垃圾 怎么 一直 揪 一个 字眼 打 没意思 以及 武汉大学 辩论 队 一直 是 公认 的 强队 有 实力 有 风格 所以 不要 批判性 地说 他们 打 得 不好 如果 觉得 打 得 不好 建议 看看 其他 辩论赛 周帅 袁丁 和 胡渐 彪 我 都 很 喜欢 他们 至今 也 活跃 在 辩论 圈 当中
3062032987,大家 墙头草 是因为 这 事 不是 绝对 的
3057756893,相信 总 有人 在 追求真理 的 路上 前进 着
3052161729,正方 辩题 有点 吃亏 但是 都 辩成 这样 功力 深厚 好 厉害 呀
3052161244,余磊 太有 魅力 了
3052016827,再 来 一次
3049769539,否定 的 否定 等于 肯定 钱 是 万恶之源 = 钱 不是 万善 之源 钱 不是 万恶之源 = 钱 是 万善 之源
3045221692,正方 论点 不行
3043829954,2015 高中 的 辩题 多年 后 再 刷
3042570909,万恶之源 不是 恶是 源 它 是 恶 的 源 的 同时 也 能 是 善 的 源 或者 其他 事物 的 源 并 不是 说 它 成 了 恶 的 源 就 不能 再 是 其他 事物 的 源 了
3041251785,感觉 有个 好 的 议题 很 重要 啊 可能 是 之前 看 的 辩手 不如 他们 强大 吧
3037642670,这帮 人 还是 人 吗 太 变态 了
3036063601,优秀
3032164554,正方 观点 本来 就 难说 一些 个人 觉得 还是 正方 的 水平 高 一点 但是 给 到 正方 的 观点 在 当时 辩论赛 的 情况 显然 更难 支持 但是 就 水平 而言 我 觉得 正方 水平 更高
3029226286,感觉 反方 更加 没有 底线 一点 好多 黄暴 正方 更 有 文采 一点
3115467828,反方 理科生 比较 多 要点 直截了当 戳 气 要害
3016917008,龇牙 龇牙
3015648660,我 是 垃圾
3013634233,人类 的 本质 是 墙头草
3010817854,20206.8 嘿嘿
3010392979,大佬 太牛 了
3010310493,精彩
3007962430,钱 如果 是 万恶之源 的话 那 为何 我们 要领 工资 要 发展 经济 呢
3036946485,如果 枪 是 好 东西 的话 那么 我们 为什么 不能 人手 一把 呢
3006083877,异议
3000923654,在 学校 和 大家 一起 看 了 武汉大学 的 二辩 太强了 疯狂 押韵 and 四辩 carry 全场 的 问题 2333 最后 一场 真是 神仙 打架
3115156766,真的
2993897564,膜拜 大佬
2981996303,万恶之源 不是 恶 只是 恶 的 根源 这 不是 一句 废话 麽 说白了 你 这个 观点 固然 很 好 可以 破局 可以 拿分 但 你 没有 论证 啊 你 到 四辩 的 结尾 才 提 了 一句 那 说 跟 不 说 有 什么 差别 这句 话 放在 末尾 逻辑 强加 的 意味 很 浓重 万恶之源 当然 不是 恶 万恶之源 是 钱 啊 这 像是 在 忽悠 人 的 一句 话
2980671742,神仙 打架
2980613232,没有 坚定信念 之 人才 会 觉得 两方 阐述 的 内容 相 桲 辩论 说到底 就是 考人 的 知识 储备量 而已 不 存在 必定 结果
2979113220,双方 说 的 都 好 有 道理 听 了 就 只有 点头 的 份
2977399190,2020 年 六一 儿童节 来 考古
2976171449,"高中 开始 的 辩论赛 使 我 感觉 到 这种 乐趣 是 一边 在 折磨 你 一边 又 在 教训 你 , 真有 道理"
2975902081,文科 也 很 考 逻辑 的 啊 各位 高中 文言文 必考 120 个 实词 都 是 我们 老师 教 我们 逻辑推理 记忆 衍生 义 的
2975586397,因为 时 长 准备 看 一下 就 走 但是 弹幕 一次次 说 前方高能 所以 我 硬生生 看 完 了
2974061202,黄暴 大学 胜利 了
2973493896,很 明显 正方 不 占据 优势
2966286590,我 真的 无 语 弹幕
2966185285,我 还 记得 初中 的 时候 政治 老师 在 班级 组织 辩论赛 我方 辩手 拍 着 桌子 指着 对方 说 你 闭嘴 你 闭嘴
2965518774,假如 我 是 反方 一辩 钱 的 本质 是 什么 是 交易 的 工具 菜刀 也 是 一种 工具 善良 的 人用 它 来 切菜 邪恶 的 人 拿 它 来 杀人 难道 人 犯了错 不去 惩罚 犯错 的 人 而是 惩罚 工具 吗 由此可见 工具 本身 不 分 善恶 一切 由 钱 所 导致 的 恶果 都 是 源于 钱 使用者 本身 的 恶 而 与 钱 本身 无关 它 是 一种 中性 词汇 所以 钱 不是 万恶之源 大家 也 不要 把 世间 所有 的 过错 都 推 给钱 线 不是 背锅侠 谢谢
2965204100,辩论 大赛 就是 排比句 的 天下 排比句 的 能力 比 任何 有 才 有 德 的 话语 更 有 说服力
2963271692,人心 才 是 万恶之源 啊 钱 只是 工具
2963260832,真的 精彩 我 竟然 看 完 了
2954740478,我 是 万恶之源
2954132175,个人感觉 万恶之源 是 人性 而 钱 在 某种程度 上 是 恶 的 固化 表现 当然 这 不是 辩论 只是 观点 比较 折中
2953245643,正方 就是 吃亏 在 题目 某种意义 上 这个 题目 对 反方 更 有利
2953170668,人类 常见 欲望 xing 欲 食欲 玩欲 ai 欲 越 有钱 越能 满足 所以 钱 不是 万恶之源 还 能 帮 你 满足 欲望 嘞
2953014081,我 个人 觉得 正方 辩 的 更 精彩 一些 包括 以 湖水 类比 和 对 万恶之源 的 辩解 万恶之源 本身 并不等于 恶 很 精明 语言 的 把 控 和 修辞 也 比较 强 虽然 本身 这个 辩题 对 正方 不太 有利 但 却 依然 辩 的 很 精彩 反方 在 辩论 中 反复 只有 一两个 例子 虽然 占住 了 立场 但 辩论 本身 的 力度 弱点 但 最后 的 4 分钟 总结 也 很 好 只 从 辩论 的 角度 考虑 个人 觉得 正方 辩 的 更好
2952996999,万有 形容 很多 的 意思 不是 指 所有
2952946206,我 是 朋友 推荐 来看 的 当时 朋友 和 我 说 钱 是不是 万恶之源 我 立刻 说 不是 他 说 B 站 有 个 很 经典 的 辩论赛 就是 讨论 钱 到底 是不是 万恶之源 我 就 说 钱 不是 万恶之源 的 那 方胜 了 吧 他 没有 告诉 我 于是 我 回家 之后 来 搜 了 一下 就 看 完 了 总结 一下 吧 钱 不是 万恶之源 这件 事情 我 相信 很多 人 都 有 自知之明 在 没有 钱 的 时代 同样 有 欲望 比如 蝗虫 会毁 庄稼 老鼠会 偷 玉米 是 他们 想要 吃 东西 猎狗 和 猎鹰 会 帮主 人 叼 会 猎物 主人 也 会 给 它们 吃 的 同样 最求 吃 的 也 就是 同样 最求 欲望 有好有坏 不是 吗 其实 欲 才 是 万恶之源 比如 努力 可得 欲 智慧 可得 欲 金钱 可得 欲 金钱 就是 其中 一种 假如 我 是 正方 不得 难受 死 才 怪 当然 两所 学校 代表 我 绝不会 捧 一 踩 一 他们 都 很 厉害 因为 他们 站 到 了 最后
2952881505,万恶之源 不是 恶 这 是 最后 才 放大 招 啊 强 反方 确实 逻辑 上 好辩 一点 另外 日本 才 是 万恶之源
2952395485,应该 是 铜臭 xiu 味
2946940079,666
2945323480,虽然 理论 上 我 觉得 反方 立场 比较 正确 但 正方 的 辩论 比较 打动 我 欸 还有 就是 我 不 太 清楚 反方 要 怎样 辩论 更好 但是 反方 有 一段 一直 执着 于性 让 我 感觉 有点 不太好
2952397007,其实 从 题目 来说 就是 反方 有利 所以 他们 只要 抓住 人 的 本恶 就行了 但 老 是 提性 我 也 觉得 不 舒服 就 没有 正方 语言 好
2954183524,回复 : 嗯 嗯 就是 这种 感觉
2942482776,我 希望 有 一些 不 懂 辩论赛 的 人 不要 瞎说 了 老老实实 看 弹幕 科普 吧
2938928666,弹幕 有人 骂 别人 一群 猴子 你 怕 是 个 细菌 吧 社会 的 寄生虫
2938775310,看看 这才 叫 辩论 恕我直言 网上 的 一切 争论 大多 都 毫无 逻辑 只是 比 谁 打字 快 说 的 多 把 对方 的话 忘 的 快 简单 来说 就是 大妈 吵架
2957804810,把 对方 的话 忘 的 快 可 太 真实 了
2936700768,厉害 厉害 佩服 佩服
2929282510,当时 真的 开放 啊
2927918642,看得 我 想 退出 辩论 队 了 我 不配 啊
2926436134,这是 辩论 唉 不是 一定 要 探求真理 可以 偷换概念 可以 以偏概全 让 人 信服 是 第一 要点 再说 了 某些 辩题 强调 正反 对立 虽然 没有 绝对 对错 但是 会 出现 某 一方 贴合 社会 主流 价值观 的 情况 这时候 看 辩题 请 务必 跳出 主观 的 先入为主 的 认识
2926358790,反方 有点 拉 胯 只用 性犯罪 的 例子
2916823210,我 又 来 刷 了
2920394047,我 也 来 了
2916379227,其实 这个 辩题 我 真的 觉得 对 反方 有利 钱能 存在 就 有 它 的 价值 正方 的确 不好 辩
2916380719,性侵犯 很 严肃 的 问题 你们 打 黄色 问号
2915005324,正方 四辩 太拉垮 了 还有 自由 辩论 的 时候 正方 一辩 只 说 了 一句 话 也 是 漏洞 奇葩 说 辩手 也 就 黄 执中 还行 有点 逻辑 别的 就 会 煽情
2913370769,这个 题目 感觉 正方 真的 很难 打
2906164177,这种 辩论 主题 我 都 感觉 正方 辩手 有点 吃亏 像 之前 那个 是否 以 成败论 英雄 一样 正方 挺 吃亏 的 人们 追求 功名利禄 却 一边 推崇 那些 个 淡泊 致远 一边 鄙夷 的 事实上 就是 以 成败论 英雄 哪怕 是 狗熊 汉奸 也 一样 就 比如 你 要是 一身正气 被 一个 背信弃义 打 的 铩羽而归 你 跑 过去 说 不以 成败论 英雄 岂 不是 笑 掉 人大 牙
2910197023,正方 刚 开始 就 定义 钱 这个 概念 把 钱 更 深沉 次 定义 将 钱 等同于 欲望 将 论题 在 潜意识 里 转化 为 欲望 是 万恶之源 这样 就 很 正确 我 没有 参加 过 辩论赛 不 清楚 规则 不 知道 这样 可不可以 算不算 是 诡辩 交流 交流
2972241126,回复 : 一般 双方 开篇 都 会 在 辩题 上 找 角度 的 一个 是 让 自己 更好 打 一个 是 找 对手 可能 的 初始 立论 想想 应对 方法 因为 不可否认 的 是 有些 辩题 在 一定 程度 上 在 开始 之初 公众 已经 有 了 倾向 于 某 一方 的 判断 所以 双方 对于 拿到 手辩题 的 某种程度 上 的 二次 演绎 都 是 可以 的
2905893774,武汉大学 厉害
2903165088,我 是 个 出色 的 墙头草
2901204213,辩论赛 的 命题 之所以 成为 命题 就是 没有 定论 看 的 是 谁 的 辩论 精彩 不是 谁 对 谁错
2897576671,B 站 弹幕 是 万恶之源
2896174070,开始 : 钱 当然 不是 万恶之源 后来 : 你 再 怎么 说 也 不会 改变 我 认为 钱 不是 万恶之源 的 理解 再 后来 : 等 一下 你们 在 说 什么 ! 怎么 感觉 双方 都 有 道理 后来 : 我 感觉 你 说 的 对 我 感觉 你 也 说 的 对 啊 你们 到底 是 谁 ! 正方 是 谁 反方 是 谁 我 晕 了 最后 : 我 是 谁 我 在 哪儿 !
2893872689,其实 胜负 跟 命题 本身 是不是 万恶之源 关系不大 主要 看 的 是 正反方 谁 更 厉害 谁 更会 说 我 内心 也 觉得 钱 不是 万恶之源 但是 确 很 赞成 那句 钱 不是 万能 的 但 没有 钱 万万不能 的 概念
2884730122,我 站 反方
2882672995,性侵犯 都 成 了 开车 不是 我 不 太 明白 这 弹幕 什么 意思
2881318930,这场 是 我 看过 所有 辩论赛 里面 最 精彩 的
2879629435,全场 唯一 的 女生 一直 在 听 他们 开车
2878661592,钱 又 是 什么 东西 呢 钱 只不过 是 社会 构造 出 的 东西 罢了 代表 的 是 物质 没有 社会 钞票 也 只是 一张 纸 这 不 就 间接 引到 了 人性 的 问题 吗 是 物质 让 使 人 变恶 还是 物质 使人 跑 去 虚伪 因为 钱 让 心善 的 人 变坏 是 命题 我们 要 打开 命题 而 不是 研究 讨论 一个 题设
2878685083,如果 钱 是 万恶之源 那么 人心 就是 善 的 是 社会 使人 变恶 而 社会 环境 有 不是 人 引起 的 因为 人 饿 了 自然 要 进食 自然 要钱 所以 在 争夺 中变 恶 如果 是 恶 的话 为了 共同 的 利益 人们 选择 相互 为善 而 结成 社会 而 钱 的 诱惑 使人 得到 了 自己 的 利益 所以 不 需要 伪装成 善良 来共赢
2904972662,我 觉得 反而 应该 这么 讲 你 在 怎么 拿 钱 做好事 也 阻挡 不了 用钱 做 坏事 反方 并 没有 证明 坏事 所 为 不是 由 钱 导致 的 所以 我 觉得 反方 根本 没 与 正方 整 明白
2873363125,弹幕 笑死 我 了
2869980082,太 厉害 了 神仙 打架
2867824927,无善 无 恶心 之体 有 善 有 恶意 之动 知善 知恶 是 良知 为善 去 恶 是 格物
2866752941,万恶之源 不是 恶 而是 起因 所以 我 还是 觉得 正方 说 的 是 对 的 金钱 是 诱因 当然 像 我 这样 能 在 反方 的 轰炸 中 依然 有着 独立思考 的 人 应该 少之又少 吧 但是 辩证 比 的 是 逻辑 与 口才 与其 命题 的 是非 无关
2866373012,弹幕 : 各种 我 听不懂 巴拉巴 拉 巴拉 吃亏 巴拉巴 拉 巴拉巴 拉 我 : 我 靠 神仙 打架 太酷 了
2866252742,我 以后 要是 有 他们 中 的 任何 一个 人 的 一半 优秀 就 好 了
2866250363,去 我 的 收藏夹 吃 灰 吧
2860398910,论题 没有 对错 辩论 有 对错 因为 这是 逻辑思维 对决 你 辩 不过 你 就是 错 没 必要 争
2857830055,在 学校 看 完 了 来 b 站 搜 发现 我 已经 收藏 过 了 这 是 咋 回事 哈哈哈
2904976128,收藏夹 就是 落灰 的 地方
2857524803,这个 决赛 的 那天 我 出生 了 可是 如今 将要 高考 的 我 为了 作文 的 逻辑性 来 对 着 这场 辩论 反复 思考 我 记得 当年 高 一时 因为 看 了 几场 辩论 作文 成绩 小有 进步 可 我 分明 知道 这种 比赛 的 现场 性 很 强 我 可能 学 不到 太多 对 作文 有用 的 东西 但 我 还是 要 感谢 up 主一是 他 搬运 了 如此 高质量 的 辩论 二是 他 置顶 的 那 篇文章 此时此刻 我 正在 思考 逻辑 的 意义 与 运用 同时 你 也 看到 我 这段 文字 逻辑性 很差 考试 不会 得 高分 的 那 我 再 皮 一下 为了 功利 来看 这个 视频 算不算 贪钱 呢
2856879189,很多 辩论 辩题 都 是 没有 合理 的 答案 或者 明确 的 答案 所以 不论 对错 只 看 谁 能够 论 理论 据 和 临场发挥 的 效果
2904976524,辩论赛 辩论赛 场上 发挥 出来 的 就 最 吼 哒 事后诸葛亮 的 什么 的 没 必要 啦
2853601897,学到了
2847503714,也 就 等于 反方 占 了 事实 正方 占 了 雄辩 这个 样子 咯 正方 在 辩论 中 的确 不 占优 不过 他们 不 小心 默认 了 反方 的 事实 ( 就是 评审 提出 的 那点 ) 所以 后面 的 逻辑 上 就 根本 不 占优 了 至于 万恶之源 不是 恶 个人 认为 这 已经 是 默认 反方 的 观点 了 符合 万恶之源 不是 恶 这个 论述 的 事物 只有 一个 只能 是 欲望 ( 钱 在 部分 情况 会代 欲望 行使权力 但 只是 部分 ) 欲望 是 一个 亦 好 亦 坏 的 事物 这个 应该 没有 问题 吧 ( 即 促进 时代 进步 发展 也 滋生 堕落 )
2844788515,钱 不是 万恶之源 钱 是 万恶 的 手段
2842226924,人 的 每 一个 行为 举止 都 是 为了 钱 而 运转 钱 只是 一个 运行 恶 的 一枚 工具
2840998359,经典 输 了 没 办法
2838790033,现在 这个 日期 没人 再 来 发 评论 了 我 来 留个 痕迹 这个 视频 让 我 知道 了 b 站 原来 已经 这么 悠久 了 也 让 我 真的 受 了 一场 精神 洗礼 爱了爱了
2831560388,不太服 真心 武大 赢 协作 表达 和 内容 最 bounce 反方 个人 不 认可 内容 和 表达
2822228170,赞赞 赞赞赞 我 就是 属于 那种 说话 能力 特别 差写 历史 政治 大 题 没有 话 作文 第一 自然段 可以 写 一面 的 那种 有点 尴尬 的 学生 如果 有 大佬 能 指点 一下 我 这个 情况 感激不尽 ! 还有 这 真的 是 一场 特别 好 的 辩论 但是 我 也 意识 到 了 这个 社会 特别 是 我 个人 还 没完 完全 接受 强奸 等等 这个 我 的 意思 的 只要 提到 这个 我 的 眉头 就 会 皱起 感觉 对 这个 还有 个人 偏见 希望 中国 的 法治 越来越 好 不要 让 我 总是 担心 害怕 我 也 会 努力 改正 自己 的 思想 把 这 真正 当 一个 法律 问题 来看 因为 道德 是 没有 保障 的 我们 要 把 法律 当做 护盾 哈哈 各位 晚安 哈 熬夜 狗 狗头 保命
2838359283,就 这 一段 足以 证明 你 的 自知之明 是 正确 的 狗头
2838670620,回复 : 哈哈哈哈 咋办 呢 这
2817781892,越辩 越明
2816728452,个人观点 这 其实 是 在 讨论 人性本恶 还是 本善 是 孟子 大战 荀子
2813918024,是因为 人 的 欲望 吧 不 在于 钱
2811871148,一个 队 涵盖 多种 口音
2811795980,嘲讽 别人 口音 来 体现 自己 的 优越感 属实 恶心
2811669954,前来 考古
2808585104,人才 是 万恶之源
2806139042,这个 播放 量 吓死 了
2805639959,就是 贪 啊 不是 钱 啊
2805635130,反方 三辩 太太 太 厉害 了 虽然 我 本身 就是 反方 的 观点 哈哈哈 太牛批 了
2802452474,通篇 胡扯 啊
2807150494,宁可 真 厉害
3220472077,嘴强 王者
2800860672,也 太精彩 了
2800789381,我 反对 万恶之源 万恶之源 = 钱 对 钱 没 兴趣 = 马云 我 不是 马云
2800678886,武大 的 心态 非常 好 但 对方 的 道理 一直 在线
2794841924,我 就是 墙头草
2792207846,本 赛事 由 新加坡 首办 而 大专 在 东南亚 口语 中 就是 大学 的 意思 有些 人 怎么 能 不 稍作 查证 就 在 这 一本正经 地 瞎 科普 为 大学生 专业 呢
2791423571,我 从 最 开始 的 哇 妈妈 他 说 的 对 哇哇 哇 好 厉害 我 怎么 没有 想到 看好 后面 哈哈哈 哈哈哈 哈哈哈 哈哈哈 哈哈哈 哈哈哈 哈哈哈 笑死 我 了 反方 辩手 日常 黄暴 hhhhh
2784619612,为什么 会 有人 在 这里 争吵 钱 是不是 万恶之源 非常简单 的 一句 话 如果 把 钱 换成 屎 你 不 也 会 说 屎 万恶之源 吗
2783903374,昨天 老师 发 的 视频 看 完 了
2769564430,高二 的 时候 老师 给 我们 看过 还 让 我们 弄 了 个 辩论赛 记忆犹新 整个 辩论赛 只 讲 出 了 一句 话
2755493516,我 原本 的 观点 是 金钱 是 万恶之源 然后 又 以为 人 的 欲望 才 是 万恶之源 之后 正反方 的 来回 交战 我 陷入 了 沉默 辩论 强者 恐怖 如 斯
2752796334,万恶之源 不是 恶 本身 这个 论点 我 死 了 瞬间 投了 正方 一票
2759931377,我 也 是 瞬间 把 我 说服 了
2743831470,我服 了 一直 说 口音 吐
2743089470,神仙 打架 啊 谁 开口 我 就 信 谁 了 水平 真的 高
2742993798,钱 你 知道 不 很多 悲剧 都 是因为 没有 钱 引起 的 人们 怕 没有 钱 所以 犯罪
2740542762,钱 是 万恶之源 想 知道 为什么 吗 给 我 10 块 就 给 你
2738406524,考古
2735776051,我 就是 墙头草 我 承认
2722727664,从 辩题 题 来看 我 感觉 正方 一 开始 就 不 占优 啊
2718413401,个人 认为 弹幕 里 笑 称 自己 为 墙头草 的 人 其实 是 有 原因 的 正方 辞藻 华丽 慷慨激昂 反方 逻辑 清晰 有条 不乱 很 容易 使人 对 两方 看法 飘忽不定 但 静下心来 评读 就 会 发现 两方 遇到 致命性 问题 时 都 会 主动 回避 转用 对 自己 有用 论据 甚至 是 重开 话题 这 也 就 造成 了 墙头草
2806426027,双方 都 会 闪现 我们 只能 撞墙
2717919179,2024 年 前来 考古 在 这 一年 大专 成为 人上 人 了
2731899632,ohhhhhhhh
2716030087,本 视频 务必 关闭 弹幕 食用 有些 弹幕 真 就 以为 自己 一句 话 就 反驳 人家 了 连 人家 说 什么 都 不 知道 还 反驳 并 标上 自己 没学过 ? 没学过 就 不要 随便 乱说 好 吧 嘴 才 是 万恶之源
2715633515,辩论 不是 会 说话 就行 逻辑 技巧 很 讲究 的 有理有据 令人信服 坚守 立场 不入 坑 那 是 随便 一个 人 就 行 的 嘛
2714893476,真的 非常 精彩 但是 有 的 弹幕 指点江山 真的 太降 智 了 建议 全程 关闭 弹幕 食用
2714391539,辩论 的 十分 精彩 啊 双方 真的 不相上下 而且 反应速度 极快
2712595381,真的 太精彩 了 只 可惜 后半段 正方 的 理论 就 已经 站不住脚 了 只能 抓 一些 例子 来 反驳 不过 从 题目 上 来说 确实 反方 好答 一些 毕竟 万事 无 绝对 钱 不能 代表 全部 猫 和 狗 的 问题 正方 也 回答 不 出来 只能 避重就轻 反方 却 已经 形成 了 逻辑 链 结果 可以 说 是 意料 之内 但 这 辩论 真的 是 超 精彩 看得 我 热血沸腾 想 上去 打人
2711034848,高中 班主任 给 看过 的
2706213795,当年 意外 看过 这次 辩论赛 而且 是 唯一 看 的 辩论赛
2705157111,钱 与 贪欲 都 分不开 钱 不是 万恶之源 也 是 万恶之源 重点 在于 你 这 钱 怎么 赚 怎么 用
2703600380,我 就 一个 问题 正方 选手 喜欢 万恶之源 吗 不 喜欢 可以 给 我
2699445766,为什么 要 非 黑 即 白 .... 恶 的 诱因 很多 钱 只是 占 比重 比较 大 并且 是 绝大部分 恶 的 诱因
2699903487,看置顶 解
2959772260,非黑 即 白 也 有 非 黑 即 白 的 好处 那 就是 有 矛盾 冲突 有 冲突 才 有 进步 这种 辩论赛 是 为了 引发 更 多 的 哲学 探讨 探讨 出 更 多 东西 这样 才能 促进 社会 上 的 黑白 交融 但 交融 的 前提 是 有 激烈 碰撞
2695767904,马来亚 的 这 几位 同学 跟 我们 公司 的 马来西亚人 讲话 口音 一样 哈哈哈
2695246698,我 只 发表 自己 的 看法 说到底 两方 辩论 在 万恶之源 一词 上 见解 就 不同 一个 说 是 所有 罪恶 的 源头 一个 说 万恶之源 仅仅 是 罪恶 的 源头 一个 说 一方 以偏概全 一个 说 另一方 段章 取义 万恶之源 一词 来源 圣经 没错 吧 而 西方 主倡 原罪 论即 人生 来 有罪 万恶之源 一词 也 是 用 中文翻译 过来 的 并 不 完全 圣经 中 明确指出 万恶之源 意 为 一切 罪恶 的 源头 我 不 知道 正方 辩论 员 为什么 要 用 汉语 大词典 来 解释 西方 的 词语 我 觉得 这是 一个 误区 或者 是 一个 陷阱 我们 不 应该 是 钱 是 万恶之源 的 辩论 吗 重点 应该 是 钱 是不是 万恶之源 上 你 的 这个 难题 是 先 把 钱 给 定义 为了 万恶之源 然后 抛出 一个 问题 作为 干扰 来 迷惑 你 当 你 回答 这个 问题 时 你 就 已经 算 接受 了 他 的 定义 被 引入 了 误区 偏离 了 方向 我 感觉 你 这 是 本末倒置 的
2694810241,前面 的 逻辑思维 能力 与 个人 能力 有关 文理 分科 是 术业 有 专攻 理性 思维能力 是 应 具备 的 基础 素养
2693779440,余磊 : 一个 能 打 的 都 没有 不管 你 论点 有 多么 强 我 都 能 给 你 掰 过来 为 我方 所用 全服 mvp 名不虚传
2693282658,建议 关闭 弹幕 食用
2693272909,字眼 上 如果 正方 抓住 万恶之源 和 恶之源 的 区别 会 不会 好 打 一点 再就是 万恶之源 不是 恶 而是 源 这个 点 可以 有效 的 化解 反方 的 反击 点 就是 钱 也 产生 善 导向 也就是说 钱 是 万恶之源 和 钱 是 万善 之源 其实 根本 就 不 矛盾 可以 共存 反击 的 来说 就是 你 能 证明 钱 是 部分 善 的 源头 但 它 完全 可以 同时 也 是 万恶 的 源头
2693266836,我 感觉 两边 就 没 在 一个 频道 上 一个 说 万 是 所有 一个 说 万 是 很多 一个 说 以偏概全 一个 说 断章取义 到头 也 没 说 明白 到底 是不是 万恶之源 也 不 可能 说 明白 到底 是不是 万恶之源
2692520811,这个 辩论 有 系列 更新 的 吗
2689323493,那些 说 题目 不够 公平 的 给 爷 整笑 了 你 这 和 XZ 粉说 检察 日报 不 懂法 一样 可笑 你行 你 上 啊
2687979091,佩服 佩服
2685739913,B 站 人均 超能力 者
2683161965,衡 中学生 打卡
2682929437,如果 钱 是 万恶之源 那 我 愿意 成为 最 邪恶 的 人 希望 大家 把 钱 给 我
2682451878,钱 还 能 成为 强者 压榨 弱者 的 工具 前者 利益 熏心 而 后者 难道 不是 金钱 社会 下 的 受害者 吗
2680676393,好棒
2677501554,刷 口音 的 真 尼玛 烦 脑子 不 太行 听不懂
2675303159,厉害
2670731507,n 号房 让 我 回来 重 看一遍
2666210335,这个 有 93 年 蒋昌建 辩论赛 经典
2665704782,钱 是 一般 等价物 商品流通 的 媒介 是 工具 所谓 的 万恶之源 是 人 的 主观 意识 万恶之源 的话 应该 是 人 的 欲望 吧
2660907994,钱 是 万恶 但 不是 之源
2660695672,我 觉得 武汉大学 发言 都 富有 文采 并且 引据 充分 足够 但是 辩证 的 论题 不够 在理 但是 马来西亚 可能 是 国际 主办方 钱 不是 万能 的 这 是 更 古 不变 的 道理 但 我 觉得 马来亚 大学 他们 的 论据 动不动 就 会 牵扯 到 强奸案 特别 不好 吧 虽然 有 道理 但是 他们 的 思维 仅 局限于 那 一个 地方 还是 比较 喜欢 国文 的 武汉大学 文采 很 好 只是 他们 的 题目 难得 辩证 当时 看 完 了 之后 就 觉得 不 公平 了 我 觉得 特别 不平 我 觉得 赢家 真的 是 唉
2660024568,双方 太棒了 让 我 反复 墙头 但是 我 也 思考 了 一下 如果说 把 钱 利益 会 是 什么 结果 从 历史 角度看 利益 至上
2656946918,我来 评论 这些 个 弹幕 所谓 辩论 不是 要 改变 你 的 价值观 也 并非 阐述 自己 的 价值观 钱 不是 万恶之源 我们 都 认可 但 辩论 妙 就 妙 如何 颠倒是非 有理有据 的 说明 一个 观点
2656042402,太 好玩 了 哈哈哈
2655446727,are you good 马来西亚
2655351050,辩论 一场 辩论赛 就是 一场 比赛 他 不会 反映 到 现实 他会 把 现实 的 实际 问题 拿 出来 但 绝对 不要 完全 相信 辩手 所说 的 全部 的话 是 个人 都 能 看 出来 辩论赛 大部分 都 是 正反两面 就 根据 这 正反两面 来 进行 辩说 但 现实生活 中 很多 时候 都 是 两方 和解 是 最 重要 也 是 最 有效 的 解决 方式 但 辩论赛 不 一样 辩论赛 仅仅只是 为了 展现 如果 辩手 在 不 认同 自己 的 观点 时 如何 能 把 自己 所 不 认同感 的 观点 加以 修饰 加以 论述 来 使 自己 的 言论 使人 信服 简单 说 就是 一场 辩论赛 是 让 评委 认识 到 这位 辩手 的 能力 而 不是 话题 的 解决 是 在 考验 辩手 的 口才 和 理解能力 而 不仅仅 是 为了 把 这个 论题 给 完全 的 攻克 如果 每 一场 辩论赛 均 能 攻克 一个 难题 那 这 世界 就 没有 难题 了 就 没有 现在 还 解决不了 的 世纪 难题 了
2655463102,一场 辩题 无论是 关于 什么 都 仅仅 是 一场 辩题 可以 反映 生活 中去 但 千万 不要 代入 到 自己 和 生活 中去 你 可以 不 同意 他们 的 观点 但 他们 都 可能 不 同意 自己 的 观点 这 仅仅 是 一场 辩论赛 是 为了 考察 辩手 的 能力 但 为什么 钱 是不是 万恶之源 会 成为 经典 论题 呢 因为 他 可以 提出 的 观点 论点 论据 都 是 非常 庞大 的 正 因为 庞大 所以 难以 反驳 所以 很难 在 一时间 内 提出 自己 的 论点 但 如果 辩题 变成 一元 硬币 是 厚 1mm 好 还是 1.5 mm 好 这 不 就是 为难 辩手 么 并且 也 为难 评委 所以 不要 太 较真 于 辩题 本身 多 关注 辩手 的 口才 说话 能力 理解能力 和 反应 能力 并且 如果 一个 辩手 可以 把 辩题 重心 带 偏 而且 其他人 都 跟着 他 的 观点 走 这个 辩手 本身 就 非常 优秀 就是 在 本场 辩论赛 中 的 最佳 选手 但 如果 另 一个 辩手 把 话题 给 转换 回来 也 是 非常 非常 优秀 的 不要 把 重点 关注 在 辩题 上 而 要 注重 在 选手 的 回答 上 打字 不易 谢谢 点赞
2654969955,我 的 天 啊 我 真的 折服 了
2654980269,太帅 了
2654906067,要是 有 那种 淡定 反驳 的 人 估计 效果 会 更好 吧 就 像 一个 头脑 清晰 教授 这种 辩论 方式 我 感觉 就是 急于 反驳 容易 紧张
2654654818,毫无意义 的 辩论 题目 本来 汉语 就 有 很 强 的 模糊性 只 一句 话 当然 有 多种 解释 比如 留得青山在 不怕没柴烧 是 对 的 还是 士可杀不 可辱 是 对 的 在我看来 这种 辩论 不过 是 文字游戏 罢了 小嘴 叭叭 说个 不停 没 一句 有用 的
2655838811,辩论赛 是 为了 考验 表达能力 和 随机应变 能力 等 的 而 不是 为了 辩论 真理
2665712384,回复 : 说 的 对 我 还 看到 韩寒 和 郭敬明 应不应该 在 一起 的 辩题
2654644605,辩论 选出 的 话题 都 是 具有 中性 具有 争议 的 没有 对错 辩论 选手 如何 说服 观众 才 是 比赛 魅力 首先 要 有 出色 的 记忆力 记住 对方 说 的话 然后 要 有 非常 厉害 的 临场 应对 能力 再 一个 就是 逻辑思维 最后 是 语言艺术 从 这些 细节 上 辩论会 上 出现 了 数不清 的 辩论 风格 没 一种 风格 都 是 独特 的 是 选手 魅力 所以 说 我们 通过 辩论会 学习 自身 吵架 能力 的 缺陷 认真 听 一下 选手 辩论 种 的 话语 把 错误 点 揪出来 避免 可 学习 的 用来 丰富 自我 辩论 风格 这样 你 在 评论 区 喷 人才 更 有 说服力
2654611753,据我所知 万恶之源 这一词 来源于 圣经 它 的 含义 是 一切 罪恶 的 源头
2653614584,就 我 个人 而言 最后 觉得 反方 四辩 比 正方 四辩 发挥 的 更好 反方 赢 也 在 意料之中 这个 命题 正方 就 逻辑 来说 站不住 题目 本身 对 反方 比较 有益 当然 机会 是 有 能 抓住 也 确实 是 自身 能力 这里 不谈 假如 对 一件 发生 过 的 事 去 做 另 一种 假设 结果 是 未知 的 就算 你 是 有 根据 的 去 推 也 不 可能 完全 还原 先决条件 也 没有 意义 发生 了 就是 发生 了 没 发生 就是 没 发生 嘿嘿 心里 的 一些 感受 有感而发 罢了
2652905907,自由 辩论 时 因为 过于 黄暴 正方 一辩 就 说 了 一句 话
2688073274,回复 : 好 的 我 去 搜 搜
2652775323,NB
2652622578,学到了
2652052594,我特 么 两边 都 占 果然 我 是 个 中庸 之 人
130802870224,我 觉得 这个 题目 不太 符合国际 主流 价值观 所以 武大 输 了
130897072576,回复 : 假如 我 在 场上 我 就 反问 武大 你 说 万 是 很多 的 意思 那 你 认同 今天 的 辩题 就是 钱 是 很多 恶之源 吗 假如 你 认同 这句 话 那 你 是不是 也 认同 钱 是 很多 非恶 之源 呢
130916133024,回复 : 跑题 了
131095954976,回复 : 那 不是 武汉大学 先跑 的 吗 扯 什么 万 不是 一切 然后 我 反驳 你 说 我 跑题
133523650400,回复 : 是 很多 非恶 之源 是 怎么 得 出来 的
133535195088,回复 : 你 这种 逻辑 就 不要 来 辩论 了
133829587936,回复 : 倒 不是 闲得 想 在 评论 区 辩论 就是 请教 一下 您 的 逻辑 不过 理解 您 确实 很 懂
133943483280,回复 : 你 既然 想 请教 那 就 扯 一扯 吧 现在 问 你 很多 非恶 之源 来源于 哪里 你 回答 吧
135230890416,回复 : 你 这个 跟 题目 有 什么 关系 吗 就算 回答 了 又 能 怎样 反方 说 的 是 所有 正方 说 的 是 多 在 正方 的 观点 的 定义 下 你 这个 问题 有 什么 意义 吗 而且 反方 只有 说 清楚 自己 要说 的 是 所有 就行了 为什么 要 在 对方 的 多 这个 定义 下去 论 呢 奇怪 奇怪
182257007344,回复 : 你 这样 早晚 被 正方 玩死 反方 一个 恶先 钱 后 就 没有 必要 讨论 万字 了
2652033045,厉害
2650873517,看 完 我 的 感受 就是 正方 有 一个 辩论 队该 有 的 气质 气场 但 很多 论点 都 让 我 一个 普通人 明白 不了 就 感觉 一堆 名人名言 是 用 了 大量 论据 但 反方 说实话 我 是 比较 倾向 的 道理 清醒 明 了 很 具有 理科 思维 逻辑思维 强 易懂 唯一 的 意难平 就是 表达能力 稍弱 但 都 很棒 神仙 打架
2649570336,黄暴 还是 牛 啊
2647770908,别吵 了 五五开 的 其实 qian 可以 万恶 也 可以 万善 万 不 代表 一切 钱 可以 做 善事 也 可以 做 恶事
2645187497,第一次 看 辩论 感觉 他们 要 打 起来 了
2644522285,这 知识 储备 无敌 了
2638857371,哈哈哈 哈哈哈 第五 点 以前 get 不到 辩论赛 的 精彩 之 处 最近 在 B 站 看到 这场 辩论 的 剪辑 顺着 找 过来 我 以为 50 多分钟 我 看不到 最后 没想到 啊 啊啊啊 爽 这 就是 语言 逻辑 与 知识 储备 的 盛宴 啊 它 的 精彩 让 我 看 完 50 多分钟 任 意犹未尽 ( ) 全程 高能
2637028681,我 以为 武汉大学 生出 的 555555
2636968531,各种 专业 之间 的 碰撞 太精彩 了
2628789395,2020 钉 钉 时代 因为 疫情 困在 家里 考古
2624158755,我 觉得 大家 都 好 厉害 心理素质 好棒 巧舌如簧 能言善辩 条理清晰 立场坚定 大家 都 是 好 棒 的 人 我 希望 以后 自己 也 可以 成为 这样 的 人
2623277458,前面 弹幕 里 提 的 案例 怎么 说 呢 都 可以 归结到 钱 上 你们 看似 反方 实际 正方 归根结底 拥有 物质 是 决定 资源分配 的 一个 可能 得到 好 的 资源 的 人 在 诱惑 面前 是 怎么 做 的 呢 每 一个 贪官 在 上任 前 就 都 没有 想过 为 人民 服务 吗 那 又 是 什么 改变 了 他们 是 金钱 是 日复一日 的 诱惑 如果说 是 他们 心智 不坚 那 我们 又 如何 能 保证 自己 在 面对 那种 情况 下 保持 本心 为什么 清真 廉明 的 官员 被 歌颂 不仅仅 是因为 其 高尚 更是 因为 其 稀少 如果 是 司空见惯 的 常事 又 有 谁 会 在意 呢 这里 引用 一句 加缪 鼠疫 里 的 一句 话 对 高尚 的 赞歌 是 对 罪恶 间接 而 有力 的 肯定 好 的 教育资源 会 使 人明 善恶 而 一个 没有 受到 好 的 教育资源 的 人 是 不能 明白 理解 人为 法 的 而 教育资源 倾斜 的 根本原因 还是 因为 钱 的 不 平均 弹幕 前 一个 例子 十二岁 孩子 扔 邻居 婴儿 的 我 不 了解 具体 案子 现在 只是 从 逻辑 上 简单 推 那么 这个 事件 发生 条件 是 什么 这个 孩子 怎么 得到 邻居 婴儿 的 邻居 为什么 没有 阻止 如果 是 在 邻居 外出 时 发生 那 邻居 外出 为了 什么 赚钱 养家 或 花钱 购买 生活用品 和 钱 有关 那个 孩子 为什么 能 扔 孩子 那个 孩子 的 父母 呢 父母 的 位置 缺失 先 假设 吧 感觉 并 没有 管 孩子 为什么 会 做出 这种 行为 是 不知 善恶 还是 有意 为 之 是 教育资源 的 倾斜 致使 孩子 不明 是非 还是 心理 扭曲 假设 还 可以 扯 到 钱 如果 对 诡辩 感兴趣 可以 看 乌合之众 运用 肯定句 和 重复 来 搞 事情
2622942240,我 原以为 是 为论 而 辨 还 好奇 为什么 开始 诡辩论 评论 区 和 弹幕 最后 看 评论 区 一水儿 的 只 为 赢 感觉 辩论 在 我们 之间 的 定义 不 一样 我 定义 的 辩论 是 思想 的 碰撞 擦 出 真知 的 火花 希望 能 不仅仅 只 在 高等学府 的 教室 看到 这种 场景 希望 我们 的 辩手 不仅 能 赢得 比赛 还 能 享受 比赛 我 认为 如果 为了 结果 那么 辩手 可能 在 过程 中 获得 更 多
2621669827,为什么 对比 之下 我 还是 觉得 那场 ( 是否 以 成败论 英雄 ) 辩论赛 更 精彩 ? 真的 超级 精彩 啊 大陆 学生 各种 拿 名著 和 历史 人物 举 例子
2620700319,辩题 万恶之源 的 万字 意思 本来 就 有 争议 吧 像 这种 有 歧义 的 辩题 到底 有 什么 辩论 的 意义
2615044366,播放 量 这么 高 up 的 粉丝 还是 这么 少 关注 了 关注 了
2613187321,贪钱 有个 贝 那 其他 语言 需要 中不带 贝 是不是 在 国外 贪 跟 钱 没关系 呢
2612291667,人家 从小 就 对 辩论 感兴趣 练习 这个 一般 人 临时 抱佛脚 当然 比 不了
2611535279,当时 真的 很 开放 什么 都 能 谈
2607654322,逐渐 黄色
2605377276,哇 那个 时代 啊 我 还 没 出生
2605020946,太精彩 了 这场 辩论
2604639234,专家 们 我 快死了 _ ( ` ) __
2601468686,我方 三辩 太 幽默 了 实力 也 很 强
2597940028,我 觉得 反方 很 好辩 啊 钱 本身 没有 错错 的 是 人 的 贪欲
2597600500,七宗罪
2596788682,我 不 知道 为什么 武汉大学 输 了 一堆 人 还 搁着 不 服不服 万恶之源 正方 在 万 上面 说 万 不 代表 一切 反方 一 开始 说 万 代表 一切 然后 正方 用 万 不 代表 一切 后 说 大部分 恶 都 金钱 所致 反方 说 万 代表 一切 后 说 恶 不 一定 是 金钱 所致 合着 正方 自己 说 钱 带来 恶 但 不是 万恶 万 不 代表 一切 这 不 就 说明 了 钱 不是 万恶之源 反方 说 的 却是 万 代表 一切 然而 恶 也 不全是 金钱 带来 的 这 也 说明 了 钱 不是 万恶之源 我 不 知道 你们 是不是 真的 看得懂 这个 辩论赛 哦
2596813227,合着 正方 自己 说 钱 带来 恶 但 不是 万恶 万 不 代表 一切 这 不 就 说明 了 钱 不是 万恶之源 你 要 不再 琢磨 琢磨 自己 在 说些 什么 东西
2597506399,回复 : 你 要 不 去 看 再 看一遍 这个 辩论赛 正方 说 万 不 代表 一切 把 万 和 钱 恶 分开 来说 反方 说 万 代表 一切 把 万 钱 恶 分开 来说 正方 自己 一 开始 这话 和 后面 互相矛盾 你 看不见 的 吗 后面 正方 说 万 是 极 多 反方 说恶 不全是 带来 的 只 带 了 部分 恶 正方 语言 技巧 比 反方 好 的 多 但 全是 忽悠 这样 怎么 赢
2597555517,回复 : 挑着 一句 一句 来说 这场 比赛 反方 输 反方 开始 到 结尾 一直 在 说 万 代表 一切 但 有 恶 不是 金钱 所 带来 的 正方 说 万 不 代表 一切 能带 恶使 恶 合法化
2597600505,回复 : 人性 善恶 正方 一直 拆台 反方 一直 筑台 万恶之源 正方 一直 拆台 反方 一直 筑台 正方 三言两句 就 把 观众 带到 了 自己 这 一边 反方 一直 黄赌毒
2597780404,回复 : 我 没 跟 你 聊 比赛 我 说 你 说 的 那句话 有 矛盾 合着 正方 自己 说 钱 带来 恶 但 不是 万恶 万 不 代表 一切 这 不 就 说明 了 钱 不是 万恶之源 人家 正方 说 的 就是 万恶之源 不是 一切 恶 的 源 人家 当然 就 没 必要 证明 钱 带来 了 一切 的 恶 你 是 用 反方 的 定义 去 套 正方 的 逻辑 才能 推出 说明 钱 不是 万恶之源 这个 结论 这 不是 自相矛盾
2598557589,回复 : 题目 是 万恶之源 啊 正方 说 是 万恶之源 反方 说 不是 万恶之源 你 不 感觉 正方 自己 说 的 有点 牵强 吗 后面 评委 点评 的 时候 也 特意 提了 万 这个 环节 正方 的 万 不 代表 一切 这个 观点 赢 了 那 就是 万恶之源 并 不 指 万恶 可 题目 就是 到底 是不是 万恶之源 正方 也 就是 想 说 钱 不 代表 万恶之源 然后 再 用钱 所 导致 的 恶来定 结论 这 难道 没跑 偏
2598571865,回复 : 我 也 没有 说 我 说 的话 没有 矛盾 我 看 比赛 肯定 聊 比赛 啊 只是 看着 一大群 人 不 服不服 那边 输 那边 就 有人 打抱不平 那 干嘛 要 赢 呢
2598669215,回复 : 我 讲 的 这个 也 是 比赛 中 发生 的 正方 说 万 不 代表 一切 然后 又 说 万 代表 极 多 题目 是 万恶之源 他们 开头 这样 讲 后面 不全 矛盾 了 不是 自己 打 自己 的 脸 我 说 钱 是 万恶之源 然后 我 又 说 万 不 代表 一切 这个 言论 在 赢家 面前 完全 可以 可 他们 是 参赛选手 他们 是 要说 是 万恶之源 后面 有 的 言论 抛 除了 万 那 就是 钱 是 恶之源 结果 后面 又 提到 万是 极 多 反方 讲 的 正好 是 恶 不全是 钱 带来 的 正方 又 说 钱 导致 了 恶 导致 了 恶 不 代表 为 恶之源 也 不 代表 为 万恶之源 正方 辩词 直接 从 万恶之源 讲出 了 万 和 钱 导致 了 恶 然后 最后 总结 的 时候 也 还是 在 说 这些 那 讲 的 这些 东西 跟 钱 到底 是 不 万恶之源 有 什么 关系 难道 题目 是 极 多 的 钱 导致 了 恶 如果 正方 后面 升华 一下 说明 万恶之源 和 极 多 的 钱 导致 了 恶 那 恐怕 反方 赢 不了 吧
2598706325,回复 : 这个 辩论赛 输 了 赢 了 跟 你 我 没有 很大 关系 的 一个 人连 输赢 都 无法 接受 那 还有 什么 勇气 面对 生活 更何况 我们 又 不是 参赛选手
2599081028,回复 : 害 外行 看热闹 加上 武大 是 本土 学校 自然 就 很多 人 先入为主 咯 不过 武大 绝对 不是 你 说 的 那样 你 盘 的 逻辑 问题 相当 大
2599616537,回复 : 我 就是 武汉 的 这场 比赛 输得 很 冤 但是 输 了 就 服 就行了 输 了 不服 那 是 真的 让 人 看笑话
2600417225,回复 : 输 了 觉得 冤 还 叫 服
2604010857,回复 : 没说 叫 服输 得 冤 也 是 输 啊 技不如人 输 了 就 输 了 有输有赢 之前 那个 93 的 辩论 还 不是 一帮人 帮 台湾 不服 有 必要 吗 有输有赢 才 叫 比赛 嘛 如果 时间 足够 正方 不是 吊打 反方 时间 不够 后面 的 升华 和 关系 都 没 时间 明确
2604018002,回复 : 你 肯定 要说 技不如人 有 问题 但是 只要 能 决定 胜利 的 一切都是 技 反方 可以 说 运气 好 也 可以 说 时间 掌握 的 好
2604050774,回复 : 而且 我 说 的 很 清楚 大多 都 是 无关紧要 的 人 不服 余磊 不服气 93 的 台湾 不服气 直接 骂街 高判 立下 这些 都 是 合理 的 当局者迷 旁观者清 旁观者清 啊 不能 瞎 逼 讲 瞎 逼 带 啊 赢 有 赢 的 尊严 输有 输 的 尊严 这样 搞 真的 是 尊严 双方 选手 吗
2596531931,钉 钉 时代 前来 考古
2592363571,左右 反复 我操
2591294992,哎 呦 说实话 各位 我 真的 很 喜欢 辩论 每次 自己 在 自己 准备 材料 的 时候 都 热血沸腾 的 一到 了 真正 上场 的 时候 我 真的 紧脏 的 浑身发抖 说话 舌头 都 烫 牙 站 起来 腿 都 软 总 感觉 自己 说完 之后 能 打倒 对方 结果 一堆 人 反驳 我 啊 我 真的 不 适合 辩论 阿
2591213196,太帅 了 反方 4 辩 太帅 啦
2591151942,评论 保存 辩题 相关 背景 资料 选手 结合 自己 的 辩题 进行 自我介绍 简单 介绍 比赛 流程 和 规则 主席 职责 1 宣布 辩论赛 开始 2 宣布 辩题 3 介绍 参赛 代表队 及 所持 立场 4 介绍 参赛 队员 5 介绍 规则 评委 6 主持 比赛 过程 7 评委 点评 8 观众 自由 提问 发言 9 宣布 比赛结果 10 辩论赛 结束 二 比赛 阶段 阶段 一 开篇 陈词 正方 一辩 发言 ( 立论 ) ( 2 分 30 秒 ) 反方 一辩 发言 ( 立论 ) ( 2 分 30 秒 ) ( 注 每方 队员 在 用 时 剩余 30 秒 时 主席 提醒 辩手 时间 用 完时 主席 举 红牌 宣布 终止 发言 ) 阶段 二攻 辩 1 正方 二辩 针对 反方 二辩 或 三辩 提问 2 正方 三辩 针对 反方 二辩 或 三辩 提问 3 反方 二辩 针对 正方 二辩 或 三辩 提问 4 反方 三辩 针对 正方 二辩 或 三辩 提问 ( 注 每 一轮 攻辩 阶段 为 1 分 30 秒 攻方 每次 提问 不得 超过 10 秒 每轮 必须 提出 三个 以上 的 问题 辩方 每次 回答 不得 超过 20 秒 用 时 满时 主席 举 红牌 宣布 终止 发言 不得 再 提问 或 回答 重复 提问 回避 问题 均 要 被 适当 扣分 ) 问 者 只能 问答 者 只能 答 阶段 三攻 辩 小结 正方 一辩 进行 攻辩 小结 ; ( 1 分 30 秒 ) 反方 一辩 进行 攻辩 小结 ( 1 分 30 秒 ) ( 注攻 辩 小结 阶段 在 每方用 时 剩余 10 秒 时 主席 提醒 辩手 时间 用 完时 主席 举 红牌 宣布 终止 发言 ) 阶段 四 自由 辩论 正反方 辩手 自动 轮流 发言 每方 限时 5 分钟 双方 总计 10 分钟 发言 辩手 落座 为 发言 结束 即 为 另一方 发言 开始 的 记时 标志 另一方 辩手 必须 紧接着 发言 ; 若有 间隙 累积 计时 照常进行 同 一方 辩手 的 发言 次序 不 限 如果 一方 时间 已经 用 完 另一方 可以 继续 发言 也 可 向 主席 示意 放弃 发言 自由 辩论 提倡 积极 交锋 不能 对 重要 问题 回避 交锋 两次 以上 对于 对方 已经 明确 回答 的 问题 不能 纠缠 不 放 ( 注 自由 辩论 阶段 每方 使用 时间 剩余 30 秒 时 主席 提醒 ; 时间 用 完时 主席 举 红牌 宣布 终止 发言 ) 阶段 五 总结 陈词 反方 四辩 总结 陈词 ; ( 4 分钟 ) 正方 四辩 总结 陈词 ( 4 分钟 ) ( 注 应有 针对性 的 对 辩论会 整体 态势 进行 总结 每方 队员 在 用 时 剩余 30 秒 时 主席 提醒 时间 用 完时 主席 举 红牌
2591092761,"如何 喷人 第七层 人身攻击 例 "" 曹 你 妈 小朋友 级别 贴 吧 及 匿名 留言板 第六层 偏见 不 理会 对方 的 论点 直接 攻击 对方 的 身份 或者 能力 例 喂 你 还是 中学生 吧 中学生 也 敢 说 自己 这中 二 言论 正确 么 哈哈哈 哈哈哈 贴 吧 及 匿名 留言板 论坛 第五层 恶意 态度 不 理会 对方 的 论点 以 无关 的 事情 或 直接 使用 质疑 对方 的 态度 和 口气 例 你 生气 了 笑 你 恼羞成怒 了 笑 所以 我 赢 了 贴 吧 及 匿名 留言板 论坛 第四层 观点 矛盾 列出 相反 的 论点 但是 不 使用 公认 证据 或 不加 证明 例 我 认为 相对论 是 错 的 因为 我 同学 说 那 是 错 的 论坛 第三层 理据服 使用 相反 的 论点 并 使用 公认 的 证据 和 文献 加以 证明 例 我 认为 上帝 是 存在 的 因为 圣经上 是 这么 写 的 辩论 团体 第二层 驳斥 用 引导 的 方式 指出 了 对方 的 疏漏 和 自相矛盾 问题 辩论 团体 优质 论文 第一层 反驳 对方 的 论点 确实 指出 了 对方 重点 的 错误 优质 论文 另别 在 网络 上 尝试 恶意 态度 以上 的 等级 你 只会 浪费时间 另 另 这 是 我 从 一张 图上 手 打 下来 的 非 原创 ( = = ) 观众 老爷 们 看看 乐呵乐 呵 就行了 ( )"
2588671986,这个 辩题 本身 就 不是 那么 公平 正方 绝对 吃亏 很多 大家 都 说 武大 文采 好 逻辑 不够 好 我 不 认同 设身处地 我 认为 没 人 可以 将 这个 辩题 辩论 到 想 他们 一样 优秀 命题 决定 他们 只能 往 这 一 方向 进行 辩论 不过 也 只能 算 武大 倒霉 总体 来说 确实 是 反方 更好 但 我 认为 如果 命题 互换 武大 不 一定 会输
2586838797,个人感觉 武汉大学 的 辩论 更好 首先 是 四位 辩手 在 陈述 过程 中 表达 非常 完美 仪态 大方 没有 出现 错词 断句 的 情况 马来亚 大学 的 一 辩二辩 就 这 一点 真的 是 差 很多 ( 可能 是 用 普通话 的 原因 天然 劣势 其次 武汉大学 的 辩论会 给 人 一种 更强 的 整体感 从 一辩 开始 层层 递进 到 四辩 的 最终 总结 是 统一 的 整体 的 马来亚 大学 的 辩手 这 一点 真的 是 不如 武汉大学 的 他们 的 辩论 似乎 只有 三辩 四辩 是 统一 的 在 这里 就 不谈 逻辑 问题 了 大家 可能 觉得 马来亚 大学 的 逻辑 更强 但是 我 水平 不够 不 对 逻辑 说 什么 只能 对于 两支 队伍 的 表达 表现 做做 评论 还有 很多 弹幕 说 武汉大学 过于 专注 于 语言 辞藻 的 堆砌 忽略 了 逻辑 还有 说 辩论 是 逻辑 最 重要 的 确实 逻辑 是 最 重要 的 但是 我 认为 没有 好 的 表达 是 无法 吸引 人去 看到 你 的 逻辑 的 武汉大学 可能 是 被 人 的 偏见 误导 了 他们 的 表达 太过 出色 反而 让 大家 忽略 了 他们 的 逻辑 马来亚 大学 能 拿 出来 的 也 只有 逻辑 和 最后 的 稍 好 一筹 的 终辩 吧
2586192038,辩论 看 的 是 技巧 不是 对错 即使 是 错 的 只要 你 辩论 的 好 就 会 赢 所以 没有 什么 公平 不 公平 的
2585917477,正方 太难 了
2585298424,BV 时代 前来
2583356455,为什么 找 这种 有 定论 的 辩题
2582241281,黄暴 辩论 哈哈哈 哈哈哈 哈哈哈 哈哈哈 哈哈哈
2581721241,举办方 为什么 不 在 一 开始 就 明确 定义 什么 是 万恶之源
2580536785,辩论 就是 把 同源 但 多面 的 命题 拆开来 辩 根本 就 没有 一个 确定 的 答案 不 存在 哪方 取得 辩论 胜利 辩论 的 目的 不是 说服 对方 而是 借助 试图 说服 对方 的 思想 去 探寻 源 更 多元 多维度 的 思考 源 所以 在 弹幕 瞎 嚷嚷 的 某些 人 思想 就 出 了 问题
2580087782,话 说 钱 是 万恶之源 这个 命题 感觉 有点 不 公平
2580167271,万恶之源 本身 并不一定 是 恶 -& gt ; checkmate
2577282091,钱 是 万恶之源 如果 钱 不是 万恶之源 这个 论点 成立 那么 什么 是 万恶之源 呢 你 可以 说 是 恶念 是 万恶之源 但 恶念 是 人 产生 的 人 也 是 万恶之源 生物 也 是 万恶之源 地球 是 宇宙 是 所以 首先 要 明确 万恶之源 不 只能 有 一个 性欲 是 万恶之源 难道 钱 就 不能 是 万恶之源 了 长江 的 源头 在 哪里 按 这种 逻辑 它 在 地下 高山 地球 宇宙 把 事物 本身 过分 细化 就 没有 学术 意义 如果 要 定义 万恶之源 就要 有 范围 第二 钱能 有 正面 意义 但 不 影响 它 的 反面 作用 杀人犯 做过 好事 他 就 不是 杀人犯 了 吗 混淆 概念 哪怕 你 说 钱 是 万善 之源 也 不 影响 它 是 万恶之源
2577311938,两面 来看 就算 论题 是 钱 是 万善 之源 那 我 也 可以 大方 承认 钱 是 万善 之源 但 钱 作为 恶源 这个 性质 还是 不变 的
2576323836,来看 神仙 打架
2576251856,我 是 学校 金牌 辩手 不过 决赛 不会 了 排练 了 一个月 我照 剧本 演 对面 孙子 演 我
2575725174,我 小学 的 时候 班里 组织 过 关于 科技 的 发展 是 利大于弊 还是 弊大于利 辩论赛 我 是 正方 我们 两方 辩论 跟 吵架 一样 还 拍桌 了 最后 我们 正方 一直 说 说 说 反方 都 说不上 话 了
2591318484,这个 命题 我 小学 的 时候 我们 老师 也 组织 我们 辩论 过 我 记得 我 是 正方 当时 我 脑子 一热 就 说 如果 科技 发展 是 弊端 那 你 现在 就 应该 穿草 裙 住 窑洞 现在 想想 我特 么 当时 在 说 什么 阿 哈哈哈哈
2574063736,个人见解 钱 这个 词 是否 可以 升华 光打 万 啊
2573995064,十几年 前 的 认知 也 就 不过 分吐槽 了 钱 不 等于 物质 更 不 等于 物质欲望 物质欲望 带来 的 是 驾驭 物质 的 能力 换句话 就是 知识 物质 则 是 根本 钱 只是 一种 量化 系统 但 可以 被 恶意 利用 钱 是 一种 菜刀 切菜 还是 切人 取决于 人 或者说 是 基因 基因 不 存在 选择权 意识 才 具备 选择权
2586839300,万恶之源 不是 恶钱 确实 是 万恶之源 的 一种
2572060139,辩论 重 逻辑
2570890327,武大 真的 虽败犹荣
2570808345,武汉 加油
2570021457,我 怀疑 那些 评选 的 老师 也 和 我们 一样 都 是 墙头草 谁 说 最后 一句 谁 就 有理
2569918041,酣畅淋漓
2569116580,想念 语文 老师 了 哎
2565078807,被 完美 关系 抄 了
2562672370,考古 以及 辩论 不是 让 你 选择 观点 而是 让 你 以 一个 既定 观点 为 本来 说服 他人 我们 应该 注意 的 是 辩者 对 该方 论点 的 解释 证明 和 对 对方 的 驳斥 而 不是 单拿 论点 出来 说 我 支持 哪方 哪方 论点 对 哪方 论点 错
2561286882,在 我们 作文 素材 上 印过 当时 对 胡渐 彪 的 发言 印象 特别 深刻
2559061190,钉 钉 时代 考古
2558613194,补个 三 连
2558003914,钱 的 定义 不 只是 钱
2557653704,考古
2554699716,不 适合 开放 弹幕 的 小破 站
2554585466,太精彩 了
2548236905,我 认为 钱 不是 万恶之源 我 小时候 为了 知道 火能 不能 烧着 房子 放 了 火 假设 有人 为了 知道 刀 捅进 脖子 能 不能 致死 而 杀了人 无论如何 他 都 属于 作恶 因此 无知 和 无畏 才 是 万恶之源 因为 杀人 不 符合 我 的 道德 价值观 因此 即使 有 再 多 的 金钱 我 也 绝不会 作恶
2653740364,我 也 觉得 钱 不是 万恶之源 人们 所 做 的 恶 说到底 是 欲望 的 无法控制 如果说 钱 是 万恶之源 那么 钱 就 等于 欲望 吗
2653744071,没有 钱 就 没有 欲望 了 吗
2545471879,单说 二辩 开始 的 这个 问题 万 究竟 是不是 全在 别的 语境 下 需要 讨论 但 在 这个 问题 中是 不用 讨论 的 因为 金钱 是 万恶之源 这句 话 其实 是 舶来品 原 俚语 就是 all evil
2544622009,令人 大饱眼福 啊 双方 实力 非常 强劲
2543413294,参加 过 辩论 的 我 深知 这种 辩论 的 水平 之高算 得 上 是 巅峰 了
2543334485,刷 偷换概念 的 如果 你 是 辩手 的话 光是 bb 偷换概念 起 不到 任何 作用 说不出 具体 理由 那 基本上 等于 无能 狂怒
2541505840,被 震撼 到 说不出 话 真 神仙 打架 啊 那 这里 只能 补充 一点 啦 弹幕 里 有 说 马来人 nb 的 这里 解释一下 其实 马来人 和 马来西亚 华人 是 不同 种族 哦
2541162281,想想 今天 辩论 圈 的 党同伐异 再 想想 20 年前 的 精彩 当时 只道 是 寻常
2540200525,我 好像 没有 自己 的 观点 他们 的 论证 都 好 有 道理
2540108386,想 了 半天 也 没想到 辩论 钱 是 万恶之源 的 论据 大家 有 什么 好 的 出发点 来辩 正方 观点 吗 请 指教
2577294200,钱 是 万恶之源 如果 钱 不是 万恶之源 这个 论点 成立 那么 什么 是 万恶之源 呢 你 可以 说 是 恶念 是 万恶之源 但 恶念 是 人 产生 的 人 也 是 万恶之源 生物 也 是 万恶之源 地球 是 宇宙 是 所以 首先 要 明确 万恶之源 不 只能 有 一个 性欲 是 万恶之源 难道 钱 就 不能 是 万恶之源 了 长江 的 源头 在 哪里 按 这种 逻辑 它 在 地下 高山 地球 宇宙 把 事物 本身 过分 细化 就 没有 学术 意义 如果 要 定义 万恶之源 就要 有 范围 第二 钱能 有 正面 意义 但 不 影响 它 的 反面 作用 杀人犯 做过 好事 他 就 不是 杀人犯 了 吗 混淆 概念 哪怕 你 说 钱 是 万善 之源 也 不 影响 它 是 万恶之源
2597053001,回复 : 既然 是 源 怎么 能 是 多个 呢 再者 即便 因为 划分 的 不同 我们 说 钱 可以 是 万恶之源 那 也 不 等于 钱 就是 万恶之源 你 可以 成为 伟人 不 等于 你 是 伟人 啊
2597073381,回复 : 同样 钱 是 可以 拥有 多个 身份 但是 并 不 代表 他 此刻 就是 这个 身份
2599530564,回复 : 所以 我 说 钱 是 恶源 和 他 能 不能 干 善事 不 相关 反问 如果 钱 不是 万恶之源 你 能 具体 说 什么 是 万恶之源 吗
2599536365,回复 : 如果 要 把 钱 这个 身份 还要 分开 很多 身份 就是 阉割 了 钱 的 独立 事物 象征
2599571958,回复 : 就 像 反方 说 的 一个 主要 思想 任何事物 都 有 两面性 那么 我可以 把 他 认为 是 一种 否定 万恶之源 客观存在 的 观念 因为 一切 事物 都 有 两面性 如果 单单 认为 钱 有 善意 的 身份 就 否定 他 其他 身份 那么 其他 东西 何尝 不是 呢 那 就 没有 东西 是 万恶之源 了 就 从根本上 摒弃 了 题目 本身 这样 就 不用 辩论 了
2537537676,如果 让 我 辩论 的话 我 不 把 对方 辩手 说 的 心服口服 我 是 不 可能 下台 的 我 要 辩到 他 怀疑 人生 辩 的 所有 反对者 都 认同 我
2559190946,你 可以 看 一下 少爷 的 辩论 教学 没有 人 喜欢 被 改变 以及 被 说服 学 辩论 也 不是 为了 让 对方 认同 你 而是 把 观众 的 本来 观念 引导 到 你 的 论点 里 给 他们 提供 一种 选择 思路
2537316009,看 了 这个 才 发现 现在 的 大专 辩论赛 精彩 程度 真的 不 敌 以前 的 一半 啊
2531472611,正方 三辩 说话 之后 觉得 正方 基本 稳 了 自由 辩论 之后 正方 吃亏 呀 真难 啊
2530996413,50 分钟 过 的 好 快
2528458491,想 知道 什么样 的 命题 可以 保证 辩论赛 的 公平性 感觉 这场 比赛 反方 的 观点 是 比较 有利 的
2529841295,辩论 本来 就是 要 使用 有 争议性 的 命题
2527547853,钱 的 诞生 本 为了 交易 的 方便 生活 的 改善 为善 某些 人 私念 重 敛财 为 恶 钱 无 善恶 之 分为 一 客观 介质 钱之于 人 如刀 之于 人人 分 善恶
2527085532,太精彩 了
2526012633,武大 偏文气 马来 队 比较 理性
2525693184,建议 睿国 弹幕 选手 出征 8 位 选手 的 发言 远不如 弹幕 键盘 侠 的 观点 万分之一 精彩
2525558672,我 看 出来 了 穷 才 是 万恶之源
2525299130,三刷 了 看 多少 遍 都 不腻 呀
2524464489,建议 关闭 弹幕 境界 不 一样 有些 弹幕 很气 人
2523628503,钱 不是 万恶之源 穷才 是 万恶之源
2521509292,正方 太 不利 了 钱 在 谁 手上 都 有 都 有 不同 用处 钱 不是 一定 要 为 恶 的
2521398833,我 还是 不 喜欢 辩论赛 辩论 很 好 是 为了 真理 而 努力 但 用来 比赛 为了 赢 啥 谬论 都 说 的 出来 我 的 观点 是 如果 钱 这种 物质 能 代表 万恶之源 那 肯定 有 一种 物质 能 代表 万善 之源 但 我 始终 不 知道 那 是 啥
2527546398,"贪是 诸 恶源 , 诚为 万 善本"
2521357116,文无 第一 武无 第二
2520520378,太精彩 了
2520492930,害 别论 了 钱 是 双刃剑
2520015956,这 本来 就 应该 是 为了 增加 收视率 开展 的
2520006117,我 不会 辩论 我 就 想 为啥 正方 不 把 马克思 拿 出来 是因为 有 马来西亚人 不是 完全 认同 马克思 吗
2519770782,一 开始 只是 反方 一个 人 黄暴 然后 反方 全 被 同化 然后 正方 也 被 同化 了
2518836688,带 专人 带 专魂 哦 我 来 错 了 我 先 爬
2518655436,钉 钉 时代 考古学家
2517501503,既然 能辩 那 说明 这个 问题 没有 绝对 对错 你 能 有理有据 逻辑 清晰 的 把 自己 的 观点 表达出来 就是 胜利
2517452191,我 想 知道 这个 口音 有 什么 问题 我 觉得 听 不错 的 而且 节目 又 不是 看 主持 的 口音
128856990448,挺 喜欢 这个 口音 的
2517440202,收藏 比 其他 加 起来 都 多
2517393127,未来 10 年 各 平台 弹幕 评论 区 向 社会 输出 十个 亿 的 人才
2515313608,2020 年 一切 源于 一只 蝙蝠
2537548970,震惊 ! 真正 的 万恶之源 原来 是 它
2515170802,没有 钱 是 万恶之源 有情 不能 饮水饱
2514864157,现场 发挥 我 去 神 了 真的 思维 流畅 毫无 停顿 简直 就是 无情 的 发言 机器 啊
2514834093,恶 在 前 钱 在 后 支持 黄暴 辩手
2514161943,承认 货币 的 基本 属性
2513951535,恶源 指 的 是 衍生 出恶 的 东西 并非 恶 本身 钱能 衍生 出恶 即 为 恶源
2513969092,后边 居然 有
2513606022,人之初 性本善
2513428042,钱 是 手段 不是 源头 非 我 也 钱 也
2513384090,反方 四辩 的 结辩 太强
2513290364,如果 这 世界 上 只有 人 没有 钱 就 不会 有 贪婪 么 如果 这 世界 上 只有 钱 没有 人 那么 世界 就是 地狱 么 人类 不会 变成 自己 不是 的 东西
2513249733,经典 个 屁 决赛 辩题 偏得 没边 了
2513107796,两个 字 代表 我 的 心情 : 卧槽
2512973771,钱 不是 万恶之源 因为 如果 我 拥有 几百亿 花不完 的 钱 我 就 不会 干坏事 我会 天天 做 善事
2512205071,一边 是 语言 逻辑 一边 是 思维 逻辑 好看 就是 他们 两边 都 好像 太 纠结 在 各自 的 点 上 了
2512055222,我 先 看 了 评论 说 弹幕 都 是 ' 辩论 大佬 ' 可是 我 看 了 一半 弹幕 都 在 夸 选手 自愧弗如 enmmmmm 然后 我 发现 我 设置 了 弹幕 屏蔽 等级 7
2511432572,有些 弹幕 感觉 侧重点 不太对 看 辩论 不是 要 得出结论 哪个 对 而是 要 看 在 尽可能 说服 对方 的 过程 中 所 使用 的 逻辑 和 语言 方式 啊
2509567732,正方 一辩 开头 用 的 例子 伊甸园 的 故事 中外 物 引出 了 恶 那 恶 的 源头 是 在外 物上 还是 人 身上 ? yysy 正方 这个 辩题 太 吃亏 了 在 钱 的 概念 还 未 产生 之前 难道 就 没有 恶 了 吗 ?
2516780735,你 可以 去 当 反方 质问 方啦
2509484530,一句 话 这 世界 上 没 钱 之前 有恶 吗
2508982885,在我看来 辩论赛 就是 一个 小小的 比赛 没有 实质 意义 为了 辨而辩
2508907500,我 不是 从罗翔 教授 过来 的 吗
2510755875,我 也 是
2508802550,说实话 我 的 观点 是 : 钱 不是 万恶之源 正方 说 钱 使 人 有 目的 欲望 在 我 认为 钱 不是 问题 本身 人 之所以 迷失 是 竞争 中 一次次 发芽 出来 钱 推进 社会 发展 让 社会 有序 我想 问下 各位 如果 没有 钱 那么 你们 怎么 交易 用 其他 物质 交易 等价 代换 与 钱 有 什么 区别 呢 钱 不是 问题 本事 钱 无罪 你们 所说 的 钱 带来 的 祸害 是 钱 的 问题 还是 人性 问题 人 可以 通过 努力 通过 竞争 来 获得 回报 钱 是 鼓励 的 一种 形式 你们 觉得 钱 是 万恶之源 它 给 你们 带来 了 什么 不好 影响 呢 是 钱 的 问题 还是 你们 本性 的 问题 有些 人 没有 钱 而 受到 生活 的 打击 有些 人 没有 钱 却 依然 照样 生活 快乐 虽然 这样 的 人 很少 有些 人 有钱 快乐 有些 人 有钱 悲伤 如果 你们 有钱 了 可以 做 自己 想 做 的 事 那么 我 问 你 你 还 觉得 钱 是 万恶之源 吗
2508826189,补充 : 正方 所说 的 因钱 杀人 等 事例 那么 我 想 问 一下 : 如果 将 钱 换 做 其他 欲望 他 渴望 而 不可 得 的 欲望 他 难道 就 不会 动手 害人 了 吗 是 钱 的 问题 还是 自身 的 问题
2508878585,这 是 我 的 观点 论据 不好 的 地方 希望 指出
2508058901,马来西亚 疯狂 飙车 武汉 方 疯狂 讲 段子
2507955190,糟 了 是 要 弯 了 的 感觉 画风 突变
2507714853,钱 不是 万恶之源 人才 是
2507366439,这场 真的 是 神仙 打架 了 正方 和 反方 都 很 厉害
2506823136,是 何异于 刺人 而 杀 之 曰 非 我 也 兵 也
2505896941,弹幕 人均 学历 比 武汉大学 高
2505765806,太牛 了 现在 才 知道 以前 有 这么 好 的 节目
2505747737,这个 辩题 本身 就 不 公平 吧 正方 辩论 技巧 还 行 反方 被 牵着鼻子 走 了 好几 波 了 都 主要 是 这个 辩题 拓展 性太低 了 你 可以 看到 双方 都 在 围绕 少数几个 话题 来回 说 弹幕 有 很多 没什么 脑子 的 弹幕 恐怕 也 是 只 关注 了 辩题
2518056734,表上 本来 就 没有 谁 赢 谁 输 的 只是 根据 你 的 临场发挥 觉得 谁 说 的 好 他们 这 都 抽签 决定 的 就 抽到 这个 了 你 说 让 怎么办
2519275196,回复 : 所以 主办方 辩题 选 的 不好 啊 谁 抽到 谁 倒霉
2519974543,回复 : 不是 你 误会 了 所有 的 辩题 都 是 没有 正确 答案 的 只是 你 觉得 辩论 只是 在 说服 对方 而 不是 得出 正确 答案 不然 就是 强行 给 人 灌输 思想
2504547681,评论 区 居然 还有 把 选手 们 称作 高级 杠精 的 你们 可真 nm 的 会 说话 噢
2504828412,为什么 没有 罗翔 老师 差评
2508400434,"优美 的 中国 话 dgd , dgd"
2504468191,我们 的 语文 老师 曾经 出过 一个 辩题 正方 证明 我太难 了 反方 证明 我 不难 咳咳 请 开始 你们 的 表演
2504828535,为什么 没有 罗翔 老师 差评
2505184294,回复 : 哈哈哈 我 也 是 看罗翔 老师 来 的 但是 却 走 不 出去 了
2505515459,回复 : 哈哈哈哈 哈哈哈 我 也 一样
2504465147,然后 评判 团 又 开始 了 一场 辩论
2504304335,一个 一个 杠精 学历 都 是 比 武汉大学 还要 高 吗 杠 什么 杠
2504251738,我先 开始 是 支持 反方 观点 的 但是 最后 还是 支持 正方 万恶之源 不 在于 万 也 不 在于 恶 而是 在于 源 因为 有了钱 人性 的 各种 恶 被 导出来 了 这 就是 钱 为什么 是 万恶之源 的 原因 万恶之源 的 重点 在于 一种 事物 衍生 出 千千万万 种 事物 这个 事物 只有 钱能 胜任 虽然 钱 是 人性 支配 你 要说 人性 衍生 出 千千万万 种恶 是 不 可取 的 因为 如果 没有 钱 这个 媒介 就算 你 脑子里 有 很多 贪念 也 不能 实现 还是 得 靠 钱 帮忙 所以 综上所述 钱 就是 万恶之源
2518058263,呃 呃 你 还是 再 看看 这个 视频 吧
2518065847,钱 不 一定 是 万恶之源
2522680506,回复 : 争辩 的 无非 就是 对于 万恶之源 的 定义 罢了
2504156507,原来 我 的 本体 是 墙头草
2504125187,一般 辩题 出来 以后 大家 心里 都 会 有 一个 判断 辩论 的 过程 就是 让 你 重新 思考 这个 问题 的 过程 好看 的 点 在于 是不是 有 哪些方面 是 你 以前 没 这么 想 的 不管 是 正方 反方
2504106394,二十一 世纪 二十年代 中国 辩论 队 横扫 各大 国际 辩论 大赛 有人 问 带队 教练 陈磊 是 如何 找到 这么 多 的 人才 的 他 微微一笑 我 从 b 站 弹幕 里 随便 挑 了 几个
2503541340,马克思 : 经济 决定 上层建筑
2503435542,高级 杠精
2503371106,tql 学到 许多 谢谢
2503350726,人家 辩论赛 说 的 有理有据 条条 是 道 看 弹幕 有些 东西 感觉 就是 在 装 逼 凸显 自己 可能 真的 去 辩论 就 一口 一个 妈
2503130711,从 杨神 那 过来
2502969824,为什么 大家 会 感到 弹幕 说 的 和 他们 说 的 有 很大 区别 因为 他们 是 在 为 辩 而论 我们 弹幕 是 在 为论 而 辩
2502296113,辩论 的 最高 境界 不是 打败 对手 而是 说服 裁判
2501858468,果然 是 马来
2500770601,大专 人 大专 大专 都 是 人 上 人
2499877446,其实 我 感觉 这个 辩题 不 公平
2518071071,辩题 从来不 公平 但 都 是 经过 思考 的 不会 出 一个 绝对 错 或者 绝对 对 的 东西 啊 这 就是 抽签 决定
2499383154,嗯 从始至终 我 都 觉得 钱 不是 万恶之源 这场 辩论 有 顺畅 的 逻辑 也 有 机智 的 诡辩 我 不 懂 什么 辩论 技巧 之类 的 专业知识 但是 说实话 我 真的 觉得 正方 观点 我 都 能 找出 反驳 它们 的 事实 好 了 没什么 了 这 只是 一段话 来 表达 一个 人 的 观点 而已
2508406988,一般 遇到 这样 可爱 的 二级 号 我会 摸摸 他 的 头 并且 给 一个 赞
2509444391,回复 : 嘿嘿 那 多谢 啦
2518073870,呃 呃 怎么 说 呢 你 要是 在 上面 正方 可能 会 把 你 说 的 找不着北 只是 你 觉得 因为 你 没有 真正 去 辩论
128860073632,回复 : 那个 她 可能 只是 说 一下 自己 的 感受 并 没有 说 自己 很 厉害 或者 正方 不 厉害 啥 的 嗯 就 这
2498960413,天 哪
2498956314,这个 节目 名字 叫 什么
2498866587,抗 吧 老哥 聚集
2498734591,8 年前 辩论 队里 让 每个 人必 看
2498131883,666
2497804300,感觉 自己 思维 崩 了
2497673121,一场 有 颜色 的 辩论
2497145410,人 是 万恶之源 毕
2496307373,正方 硬 实力 反方 占点 题目 优势
2496287558,神仙 打架
2495928965,辩题 应该 改成 欲 是 / 不是 万恶之源
2508422893,不是 因为 还有 无知 产生 的 恶 ( 比如说 迷信 过失杀人 之类 ) 只要 这个 万恶之源 解释 是 全部 的 恶 的 源头 的话 那么 就 可以 驳倒
2495480976,卧槽 牛 逼 啊 看到 最后 万恶之源 不是 恶 之后 突然 幡然醒悟 的确 是 啊 诸多 恶行 的 源头 不是 恶 钱 确实 可以 是 万恶之源 可以 引发 诸多 恶行 钱 是 万恶之源 但是 钱 不是 恶 所以 钱 是 万恶之源 这个 命题 还是 成立 的 卧槽 大佬 果然 是 大佬
2495382635,一直 觉得 辩论 的 作用 是 引发 人们 进行 深入 的 思考
2495323096,给 身边 的 物质 加上 好坏 属性 的 本身 就是 人 自己 啊 同 一种 行为 在 不同 的 环境 下 又 会 产生 新 的 关系 感觉 一 开始 就 不能 辩 出来
2495342076,但是 看着 相当 有趣
2495246415,其实 还有 那个 人性本善 / 恶 的 辩论 也 超 厉害
2495023034,人 本性 的 问题
2494942049,太 nb 了
2493745452,其实 主要 看 你 怎么 理解 钱 是 万恶之源 这句 话 了 万恶之源 是 恶 的话 钱 就 不是 万恶之源 万恶之源 不是 恶 的话 钱 就是 万恶之源 个人 理解 勿 喷
2493329980,看着 都 忘记 时间 了 再 想想 我 小学 时 的 辩论赛 思维 跳跃 得 硬是 从 网络 有没有 害 变成 了 男生 平时 怎么 玩游戏
2490659714,辩论 谁 对 谁错 本身 没有 意义 重要 的 是 在 辩论 的 过程 中 产生 的 思辨 精神
2488376201,呵呵
2487764363,主持人 有 鼻炎
2486182368,我 就是 墙头草
2485055092,此时 一个 外行人 一脸 懵 逼 感觉 都 好 有 道理
2484832845,打辩 感觉 还要 走 一趟 表演系
2483952007,美国 日本 法国 荷兰 英国 : 感觉 我 受到 了 冒犯
2483479994,辩题 钱 是 / 不是 万恶之源 正方 的 立论 基础 是 钱 是 很多 恶 的 诱发 因素 反方 的 立论 基础 是 钱 不是 所有 恶 的 诱发 因素 人性 才 是 所以 双方 争夺 万恶 之万 这个 高地 是 很 有 必要 的 弹幕 大神 频频 说 偷换概念 什么 的 看来 是 真的 没有 参加 过 辩论 辩论 不是 在 争 对错 而是 思维 交锋 就 跟 打游戏 一样
2481298084,前束 考古
2481204252,是 马来亚 不是 马来西亚
2480767080,反四 真正 说 到 点子 上
2480778676,因为 正方 本来 就 吃亏 想 赢 只能 把 万恶之源 拆开 断章取义 这个 词 其实 来源于 圣经 意思 就是 一切 罪恶根源 不要 管 辞典 上 什么 万 不是 一切 这是 外来词 不喜 勿 喷不信 自行 百度
2479500165,神仙 打架
2478902921,正方 被 反方 碾压 了 ..
2497806641,没有 碾压 论题 对 反方 有利 万恶之源 这个 万 对 反方 有利 就 辩论 实力 来看 正方 的 论点 很多 都 是 事实 反方 有 很多 是 假设
2478861551,三辩 都 好 有意思 哈哈哈哈
2478823787,他们 好 厉害 呀
2478823174,说得好 但 我 还是 正方 支持
2478878596,不行 了 我 赞同 正方 观点 但是 喜欢 反方 的 辩论
2478782702,辩论 一场 愚弄 裁判 和 听众 的 游戏 这 也 就是 为什么 在 这里 文学性 大过 逻辑性 的 原因
2478845862,装逼 的 时候 还 说 的 病句 好像 有点 丢人 喔
2481762542,老懂哥 了
2483651951,笑 飞 了
2489747657,谢谢 有 被 笑 到
2478354443,时代 考古
2478168165,近 20 年前 的 史诗 对线
2476064729,友情 提示 关 弹幕 食用
2475999241,考古
2475409977,在 正反 双方 反复 横 跳
2472443509,万恶之源 不是 恶 我 的 理解 是 万恶之源 是 源源 不 等于 恶源 是 源 恶则 是 种类 有源 才 有 一切 恶 不 属于 源 但是 源 可能 包含 恶 所以 正方 观点 就 有点 偏 反方 了 但是 正方 能 把 本身 概念 就 偏 模糊 的 观点 辩论 到 这种 层面 已经 很 厉害 了
2471179749,文化 杠精
2471174193,杠精
2470856270,建议 关 弹幕 看 啦 太快 听不懂 就 再 听 一遍 啦 弹幕 里面 一些 正片 开始 输在 普通话 一系列 的话 看似 没 啥 但 很 容易 影响 看 视频 的 体验 的 总之 建议 管 弹幕 看 啦 想 找 共鸣 建议 看 完 回来 再 看 弹幕
2469814640,万恶之源 是 B 站 的 极乐 净土
2465940789,我 没 文化 我 只能 说 牛 逼
2465795789,正方 全 人 文学 课 反方 三 理工科
2465784291,反方 事实 辩确 是 不可 推翻 的 真理 啊 只能 说 虽然 题目 对 正方 稍稍 不利 但 反方 选点 到位 实力 强硬
2464988524,对于 人性本恶 或善 的 93 年 武大 和 台湾 代表 选手 已经 辩论 过 了
2464981181,诡辩术 或者说 是 诡辩论 本身 是 一种 方法论 更 准确 地说 诡辩论 是 一种 论证 方法 它 的 根本 特点 是 一种 歪曲 的 论证 诡辩 不同于 武断 也 不同于 谣言 武断 是 根本 没有 理由 人们 一看 就是 强词夺理 谣言 是 无中生有 人们 一听 就是 居心险恶 但 诡辩 在 论证 其 道理 时 总是 要 拿出 一大堆 的 根据 所以 在表面上 总能 迷惑 一部分 人
2474322936,我 对线 的 时候 经常 用 这种 方法 啦
2478541240,回复 : 哈哈
2481535999,回复 : + 1
2508488448,我 听 你 这话 得出 的 结论 怎么 好像 是 诡辩 是 高级 一点 的 谣言 论据 这个 词 之所以 被 你 打 上 引号 不 就是 因为 它 不能 成立 站不住脚 吗 这 和 无中生有 的 谣言 有 什么 本质 上 的 区别 呢 不过 是 程度 不同
2508505065,我 看过 一些 视频 说 诡辩 是 区分 很多 种类 的 分别 犯着 不同 的 谬误
2464969993,哇塞 那句 万恶之源 不是 恶 真的 使 我 茅塞顿开
2464910595,恶 本来 就是 上 不了 台面 的 什么 黄暴 选手 恶行 和 欲望 很 干净 恐怕 不 合适 吧
2464362553,wok 我们 语文 老师 推荐 的 在 群里 给 了 个 连接
2460180872,穷才 是 万恶 根源
2459996306,( )
2459784543,贪钱 贪钱 钱 是 死 的 所以 贪才 是
2459311388,网络 辩论赛 单挑 赛 QQ2930826516qq 电话 有意者 加 本人 亲自 来 单挑
2459122112,我 就是 墙头草 谁 说 都 是 wocao 好 有 道理
2458866237,辨论 这种 东西 真的 很 让 人 热血 澎湃
2458370221,卧槽 牛 逼
2458331550,杠精 比赛
2458137509,我 觉得 这个 问题 没有 答案
2454216813,我 是 一颗 海草
2451176076,一 : 视频 大专 不是 现在 大专 学历 那个 意思 二 : 就算 是 大专 吃 你家 米饭 了 舔 狗 认为 外国 就 没 大专 了 美国 社区 学校 日本 专门 都 是 大专
2451003655,弹幕 真的 是 人均 辩论 带师
2448087706,好酷 好酷 双方 唇 刀 舌 剑 有 来 有 回 真的 好酷 辩论 的 中心 在于 辩 双方 都 做 的 超级 棒 能够 迅速 地 反应 过来 见招拆招 是 一个 辩论 员 的 基本准则 啊 太强了 耶 这样 才 是 高质量 的 辩论赛
2447472842,学生 时代 研究 过 n 次 的 课件 哈哈哈 哈哈哈
2447409242,周玄毅 胡建彪 这 俩 人 原来 在 这个 时候 就 交 过手 了 在 奇葩 说 上 认识 的 他们 呢
2445681059,再 来 一遍
2444785727,太棒了
2443850554,真牛 逼
2440916270,六六六
2439180899,正方 语文 功底 可以
2439155693,钱 不是 万恶之源 除非 钱 是 利益
2438590880,说 钱 是 万恶之源 的确 有些 不妥 但是 钱 有 巨大 的 诱惑力 这是 无法 否认 的 引诱 人 内心 的 恶
2435215476,如果 换 我 上去 无论 哪 一方 一 说完 我 估计 就是 我 你 这个 你 说得对 我输 了 他们 真的 太 厉害 了
2434933514,我 还是 凡人 我 感觉 谁 说 都 有 道理
2434862161,个人见解 反方 三辩 很 厉害
2434142328,正方 说 的 不 就是 资本主义 吗
2444356179,只能 偷换概念 啊 钱 本来 就 不是 万恶之源
2433875963,没 了 键盘 我 什么 也 不是
2432907338,我 觉得 钱 不是 万恶之源 人类 的 欲望 才 是 万恶之源 钱会 引发 恶事 但 追溯 源头 钱 的 作用 是 什么 钱 是 人类 在 进化 过程 中 所 诞生 的 用来 贸易 交换 的 流动 产物 所以 钱 不 可能 永远 只 攥 在 手里 那么 我 得到 钱 的 真正 目的 是 什么 难道 不 正是 为了 得到 我 想要 的 东西 如果 我们 用来 交易 的 不再 是 钱 呢 钱 说白了 也 就是 比较 特殊 的 纸 如果 它 不再 能 给 我们 带来 利益 那 就 没有 值得 抢夺 的 原因 ( 别 告诉 我 拿来 纪念 收藏 一个 小 偷偷 钱来 收藏 那 还 真是 脱俗 雅致 ) 那 就 不会 产生 恶 所以 人 贪钱 不是 人 想要 钱 而是 想要 用钱 满足 自己 的 欲望
2432502434,弹幕 为啥 屁话 这么 多 啊 说 人家 各种 牵强 你 是 打过 几场 辩论赛 啊
2432232432,刚看 完 1993 年 先 收藏 明天 再 看
2431927423,人 这种 生物 在 自然界 个体 生存 本领 绝不 占上风 我们 必须 群体 生活 发挥 我们 最 擅长 的 智慧 而 群体 生活 必须 要 确保 我们 的 数量 战力 我们 的 善 是 为了 整个 群体 向 好 的 方向 发展 这个 过程 必然 要 遏制 我们 的 恶 这样 我们 才 会 团结 强大 才能 繁衍 生存 才能 在 自然界 占有 一席之地 事实证明 我们 目前为止 相对来说 站 在 了 食物链 顶端 这是 我们 整个 种族 群体 的 共同 奋战 努力 的 所以 法律 道德 这种 社会 法则 是 我们 们 大 部队 默认 要 坚守 的 这 一切 是 为了 生存 繁衍 的 本能 个人 认为
2430499416,我 觉得 胜负 的 关键 就 在于 这个 万字 是 指 全部 还是 指 大部分 的 恶 把 这个 给 辩 赢 了 基本 就 赢 了
2430361987,哇塞
2428926033,挺 好 无论 正方 还是 反方 的 辩论 都 挺 能 拓展 认知 ~
2428708202,我 认为 钱 是 文明 之源 人 就是 因为 懂得 交易 才能 不断进步
2428130265,人性 中 的 理性 的 利己 的 相对 于 社会性 的 一面 才 是 万恶之源 钱 不顾 是 一个 载体
2427158623,黄暴 选手
2423817236,哔哩 哔哩 人均 班 辩论 大师
2419145555,弹幕 一直 刷 黄暴 选手 的 真是 ........
2417055498,湖南卫视 在播 的 剧 完美 关系 第十集 回忆 杀 照搬 了 辩词 诶 _ 编剧 不会 自己 写点 吗 ?
2417093948,整 迷惑 了
2423809433,昨晚 一点多 我妈 在 看 我 躺 床上 一听 不 对 啊 这 也 太 耳熟 了
2426440824,我 看 了 好像 是 的 诶
2416831916,抱 着 学习 的 态度 在 全家人 的 见证 下 我 开 的 外放 万万 没想到 反方 的 画风 那么 有 颜色
2416350037,政治学 不好 的 真实写照 正方 说完 支持 正方 反方 说完 支持 反方
2415669887,前来 考古 ! 好 想 给 up 一百万个 三连 !
2415205223,评论 区戾 气 很 重 我 下面 这 段 发言 估计 会 被 喷 我 觉得 弹幕 家 评论 确实 有些 你行 你 上 的 感觉 但 评论 区里 自娱自乐 何尝 不是 一种 你行 你 上 1 . 我 也 在 看 的 时候 发了 一条 偷换概念 不得不 说 片中 确实 有 偷换概念 的 存在 从 某种 情况 来看 确实 自己 看 的 时候 更 冷静 了 一些 能够 发现 对方 陈述 的 问题 但 上场 有 可能 发现 不了 ( 有次 我 四辩 结束 之后 看 录像 才 发现 对方 有 一些 漏洞 没 发现 ) 所以 这 再 正常 不过 了 评论 学家 也 没 必要 揪 着 说 2 . 有 的 评论 学家 甚至 开始 人身攻击 这点 也 很 没意思 毕竟 你 不 喜欢 看 弹幕 学家 纸上谈兵 大可 打开 你 的 屏蔽 列表 输上 偷换概念 3 . 我 觉得 在 一个 辩论 的 视频 中 讨论 问题 是 很 正常 的 事情 连 一些 科学 类型 的 视频 下 都 有 老哥 们 讨论 问题 的 优解 为什么 辩论 却 没有 呢 评论 学家 职责 的 这种 行为 是不是 在 某种程度 打压 了 这种 风气 我 倒 不是 在 给 弹幕 里 那些 莫得 素质 的 人 辩解 我 相信 有 不少 人像 我 一样 只是 发现 了 一个 问题 罢了
2414774840,第一次 看 辩论赛
2413524838,这 也 太强了 吧
2406054223,标题 真的 夸张 了 再 精彩 也 不能 带 最 经典 没有 之一 的 标签 总的来说 可以 好评 但 并 没有 很 折服 我 有些 东西 没有 说 到 点子 上
2405395643,希望 大家 关注 一下 钱 的 定义 正方 一直 没有 用 这 一点 来 打
2403087396,学习 一下 辩论 技巧 打开 弹幕 本 以为 会 有 什么 高谈阔论 没想到 不少 人连 辩论 是 什么 一 回事 都 不 知道 人家 反方 驳论 就 说 人家 偷换概念 辩论 的 题目 就 只是 一句 话加 了 肯定 / 否定 你 可以 认为 你 的 肯定 是 对 的 但 你 凭 什么 咬定 人家 的 否定句 是 错 的 凭 你 是 键盘 侠发 弹幕 证明 自己 存在 感 证明 自己 世界 第一 都 说 小破 站 低龄化 我 还 不信 看 了 看 这些 降智 评论 我信 了
2402746408,其实 反方 只要 往 大局观 去 说 就 好 了 没有 钱 就 没有 经济 发展 和 发展 强大 国力 国家 就 无法 保证 人民 的 安全 祖国 没有 钱 我们 也 没有 机会 在 这里 辩论 没有 中华 的 崛起 没有 改革开放 就 如同 平穷 的 国家 难道 他们 的 恶会 比 我们 要少 吗 正是 因为 钱 是 等价 交易 的 手段 我们 才 会 为了 人民 为了 国家 社会 去 建立 中华民族 的 辉煌 去 为 我们 的 父母 为 家庭 能够 过 上 更好 的 生活 去 奋斗 所以 钱 不是 万恶之源 恶 只是 人心 的 蛊惑 正方 只是 描述 了 恶 是因为 钱 却 没有 论述 钱 能够 创造 教 稳定 的 教育 环境 先进 的 医疗系统 让 更 多 的 人 接受 教育 当 更 多 的 人 享受 福利 拥有 快乐 的 生活 和 工作 正方 描述 的 恶 是 局限 的 将 我们 的 思维 引导 在 了 阴暗 当中 管中窥豹 扩大 了 所谓 的 人性 阴暗面 而 忽略 了 世界 文明 的 璀璨 和 先进 忽略 了 那些 为了 更 美好 的 未来 努力 的 你们 和 我们
2402685586,武器 可以 产生 罪恶 和 暴力 但是 武器 也 可以 保卫国家
2402201247,金钱 是 罪恶 的 放大镜
2396571132,其实 单以 辩论 技巧 和 情绪 感染力 来说 正方 基本上 来说 吊打 反方 但是 这个 辩题 正方 实在 太 劣势 了 一句 万恶之源 是 贪欲 而 不是 钱 就 把 他们 顶 死 了 很 明显 他们 早就 料想 过 这个 问题 以 贪字 的 贝 做文章 但 实在 是 太过 牵强 了 在 万字 上 方向 没错 但 使 的 劲儿 太大 了 到 后面 已经 有种 孤木 难支 的 感觉 了 如果 在 万 贪和源 三个 点 一起 下手 也 不至于 到 最后 有种 后劲不足 的 感觉 了
2408799789,确实
2391635348,钱 不是 万恶之源 人 是 万恶之源
2387984372,其实 我 觉得 这场 辩论 似乎 没什么 水平 他们 两方 的 观点 可以 用 哲学 的 观点 来 解释 正方 认为 钱 是 外 在 的 东西 物质 决定 意识 反方 认为 钱 是 一种 工具 是不是 恶 主要 取决于 人 本身 其实 我们 都 知道 物质 决定 意识 人类 社会 的 种种 现象 从 根源 上 是 由 物质力量 决定 的 恶 也 是 一种 社会 现象 而 钱 可以 看做 是 物质 的 一个 抽象化 象征 所以 说 钱 是 万恶之源 的确 是 正确 的
2388387074,牛 B 了 所以 钱 不 只是 万恶之源 它 还是 爱情 的 根源 还是 善行 的 根源 还是 刻板 印象 的 根源 并且 它 还是 随地 大小便 的 根源 还是 民族 精神 的 根源 还是 约 P 的 根源 而且 它 还是 同时 是 道德 和 法律 的 根源 同时 是 有神论 和 无神论 的 根源 是 一切 哲学 学说 的 根源 为什么 呢 因为 它们 都 是 社会 现象 都 是 意识 啊
2440943624,回复 :
2386291998,我 发现 了 看 辩论赛 绝对 不能 开 弹幕 严重 影响 观感
2385496614,那个 正方 3 辩说 在 中文 的 员 当中 目前 的 文字 当中 没有 一个 贝字 是 什么 意思 之前 的 员 还有 别的 写法 吗
2408823466,查 说文解字
2408982018,回复 :
2382964785,神仙 打架
2382649227,可是 当 我 知道 自己 的 观点 是 什么 的 时候 我 在 意识 中 能 想到 一大堆 清晰 的 或 不 清晰 的 知识 不管 我 的 对立 者 如何 说 我 都 清楚 的 知道 自己 相信 的 观点 但是 要是 口头 辩论 的话 可能 你 说 不过 对立面 对方 说 的 都 合乎逻辑 但是 你 并 不 认同 我 觉得 辩论 做 不到 让 别人 认同 只是 在 口头上 赢 了 当然 不是 都 说 辩论 是 思想 的 碰撞 吗 反正 我 在生活中 就 不 喜欢 与 人 争辩 什么 可能 是 我 的 语言 组织 能力 不 太行 的 原因 让 我 写 我 能 写 好多 但 说 的话 真 不 太行 害
2382287838,如果 还 没 高考 的 小朋友 看到 我 的 评论 请 你 一定 坚信 高考 是 改变 人生 实现理想 的 最低 成本 途径
2381961790,武汉大学 牛批
2378234357,弹幕 关 了 自己 细品 吧 免得 看到 那些 倒胃口 的 低劣 弹幕
2375875115,感觉 正方 论题 有 根本性 缺陷 被 反正 紧抓 不 放 只能 用 具体 事例 但是 正当 辩论 还是 很 厉害 ( ) 精彩 精彩
2375236198,( )
2374145707,好狠 啊 都 厉害 而且 真是 啥 都 敢 说
2374069171,我开 弹幕 是 指望 弹幕 给 我 解答 或者 更好 的 反驳 结果 这 都 是 些 啥 啊
2373641454,卧槽 太牛 了 我 听 哪方 都 觉得 好 有 道理
2372709572,柠檬 小分队 打卡
2371660650,看着 一群 不 打 辩论 的 发 弹幕 指指点点 是 真的 难受
2369336369,钱 对 我 来说 是 越多越好 对 别人 来说 是 越少 越 好 所以 我 希望 钱 对于 我 来说 不是 万恶之源 对于 别人 来说 是 万恶之源
2368730549,弹幕 说 反方 有利 的 要 不 你 去 和 他们 对 上 试试 不 懂 不要 乱说 这 只是 决定 了 攻守 倾向 反方 辩题 偏攻 而已 没有 具体 优劣 赢 主要 是因为 他们 点 打得 好别 揪 着 什么 正方 不利 不 放 没有 意义
2368593236,弹幕 都 是 王者 那 你 学过 辩论 吗 没学过 可以 先 去 仔细 了解 而 不是 妄下 断言
2367666504,太 厉害 了
2367427870,我们 学校 辩论赛 的 时候 老师 推荐 了 这个 视频 做 参考
2366453427,我 感觉 辩题 本身 就是 反方 的 优势 大 所以 正方 只能 抓 着 万 的 意思 不放 了
2365631968,这个 本来 就 不好 辩论
2364895518,就 只有 我 一个 人 觉得 万恶之源 不是 恶 这个 观点 太 绝了 吗 ? ? 就是 提晚 了 但 我 就是 觉得 贼 牛 B 啊
2364835491,为什么 我会 刷到 这个 视频 这 一切 都 要 从 一只 蝙蝠 硕起
2364582438,钱 是 万恶之源 这句 话 原本 就是 被 传错 的 圣经 原句 大意 是 对 金钱 的 沉醉 是 万恶之源
2364589683,For the love of money is a root of all evils
2363670830,反方 虽然 普通话 不是 很 好 但是 依然 很 厉害 了
2362865082,我 比较支持 反方 感觉 逻辑 很 清晰 感觉 好像 除了 普通话 无可挑剔
2361787624,双方 实力 其实 都 旗鼓相当 啦 只是 这个 题目 让 反方 占 一些 优势 了
2361783972,我 觉得 先 了解 什么 是 辩论赛 再 来看 吧
2361364715,弹幕 太 多 下三路 了 没有 逻辑 偏离 主题 老是 站 在 上帝 视角 这里 没有 所谓 对错 就是 攻守 和 说服力 老是 跳出 视频 内容 范围 无限 发散 那 就 无法 讨论 了
2359585577,感觉 这个 辩题 于 反方 有利于 正方 观点 钱 是 万恶之源 但 正如 反方 所举 的 钱 是 恶 的话 还有 其它 的 恶 与 钱 无关 在 钱 没 发明 出来 前 正方 始终 举 的 是 钱 恶 的 方面 没有 正面 回答 反方 如 杀人 并不一定 是 为了 钱 回到 论题 本身 钱 就 不能 是 万恶之源 人恶 的 源头 与 性恶论 者 而言 属于 本性 决定 于 性善论 而言 则 可是 其它 诱因 导致 恶果 所以 钱 作为 一个 促进 社会 发展 的 工具 其 本身 就 不可 以偏概全 认为 是 一切 恶 的 源头 这样 正方 武汉大学 本身 所举 例子 较少 而 他们 也 一直 规避 除钱 以外 的 事物 作为 恶 源头 而且 钱 没 出现 时如 原始社会 人们 会 为了 生存 去 互相残杀 只 为了 活下去 这 与 人 的 本性 和 外部环境 有关 与 钱 无关 所以 钱 何德何能 作为 万恶之源 呢
2359356271,反方 一直 想 开车 我 不知不觉 就 上 了 高速
2365047254,反方 仗 着 没女 辩手 一路 狂飙
2359318646,我 感觉 我来 地球 就是 凑数 的
2360136444,天生我材必有用
2358572946,为什么 说 是 大专 辩论赛 啊
2360519775,大学 专业
2357910300,武汉大学 的 太 优秀 了
2357682756,哇塞 这些 选手 真的 厉害 让 我 看清 了 我 墙头草 的 本质
2357314544,钱 不是 万恶之源 没钱 才 是
2356865793,支持 正方 的 弹幕 是 一大群 傻子 吗 10 分 正方 那段 才 是 偷换概念 啊 求求 你们 不要 让 别人 以为 B 站 用户 是 一群 又 蠢 又 坏 的 傻 逼 好 吗
2357009903,其实 这个 辩题 正方 不 占优势 的 只能 用 诡辩 不过 余磊 真的 表现 的 很 好 了
2356039721,这个 辩论赛 看过 唉 我们 老师 给 我们 看 的 当时 挺 震撼 的 第一次 认真 看 辩论赛 对 逻辑思维 还是 有 帮助 的 本人 高一
2351289140,我 认为 反方 四辩 胡渐 彪 的 结辩 是 反方 最终 赢下 比赛 的 关键 逻辑 太 清晰 了 完 爆周 玄毅
2349809967,难道 辩论 才 是 万恶之源
2346140922,辩论 的 根本 目的 不是 为了 争 出 优劣 啊 只是 给 人 提供 思路 而且 作为 辩手 适当 使用 技巧 合理 支撑 我方 观点 有 什么 问题 吗 别 老 揪 着 偷换概念 不放好 吧 欣赏 一下 辩手 的 辩论 思路 和 逻辑 不是 更 重要 吗 fo 了 ( _ )
2344566676,几个 字来 概括 文科生 vs 理科生
2344562281,太精彩 了 双方 都 太棒了
2343687575,钱 确实 是 万恶之源 因为 钱 本来 就是 源头 不仅 是 万恶之源 也 是 万物 之源 古时候 老祖先 活 下来 不 就是 以物 换物 吗 只是 后来 为了 方便 用 钱币 代替 导致 现在 人 活着 就是 为了 钱
2347690578,如果 按 你 的 意思 那 物质 都 是 恶 的 源头
2348127809,回复 : 物质 嘛 每个 人 追求 不 一样 嘛 但 钱 就 一样 了 我 是 小学生 我 可能 跑题 了
2398386710,回复 : 说白了 现在 人 不是 贪图 钱 啊 而是 占有欲 啊 什么 都 想得到 说到底 万恶之源 还是 人类 控制 不住 的 欲望 啊
2339264747,钱 是 万恶之源 但 不止 是 万恶之源
2339060672,这个 辩论 让 我 脑子 坏 了 谁 说 的 都 对 我 都 不 知道 怎么 去 理解 这个 辩题 了 太 可怕 了 会 说话 的 境界 就是 那怕 论点 是 错 的 你 也 觉得 他 说 的 都 对 听 的 人 还 没有 辩驳 的 话语
2338564305,好看 ! ! !
2337189075,看 完 知道 我 是 墙头草 了
2320916208,最大 的 收获 就是 万恶之源 不是 恶
2315739238,三句不离 黄
2314762749,又 回来 了
2313801537,我 是 一棵 墙头草
2313418312,请 不要 那么 大气 好 嘛 我 本身 是 比较支持 反方 论点 的 在 正反方 论证 时 我 都 会 努力 去 找 破绽 正方 其实 是 有 不少 偷换概念 以偏概全 逻辑 不通 的 而 反方 则 屈指可数 个人 以为 正方 四辩 说 的 不好 说了半天 也 没说到 点上 而 全场 我 有 好 几次 眼前一亮 不得不 说 这 八位 都 是 大佬 话 说 他们 真的 说服 你 了 反方 还好 我 本来 就 偏向 于 他们 正方 到底 是 怎么 说服 人 的 没 一个 能 说服 我 墙头草 你 到底 有 好好 思考 过 吗 他们 的 思维 逻辑 他们 的 见招拆招 你 能 找到 漏洞 吗 我 是 真的 觉得 虽然 说 的 好 但 就 这 都 能 成为 墙头草 的 人 是 真的 不行 缺乏 独立思考 盲目 且 无知 嗯 是 我 比不上 他们 差太多 太多 我 也 没 说 我 能上场 一较高下 但 最少 我 有 思考 过 我 有 能 反驳 过 他们 的 漏洞 我 知道 几个 我 了解 正反方 的 重点 弹幕 上 那些 人 确实 说 的 不 一定 好 他们 上场 更是 比 不过 辩手 们 但 你们 呢 你 就 一定 比得上 他们 吗 是 他们 年少 轻狂 但 他们 敢 他们 揪住 了 漏洞 他们 真正 思考 过 就算 是 错 的 又 如何 发表 自己 的 意见 也 是 勇敢 了解 不 多 训练 较少 或 没有 的 他们 却 也 要 发表 自己 的 意见 错 了 没事 他们 可以 改 可以 训练 比 某些 没 自己 主见 不想 多多 思考 的 垃圾 好多 了 还有 请 不要 以偏概全 或者 对号入座 我 没 说 所有 的 人 只是 一部分 人 而已 反驳 我 一下 吧 我 错 了 一定 会改 的 请 您 逻辑 清晰 反驳 全局 而 不是 那句话 说错 了 你 揪 着 不放 真的 感谢 能 反驳 我 的 人
2347693727,朋友 你 要 记住 辩论 只 代表 辩手 的 辩 不是 辩手 的 三观 辩论 本身 就是 一场 游戏 为了 取胜 使用 技巧 和 表现 演绎 能力 是 辩论 队要 教 的 基础 啊
2311667731,辩论 就是 挖坑 和 填坑 的 要是 反方 还 聊 万 不 就是 跳坑 了 吗 辩论 不 能够 跟 对面 节奏 走
2305940438,反方 真的 很 厉害 逻辑思维 很强 四辩 总结 的 很 到位
2311782845,虽然 有 逻辑 漏洞 但 也 是 真的 厉害 辩论赛 本身 不是 说 的 都 是 真理 而是 让 大家 相信 所以 他们 都 提供 了 不 一般 的 依据 还有 这 及时 应变 的 能力 我 只能 为 他们 点赞
2305013811,讲 的 太棒了
2303299589,其实 反方 一直 没有 回应 那个 万字 的 解释 正方 都 说 了 万 不是 一切 是 量词 可 反方 假装 没 听到 就是 抓 着 正方 说 是 一切 但 还有 还有 恶 不是 因为 钱 所以 你 错 的 服 了
2311671231,辩论 就是 挖坑 和 填坑 的 要是 反方 还 聊 万 不 就是 跳坑 了 吗 辩论 不 能够 跟 对面 节奏 走
2311781812,回复 : 你 说得对 聊 就是 自己 错 了
2311791543,讲 的 本来 就 不是 真理 而是 让 大家 相信 他 的 论点 无论 以 任何 形式 都 可以 毕竟 有些 死理 走进 去 就是 死胡同 所以 可以 避开 问题
2295587347,阶级 是 壁垒 之源 资本 是 万恶之源 权利 是 一切 之源
2295344523,反方 在 自由 辩论 的 时候 被 正方 绕 进去 了 用 太 多 的 时间 去 扯皮 和 钱 有关 的 恶 这 就是 正方 的 主场 没有 辩论 与 钱 有关 的 善
2283523802,反方 4 辩 的 总结 是 胜负手
2278637620,如果 有来生 希望 脑子 能 聪明 一点 跟上 他们 得 节奏
2272132958,我 本来 是 进来 学习 一下 的 但是 我 一直 在 跟着 弹幕 哈哈哈 哈哈哈
2272034893,一 = one
2265995278,这 命题 正方 很 吃亏 但 口才 反应速度 知识点 非常 棒 辩论 不是 为了 证个 是非 对错 而是 给 大家 一个 更 多 思考 的 角度 一场 思维 盛宴 太精彩 了 感谢 up 主
2259876851,反方 三辩 电气工程 系 三年级 陈 政 鞃 是 诡辩 吗 他 是 什么 逻辑 说 的 好 有趣 啊
2250928640,我 上去 真的 一句 话 说不出来 不 说 了 我 这 就 去 好好 读书
2249948401,这个 我 居然 初中 的 时候 08 年 吧 看过 不过 已经 忘 了 辩题 是 什么 只 记得 里面 不断 有 很多 强奸 等 词 出现
2246656549,弹幕 迷惑 行为 谈论 万恶之源 反方 不提 黄爆 不是 自断 双臂 承受能力 低 就 别 看
2242678020,这才 叫 辩论
2242415193,可以 听 的 出 主持人 很 努力 的 在 讲 普通话 我 知道 我 不能 笑 可 我 控制不了 我 的 嘴角 啊
2241099787,我 就 觉得 辩论赛 没 啥意思 辩论 比赛 和 辩论 两者 目的 都 不同 不能 放 一起 比较 资产阶级 革命派 和 改良派 的 大 论战 才 是 辩论 辩论 本身 为了 辩清 道理 才 出现 的 弄 成 比赛 了 目的 就 变成 了 输赢 就 没 啥 好看 的 了
2233064869,烦死人 了 评论 能 不能 别 老吐槽 弹幕 了 连 着 好几条 都 吐 槽 弹幕 就 不能 忽略 他们 好好 地 讨论一下 这场 辩论赛 本身 吗 你们 反复 吐槽 又 有 什么 意义 弹幕 乱 就算 了 看个 评论 都 不能 消停
2229978370,虽然 赛场 上 可能 我 一句 话 都 能 说 得 磕磕绊绊 但 最后 的 总结 陈词 我 真的 看着 好 揪心 啊 就 我 自己 看来 最后 总结 陈词 一方面 自己 说 万恶 代表 大多数 反方 揪 着 个例 一方面 自己 又 列举 钱 促使 恶 的 情况 ( 我 真的 觉得 列举 可以 但是 别 这么 耿直 啊 ) 而且 在 说 人性 的 时候 引用 孟子 的 性善论 这个 论据 立 不住 因为 还有 荀子 的 性恶论 结尾 发言 比较 无用 给 人 一种 作文 凑 字数 的 感觉 而且 只 揪 着 一点 重复 叙述 挺 佩服 正方 诸位 辩手 的 在 反方 提问 如此 尖锐 的 情况 下能 迅速 做出 反应 还 能 使 自己 的 回答 充满 合理性 但是 总结 陈词 真的 好 揪心 啊 据说 武汉大学 没赢 最后 颁奖 都 没 看 完 遗憾
2220317391,有 陈铭 吗
2218282517,金钱 不是 万恶之源 而是 在于 操众 钱 的 人类 的 欲望
2217659733,我 辩过 一个 亲人 犯罪 可否 包庇 我 tm 还 抽到 可 包庇 了 然后 辩着 辩 着 我们 赢 了 神奇
2217458425,厉害 啊
2209475542,为什么 说员 的 下面 没有 贝字 ? 繁体 員 下面 也 是 貝字 啊
2206293502,2019 / 12 / 26
2206279635,我 支持 反方 钱 是 一种 结算 工具 一种 一般 等价物 对于 人 来说 是 一种 工具 好比 铁器 一样 作为 一种 工具 可以 解放 人 的 生产力 满足 人类 生存 发展 但 它 也 可以 成为 武器 威胁 人类 人 不会 因为 没有 刀 而 停止 暴力 钱 也 一样 钱 作为 一种 一般 等价物 可以 换取 人 的 生存 资料 和 享受 资料 我们 之所以 追求 金钱 不是 因为 钱 本身 而是 钱 可以 兑换 的 物质 资料 当 一种 货币 被 废除 或 失去 等价物 作用 后 人们 就 不会 对 它 产生 追求 好比 在 无人 的 沙漠 里 的 水 是 有用 的 钱 不是 有用 的 如果 沙漠 里 有 两个 人快 渴死 那么 他们 可能 会 因为 水而 发生 斗争 而 不是 钱 人 追求 钱 是 为了 自己 的 生存 发展 食物 性 等 归根结底 的 说 就是 人 也 是 生物 追求 生存 繁衍 但 人 也 是 特别 的 因为 有 道德 有 思想 有 操守 就 想 苏武 牧羊 一样 不会 只 追求 金钱 或 更 根本 来说 是 生存 资料 这 就是 因为 一个 人 的 思想道德 体现 但 我们 也 知道 道德 的 形成 和 发展 是 由 社会 经济基础 决定 的 马克思 正是 在 人类 社会 发展 的 规律 中 发现 了 道德 的 根源 证明 道德 和 其它 社会 意识形态 一样 既 不是 上帝 的 旨意 也 不是 人 先天 固有 的 良知 从 本质 上 说 道德 是 由 一定 的 社会 经济基础 决定 的 受 经济 关系 制约 而 金钱 也 就是 一般 等价物 因 经济 产生 而 存在 经济 也 因 金钱 这种 等价物 存在 得以 发展 如果 没有 钱 而 人类 也 需要 生存 发展 资料 会 怎么 获取 金钱 它 满足 了 人们 资料 交换 的 需求 对于 他人 的 有余 的 资料 可以 通过 一个 公平 的 媒介 交换 在 等价物 出现 以前 由于 因为 物质 交换 不 对 等 导致 交互 过程 困难 物质 利用 不够 充分 等 问题 突出 而 等价物 出现 后 就 极大 促进 了 资源 的 分配 也 为 商业 发展 铺平 了 道路 以上 基本 为 高中 及 高中 以下 知识 也 使 社会 发展 使 人类 基本上 摆脱 了 获取 生存 资料 的 原始 暴力 所以 说 钱 作为 一种 工具 不是 万恶之源 反而 促进 社会 发展 协助 人类 的 思想道德 伦理 形成 发展 打 一个 很 不 严谨 但 形象 的 比喻 钱 是 一个 滤纸 过滤 了 部分 污秽 人们 因为 过滤 的 水 不 干净 将 水中 的 污染物 认为 是 滤纸 带来 的 而 不是 想水 本来 就是 脏 的 所以 说 人 为什么 会 因为 钱 犯罪 因为 他 要钱 来 住 来 吃 来 享受 来 满足 他 的 需求 而 不是 弄 到 钱 就行了 当 世界 上 没有 了 钱 没有 物质 交换 的 媒介 那么 世界 将会 怎么样 就 想 一头 公 狮子 看 上 另一头 公 狮子 的 食物 你 还 会 希望 它们 和平解决 没 了 钱 欲望 产生 的 恶 依旧 存在 而能 约束 人 欲望 的 恶 的 力量 却 不 在 了 有 错误 有 漏洞 请 和平 讨论 大佬 不要 嘲笑 我 观点 幼稚 不过 没人会 看到 吧
2199541165,神仙 打架 ....
2199537153,低龄化 弹幕 太多 了 吧 严重 影响 观看 屏蔽 屏蔽
2199027449,民主
2195334650,正方 真的 好强 我 也 以为 会 是 正方 赢
2197035201,我 也好 想 学会 辩论 啊
2185864620,通过 国际 华语 那个 直播 来看
2184299674,钱 相比 其他 确实 更 具有 吸引力 而 人性 也 有 克制 与 放纵 之分 所以 所有 的 恶 其实 是 诱惑 和 纵容 共同 作用 下 导致 的 这个 诱惑 可能 不是 因为 钱 这个 纵容 可能 是 情 不得已 所以 任何事物 都 有 可能 成为 恶之源 时代 不同 人 的 欲望 也 不同 社会 家庭 理念 等 环境 的 不同 所以 动机 也 不同 诱惑 也 不同 因此 没有 万恶之源 只有 恶 之 万源
2183749432,正方 反方 文科 理科 对比 好 明显
2183765619,不过 这个 跟 他们 自己 的 辩题 有 关系
2183725943,钱 是 一般 等价物 没有 钱 这个 概念 还是 以物 易物 的 时候 没有 恶 么
2183713602,看 这个 可以 练练 论证 有效性 分析 嘿嘿
2183232295,反方 四辩 的 结辩 真的 特别 优秀
2183087609,黄暴 选手 有意思
2182787684,我 已经 看 傻 了
2180751059,正方 一 开始 就 输 了
2178401485,正方 定义 恶为 恶行 反方 定义 恶为 恶念 而 恶念 为 恶行 之源 固为 万恶之源
2178371620,献上 膝盖
2177991077,我 发现 每个 人 在 台下 或者 在 屏幕 前 都 觉得 自己 能比 参与 的 人 说得好 做得好 等到 你 去 做 的 时候 就 懂 了
2178060089,并 不 这么 觉得
2177789768,今天 语文 老师 在 班上 放 了 来 看看 弹幕
2177263750,其实 就 针对 那个 万字
2176973519,夹 着 批 说话
2172514055,真的 强
2170295382,那 男 的 一直 说性 侵 也 没 谁 了
2169294234,黄暴 辩手
2168972355,社恐 的 我 要 想要 变得 更好 也 想 向 阿 詹 和 陈铭 老师 一样 !
2177272114,自闭 选手 瑟瑟 发抖
2168647368,马上 要 参加 比赛 了 过来 瞻仰 大神
2166104132,原来 我 是 个 墙头草
2166106688,反方 逻辑 打的好 定义 也争 下来 了 必 赢局
2165762870,看到 弹幕 里 的 负 五岁 才 猛然 发觉 原来 老子 已经 不是 小孩子 了
2164187868,比起 每天 辩论 这种 东西 真是 浪费 学到 的 知识 我 建议 辩论 一些 广大 人民 关心 的 问题 非要 让 我 举例 的话 辩论 看看 资本主义 和 社会主义 那个 更好
2163568481,spring
2162689699,辩论 又 不是 辩论 对 与 错 任何事物 都 有 两面性 硬要 说出 个 对错 是 根本 不 切合实际 不 符合 客观事实 的 我 认为 辩论 的 实质 就是 要 诡辩 要 偷换概念 辩论 不过 是 一个 形式 本质 不 就是 考验 一个 人 的 语言 功底 分析 能力 知识 积累 临场 应变 嘛 怎么 一堆 弹幕 全 舍本逐末 死 揪 着 辩题 不放 ?
2182962794,是 的 你 越 能 说 而且 说 的 让 别人 信 那 就是 厉害
2159911200,这 弹幕 真 就 不 知道 啥 叫 升 价值 呗
2158696918,反方 相对来说 好辩 一些 不 应该 死 抓 着 万 是 全部 这点 不 放 因为 万 不是 全部 反方 应该 列举 出 更 多 恶 的 示例 并且 驳倒 正方 观点 像 正方 说 罗马帝国 法国 荷兰 的 例子 可以 批驳 却 没有 批驳 其实 已经 落入 下风
2157483159,球 音频
2157345998,太强了
2154560657,武汉大学 的 一辩 真的 很 厉害 因为 现在 做 一辩 来 学习 学习
2153888152,收下 我 的 膝盖 吧
2153045819,当年 拜金主义 是 贬义词
2152853155,源 代表 源头 但 钱 就是 个 媒介
2152271098,其实 啊 正方 最 有利 的 辩句 是 一辩 所说 的 钱 作为 一般 等价物 可以 替换 物质 世界 的 一切 这样 将 钱 这个 概念 变为 物质 而 一切 的 恶 无论是 贪 还是 欲 其实 都 是 对 物质 的 追求 所以 钱 是 万恶之源 总结 来说 就是 万恶之源 是 物质 而 钱 可以 换得 目前 能够 得到 的 所有 物质 所以 钱 是 万恶之源 我 觉得 这是 正方 辩论 唯一 的 胜点
2151859381,高中历史 老师 被 我们 磨得 放 辩论赛 电影 班主任 不让 放 那 时候 看 感觉 太 厉害 了
2151266920,万 只是 形容 很多 不 代表 全部
2151200897,人 的 欲望 才 是 万恶之源
2149368029,QJ 确实 不是 因为 钱 是因为 欲望 所以 钱 的 万恶之源 套用 不到 那么 就 不是 一切 的 恶之源
2147534355,到底 刷 时间 的 有 什么 意义 弹幕 礼仪 不是 说别 刷 吗
2144300437,薛定谔 的 钱
2144194698,两边 都 不 在 一个 频率 快速 逻辑 谬误 互怼
2143032009,牛 逼
2142645360,这 是 个 好 节目 比 那些 网络 综艺节目 要强 多 了
2141513321,反方 太 H 了 意义 上 > _ <
2141074359,9102 都 快 过 了 我 才 来
2140320206,当 你 发现 有 一方 开始 不停 地 打 感情 牌 的 时候 就 知道 他们 输定 了
2138869842,一直 刷 大专 的 是不是 脑瘫 啊
2137538187,存在 善 与 恶 吗 它 的 本质 是 啥
2137492060,钱 的 本质 就是 牛 逼 的 群体 与 不 牛 逼 的 群体 达成 的 平衡 协议 可以 是 被迫 达成 也 可以 是 无奈 之 举 也 可以 是 心服口服 但 无论怎样 这种 协议 的 结果 就是 减少 了 混乱 平衡 了 人类 社会 所以 钱 的 本质 从 绝对 理性 来说 最终 其实 就是 一张 纸 如果 你 打 的 过 所有人 力 获取 东西 根本 就 不 需要 钱
2136996060,我 为什么 觉得 如果 反方 是 能 以 钱 为 媒介 来 评述 比较 好 就 像 你 为了 打人 的 目的 你 会 选择 拿根 棒子 但 不 代表 你 只能 选择 用 棒子 打人 你 可以 用 其他 工具 但 就 因为 棒子 普遍存在 就 地 所以 它 能 成为 打人 的 主要 工具 当然 这段话 反方 也 曾 论述 过 类似 就 像 他们 之前 谈钱 没 出现 时 的 兽性 行为 但 我 觉得 他们 当时 那时 归纳 错误 了 当然 这个 临场发挥 我 自己 也 做 不到 不过 纵观 整个 辩论 我 觉得 他们 的 战略 是 在 打击 对手 命题 而 非 强化 自身 的 命题 方向
2136898137,我 站 反方 ( )
2134717385,偷换概念 偷换概念 我 偷 您 娘 了 个 退 一群 憨 憨
2132759986,主要 这个 反方 辩题 真的 太有 优势 了 啊
2226229520,反方 四辩 总结 得 真 好
2132768444,我踏马 可 太 喜欢 这场 辩论 了 呜呜 呜
2132704958,我 踏 马太 喜欢 这 一场 辩论 了 真的 是 太强了
2132165193,这场 反方 对于 万 的 定义 正方 打 不 下来 因为 界定 应该 看 万恶之源 这个 词 的 意思 而 不是 单万 的 意思 金钱 没有 涵盖 一切 恶源 这个 点 就 打 不 掉 恶 的 不是 钱 而是 不择手段 的 谈钱 这个 点 也 没有 打 掉 反方 一直 坚持 逻辑 而 正方 因为 定义 劣势 一直 在 穷举 由 金钱 导致 的 恶 是 多么 的 多 但 强奸 虐待 儿童 动物 破坏 公物 这样 的 例子 却 没有 正面 打 掉 正方 的 语言文字 驾驭能力 例证 的 观赏性 都 优于 反方 但 决定 比赛 输赢 的 是 这些 吗 未 入门 辩论 的 观众 不能 以 主观 的 观赏性 就 评判 输赢 正方 的 体系 都 被 攻破 了 反方 赢 是 在 正常 不过 了
2130836149,听 完 觉得 反方 胜利
2136466160,辩题 对 正方 来说 本来 不利 因为 在场 的 都 是 各界 大佬 主观 意识 已经 在 那 了
2127006923,咱不以 成败论 英雄
2125764788,不 只 钱 啊 还有 权利 色欲 都 是 恶之源
2125753318,还 以为 是 马来西亚 大学 哎
2124826570,啊 啊 啊啊啊 这 口音 我 好 想 笑 啊
2123759741,我 就是 根 墙头草 说 起来 每次 看 辩论 特别 是 有 辩手 语气 非常 高昂 的 时候 我 都 会 担心 他们 场后 打 起来
2121998273,锻炼 自己 的 逻辑 学习 他们 说话
2120221629,反方 这场 的 辩题 很 占优势
2118862079,没错 你 开 了 倍速
2115692689,钱 不是 万恶之源 人 对 钱 的 欲望 才 是 万恶之源 对方 所谓 罗马帝国 被 金钱 腐蚀 的 金钱 误国 论 不过 是 片面 放大 了 事物 毁灭 的 外部 因素 灭六 国者 六国 也 非 秦 也 族 秦者 秦 也 非 天下 也 事物 的 内因 才 是 决定 事物 存亡 成败 的 关键 若 金钱 是 万恶 我们 为什么 还要 促进 经济 发展 为什么 还要 说 经济基础 决定 上层建筑
2115456471,我 的 大脑 告诉 我 我 被 摆弄 了
2115187274,三句不离 性侵
2114384752,辩论 的 难点 在于 临场 应变 现实生活 中 总会 用到 的
2114011923,这 是 在 辩论 万 能 不能 代表 所有 吗
2112020655,三句不离 黄 赌徒 哈哈哈哈 哈哈哈哈 哈哈哈
2110688320,以前 遇到 一个 人 持有 这样 的 观点 其实 我 一直 有点 瞧不起 辩论 我 觉得 这 就是 一堆 人用 文明 的 方式 吵 群架 一点儿 用 都 没有 浪费时间 还 不能 解决问题 他 重复 了 很 多次 真的 不能 解决问题 我 一下子 被 说 蒙 了 是 啊 辩论 真的 不能 解决问题 怎么办 啊 还好 这个 问题 其实 很傻 我 想 了 一会儿 就 想通 了 辩论 出现 的 本意 绝非 分 对错 也 并 不是 用来 解决问题 的 是 辩 真理 真理 越辩 越明 周帅 偏执 的 意义 写 得 很 好 大家 不要 错过
2110670728,4800
2108847964,欲望 才 是 万恶之源 正方 站 在 不利 一方
2114012337,我 感觉 应该 是 万能 不能 代表 所有
2107954082,我 突然 发现 正方 都 是 文科生 哎 反方 就 一个 文科生 哎
2107753751,在 这个 辩题 下 正方 先天 不利
2106929205,这个 辩论 告诉 我们 文科生 强大 的 渲染 与 修饰 败给 了 理科生 强大 的 推理 切分
2104349784,2013 年 初中 政治 老师 给 我们 放过
2102301449,反方 逻辑 站 得 稳
2099873540,我 站 正方 反方 几次 提到 钱能 行善 来 陈述 钱 不是 万恶之源 这一 观点 但 正方 论点 也 完全 没有 否定 钱 积极 的 一面 只用 讨论 恶 的 起源 是不是 钱 就行了 万恶之源 中 这个 源字 就是 源头 的 意思 源头 可远 可近 也就是说 钱 可能 与 恶有 直接 关系 也 可能 只是 间接 关系 眼观 有史以来 各种 作奸犯科 归根结底 还是 钱 带来 的 一系列 连锁反应
2096408646,说 万恶之源 是 人心 的 怕 不是 个 小学生 还给 加个 双引号 是 真的 秀 小学生 水平 的 脑子 看见 什么 都 是 人心 险恶 人心惟危
2095408642,人 是 万恶之源
2095370378,好强 啊 看 了 几遍 才 发现 周玄毅 后 半 部分 其实 有点 撑不下去 的 感觉 但 还是 硬生生 临场 说完 了
2094092740,太阳 它 发光 算是 光 的 源头 但 太阳 不是 光
2093805778,万恶之源 不是 恶 我 感觉 有些 人 根本 没听 这句 话
2093272236,黄赌毒 辩论
2092715117,我 站 反方 吃亏 在 口音 逻辑 严谨
2226246624,确实 反方 基本 把 正方 的 论点 都 攻破 了
2092612767,钱 只是 为了 满足 欲望 爱恨 情仇 之欲钱 只是 工具 以爱之名 等 都 是 人心 不足 蛇 大象 的 俗语 所以 万恶之源 是 无止境 的 自私 欲望
2092528711,不过 感觉 他们 辩论 的 方式 和 美国 这边 好 不 一样 啊 就是 那种 有 一个 比较 虚 的 主题 然后 看 发挥 不像 美国 现在 的 辩论 把 一个 主题 弄 的 超细 然后 感觉 更 像 research debate
2092521674,文科生 的 骄傲
2091522084,两方 辩论 各有特点 正方 引经据典 词藻 华丽 但是 逻辑性 不 强 ( 可能 是 论点 可辩性 不高 ) 肚子 里 墨水 很多 佩服 佩服 ; 反方 角度 刁钻 出其不意 逻辑 精彩 但是 吃 了 语言 的 亏 这场 与其说是 正反 辩 不如说是 评委 对 逻辑 和 表达 的 权衡 但 说到底 辩论 还是 辩 的 理 逻辑 为主 表达 为辅 反方 胜 也 不足为奇 了 辩论 看 的 不 多 也 说不出 什么 辩论 给 我 的 感觉 犹如 战争 正守 反攻 以 语言 为 武器 带来 思想 的 激荡 碰撞 这 无疑 是 场 视觉 盛宴 多谢款待
2090873619,比较 喜欢 正方 欸 反方 的 黄暴 例子 总是 提让 我 觉得 很 不 舒服
2090394148,辩论赛 是 真的 快乐 现在 高中 参加 了 辩论赛 以后 大学 也 会 去 参加 的 如果 我能 变强 的话
2088370662,我们 大学 辩论 队 学习 的 第一份 辩论 稿 就是 这 一场 金钱 是不是 万恶之源 每 一届 都 是 这份 这是 经典
2088019425,新人 还是 要 记住 看 辩论 不要 开 弹幕 自闭 了
2087533328,弹幕 真的 蠢货 多 不仅 蠢连 欣赏 都 做 不到 只会 抬杠 恶心
2086427623,问 他们 的 嘴皮子 为什么 这么 溜
2083834044,副本 - 杠精 洞穴
2083132209,跑 个题 他们 的 吐字 好 棒 啊
2083139137,还有 吐槽 一下 感觉 辩论 真是 累 啊 辩题 一旦 给出 哪怕 自己 不 认同 也 要 为 自己 的 观点 辩论 感觉 好多 辩题 的 正反 都 是 走极端 的 正常人 肯定 不会 非黑 即 白 辩论 队 却 要死 磕 一个 观点
2082680635,正方 : 人之初 性本善 一切 的 罪恶 都 是 由 金钱 所 引诱 的 所以 金钱 是 万恶之源 反方 : 人性 是 恶 的 是 过度 的 有 了 过度 便 产生 了 罪恶 一切 的 过度 才 是 万恶之源 钱 只是 工具 是 中性 的 所以 钱 不是 万恶之源 双方 的 角度 都 好 理解 但是 最 精彩 在 他们 的 答辩 的 精辟 敏捷 真心 感觉 太 厉害 了
2081476701,人 玷污 了 钱 所以 变成 了 贪 除去 了 人 钱 就是 钱
2081449563,从 人性 考究 钱会 成为 万恶之源 从 本质 考究 钱 只是 一个 工具
2081461446,没有 钱 的 时候 那些 恶 也 是 存在 的 吧 可能 是 为了 一口 饭 可能 是 为了 活下去
2081414004,国际 大专
2079718144,真的 很强 了 我 开始 站 外国 队 一遍 还好 对面 二辩 指出 万 不 代表 全 的 时候 我 整个 人 懵 了 暂停 想 了 几分钟 才 跟上 节奏 想 出 后面 该 怎么 辩 反方 却 能 瞬间反应 过来 真的 很强 了 拿到 一个 辩题 瞬间 就 可以 引经据典 严密 思考 并且 还是 在 01 年 真的 是 佩服
2076902399,弹幕 能 不能 别老 BB 一个个 人均 哈佛 剑桥 的 样子 真 让 你 上 你 能 说 出来 吗
2075486616,米娜 桑 人生 路上 拿得起 / 放得 下 更 难 各位 觉得 要 如何 辩 呢 如果 是 你 你 会 往 哪个 方向 去 辩 对 反方 有 什么 建议
2074520618,其实 这个 辩题 本身 就 有点 不 公平 因为 钱 本来 就是 一般 等价物 它 在 法律 上 是 合法 的 而 说 钱 是 万恶之源 就 有 一种 不 认同 法律 的 感觉
2074485677,咋们 看 一下 三十 一分钟 反方 说 一个 丈夫 打 了 他 老婆 就是 因为 工作 上 不如意 为什么 要 工作 呢 还 不是 为了 赚钱 养家糊口 吗
2074545448,这个 其实 是 诡辩 啦 要 按 这套 逻辑 走 的话 我 这 还有 个 更 过分 的 人 要 作恶 得 先 活着 活着 又 需要 钱 所以 钱 是 万恶之源
2074299754,辩到 最后 都 是 在 概念 定义 上 打架
2074142938,根本 上 是 一群 大佬 在 互相 偷换概念
2072452827,这个 主持人 为什么 说话 像 Google 机械
2069233958,很 喜欢 反方 那个 渐彪
2068583057,6666
2068471068,这 其实 都 是 钞 能力 造成 的 一切
2068224390,黄暴 反方 哈哈哈 哈哈哈
2068172516,反方 1 拖 3 怎么 打
2068129957,好好 读书 还是 有用 的
2067924436,好 厉害 都 是 大神
2067201796,自由 辩论 蒋舸 一直 划 划水 哈哈哈
2066475557,钱 是 万恶之源 猿人 烧杀抢掠 时 没有 钱 具备 动物性 钱 没有 产生 时 的 恶 是 动物 的 恶 钱 产生 后 才 有人 的 罪恶 钱 生人 人 就是 恶
2064974021,万恶之源 只 解释 万 的 意思 赤果果 的 断章取义 把 人 为了 得到 钱 而 做 的 恶 推到 钱 身上 这 不 就是 推卸责任 吗 正方 的 所有 观点 都 是 建立 在 断章取义 和 推卸责任 之上 完全 是 诡辩
2064895167,哈哈哈 哈哈哈 所以 其实 辩 的 是 那个 万子 吗 hhhhh 黄暴 选手 你们 真是 取名 鬼才 hhhhh
2064855939,太强了
2064533666,资本 是 罪恶 之源 而 把 资本 和 生产资料 混淆 是 资产阶级 的 老 招数 了 推荐 哥达纲领 批判 和 反杜林论 77 以前 的 版本
2063380919,万恶之源 是 人 啊
2064533706,这是 陷入 人性论 了 资本 是 罪恶 之源 而 把 资本 和 生产资料 混淆 是 资产阶级 的 老 招数 了 推荐 哥达纲领 批判 和 反杜林论 77 以前 的 版本 推荐 家庭 私有制 和 国家 的 起源
2064545039,自然辩证法
2064544496,哲学 的 贫困
2064533942,唯物辩证法 大纲 老 版本 的 新版 又 删 了 一百多页
2062914426,看 完 突然 发现 钱 是 万恶之源 也 不 代表 钱 就是 恶 啊 恶 只是 一个 诱因 和 工具 引发出 人 心中 的 恶意 正方 一 开始 的 辩点 抓错 了 如果 抓住 这点 那 反方 讲 的 有些 例子 甚至 可以 为 正方 观点 佐证 了
2062829435,你 没 钱 谁 给 你 干活
2062828948,人性 才 是 万恶之源
2062818565,让 大学生 辩论 钱 是不是 万恶之源 他们 能 挣 多少 钱 你 现在 让 他们 自己 说 说
2062176987,卑贱 的 变成 尊贵 的 为什么 就是 颠倒乾坤 了 啊
2062122170,钱 是 万恶之源 应论 万恶 的 背后 是否 有钱 的 推动 或 牵引 即源 而 不是 论钱 能否 生成 万恶 即 钱 为 善为 恶均 无关紧要 更 不 应论 钱 就是 万恶
2061631904,三句 离不开 性黄
2061626574,哈哈 怼 的 好
2060108950,钱 是 万恶之源 别的 都 是 在 举 例子 说明 钱 和 恶 的 直接 关系 他们 觉得 有 明显 的 直接 的 关系 才 说明 钱 是 万恶之源 我 觉得 首先 连辩题 都 没 理解 什么 是 源 我 觉得 正方 三辩 说 的 可以 因为 所有 的 恶 你 追究 源头 都 是因为 钱 我 觉得 原始社会 不能 算 因为 那时 人 只是 动物 我 喜欢 看 动物 世界 你 能 看到 前 一秒 这个 吃 了 那个 但 后 一秒 它 又 被 另 一个 吃 了 这 不能 叫 恶 只是 自然 之道
2060135163,像 反方 举 的 很多 历史 事件 其实 谁 制造 的 这些 事件 所有 那些 行为 不 都 是 领导人 下 的 令 吗 为什么 不是 为了 钱 吗 不能 把 事件 内容 本身 拿出 来看 下面 那些 人 他们 做 了 什么 看 他们 杀人 性侵 而是 看 他们 因为 什么 那么 做
2059719639,为啥 我 讨论 的 时候 就 被 说 抬杠 要 例子 有 例子 要 逻辑 有 逻辑
2059593303,最 记得 当初 我 一家子 在 一起 看 成败论 英雄 那 一期 反方 说 的 非常 棒 全家 都 情不自禁 的 拍手
2057884392,最后 就 演变成 了 性本善 和 性本恶 的 辩论 先不说 哪个 是 正确 的 就 说 现代 社会 吸收 了 荀子 性恶 重在 后天 教育 的 观点 沿用 了 荀子 的 学生 韩非子 在 性恶 观点 上 建立 的 以法 为本 的 制度 却 在 发扬 宣传 儒家 学派 的 同时 抬高 孔子 孟子 的 地位 降低 荀子 的 存在 最让人 心疼 的 是 在 学生 的 历史 书上 提到 韩非子 的 法家 的 介绍 只有 聊聊 一句 并 将 反对 儒家 的 法家 说成 了 冷酷无情 本来 我 也 只是 想 看看 辩论赛 但 看到 了 弹幕 上刷 的 善恶 之争 我 就 突然 有感而发 言论 如 有 不当之处 请 多 包含 和 指出 谢谢
2056896162,这个 主持人 是不是 普通话 不太 标准 哈哈哈
2056454881,语文课 上 老师 带 着 我们 全班 看
2056022045,余磊 成为 了 最 年轻 的 董事长 啊
2055609040,看到 最佳 辩手 给 了 武汉大学 就 知道 马来西亚队 赢 了 好像 是 辩论赛 的 一个 潜规则
2055626317,未必 双杀 的 多 了 去 了
2055299704,懒惰 的 罪 因为 懒得 去 做 而 陷入 怠惰 而 也 可以 为了 钱 摆脱 怠惰 拼命 工作
2055276209,其实 最好 辩论 的 是 在 以前 还 没有 钱 的 时候 就 没有 恶 了 吗
2064897959,反方 说 的 很 对 人 为了 得到 钱 而 做 恶 有罪 的 是 人 而 不是 钱 正方 完全 就是 在 诡辩 把 人犯 的 恶 推到 钱 上
2055130963,正方 核心 论点 钱 是 大部分 恶 的 源头 我 是 站定 的
2226262700,反方 的 提问 很 犀利 但 正方 没有 回答
2054629453,明显 正方 文科生 全靠 文学 底蕴 东扯 西扯 带 偏 节奏 逞 口舌之利 诡辩 且 一直 把 话题 圈 在 自己 的 论据 里 无力 回答 对方 的 提问 故作 视而不见 反方 理科生 才 是 一直 在 找 逻辑 问题 他们 吃亏 就是 吃亏 在 口音 较 重 紧张 口糊 其实 换 播音员 复述 一遍 他们 完全 是 碾压 式 的 胜利 正方 太鸡贼 一直 龟缩 着 不敢 回应 他们 的 质疑 反方 基本 全程 无懈可击 正方 则 一直 在 找 遮羞布 蔽体 只不过 他们 的 布 都 是 锦绣 的 罢了 不过 话说回来 我 也 不是 针对 谁 辩题 天生 对 反方 有利 正方 硬拗 也 是 很 不 容易 了 顺便 讲 一句 看 辩论 就 别带 民族情绪 无脑 支持 本国 大学 了 好 吗 xxs 吗 弹幕 里 全程 莫名其妙 刷 正方 完胜 显然 与 实际 情况 背道而驰 球球 你们 别 侮辱 辩论 了 不能 做到 无 情绪 审视 就 闭麦 吧 蟹 蟹
2057900722,你 要是 正辩 你 该 怎么 辩
2054264721,钱 只是 工具 善恶 在于 人 的 内心
2054260236,正方 辩 的 立论 不好 我 认为 要 抓 着 钱 是 万恶之源 和 万恶之源 是 钱 去 辩 反方 的 论点 已经 偏向 万恶之源 不是 钱 去 了 正方 要 抓 着 反方 这点 来 攻击 本来 的 论题 应该 是 白马 是 马 反方 论述 的 是 马 不是 白马 还有 黑马 斑马 万恶之源 不是 钱 还有 吃喝玩乐 性 正方 想 赢 还要 对 钱 进行 扩展 不能 让 钱 停留 在 具体 形象 的 实物 上 这种 情况 是 没法 说服 人 是因为 钞票 才 做 恶要 把 钱 升华 成 社会 中 的 价值 把 钱 是 万恶之源 解释 成 社会 中 的 有 价之物 是 驱使 人 做 恶 的 源头 在 万恶 的 源 中 有大有小 的 地位 现在 正方 论述 的 其实 是 钱 是 部分 恶 的 源头 讲万 不是 一切 观点 已经 偏离 题意 因为 命题 的 万恶 明显 就是指 一切 恶
2054140969,人性本恶 看到 的 善 只是 控住 后 的 作品 我们 认为 的 善
2053123538,这 思维 太牛 逼 了 但 我 就 勉强 在 混战 之前 能 跟上 后来 就 被 彻底 带进去 他们 的 思维 里 了 只能 被动 的 跟着 他们 走
2052249452,看 不了 评论
2052216324,大一 时候 教室 放过
2050715795,天 啊 这 简直 就是 听觉 盛宴 语言 也 可以 这般 美 啊
2050518059,我 以前 觉得 辩论赛 似乎 都 是 在 争论 一些 难题 可能 根本 没有 答案 那 又 有 什么 意义 现在 看来 难题 可能 确实 依然 解决不了 但会 得到 一些 新 的 别的 东西 视频 我 是 没有 看 的
2050173737,建议 关 弹幕 进行 观看 我 就 真的 看不懂 我 是 觉得 两队 都 很 厉害 怎么 就 有人 能 抓 马来西亚队 的 毛病 呢 不敢 说 什么 话 都 是 偷换概念 可笑 的 是 你 来看 辩论 揪 着 人家 普通话 说事
2054254764,正方 辩 的 立论 不好 我 认为 要 抓 着 钱 是 万恶之源 和 万恶之源 是 钱 去 辩 反方 的 论点 已经 偏向 万恶之源 不是 钱 去 了 正方 要 抓 着 反方 这点 来 攻击 本来 的 论题 应该 是 白马 是 马 反方 论述 的 是 马 不是 白马 还有 黑马 斑马 万恶之源 不是 钱 还有 吃喝玩乐 性 正方 想 赢 还要 对 钱 进行 扩展 不能 让 钱 停留 在 具体 形象 的 实物 上 这种 情况 是 没法 说服 人 是因为 钞票 才 做 恶要 把 钱 升华 成 社会 中 的 价值 把 钱 是 万恶之源 解释 成 社会 中 的 有 价之物 是 驱使 人 做 恶 的 源头 在 万恶 的 源 中 有大有小 的 地位 现在 正方 论述 的 其实 是 钱 是 部分 恶 的 源头 讲万 不是 一切 观点 已经 偏离 题意 因为 命题 的 万恶 明显 就是指 一切 恶
2057854160,回复 再 不济 也 终归 比我强 最 主要 的 是 睿智 发言 太 无理取闹 了 看不下去 我 才 发 的 评论
129987969936,回复 : 卧槽 大佬
2050077248,大佬 们 真的 太牛 了
2048974705,原来 键盘 侠 好 早 以前 就 有 了 啊 比 键盘 本身 出现 的 时间 还 早 呢
2048356144,极乐 净土 才 是 万恶之源
2048172877,一钱 并非 是 万恶之源 原始社会 野蛮 人 因为 饥饿 而 杀害 亲人 充饥 这是 一种 罪恶 请问 原始社会 连钱 都 不 存在 又 如何 能 成为 一种 源头 二 有些 人 为了 钱 可以 坏事 做 尽 而 有些 人 却 可以 在 金钱 面前 不为所动 所以 恶是 因人而异 人性 才 是 恶 的 源头 古往今来 无数 的 事实 和 现象 告诉 我们 事物 源头 只有 一个 既然 人性 是 恶 的 源头 那么 金钱 也 就 不能 称为 恶 的 源头 也 就是 万恶之源 充其量 也 就 只能 算个 引诱 恶 发生 的 因素
2054288377,反驳 你 的 论点 第一 钱 是 万恶之源 肯定 是 讨论 钱 诞生 以后 是不是 万恶之源 就 像 人性本恶 还是 善 都 要 等 有 了 人 还有 人有 了 善恶 才 有 讨论 的 意义 讨论 没有 钱 的 时代 钱 是不是 万恶之源 的 讨论 就 没有 意义 了 第二 万恶之源 不是 只有 一个 有钱 还有 性 等 就 像 河流 的 水源 不仅仅 是 一处 钱 不 一定 在 万恶 中 都 是 主要 源头 但是 也 脱不了 关系 对方 辩手 将 钱 是 万恶之源 的 概念 错误 理解 成为 了 万恶之源 只有 一个 钱 有了钱 性 就 不能 成为 一些 恶 的 源头 了 这 是 偷换概念 了
2054288553,正方 辩 的 立论 不好 我 认为 要 抓 着 钱 是 万恶之源 和 万恶之源 是 钱 去 辩 反方 的 论点 已经 偏向 万恶之源 不是 钱 去 了 正方 要 抓 着 反方 这点 来 攻击 本来 的 论题 应该 是 白马 是 马 反方 论述 的 是 马 不是 白马 还有 黑马 斑马 万恶之源 不是 钱 还有 吃喝玩乐 性 正方 想 赢 还要 对 钱 进行 扩展 不能 让 钱 停留 在 具体 形象 的 实物 上 这种 情况 是 没法 说服 人 是因为 钞票 才 做 恶要 把 钱 升华 成 社会 中 的 价值 把 钱 是 万恶之源 解释 成 社会 中 的 有 价之物 是 驱使 人 做 恶 的 源头 在 万恶 的 源 中 有大有小 的 地位 现在 正方 论述 的 其实 是 钱 是 部分 恶 的 源头 讲万 不是 一切 观点 已经 偏离 题意 因为 命题 的 万恶 明显 就是指 一切 恶
2058227089,回复 : 哥们 要说 我 这个 辩论 的 议题 本身 就 没什么 对错 之分 就是 想 看看 哪方 的 表现 如何 如果 想 探究 的话 恐怕 要 把 善恶 之分 搞清楚 才行 这 谁又能 说 的 清楚
2047304001,个人 觉得 如果 能 在 定义 的 时候 说明 万恶之源 不 等于 所有 恶 的 源头 可能 会 好 辩论 一些 个人 愚见 不喜 勿 喷
2046764556,突然 发现 这个 规则 不太 一样
2043120734,晚上 看 有点 恐怖
2042726536,这个 辩论赛 举行 的 时候 我 还 没 出生 呢
2042326364,当年 的 辩论 真 好
2042302809,双方 辩论 都 非常 精彩 有没有 一种 可能性 反方 胜出 是因为 钱 不是 万恶之源 这个 观点 本身 就 比较 符合 现代 应该 引导 的 价值观 呢
2040733092,实践 是 检验 真理 的 唯一标准 但 第一条 真理 是 通过 实践 或许 当时 不 叫 实践 叫 意外 的 行为 来 认知 定义 的 而 真理 当时 或许 不 叫 真理 叫 自然规律 本身 是 存在 的 只是 没 发现 之前 不 知道 该 怎么 定义 发现 之后 才 定义 的 现在 被 接受 的 所有 定义 都 是 人为 人为 人为 人为 重要 的 事情 说 三遍 给出 的 但是 没 定义 之前 它 确实 就 存在 不能 因为 它 没 被 定义 就 说 它 不 存在
2040726574,唯物主义 的话 就是 钱 本身 没错 是 人 的 过错 唯心主义 的话 就是 人 本身 没错 是 钱 的 诱惑
2040731413,唯物主义 还是 唯心主义 我能 不能 这么 简单 的 概括 一下
2040344155,过 几天 辩论赛 学学 气场
2040275276,精彩
2039452424,质量 真高
2037919766,只有 我 是 白鼠 那边 过来 的 吗
2037873946,辩论 就是 这样 很难 有 完全 中性 的 问题
2037863983,太 厉害 了
2037494845,和谐社会 救 了 他们 啊
2036756117,钱 是 万事 之 首
2036545214,一直 揪 着 万 证明 万 不是 全部 而是 极多 的 正方 是 想 说 钱 是 万恶之源 也 就是 钱 是 极 大多数 的 万恶之源 反方 认为 万是 全部 也 就是 钱 不是 一切 的 万恶之源 都 是 一个 意思
2034370920,9102 年来 打卡
2034224329,二辩 神 了
2032834603,看 这种 级别 的 辩论赛 感觉 我 就是 棵 墙头草 正方 发言 我 : 有 道理 有 道理 反方 发言 我 : 没错 没错 说 的 真 对
2032218012,辩论赛 挑 一个 万字来 立论 点 被 抓 到 了 之后 没 办法 的 没有 说服力 输得 很 正常
2032162852,不 不 不 我 不 喜欢 钱 我 最 快乐 的 时候 是 一个月 拿 几块钱 的 工资 想 买 一个 单车
2031117537,我 就是 个 墙头草
2030835307,正方 都 是 人才
2030119279,钱 哪 是 什么 万恶之源 一个 事实 有 什么 好 争辩 的 错 在 人 身上 还 偏要 怪到 钱 身上
2054392466,为什么 要 否定 钱 的 因素 就 像 河流 不仅仅 一个 源头 恶 的 发生 也 不仅仅 是 一个 原因 人 自身 的 欲望 是 一个 原因 外界 因素 难道 就 没有 影响 吗 答案 是 否定 的 人 的 任何 行为 除了 人 的 内因 驱动 也 离不开 外因 的 影响 贪钱 除了 人 的 贪 也 离不开 外界 的 钱
2054403127,没有 钱 怎么 会 勾起 你 贪钱 的 念头 怎么 能 说 钱 和 你 作恶 没有 关系 钱 作为 万恶之源 其实 是 指钱 是 万恶之源 之一 又 不是 万恶之源 只有 钱 而 钱 和 人 的 欲望 谁 是 引起 恶 的 更 大 原因 这 又 是 另 一个 问题 了
2028635019,道生 一 一生 二二生 三 三生 万物 难道 指 的 是 一万种 事物 太难 为 正方 了 太 多 行为 不是 可以 用钱 来 解释 的
2028405353,哎行 了 行 了 知道 你们 没 出生 了 弹幕 里面 刷来刷去 有意思
2028254081,嗯 人 是 万恶之源
2074963399,圣经 第一章 就 写明 了 谁 是 万恶之源 就是 贪婪 因为 贪婪 而 偷吃 了 苹果 所以 人 一生 下来 就 身带 贪婪 的 原罪
2027009976,我 百度 了 一下 万恶之源 的 意思 是 : 一切 坏事 的 根源 所在
2054428181,所以 正方 输 了 论证 的 观点 就 立错 了 应该 立钱 是 万恶之源 之一 然后 论述 钱 虽然 不是 一切 恶事 最 重要 唯一 的 原因 但是 钱 是 一切 恶事 的 原因 之一 对 反方 辩手 的 观点 反驳 反驳 他们 辩论 中 的 失误 比如 他们 讲 原始社会 没有 钱 但是 也 有 恶事 可以 说 钱 是 今日 因 原始社会 的 恶 就 像 昨日 果 探讨 今日 因 和 昨日 果 有没有 关系 是 无法 讨论 的 就 像 人 如果 没有 人性 善 和 恶 的 观念 如何 讨论 人性 的 恶 和善 没有 诞生 钱 之前 这 两者之间 是 没法 讨论 联系 的
2026605814,有趣 的 辩论 上头
2024871277,正方 说话 我 对 对 对 没错 没错 反方 说话 我 没错 没错 对 对 对 我 透 我 太难 了 太 容易 被 说服 了
2024789688,我 很 好奇 我 明明 知道 辩论 主题 两方 都 是 有 道理 为什么 一定 要 弄 出个 胜负 没意思 啊 求教 一下
2026382595,他俩 根本 不 需要 探讨 出 结果 分数 是 看 很多 的 东西 打 出来 的 不 一定 需要 赢
2026521298,回复 : 好 的 谢谢
2024425599,弹幕 是 真的 不 懂 什么 叫 辩论 吗
2024392037,2019 小学 六年级 我 居然 看过 23333
2023287752,人性 才 是
2022660237,喜欢 武大 的
2022379356,其实 正反 只要 论证 钱 带来 万恶 就行了 越 有钱 的 人 越 有 能力 去 做 道德 之外 的 是 对 吧 钱 带给 人 更 多 的 选择 的 权利 也 就 带来 了 更 多 选择 恶 的 权力 也就是说 钱 间接 让 人 可以 行驶 恶 也就是说 钱 带来 了 更 多 的 恶 那么 就 论证 了 钱 是 千万 恶 的 源头
2022174049,辩题 金钱 的 追求 与 道德 不能 平行 时隔多年 又 过来 看 一次 这次 自己 成为 了 主办方
2021957501,可以 是 钱 也 可以 不是 钱 但 钱 还是 占 大多数 因为 钱 的 定义 成为 了 交换 的 硬性 条件 而 不是 以物 易物 假若 不是 人类 最后 成为 了 地球 主宰者 而是 恐龙 那么 它们 的 恶 呢 别 和 我 说 那 是 动物 人类 也 不过 是 动物 的 顶端 而已 为 自己 定义 为 人类 终究 还是 动物 钱 之所以 会 被 占 恶 多数 只是 因为 制造 方法 以及 唯一性 和 用来 当做 交易 的 筹码 还是 那句话 如果 不是 用钱 来 做 指定 性交易 那么 就 不会 有 那么 多 的 恶人 的确 本性 非恶 但 也 本性 非是 善 人生 下来 是 空白 的 决定 本性 的 都 是 周围 因素 可能 别人 欺负 你 没 钱 买不起 东西 所以 他 可能 会为 钱 行恶 但 也 可能 是 别人 会 看 他 弱小 而 欺负 但 这 不关 他 事 但 我 要说 的 是 为什么 要 欺负 他 为了 钱 不 我 就是 想 欺负 因为 他 弱小 这是 无关 钱 的 恶 就 好像 有些 低能 人 乞丐 你 是 好人 也许 会 捐助 些 被子 衣服 钱 让 他 买点 东西 吃 但 有 的 坏人 或者 一样 是 乞丐 的 就 会 抢 他 被子 抢 他 钱 抢 他 衣服 这 都 是 恶钱 只是 占 了 一分 而已 我 终究 认为 钱 并 不是 恶 的 根本 更 别提 什么 万恶之源 万恶之源 这个 词 都 对 人造 出来 的 更何况 是 恶 呢 受过 教育 的 钱 不是 恶 没 受过 的 呢 若非 是 钱 成为 了 交易 的 硬性 条件 那么 在 以物 易物 的 那个 时代 我 想要 那个 东西 但 我 换 不了 那 我 就 抢 杀 了 你 就是 我 的 了 那么 这 又 是 什么 恶 有钱 万万不可 没 钱 万万不能 这个 万 又 是 什么
2021938542,还是 钱 是 万恶之源 比较 具有 优势 辩论
2026410174,其实 有 绝对 的 劣势 因为 万恶之源 是 人性
2054432821,回复 : 万恶之源 可以 不仅仅 是 一个 钱 是 万恶之源 与 人性 是 万恶之源 不是 矛盾 的 白猫 黑猫 都 是 猫 河流 源头 有 多个 恶 的 源头 也 可以 分人 的 内因 与 外因 可以 源自 人 的 本性 还有 外界 的 教育 钱 美女 的 影响
2021568695,真的 反方 天生 有利
2021492322,没 办法 从 事实 看钱 真的 不是 万恶之源 实力 相当 时 谁 做 正方 谁 倒霉
2021026822,我 对 辩论赛 不太 了解 他们 的 辩题 是不是 赛前 就 知道 准备 起初 很小 的 时候 我 挺 向往 辩论赛 的 但 后来 渐渐 长大 看过 一些 相关 的 视频 基本 都 是 诡辩 和 娱乐 性质 扯淡 可能 辩论赛 的 目的 作用 是 为了 训练 口齿伶俐 和 思维 转换 但 我 个人 却 加入 价值观 在 里面
2021035887,1 提前 知道 并 准备 2 水平 问题 3 辩论 的 目的 是 使 人 思考
2021037566,回复 : 这 真是 秒 回 啊 我 真是 感到 意外 不过 从 我 个人观点 应该 是 没有 赛前 准备 临时 就 答 当 我 看到 第一个 女 的 说话 的 时候 就 像 背 课文 似的 我 就 感觉 受不了
2021034683,回复 : 没有 准备 就是 练 口才 和 反应 了 这样 就 容易 瞎扯 有 准备 才 有 思考 才 有 完备 的 逻辑 交锋
2021080431,回复 : 可 我 觉得 没有 准备 才 有 意义 当然 我 确实 不够 了解 辩论 可 我 觉得 他们 辩论 纯粹 是 噱头 一场 秀 我 也 知道 我 的 这种 观念 是 对 辩论 初衷 意义 理解 有 偏差 我 希望 是 带有 实际 作用 的 不是 为了 辨 而 辨 希望 它 能 像 电影 荧幕 律师 的 严谨 像 讨论 时政 一样 像 哲学 式 讨论 我 确实 加入 了 个人 价值观 和 道德观
2021078300,回复 : 你 这 就 自相矛盾 了 啊 你 如果 都 不 经过 思考 上来 就 给你个 题目 让 你 辩 你 能 讲 出 什么 干货 律师 时政 哲学 哪个 不 需要 经过 准备 和 思考 正是 因为 要 有 意义 才 需要 提前 立论
2021082760,回复 : 你 不会 以为 这个 提前准备 指 的 是 双方 对 台词 吧
2021088524,回复 : 我 的 侧重 面是 在意 是非 道德 动机 而 我 看到 辩论 用 很俗 的 大白话 形容 就是 耍嘴皮子 许多 电视节目 和 网络 节目 更是 一场 秀 觉得 许多 辩题 都 很 低级 怎么 不辨 一辩 中国 医疗 体制 为何 不 医药 分离 中国 的 医患 冲突 社会 分级 究竟 是 哪里 出 了 问题 美国 扮演 的 世界 警察 角色 究竟 是 应该 不 应该 说 实在 的 我 都 不 知道 像 奇葩 说 这种 哗众取宠 的 东西 是 为了 什么
2021103459,回复 : 那 倒 不 认为 是 对 台词 只是 觉得 现场 发挥 更能 体现 而已 我 刚刚 特意 百度 了 一下 辩论赛 的 意义 解释 的 也 挺 全面 我 心里 也 明白 只不过 吧 从 我 个人 的 感观 对此 有些 疑惑 确实 有 对 口才 和 思维 转换 和 心理素质 这方面 有 提升 锻炼 的 意义 但 又 觉得 许多 的 辩论 更 多 是 个 噱头 用 这个 辩论 形式 弄出来 的 一个 秀
2021104235,回复 : 其实 我 也 并不认为 我 说 的 就是 对 的 白话 了 这些 就是说 说 自己 的 感受
2021115845,回复 : 这个 又 跟 你 说 的 提 不 提前准备 有 什么 关系 你 说 的 那些 事情 不让 人 提前准备 那 怎么 辩 另外 奇葩 说 首先 是 个 综艺 辩论 只是 元素 之一 你 说 了 这么久 不是 连正赛 都 没 看过 吧 我 传 的 比赛 里面 就 有 大麻 交易 合法化 和 网络 匿名 的 啊 我 觉得 你 首先 得 梳理 一下 你 的 思路 和 表达 槽 点 太 多 我 一下 吐 不 过来
2021109214,回复 : 谁 不是 现场 发挥 的 啊 难道 你 还 跟 对手 一起 准备 吗 对手 准备 说 什么 你 还 能算 出来 吗
2021118982,回复 : 都 跟 你 说 了 思考 是 重点 怎么 还 在 抠 口才 啊 秀 啊 什么 的
2021121001,回复 : 对答 是 现场 发挥 我 是 说 辩题 就是 临时 的 并 不是 事先 准备
2021160399,回复 : 那 你 告诉 我 临时 给 的 养老金 并轨 时机 已然 / 尚未 成熟 怎么 辩 不 查资料 不看 数据 不 找 论文 四个 人连个 讨论 都 没有 思路 都 不 一致 怎么 辩
2021157964,回复 : 我 知道 你 说 的 辩论 带来 的 正面 意义 只不过 它 侧重 的 是 技巧 方面 的 东西 而 非 辩题 本身 的 意义 辩题 究竟 对 与 错 不是 重点 重点 是 看 双方 谁 更 对答如流 谁 回答 的 看似 更 有理有据 有 1 个 我 不 喜欢 的 就是 许多 辩论 都 是 诡辩 为了 辩论 而 辩论 并非 是 像 哲学 讨论 辩题 其 意义 这 也 是 我 的 问题 太 把 辩论 理解 成 另一回事 了
2021165185,回复 : 你 的 问题 是 听不懂 人话 还 想 不 明白 逻辑
2021168581,回复 : 那 就 看 他 个人 水平 了 事先 准备 说白了 就是 可以 有 更 多 的 发挥 辩论 除了 两个 队伍 以外 还有 很大 的 层面 作用 也 是 给 大众 看 的 所以 事先 准备 有 它 更 充分 的 意义 我 不是 不 知道 可 我 只是 觉得 没有 事先 准备 更 把 难度 升级 了
2021176066,回复 : 你 说 说 我 哪里 听不懂 人话 和 看 不 明白 逻辑 了
2021177550,你 问 的 这个 问题 正好 回答 了 你 这个 问题
2021209580,回复 : 和 你 这么 一遍 遍 耍嘴皮子 也 没多大 意思 我 再 重申 一遍 我 之前 说 的话 是 夹杂着 我 自己 的 是非观 在 里面 我 知道 辩论 带来 的 正面 意义 外加 刚才 说 的话 语言 也 没有 组织 好 简而言之 一句 话 就是 辩论 是 更 多 侧重 技巧 方面 的 锻炼 提升 而 非 像 哲学 论著 似的 讨论 话题 的 意义 这 也 整好 是 我 把 辩论 错误 理解 了 另一方面 想 说 的 意思 许多 辩论 尤其 是 电视 到 网络 节目 辩题 挺 没 意义 整个 节目 弄 出 的 效果 就是 一场 秀 一场 以 辩论 噱头 弄 出 的 秀 我 只不过 希望 除了 辩论 以外 它 也 能 更 多 带来 实际 作用
2030244795,提前准备 的 是 资料 谁 也 不能 随便 拿个 题目 就 能 说 出来 一堆 啊 口才 是 利用 已知 的 知识 而 不是 现场 编出来 知识
2054442785,回复 : 没有 准备 思考 的 时间 太短 也 没有 经过 团队 间 的 讨论 对于 辩题 没有 深入 思考 的 时间 这样 的 辩论 没有 意义
2054534454,回复 : 对 你 说 的 这个 问题 我 是 这样 的 看 的 主要 在于 可 传播 性 和 可控性 因为 在历史上 有太多 的 辩论 了 一大堆 哲学家 直接 现场 的 辩论 和 宗教 里 的 辩论 他们 的 辩论 和 现代化 辩论 还是 有着 区别 的 对于 我 这么 一个 外行人 来说 最 直观 的 感受 就是 现在 许多 所谓 的 辩论赛 弄 得 很 形式化 也 很 有 表演 化 的 成分 在 里面 再者说 真 要 现在 直接 辩论 舌战群儒 对于 一个 人 要求 也 太 高 了 可控性 就 没法 保证 了 现场 和 节目 也 没 办法 继续 录制 了 没准 弄不好 人们 没有 把握 好 情绪 骂 了 起来 也 是 说 不准 的 所以 只是 凭感觉 来 形容 这么 个 感觉 感觉 有 很大 的 表演 化在 里面 更 多 让 我 感觉 更 像是 一场 秀 并非 像 实事 讨论 更 多 是 技巧 也 容易 偏离 了 本质 尤其 是 许多 电视节目 或者说 综艺节目 嘉宾 辩论 根本 没有 逻辑 根本 不是 理性 而 说出 的 一套 理论 还是 谬论 然后 煽情 观众 诡辩 从 我 描述 的 这些 东西 你 应该 就 明白 我 说 的 哪 方面 的 一些 东西 是 我 不 喜欢 看不惯 的 了
2054627572,然而 这 还 真是 辩论 的 样子 啊 辩论 想 说服 对手 是 不 可能 的 都 是 想 办法 说服 第三方 也 就是 观众 和 评委 你 觉得 没用 啊 要 大众 和 评委 觉得 辩论 只能 是 尽量 客观 很多 主观因素 影响 看辩 的 好不好 不是 看 选题 的 占 不 占理 还是 要 看 技巧 表现 的 本来 就是 看 这些 比分 的
2054623483,回复 : 辩论赛 很多 确实 是 虚 的 但是 这些 技巧 和 思考 方式 就是 虚中 辩出 的 实 不能 纯看 有用 没用 来说 啊 你 实际操作 一场 辩论 就 明白 是 件 很 费劲 的 事 真 不是 和 键盘 侠 一样 那么 简单 的 确实 能 得到 一些 东西 的
2054628505,回复 : 不过 辩论 也 只是 嘴上 说 说 也 确实 不是 啥 厉害 东西 算是 一种 娱乐 方式 吧 不用 较真 太 多
2055148762,回复 : 知道 主要 就是 锻炼 思辨 为主
2020912165,正方 要 告诉 反方 万 不是 一切 反方 就要 用钱 不是 恶之源 只要 把 万和源 都 解释 清楚 了 才 算 赢
2020910469,只要 反方 攻不破 万 不是 一切 就 没法 赢
2020900048,正方 只能 从万字 立论 不然 没 办法 的 而 反方 则 应该 从源 字 出发 更好
2020876451,当 你 的 能力 满足 不了 你 的 欲望 时 你 才 会 通过 种种 非法 行恶 的 事情 来 满足 你 的 欲望 钱 是 万恶之源 本事 就是 以偏概全 拿个 错 的 命题 去 辩 真的 好难
2054464513,你 这样 想 是 永远 辩不赢 的 题目 的 钱 是 万恶之源 这个 万 就是指 一切 但是 要 把 题目 解释 成钱 是 外恶 之源 之一 恶 的 发生 不仅仅 是 一个 原因 人 的 欲望 是 内因 钱 则 是 外因 然后 论述 钱 作为 外因 之一 与 一切 恶 的 联系 同时 攻击 反方 认为 一件 恶 只能 有 一个 原因 的 论点 反方 辩手 是 只 认可 贪钱 中 的 贪 而 否认 贪钱 中钱 的 因素 而且 反方 还有 谈论 钱 作为 外因 有没有 善恶 这种 可笑 的 事情 还有 在 合法 用钱 追逐 钱 根本 没有 产生 恶 却 去 讨论 钱 是不是 恶因 的 荒诞 没有 恶事 何来 恶因 原始社会 没钱 的 时候 也 有 恶事 发生 所以 钱 和 恶事 没有 关系人 还 没有 善恶 观念 的 时候 讨论 人性 的 本善 还是 本恶 是 没有 意义 的 只有 人有 了 善恶 之分 才 有 讨论 的 意义 同样 也 需要 有了钱 才 去 讨论 钱 诞生 以后 和 万恶 的 关系 或者 把 钱 的 概念 扩大 变成 有 价值 的 事物
2020405439,醉痒 直接 先 肯定 对面 的话 万 不是 一切 的 意思 那 代表 大多数 吗 七宗罪 中 贪 都 只是 7 中 之一 佛教 的 6 戒 贪 也 只是 之一 你们 没有 数据 表明 万恶 中 的 钱 引导 出 的 恶 是 大多数 就 不能 说 钱 是 万恶之源
2020359247,头 一次 感觉 视频 撕 的 比 评论 区 厉害
2020127097,10.6
2019339419,再 看一遍 真的 被 弹幕 和 评论 惊到 了 大家 都 是 辩论 专家 啊
2019349251,周六 初赛 有点 慌 看个 视频 压 压惊
2019298037,我 认为 这个 辩论 很 简单 能 讲 这么久 是不是 编排 过先 别急 着 喷 选手 们 都 在 万恶之源 的 万字 上 争辩 其实 重点 是 源 字 万物 有 开头 人一 出生 就 哭 肚子饿 了 想 喝奶 也 哭 证明 人 本身 是 有 欲望 人类文明 日趋 发达 人类 想要 的 也 就 越 多 欲望 也 膨胀 钱 是 应 人类 欲望 产生 的 钱 的 产生 是 必然 是 为了 满足 人性 恶 的 一面 但 钱 不是 万恶之源 人性 的 贪欲 才 是 万恶之源 反方 只要 死 咬 一个 源字 就 能 利于 不败之地
2019934233,立论 不难 操作 出来 再说 你 说 的 对面 也 未必 就 认凭 什么 钱 是 应 欲望 而 产生 的 钱 明明 是 社会 发展 的 产物 并且 要 知道 其实 是 钱 引爆 了 人们 心中 的 贪婪 这样 的 反驳 我 都 能 说 出来 更 别说 是 里面 的 正方 了 上来 就 认为 简单 是不是 编排 过 就 显示 了 你 的 自大 与 无知
2020365546,钱 的 产生 和 欲望 没有 任何 关系 钱 只是 让 交易 更加 公平 了 而已 比如 我用 2 换 你 的 2.1 你 就 会 觉得 不 公平 但是 我 没有 完全 等于 2.1 的 东西 也 不 可能 找出 完全 等价 的 东西 来换 也许 你 觉得 它值 2.1 我 觉得 它 就 值 1.9 所以 货币 诞生 了 每 一个 东西 和 货币 是 等价 的 交易 起来 就 容易 了 许多 既然 价格 固定 买 与 不 买 就 看 你 自己 的 了 至于 为什么 钱 是 万恶之源 根本 就 没 必要 争论 没有 钱 也 会 有 一个 其他 的 东西 来 代替 就 像 饥荒 的 时候 可以 用 粮食 旱灾 的 时候 可以 用水 战争 的 时候 可以 用 枪支 子弹 一样 所谓 的 货币 只是 人类 欲望 的 一种 体现 罢了 如果 钱 连 一张 纸 都 买不起 了 它 也 就 不是 钱 了 钱 就 变成 了 纸纸 就 变成 了 钱 只是 一个 称呼 而已
2018720268,真理 越辩 越明
2018645304,坐在 我 左手边 的 也 是 大家 非常 熟悉 的 马 飙车 大学 的 四位 老鸨
2017624127,键盘 侠 : 键来键 来 大河 之键 天上 来
2016678440,看 了 这个 之后 我 对 辩论赛 慌 了
2016065263,啥 也 别说 了 都 是 日本 人 的 错 滑稽
2015692944,荀子 的 人性本恶 和 孔子 的 人性本善 都 是 片面之词 每个 人 都 是 善恶 一体 的 单纯 的 善 和 单纯 的 恶 都 不是 一颗 完整 的 灵活 只不过 是 残缺 的 极端主义
2014770052,看 了 评论 我 都 怀疑 我 是不是 听错 了 一方 是 钱 不是 一切 恶之源 一方 是 钱 是 十万百万 千万 的 恶之源 两方 都 没错 呀 其他 都 是 套路 都 是 诡辩 两方 都 是 懂装 不 懂 看 的 就是 口才 难道 是 我 看 错 了
2014998010,我 看 这 辩论 就是 高级 抬杠 他们 都 拿 圣经 和 西方 哲学流派 之一 来 当 论据 显然 根本 不管 是否 正确 就是 靠 的 口才 和 知识 的 积累
2019305067,反方 太笨 老 纠结 一个 万字 其实 源钱 源于 欲望 产生 人才 是 万恶之源 证明 这 一点 正方 不攻自破
2257731866,回复 : 对 明白人 看 他们 评论 给 我 看 懵 了
2257735955,回复 : 你 再 看看 或许 你 没 仔细 看
2014701596,就争 一个 万字 一个 万字 代表 全部 一个 万字 代表 多 部分 谁 口才好 谁 赢 是 真的 经典
2014250943,这个 辩题 本身 就 不 太 对 反方 有着 明显 的 优势
2014743316,没 不 对 呀 两方 都 是 对 的 就 看 谁 口才好 谁 内容 多
2013853640,娶 个 辩手 回家 无异于 自取其辱
2011455138,键盘 侠 心理 : 本尊 ! 意气风发 睥睨 天下 辱骂 网友 唯我独尊 ! 天不生 我 键盘 侠 喷道 万古 如 长夜 键来 ! 仙 之 巅傲 世间 ! 有 我 键盘 就 有 天 ! 一键 横天镇 世间 ! 破 红尘 ! 杀 尽仙 ! 一键 在手 斩 九天 ! 倘若 世间 无真仙 ? 我愿 持键 化为 仙 !
2010678127,正方 这个 论点 太 不利 了
2014753269,没 不利 呀
2018699798,回复 : 钱 是 万恶之源 没有 对方 的 好 讲
2009374268,智商 有限 看 不 太 懂
2009098989,万 我 太难 了
2009086732,如 我 所料 的 b 站 之风
2007179656,太精彩 了 吧 妈 耶
2006792513,看 了 这个 看 普通 的 辩论赛 都 觉得 好菜
2006728267,说 的 挺 好 的 再 过 两年 可以 来 b 站发 弹幕 了
2004456854,弹幕 真的 挺 可爱 啊哈 哈哈哈哈
2004325916,我 觉得 胡 的 结辩 很 一般 啊 搞不懂 为什么 很多 人 觉得 好 ? ? ? 而且 武大 的 四位 逻辑 真的 很强 好 喜欢 啊 就 喜欢 这种 逻辑 强 还 能 让 观众 听懂 的 . 还有 就是 整场 辩论 明明 武大 这边 一直 是 占上风 呀 怎么 最后 输 了 真的 无法 理解
2226291454,没 办法 从 事实 看钱 真的 不是 万恶之源 实力 相当 时 谁 做 正方 谁 倒霉
2226299669,而且 正方 没有 回答 反方 的 几处 提问
2004036650,又色 又 暴力
2003687447,2019 了 我 再 来 刷 一遍
2003527290,考古
2002365593,日本 都 哭 了 不管 他们 怎么 争辩 日本 无耻 都 是 不容置疑 的
2001275795,反方 在 讲道理 逻辑 但是 嘴 跟不上 哈
2001257273,被迫
2001168797,我 觉得 钱 是 万恶之源 是因为 他们 认为 : 人 的 种种 恶 的 行为 是因为 在 金钱 与 权利 的 诱导 上 驱使 人们 为了 得到 它们 而 去 作恶 而 另一方 则 是 认为 钱 并 不是 诱导 人们 去 犯罪 作恶 的 主要 原因 而是 由人 的 思想 以及 他 的 三观 所 决定 的 这 也 是 他们 反驳 为什么 有人 因钱 作恶 而 又 有人 用钱 行善 的 缘由 俩者 简化 得出 认为 是 万恶之源 的 观点 是 : 钱财 使人 迷失 良心 善心 为了 钱 不择手段 而 反方 的 观点 是 : 不是 钱 使 人 作恶 而是 价值观 和 人生观 决定 了 你 是否 会 因为 钱 而 到处 作恶 所以 我 更 偏向 反方 所说 的 ( 个人观点 有 地方 解释 不清 欢迎 回复 或者 见谅 )
2014766294,你 听错 了 辩 那么 多 其实 就 两句话 一方 是 钱 不是 一切 的 恶之源 一方 是 钱 是 十万百万 千万 的 恶之源 谁 口才好 谁 赢 其他 的 都 是 套路 都 是 诡辩 都 懂装 不 懂 没 对错
2015408615,回复 : 我 讲 的 也 是 这个 意思 其实 辩论 这 玩意 说白了 不是 看 你 讲 题目 讲 的 多 对 而是 说 怎样 不 失礼 的 用 最狠 的话 来 怼 对方 因为 有些 题目 根本就是 死 话题 就 看 谁 逻辑 能力 强 和 嘴皮子 牛 逼
2257727803,回复 : 你 字 太 多 没 仔细 看 哈哈
2000627380,钱 是 万恶之源 也 可以 是 万善 之源 并 不能 否定 钱 不是 万恶之源 就 像 你 是 女人 也 可能 是 老人 小孩
2000575949,2019 向佛 许愿 时代 前来 考古
1999989983,发 你 牵强 以偏概全 呢 一帮 小学生 作业 没写 完 就 在 那 狺狺狂吠 可能 你 自己 连 初赛 都 过 不了 吧
1999586203,考古
1999570166,我们 这周 的 辩题
1997951461,万物 之源 就 不能 是 两个 吗 钱 是 万恶之源 因为 钱 确实 滋生 了 万恶 当然 还 有些 恶 不是 钱 干 的 但是 色 也 是 万恶之源 并 不 影响 钱 也 是 万恶之源
1997348657,我 觉得 钱 只是 个 工具 真正 在 背后 起 作用 的 是 人 对 名利 的 追求 如果 人类 进行 交易 的 方式 不是 用 钞票 兑换 物品 而用 的 是 使用 防伪 工艺制作 的 咸鱼 干 那 咸鱼 干 也 就 成 了 万恶之源 了 换成 螃蟹壳 螃蟹壳 就 成 了 万恶之源 估计 把 这 理论 说 出来 以后 全场 就 解散 了
1999455955,不会 你 所 举例 的 这些 不过 是 钱 的 代替 物从 另一方面 来说 也 是 辩题 中 的 钱 如果 你 是 反方 说出 这句 话 的 那一刻 你 就 已经 输掉 了
2054135291,你 这 也 太小 看人 了 你 这 论点 太 低级 了 论 的 是 钱 不是 钞票 钱 去 了 随便 就 可以 反驳 你 这些 物品 背后 是 一般 等价物 钱 钱 不会 因为 从 开始 的 贝类 到 现在 的 纸钞 就 不是 钱 了 金子 银子 都 是 钱 正方 这次 抓着 万来 辩 有点 失策 了 根本 解释 不了 反方 对源 的 攻击 应该 也 对源 进行 说明 河流 大海 的 源头 不是 一个 万恶 的 源 也 不是 一个 但是 钱 是 万恶 的 源 之一 来 驳倒 反方 对源 的 攻击 辩论 不 一定 要 证明 成功 自己 的 说法 攻击 对面 的 论证 失败 也 是 可以 的 我 之前 拿 最佳 辩手 就 喜欢 抓住 对方 辩手 的 失误 来 攻击 抓住 对面 论证 过程 的 以偏概全 偷换 逻辑 概念 错误 之类 的 问题 来 攻击
1995847070,我 觉得 反方 应当 把 钱 不是 万恶之源 人才 是 万恶之源
1994844267,胡渐 彪 我 老公
1994795943,这辩题 正方 吃亏 钱 是 万恶之源 好 那 你 别 用钱 了
2054143742,这个 论点 正方 有 回应 的 忘记 是 几辩 说 的 他 说 他 是 追求 钱 了 但是 没有 产生 恶 没有 恶何 来源 我 用钱 没有 产生 恶 为什么 说 我 不 可以 用钱 了 钱 是 恶之源 不 等于 钱 就是 恶 用钱 不是 恶 这个 可以 参考 白马非马 这种 简单 辩论
1993647493,辩论赛 比 的 就是 逻辑思维 言语 能 把 黑 的 说 成白 的 白 的 说 成 黑 的 也 是 能力 一个 辩题 本来 就 可以 从 多方面 看待 不然 也 不用 辩论 了 说白了 辩题 本身 的 对错 并 没有 什么 意义 有 意义 的 是 选手 们 在 场上 唇枪舌剑 展现出 自己 的 风采 评判 标准 也 不是 简简单单 局限于 模糊地 认为 哪 一方 说 的 更 有 道理 些 而已 反正 我 心里 明白 我 要是 站 在 他们 对面 我 肯定 是 一句 话 说不出来 的
1992994751,emmm 看 弹幕 越看 越气 这些 人 只有 一辩 是 有 稿 的 其他人 都 是 临场发挥 的 键盘 侠们 几个 能 像 他们 一样 在 短短 三分钟 内 听 清 并 理清 对方 的 论点 与 思路 并 想 出 三分钟 的 稿子 并 流利 的 说 出来 小学生 们 好好 写 作业 去 吧
1991490196,本想 12 点 睡觉 的 没想到 看 完 了 现在 1 点 22
1991269478,没钱 才 是 万恶之源
1990689769,上 毛概 课 还是 啥 课来 着 老师 给 放过 这个 辩论赛 的 一部分 我 同桌 上课 都 是 不 咋 听课 的 主看 这个 都 入迷 了
1990052106,考古
1989548951,"正方 四辩念 作文 我 傻 了 , 太浮 了 人 评委 都 听不懂 ."
1989517105,"其实 反方 立论 可以 将 金钱 辨证 为 一种 符号 , 将 恶源 加之 于 这个 符号 所 代表 的 价值 , 并不需要 去 刚 辩题 ."
1989481722,说 辩论 是 文科 的 事 的 是 从来 没 参加 过 吧 ?
1986910752,弹幕 没 撕 逼 大概 是因为 没有 小学生 来 这个 视频
1986757104,高质量 的 辩论赛 真的 好看 啊 弹幕 那些 挑刺 这个 不行 那个 不行 的 钢筋 就算 了 吧 真 让 你 上去 辩 一场 后果 估计 比 王司徒 好 不了 多少
1983312346,简直 超强 全员 都 超级 棒 四辩 真的 都 很 牛批
1981491791,我 想 说 的 100 我能 说 的 1
1978939971,小 高能 空降 20 : 4725 : 4728 : 00
1978890566,弹幕 很多 人 在 刷 人之初 性本善 我 只 想 说 我 主张 性恶论 弹幕 是 不 知道 这个 相对 的 理论 把 性善论 奉 为 真理 吗
1978901960,举个 简单 浅显 的 例子 表达 这个 论述 婴儿 一 出生 就会 抢奶 喝 是 自私 的 行为 有 的 宝宝 也 会 因为 妈妈 抱 别的 小孩 大哭 大叫 这 也 是 自私 也 就是 恶 的 表现
1978194955,希望 弹幕 里 的 睿智 能够 闭嘴 安静 观看
1977661474,其实 我蛮 想 知道 这个 老外 为啥 会 说 那个 那个 ... 这种 东西 就 不用 学 了 吧
1977659296,第一 万恶之源 并 不是 这个 源 就是 恶 本身 钱之于 恶 如同 屎 之于 臭 但 屎 并 不 等同于 臭 第二 万恶之源 也 可以 同时 是 万善 之源 所以 用 别人 用钱 做 善事 并 不能 证明 钱 不是 万恶之源 第三 家庭暴力 和 南京 等等 也 可以 推导 到 钱 身上 南京 是因为 侵华 战争 侵华 战争 是 为了 扩张 领土 扩张 领土 不是 为了 钱 吗
1977173271,新加坡 三辩 逻辑 清晰
1977170617,辨论 就是 强词夺理 阿 辨论 辩证 看待 所以 没有 孰 对 孰 错 没 必要 较真 了 看 谁 会 说
1976377415,我 在 辩论赛 前夕 看 我 出生 那年 的 国辩 视频
1975982837,全程 1.5 倍速 看 完后 有点累
1974646852,考古
1971895095,都 说 的 很 好 啊
1971877511,视频 下面 的 评论 和 弹幕 里面 中 大家 似乎 都 搞错 一个 事情 辩论 不是 挑毛病 更 不能 让 你 插话 一个个 抠字眼 的 水平 可能 连 初赛 都 不能 让 你 上 驳斥 对方 话题 是 一种 辩论 手段 但是 只是 很小 的 一部分 如果 自己 不能 源源不断 的 找到 理论 支撑 仅靠 挑 对面 的 语句 错误 基本 就是 稳输
1971651745,大专 不是 指 专科学校 是 新加坡 的 语言 习俗 就是指 高等学府 大学 的 意思
1971601558,看 辩论赛 的 时候 我 就是 根 墙头草
1971041377,刚才 收到 辩论 队 面试 失败 的 短信 了 虽然 有 心理准备 了 但 还是 有 一点 伤心 自己 的 能力 不 自己 没有 这个 能力 这 是 我 努力 的 方向 我 还是 做 一个 打字机 好 了
1970601567,君子爱财 取之有道
1969965621,我 想起 一句 话斗罗 大陆 里面 的 : 我们 是 七 原罪 之神 并 不是 七 原罪 所以 他们 之前 也 会 互相帮助
1969919004,灭霸 : 我 就 不是 为了 钱 你 能 说 我 是 恶 吗
1969083909,各位 看 完前 别开 弹幕 别看 评论 一群 孤儿 小学生 剧透
1969068995,中途 透露 的 你 爸 枇杷 树种 多 了 开头 就 被 剧透 这种 辩论 还是 吧 弹幕 功能 关了 吧
1968189434,弹幕 和 评论 区 人均 教周 玄毅 胡渐 彪 打 辩论 给 整笑 了
1967996277,观看 建议 关 弹幕
1967379476,这个 辩题 根本 就 不是 公平 的 辩论 本来 就 不是 要 辩出 真实 的 对 与 错 而是 看 各人 的 临场发挥 和 立论 之足 个人观点
1966616064,要是 辫钱 是 万恶之首 那 正方 就 说不定 会 赢 万恶之源 就 有点 不利 正方
1966252256,我 发现 全世界 华人 都 有 一个 共同 特点 恨 侵华 日寇
1963145604,题目 偏向 反方 大家 看 技巧 被 反方 说服 不 一定 反方 就 强
1962908522,没打 多长时间 的 辩论 但是 我 很 爱 她 希望 可以 把 辩论 在 生命 中 进行 下去 即使 以后 不 在 接触 也 会 关注 的
1959886573,真的 是 经典 辩论 视频 了 50 多分钟 很快 就 过去 了 真的 很 精彩 !
1959528924,万恶之源 是 贪 因为 贪婪 所以 才 会 繁衍 出 非常 多且 复杂 的 恶
1957791625,我 觉得 我 得 把 他们 的 发言 文字 记录下来 才能 想 明白 双方 的 逻辑 / 相关性 / 回应 力度 实时 嘴炮 太猛 了
1957472225,别 耍嘴 啊 我 要是 耍嘴 我 是 个 棒槌
1957272285,小时候 在 电视 上 看过 映像 超级 深刻 那 时候 还 挺 小
1956871582,xqf 是 举例 并 不是 开车 弹幕 说 开车 还 变色 的 我 看 你 脑子 被 驴 踢 了 hape
1956242700,马方 三遍 辩是 真的 牛
1956137384,反方 应该 说 钱 是 万恶之源 把 你们 的 钱 都 给 我 吧
1954694960,蒋 姐姐 表现 不佳 被 对面 直接 拿下 先机 一直 怼
1954268368,笑看人生 就行了 知道 能 轮回 就行 慢慢来
1954068313,一点 开 50 分钟 我 觉得 肯定 没 耐心 看 完 实际上 这样 酣畅淋漓 的 辩论 根本 和 时长 无关
1953809813,每 一场 辩论赛 队员 内心 : 正反方 都行 评委 傻 x
1953216424,看 完 确实 觉得 反方 比较 好
1953200679,现在 还敢 这样 肆无忌惮 地辩 吗
1952666524,辩论 题目 往往 是 大 而 宽 的 兼顾 多面性 辩手 需要 巧妙 的 设立 假设 条件 在 假设 前提 下 完善 自己 的 逻辑 推导 和 对方 辩论 时 切不可 跳入 对方 假设 条件 框架 下 因为 你 是 先天 不利 的 一步 落后 步步 落后 除非 对方 在 自己 条件 框架 下 存在 严重 的 逻辑 漏洞 一般 辩论会 驳斥 对方 假设 前提 的 不合理性 从而 从根本上 驳倒 对方 但 更 多 的 情况 是 双方 都 会 提出 各自 的 假设 条件 然后 各自 形成 一套 逻辑 体系 因此 如果 双方 实力 相当 是 不会 辨出 结果 的 经济学 理论 有些 争端 就是 这样 的 辩论 例子 但理 越 辩越 明分 得 更 清 才能 找到 共性 这才 是 辩论 的 意义
1952631307,反方 的 思维 确实 更 具有 逻辑性 一 开始 就 为 恶 和 金钱 定性 和量 陈述 金钱 作为 工具 的 中性 无法 决定 工具 使用者 之 人性 的 根本 问题 论调 立足于 和 金钱 相关 的 恶 无法 囊括 所有 的 恶 驳斥 正方 将 金钱 作为 人性 导向 和 又 将 金钱 视为 人性 目的 在 逻辑 上 的 矛盾 金钱 是 恶 的 原因 恶 的 目的 是 为了 金钱 那么 人 追求 的 和 恶 的 原因 是 金钱 还是 恶 所以 金钱 就 不能 是 恶之源 因此 正方 语言 华丽 举 了 大量 事例 很 有 感染力 和 说服力 但 反方 一 开始 就 提出 假设 条件 在 条件 框架 下 论述 包含 与 被 包含 关系 量 和 质 的 区别 上 已经 立于不败之地
1952520043,神仙 打架
1951277492,建议 关 弹幕 看 弹幕 人均 辩论 冠军
1951169144,欲望 才 是 万恶之源
1947423083,辩论赛 的 意义 不是 看 结论 对错 而是 看 辩手 的 逻辑思维 临场 反应 知识 储备
1944515881,语文课 上 老师 播放 这个 视频 让 我们 看 完写 一篇 论文 可不可以 以 成败论 英雄 重点 是 还 不关 弹幕
1943276670,怎么 想 都 想不到 正方 的 突破口 到底 在 哪里 大多 议题 就算 是 有 倾向性 也 不会 这么 死板 这 里面 已经 使用 了 绝对性 修饰 万 只要 说明 不是 所有 的 恶 都 是 由 钱 而生 那 正方 也 只能 岔开 话题 了
1942772841,弹幕 里 直接 评价 文和理 怎么 怎么 的 真的 是 见识 短浅
1941928463,这场 真的 好 经典
1941520094,钱 是 / 不是 万恶之源 反方 三辩 观点 先有 恶 再 有钱 93 年 辩题 人性本恶 / 善 ( _ ) ( _ ) ( _ ) ( _ ) 我 觉得 把 93 复旦 拉过来 辩论 一定 更 精彩
1941223886,到 三辩 都 发言 完 了 优势 一直 在 正方 那里 不过 反方 四辩 一出 真的 扭转乾坤 正方 四辩 后 发言 写 作业 也 无法挽回 冠军 和 最佳 辩手 都 实至名归
1940701047,很久以前 就 看过 了 正方 确实 不好 辩 当时 的 自己 没看 就 知道 反方 赢 了 今晚 突发奇想 自己 是否 能辩 赢 当时 的 自己 呢 ? 视频 中 正方 揪住 万字 不放 其实 就是 本身 底气不足 认可 反方 观点 希望 能以 对 万字 的 定义 来 开脱 一些 无法解释 的 论点 这个 方法 是 错误 的 我 自己 的 观点 钱 是 两方 交易 的 媒介 在 古代 金银 就 作为 钱 流通 于 市场 古代 也 有 收粮 作为 税金 一切 有 价值 的 东西 都 可以 作为 钱 包括 尊严 包括 性 也 有 女性 在 付不起 房租 时 以性 作为 钱来付 房租 现在 也 有 收费 挨打 来 发泄 压力 的 人 为什么 性 可以 作为 钱来 使用 呢 ? 那 是因为 交易 双方 认可 的 所 需要 的 钱 收费 挨打 同理 一方 需要 发泄 欲望 一方 需要 钱 才 会 促进 这样 的 交易 的 产生 在 法院 判刑 时 也 会 用钱 来 赔偿 受害人 那么 恶 就是 没有 支付 相应 钱 的 交易 那么 第一个 问题 在 猿人 时期 饿 了 就 杀 同类 性起 就 qj 女性 这个 时候 夺去 了 同类 的 生命 来 果腹 强迫 女性 来 满足 自己 的 欲望 产生 了 利益 但是 并 没有 支付 钱 如果 割 下 同伴 的 肉 用来 果腹 自己 也 割 下 同样 的 肉 给 同班 果腹 那能 叫做 恶 吗 2 家暴 报仇 踢 了 一只 小猫 小狗 同样 这样 的 恶 没有 支付 相应 的 钱 得到 对方 同意 强硬 满足 了 自己 的 利益 3 恶 在于 贪 还是 在于 钱 贪吃 贪睡 不关 钱 的 事 贪吃 贪睡 满足 了 自己 的 欲望 却 没有 给 自己 支付 钱 如果 一个 人 工作 努力 赚够 自己 的 钱 把 剩余 的 时间 全用 在 吃 和 睡 上 是 恶 吗 ? 好吃懒做 才 是 恶 因为 自己 没有 时间 赚够 足够 的 钱 而是 把 时间 用 在 吃 和 睡 上 才 是 恶 这里 的 时间 才 是 钱 4 以恶 之源 结出 善之果 枪 在 歹徒 手里 就是 凶器 那么 在 jc 手里 呢 ? 用 枪杀无辜 的 人 是 恶用 枪杀 歹徒 就是 正义 那么 人 是不是 枪杀 的 呢 ? 同样 如果 我 扇 在座 各位 一 耳光 那么 我 就是 恶 如果 我 扇 在座 一巴掌 给 十个 亿怕 不是 在座 各位 都 要 叫 我 大好人 了 ? 扇 各位 的 时候 我 获得 了 心灵 的 愉快 没有 支付 钱 没 取得 你们 的 同意 就 扇 所以 是 恶 支付 远超 这 一 利益 行动 的 钱 就 可以 转恶 为 善 改变 事实 改变 伦理 是不是 也 证明 了 金钱 是 万恶之源 ? 最后 请 反方 四位 跪 着 回答 我 的 问题 如果 你们 同意 这 一万块 的 奖金 就是 买下 你们 尊严 的 恶 如果 你们 不 同意 我 强制 同意 这种 恶 是不是 也 是因为 我 没有 支付 足够 买下 你们 尊严 的 钱 什么 ? 你 说 我 是 个 恶人 ? 这 不 也 是 这场 辩论赛 的 钱 是 源头 嘛 最后 有辩 必回 欢迎 来辩
1939114926,这 正方 好 吃亏 啊
1926840749,资本主义 和 共产主义 哪个 是 对 的
1924199257,终 是 欲望
1922352849,有些 人 真的 是 奇怪 拿性 举例 辩论 怎么 了 ? 您 是 在 古代 吗 我 看 人家 也 没什么 描述 吧 您 居然 能 联想 ? 还 说 那种 话 ? 你 身体 起 了 反应 没人 想 知道
1917152871,都 是 什么 脑力 水平 听得懂 中文 不 代表 跟得上 逻辑 中场 开始 我 就 几乎 已经 乱 了 谁 说 的 都 有 道理 我 已 失去 了 主观 判断 了 这 比赛 裁判 也 太累 了
1915649625,反方 优势 太大 了 钱 终究 是 其次 贪才 是 终点
1915009502,b 站 的 键盘 侠 组队 去 辩论 怎么样 你们 这么 厉害 的 嘛
1911348309,正方 太难 了 万恶之源 这个 词 出自 圣经 意思 就是 一切 罪恶 的 源头 圣经 写道 最高 天使 长 因为 骄傲 而 背叛 了 上帝 被 逐出 天堂 后 使 罪恶 进入 了 人间 人间 就 有 了 种种 疾病 和 灾难 所以 说 骄傲 是 万恶之源 那么 正方 需要 论证 的 不是 金钱 是 一切 罪恶 的 原因 而是 金钱 是 一切 罪恶 的 源头 这 根本 不 可能 本来 是 万恶之源 这种 话 就是 夸张 的 说法 怎么 经得起 推敲 所以 正方 不仅 需要 化源 为 因 而且 要化 万为 多 才 有 可能 立得 住 脚 而 反方 有 天然 优势 只要 针对 正方 的 两个 弱点 攻击 就 致命 了
1909370990,考古
1902448078,我 觉得 马来亚 大学 的 选手 某种程度 上 被 塑料 普通话 拖累 了
1896383986,去 百度 了 一下 万恶之源 的 意思 是 一切 坏事 的 根源 所在 读音 万恶之源 这个 词引 自 圣经 意思 就是 一切 罪恶 的 源头 圣经 中 写道 最高 天使 长 因为 骄傲 而 背叛 了 上帝 被 逐出 天堂 后 使 罪恶 进入 了 世界 人间 就 有 了 的 生老病死 等 疾病 和 灾难 世间 便 出现 了 死亡 所以 万恶之源 是 骄傲 正方 说 的 万 不是 一切 的 意思 看来 并 不 成立
1893275018,其实 我 觉得 是 懒 我 是 为了 以后 能 懒 才 挣钱 的
1889892012,看 完 只有 一个 感觉 累
1888419487,2 倍速 才 是 万恶之源
1883997667,总结 对方 论点 关系 词性
1882492737,这才 叫 交锋 啊
1880121692,19817 前来 考古
1877200296,听 他们 说 的 每 一句 话 都 是 享受
1876128622,我 真是 一个 墙头草
1875830104,我 竟然 看 完 了
1875045233,万恶之源 有 很 多种 钱 只是 其中 一种 钱 是 万恶之源 而 万恶之源 不 只是 钱
1874294307,正方 论点 不算 劣势 大 可以 围绕 金钱 对 人 的 异化 和 万字 这个 关键点 做文章
1873703236,评判 团 专业 啊 ~ 全员 头 秃 ( )
1872989114,你们 怎么 都 被 那句 万善 之源 绕 进去 了 作恶 的 原因 是 谋财 行善 的 原因 是 谋财 吗 驱动 行为 的 原因 都 不 一样 根本 不能 说 金钱 是 万善 之源
1872453286,现在 没有 这个 节目 了 好 可惜
1862278938,弹幕 说 主持人 的 口音 搞 得 我 都 没 办法 专心 看 比赛 了 ... 各种 熊二 233333
1858669223,双方 都 在 诡辩 > < 万恶之源 是 欲望 啊
1873556734,对 的 欲望 才 是 万恶之源 钱 只 占 欲望 一部分 这次 辩题 反方 有利
1856357617,中国 人 含蓄 啊 而且 还有 个 妹纸 反方 一直 说 黄暴 方面 妹纸 都 不好 回答
1855920826,我 支持 反方
1853124956,关 弹幕 保 智商
1852875065,在 道德 上 钱 是 万恶之源 在 法律 上 钱 不是 万恶之源 吧
1873559212,欲望 才 是 万恶之源 钱 只 占 欲望 一部分 这次 辩题 反方 有利
1852834946,我 感觉 我 大脑 退化 了
1850615566,哈哈哈 哈哈 嗝
1841481361,辩论 真的 很 精彩 我 看 地 很 入迷 但是 在 观看 的 过程 中 我 发现 有些 弹幕 一直 说 这个 辩题 对 哪 一方 不利 之类 的话 我 觉得 这种 话 是 对 胜利者 的 不 尊重 也 是 对 评审团 和 命题 方 的 不 尊重 出题 的 人 肯定 是 经过 了 深思熟虑 的 不会 偏向 哪 一方 也 不会 出太 没有 难度 的 辩题 这 毕竟 已经 是 决赛 了 而且 作为 一个 辩手 能 把 不利 的 辩题 辩出 有力 的 局面 把 人们 的 三观 不断 地 推翻 再 不断 地 重建 这才 是 真正 的 牛 最后 谢谢 up 主能 让 我们 看到 这个 精彩 的 视频
1839972996,这 人 怎么 老是 搞 黄色
1839487294,9012 前来 考古
1837576893,我 总 觉得 是因为 贪
1835903044,正片 k 空降 4.34
1835735775,7777 硬币 有点 不 舍得 打破
1835621085,19 年来 考古
1834453923,我 是 墙头草 我 爱 两边倒
1833072030,我 觉得 正方 普通话 好 一点
1832613243,看着 看着 我 就 不 知道 谁 是 正方 谁 是 反方 了 ( ) ! ?
1867506178,有个 牌子 写 着 正方 反方 的
1832316720,如果 正方 用源会 不会 不 一样 的 辩论 我 觉得 钱 是 中立 的
1832078139,刚 开始 马来亚 车速 太快 我 晕 了 根本 没 听 进去 他们 的 辩论 感觉 武大 必胜 了
1831879071,我 想 说 他们 新加坡 选手 说 得 弓 虽女 干 还 不是 因为 没钱 票常 才干 的 嘛 还 不是 因为 钱
1831495482,我 想 听 他们 辩下 鸡 和 蛋
1831271455,5 年 后 的 我 来 观看
1830837028,我 宛如 墙头草 一样 看 神仙 打架 真 怕 他们 一不小心 打 起来 真得 太 厉害
1830268173,我 想 知道 在 辩论赛 中 口齿不清 会 不会 有 影响 呢 ( )
1830304902,似乎 没有 吧
1885627787,影响 你 的 发言 速度 和 气势 以及 评委 对 你 的 态度
1830158987,太精彩 了 吧 看 得 热血沸腾 的
1830021922,觉得 这个 园丁 说 的 最好
1865630685,白鼠 过来 的
1829176316,国际 大专 是 什么 大专
1830310015,不是 大学生 专场 吗
1827741728,这才 是 真正 的 扛 精 啊 比 那些 只会 在 键盘 上当 英雄 强 的 不知 多少倍 了
1825908835,啊 什么 我 还 迷迷糊糊 的 就 完 啦 那 恭喜 b 站 键盘 队 了
1805150105,其实 我 觉得 放 双声道 会 好 一点
1799132959,不行 了 看到 一半 出来 缓缓 这比 看 相声 都 有意思
1796910352,考古 打卡
1790871090,主席 是 摸 仙堡 来 的
1789592827,我 既 没 文采 又 没 口才 对于 这些 神人 实在 佩服 从现在起 多 看 几本书
1788627078,行善 是 为了 创造 更 多 钱 人民 是 基石 没有 基石 就 创造 不 出钱 如果 不用 福利 机构 就 可以 让 人民 毫无 怨言 的 无限 创造财富 那 相信 资本家 也 不会 花钱 去 搞 什么 福利 机构
1786564503,一切 要 从 袁隆平 说起
1785148506,b 站 弹幕 都 是 国家一级 辩手 个个 顶尖 高校 毕业生 上 知 天文 下知 地理 古今中外 无所不知
1784545590,封面 的 彪 哥 还是 挺帅 的
1783364034,若果 不 局限于 汉语 可能 会 更 精彩
1781315575,弹幕 是不是 学了 偷换概念 就 只 知道 偷换概念
1779149546,只有 我 一直 在 关注 提醒 铃声 吗 这 简直 就是 区别对待 提醒 正方 武汉大学 的 时候 那个 铃声 就是 哔 的 一声 难听 提醒 反方 的 时候 就是 很 好听 的 叮铃铃
1780015341,额 哔 是 一方 发言 时间 结束 的 声音 叮铃铃 是 一个 环节 结束 时 的 声音
1902360941,回复 : 谢谢 我 和 我妹 听 得 一脸 懵
1778650155,有 知识 的 男人 真 性感
1775352834,我 要是 主办方 我 就 判 正方 赢 这样 奖金 也 不用 发了
1767573309,神仙 吵架 呀 太 好看 了 太精彩 了
1763977179,世间 道理 千千万 这种 有 命题 的 辩论 是 没有止境 的
1763980584,万钱 怎么 都 抓 着 这 两个 字 不放 源源 头 人 创造 了 钱 地球 孕育 了 生命 人祸 祸 地球 钱祸 祸人 什么 创造 了 地球 呢 创造 了 创造 地球 的 又 是 什么 呢 万恶之源 现在 还要 探索
1763430382,这个 题目 感觉 并 不 公平 吧 什么 是 万恶之源 什么 东西 也 不能 单一 的 说 成 是 万恶之源 啊
1761541052,我 也 想 拥有 这种 口才 但 我 语言 组织 能力 太过 差 了
1760482355,看 辩论 不能 有 立场
1760165823,真的 很 佩服 他们 的 口才 并且 思维 灵敏
1760115126,只是 为了 辩论 而 辩论
1759853614,主持人 是 河南人 吧 ...
1757404945,来自 2019 我 是 支持 反方 了 钱 有没有 做 什么 事 让 人家 心里 也 委屈 屈 的 视频 里 的 一些 贩毒 战争 等 的确 是 以 钱 为 目的 但 还是 贪欲 所致 如 贩毒 毒贩子 把 毒品 卖 给 吸毒者 为了 赚钱 那 不是 心中 对 钱 的 巨大 贪欲 所致 吗 为什么 对 钱 有 欲望 因为 钱 可以 满足 物质 也就是说 钱 是 无罪 的 有罪 的 是 人 的 欲 加上 引号 是因为 不是 指 全面 地欲 因为 吃喝拉撒 也 是 欲 呼吸 也 是 欲 求知 也 是 欲 做 一个 假设 现在 世界 上 的 人类 全部 消失 这样 就 可以 使 所有 的 欲 消失 然后 把 地上 铺满 钱 可以 告诉 我会 有 什么 恶 吗 这时 你 让 人类 再 回来 大家 绝对 是 抢 地上 的 钱 这 暂时 还 没有 恶 的 产生 但 过 一会 绝对 会 有人 为了 钱 大打出手 这 还是 因为 对 钱 的 欲 即 对 物质 生活 的 欲 所有人 都 在 捡钱 却 只有 部分 人 产生 了 恶 那么 既然 钱 是 一样 的 造成 这 不同 的 不同 就是 在于 人 了 有人 可以 压制住 欲 而 有人 不能 孟子 说 人性本善 但 也 不是 全善 只是 善比恶 多一点 而已 因为 世界 更 多 需要 的 是 善 所以 钱 不是 万恶之源 欲 才 是 再说 的 严重 一点 人 就是 万恶之源
1831103733,太 支持 你 了 如果 钱 是 万恶之源 那 你 把 一万 奖金 给 我
1757393674,一到 反方 就 刷 问号 我服 了
1754150752,弹幕 大佬 上去 辩论 的话 一定 是 冠军
1752929236,"2019 , 7 , 10"
1750577575,正方 的 答辩 的 文采 和 流畅 度 真的 可以 把 人 镇住 啊 真的 是 在 表现 气势 和 自信 上 比 反方 要 好 反方 逻辑 真的 十分 强大 例子 也 很 通俗 又 不仅仅 是 罗列
1750148422,妈呀 我 第一次 看 这个 还 看 完 了 完完整整 的 看 完 了
1748940600,看见 没有 上 个 大专 也 能 上 电视
1803891017,大专 是 大学生 专业 并 不是 你 想 的 那个 意思
1747656462,正方 四分钟 时 被 拉入 被动 一直 被 提问 难受 的 很
1747346454,建议 屏蔽 诡
1744943136,看 这个 视频 你 可以 做 一个 实验 你 先开 360p 再开 1080p 你 可以 对比 一下 画质 是 一模一样 的
1744949625,只不过 唯一 不同 的 就是 1080p 是 更加 清晰 的 模糊不清
1744197264,马来西亚 黄暴毒 选手 ( 汗 ) ( = = )
1743843156,个人 拙见 正方 一辩 由 三 方面 立题 1 金钱 在 众多 使 人性 由 善变 恶 的 诱惑 中 的 独特性 2 金钱 的 效力 3 由前 两点 所 导致 的 人 与 金钱 关系 的 异化 个人 认为 是不是 先说 第二点 比较 好
1743784519,他们 说 的 都 超棒 两边 都 很 喜欢 墙头草 说 的 就是 我 了 ( ) ~ *
1742486126,看 了 弹幕 有 一种 全国 最佳 辩手 评委 都 在 b 站 的 错觉
1741019707,一 阴一阳 之为 道
1740469313,场上 大佬 人均 脑子 转速 80000
1738120438,正方 很 吃亏 的 好不好 但 他们 的 表现 已经 很 不错 了
1736510396,"gan , 高手 啊"
1734818249,我 觉得 反方 好像 说 得 更 有 道理 但是 正方 做 得 更好
1734639430,原来 美国 校园 枪击案 那么 久 之前 就 有 了 阿
1732674812,牛 逼 了 牛 逼 了 真的 太 他 妈 强悍 了
1732654943,通过 这个 视频 我 不光 看到 了 国际 大专 辩论会 还 看到 了 网络 键盘 侠 辩论会
1732592985,谁 赢 谁 输 都 无所谓 毕竟 我们 知道 以 成败论 英雄 的 观点 是 不 可取 的
1732897508,傻子 吧
1732547081,在 家长 的 陪同 下 观看 更佳
1732479164,抱 有钱 是 万能 的 想法 的 人 是不是 有 猫 饼 ? ? ?
1732447147,我 就 纳闷 弹幕 里 哪来 的 一些 什么 都 不 懂 瞎 叭叭 的 小学生
1731935458,关 弹幕 保 智商
1731552008,不是 很 懂 有些 人 自己 可能 连 辩论赛 都 没 打过 结果 看 别人 高手 过招 还 以为 是 自己 厉害 让 他们 上场 说不定 连个 屁 都 放 不 出来 说不定 连 对方 辩友 说 了 什么 都 不 记得 连 别人 论点 是 什么 都 理解 不清 只会 见风使舵 打打 马后炮 要么 扯 别人 有 口音 要么 说 文理科 问题 各种 找 借口 真不知道 你们 在 这里 装 什么 好好看 没人 说 你 真 以为 自己 三个臭皮匠 顶个 诸葛亮
1731509102,太棒了
1731398299,辩论 是 给 杠 精看 的
1730937716,辩论赛 最 重要 的 还是 立论 立论 的 深度 决定 了 这个 队伍 的 攻击 和 防御 上限 这场 比赛 正方 还是 亏 在 立论 上 如果 我 是 正方 立论 点有 五 : 第一 万 不是 全部 第二 万恶之源 本身 没有 善恶 属性 第三 金钱 指 的 是 一般 等价物 第四 恶 的 产生 源自 平衡 的 凋亡 第五 一般 等价物 凸显 放大 了 这个 不 平衡 综上 金钱 是 万恶之源 这个 立论 的 杀手锏 或者说 关键点 就 在 四 和 五上 如果 抛出 了 四 那么 一 就 完全 不 重要 了 如果 反方 没有 想到 或者 有 针对 四 的 措施 正方 肯定 能 赢 关于 第四点 第五 点 我 稍微 说明 下 道德经 : 不尚贤 使民 不争 不 贵 难得 之货 使民不为 盗 不见 可欲 使 民心 不 乱 这段话 很能 说明 问题 欲望 是 本性 竞争 导致 的 不 平衡 使得 欲望 产生 了 罪恶 而 一般 等价物 作为 最 直接 的 竞争手段 自然 也 就 成 了 万恶之源 这 就是 正方 真正 隐藏 在 辩题 下 的 杀手锏 例如 反方 一再 提到 的 xx 案 就是 交配 权 的 竞争 反方 将 完全 无法 反驳 四 既然 无法 反驳 四 那么 只能 想方设法 反驳 五 这时候 局面 也 就 不会 在 反方 的 预测 之中 了
1743972507,如果 这样的话 反方 是不是 能 从源 的 意义 上来 破题 呢 如果 源 依照 汉语 词典 上 来源 来 解释 的话 依照 你 的 第三条 理论 点恶 的 产生 源自 平衡 的 凋亡 这 是不是 能 说明 平衡 的 凋亡 是 所有 恶 的 源 呢 而 金钱 相较 于 平衡 的 凋亡 是否 就 如同 直接 原因 相较 于 根本原因 呢 你 的 后 文说 竞争 不 平衡 使 欲望 产生 了 罪恶 与 上文 放在 一起 看 究竟 是 不 平衡 导致 了 恶 还是 欲望 导致 了 恶 呢 我 做 一个 猜测 你 的 意思 应该 类似 于 我 上面 所说 的 根本原因 和 直接 原因 的 关系 即 不 平衡 产生 恶 的 根本原因 而 人 的 欲望 只是 直接 原因 这样 看来 金钱 是 万恶之源 就 更加 不 对 了 先 不 说 我 的 猜测 继续 往下 看下 一句 话 而 一般 等价物 作为 最 直接 的 竞争手段 自然 也 就 成 了 万恶之源 我 有些 奇怪 刚刚 你 说 不 平衡 使 欲望 产生 了 罪恶 那么 金钱 作为 一种 使人 的 恶念 得到 实现 的 手段 是 怎么 代替 产生 恶 的 欲望 成为 恶 的 源 呢 这 一点 在 逻辑 上 说 不通 吧 而且 金钱 是否是 一种 手段 还 值得 商榷
105121005984,抱歉 我 现在 才 看到 这个 回复 但是 很 明显 你 落到 了 我 的 逻辑 陷阱 里 当然 这 也 是 你 有意 去 辩驳 这个 反方 应该 有 反方 的 论点 辩论 本身 就是 互相 猜测 对方 的 论点 谁 猜 到 的 越 多 谁 胜率 越大 我 的 4 和 5 论点 是 结合 去 打击 反方 的 你 已经 认同 了 平衡 的 凋亡 是 恶源 那么 我 只要 证明 金钱 是 会 放大 平衡 凋亡 就 可以 竞争手段 就是 这个 意思 注意 这里 我 不是 说 金钱 是 平衡 凋亡 的 原因 或者 起因 因为 不 平衡 的 原因 有 很多 所以 这里 强调 直接 作用 不 平衡 是 过程 金钱 是 起因 想要 平衡 是 动机 导致 恶是 结果 因此 金钱 是 万恶之源 这个 说法 就 可以 成立 而且 金钱 本身 没有 善恶 属性 可以 杜绝 很多 反方 的 论点 而 你 也 偷换 了 我 的 概念 金钱 不是 使人 的 恶念 实现 的 手段 而是 金钱 放大 了 不 平衡 所以 导致 了 恶念 这是 本质 不同 当然 反方 也 会 说 那么 到底 是 不 平衡 是 万恶之源 还是 金钱 是 万恶之源 我会 告诉 他们 1 . 我们 的 辩题 是 金钱 是不是 万恶之源 我 只要 证明 它 是 就 可以 我 不 需要 证明 它 是 唯一 第二 就 像 人类 的 起源 是 猩猩 那 你 能 说 人类 的 起源 是 进化 不 对 么 因此 金钱 是 万恶之源 是 对 的
1730297463,曾经 我 以为 自己 可以 说好 直到 第一次 辩论赛 说 的 太急 咬 到 自己 的 舌头 -.-
1730130970,我 被 武大 同学 的 阅历 折服 了 那个 年代 还 能 整理 出 这么 多 资料 哲学 历史 经济 方面 了解 那么 深入 这 或许 就是 我 与 名校 生 之间 的 差距 吧
1729282913,2017 年 最富 7 个人 拥有 的 财富 最穷 的 33 亿人 全部 财产
1728640789,正方 很 强词夺理 啊
1728160912,弹幕 上 一直 在 说 什么 你行 你 上 不行 别 bb 真上 了 你 一句 话 也 不敢 说 之类 的 其实 我 感觉 可以 自由 辩论 吧 热评 的 一位 兄弟 不 也 是 说 辩论 本身 结果 并 不 重要 重要 的 是 辩论 中 对 一些 真理 的 探究 当然 人身攻击 的 不算 虽然 我们 不如 大神 们 博学 但 也 可以 场下 分析 讨论 嘛 我 不是 很 喜欢 一 讨论 就 被 说 上 一大堆 的 感觉 起码 敢 说 的 比 那些 自愧不如 并且 还 阻止 别人 说 的 人 要 好 的 多
1728075765,这个 名题 不管 是 正方 还是 反方 都 有理 好 吧
1728021788,哇 辩论赛 这么 有意思 的 吗
1727780388,大专 是
1728751145,猜 也 能 猜出来 的 大学生 专业 呀
1729040249,回复 : 好 吧 ( = = )
1727169947,余磊 余磊 为什么 作为 一个 四辩 我 这么 喜欢 三辩
1726899740,人性本善 ..... 但是 这个 社会 的 影响 很大 啊 你 周围 一群 唯利是图 的 小人 你 不变 你 活不下去 你 周围 一群 暴力 之 人 长大 了 也 会 看 人 不 顺眼 ...... 人 生活 在 大 环境 里 总会 被 改变 的 ....
1731562948,我 觉得 性本论 都 是 错 的 人性 哪里 有 什么 善恶 老虎 吃 兔子 狼群 之间 争夺 领袖 而 打架 狗 咬 人 这些 都 是 恶 吗 这些 只是 自然 现象 杀生 争权 攻击 倾向 为什么 放到 人 身上 就 有 了 善恶 了 善恶 本质 上 只是 一种 观念 可以 说 世间 本 没有 善恶 善恶 都 是 由 人 赋予 的
1726786231,再 来 复习 一遍
1726684109,辩论 目的 只是 为了 赢 就 别 撕 了 吧
1726500231,干脆 把 题目 改为 搞 黄色 是 万恶之源 ( )
1725995037,收藏 比 点赞 多 六万
1725235644,我 艹 果然 是 没 专业性 的 烂 节目 拉 来 没有 理 与 实践 协行 的 垃圾 学生 这样 的 学校 所有 为 自己 的 理论 都 是 空谈 因为 他 没有 实现 过 而 这些 理论 看似 完美 但是 不 符合实际 所以 你 出 一个 实质性 的 钱 作为 问题 又 他 M 丫 的 让 那 空谈 理论 的 学生 来 吵 他们 除了 说空话 和 人身攻击 之外 还 能 搞 什么 所以 看到 我 这条 评论 的 你 以后 请 你 虚心 点 吧 吵 吵闹 的 样子 小学 的 时候 还 可能 尝试 一下 但是 都 这么 大 个人 了 不该 用 这种 最 低级 的 成长 方式 来 让 你 成长 多 听 多 看 多 实践 总比 你 说出 那些 看来 的 观点 要 现实 一些 对 了 我 和 院内 的 几位 教授 经过 严谨 的 谈话 一致 认为 用钱 来 做 辨题 纯粹 就是 拿 表面 的 东西 来 哗众取宠 弄个 收视率 挣个 钱 而已 这么 严谨 的 一个 辩题 我们 几位 教授 认为 应该 以权 来自 无为 深层次 有 意义 丶 可 扩展 人性 的 一个 辩题 因为 钱 的 终点 一定 是 人性 而 人心 分支 下来 的 行为 定义 又 太于 过于 繁多 所以 选择 一个 普通人 能够 稍稍 接受 的 辩题 权 因为 穷人 想 变 富人 就是 因为 权 嗯 穷 到 富 这个 过程 所 依赖 的 是 钱 而权 是 钱 的 最终目标 在 咱们 这个 社会 里 极 大多数 人 都 想要 变得 更 富有 或者 是 拥有 更 多 的 东西 所以 用 权 刚好 合适 当然 了 如果 是 想 真正 有 思想 的 哲学 问题 想要 知道 被 人 骂 或者 是 杀 父之仇 夺妻 之 恨 等等 个人 情绪 上 引发 的 心里 报复 及 纵欲 行为 到底 是 个 什么 东西 啊 这种 东西 能 不能 作为 命题 我们 的 答案 是 不能 因为 往 人性 继续 探索 下去 就 会 牵扯 胜利 跟 心里 的 双重 问题 而 这 两个 问题 都 跟 人 的 生命 基因 有关 可是 生命 基因 目前 在 科学 领域 内 还 没 办法 给出 一个 客观 的 解释 因为 目前 利用 所有 科学 科技 手段 没 办法 将 认识 到 的 人体 来 用 文字 视频 动态 信息 来 给 别人 解释 所以 我们 不能 在 没有 正确 的 填写 一下 说出 一大堆 没有 实践 证据 的话
1777638312,比 你 厉害
1885642804,我 寻思 你 装 逼 的 时候 为什么 你 的 语音 表达能力 和 语音 素质 配不上 你 给 自己 意淫 的 地位 ? 原来 和 院内 的 几个 教授 讨论 学术 问题 后 的 结论 不是 再 更 权威 的 平台 发表 而是 在 b 站 的 评论 区 发表 ? 你 意淫 的 时候 可以 把 你 的 收藏 和 你 的 投稿 都 隐藏 和 删除 吗 ?
1885643709,就 你 这种 表达能力 和 知名度 你 有 这些 学生 的 一半 厉害 ? 你 把 你 的 名字 报 出来 给 我 听听 我 完全 可以 谷歌 或者 百度 如果 没有 请 你 闭嘴 你 没有 评价 任何人 的 资格
1886542949,杠精
1725185329,其实 我 觉得 对于 有钱人 来讲 钱 不是 万恶之源 对于 没有 钱 的 人 来讲 钱 才 是 万恶之源 啊 唉 ......
1724548037,我 看 这 视频 辩 的 是 强奸 和 金钱 都 是 万恶之源
1724541960,18 年 我 参加 我们 大学 举行 的 辩论赛 在 半决赛 也 就 几百个 人同 院系 的 都 紧张 的 一批 思路 没 跟上 有点 跑 偏 了 没 发挥 好 所以 很 佩服 这群 大神 辩论 思路清晰 有理有据 基本功 真的 扎实 辩论 反驳 的 时候 真的 精彩 ( / / / / )
1722885888,什么 都 不 懂 的 我 作为 观众 来说 辩论 带给 我 的 启迪 是 : 要 能 从 反面 看 问题 更 开阔 全面 有时 我们 辩 的 不是 带有 真理性 的 议题 而是 确有 好坏 站 在 自己 原本 并 不 认可 的 角度 去 思索 有时 可 规避 可 警醒 比如 我 虽 赞同 钱 不是 万恶之源 但 正方 的 辩论 让 我 更 明白 我 其实 没有 我 想象 的 那么 坚定 有 良知 祛 恶念 我 一定 要 时常 告诉 自己 钱 是 万恶之源 这样 我 才能 更 警惕 恶 才能 不让 自己 麻痹 不 迷失 唔
1722739047,我 觉得 反方 的 例子 大部分 都 好 让 人 无语
1722133319,风格 是 很 分明 啊
1722096202,辩论赛 真的 好看 太 激烈 了 自己 只能 跟着 跑 想不到 啊
1722065141,快 二十年 了
1721993751,看 了 一下 感觉 正方 的确 是 在 偷换概念 万恶 不是 全部 的 恶 感觉 是 强行 跑题 不过 也 没 办法 反方 把 特例 举 出来 正方 基本 解决不了 了 只能 看看 能 不能 转移 一下 辩论 方向 了
1721615024,就 你们 这群 野鸡 中学 大学 屁民 还 想 评价 这 辩论会 想学 的 学不学 的 乐呵乐 呵 得 了
1721385502,我 听 完 正方 对 对 就是 这么 个理 我 听 完 反方 对 对 对 我 也 这样 感觉 再 听 完 正方 真的 是 这样 再 听 完 反方 他 说得对
1721185654,性侵 是因为 买不起 还是 因为 没 钱 这 弹幕 笑死 我 了
1721139328,看 他们 说了半天 万恶之源 现在 一看 他们 都 成 万恶之源 了 ( )
1720713050,2001 年 一万块 钱 相当于 现在 十万左右 ( ) ! ? ( ) ! ?
1720165345,神仙 吵架
1719978066,接受 的 文化 不 一样 国内 谈性 色变 国外 大部分 发达国家 要 不 我们 更 开放
1719652926,钱 可以 是 善 的 载体 也 可以 是 恶 的 载体 就 想 工具 一样 要 看看 怎么 使用
1719160567,建议 关闭 弹幕 食用 有 很多 哈皮
1719039545,我 挺 佩服 正方 四辩 的 如果 不 点 出来 的话 我 觉得 反方 更 有理 可惜 晚 了 ( | | ) <
1718841963,两边 都 不是 同一个 系 的 辩个 屁 呀
1718732281,弹幕 大部分 没上 到 大学 吧 辩论 这种 东西 每个 大学 都 会 搞 啊 有些 弹幕 说 的 问题 太 幼稚 了 明显 没 了解 过 辩论
1718691757,我 是 一个 只会 喊 666 的 鸡
1718553513,这场 不是 最 好看 的 啊 攻辩 不是 很 精彩 虽然 很 牛 逼 就是 了
1718508067,还 没 看 辩论 这个 辩论 感觉 钱 不是 万恶之源 这方 必定 胜出 啊 时代背景 是 资本主义 阵营 战胜 共产主义 阵营 刚 十年 不论是 外国 的 还是 本国 的 裁判 这时候 把 钱 是 万恶之源 观点 承认 这 不是 自打 自脸 么
1718315495,我 这个 该死 的 墙头草
1718129859,双指 双击 屏幕 关闭 弹幕 完美 ~
1717673819,其实 这个 问题 是 对 正方 完全 有利 的 因为 钱 肯定 不是 万恶之源 反方 根本 就 没有 证据 去 支持 他们 的 观点 只能靠 历史 事件 和 片面 认知 去 强拉硬 拽 所以 一到 正方 先前 的 说 有 辩词 一下子 就 被 推到 了 我们 班主任 兼 语文 老师 说 好像 是因为 正方 是从 很远 的 地方 来 的 有 照顾 一下 ( ; )
1718029917,我 觉得 这种 明显 对 一方 有利 的 题目 本 就 不该 设立 钱 只是 一张 纸 善恶 在于 人
1723322496,反 方才 是 钱 不是 万恶 只源 ( | | )
1724179018,我 看 错 了 抱歉
1717402670,辩论 的 都 是 驳论
1716677080,如果 现在 我 评论 了 会 不会 有人 回 我 呢
1717792119,不会 呢 亲 3
1724209641,回复 : ( )
1716309039,每 一个 大一 新生 都 应该 看 的 视频 大学 不是 混日子 也 不是 为了 以后 的 高官厚禄 是 一个 升华 的 过程 人 的 一生 有 两个 很 重要 的 转折点 一个 是 大学 一个 是 结婚 生子 辩论 是 不分 对错 的 重点 在于 切入 立题 语音 组织 及 表达能力 可以 加分 但 不是 重点
1715727604,辩论赛 咸鱼 前来 还愿 哎 前辈 们 的 实力 是 我 等 远远 不及 的 阿
1715120548,弹幕 屏蔽 开 到 八级 一切 清净
1714896129,十一年 前 的 辩论赛 竟然 如此 精彩
1714678913,弹幕 一群 云 辩论 家牛 逼 顺便 正反方 都 很 厉害
1717796537,什么 云 辩论 你 可 知道 b 站 全是 北大清华 文学 毕业 才子 ( )
1713857227,弹幕 怎么 那么 多 恶臭 呢
1713671181,弹幕 里 说 输 了 的 好 有意思 啊 这场 辩论 都 知道 谁 赢 谁 输 用得着 你 指点 吗
1713557650,你们 这 不是 辩论 这是 相声
1713362192,杠精 圣经 滑稽 保头
1713218722,抬杠
1713184753,我 觉得 吧 要是 辩论 钱 是不是 恶 的话 那么 就 很 公平 了 毕竟 万恶之源 的 本质 还是 贪婪 吧
1713187852,历史 是 由 成功者 撰写 的 让 失败者 留在 记录 里 也 是 成功者 胸怀
1713149187,白鼠 那边 过来 的 点个 赞 统计 一下
1713139314,我 还 没 看 视频 我试 着 阐述 下 我 的 观点 哈 反方 我会 说 钱 的 产生 首先 是 以物 易物 然后 用 贝类 代替 这是 社会 发展 到 文明 阶段 的 演化 钱 是 平等 的 不是 万恶之源 金钱 主义 本质 上 是 人 的 贪念 一个 贝壳 可以 换 的 东西 只有 那么 多 社会 最 开始 是 公平 的 让 其 偏离 本质 的 还是 人 划分 了 阶级 让 它 变成 了 万恶之源
1713081375,当时 的 节目 都 比 现在 的 好多 了
1713029893,很多 人 觉得 反方 有利 但 实际 参加 过 辩论 的 朋友 都 知道 这 命题 往往 正方 有利 因为 反方 观点 往往 必须 经浅入 深 难以 很快 提出 较为 特殊 的 论据 而 正方 则 可以 有 更 多 出险 着 的 机会 更 容易 从 大家 平时 思考 的 盲区 打动 观众 也 能 打 反方 一个 措手不及
1713027966,真的 经典 啊
1712808504,简直 了 弹幕 里 难道 都 是 世界级 辩手 吗 我 的 天 啊
1712749479,马来亚 那个 三辩 老 是 qj 不 qj 的 有点 暴露 本性 了
1712497993,哲学 观点 和 经济学 法学 知识
1712215658,几个 月 前 有人 去 微博看 了 吗 有人 给 当面 的 他们 发了 一张 图 甲骨文 的 那种 说 辩论 员 的 员 的 下 半 部分 原本 不是 贝 而是 别的
1712024720,反方 三辩 说 的 和 我 想 的 一模一样 上次 去 银行 面试 对面 全是 研究生 海龟 上来 也 是 一样 的 开口 就是 古罗马 古希腊 古 拜占庭 的 直接 给整 懵 了
1711923206,我 人马 云人 所以 我马云
1711744557,太棒了 ( )
1711711918,说来说去 只争 一个 万字 emmm
1711589797,最后 开始 辩论 性善论 还是 性恶论 了
1711536790,精彩
1711510367,这是 大专
1710843161,还是 这种 好看 键盘 侠杠 精 扯皮 撕 逼 简直 看 得 反胃
1710818261,伊丽莎白 鼠
1710755388,不管 钱 是不是 万恶之源 我 只 知道 我 缺钱 害
1710636022,尼玛 我 真的 是 来 B 站 学习 的
1710592296,钱 是 万恶之源 万恶之源 并 不全是 钱 万恶之源 不 等于 恶 站住脚 守住 观点 正方 可能 能 赢
1710352634,说 钱 为什么 就 开始 强奸 了
1710294989,献上 我 的 膝盖
1710263256,现在 的 b 站 是 孤儿 所 吗 这么 多 没 素质 的话
1710147697,论题 本来 反方 就 有 优势 啊 钱 不是 万恶之源 人性 的 贪婪 才 是 万恶之源
1709757740,莫钱 说 个 屁 有钱 还有 那么 多 屁话
1709374968,怎么 这么 多人 完全 不 了解 辩论赛 呀 辩论 和 辩论赛 也 不能 一概而论 的 辩论赛 中 各种 逻辑 谬误 是 可以 的 有利于 观点 阐述 和 思辨 能力 展示 本来 辩论赛 大多 归于 定义 和 范围 问题 不 换 概念 没得 辩 了 直接 一句 你 我 标准 不 一样 不 就 完 了 就是 要 坚持 己方 的 定义 尽可能 地破 对方 定义 和 论点 啦
1709379195,也 不能 说 是 逻辑 谬误 就 诡辩 技巧 是 允许 的
1709265252,当初 初二 的 时候 我们 县 的 几个 学校 组织 了 一场 辩论赛 正方 是 学海无涯 苦作舟 反方 是 学海无涯 巧作舟 我 属于 反方 四辩 当时 由于 对方 表现 的 饭 太 没有 礼貌 被 评委 刷 了 下去 我们 就 很 幸运 的 进入 了 决赛 然后 抽签 的 时候 很 不幸 抽到 了 第一场 坐在 台上 的 时候 感觉 自己 都 懵 了 而且 还有 高中 的 在 台下 辩论 的 时候 就 纯属 背 稿子 被 正方 碾压 感觉 他们 说 的 都 好 对 最后 下来 手抖 脚 软脸 抽筋 对 辩论赛 都 有 阴影 了 现在 一看 这个 视频 感觉 他们 实在 是 太 优秀 了 那种 发自内心 的 自信 游刃有余 的 寻找 对方 的 漏洞 来 反驳 对方 的 观点 实在 是 让 人 忍不住 为 他们 打call
1709260774,论题 正 不 正确 不 重要 重要 的 是 辩 赢
1709220269,高手 过招 看不透
1709085652,我 的 观点 吧 不 喜 勿 喷 正方 观点 是 钱 是 万恶之源 那么 就 从 定义 上 说 钱 是 大多数 罪恶 的 源泉 万是 大多数 源 是 大多数 罪恶 的 源泉 不是 所有 罪恶 的 源泉 那么 现在 立场 清楚 论证 这个 观点 很 容易 接下来 考虑 反方 立场 钱 不是 大多数 罪恶 都 源泉 就 就 点 我 就 觉得 正方 有利 了 奈何 ....... 正方 就 坚守 自己 定义 找出 反方 不 成立 理论 之 处 抓住 关键点 反击 这点 是 很 困难 的 至于 更 多点 原谅 我 看不出来 哈哈哈哈 哈哈哈 哈哈哈 ( ) hiahiahia
1709045456,我 觉得 还是 正方 讲得 比较 好
1708998591,这种 视频 先 关闭 弹幕 垃圾 太多 了
1708965301,如果说 因为 别人 上台 做 的 没有 他们 好 所以 就 证明 这样 的 辩论赛 有 意义 的话 那 干脆 让 所有人 闭嘴 就 好 了 因为 我恰 不到 烂 钱 就 能 证明 恰烂 钱 是 合理 的 这种 才 叫 逻辑 而 不是 只 为了 辩倒 对方 的 语言 游戏
1708901888,非 要说 辩论 就是 各种 偷换概念 那 我 真是 没话说 你们 开心 就 好 如果 随意 偷换概念 都 不算 诡辩 那 辩论 真是 没有 任何 意思 你们 喜欢 就 好人家 正经 学 逻辑学 的 估计 不敢 说话 毕竟 如果 可以 随意 偷换概念 的话 逻辑学 了 又 有 什么 用
1709687000,正方 如果 不 使用 诡辩 技巧 辨 不了 妥妥 输 当然 诡辩 也 是 辩论 要 用到 的 技巧 对于 这种 辩题 正方 不用 真的 亏 还有 辩论 仅仅 看 逻辑 的话 我 劝 你 别 看 了
1708883374,不 适合 看 辩论 不 喜欢 不管 一切 只 为了 辩倒 对方 确实 没意思 学 这个 还 不如 去学 逻辑学 如果 这样 叫做 逻辑 那 我 真是 没话说
1708780841,好多 人 再说 老外 的 汉语 讲 的 比 很多 老师 都 好 我 想 这 可能 就是 跪 舔 吧 众所周知 很多 老师 可能 是 农村 的 从小 讲 方言 时间 长 了 再 加上 环境 所致 普通话 讲 的 不好 也 是 可以 理解 再说 我们 从小 学习 英语 很多 人 也 会 标准 的 英式 发音 或者 美式 发音 很多 英国 美国 人 不 也 都 有 浓重 的 地方 口音 吗 站 起来 吧 别 跪 了
1708717009,看着 有些 弹幕 真的 是 降 智商 别的 不 说 就 问 你 一个 问题 对于 这个 论题 你 的 观点 是 什么 如果 你 的 观点 是 钱 是 万恶之源 那 请 你 以 钱 不是 万恶之源 作 一段 简短 的 陈述 如果 你 的 观点 是 钱 不是 万恶之源 那 请 你 以 钱 是 万恶之源 作 一段 简短 的 陈述 如果 这点 要求 你 都 做 不到 就 不要 指点江山 了
1708672547,每次 看到 辩论赛 都 有人 说 什么 跑题 了 偷换概念 这是 诡辩 我 个人 认为 辩论赛 题目 本来 都 会 对 一方 不利 如果 不 利用 一些 技巧 如何 去 获胜 还有 辩论 双方 本来 都 有 不 一样 的 观点 所有人 的 观点 都 和 你 一样 了 那 还 去 辩论 什么 呀 正方 内心 的 观点 难道 真的 认为 钱 是 万恶之源 吗 不 双方 都 只是 在 辩论 比赛 而已 所以 不要 把 个人 情绪 和 观点 带入 辩论赛 中 我 觉得 辩论赛 重点 不是 在于 论点 本身 而是 双方 如何 用 自己 提出 的 论据 去 获得 观众 和 评委 的 认可
1708646594,神仙 打架 凡人 退避
1708416171,其实 我 看 的 时候 在 想 钱 很 显然 不是 万恶之源 的 但是 这种 辩论赛 关注度 那么 高 要是 正方 赢 了 不会 误导 很多 人 坚信 钱 是 万恶之源 吗 而且 还 有理有据
1708372500,弹幕 是 真的 敏感 你们 一群 人 上去 估计 能 被 说 懵
1708271355,辩论 bin ln ) 彼此 用 一定 的 理由 来 说明 自己 对 事物 或 问题 的 见解 揭露 对方 的 矛盾 以便 最后 得到 正确 的 认识 或 共同 的 意见 出自 现代汉语 词典
1708272363,所以 说 弹幕 撕 逼 也 无所谓 啦
1708272834,虽然 我 也 很烦
1707834769,诸葛 舌战群儒 现场
1707828119,我 觉得 武汉大学 的 人 其实 更牛 逼些 论 观点 来说 我 是 支持 反方 的 观点 的 但 武汉大学 却 能 以 占 劣势 的 观点 与 马来亚 大学 不分上下 然后 我 真的 很 自豪 可能 是 自己 有种 崇洋媚外 的 倾向 虽 生于 武汉 却 从来 没有 敬仰 过 武汉大学 还 把 外地 的 大学 当爹 这 一次 看 完 辩论赛 就 把 我 脸 打 的 啪啪 响 让 我 发现自己 的 卑微 自己 跟本 没 资格 有 那样 的 想法 若 我 考 武汉大学 我 还 远远不够 格 虽 自感 卑微 但 更 多 的 是 对 做 武汉 人 的 自豪
1707750110,双方 对于 贪 的 辩论 反方 要 比 正方 好 而且 反方 对于 钱 的 定义 与 正方 不同 反方 会 有 道德 绑架 而且 正方 的 辩点 在 文化 发展 上 很 难 战胜 对手 辩论 没有 胜负 正方 水平 真的 很 好 特别 是 3 4 辨 反方 的 3 辨 也 特别 nb 双方 辩论 的 方法 也 不 太 一样 超 小声 bb 我 不会 辩论
1707678182,口才 是 真的 好 是
1707569927,辩论 本身 就 不是 看 立场 辩 输赢 什么 的 不然 根本 就 没有 存在 的 意义 是 一个 知识 积累 临场 反应 语言表达 逻辑 整理 等 整合 为 一体 的 活动
1707266141,我 小时候 一直 疑惑 着 为什么 要 有钱 这种 东西 我 的 母亲 因为 没 钱 没有 读完 书 我 父亲 没有 钱 小时候 看 不了 病 现在 体质 很差 我 表哥 没有 钱 没有 去 读 大学
1707251328,怎么 说 呢 很多 人 在 抒发 自己 的 想法 不是 说 不 可以 这是 一个 公共 平台 你 想 抒发 你 想 评价 当然 可以 但是 不要 抬高自己 的 时候 贬低 别人 或者 口吐 芬芳 还是 那句话 这是 一个 公共 平台 我们 在 讲述 自己 的 想法 的 时候 请 先 让 自己 有 一个 良好 姿态
1707184831,哈哈哈 伊丽莎白 鼠 过来 的
1707125540,我 看 懂 了 正反 双方 根本 不是 在 论证 一个 论题 他们 所 理解 的 万恶之源 是 不 一样 的 两个 概念 感觉 是 一场 非常 失败 的 辩论会 啊
1707113519,弹幕 都 说 是因为 正方 抽 的 辩题 不好 那 要是 正反两方 辩论 一场 之后 辩题 互换 呢 ( 会 累死 )
1707060556,正当 三辩 好 搞笑 哈哈哈哈 哈哈哈哈 哈哈哈
1706964566,"万恶之源 这个 词 主要 是 引自 圣经 , 意思 就是 一切 罪恶 的 源头 感觉 正方 一 开始 就 输 了 一切 的话 还 辩个 毛 被 吃 的 死死的"
1706637064,留名
1706439543,emmmmm 我们 大学 宿舍 经常 会 不知 怎么 的 就 自动 开展 一次 辩论会
1706296584,这个 学校 放过 真的 强
1706255182,看 完 之后 我 的 总结 正方 巨额 金钱 可以 诱导 人们 去 做 坏事 可以 使人 家破人亡 妻离子散 还 可以 使人 抛弃 道德 只 为 金钱 所以 钱 是 万恶之源 反方 金钱 不是 万恶之源 如果 诱导 人们 做 坏事 就是 万恶之源 的话 那 女人 的 美貌 也 是 万恶之源 了 金钱 为什么 能 使 人 做 坏事 呢 是因为 人 的 贪婪 所以 人 的 贪婪 才 是 万恶之源 金钱 也 可以 帮助 别人 使人变 好 金钱 不是 万恶之源
1706199381,现在 这种 辩论会 还会 有 电视直播 吗
1706114042,万恶之源 源 是 指 汇聚 成 河流 的 源头 河流 的 水 不止 源头 水 还有 雨水 地下水 金钱 所 造成 的 恶 最 严重 世界 多少 人 穷困 饥饿 缺钱 病死 豆腐渣工程 以次充好 用 化学 禁药 过期 食品药品 而且 有人 就 金钱 所 产生 的 恶 切实 无处不在 有点 常识 的 都 知道 比如 黑心 的 开发商 炒房 的 网贷 裸贷 高利贷 黑恶势力 不 都 是 和 反方 所指 出来 的 恶 一比 哪个 造成 的 社会 危害 更大 而且 反方 所说 的 都 有 法律 能管 讹 钱 的 老太太 敢 扶 吗 金钱 所 带来 的 恶 最 难管 万恶之源 是 说 金钱 能 产生 恶而 不是 只 产生 恶 还有 好 的 一面 不 知道 有没有 人 看到 看 完 我 支持 正方
1706023870,我 同意 正方 观点 钱 是 万恶之源 头钱 本身 不是 恶 但 因为 它会 生出 许多 恶
1705999606,所有 东西 都 有 两面性 吧 存在 就 会 有 的 那种
1705943265,哈哈哈 全程 我 : 哦 他 说 的 好 有 道理 诶 他们 说 的 好像 也 挺 对 啊 最后 我 是 谁 我 在 哪 我 看 了 啥
1705925540,正方 表达 的 好 观点 劣势 没 办法
1705826969,辩题 永远都是 模棱两可 的 不 可能 偏向 任何一方 辩论赛 的 胜负 不是 谁 的 辩题 赢 了 而是 技巧性 不 可能 有 正确 答案 如果 有 的话 只用 判断 真伪 辩题 就 好 了 偷换概念 和 诡辩 是 技巧 求求 各位 辩论赛 冠军 消停 一会儿 吧 不要 那 你们 的 兴趣 来 挑战 人家 吃饭 的 本事
1705725447,所以 说 还是 要 多 读书 肚子 里 有 墨水 你 才 有 更 多 的话 说
1705706365,现在 还有 这种 辩论赛 吗
1705625862,只有 我 一个 人想 看国 辩们 玩 高配 狼 人 杀 吗 老 刺激 了
1705507059,啦 啦 啦 啦
1705484366,个人 认为 钱 是 万恶之源 之一 而 不是 万恶之源
1705420573,这种 节目 是 真不错 现在 的 都 是 些 什么 玩意
1705387509,我 为什么 会 在 2019 年 刷 到 2015 年 的 视频 ( lll )
1705398344,并且 这 实在 是 太难 了 脑子 逐渐 停机
1705371939,现在 看 这个 视频 还是 挺 怀念 的 当初 大一刚 进 辩论 队 的 时候 看 了 好多遍 快 看 吐 了
1705314852,提示 重点 大多数
1705314620,万恶之源 的 两个 意思 1 是 指 所有 的 恶 2 万是 用来 形容 大多数 意思 就是 大多数 的 恶 的 根 懂 了 吧 我 觉得 正方 对 万恶之源 的 理解 就是 其二 虽然 有点 诡辩 的 意思 但是 这样 可以 避开 对方 的 刀尖 近身 猛打
1705174415,看 辩论赛 千万 不能 开 弹幕
1705162854,快 被 正方 洗脑 了
1705084357,马来 方 感觉 更好 诶 正方 偶尔 有 存在 一种 很小 的 不 太 舒服 的 攻击
1705066766,论证 包括 举例 论证 和 道理 论证 举 例子 也 是 辩论 的 一种
1704817300,说点 什么
1704815909,为 辩论 解释 的 人 无非 就是 否认 辩证法 对 矛盾 两个 方面 的 分析 而 以 一句 这是 统一 的 结束 问题 列宁 认为 资本论 从 商品交换 开始 揭示 了 资本主义 社会 的 一切 矛盾 使用 的 是 最 基本 的 辩证法 分析 手段 充斥 着 辩证法 原则 的 资本论 呢 这 难道 是 以 两句话 无产阶级 与 资产阶级 是 矛盾 的 生产力 与 生产关系 的 矛盾 24 个 字 写 完 的 吗 真正 的 辩证法 过程 不 知道 比 现在 所谓 的 辩论 复杂 多少 辩证法 对 每 一个 方面 的 分析 都 要 与 对方 相结合 而 辩论 只是 完全 将 他们 孤立 罢了 事实上 为了 赢得 辩论 欲 抑先扬 反面 论证 不过 是 一种 手段 根本 就 没有 平等 地 对待 另 一个 毛盾 方面 事实上 辩论 才 无法 进行 更 深层次 的 思考
1704588457,万恶之源 是 人性 的 欲望 但 人性 非 善恶 之分 人性 仅 是 欲望 的 代名词 假设 AB 为 生死之交 的 兄弟 一日 A 与 C 互殴 且 B 处于下风 B 路过 则 会 上前 帮 A 再 如 我家 的 中东地区 战火 连连 伤亡人数 数不胜数 牵扯 着 无数 世界 人之心 但 只有 少数 人会 出手 相救 因为 他 身边 还有 很 重要 的 人 或 事 这些 人 或 事 可能 在 某些 时刻 胜于 国 之 安危 胜于己 之 利益 欲望 是 可以 改变 的 只不过 需要 价值观 的 支持 动物 有 理性 的 意识 但 动物 往往 会 倾向 于 情感 因素 即使 代价 巨大 他们 在 挣扎 的 过程 中 也 是 情感 胜 于 理性 再 结合 二八 定律 没心 之 人才 会胜于 80% 人 之上 但 没心 是 有理有据 的 没心 打着 一个 为了 80% 人 的 幸福 的 名号 去 没心 不喜 勿 喷 谢谢
1704268647,怎么 都 对 反方 有 那么 大 的 敌意 呢
1704202033,反方 三辩
1704181357,说实话 这 比赛 水平 不高 辩手 太差 我 在 弹幕 里 随便 找 四个 人 组个 队 都 能 吊打 他们
1703984660,晕晕乎乎 的 看 完 了 整场 辩论 之所以 扣万字 是 正方 要 把 这个 万要 等同于 绝大多数 表示 钱 是 绝大多数 恶之源 而 反方 要 把 这个 万 概括 到 全部 以 反对 钱 不是 所有 恶之源 太 难搞 了 我 觉得 如果 正方 抽到 的 是 反方 的 辩题 估计 就 赢 了 委屈 正方 了
1703742962,看来 一帮 键盘 侠要 上场 那 肯定 一直 第一 啊 如果 手能 当 嘴用 的话
1703610726,感觉 文科生 有点 扯 了 喜欢 偷换概念
1703496893,伊丽莎白 鼠 那里 过来 的 有 吗
1703228632,现在 怎么 没有 这种 有趣 的 节目 了
1703209373,表情
1703147306,我 一 开始 以为 这辩题 对 正方 不利 后来 发现 为啥 两方 都 有 道理 啊
1703124758,现在 很多 不 了解 辩论 的 人 都 会 有 辩论 不 就是 吵架 吗 这种 想法 _
1702901673,个人感觉 正反两方 都 正确 都 没有 错 问题 在于 金钱 是不是 万恶之源 这个 命题 因为 从 正方 来看 因钱 而 起 的 恶 没有 一万 也 有 上千 这个 万是 指众 的 一部分 不是 全部 所以 正方 观点 显然 正确 而 从 反方 来看 此万是 指 全部 即 表示 生活 中 所有 恶 都 是 由 钱 引起 的 然而 事实 并 不是 这样 的 所以 反方 观点 也 正确 所以 我 个人 表示 辩论赛 的 实质 就是 两方 互喷 双方 都 可以 根据 自己 对 题目 的 理解 声明 自己 认为 的 正确 观点 而 一千个 读者 有 一千个 哈姆雷特 每个 人 的 理解 想法 都 不 一样 所以 双方 都 没错 都 正确 问题 出 在 辩论 题目 太 具有 开放性 了 不过 双方 选手 滔滔不绝 口若悬河 的 精彩 演讲 所 体现 出来 的 个人 渊博 学识 与 敏捷 的 辩论 思维 深深地 令 我 折服 个人 觉得 这 或许 就是 辩论 的 原本 目的 吧 通过 思想 与 学识 的 激烈 交锋 掀起 一场 异常 华美 的 头脑 风暴 达成 一次 学问 与 知识 的 交流 沟通 语言 与 思维 的 水乳交融 以上 来自 一个 初出茅庐 的 无知 小丫头 的 小声 bala 顺便 表白 一下 辩论 双方 的 帅气 小 哥哥 们 : )
1702839908,杠 的 人 上 个 大学 不 求 你们 参加 去 看一看 辩论赛 吧 求 你们
1702716801,就 你们 这群 杠精 还 会 辩论 ? 连 规则 都 能 搞笑 真是 呵呵 了
1702441141,这场 比赛 看过 三四遍 老师 给 我 放过 自己 打 辩论 的 时候 复习 了 一遍 后来 我 又 给 学生 放过 还是 不 明白 武大 输在 哪里
1702543389,钱 是 万恶之源 啊
1703302198,直接 面对 对面 的 问题 但是 又 没有 很 好 地 解开 一个 是 万字 一个 是 贪字 万字 可以 说 是 势均力敌 贪字 到 最后 仍旧 没有 找到 合理 的 点 对抗 整体 上 是 处在 下风 的 就 输 了 题目 上 正方 就 比较 吃亏 反方 质问 钱 出现 之前 是否 有恶 的 时候 正方 推出 兽性 和 万 不 等于 一切 本身 就 给 反方 太多 的 时间 反应 和 反驳 了 如果 是 三遍 的 时候 提出 来会 好 很多 反方 的 一二 辩 事实上 功力 也 不强 不 推出 来 这 两个 点 也 不 一定 会 处在 下风
1702333177,我 认为 人种 没有 优劣 之分 文化 有
1702332208,xswl 弹幕 人均 辩论 家
1702325880,开 弹幕 使 我 自闭 辩论 很 精彩 语言 游戏 666 结果 弹幕 上 一群 纠结 口音 辩题 的
1702310759,正经 的 杠精 大赛
1701868064,如果 反方 不要 执着 于 万 而是 将 矛头 转向 源字 等 对方 举完 所有 例子 然后 再说 假设 钱 是 恶 的 那么 它 就 真的 配 称之为 万恶之源 吗 创造 出钱 的 可是 人类 若 是 钱 为 恶 那么 创造 出钱 的 人类 才 配 称之为 万恶之源 然后 正方 就 会 不服 就会 以源 字 反驳 然后 反方 就 会 不服 就 会 继续 以源 字 反驳 N 个会 回后 正当 双方 吵得 面红耳赤 时 突然 金光 一闪 一张 人民币 开口 说道 : 错 的 不是 我 是 这个 世界
1701593598,余磊 nb
1701409132,感觉 主要 是 这个 辩题 对 武汉大学 一方 不利
1700945933,辩论 本来 就 不是 为了 分出 个 对错
1700838748,武大 是 正方 还是 反方
1700728707,没钱 才 是 万恶之源
1700653663,我 真是 服 了 辩论 不是 比 谁 说 的 在 现实生活 中 一定 有 道理 好 吧 有 一些 弹幕 真是 让 人 难受
1700570017,辩论赛 里面 的 观点 其实 都 有 一定 的 道理 但 你 得 把 这个 道理 说 得 通说 的 让 人 服气 说 得 可以 盖过 另 一个 观点 就 比如 我们 班 之前 有个 辩论赛 论 现在 的 我们 该不该 及时行乐 我方 的 观点 是 该 及时行乐 天知道 我 抽到 这个 观点 时有 多 头疼 毕竟 这种 问题 一看 就是 偏向 不该 及时行乐 要 有 忧患意识 什么 的 可 谁 叫 我 口才好 硬是 把 及时行乐 这个 观点 盖过 了 不该 及时行乐 对方 硬是 没话说 最后 老师 出来 反驳 我 的 观点 我 就 阵亡 了 笑
1700327538,十年 就 改变 这么 多 了 吗 现在 学生 还有 时间 和 心力 专心 来 学习 这些 知识 吗 我 真是 惭愧
1700122854,6666
1699982728,这个 有点像 唯心 和 唯物 是 钱 导致 恶行 出现 还是 心恶 导致 钱 变质
1699967432,这个 主持人 的 普通话 怎么 一股 陕北 味
1699946635,弹幕 大神 真牛 逼
1699145557,就 我 个人 而言 正方 败点 有 三 第一 辩论 立场 不好 万恶之源 本来 就是 一个 词语 从 语法 上 来说 是 不能 将 万 单独 来 看待 但是 正方 至始 至终 都 剔出 万字 解释 万 不 代表 一切 想 退一步 辩论 相当于 把 己方 立场 从 充分条件 变为 必要条件 加大 反驳 空间 不过 反方 用 辞海 说明 了 万恶之源 是 一切 恶 的 源头 正方 的 余磊 并 没有 正面 回答 而 从 新 找 观点 进行 攻击 这时 气势 上 便 输 了 第二 正方 的 一个 偷换概念 被 反方 抓住 正方 说 的 金钱 的 出现 滋生 了 恶 所以 正方 的 四位 辩手 都 不 承认 上 古时 人类 的 恶均 认为 那 是 兽性 使然 这 也 漏出 了 破绽 使得 反方 同学 一直 抓住 强奸 事件 不放 就 像 反方 引用 佛洛伊德 说 的话 一切 动物 的 生活 都 是 为了 性欲 的 支配 没有 说 出来 若 按照 正方 逻辑 那么 强奸 也 不是 恶 这 也 只是 兽性 而已 这时 正方 二辩 就 表明 当今 是 有 法律 约束 所以 这种 兽性 就是 恶 这 就 和 评委 所说 一样 认同 了 人类 史前 兽性 是 恶 逻辑 便 出现 了 冲突 第三 在于 正方 四辩 他 举出 了 孟子 中 人之初 性本善 却 忽略 了 荀子 中 的 人之初 性本恶 在 全是 专家 的 赛场 中 正方 说出 孟子 会 让 人 不由自主 的 想到 荀子 同样 是 儒家思想 在 论题 不 设在 人 之 本性 的 情况 下举 的 事理 绝不能 偏袒 任何一方 这样 会 使 评委 想 你 凭 什么 否定 另外 一种 观点 这是 一个 致命 的 错误 反观 反方 在 正方 屡次 攻击 之下 都 稳扎稳打 都 正面 回答 了 正方 问题 并 做出 反击 1 在 万恶之源 2 在 强奸 家庭暴力 南京大屠杀 等 都 是 为了 钱 3 在 恶 的 定义 4 在 正方 混淆 钱 和 贪念 的 概念 本来 正方 就 辩论 而言 是 完全 能 认定 输掉 比赛 但 辩论赛 有 一个 观点 论点 劣势 方 始终 会 有 得分 加成 反方 有着 极大 优势 时 正方 任然 滔滔不绝 出口成章 是 便 注定 这场 辩论赛 的 经典 和 难以 评判 的 结果 优势 论点 一面倒 的 赛事 可见 以 成败论 英雄 那场
1698934761,大哥 们 辩论赛 不看 观点 对 不 对 一辩 只是 阐述 己方 观点 之后 而是 看 如何 反驳 对方 的 观点
1701961790,给 啥 题目 就 得 说 啥 与 个人 意志 无关 看 了 另外 一个 娱乐 向 的 辩论 居然 有人 把 反方 观点 和 反方 选手 的 性别 结合 起来 看 我 真的 是
1698893739,我 劝 某些 弹幕 一句 你们 虽然 觉得 他们 有 错 但是 又 无从 下口 这 才 是 辩论 辩论 不是 像 你们 一样 找茬 是 狠狠 推翻 对方 起 的 土墙 再 在 上面 盖房
1698877714,我们 老师 正好 敢 过 这 一次 的 辨论 会 我 被 正方 的 文采 折服 了
1698614810,那个 .. 因为 没有 了解 过 我 想 知道 中间 的 哔 的 声音 和 铃声 代表 什么 意思 啊
1703285699,时间 还 剩 15 秒 还是 30 秒 提醒 吧
1704173049,回复 : 嗯 嗯 谢谢 ( ) ( )
1697275972,你好 骚 啊
1697269121,胡说
1697269412,正方 你好 骚 啊
1697277052,反方 你 为什么 要 穿品 如 的 衣服 啊
1697274788,正方 既然 要 追求 刺激 那 就 贯彻到底 了
1697335512,反方 请 你 出去
1697331782,正方 我 不仅 出人 衣服 还 用人 东西
1697337537,反方 吾 从未 见 如此 厚颜无耻 之 人
1697655270,正方 难道 你 为了 我 背叛 品如站 在 观众 的 角度看 真的 不 无耻 呢
1700983150,反方 站住 粗鄙 之猴 安敢 再次 饶舌 吾 乃 博爱 嫣 也 品如爱莉 左拥右抱 享 齐人之福 嗟乎 此 不 乃 博爱 焉
1700987662,正方 爱情 是 最 不靠 谱 的 东西 了
1700996164,正方 观点 大家 要 以爱莉 作为 榜样 追求 爱莉 的 作风
1700998324,反方 观点 大家 要 以品 如 作为 榜样 追求 品如 的 的 作风
1696371331,我 真的 听不出 口音 现在 咋 那么 杠 呢
1696349808,这是 原版 么
1696086453,我 个人 觉得 站 正方 更大 方面 是 出于 情感 认同 正方 辩手 引经据典 引起 很强 的 共情 反方 辩手 主要 是 走 逻辑 的 更 理性 ( 我 站 正方 )
1695997281,太 厉害 了
1695863531,正方 本身 就 难辨
1695728748,主持人 口音 咋 了 我 咋 听不出来
1701991200,我 也 觉得 蛮 标准 的 听不出 问题
1695166904,两年 前 学校 辩论赛 时 我们 队 的 辩手 都 很 喜欢 袁丁 前段 日子 抱 着 试试看 的 心态 给 他 发消息 没想到 被 回复 了 ( = = ) 我会 好好学习 辩论 的
1694070978,高中 的 时候 老师 好像 给 我们 放过 这个 内容 好像 是 是否 要 以 成败论 英雄 当时 还 想着 上 大学 参加 辩论 试试 然后 就 鸽 了
1702325182,233 我 的 是 没 被 选进 因为 讲话 太抖
1694045581,钱 一般 等价物 利息 争夺 这些 可以 作为 正方 的 论点 么
1694044210,利益
1693586111,贪 万恶之源 啊
1692761708,我 感觉 正方 比 反方 措辞 更为 合理 言谈举止 更 得体 而 反方 的 立场 更 容易 逻辑 又 更 完整 两方 各有 优劣 在 这种 情况 下 很 难 评判 胜负 有 评论 说 这次 的 失败 转变 了 中方 言辞 华丽 的 辩论 风格 也 令 他们 更加 重视 逻辑 比起 胜负 这种 历练 带给 他们 的 进步 比 那 一万块 奖金 值多 了
1692033787,以后 千万 不要 跟 这样 的 人处 对象 吵架 吵 不过 咋 说 都 不 占理 把 自己 憋 嗝 屁 23333
1693032346,有理 说不清 哈哈哈
1692002219,钱 当然 不是 万恶之源 万恶之源 是 人类 自己 再往 上 说 说 是 造物主 人 也 是 遵循 定律 活着
1691699503,一边 想 把 钱 利益 化 一边 想 把 利益 于 钱 分化
1691623018,请 用 辩论 的 观点 看 问题 辩论 结束
1691363839,大家 都 在 吐 槽 弹幕 然鹅 我 全程 都 没 精力 关注 弹幕 了 大家 辩 的 太精彩 了
1691247736,请 我方 键 手键论
1691012996,武汉大学 队 的 说 那么 快 还 不 说错 一个 字 是 真的 强
1690720951,我 上去 可能 就是 一句 WDNND
1687427330,弹幕 就 知道 bb 事实上 你 认为 的 观点 你 的 知识 储备 根本无法 去 证明 她 是 对 的 你 只会用 辩论 手 列举 的 事列 去 xjb 乱说 笑死 个人 混 到 博士 教授 了 吗 就 去 说 人家 辩论 的 差 真的 恕我直言 不要 用 冰箱 理论 杠 我 那 人家 专门 修 冰箱 的 说 这个 冰箱 好 只是 你 使用 方式 不 对 你 还要 喊 一句 难道 我 评价 冰箱 还要 会 制冷 吗 把 作业 写 完 再 讲话 答应 我 好 吗
1687024862,来 一句 不好 听 的 所有 的话 都 有 自己 来自 内心 自我 满足感 的 意味 获得 高人一等 的 成就感 就 拿 我 来说 我 现在 发 的 文字 就是 有 一种 想要 技高一筹 压倒 别人 的 目的 而 回复 我 的 人 反对 我 的 人会 采用 更加 巧妙 的话 术来 否定 我 何尝 不 也 是 一种 贬低 别人 抬高自己 的 心理 念头 呢
1702007923,很多 时候 高兴 的 不是 观点 对 了 高兴 的 是 觉得 自己 赢 了
1686810892,钱 是 源源 非恶 可以 辨倒 部分 反方 例子 另外 能辨到 万 的 意义 我 觉得 是 真的 强 很 厉害
1685881369,看 辩论 开 弹幕 使 我 自闭
1685830794,万 如果 代表 全部 那么 正确 与否 还用说 吗 钱 没 出来 恶有 吗 钱 产生 全部 的 恶 ? 所以 肯定 要 转换 呀 我 感觉 正方 能 说 成 这样 真的 强 那个 评委 说服力 我 是 不服 的 钱 是不是 万恶之源 他 自己 内心 早有 论断 了 吧
1685841458,所以 说 每 一方 的 立论 要 适合 自己 根据 这个 论 不能 走进 别人 的 论 里面
1685531062,酣畅淋漓
1685343210,关于 钱 是不是 万恶之源 这个 问题 展开 的 辩论 而 辩论 的 奖品 却是 钱 无论是 亚军 冠军 我佛 了
1684697385,我 觉得 正方 辩论 的 比较 好 因为 是 真 不好 论证 尤其 自由 辩论 达到 不分上下 的 程度 挺 厉害 了 毕竟 钱 本来 就 不是 万恶之源 恶 的 是 使用者 何况 人有 很多 欲望 不 只 贪欲
1684531378,武大 的 好像 写 论文 啊 虽然 是 用来 证明 自己 的 立场 和 观点 但 自己 的话 就 相对 少 了 很多 马来亚 大学 的 就是 没 那么 流畅 听 起来 不够 爽 了 ( 3 )
1684471924,有 的 弹幕 真降 智 不 抓住 我方 观点 诡辩 难道 要 认同 对方 观点 吗 搞笑
1683125130,正方 可是 我 现在 也 知道 美国 每 两分钟 就 有 一次 抢劫案 每 三分钟 就 有 一次 盗窃案 啊 反方 正方 辩友 刚才 说 过 美国 又 有 抢劫案 又 有 强奸案
1682108439,所以 武大 为什么 会输 呢
1681317748,万恶之源 不是 恶 本身 这种 话 真的 牛 逼
1680877115,好 有意思 我 为什么 现在 才 发现 自闭 看 了 好几遍 花 了 时间 写 了 各个 辩手 的 辩论 思想 很 有意思 自己 也 试 着 按 自己 的 想法 写 了 正反 观点 的 文章 觉得 有 很大 的 收获 为什么 现在 不 拍 了 啊 不然 一定 会 每天 刷 好几遍 的
1680762549,感觉 武大 分 到 这个 正方 就 已经 输 了 一半 了
1679510036,我 好像 看过
1677939189,这个 辩题 就 有 问题 感觉 又 回到 了 人性本善 性本恶 的 讨论 上
1677628540,为什么 弹幕 有些 人 总 喜欢 捏 着 女性 不放 啊 没 啥 毛病 啊 辩论
1677624127,还 没 看看 标题 就 觉得 010 开钱 肯定 不是 万恶之源 看看 我 猜 得 对 不 对
1677702131,都 是 大佬 都 是 大佬 我 要是 正方 是 没法 说 的 这场 还 真的 只能 说 辩题 不好 了
1677703148,正方 言辞 更棒 反方 逻辑 更强 .
1677615229,就 论点 来说 的确 是 反方 站 优 思路 还 清晰
1677600502,辩论 的确 有意思
1677532540,本来 论证 的 是 钱 是不是 源头 被 反方 带到 钱 是不是 恶 所以 凉 了 钱 一定 不是 恶 拴 一条 狗 反方 都 能 打 得 过 010 开 辩论 钱 是不是 源 正方 也 吃亏 2837 开
1675612681,建议 看时关 弹幕 太 多 键盘 侠 了
1675283524,2019 报道
1674962383,为什么 一群 人吐槽 主持人 的 口音 这个 口音 难道 不 标准 吗 一个个 键盘 侠口 嗨
1674937871,人性 本 无 善恶 都 是 原始 的 习性 善恶 是 人 自己 建立 起来 的 道德 准则 钱 确实 不是 万恶之源 但 当 体系 不断 的 建立 钱 的 属性 就 越来越 突出 致使 现在 所有 的 恶 都 可 有钱 来 激发 所以 现在 的 钱 已然 成为 万恶之源 这里 的 万恶之源 不是 恶始源 而是 恶 的 源泉 强奸 根本原因 还是 贫穷 无法 得到 只能 用 暴力手段 如果 有钱 还 去 强奸 万恶 由 钱 来 孕育 而出 为何 不可 成为 万恶之源
1674776140,正反 的 口才 都 超級 厲害 的 我 覺得 正方 集中 在 討論 萬 而 反方 集中 討論源 所以 關鍵 還是 在 於 如何 界題 ..... 觀點 與 角度 的 問題
1673366694,我 连 胚胎 都 不是
1673123807,弹幕 只会 赞扬 自己 的 国人 贬低 别人 的 论者
1672099901,周帅
1671395330,给 大家 科普 一下 这场 比赛 吧 金钱 辩 为什么 是 华语 辩论 史上 最 经典 的 比赛 1 . 双方 队伍 的 实力 都 非常 强 马来亚 和 武大 刚好 是 国辩 历史 上 成绩 最好 的 两支 队伍 两方 四个 辩手 都 是 华语 辩坛 排得 上 的 人物 了 可以 说 两支 实力 相近 的 队伍 才能 造就 一场 伟大 的 比赛 这 就 有别于 93 复旦 99 西交 吊打 全场 的 情况 2 . 这是 华语 辩手 实力 最 强大 的 时代 和 当今 的 网络时代 不同 当年 没有 现成 的 资料 和 强大 的 咨询 网 培养 一个 辩手 的 成本 是 很 高 的 想想看 每个 辩手 场上 不 出 几分钟 的 发言 背后 是 多么 大 的 阅读 量 的 积累 正方 三辩 余磊 说 过 准备 一个 辩题 大概 要 一个月 的 时间 对 发言 仪态 声音 都 有着 极高 的 要求 所以 武汉大学 的 四位 辩手 才能 在 毕业 后 都 小有成就 这 和 大学 辩论 期间 的 培养 和 学习 是 分不开 的 现在 的 辩手 读书 越来越少 训练 越来越少 实力 大多 已经 比不上 当年 了 3 . 国辩 舞台 可能 大家 不 知道 当年 国辩 是 会 被 中央台 反复 播放 的 电视节目 在 那个 娱乐 信息 极度 匮乏 的 时代 国辩 就是 现在 的 我 是 歌手 跑 男国辩 的 盛行 还 在 大学 中 掀起 辩论 浪潮 如今 老国辩 已 死 高校 对 辩论赛 的 重视 也 不如 以往 再 难以 复制 当年 的 辉煌 4 . 对 大陆 辩坛 的 影响 这个 就是 圈内 的 共识 了 在 这场 比赛 之前 大陆 辩手 大多 专注 于 辞藻 的 华丽 和 感情 的 宣扬 缺少 对 辩论 场上 交锋 和 逻辑 的 重视 这场 比赛 有 小 插曲 评委 讨论 胜负 长 达 一个 小时 武汉大学 以为 胜券在握 结果 之前 一路 横扫 对手 的 武大 居然 2 : 3 失利 关于 这场 比赛 的 胜负 评判 引起 轩然大波 在 当年 的 BBS 有着 长 达 几年 的 讨论 但 不可否认 的 是 这场 比赛 极大 影响 了 大陆 队伍 的 辩论 风格 可谓 开创 了 一个 新 的 时代
1671280503,总 感觉 这个 辩题 好像 打一 开始 就 对 反方 有利
1671162696,昨天 刚看 完 你 跟 我 说 b 站 有
1670828529,考古
1670466911,谈万 的 意思 我 感觉 挺 有趣
1670227751,自信 很 重要 ( )
1670001373,这位 外国人 的 中文 发音 上 我 是 觉得 很棒 虽然 并 没有 大山 说 的 6 至少 不看 字幕 听得懂 至于 口音 问题 我 是 没 感觉 的 相 比较 B 站 的 那些 外国 UP
1669868552,我 觉得 马来亚 大学 有点 吃 口音 的 亏 因为 对方 武汉大学 讲 的 很 行云流水 不过 真的 很 精彩 收藏 了
1669416927,说 人家 背 稿子 的 这 说明 人家 的 准备 工作 做 的 很 精细 积累 量 大 而且 随机应变 的 能力 也 很 重要 敢于 在 这么 多 观众 面前 声情并茂 的 讲述 自己 的 观点 真的 很 厉害 估计 换 某些 键盘 侠 上去 紧张 得 连 背篇 课文 都 背 不 出来 吧
283785682864,真是 服了 真群 人 了 到底 打 过 比赛 没 啊 真的 临场 反应 组织 语言 都 很 难 的 在 弹幕 敲 两下 本来 就是 参考 了 选手 的 回答 还 不用 身临其境 一堆 摄像机 对 着 拍 说 的话 也 是 一句 两句 没有 串联 逻辑 就 觉得 自己 可牛 了
1668965553,为什么 自由 辩论 的 时候 感觉 双方 不是 回避 问题 就是 对 对方 的 问题 作 引导 啊 是不是 怕 掉 进 陷阱 或者 时间 太短 马上 回答 打 不 出来 ( )
1668965826,还有 反方 是 真的 喜欢 涩情 这个 词 啊 ( )
1668954745,我 不行 了 受不了 了 反方 好像 主题 思路 是 万恶 淫 为首 一直 性 qf 性 qf
1670365088,直接 回答 对方 的 问题 就 会 慢慢 地被 对方 牵着鼻子 走 虽然 坏处 不 一定 有 但 好处 一定 没有
1668876463,我 不想 找会 辩论 的 朋友 每次 吃饭 吃 什么 我们 两个 都 是 不同 意见 然后 他 把 我 说服 让 我 选 他 的 选择 然后 用 我 选 的 继续 跟 我 吵 ( _ ` )
1668791168,我 还 没 出生 呢
1668588705,之所以 正方 揪 着 万字 是因为 一般 人 想想 就 明白 钱 不 可能 是 一切 恶 的 源头 四辩 最后 只能 再 做 精神 情感 上 的 升华 了
1668462603,余磊 厉害
1668181748,白鼠
1668104359,弹幕 里 的 柠檬 好多
1668040701,有些 发 弹幕 的 人 是 你 以为 你 是 什么 东西 不 喜欢 口音 觉得 装模作样 自己 滚 啊 还 tm 发 弹幕 真 tm 在 侮辱 我们 这些 认真 看 的 人 的 眼睛 .
1668026056,刷新 了 我 的 认知 啊 恶之源 不 代表 就是 恶 本身 之前 从没 想过
1667636947,正方 一辩 全程 说 过 两次 话
1685916141,有 的 敏感话题 被 剪辑 过 的 所以 emmmm
1667461611,弹幕 里 都 说 的 是 些 啥 服 了
1667398985,2018 - 6 - 8 前来 考古
1667946322,你别 吓 我 现在 不是 2019 吗
1669072243,回复 : 哈哈哈 打 错
1667098339,考古
1667014124,每次 看到 自由 辩论 环节 总 怕 他们 打 起来
1666925790,辩论 的 都 是 大专生 吗 ?
1667388940,这场 是 马来亚 大学 和 武汉大学 比 啊 肯定 不是 大专生 啊 ! 基本 都 是 知名 高校学生
1669135802,回复 : 哦哦哦 难怪 那么 精彩 .
1666888340,不 公平
1666886055,只有 卧槽 能 概括 我 的 心情
1666864156,小丑
1666856926,来 了 来 了
1666836922,太 nb 了 即使 有理 但是 在 这么 多人 的 舞台 上 还 能 说 得 如此 怡然自得 真是 望而却步
1666622197,周玄毅 牛 逼
1666576777,厉害 厉害 别说 这 辩论赛 看着 还 真 有点 意思
1666515549,这个 命题 对于 正反 太难 了 不过 辩论 从来 都 不能 说服 对 反 只能 说服 持 中立 的 第三方
1666416258,我 一直 被 反复 说服
1666140308,好奇 台上 的 人 现在 都 在 干嘛 现在 他们 也 都 40 岁 左右 了
1666086972,你们 站 在 这里 balabala 还 不是 因为 钱
1666068818,钱 是 人类 创造 的 人才 是 万恶之源
1666002885,我 觉得 如果 两边 把 论点 落在源 就 好 了 反方 落在源 上 虽然 没有 来得及 深入 恶源 是 人 本身 如果 正方 能够 也 把 源 做 探讨 恶源 是 外 在 因素 可能 会 更加 精彩 那 辩论赛 也 会 更有意义 个人观点 不喜 勿 喷
1665976659,我 觉得 辩论 主要 还是 要 讲理 逻辑性 是 很 重要 的 不管 是 论证 亦 或 诡辩 还是 其他 什么 的 只要 辩过 对方 就 可以 了 因为 歪理 是 不 全面 的 有 两面性 的 道理 永远 都 可以 用 另 一个 理由 来 反驳 的 主要 是 看 谁 对 这些 道理 认识 得 更 清楚 更能 扯 罢了
1665971590,刚刚 看到 有人 想 蹭 我们 老师 课
1665749756,辩论 和 杠 的 区别
1665746318,好 精彩 都 好 有 才 啊
1665710688,其实 我 支持 正方 乍一看 是 反方 有理 但是 你们 好好 想想 现实生活 啊 这 一句 话 在 现在 都 是 被 怎么 用 的 是 怎么样 的 意思 某某某 是 万恶之源 这种 话 在 弹幕 中 很 常见 吧 它们 都 是 错 的 嘛 按照 这种 说法 这场 辩论 当中 的 许多 成语 词语 都 不该 用 出来 因为 其中 包含 了 夸张 或是 比喻 从 字面上 来说 是 根本 上 错误 的 既然 不是 辩论 数学 悖论 就 应该 从 整句 的 意思 和 用途 出发 既 不是 纠结 在 万 也 不是 纠结 在 源
1665507726,xswl 弹幕 青铜 指导 王者 正方 反方 都 很 优秀
1665504992,哈哈哈
1665294127,我 寻思 人家 即使 大嘴巴 也 比 弹幕 里面 嘲笑 的 人强 吧
1665265231,很 好 看看 得 我 手痒
1665188534,难道 你们 不 知道 赃款 这个 概念 吗
1665170592,正方 是不是 只要 证明 钱 是 恶 但 不是 万恶之源 就行了
1665077816,这是 一个 人之初 性本善 还是 人之初 性本恶 的 辩论
1665031355,我 猜 你 是 白鼠 的 鬼畜 来 的
1664852977,真是 一群 po b 弹幕 狗 你 凭 什么 说 这里 不 对 哪里 不 对 妈 的 zz 不 在 评论 里 详细 说 自己 的 观点 在 弹幕 里 乱说 nmbiss
1664662872,当鸟 的 翅膀 系 上 黄金 那 它 就 再也 无法 高 飞 翱翔 __ 泰戈尔
1664646261,看 辩论 是 绝对 不能 开 弹幕 滴 因为 辩论 的 问题 没有 确定 的 答案 而 每 一个 键盘 侠 都 满腹经纶 在 弹幕 上 是 他 她们 思想 与 灵魂 间 的 碰撞 ( ; _ ) 一 开始 就 知道 没有 唯一 的 答案 就 看 谁 能言善辩 非 给 我 扯 半天 跟 谁 辩 啊 一个个 还 情绪 激昂 面对面 实时 切磋 那 叫 nb 你 跟 一个 说不定 两三年 前 的 弹幕 杠得 起劲 那 叫 sb
1664642681,辩论赛 太精彩 了
1665158604,这是 一条 正常 正 能量 的 评论
1666816454,回复 : 哈哈哈哈
1664625800,矛盾 就是 对立统一 要 全面 的 一分为二 的 看 问题
1664551520,弹幕 全是 大神
1664452919,服 了 弹幕 里 的 网络 巨人 了 是 选择性 失忆 么 还是 理解能力 有 问题
1664398835,其实 他们 说 的 很多 东西 都 是 偷换概念 强行 解释 的 这点 大家 都 很 清楚 有些 人 作恶 是 为了 钱 可 有些 人 就 是不是 为了 钱 可能 为了 心中 一口气 所以 就 不是 钱 但 正方 就是 要 抓住 万 不是 一切 而是 很多 的 意思 然后 两方 就 不停 的 举例 来 维护 自己 的 观点 正方 举例 开 说明 钱 的 坏处 反方 举例说明 一些 坏事 不是 由 钱 引起 的 然后 从中 再 不停 抓住 对方 的 漏洞 进行 反攻 这种 辩论赛 没有 谁 是 绝对 对 的 辩论 的 意义 就是 比 谁 的 知识 多 谁 的 反应 快 谁 的 信息 储备量 足 这些 都 是 很 难 的 真的 很 不错 都 是 大佬 啊 ( )
1664398530,有 今天 看 的 么
1664208248,精彩
1663859128,万恶之源 指 这个 视频
1663860417,弹幕 都 哪来 的 野鸡
1663787366,辩论 旗鼓相当 的 情况 下 难道 不 应该 打 一架 一决雌雄
1663780470,反方 二辩 发言 的 时候 想到 的 源 如 反方 说 有 源头 的 意思 世界 上 有 成千 上 完 的 溪流 他们 有 成百上千 个 源头 你 能 说 应为 一条 溪流 不 从 这个 源头 流出 这个 源 他 就 不是 源 了 吗 世界 上 的 恶源 有 很多 钱 是 其中 一个 而且 他 产生 足够 繁多 和 复杂 的 恶 足以 用万来 表达 那 他 自然 就是 万恶之源 至于 反方 说 的 黄暴 也 是 万恶之源 但 不是 我们 今天 要 辩论 的 源
1663565269,最大 的 恶 就是 人 进化 成 了 有 智慧 的 生物
1663549967,这个 话题 反方 有 优势 点 吧
1663531201,哇 我 觉得 对 写 议论文 有 很大 帮助
1663437109,这个 人 把 现代汉语 大词典 背 完 了
1663433761,2019 端午节 前来 挖坟
1663423174,太 厉害 了
1663348493,辩题 不 公平 钱 是 万恶之源 本来 就是 一帮 无赖 恶徒 贪婪 之人 想 出来 洗脑 推卸责任 掩盖 自己 罪行 的话 竟然 流传开来 还 被 很多 人 接受 简直 可悲 可怕 可怜 可恨
1663331321,感觉 气势 很 重要 老是 被 带 着 跑
1663301526,既然 钱 是 万恶之源 那么 奖金 这种 罪恶 还是 让 我们 承担 比较 好 不要 脏 了 你们 的 手 哈哈 这么 辩 是不是 很 有意思
1663304319,然后 正方 回复 钱 果然 是 万恶之源 我们 四个 人 都 被 污染 了 违背 自己 的 信念 也 要 奖金
1663236491,厉害
1663179087,不是 反方 更好 吗
1663101209,只怪 正方 立论 不清 凡是 辩论赛 正方 都 不好 辩学过 数学 反证法 的 都 知道 要 想 证明 一个 命题 不 正确 我 只 需要 给出 一个 反例 即可 因此 反方 不断 地 拿 强奸 来说 事 一直 攻击 这 一点 但 要 想 证明 一个 命题 正确 就 很 困难 了 一般 只能 从 最 浅显 的 几个 公理 出发 进行 逻辑推理 证明 而 紧靠 事例 说明 是 不行 的 所以 对于 任何 辩题 正方 一 上来 必须 要 首先 缩小 辩题 适用范围 搭 一个 预设 框架 只 需 证明 在 这个 小 的 框架 内 正确 即可 而 不要 试图 证明 任何 情况 下 命题 都 成立 将 反方 所有 可能 的 举例 都 排除 在 预设 框架 之外 即 反方 所有 可能 的 例子 不 满足 前提条件 因此 就 无法 对齐 进行 命题 正误 的 判断 或者 在 这个 前提条件 之下 对 所有 的 例子 该 命题 也 成立 因此 正方 的 立论 应该 改成 钱会 诱导 绝大多数 的 严重 的 恶 即 犯罪 并 强调 万恶之源 的 万 不 表示 一切 万恶之源 本身 并不一定 是 恶 这样 就 把 踢打 小猫 小狗 之类 的 小恶 排除 出 讨论 范围 之外 了 至于 强奸 之类 的 大恶 就 可以 像 辩手 们 说 的 那样 来 了 比如 把 一些 恶 合法化 变成 金钱 交易 了 而 还有 一些 不是 因钱 导致 的 强奸 绝大多数 也 是因为 没 钱 等等 可以 随便 去 搞 了 其实 正方 也 不 先天 弱势 正方 最大 的 优势 其实 是 先手 优势 先 发言 因此 可以 对 辩题 进行 自由 地 重新 定义 使得 反方 有力 使不出 其实 辩论 并 不是 说 要 引导 人们 进行 诡辩 辩论 的 主要 目的 也 不是 说 要 锻炼 辩手 说话 讲理 的 技巧 或 水平 其 最 主要 目的 是 阐明 真理 谁 能够 在 辩论 中 最大 程度 接近 真理 那么 获胜 的 概率 也 就 越 大辩论 一般 都 会 给出 一个 有 争议 的 话题 为什么 一个 话题 会 有 争议 呢 排除 故意 胡搅蛮缠 的 情况 争议 出现 的 原因 无非 是 这个 命题 不但 具有 正面 的 事例 也 有 反面 的 事例 这 其实 说明 了 这个 命题 并 不 具有 普适性 而 只 在 一个 狭义 范围 内 适用 因此 要 想 阐明 真理 根本 落脚点 就 在于 如何 界定 这个 命题 的 适用范围 或者说 边界条件 同时 要 讨论 在 这个 范围 之外 的 正确 命题 是 什么 这才 是 辩论 的 意义 所在 这 也 有助于 我们 社会 道德 体系 的 构建 和 法律 体系 的 设立
1713487086,我 居然 看 完 了 好 专业
2167529435,hi
2332842045,好 厉害 这个 立论 一改 情势 就 改变 很多 了 强
2440113106,好 厉害 的 分析
2492135114,正方 的 辩论 我 认为 没有 问题 辩论 不是 为论 而 辩 而是 为 辩 而论 这个 论点 根本 的 问题 就 在 语言 上 也 不能 说 正方 的 策略 有 问题
2652218735,评判员 就 说 了 二辩 后面 才 把 万字 定义 失 了 先机 还有 就是 辩论 的话 确实 很 考验 辩手 的 知识 储备 还有 您 的 辩论 出 真知 论 也 很 醍醐灌顶 我 才 算 明白 为什么 苏格拉底 时期 辩论赛 很多
2653454233,回复 : 谢谢 点赞 和 提醒 你 这么 一说 确实 是 古代 哲人 和 佛教 里 经常 搞 辩论 确实 是 为了 求得 真知 搞清楚 一个 概念 或者 一个 命题 的 适用 边界 和 充要条件
2655183225,学术 性质 的 辩论 和 辩论赛 其实 是 两种 事情 学术 性质 的 辩论 是 在 两种 学术 的 交流 和 碰撞 中 提升 这种 时候 学术 知识 就 更为重要 在 理科 性质 的 辩论 中 对错 也 会 碰撞 更加 激烈 但 辩论赛 与其说是 挣 对错 不如说是 口才 知识 储备 临场 反应 的 对抗 辩论赛 的 辩题 一般 不会 出现 对错 之分 也 很少 有 绝对 公平 的 辩题 评委 在 打分 时 也 从来不 是 觉得 谁 能 说服 自己 就算 谁 赢 的 立论 言词 时间 的 把握 甚至 着装 都 是 评分 的 标准 你 说 的 辩论 的 目的 我 无比 赞同 但 我 真的 觉得 这个 目的 不是 辩论赛 的 目的 辩论赛 更是 双方 才华 的 对抗
2656045889,回复 :
3746180619,对 对于 一个 命体 只要 举出 一个 反例 就行了 我 记得 在 一 本书 上 说 过 亚里士多德 的 世界观 是 一块 完整 的 拼图 只有 一小部分 是 与 观察 不符 的 根据 亚里士多德 的 观点 物体 运动 总有 第一 推动力 当 没有 推动力 物体 就 不再 运动 但是 根据 他 的 观点 无法解释 为什么 把 东西 丢上 天空 落下来 的 动力 是 什么 这 是从 这 一个 小 的 观点 中 伽利略 牛顿 等 人才 破解 了 亚里士多德 的 世界观 重新 建筑 了 另 一个 世界观 其实 我 说 的 跟 你们 的 没关系 我 这 是 为了 让 我 的 知识 更 牢固 找个 机会 说 一下 谢谢
3892556514,太 聪明 了
5349746313,宁 不会 以为 缩小 论域 没有 论证 成本 吧
5525476327,回复 : 一般 有 什么 成本 呢 值得 不 这个 真 没 仔细 考虑 过
95448312016,看 了 评论 区 的 很多 发言 我试 着 简单 总结 了 一下 反方 天然 具有 逻辑 优势 所以 在 比赛 流程 制定 上 偏向 正方 比如 可以 先 手 立论 界定 范围 以及 后手 结辩 打 价值 牌 正方 必须 充分 地 发挥 流程 优势 才能 弥补 逻辑 的 劣势 层主说 的 立论 很 好 钱会 诱导 绝大多数 的 严重 的 恶 即 犯罪 并 强调 万恶之源 的 万 不 表示 一切 万恶之源 本身 并不一定 是 恶 而 这点 武汉大学 队 不是 做 得 不够 好 而是 完全 没 做 他们 的 立论 不足以 为 后续 的 猛烈 交锋 提供 足够 的 支撑 浪费 了 先手 优势 而 在 结辩 上 甚至 是 8 名 辩论 员 的 表现 上 都 可以 看出 武汉大学 队 的 语言 气势 都 优于 马来亚 大学队 如同 撼动 人心 的 演讲 但是 反方 四辩 层层 推进 详细 且 清晰 逻辑 缜密 的 剖析 总结 在 8 人中 简直 是 独居 一档 即使 语言 上 不算 尽善尽美 但是 逻辑 上 赢 了 太 多 这 不是 辩题 送 他 的 优势 而是 他 自己 在 有限 的 时间 内 打 出来 的 优势 正方 结辩 固然 气势磅礴 语言 碾压 但 在 内核 上 已经 分出 高下 打分 的 是 内行 的 评委 而 不是 观众 不会 被 这些 误导 正方 立论 失误 和 反方 结辩 的 出色 逻辑 是 决定 这场 比赛 胜负 的 关键
97558126048,对 立论 的 问题 很大 要 不 时候 来三辩 诠释 我 都 没 看 懂
98616629088,正方 如果 把 所有 改为 存在 大多数 就 会 好辩 很多
132853636576,好强 学到了
138153348224,回复 : 其实 也 很 难 钱 只是 一种 介质 而 真正 的 恶 还是 人 的 内心 如果 是 钱 是不是 万恶 会 简单 点加 一个 万恶之源 那 就 难 了
139389713856,回复 : 感觉 反 了 万恶之源 相对 简单 吧 他们 最后 结辩 时候 才 明说 的 观点 万恶之源 不是 恶 所以 钱能 用来 行善
143822559632,哇 我 好 喜欢 这 层楼 的 评论 逻辑 中肯 和和气气 地 分析
171273740304,yyyyyowww
179428905168,回复 : 那 就 变成 反方 观点 la
179459373712,回复 : 没 吧 辩题 是 钱 是否是 万恶之源 不是 万恶之源 是不是 恶
232587976880,你好 帅好 专业
1663091886,各人 认为 私有制 才 是 万恶之源
1663069221,消灭 私有制 那 还 会 有 这么 多事
1663044081,看 弹幕 一个个 都 是 神仙 ? 学历 有 人家 高 没 就 一个个 来 这里 指点江山 ?
1662958557,反方 真的 是 厉害 但 正方 真的 尽力 了 没 办法 反方 抓 着 强奸 这一 论点 不 放 的话 傻子 都 听得出 哪边 的话 更 有 道理 但 这 不是 辩手 的 问题 是 辩题 本身 的 原因 如果 两支 学校 换 一下 的话 应该 还是 反方 赢 吧
1662941687,那 你们 原因 之一 也 是 为了 奖金 这里 辩论 的 奥 那 显然 正方 更 有 底气 奥
1662937068,不 你 还 缺 一个 支付宝 或 微信
1662923635,以前 看 的 时候 只觉 口才 十分 厉害 想着 若 是 能 和 他们 一番 同台 竞技 又 是 何等 荣光 但 若真 要 推敲 其中 之 逻辑 不由 便 有些 食 之 无味 感觉 还是 有些 过于 感性 了 今天 重温 才 发现 辩者 一笑 一 蹙 手势 的 一板一眼 都 大有 学问 语气 的 停顿 面部 的 表情 声调 的 抑扬顿挫 对 拟声词 的 模仿 还要 说话 间 悠长 的 气息 与 放松 内敛 的 自信 值得 学习
1662840375,从 白鼠 那 转场 过来 的
1662818875,感觉 这些 人 意气风发 慷慨陈词 的 样子 才 是 我 心目 中 青年才俊 的 样子 啊
1662763373,其实 感觉 正方 可以 论述 A 是 B 并 不 意味着 A 等价 于 B 而是 A 属于 B ...
1662635488,精彩
1662599118,辩论 不是 来争 对错 的 它 更 像 一种 诡辩 如果 你 还 不 懂 就 像 泼妇骂街 骂 得 对面 说不出 话 就 赢 了
1670375275,你 是 说 对线 吗
1662464860,结果 和 我 想 的 差不多 不过 就 我 个人感觉 正方 拿到 的 题目 是 不具 优势 的
1662448578,白鼠 呼叫转移
1662256414,这才 叫 辩论 我们 大学 的 辩论 队 那 叫 抬杠 吵架 ( _ )
1662247587,钱 是 万恶之源 也 可以 是 善 之源
1662186712,真 好看
1662169128,弹幕 人均 中文系 博士 人家 读错 个 字 一个个 一个劲 的 在 那 纠正 你 当 大家 都 听不出来 就 你 能
1662604646,最 搞笑 的 弹幕 是 把 辩论 当成 了 必须 驳倒 对方 所有 观点 甚至 连 规则 都 不 懂 就 瞎 科普 那些 把 辩论 当成 了 表达 辩论 队员 自己 世界观 的 人 我 也 是 醉 了
1662172946,明天 高考 作文 立意 要准 鸭 求 保佑
1662138384,正方 一直 在 以 钱 的 广泛性 来说
1661960818,我 求求 弹幕 了 别 说话 暴露 自己 的 无知 好 吗 ?
1662616755,那些 人去 参加 什么 都 说不出来
1661862109,好强 啊
1661518915,人类 七大罪 任何 一个 都 能 拿出 来说 为啥 老说性
1661463739,左边 感觉 的 到 文科生 的 气息
1661343925,钱 产生 了 很多 恶是 万恶之源 但是 钱 又 可以 产生 很多 的 善 那么 万恶之源 就 不合理 可以 产生 恶 又 能 产生 善 所以 说 它 是 工具 工具 自身 没有 善恶 是 使用 它 的 人才 是 主要 根源 所以 说 人才 是 万恶之源
1661294306,看 完 这场 辩论 了 ... 看到 题 的 时候 我 本来 是持 反方 观点 但是 正方 的 辩论 的 更 能 说服 我 反方 辩手 抓错 方向 了 题目 在 陈述 钱 是 万恶之源 的 时候 并 没有 任何 定义 支持 万恶之源 本身 是 恶 反方 三辩 说 恶 在 前 钱 在 后 但是 如果 没有 万恶之源 这个 诱因 恶 又 是 从何而来 在 反方 陈述 人性本恶 之际 可以 被 看 作为 钱 本身 是 一个 物质 上 的 存在 本 没有 善恶 之分 但是 由于 人性 是 恶 导致 了 会 用钱 去 达到 恶 的 目的 难道 这 不 就是 在 证明 钱 是 这 万恶 的 源头 吗 反方 被 正方 带 跑 了 一手 好牌 有点 打散 可惜 了 正方 这 几位 辩手 个人感觉 尤其 是 二 辩三辩 气场 很足 控场 能力 很强 硬生生 把 反方 逻辑 带 跑 一直 在 主导 话题 不过 反方 收场 很棒 到 最后 的 时候 总算 找回 了 自己 的 逻辑 莫名 有点 欣慰 ... 这场 无论 哪方 赢 我 都 觉得 实至名归 果然 还是 因为 都 是 大佬 大佬
1661228328,哇 弹幕 一直 在 刷 偷换概念 的 看 得 有点 难受 辩论 难道 必要 时 不 就是 要 偷换概念 吗 很多 时候 话题 都 是 正方 反方 没有 对错 之分 要 想 赢得 这场 辩论 必须 要 主导 这场 辩论 的 逻辑 好 的 偷换概念 能 在 当下 无法 被 对 立方 察觉到 或者 纠正 过来 让 大家 听 着 很 有 道理 但是 让 对方 很 难受 感觉 逻辑 拉 不 回来 要是 辩手 的 偷换概念 能 让 对方 无话可说 没有 办法 把 逻辑 扭转 过来 那 不 就是 一个 很 好 很 有利 的 陈述 回 吗 辩论赛 除了 对 口才 和 知识库 要求 高对 反应速度 和 随机应变 的 控场 能力 要求 也 是 非常 的 高 当时 我 不再 参加 辩论赛 就是 因为 真的 太费 精力 了 一场 下来 脑壳 疼得 厉害 ... 真的 佩服 这些 辩手 不论 正方 反方 ... 人 与 人 之间 差距 咋 这么 大 ...
1661151563,伊丽莎白 鼠来 考古 的 集合
1661134640,可能 弹幕 中 的 小学生 就 知道 诡辩 偷换概念 这些 词汇 来 形容 了 吧 辩论 的 艺术 远远 比 你 想象 的 要 高级 这些 只不过 是 最 基础 的 手段
1661119853,看 弹幕 识 文化 水平 真 就 一群 小学生 在 影响 观看
1659928327,钱 是 万恶之源 万恶之源 本身 不是 恶 豁然开朗
1658309044,才 开始 看 我 站 工科 男 这边 希望 一会儿 有 收获
1653122049,辩论赛 讨论 的 议题 本身 就是 只要 人类 还 存在 着 就 没有 答案 的 东西 所以 辩论赛 看 的 不是 对错 问题 而是 双方 辩手 的 思维 逻辑 能力 语言 组织 能力 以及 自身 深厚 的 知识 功底
1653120962,辩论赛 的 难度 在于 你 要 在 短短 半分钟 内 思考 完 对面 的 话语 的 漏洞 同时 还要 组织 起 自己 的 语句 同时 也 要 考虑 如何 给 对面 下套 以及 给 自己 队员 铺 好 路 每一件 事 分开 来看 确实 不难 但 全部 组合 起来 并且 还 必须 在 如此 短 的 时间 内 完成 对于 辩手 的 逻辑思维 能力 和 语言 组织 能力 有 相当 高 的 要求 越是 高级 的 辩论赛 越是 如此
1652296334,从 六分钟 时关 弹幕 友情 提示
1643817158,第一次 发现 b 站 有 这么 多 辩论 手
1640835447,反方 一定 要 把 万 当作 全部 没有 例外 有点 不讲道理 了 万 本身 没有 全部 的 意思 如果 题目 中 的 万 是 所有 或 全部 的 意思 那 这个 问题 就 没有 辩论 的 必要 了
1639653088,对 弹幕 真的 无 语 动不动 就是 诡辩 了 可以 估计 你 的 政治 老师 教完 你 诡辩 这个 词 你 就 看 都 不 看 什么 意思 就 拿 出来 乱用 我 是 真的 服气
1636246598,看 完 第九届 华语 辩论赛 决定 回来 回顾 一下 这场 经典 对决
1634753716,正方 三辩 前面 好 厉害 啊 但是 他 把 权钱 绑 了 猫 狗 没 说 不能 说明 是 万恶
1634300767,有 一个 弹幕 的 兄弟 说 笑 看 知识分子 撕 逼 .......... 我 是 真的 挺 同情 与 怜悯 他
4552835664,可能 此人 正在 某处 搬 砖 吧
1629328921,为什么 他们 临场 反映 那么 快 呀 我 思路 都 跟不上 他们 说话 了
1624780956,我 也 是 服 了 我 的 老师 了 一次 辩论赛 改了 两次 反方 辩题 我 正好 是 反方 还是 一辩 明天 辩论 过来 沾 沾 喜气 ( )
1622196223,哇 感觉 评论 弹幕 都 是 辩论 大佬 路 人 路过 看 的 一 愣 一 愣 的 就 和 一个 热评 一样 感觉 双方 都 对 不过 最后 还是 觉得 马来西亚 那边 更 有 说服力 一点 吧
1618880827,太 好看 了 吧
1617532880,还 真 就 拿 辞海 了 都
1616366718,终于 找到 了
1615972062,一直 觉得 辩论 的 人口 才 是 真的 好 啊 超级 羡慕
1609911125,个人感觉 反方 最初 在 三辩 的 时候 抓到 了 关键 钱 是 中性 的 恶 先于 钱 然后 再 自由 辩论 总结 陈词 逐步完善 而 正方 在 总结 陈词 的 时候 才 抓 到 一个 关键点 万恶之源 本身 未必 是 恶 可惜 太迟 了 此前 仅 纠缠 于 万 的 概念 忽视 了 源 在 逻辑 链上 不如 反方 有力 嘛 我 这 大概 就是 所谓 纸上谈兵 吧 ( 笑 )
1607208623,mvp 给 真烦 3 辩 我 还是 挺 奇怪 的 他 的 观点 有 很多 都 很 牵强 而且 还有 一些 明显 的 错误 也许 真的 是 弹幕 里面 说 的 mvp 一般 都 给 败方 把 而 败方 也 就 他 说 最多话 而且 又 那么 受 观众 欢迎 当 这 又 引申 出 另 一个 问题 这种 潜规则 还有 之后 的 比分 32 都 像是 为了 维护 另一方 的 面子 这 是不是 会 对 权威性 有所 影响 呢
1604823300,后天 就 有 辩论赛 了 上 一次 的 辩题 还好 情商 比 智商 更 重要 好辩 对 我们 有 优势 结果 这次 被 分到 了 独生子女 好 不光 觉得 对不起 我 妹妹 而且 还 不太好 辩 对方 一个 例子 以后 万一 父母 生病 住院 独生子女 只有 一人 万一 没空 呢 非 独生子女 就 可以 互相 轮流 照顾 就 能 把 我 压死 了 初三 没 经验
1617143758,请 专门 的 医护人员 啊 照顾 的 比 你 还 用心 非 独生子女 之间 分 家产 照顾 父母 踢皮球 的 那些 事多 的 是
1617780515,回复 : 辩论赛 完 了 这个 问题 是 找 着 怎么 回怼 了 但 人家 对方 没出 啊 人家 问 我 如果 独生子女 家庭 的 孩子 死 了 那么 这个 老人 的 亲情 怎么 填补 大概 就 这个 意思 听到 这个 我 当场 懵 逼 / TT ) /
1619039509,回复 : 独生 的 军人 也 有 牺牲 的 情况 战友 不 也 是 把 他 的 父母 当 父母 血缘关系 不 等于 亲情 独生子女 家庭 也 可以 * * * *
1624790042,初二 明天 辩论 过来 围观
1624783081,我 更惨 我方 辩题 是 开卷 无意 正方 辩题 是 开卷有益 在 这 期间 还 改 了 两次 我方 辩题 我 还是 一辩 我
1602065268,其实 这个 双方 都 说 不服 彼此 吧 ( _ )
1623475134,你 以为 立场 是 自己 选 的 吗
1672794370,当然 不是 为了 说服 对方 是 为了 说服 观众
1600030941,和 大家 的 不 一样 我 听 他们 叙述 的 时候 想 的 是 如果 我 是 对方 辩友 怎么 搞
1599741909,我 想 说 一句 如果 让 我们 长时间 的 反复 观摩 那 几十分钟 的 比赛 是 个人 都 能 挑出 点 毛病 来 更 别说 很多 人 的 反驳 根本 不 讲 逻辑 所以 弹幕 里 的 某些 人 呐别 觉得 自己 能 找出 毛病 来 就 证明 自己 比 场上 选手 厉害 了
1600334930,抓住 对方 要害 + 理清 逻辑 + 阐述 己方 + 组织 语言 这么 一连串 高难 动作 全都 在 那么 短短 半分钟 甚至 5 秒 内 完成 难度 真的 大到 不行
1600593574,回复 : 他们 能够 完成 这些 除了 个人 能力 很大 一部分 原因 就是 他们 习惯 了 这种 快节奏 地 进攻 和 回应 如果 是 我 在 场上 的话 你 说 的 四个 环节 我 很 可能 只能 完成 一两个 而且 完成 质量 要 下降 很多
1591519039,我 简直 就要 发笑 评委 一个 小时 的 商讨 结果 是 3 : 2 武汉 输 一分 怎么 在 弹幕 上 评论 上 就 能 理直气壮 的 说 正方 辩 的 不行 评论 立足于 正方 论点 金钱 是 万恶之源 这个 论点 是 吃亏 的 怎么 就 好意思 说 如果 是 我 我 就 怎么 怎么样
1591177187,大一刚 进 辩论 队 的 时候 这场 比赛 简直 就是 我 的 指路明灯 现在 大二 觉得 自己 在 辩论 上 有点 卡壳 退步 了 想 重新 看 一下 找 找 感觉 可是 为什么 就 感觉 这场 其实 比较 一般 了 呢 武汉大学 感觉 确实 没有 太强 逻辑 辞藻 华丽
1647472338,你 是 没有 考虑 到 时间 的 限制 要 在 那么 短 的 时间 内 组织 辩词 而且 辩论赛 逻辑 并非 一切 现在 的 辩论赛 过于 强调 逻辑 看着 贼 没意思
1591091419,弹幕 好多 辩论 大佬 哦
1590113960,没人 吐 槽 正方 没有 提到 一个 钱 是 一般 等价物 吗
1583596774,语言 的 艺术
1571296801,正方 结辩 非常 富有 人文学科 讲求 的 美感 然而 在 逻辑 层次 的 递进 上 比 反方 结辩 要 略逊一筹 就 比如 看 完结 辩后 对 反方 论述 的 印象 是 : 1 . 2 . 3 . 4 . 然后 对 正方 观点 的 印象 被 最后 一段 重复式 递进 的 优美 文 段 吸引 了 眼球 语言 的 表达 反而 掩盖 了 具体 观点 的 思辩 性 在 逻辑 呈现 上 让 人 感觉 单调 了 当然 只是 一些 个人观点 吧
1571339259,不过 也 多亏 了 这场 辩论 吧 在 这 之后 的 辩论 大陆 队伍 的 中心 开始 猛攻 逻辑 型 个人 比较 喜欢 武大 的 陈铭
1568994464,各位 大佬 们 帮帮忙 下周 要 辩论赛 我方 抽到 的 是 开卷 无益 反方 正方 是 开卷有益 求教 下 我 辩 一该 如何 作答
1576047269,开卷有益 无益 关键在于 看 什么 书 现在 越来越 多 的 人 看 小说 那些 小说 与 知识 类 的 书 相比 知识点 又 有 多少 看 这 类书 思维 模式 行为 方式 或许 都 会 偏离 可以 从这一点 来看
1576073765,回复 : 嗯 我 觉得 用 读万卷书 不如 行万里路 这个 来 回答 但是 范围 太小 了
1576078581,回复 : 如果说 这个 范围 更 适合 开卷 未必 有益 来 作答 毕竟 我方 辩题 太 过于 直接 了
1576085084,回复 : 说错 了 应该 是 太 过于 绝对
1576130560,回复 : 正方 优势 太足 这个 题目 确实 难 我 也 只是 想到 以前 老师 批评 同学 看 小说 的话 也 只能 帮 到 这里 要 加油 哦
1576144732,回复 : 谢谢 ( ` )
1582808632,谁 赢 了
1582820880,回复 : 还 没 开赛
1624784108,回复 : 明天 开赛 ( ` )
1658880912,回复 : 开赛 了 ~ 最后 正方 赢 了
1658878230,回复 : 正方 赢 了 最后 那个 评委 老师 说 她 更 偏向 于 正方 我们 在 辩题 上 就 输 了 一大半 ( _ )
1665923236,回复 : 揉 揉 没有 关系 的 啦 笑一笑 重在 参与 以后 要 更 努力 呀 ( )
1567009294,呃 我们 老师 还 说 过 辩论 到 最后 逻辑 不是 最 重要 的 气势 是 最 重要 的
1607759775,不 对
1566145182,感觉 正方 全程 有点 诡辩 了 ... 认为 欲望 还是 钱 的 诱导
1565889244,万恶之源
1561693169,每天 看一遍 防止 抑郁
1582823470,666
1594198577,回复 : 666
1623475221,666
1561057704,胡渐 彪 啊啊啊 啊 啊
1560947860,辩论 精采 辩题 蜡味
1559026368,我们 语文 老师上课 给 我们 放 这个 wwww
1554859725,现在 2019 辩题 我们 该不该 吃 狗
1550720370,说 万 是 一切 的 那个 弹幕 比较 有趣 他 说 万 就是 一切 就是 all 请查 一下 万 的 意思 吧 万 大约 就是 比喻 多 而 非 一切
1549517852,兜兜 转转 我 看 了 20 多遍 了
1545731155,给爷 看 的 脑袋 疼
1541392722,大学 想 入 辩论 社
1576053385,加油 哦
1576060649,回复 : 谢谢
1541071116,辩论 不是 你 觉得 哪 方队 就是说 哪方 是 你 分到 那方 都 能 说 我 记得 我进 我们 院 辩论 队 面试 的 时候 就是 先给 了 一个 观点 让 你 想 说完 又 问 你 如果 你 是 反方 要 怎么 反驳 自己
1539400539,这个 辩题 就是 反方 优势
1533366608,其实 辩论赛 挺 有 意义 的 大学 或者 中学 应该 多 组织 学生 参加 对 锻炼 学生 思辨 能力 口才 及 搜集 和 学习 知识 的 能力 团队 合作 能力 都 有 帮助 这么 好 的 活动 可惜 现在 大学 不 重视 经常 参加 辩论赛 对 一个 人 的 塑造 还是 挺大 的 我 觉得
1533103025,有 的 评论 真是 够 柠檬 的 承认 人家 优秀 有 那么 难 吗 先是 在 弹幕 云 辩论 接着 又 在 评论 区 逼 逼 什么 这 只是 比赛 表演 性质 重 不能 算 经典 之类 的 总要 找个 点子 踩 一 踩 才 显得 自己 格外 清高 高高挂起 是不是
1532783084,没想到 我 也 被 别人 坑 了 去 当 辩手
1529214411,简直 是 神仙 打架
1529171308,辩论 是 干什么 的 我 告诉 诸位 辩论 最大 的 用处 就是 交朋友 找对象 这 是 我 和 我 朋友 们 的 亲身经历 这是 锻炼 思辨 的 教育 方式 同时 也 可以 拉 进 志同道合 的 人们 之间 的 关系 其他 的 不 在 本 辩手 考虑 之内
1529092517,心里 明白 就 好 啦
1528720920,王者 局 的 杠精
1527361308,钱 才 不是 万恶之源 人性 才 是 _
1567073243,人性 也 有 善 有 恶 啊 不能 以偏概全 呀
1526069550,告诉 大家 一个 秘密 你 想 看 人文 社科 的 想学 人际关系 的 想 探寻 世间 真理 的 退出 去 你 走 错 频道 了 你 应该 看 百家讲坛 你 应该 看 科学论文 你 应该 看 辩证唯物 你 应该 看 经典 古籍 辩论 是 什么 辩论 本 就 不是 要 探讨 万物 的 真理 更 不是 要 为 你 的 行为 举止 提出 正确 且 有效 的 方法 辩论 比赛 的 根本 是 说白了 就是 撕 逼 就是 嘴炮 不是 把 一个 事情 看透 而是 你 拿到 的 是 黑 的 那 事实 该是 白 的 也 要说 成黑 的 你 拿到 的 是 白 的 那 事情 本来 是 黑 的 也 要说 成白 的 就 像 法庭 一样 你 作为 嫌疑人 的 辩护律师 你 总 不能 反过来 把 你 的 被 辩护人 批 一顿 吧 辩论 是 口才 要 看 真理 的 你 走 错 位置 了
1522545542,弹幕 人均 辩论 大师 呵呵
1522646937,只怕 自己 上场 啥 都 说不出来 吧
1522155413,没 办法 这个 辩题 就是 正方 优势 两方 实力 相当 都 很 强
1528719026,明明 是 反方 的 优势 啊
1528730185,回复 : 对 对 对 笔误 了 玛德
1519780628,* * 二辩 直接 改成 语 意思
1519715907,不 以 成败论 英雄
1518011895,奈何 本人 没 文化 一句 卧槽 行天下
1515222299,我 听 完 的 结果 欲望 是 万恶之源 ~
1514596407,百度 出来 周玄毅 和 马薇 薇 是 男女朋友 关系
1515204917,不是 分手 了 吗
1516018907,回复 : 那 就 应该 是 前 男女朋友 关系
1513366478,周帅 在 结辩 的 时候 还是 犯 了 他 自己 所说 的 另起炉灶 啊
1513160581,逻辑 上 讲 的话 还是 反方 更强 解释 贪 我 觉得 不能 成为 论据 人性本善 的 论据 源于 孟子 但是 从 现代 哲学 角度 讲 人生 来 没有 善恶 之分 更 多 是 后天 环境因素 造成 的
1512091954,你们 不要 说 有 的 没得 了 都 是 看 了 结果 在 说 正方 的 不好 这 人家 评委 都 很 久 才 得出 的 结果 好 吧 23333333
1510374748,正方 破罐子破摔
1510371725,花里胡哨 的 很 强 我 觉得 我 还是 喜欢 做 数学题 的 那种 逻辑推理 的 辨析 啊
1509499102,所有 这 世间 一切 事物 源于 有 了 人类
1508603256,我 不会 辩论 他们 厉害 我 个人 比较 倾向 于 反方 看到 一系列 的 关于 万恶之源 的 辩论 我 都 会 想起 一句 话 枪械 无罪 有罪 的 是 扣动 扳机 的 人
1608131812,我 也 是 这么 认为
1508492803,好 好评
1507061340,恶心 弹幕 你们 装 什么 呢 还有 老 关注 一些 小 细节 你们 真是 鸽子 吗 能 不能 有点 自知之明 更 有 那些 有 老师 推荐 看 的 学生 别 留名 了 这 是 在 给 你们 老师 丢脸
1504732473,我 就 记得 有人 说 过 辩论 的 目的 不是 说 一定 要 告诉 别人 到底 什么 是 正确 的 而是 想 让 人 知道 一件 事情 有 不同 的 方面 我们 需要 辩证 的 去 看待 事物 本身
1502643490,像 这种 高级 别的 辩论 不 应该 出现 这样 有 明显 偏向 的 辩题 因为 正常 的 逻辑 就是 钱 不是 万恶之源 对于 人 的 恶 才 是 正方 一 开始 就 在 辩题 上 不 占优势 但 论证 十分 精彩 可是 反方 只要 用 逻辑 分析 就 可以 找出 正方 问题 评委 的 一票 想 给 谁 谁 就是 胜者 而且 你 还 没 办法 反驳 因为 都 是 高水平 的 辩论 选手 我 其实 就 语言 流畅 度上 来说 比较 站 正方 反方 明显 话 有 的 时候 还 说不清 应该 说 题目 本身 有 问题 不是 辩手 的 问题
1503098247,听 反方 的 口音 普通话 说 得 不如 正方 好 这个 可以 成为 非专业 观众 喜好 的 根据 但 不能 成为 评价 他们 优劣 的 因素
1503115176,回复 : 就 语言 流畅 度上 来说
1505629436,回复 : 确实 有些 话 没 字幕 真 跟不上
1501565355,真想 知道 弹幕 里 几个 是 打过 专业 辩论赛 的 人均 优秀 辩手 了 能耐 到 不行 服 了 来 B 站 搜 发现 居然 有 这个 视频 但是 弹幕 真的 恶心 了
1500537651,我 认为 钱 不是 万恶之源 人才 是 如果 没有 钱人 还是 会 为了 女人 资源 自身 的 欲望 去 行恶
1500220240,正方 一辩 有点 划水 啊 二辩 最 开始 的 驳论 还 挺 好 的 后来 就 有点 下去 了 三辩 不 说 逻辑 气势 上 是 真的 足 并且 语文 表述 能力 真的 强 基本上 都 圆 回来 了 但 没 办法 进攻 对于 正方 来说 确实 不 占优势 而 反方 要 容易 不少 不过 二辩 三辩 和 四辩 其实 说 的 都 不错 逻辑 上 很 好 就是 气 场上 跟 正方 三辩 比差 不过 讲 真的 应变能力 都 太强了
1498741535,在 念 稿子 呢
1497881471,明天 有 辩论赛 的 我 来看 一看 我们 辩题 好 难 - * )
1496549502,看到 后面 已经 有 明显 的 有 价值 的 分界线 了
1491829490,弹幕 一堆 人 说 反方 低俗 在 外国 这 一切 都 可以 是 论据 在 中国 怎么 就 成 了 低俗 明明 都 是 社会 现实 为什么 不 可以 指出 可见 部分 弹幕 年龄
1489343161,弹幕 大神 我 fo 了 一点 都 不会 尊重 人 吗 说 这 说 的 不好 那 说 的 不好 请 了解 一下 辩论赛 在 说好 吗 本来 是 学校 辩论 队 的 老师 放 的 视频 来 b 站 还 真 有 想 看看 弹幕 结果 看到 弹幕 礼仪 就 这 德行
1485369815,反方 二辩长 得 跟 奇葩 说 陈咏开 好像 都 姓 陈 都 来自 马来西亚 难道说 666
1483292042,总 感觉 都 很 厉害 ...... 那么 为什么 不再 相反 辩论 一下 呢 ......
1477955448,反方 拿到 辩题 的 那一刻 已经 赢 了 一半 了
1477453798,看看 弹幕 里 诸位 好似 智者 的 样子 我 大概 明白 为什么 现在 没有 这样 的 节目 了
1477461143,你 管 人家 一辩 说 多少 话 呢 参加 过 辩论会 的 都 知道 一辩 的 作用 就是 开场 立论 主要 辩论 是 二辩 和 三辩 哪怕 全程 一辩 都 没有 讲话 也 没有 多大 的 影响
1482349662,各自 都 有 各自 作用 好 吧
1477218775,我 就 记得 有人 说 过 辩论 的 目的 不是 说 一定 要 告诉 别人 到底 什么 是 正确 的 而是 想 让 人 知道 一件 事情 有 不同 的 方面 我们 需要 辩证 的 去 看待 事物 本身
1488381257,下周一 我 有 一场 辩论赛 学长 告诉 我 辩论赛 关键 不是 要 把 对面 辩倒 而是 坚持 自己 的 立场 坚持 就是 胜利
1475842764,陈铭 没上 吗
1477754459,陈铭 05 年 上 的 大学 啊
1475602781,老师 拿来 当 教材 用 了 这个 视频
1474231473,前来 学习
1473829209,不是 钱 8 行是 人 8 行
1472854299,* * 我服 了 打死 我 也 不当 正方 如果 他们 认为 钱 是 万恶之源 的话 我 就 替 他们 恶好 了
3999722572,抽签 决定 辩题 辩论 是 看 技巧 而 不是 原有 的 辩题 真理
1472412485,为啥 不能 下载 啦
1472031047,那 时候 盖个 房子 好像 就 几千块
1471759923,主持人 的 口音 像 范伟 呢
1471541448,反方 辩题 比较 好辩 啊
1470784780,胡渐 彪 诶
1470667067,真的 不 知道 为什么 纠结 口音 不看 字幕 都 能 听懂
1469881215,弹幕 里 很多 都 没有 打 过 辩论 就 提出 怎么 怎么 不好 根本 看不到 稿子 中 的 本质
1469710931,正方 拿题 输 一半 反方 中文 输 一半
1469473670,纯小白弱 弱 的 问 一句 辩论 有 什么 意义 呢
1469515148,辩论 出 的 真理 比 你 的 存在 更有意义
1469805065,很大
1472454217,请 见 置顶 热评
1472860381,一件 事情 的 意义 不 取决于 它 本身 而 取决于 你 想 做 什么
1469400178,刚出生
1469309496,啥时候 能 辩论 一场 键盘 侠 厉害 还是 杠精 厉害
1469283152,大概 十余年 前 高中 的 时候 看过 的 辩论赛 已经 不 记得 辩手 说 了 些 什么 了 只 记得 特别 棒 今天 在 B 站 搜 辩论 居然 发现 这场 在 搜索 结果 中排 第一
1469272454,明明 不 认可 论点 却 还要 坚持 为 之 诡辩 所以 不得不 靠 华丽 词藻 与 无数 史实 例证 ( )
1469113373,正方 四辩 最后 的 总结 失分 太 多
1468944247,该 辩论 在于 万恶之源 的 万 是不是 概括 全部 如果 是 那么 正方 错误 如果 不是 只是 表示 大部分 那么 就是 正方 正确
1468822368,弹幕 我服
1468784484,中国 文字 博大精深 啊 四个 字 是 单独 的 也 或许 是 成语 正方 一 开始 的 下套 它 是 一个 成语 反方 入套 正方 辩论 在 过程 中 告诉 对方 这 不是 成语 钱 是 万恶之源 题目 的 漏洞 又 没 说 是 成语 反方 反应 过来 的 时候 已经 晚 了 被 拒 局限 在 了 成语 里 以上 纯属 瞎编 你 还 看 完 了 那 就 点赞 吧
1468223730,终于 搜 到 这个 系列 视频 了 曾经 一直 英国 队伍 给 我 留下 了 深刻印象 我们 不 试图 推翻 对面 的 观点 只是 用 适当 的 方式 表达 出 自己 的 观点 并 让 观众 更 接受 我们 的 观点
1467722165,b 站 的 键盘 辩手 可真 多 啊
1467428679,墙头草 路过
1467325177,胡渐 彪 666
1467243947,没钱 才 是 万恶之源
1466952536,这个 辩题 如果 我 破题 的话 我 不会 纠结 于 万 的 定义 靠 一点 扳倒 反方 太难 了 对方 有 天然 逻辑 优势 不过 我会 从马哲 入手 强调 经济基础 决定 上层 结构 经济基础 是 一切 社会关系 的 基础 而 目前 经济 关系 以 金钱 流通 金钱 既然 是 社会关系 的 最 基础 组成 当然 可以 作为 万恶之源
1468936253,同时 也 是 万善 之源 ( )
1472458978,正方 一辩 立论 也 说 到 这点 了 反方 对 其 的 反驳 是 钱 没有 主动性 另外 您 的 表述 中 可以 作为 和 已经 就是 我 认为 是 不能 等同 的
1466693428,我 觉得 还是 关掉 弹幕 好 什么 叫 辩论 如果 当 你 拿到 了 一个 完全 对 你 没有 利 的 辩题 你 却 依然 要 去 为此 辩 也许 你 以 一个 旁观者 的 身份 可以 很 轻松 的 去 评论 但 如果 你 成为 了 场上 的 任何一方 时 你 就 知道 你 的 每 一句 话 都 要 经过 无数 的 思考 才能 说出
1466654744,法学 的 也 不 都 是 文科生 啊 弹幕 一群 讨论 文理科 的 唉
1465381618,主席 别扭
1463323864,正方 一辩 就 说 了 两次 话
1461908519,弹幕 大佬 真 多
1460716368,弹幕 真 有意思 你 说 的 每 一句 话 都 是 思考 之后 打字 出来 的 人家 可是 现场 那么 多人 看着 的 临场发挥 还 觉得 自己 比 人家 多 厉害 挑三拣四 的 八位 辩手 现在 都 是 人 中 龙凤 说 别人 之前 看看 自己 叭 吐吐
1460366374,正方 命题 太 劣势 了 反方 要是 把源 卡死 就 更 难 反驳 了 吧 毕竟 钱 出现 之前 就 有 恶 的 存在 那钱 就 不能 算 作恶 的 源头 吧
1459197591,感觉 我 在 看 的 时候 就是 个 墙头草 正方 说 的 对 喔 反方 也 对 喔
128860207712,没有 我 坚定 反方
134300522240,回复 : 有没有 一种 可能 人家 是 说 自己 是 这个 情况 没问 你 咋样
147221434720,回复 : 对 呀 正 如同 也 没 问 你 而 你 却 发 评价 给 一层
147602598592,回复 : 对 啊 你 也 是 这样
188264269472,楼上 直接 打 一架 吧
1459024288,有些 弹幕 到底 知道 什么 叫 辩论 吗 ...
1458893142,恕我直言 那些 在 弹幕 上 喷 这个 喷 那个 的 键盘 侠 根本 没 参加 过 辩论会 吧 背稿 背个 卵 你 怎么 知道 对方 辩友 从 哪 给 你 摆 一道 儿 捡 个 漏洞
1451768021,我 一个 不 懂 辩论 的 都 看 得 热血沸腾 真的 精彩 啊
1447560572,其实 武大 的 语文能力 更强 但是 说真的 反方 辩题 真的 有 优势 逻辑 上 基本 碾压 因为 普遍 的 想法 是 钱 真的 不是 万恶之源 正方 要 做 的 是 蛊惑 而 反方 只 需要 坚守 说真的 有点 运气 成分 了
1460017793,你 说 的 这些 因素 评判员 都 会 考虑 进去 的
1460174493,回复 :
1472646370,回复 : 对 辩论赛 不是 看 谁 说 的 有 道理 而是 谁 的 辩论 更加 精彩 正方 在 很多 问题 上 回避 太多 了
1662266744,回复 : 辩论 辩论 嘛 要是 能 分出 对错 的话 那 就 不 叫 辩论 了
1662358190,回复 : 辩论 分 的 不是 对错 是 输赢 呀
1767372677,一般而言 逻辑 劣势 方在 比赛 中 其实 是 占优势 的 尤其 是 在 一些 评委 能力 不 那么 强 甚至 有 观众 投票 环节 的 比赛 中 我 非常 乐意 抽 一个 一九开 的 劣势 辩题
1768099143,回复 : 稍微 正规 一点 的 辩论 就 不会 有 观众 投票 奇葩 说 那种 严格 意义 是 上 不算 辩论 演讲 的 比例 大 建议 多去 关注 正规 的 比赛 辩题 不会 出现 91 开 最 多 64 开 而且 博取 同情 和 弱势 加分 是 不 存在 的 先 看 逻辑 再 看 语言表达 三看 配合 四 看着 装 建议 自身 多去 参加 大学 辩论 比赛
1768116878,回复 : 评委 能力 有高有低 但 他们 绝对 能 听 出 逻辑 听懂 逻辑 然后 依照 逻辑 总而言之 辩论 是 逻辑 框架 的 对冲 不 存在 什么 弱势 反而 简单 因为 弱势 都 是 和 困难 挂钩 的 在 正式 比赛 里 诱导 裁判 可以 把 裁判 当 傻子 那 就 不 知道 到底 谁 是 傻子 了
1768784658,回复 : 在 我 打过 的 一些 高校 联赛 中 遇到 过 几次 评委 中有 一些 马克思 学院 或者 文学院 教授 领导 之类 的 评委 他们 有 理论 功底 但是 终究 不是 专业 的 辩论 评委 所以 蛊惑 他们 也 存在 一定 的 可行性
1768984448,回复 : 那 你 加油 我 觉得 你 这样 不止 把 评委 当 傻子 主要 是 把 对面 当 傻子
2022773036,辩论 本来 就 应该 用 一些 争议性 的 问题 这个 辩题 很 明显 正方 只能 诡辩 因为 本质 上 欲望 才 是 导致 恶 的 原因 金钱 或者 性 权力 都 谈不上 什么 万恶之源 因为 它们 本质 上 都 指向 人 的 欲望
2136101346,要 說 錢 是 萬惡 之源 可以 從物質 上 來 說 比如 屠殺 沒 有 錢 就 完成 不了 等等 從 事情 的 本源 去 爭定 義這些 題目 沒有 是非 對錯 可能 有 一方 會 比 較 難 但 結果 都 是 看 辯論 技巧 和 口才 氣勢 的
2497420681,回复 : 不 回避 还 能 怎么样 他们 自己 也 觉得 不合理 这 就是 反方 的 优势 了
2570235810,欲望 才 是 万恶之源
2756867837,压倒性 优势
2756892953,同意 那些 说 没有 优劣 之分 的 不 觉得 无耻 吗 当 立论 点 很少 的 时候 光谈 逻辑 就是 耍流氓 真 要 武汉大学 和 马来亚 大学 掉 个 个儿 谁 输 谁 赢 还 真 不 一定
3584966956,回复 : 如果 考虑 进去 就 应该 是 正方 赢 了
3616935021,裁判 都 是 严选 的 会 考虑 到 你 说 的 站 在 客观 的 立场 考虑 这 是 当 裁判 的 原则
3668525135,你 压根 不 懂 辩论 罢了
3671566317,打 辩论 的 时候 明明 自己 也 觉得 对方 说 的 是 对 的 却 还要 继续 编 感觉 好 痛苦
3682662889,武大 还 真 就是 运气 好 如果 半决赛 抽 的 是 正方 怕 是 要 被 新加坡 大学 抬 走
5418537464,把 马克思 搬出来
5501545094,回复 : 半决赛 武大 也 占 最初 的 逻辑 优势 啊
99177209136,回复 : 半决赛 那个 实际 差距 太大 了
128859333664,我 倒 觉得 正方 堆砌 了 太 多 华丽 辞藻 绕来 绕 去 的 不 抓 实点 给 我 感觉 很 疲惫 没有 反方 辩论 好看
137443539472,这种 级别 的 辩论赛 就 别说出 哪方 论题 占优势 这种 没有 见识 的话 了
179428539408,回复 : 你 错 了 劣势 题 只要 对手 抓住 劣势 你 怎么 打 都 赢 不了 抓住 硬核 怎么 都 输 除非 你 魅惑 力强 对手 能力 弱 被 带 偏 所以 实力 加 运气 更 重要
1447074114,反方 更 有 逻辑 啊
1444462023,这个 辩题 真的 反方 有利 的 感觉 我 个人 看法 不喜 勿 喷 正反 只能 论证 钱 是 万恶之源 反方 则 可以 论证 钱 不是 万恶之源 也 可以 论证 钱 中立 就 不是 万恶之源 总 感觉 辩题 还是 反方 有利 而且 说 双方 四辩 差距 大 的 去 看看 以 成败论 英雄 是否 可取 的 那 一场 周玄毅 ( = = )
1444226468,看 完 学校 的 辩论 很想 上去 试试 再 看 这个 辩论 突然 怂 了 神仙 打架
1460008121,先看 了 这个 觉得 辩论 都 这样 直接 不敢 试 了
1637936016,回复 : 哈哈哈哈 哈哈哈 我 看到 这个 自信心 直接 幻灭
2022607123,我 也 觉得
3316813645,都 是从 开始 一点点 打 辩论 积累 的 不是 所有 辩手 都 能 像 这些 大神 一样 的 你 看 这种 经典 的 比赛 两边 坐 的 可 都 是 辩圈 大神 当然 是 神仙 打架 还是 有 很多 烂 比赛 的
4301719576,回复 : 看 状态 当时 学校 辩论赛 就是 输给 气象 系 了 我 就是 那届 最佳 辩手 后面 第二年 我 就 不 参加 了 没 自信 了
128930646960,我 也 想 试试 的 然后 来 阿 b 看看 辩论 视频 看 完 就 想 放弃 了
129019144720,01 年 的 名校 学生 和 现在 的 名校 学生 可不是 一个 水平 的
129085839808,救命 已经 报名 了 没想到 搜 到 这个 东西 有 稿子 的 环节 还好 即兴 辩论 的话 我怕 不是 一句 话 都 挤 不 出来
129304148768,回复 : |
133614876272,哪 一方 都 有理 太强了 思维 逻辑 和 表达能力 很 拽
134519979152,你们 学校 的 应该 没有 他们 强
145147937088,回复 : 我们 是 有人 临时 有事 找 了 我们 一个 东北 班长 上来 说话 傻乐 半天
164231042992,别怕 本院 队 辩手 告诉 你 除了 一些 天赋 选手 新生 大家 都 差不多 打 比赛 都 很 难 抓住 重点 当然 如果 你们 的 学校 很 牛 比如说 清北 的 学生 多少 会 有 一些 知识 积累 和 思维能力 的 优势 当 我 没 说
168441413968,经典 比赛 就 只有 这 几场 看不下去 的 烂 比赛 有 很多
175207158448,回复 : 为什么 要说 三辨 女生 辩论 时急 红眼 大有人在 啊 你 这么 说 就 好像 新闻 上 大字 标出 的 女司机 一样
177654648544,回复 : 求 指路
186662221376,只要 逻辑 理 清楚
188400221328,放心 对面 跟 你 水平 相近 不然 大部分 情况 下 不会 匹到 一个 场次 里 的 大胆 去 辩
189216637216,学校 那个 叫 抬杠 哈哈哈
196190228304,回复 : 啊 哈哈哈哈 这 不至于 吧
205009690800,回复 : 因为 谎言 不会 伤人 真相 才 是 快刀
209936786304,感觉 这 两方 辩论 都 有 很多 槽 点 只有 我 丹丹 认为 那个 女生 我 对 他 的 反驳 就是 人造 了 钱 然后 因为 没有 好好 运用 自己 造 的 钱 然后 就 把 所有 万恶之源 推到 干 的 身上 那 人 是不是 更 饿 呢
215524331888,回复 : 我 影响 比较 深 的 是 93 年 的 人性本善 和 人性本恶 的 辩论 温饱 是不是 谈 道德 的 必要条件 01 年 的 是否 以 成败论 英雄 和 钱 是不是 万恶之源
222690711520,回复 : 展开 说 说 槽 点
223780056496,"这 不得 need , Dave 疑问句 look looked live lived 推 00 Stu"
223903303744,1741
242798207697,我 只能 说 钱 的 利 应该 是 大于 弊 的 社会 的 发展 离不开 这个 媒介 虽然 人为财死
245358997120,回复 : 并 不是 有些 跟 菜市场 吵架 一样
262016046385,我 噻
264237538736,好累 啊 呜呜 呜呜 妈 摆烂
287724893968,还是 很 有 优势 的 毕竟 跟 人 吵架 的 时候 容易 被 人 转移 话题 偷换概念 提前 练一练 对 很多 事情 有 好处
287769970624,回复 : 多 辩论 你 的 逻辑 自己 就 出来 了 以前 我 连 别人 人身攻击 我 我 都 不 知道 现在 我 几秒 就 知道 他 说 的话 的 本质 和 我 说话 的 本质 有 什么 区别
288338430080,大一 辩论 从 法理 到 人性 从 过去 到 未来 从 幸存者 偏差 到 囚徒 困境 最后 我 最后 我 直接 化身为 三体 威哥 说 牺牲 小 部分 人 造福 大部分 人 是 最优 解才 结束 比赛 论题 是 有 一个 让 所有人 只有 一个 让 所有人 只能 说 真话 的 机器 要 不要 用 我 是 正方 我们 赢 了
288708775632,考古
290321472480,考古
294258110544,回复 : 物是人非
294306167280,回复 : 七年 了
1443219699,OX beer 啊 弹幕 高手 真是 没 眼看
1443194254,唉 因为 要 比赛 而 恶补 的 不是 我 一个 把
1468722348,Csq ?
1442253029,神仙 超级
1441831375,任何事物 都 有 它 的 兩面性 錢 在 某種 程度 上 確實 是 萬惡 之源 貪污腐敗 搶 劫 偷 盜 等 許多 案例 中錢 幾乎 都 是 主角 但 如果 生活 中 沒 有 錢 大家 又 會 是 怎 麽 樣 的 呢 還會 像 現在 這般 充滿 鬥志 嗎 社會 還會 有 發展 嗎 錢 的 重要性 是 不可 忽视 的 如果 利用 的 好 他 會 是 廣大 老百姓 的 福音 看看 高鐵三峽 水壩 港珠 澳大橋 等 哪個 不是 用 錢 砸 出來 的 而且 他們 也 確確 實實 造福 了 人類 使得 人們 的 出行 更 便捷 許多 人家 都 能 通上電 夜晚 不用 在 漫長 黑暗 中度 過等 因此 如果 單純 地將 錢視作 萬惡 之源 這種 看法 無疑 是 愚蠢 的 個 人 觀點 不針 對 任何 辯手 不要 因為 錢 的 負面 影響 忽視 了 錢給 大家 帶來 的 正 能量 PS 說 在 最 後 希望 諸位 網友觀 看 辯論賽 時能 圍繞 這個 辯題 進行 討論 或 討論 各位 辯手 的 表現 而 不要 扯 辯手 的 長 相 口音 這類 雞 毛 蒜皮 的 小事 ( 口 ) (
1440079477,为什么 从 一站 到底 来
1447080874,反方 一辩 是 名校 场 剑桥大学 的
1447115644,回复 : 哦 哦 这样 啊
1429631197,贝贪员
1429344323,冠军 队伍 意料之中 mvp 也 实至名归 很 公平 的 辩论赛 啊
1429317443,万恶之源 就是 原点 没有 发展 出 一切 的 点 就 没有 恶 了
1451920055,这个 就 不 对 了 吧 一个 奇点 的 产生 它 并不知道 它 的 发展 方向 是 什么 万恶之源 本身 就 一定 是 恶 吗
1428480077,没钱 才 是 万恶之源 ( _ )
1427891249,金钱 好惨 啊 啥 都 要 背锅
1427555375,最 经典 的 不 应该 是 93 年 的 舌战 狮城 吗
1422587013,突然 被拉去 要 比赛 凌晨 一两点 补 知识 的 我
1423239334,握 爪 QAQ
1438179618,一样 啊
1440395926,一样 啊
1421516274,看 了 好多遍 了
1420464102,看 完 了 感觉 反方 普通话 真的 不 顺畅 前面 难分伯仲 到 四辩 的 时候 反方 比较 有力 正方 一长串 排比 却 没有 有力 的 反驳 有点 空洞 反方 赢
1427792974,我 感觉 正方 以为 胜券在握 了 所以 最后 半分钟 在 水 时间 堆砌 词藻 他 一 开始 就 说明 了 结论 他们 只要 证明 万 不 代表 一切 细微 的 罪恶 而 可以 引发 大部分 的 罪恶 就 可以 了 而 他 已经 证明 了 所以 最后 只能 划水 混 时间
1452654578,我 觉得 挺 顺畅 的 啊 语速 也 很快 了 带点 福建 广东 的 感觉
1472479785,我 认为 只是 正方 观点 被 语言 修饰 的 太 多 了 他 其实 针对 反方 总结 的 钱 一会 是 万恶之源 一会 是 万善 之源 所以 钱 不是 万恶之源 的 观点 进行 了 反驳 钱 本身 是 中性 的 但 恶 都 由 钱 产生 所以 是 万恶之源 而 人性 光辉 所以 钱 也 可以 成为 正 能量 的 源头 钱 既 是 万恶之源 也 是 万善 之源 这 就 破解 了 反方 的 逻辑
1420486202,为啥 我 觉得 马 拉西亚 的 辩论 员 辩论 起来 都 一顿 一顿 的 呢 他们 不 擅长 说 普通话
1420471087,原丁 偷换概念 的 厉害 但是 他 辩论 是 真的 很 顺畅
1415051511,我 觉得 还是 开 弹幕 看好 呢 毕竟 辩论 是 要 给 观众 看 的 弹幕 就是 观众 的 心里话 赛场 上 没 机会 说 到 了 这里 就 全说 出来 了 ( ) 辩论 是 有 表演性 的 呢
1412174071,每次 刷 一遍 金钱 辩 再 想到 学校 辩风 依然 盛行 辩赛 一票 难求 就 感觉 很 开心
1410780682,现在 的 辩论赛 已经 误入歧途 陷入 古希腊 智者 派 的 泥淖 或者说 现代 辩论 的 起源 就是 古希腊 本来 把 只 占 一部分 道理 的 论题 讲全 把 对方 的 另一半 道理 说成 是 错误 的 就是 搬弄是非 的 行为 与 追求真理 相比 他们 更 在乎 如何 赢 了 这 长期 比赛 这 就是 普罗泰戈 拉 和 苏格拉底 的 区别 这 就是 哲学家 和 杠精 的 区别 辩手 们 明明 觉得 对方 的话 有 道理 也 不得不 因为 利益 而 说 对方 王顾左右而言他 或者 在 听不懂 对方 讲 什么 的 时候 直接 说 对方 恰恰 印证 了 我方 观点 然而 如今 只有 小孩子 才 认为 非黑 即 白 而 大人 却 要 学会 辩证 的 看待 问题
1407697394,弹幕 教 我 辩论 学到了 今天 这 8 位 选手 的 辩论 远远不如 各位 弹幕 大神 的 发言 精彩 希望 以后 这种 辩论 大赛 从 弹幕 里面 找 我们 的 国家 埋没 了 真正 的 辩论 人才 真令人 痛心
1452662674,臣 附议
2268589909,辩论 只能 体现 思维 灵活性 和 严格 推理 还有 很大 差距 理科生 这么 多 辩论 大家 都 认为 是 文科 内容
2390546319,是 啊 是 啊 弹幕 一席话 胜读十年书 同 为 天才 们 的 埋没 痛心
2932028602,回复 : 唉 不是 我们 国家 埋没人才 是 弹幕 大师 还要 拳打 诺贝尔 脚踢 贝多芬 高音 秒杀 维塔 斯 球技 吊打 梅西 绘画 干翻 达芬奇 舞蹈 盖过 皮娜 鲍什 奥运会 世界杯 的 赛场 都 需要 他们 自然 无暇 辩论 了
2949854445,你们 才 是 秀儿 吧
3005454820,回复 : 毕竟 网上 人均 诺贝尔奖 得主 啊 ! / dog
1407150181,武大 妹子 多站 起来 啊 ( ; ) 你们 几个 大 男人 多 让 让 女孩子 表现 一下 嘛 这样 很 不 好看 的
1401815868,过来 洗脑
1397305321,这个 题 辩论 到 了 最后 难免 又 和 人性本恶 还是 善有 联系
1386929563,反方 三辩 好 厉害 呀
1415276933,确实 厉害 ( ) 说 黄暴 例子 使 我 脸红 ( ) 而 他 仿佛 内心 毫无 波动
1386336860,我 觉得 源字 是 关键 钱 是 一种 工具 有 替代性 所以 怎么 可能 成为 源
1402791880,是 万 这个 字
1384848779,弹幕 不行 辩论 素养 不行 算了 个人 素质 也 不行
1376911325,弹幕 里 一堆 辩论 专家 给 你们 一个 键盘 奖
1371885870,从 某种程度 上 来说 93 届 其实 带坏 了 大陆 的 辩风
1551934942,此话 怎讲
1559110254,回复 : 从此 花辩 风行 大陆 金庸 老爷子 其实 在 93 年 决赛 点评 的 时候 就 已经 说 过 了 复旦大学 整体 流动性 很 好 夸赞 云云 但 言辞 过于 华丽 可惜 当时 大陆 辩论 只 注重 了 花辩 的 气势 优势 忽略 了 逻辑 这一 要点 直到 01 年花 辩 被 逻辑 辩 狠揍
1366838009,有 逻辑 鬼才 也 有 诡辩 鬼才
1364313487,上次 看到 这场 辩论 都 是 三年 前 的 事情 了 ( ` )
1364170141,其实 我 觉得 这场 比赛 要是 放到 现在 并且 让 bilibili 弹幕 辩论 队 参赛 的话 鹿死谁手 还 未可知 呐
1345065848,如果 是 第一次 来 享受 这场 无论 看 多少 次 都 是 经典 之战 的 辩友 劝 一句 第一次 看 绝对 绝对 不要 开 弹幕
1345010828,辩论 除了 要 写 东西 能 妙笔生花 花团锦簇 还要 说 的 时候 语调 有 抑扬顿挫 能 根据 对方 话语 立刻 组织 词句 真的 不 简单 的 不是 在 弹幕 里发 一点 东西 就 觉得 自己 能 辩论 了 完全 不 一样 的
1398831810,语言 抑扬顿挫 哪 又 不是 演讲 辩论 就是 逻辑 没什么 感情 本身 逻辑 就 被 语言 束缚 了 很 难 准确 表达 你 还要 语音 感染 那 还是 辩论 吗
1343117923,其实 换个 角度 正方 就 好 打 了 把 钱 比作 资源 那么 一切 的 恶 都 是 由 资源 不 平等 引起 的 从 这个 角度 去 辩论 就 能 赢
1427823906,恶 的 来源 很多 不是 一切都是 资源 不 平等 比如 一个 人 在 不知情 时 做 了 错事 或者 好心 办 坏事 了 能 说 这个 不是 作恶 了 吗 具体来讲 之前 看过 一个 新闻 三岁 的 姐姐 因为 好奇 把 一岁 弟弟 的 小 jj 剪 了 这 绝对 是 作恶 吧 正方 的 破题 我 觉得 是 很 好 的 了
1428396105,回复 : 好心 办 坏事 是 无知 带来 的 恶 如何 让 一个 人 由 无知 走向 博学 教育 才 是 灵药 一个 人 越是 博学 懂得 越 多 那么 这个 人 就 越 不 容易 出错 尤其 不会 犯大错 而 教育 也 是 资源 因为 这种 资源 的 不 平等 所以 才 带来 了 很多 无知 的 人
2296205223,回复 : 李 天一 李刚 这种 资源 多 的 人 也 犯恶
2382151524,回复 : 对 所以 说 是 资源 不 平等 引起 的 恶 你 的话 从 另一方面 帮 我 证明 的 我 的 正确
1338592464,在 想 为什么 双方 要 在 万字 上 做文章 为何 不 在 钱 字 上 提出 等价 的 观点 证明 钱 是 万恶之源
1377456145,不好 提 这样 优势 就 体现 不 出来 了
1338486901,真的 很强 很 强 稍微 不 留神 根本 跟不上 前辈 们 真的 都 是 大神 啊 语文能力 强到 飞起 例子 随口 就 来 逻辑 和 立场 都 很 坚定 漏洞 的 关键 都 抓 的 很 准确 我 真的 佩服 佩服 双方 令人 很 享受 的 一场 比赛
1342945861,重点 是 书 要 看 的 多 了解 的 事情 要 多 这样 才能 做到 去 辩论 对面 你 要 带 节奏 诡辩 什么 的
1332921866,我 思考 了 一下 如果 一个 人 什么 事 都 没 做 就 不 可能 被 称为 英雄 人 一旦 做 了 可 使 自身 被 称为 英雄 的 事人 在 那一刻 就是 成 成功 的 做 了 一件 事 这事 甚至 可以 是 决定 去 做 另外 一件 事 只要 这 事 可是 他 自身 被 称为 英雄
1332922170,不好意思 走 错场 了
1330608773,反方 真的 打 下来 很多 点 尤其 是 自由 辩拿点 很多 不 只是 渐彪 哥哥 一个 人 的 成绩 呀
1324496228,正方 钱 可以 导致 许多 的 恶 反方 所有 的 恶 都 是 钱 导致 的 看 定义 的 理解 了
1321117139,可惜 了 b 站 弹幕 选手 没 组成 一队
1319409466,风华正茂 书生 意气 天之骄子 武大 几位 都 很棒 可惜 感觉 正方 辩点 不 占优势 吃 了 点 亏
1313151071,评比 该 谁 是 冠军 不 应该 以 你 偏向 于 哪个 观点 论断 之 而 应该 以 那边 评论 更 出彩 以论 之所以 武大 完胜
1344166878,第一次 看 辩论赛 辩论赛 比 的 是 逻辑 能力 不是 比 谁 的 文采 好
1313143469,冠军 应该 给 武汉大学 队
1301528172,人 是 万恶之源 人 本质 是 复读机 由此可见 复读机 是 万恶之源 ( = = )
1297408673,反方 钱 不是 万恶之源 欲望 才 是 正方 万 不是 全部 这样一来 反方 绝对 赢
1300450918,绝对 什么 啊 绝对 人家 那么 强 不会 找出 漏洞 反驳 吗 你 是 看 完 在 这 找 漏洞 出 的 建议 又 是 一个 自我 牛 逼 一句 话 就 能 秒 敌 的 键盘 辩论 高手
1300746606,我 只是 复读机 这个 观点 又 不是 我 自己 说 的 云 批评家 你 又 来 啦 看 完 视频 再 bb 行 吗
1294924029,几位 选手 都 非常 优秀 我 倾向 于 反方 是因为 我 本身 也 不 认为 钱 是 万恶之源 反方 辩手 也 都 很 清晰 完整 的 把 逻辑 观点 都 表达 了 出来 而 正方 更 像是 戴着 镣铐 跳舞 也许 他们 内心 也 是 站 在 反方 但是 辩论 的 目的 是 为了 辩倒 对方 而 不是 达成 一致 在 反方 很多 直接 且 无可辩驳 的 问题 面前 正方 依旧 做到 避重就轻 偷换概念 旁征博引 理直气壮 虽然 没什么 逻辑 说服力 却 也 不得不 令人 佩服 我 想 辩论 的 关键 不是 在于 你 论证 的 观点 是否 正确 而是 当 你 持 正确 观点 是 能否 清楚 的 阐述 解释 并 无可反驳 的 说服 别人 当 你 持 不利 观点 时 又 能否 避重就轻 理直气壮 的 * * * * 即使 别人 明知 你 的 观点 不 对 却 又 不知 从 何处 反驳
1371069294,所以 正方 反方 两边 都 知道 钱 没有 办法 涵盖 世间 所有 的 恶 但是 如果 是 这样 一 开始 正方 就 不用 辩论 了 所以 辩题 里 的 万恶之源 肯定 是 数量 繁多 的 恶之源 不是 一切 恶之源 如果 一切 恶之源 的话 正方 辫 什么 呢 钱 无法 涵盖 世间 所有 的 恶 正方 也 说 过 这句 话 呀
171446695808,很难 不 赞同 观点 方面 正方 太 吃亏 了 很 不好 辫 毕竟 反面 例子 太多 了
1293183579,之前 也 是 这个 节目 到底 是 哪场 来 着 太精彩 了 这个 口音 我 有点 遭 不住
1421244308,是不是 成败 英雄 论
1291808310,正方 一辩 是不是 被 掐 了 一段
1289839758,我们 国家 的 优秀 的 辩手 应该 相当 多 啊 毕竟 弹幕 一抓 一大 把 啊 ( )
1292373015,可惜 没法 见光 辫 的 时候 靠 键盘 可 还行
1288923126,我 总 觉得 马来亚 大学 和 世新 大学 的 人 一直 都 或多或少 地 吃 了 普通话 的 亏
1288976425,袁丁 这 一套 下来 真是 行云流水 啊 感染力 很强
224559567152,我 也 喜欢 袁丁
1288717854,好好看 啊 希望 以后 还有 辩论赛 再 复兴 的 一天 吧 比 现在 的 一些 综艺 好看 多 了 ( )
1288107837,以后 看 辩论赛 再开 弹幕 那 我 是 sb ( )
1287288348,上 辩论 台话 都 说不清 的 人 都 到 这 指点江山 了 爷 想 吐
1287263040,归根结底 还是 万不万 的 问题 万恶之源 一词 的 释义 是 一切 罪恶 的 源头 正方 能够 冒 着 明知 这个 词 的 词义 的 风险 还要 去 说明 这个 万 不 代表 一切 而 代表 是 单纯 由 钱 带来 的 罪恶 的 数类 在 这 一点 上 已经 很 优秀 了 如果 辩题 改成 钱 是否是 恶 的 源头 那 谁 胜 谁 负 真的 是 两 说 了
1371062088,辩题 里 的 万恶之源 如果 真是 一切 恶之源 的话 正方 开始 就 输 了 还 用 辫 什么 难道 他们 不 知道 钱 无法 涵盖 世间 所有 恶 吗
1286928409,果然 还是 高手 在 键盘 啊 辩论 比赛 不敢 开 弹幕 了
1286413553,emmmm 其实 正方 最 完美 的 逻辑 就是 万 不 代表 全部 而是 很多 这个 逻辑 只要 成立 那么 正方 只要 举 几个 钱 作恶 的 例子 就 能 胜利
1287003452,可惜 反方 就是 不让 他 成立
1289745934,反方 胡渐 彪 就是 借着 这个 很多 的 反 逻辑 偶尔 也 不是 就 可以 用 正方 立论 来 证明 反方 的 不是 万恶之源 成立
1371071235,回复 : 那 贪婪 也 不是 万恶之源 因为 还有 仇恨 导致 恶行 发生 恶心 也 不是 万恶之源 因为 嫉妒 吝啬 也 会 导致 恶心 发生 那么 世间 有 一个 东西 能 成为 万恶之源 辩题 里 的 万恶之源 肯定 是 数量 繁多 的 恶之源 阿 如果 是 一切 恶之源 的话 正方 辩论 都 不用 辩论 就 已经 输了钱 无法 涵盖 世间 所有 恶一 开始 正反方 都 知道 这个 点 所以 一个 词语 得 看 他 用 在 什么 环境 里头
1286129179,某些 睿智 弹幕 给 我 闭上 你 的 臭 嘴
1285817079,弹幕 都 是 一些 什么 * * 跟 辩论 完全 无关 的 东西
1285835737,弹幕 真的 感人
1285501773,1080p 什么 鬼
1285313338,口才 是 真的 好 佩服
1285270358,莫非 鬼畜 不是 万恶之源 ( )
1285090714,看到 弹幕 这么 多 辩论 大手子 我 就 放心 了 滑稽
1285020503,人 之 初 金 暴 性 Q E D
1284578720,金钱 没有 任何 意义 只是 人 赋予 它 的 意义
1284390432,人家 叫 辩论 我 一般 都 是 犟嘴 和 抬杠
4387347939,那 是 你 自己
4400531106,回复 : 莫名其妙
1283865353,辩论 学好 了 去 当 律师 然后 人生 巅峰 ( _ )
1287240081,想 多 了
1273041632,一直 觉得 辩论 是 高级 猴戏 今天 看 了 这场 ( _ ) 还是 这么 觉得 真理 只有 一个 怎么 讨论 都 是 给出 对方 没有 说 到 的 点 和 逻辑 连接 方式 除此以外 全都 是 诡辩
1283773380,猴戏 就 太 伤人 了 比方 你 热爱 篮球 我 说 篮球 就是 * * 猩猩 打架
1284296855,回复 : 是 的 哦 嘿嘿 其实 我 是 起 着 反正 我 嘴巴 厉害 没人 说 的 过 我 的 心思 才 在 用词 上 放肆 的 不过 我 说 猴戏 也 不是 为了 侮辱 的 目的 而是 我 觉得 用 这个 词来 形容 很 恰当 往 小点 说 带 只 猴子 到处 表演 的 赵本山 他 儿子 天佑 的 直播 都 是 猴戏 定义 可以 归纳 为 刻意 展现 某 方面 来 取悦 人们 的 表演 性质 的 行为 而 往 大 点儿 说 就是 赵本山 本人 的 小品 还有 这 辩论赛 也 都 是 猴戏 只是 这 辩论赛 特殊 了 点玩 辩论 的 人 不会 像 我 这么 想 他们 没有 猴戏 表演者 或者 赵本山 那样 的 自觉 总 觉得 自己 是 为了 荣耀 而战 之类 的 其实 所谓 比赛 就是 给 观众 看 的 设置 个 冠军 亚军 的 名头 给 你们 争 就是 为了 观众 看 的 爽快 刺激 噢 澄清 一点 我 指 辩论赛 不是 辩论 哈哈
1285968942,辩论 本来 是 好 的 搞 成 比赛 就 变味 了 ( )
1287300991,回复 : 猴戏 除了 指 真正 由 猿猴 表演 的 项目 外 还 用来 比喻 人们 一些 装模作样 流 于 表面 的 行为 直接 把 猴戏 说成 贬义词 你 就 站不住脚 了 你 要么 用词不当 要么 人身攻击
1287420087,回复 : 哪有 贬义 噢 不过 是 人们 接受 不了 我 可不 觉得 表演 有 什么 不好 的
1288228388,回复 : 自行 百度
1288781014,回复 : 看来 你 没 明白 可惜 了 我 整层 楼下 来 都 在 说 这个 ( _ )
1289278063,回复 : 自己 理解能力 不行 还 倒打一耙 是 什么 操作 你 不 觉得 那 不是 贬义 了 学术 辩论 被 你 比喻 成 猴戏 还 自 以为 嘴皮子 厉害 可以 颠倒黑白 都 给 你 解释 的 那么 清楚 了 都 能 当做 没 看见 猴戏 用作 猴戏 它 就是 单纯 的 意义 被 用作 比喻 他人 行为 时 衍生 出 的 是 贬义 说 了 要么 用词不当 要么 人身攻击 自己 选 或者 直接 抨击 百度 说 它 的 释义 不准 然后 搬出 词典 说 没有 贬义 这个 说法 路子 给 你 选好 了 至于 你 要 不要 撒泼打滚 玩 白马非马 的 套路 我 不想 看 了 每天 刷 b 站 就 来 一条 操心 的 回复 自己 还 不得不 回 最后 送 你 扪心自问 四字 拜拜
1289551945,回复 : 那 就 再见
1289558719,回复 : 真是 b 站 这 奇葩 的 氛围 一群 小屁孩 动不动 就是 撕 逼 没有 交流 只有 说服 ( _ ) 友军 敌军 这种 说法 也 就 只能 在 b 站 流行起来 了 不过 也 是 嘿嘿 给 大家 看着 玩 的 猴戏 成 了 学术 辩论 哈哈哈 哈哈哈 卧槽 这 叫 学术 辩论 怕 是 没见 过 真正 的 学术交流 哦 除了 没事找事 的 哲学 我 还 真 没见 过 这样 的 交流 主题 这样 的 水准 与 年龄 出现 这样 的 现象 不足为奇 把 小孩子 顶嘴 成瘾 不服输 的 思想 代入 进去 就 很 好 理解 了
1289560939,回复 : 不过 这 * * 人民 的 压力 还 真大 咧 我 就 随口 一说 键盘 都 没敲 几下 就 能 让 他们 糟心 得 不得不 喷 我 一大 段
1269623260,语文课 是 看 了 两节课 诶
1267272695,正方 明显 没有 优势 钱 可以 干 很多 事 也 可以 让 人致 恶 反方 明显 有 很多 突破口 哇 把 钱 换成 利益 会 不会 更好 一些 ? ? ( 个人观点 )
1266000453,那个 领队 是 赵林 老师 吗 那时 的 赵林 老师 好 年轻 哇 我 的 偶像 啊 ~
1263391711,正方 太有 魅力 了 吧 完全 折服
1263161138,自由 辩论 反应 太快 了 吧
1262298681,万恶 淫 为首 中 的 淫 没有 * * 之意 意思 是 各种各样 恶中以 放纵 为首 百度 淫有 四种 意思 1 过多过 甚 2 . 不 正当 的 男女关系 3 . 放纵 4 . 心乱
1255197846,我 觉得 反方 赢 比赛 主要 是 立住 了 三点 那 就是 万恶之源 的 万恶 源 . 1 万 代表 一切 钱 无法 涵盖 一切 2 钱 不是 恶贪才 是 恶 3 恶 的 出现 在 先 钱 的 出现 在 后 因此 不是 源
1252793620,没 听懂 还 理直气壮 的 真的 笑死 我 了
1252514963,虽然 我 墙头草 两边倒 但 我 个人 更 偏向 正方 的 观点
1251911705,键盘 辩手
1247708988,钱 就是 万能 的
1242571569,这种 中性 话题 其实 就是 让 别人 掉 沟 里面 不 存在 哪边 对 的 找到 对方 逻辑 错误 讲 别人 绕 进去 这才 是 辩论
1242044793,这场 真的 是 太 经典 了 名 场面 看 得 激情 澎湃 热血沸腾
1241735724,233 辩友 感觉 都 快 打 起来 了
1234036774,为什么 老是 有人 把 文科 逻辑 和 理科 逻辑 混在 一起 文科 也 有 文科 逻辑 的 啊
1240017938,能 说 数理逻辑 也 属于 文科 吗 理科 涉及 逻辑 但是 不 专门 研究 它 我国 判断 标注 而言
1240363736,回复 : 这样 的 吗 我 还 以为 逻辑学 属于 理科 总之 本 文科 狗 看到 一群 人 嚷嚷 文科 只 擅长 文笔 抒情 心里 emmm 我 觉得 不是 啊
1241249857,回复 : 那群人 连 文理 是 什么 意思 都 不 知道
1284956933,纠结 文理 的 让 人 看 了 很 难受 经常 在 弹幕 里 看见 啊 我 是 文科生 唉 这种 妄自菲薄 的话
1287242127,去 看看 这 几年 的 人文科学 期刊 没有 数学 统计学 等 相关 逻辑 推导 就 能 发表
1443444541,回复 : 摸摸 理科生 是 厉害 但是 我们 文科生 也 骄傲 挺胸
1232939695,万 不是 所有 当然 这 在 字典 的 定义 是 对 的 但是 到 了 万恶之源 上 那 就 不 一定 了 字典 上 的 万字 的 意思 是 编 字典 的 制作 人 所 定义 的 但 他 并 不是 万恶之源 这个 词 的 发明者 姑且 这样 表达 同理 我们 理解 一句 话 也 不是 一个 字 一个 字 的 扣 它 字典 的 定义 而是 这 一个 一个 字 所 组成 的 一句 话 一个 短语 所 传达 给 我们 的 信息 当然 我 有 看见 很多 人 都 在 评论 弹幕 上 的 辩手 和 评论 里 的 辩手 说 他们 键盘 例如 热评 中 的 一位 但是 看 辩论 是 为什么 为了 强化 我们 的 逻辑 为了 学习 说出 我们 观看 中 的 思考 表达 出 我们 的 观点 并 没有 说 选手 多菜 这 都 反驳 不了 吧 啦 吧 啦 热评 中 的 一位 觉得 发 弹幕 中 那些 说出 自己 见解 自己 想到 的 点 的 人 认为 自己 完爆 各路 选手 这 就 带有 主观臆断 了 .
1232982417,注意 我 所说 的 是 发表 自己 见解 的 弹幕 辩手 那些 发表 侮辱性 极端 性 言论 的 杠精 并 不 在 辩护 范围 内
1228037816,精彩
1227452095,这年 我 高一 有感于 前辈 的 辩论 氛围 想 一直 勤勤恳恳 研究 这 其中 的 学问
1227452932,第一遍 先 抄下来 做 笔记 和 批注 ( )
1227334444,2001 我 出生
1226970013,假如 换成 人 究竟 是不是 万恶之源 会 怎样 呢
1226657375,一脸 懵逼点 进来 整个 人 懵 逼 地 出去
1226176236,文科 邏輯 真的 不比 理科 差 啊 真的
1252516473,文科 有 文科 的 逻辑
1303762592,回复 : 只能 說 文科 並 不是 想象 中 的 那麼 沒有 邏輯
1224454006,现在 看看 辩论赛 因为 我们 学校 也 有 这个 活动 而且 我 还 报名 了 所以 我 才 来 观看 下 这个 投币 + 2
1221458884,第二遍 感觉 还是 没太懂 继续 吧
1220115972,up 这个 名字 真是 让 人 浮想联翩 不 我 是 来看 辩论 的
1219910704,人才 是 万恶之源 所以 我们 才 需要 基因 技术改造 人类 成为 超越 善恶 的 高级 物种 哈哈哈哈
1218313136,弹幕 键盘 侠 是 真的 多
1218263740,民间 独门 技术 独传 还是 推广 如果 选 的 是 独传想 看 大神 怎么 说
1217940234,疑问 啊 既然 钱 是 万恶之源 那 把 钱 取消 了 就 可以 没有 恶性事件 了 吗
1217685685,都 怪 本泽马
1217527487,emmmm 看到 这个 辩题 直接 就 把 重点 放到 钱 作为 工具 的 属性 上去 了 结果 人家 辩论 的 是 重点 是 万恶之源 大概 这 就是 差距 吧 _ ( : 3 ) _
1215942784,现在 弹幕 的 质量 越来越 差 一群 不知 从 哪个 犄角 旮旯 里 跑 出来 的 碌碌无为 之辈 对 这些 前辈 横加指责
1215833981,高中 时候 看过 觉得 蛮牛 逼 的 现在 大学 都 毕业 了 再 看 发现 内容 的 水平 其实 就是 高中 作文 辣
1215944868,我 这个 打 了 四年 辩论赛 的 老 辩员 现在 看 这 视频 还要 对 他们 深深 佩服 你 这话 说 的 让 人 想 笑 只能 建议 你 一句 话 人生 请 保持 饥饿 保持 愚蠢
1216293507,回复 : 我 只是 说 内容 并 不是 说 口才 口才 本人 远远 比不上 思想性 和 高考作文 一个 水平 我 觉得 没 毛病
1216870289,这种 应急 处理 能力 知识面 语言 组织 表达能力 肢体 语言 等等 综合 能力 加在一起 是 很 强 的 辩论 不要 只 听 内容 还要 看 辩手 的 话语 煽动性 表情 肢体 的 适度性 等等 相同 内容 不同 人 说 出来 观众 的 接受度 是 不同 的
1217012932,回复 : 好 吧 但是 对 我 来说 内容 才 是 最 重要 的 辩论 的 最终 目的 难道 不是 激发 真正 的 思考 吗
1218315024,回复 : 笑死 我 了 现在 给 你 来 写 这个 怕 不是 当场 暴毙
1218426688,辩论 好比 拌 沙拉 沙拉酱 洋葱 卷心菜 紫 甘蓝 等等 都 是 沙拉 的 必备 缺一不可 但是 要 把 沙拉 味道 调 好 就 需要 比例 的 合理 调控 洋葱 多 了 沙拉 味道 就 冲 沙拉酱 多 了 沙拉 吃 着 就 腻 内容 就 好比 沙拉酱 是 沙拉 的 灵魂 但是 只 吃 沙拉酱 那 叫 什么 沙拉 呢 只 把 内容 当成 最 重要 的 那 还 叫 什么 辩论 辩论 的 各个 要素 适当 了 辩论 才 会 有 视觉 和 听觉 上 的 享受
1218778141,辩论 其实 是 很 通俗 的 因为 要 让 观众 听懂 辩论 内容 所以 辩手 不能 太 专业化 他们 的 语言 这 视频 的 论点 是 金钱 是不是 万恶之源 要是 辩手 把 金钱 转化 为 有关 经济学 方面 的 知识 恶 转化 为 犯罪 和 刑事 之类 有关 的 专业知识 我们 就 听不懂 了
1219445835,回复 : 对 我 是 说 思想性 我 不是 说 专业性 深度 的 思考 怎么 会 像 洋葱 一样 冲 ? 如果 你 说 追求 普罗 大众 都 能 懂 我 觉得 可以 理解 但是 层次 拔高 一点 不好 吗 还是 那句话 辩论 的 终极 目的 难道 不是 引发 深入 思考 吗 何必 讲 它 比做 快餐
1219470501,回复 : 嗯 嗯
1219474051,我 曲解 你 意思 了 抱歉
1220156576,感觉 你 无非 就是 想 说 观点 简单 但是 简单 不 代表 不 深刻 简单 不 代表 不 引人 思考 简单 不 代表 不能 从中 学习 高中 哲学 告诉 我们 一个 人 的 知识 水平 知识结构 知识 类型 影响 人们 对 事物 的 理解 所以 你 看到 并 不是 全部 的 真相 只不过 受限于 你 的 知识 水平
1220158474,简单 说来 你 看 的 太浅 不是 人家 本身 浅薄
1215743006,辩论 使人 理智
1214769151,别吵 了 * * * 才 是 万恶之源
1212577771,周一 辩论赛 来 重温 一下 经典 ORZ
1211717782,对不起 我 看 完 没有 什么 想法 只 觉得 他们 好 厉害 说 的 都 很 有 道理 胡渐 彪 好帅 啊啊啊 啊
1217348543,本质 就是 钱 不是 万恶之源 贪钱 才 是 重点 在 贪 而 不是 钱 就 好比 色 侵犯 女性 难道说 女性 是 恶 应该 贪色 的 才 是 恶 你 再 去 看 他们 说 的 你 会 发现 正方 的 说 的 很 牵强 其实 他们 心里 也 知道 只不过 一直 在 偷换概念
1217641742,回复 : 你 重复 了 一遍 他们 的 论点 做 啥 是 想 让 我 和 你 模仿 他们 辩论 吗 我 只是 觉得 他们 都 很棒 然后 胡渐 彪 很帅 然后 偷换概念 牵强 这种 轮不到 我们 说 吧 听 很多 大神 说 这 就是 辩论 技巧
1210952401,开场 弹幕 特别 有意思 给 我 一辩 稿 我 也 能 读 gg 请问 一辩 是 复读机 吗 稿子 不是 自己 写 的 啊 神 他 妈
1209877294,關上 3100 條的 大門 漸彪 歐巴 我 來 看 你 啦 ( )
1209834976,我來 增加 評論 ( )
1207928020,快要 打 起来 了
1206708358,双方 都 很 强 但是 自由 辩 正方 一辩 只 站 起来 一次 另外 一次 还 被 己方 四辩 抢白 算是 一点 失误 吧
1206640143,真的 上 过 辩论赛 训练 过 辩论 才能 跟上 思路 顺带 有 自己 的 看法 键盘 都 是 大家 可以 敲 的 可是 逻辑 思辨 不是 所有人 都 有 的
2536724491,请问 如何 训练
2536783084,回复 : 学校 辩论赛 多 参加 没有 可以 试试看 辩论 节目 并且 给 自己 限定 时间 回答 问题 并且 分析 自己 回答 问题 的 逻辑 思路 和 积累 如何
1204116623,额 辩论赛 说 的话 还有 人 较真 了
1204026904,长 了 大 知识 了 smart is * * * y
1202930069,6 个 大佬
1202910769,理科生 不要 和 文科生 这么 玩 _
1201889483,考古 QAQ 2001 我 还 没 出生 为了 准备 几天 后 的 辩论赛 的 我
1200095409,正方 这个 辩题 本来 就 太 不 公平 了 而且 正方 角度 语言 能力 和 语言 素养 也 要强 一些 啊 最后 居然 是 反方 赢 了 个人观点
215003198064,额 你 这话 说 的 真 没有 脑子 你 是 一点 都 不 看 啊
1200059049,正方 感覺 要 厲害些 啊
1199950740,学习 了
1199956412,私 以为 还是 辩题 问题 万 这个 字眼 决定 了 理 在 哪边
1202574146,回复
1198762944,正方 这个 先天不足 的 辩题 辩成 这样 也 是 挺 厉害 的 了
1198725907,我 认为 所有 的 恶 的 引起 虽然 不 一定 是因为 钱 但 钱 却 能 成为 所有 的 恶得 起因 这 就是 钱 是 万恶之源
1198714358,有些 弹幕 觉得 万 不 等于 一切 这个 观点 一出 就 无敌 了 其实 明显 有个 反驳 点 就是 万恶之源 这个 词 的 意思 万恶之源 _ 一切 罪恶 的 源头 优先 度 明显 是 万恶之源 这个 词 的 意思 先于 万 这个 字 的 意思
1196593075,万恶之源 的 意思 是 一切 坏事 的 根源 所在 万恶之源 读音 wn zh yun 万恶之源 这个 词 主要 是 引自 圣经 意思 就是 一切 罪恶 的 源头 圣经 中 写道 最高 天使 长 因为 骄傲 而 背叛 了 上帝 被 逐出 天堂 后 使 罪恶 进入 了 世界 因此 世间 便 出现 了 死亡 所以 万恶之源 是 骄傲 所以 武汉大学 队才 是 真的 在 用 混淆 这个 技巧 因为 按照 他们 的 说法 人山人海 的 意思 就是 人像山 一样 高像海 一样 大而 不是 形容 人 很多 了 各位 要 参加 辩论赛 的 二三 辩 一定 要 注意 题目 里 的 坑
1194486770,神仙 打架 不得 不服
1205953073,错 了 应该 是 神仙 吵架
1190496142,有没有 国际 本科 辩论会
1190428073,我们 老师 叫 我们 把 里面 的话 都 抄 一遍 淦 的
1189149525,我 觉得 正方 很棒 啊 最起码 正方 流利 反方 的 语言表达 上 都 有点 问题
1188663196,我 觉得 武汉大学 应该 夺冠 的 比 马来亚 大学 的 辩论 水平 高得 多 马来亚 大学 是 辩题 占优势 辩题 反过来 我 估计 武汉大学 可以 碾压
1215942057,"武汉大学 应该 强调 钱和利 的 关系 而 不是 只 谈钱 的 恶 天下 熙熙 皆 为 利来 , 天下 攘攘 皆 为 利往 真正 的 恶 是 利 而 各个 时代 利 的 代表 不同 但 今 代表 利 的 是 钱 而 马来西亚 抓住 了 古代 的 利 不是 钱 这点 击破 了 钱 是 万恶之源 的 观点"
3785226131,就是 逻辑性 获胜 的 呀
102807338160,时隔 一年 再 发表 一遍 评论 从 老国 辩到 而今 零零碎碎 也 看 了 很多 场 比赛 了 这场 史诗性 的 比赛 确实 是 精彩 非常 真的 很 疑惑 很多 评论 是 怎么 看出 武汉大学 的 辩论 水平 高于 马大 很大 一截 的 马来西亚 大学 一直 以来 都 是 华语 辩坛 不可 忽视 的 劲旅 擅长 快 打 快攻 强攻 强解 逻辑性 极 强队 内 这 二十余年 首推 胡渐 彪 最具 代表性 至于 武大 无疑 也 是 非常 厉害 的 辩论 队 可 与 马大 一较高下 可 这个 时候 的 武大 处于 国内 华语 辩论 的 大 环境 并 没有 意识 到 逻辑 是 辩论 的 本质 一昧 以 文采 取胜 周玄毅 甚至 直言 辩论 就是 对于 文字 的 玩味 这场 比赛 在 当时 确实 是 非常 具有 争议性 但 即使 那个 时候 也 没有 人 回去 质疑 马大 的 实力 是 配不上 这顶 桂冠 的 更何况 今天 回首 再 看 二十一年 前 这场 盛会 我 想 每 一个 辩论 人 都 会 莞尔一笑 心中 了然 这场 比赛 的 结果 就是 华语 辩论 的 转折 马大 实至名归
117944596016,回复 : 校友 想 纠正 一下 是 马来亚 大学 另外 感觉 这场 简直 是 文理科 生 之间 的 较量
117991015920,回复 : 嗯 现在 也 还 没 改名字 吗 我 以为 马来亚 改成 马来西亚 后马大 也 改 了
1187542662,同样 的 年龄 我 真的 输 了
1187003507,为啥 老 跟 * * 性 过不去
1186464112,毕竟 敲 键盘 可比 上场 辩论 简单 多 了
1185795300,没 学 辩论 前 一直 认为 正方 是 稳 的 我 依稀记得 当初 看到 反方 赢 的 懵 逼 直到 我学 了 辩论 虽然 也 是 菜 逼 一个 但是 想法 完全 变 了 不 知道 以后 会 怎么 变
1185011686,真的 很 精彩
1184566482,其实 这个 之所以 没意思 就是 因为 这个 辩题 有 问题 人 活着 是 为了 什么 知识 就是 力量 现实 主导 世界 这些 论题 本身 就是 哲学 要 研究 的 终极 性 问题 是 不 可能 有 对错 的 可是 金钱 是 万恶之源 这句 话 人人 本性 都 知道 是 错 的 那么 无论如何 辩论 钱 是 万恶之源 这话 都 是 绝对 意义 的 错
1184558296,本来 我 想 说 这个 辩论 讨论 的 深度 远远不如 第六届 世界 华语 什么 杯 那个 但是 后来 看到 反方 不停 讲 万恶 淫 为首 qiangjian 等等 我 觉得 这个 辩论 就 有意思 了
1184267518,为什么 每个 辩手 说 的 时候 都 被 说 是 偷换概念 啊
1202575335,本来 就是 永远都是 偏离 重点
1184011388,建议 屏蔽 口音 这个 词
1183579610,过 几天 的 辩论赛 我 是 正方 一辩 题目 是 歌手 假唱 行为 是 允许 的 我 怎么 辩 啊
1185087870,你 这个 有点 难 呀
1185152539,回复 : 我要 哭 了
1186138145,我 觉得 一辩 还好 吧 最难 的 是 四辩
1193304441,回复 : 我们 赢 了 哈哈
1193543547,回复 : 恭喜
1194567911,回复 : ( * ` * )
1202575784,辩题 上 就 输 了 牛批
1203066320,回复 : 然而 我们 赢 了 哈哈哈哈 3 辩牛 逼
1181879822,我 懂 了 万字 才 是 万恶之源 ( ( # )
1181997245,感觉 这才 是 人 能 站 在 地球 生物圈 顶点 的 原因 自我 反思 左右 互搏 反正 你 说 什么 我 都 能 杠 起来 _
1178728483,万恶之源 并非 恶 这个 有点 厉害
1174201875,人心 与 钱 两者 的 万恶
1172221595,世间 本 就 无 万恶之源 而且 恶 也 是 人 给 其 定义 的 站 在 放罪者 角度 这种 放罪 对于 自己 就是 种善 所以 说 正方 的 立场 就 很 不利 啊
1171777764,虽然 我 也 不 太 懂 辩论 但 其他 不 懂 的 人 不要 胡乱 吐槽 好不好 很 影响 别人 心情 的 一辩 开篇 理论 本来 就是 事先 准备 好 的 熟练 一点 声情并茂 怎么 了 你 不 懂别 瞎 吐 槽 行不行 啊 不 懂 还 bb 很 烦人 呐
1171288421,我 莫名其妙 的 就 被 班长 拉 去 辩论 了 现在 好 慌
1183439989,我 也 是
1171160168,神仙 打架
1165599427,经典 不 应该 是 1993 那 一场 吗
1160705511,我 听 完 之后 和 第一个 热评 一样
1158930836,所以 说 不要 看 完 辩论 之后 就 相信 某个 辩手 的 观点 了 因为 ta 就算 改变 了 持方 也 一样 让 你 心服口服
1158834295,中午 初赛 以 个人 为主 没有 组别 之分 只能 破题 立论 很迷
1157391957,想 知道 历年 的 在 哪 看
1154794455,现在 我 在 学校 的 辩论赛 现场
1153361508,这 不 就是 在 辩万字 吗 万 是 指 一切 的话 那 正方 没得说 钱 怎么 可能 是 一切 罪恶 的 源头 呢 ? 万 只是 指 大多数 的话 那 正方 还 能 继续 和 反方 拼一拼 不至于 很多 观点 说 的 很 强行 的 感觉
1151692366,对方 辨友 今天 怎么 只 对 * * 感兴趣 呢
1150346869,辩论赛 前来 看看
1149931293,下午 辩论 决赛 = = 有点 慌
1147862531,明天 辩论赛 ( )
1146476551,下午 辩论赛 很慌来 补 一下 课
1145615573,辩论赛 主持人 前来 补课
1140724859,不 明白 为何 这么 多人 喷 口音 . 酸 吗
1138572365,辩题 相关 背景 资料 选手 结合 自己 的 辩题 进行 自我介绍 简单 介绍 比赛 流程 和 规则 主席 职责 1 宣布 辩论赛 开始 2 宣布 辩题 3 介绍 参赛 代表队 及 所持 立场 4 介绍 参赛 队员 5 介绍 规则 评委 6 主持 比赛 过程 7 评委 点评 8 观众 自由 提问 发言 9 宣布 比赛结果 10 辩论赛 结束 二 比赛 阶段 阶段 一 开篇 陈词 正方 一辩 发言 ( 立论 ) ( 2 分 30 秒 ) 反方 一辩 发言 ( 立论 ) ( 2 分 30 秒 ) ( 注 每方 队员 在 用 时 剩余 30 秒 时 主席 提醒 辩手 时间 用 完时 主席 举 红牌 宣布 终止 发言 ) 阶段 二攻 辩 1 正方 二辩 针对 反方 二辩 或 三辩 提问 2 正方 三辩 针对 反方 二辩 或 三辩 提问 3 反方 二辩 针对 正方 二辩 或 三辩 提问 4 反方 三辩 针对 正方 二辩 或 三辩 提问 ( 注 每 一轮 攻辩 阶段 为 1 分 30 秒 攻方 每次 提问 不得 超过 10 秒 每轮 必须 提出 三个 以上 的 问题 辩方 每次 回答 不得 超过 20 秒 用 时 满时 主席 举 红牌 宣布 终止 发言 不得 再 提问 或 回答 重复 提问 回避 问题 均 要 被 适当 扣分 ) 问 者 只能 问答 者 只能 答 阶段 三攻 辩 小结 正方 一辩 进行 攻辩 小结 ; ( 1 分 30 秒 ) 反方 一辩 进行 攻辩 小结 ( 1 分 30 秒 ) ( 注攻 辩 小结 阶段 在 每方用 时 剩余 10 秒 时 主席 提醒 辩手 时间 用 完时 主席 举 红牌 宣布 终止 发言 ) 阶段 四 自由 辩论 正反方 辩手 自动 轮流 发言 每方 限时 5 分钟 双方 总计 10 分钟 发言 辩手 落座 为 发言 结束 即 为 另一方 发言 开始 的 记时 标志 另一方 辩手 必须 紧接着 发言 ; 若有 间隙 累积 计时 照常进行 同 一方 辩手 的 发言 次序 不 限 如果 一方 时间 已经 用 完 另一方 可以 继续 发言 也 可 向 主席 示意 放弃 发言 自由 辩论 提倡 积极 交锋 不能 对 重要 问题 回避 交锋 两次 以上 对于 对方 已经 明确 回答 的 问题 不能 纠缠 不 放 ( 注 自由 辩论 阶段 每方 使用 时间 剩余 30 秒 时 主席 提醒 ; 时间 用 完时 主席 举 红牌 宣布 终止 发言 ) 阶段 五 总结 陈词 反方 四辩 总结 陈词 ; ( 4 分钟 ) 正方 四辩 总结 陈词 ( 4 分钟 ) ( 注 应有 针对性 的 对 辩论会 整体 态势 进行 总结 每方 队员 在 用 时 剩余 30 秒 时 主席 提醒 时间 用 完时 主席 举 红牌
1138591508,这段 是 科普 是 直接 从 百度 复制 黏贴 过来 的 和 老师 讲 的 没什么 大 的 出入 这个 比赛 我 好多年 前 就 看过 是 蛮 正规 基本 符合 流程 的 辩论赛 很 出色 没有 所谓 超时 还 在 讲话 没有 所谓 鞭尸 没有 所谓 女主持 听 不 下去 组织 讲话 离题 一般来讲 不会 提醒 涉及 敏感话题 是 可能 会 我 记得 这个 比赛 期间 有 一次 余磊 边上 那个 就 好像 被 提醒 过 一次 很少 一般 不会 这个 比赛 真的 特别 棒 也 叫 我 看到 了 武汉大学 真的 厉害 当然 以 电气 学院 等 理工科 学院 闯到 最后 肛上 武大 的 我 觉得 也 超级 厉害 啊
1138024710,辩论 首先 要 做到 的 是 忘记 自己 忘记 自己 有 思想
1137754425,力量 本身 并 不 可怕 可怕 的 是 他 的 主人
1137149092,哈哈哈 哈哈
1137064505,今天 就要 参加 辩论赛 了 才 发现 这个 视频 ( _ )
1135465029,弹幕 醉 了
1133074819,选手 拿 日本 侵华 和 南京大屠杀 做 例子 时 看到 有 弹幕 说 日本 好 可怜 日本 躺 枪 这 恰恰 论证 了 正反两方 的 观点 金钱 在 人 驱使 下 可以 洗白 罪恶 把 不道德 的 变成 道德 的 把 可耻 的 变成 尊贵 的
109697207776,梗 小鬼 和 只 为 自己 娱乐 的 是 这样 的
110679717808,对方 辩友 也 说 了 金钱 在 人 的 驱使 下 可以 洗白 罪恶 不过 那 仅仅 是 表象 罢了 罪恶 真的 能 被 金钱 所 掩盖 吗 犹大 为了 30 枚 金币 出卖 耶稣 他 完全 可以 用 金钱 来 摆脱 骂名 但是 他 没有 在 耶稣 被 钉 在 十字架 之后 扔掉 了 那 30 枚 金币 金钱 所 掩盖 的 只是 表象 而 不能 掩盖 人 心中 的 罪恶 人类 为 满足 自身 的 形式 有 很 多种 金钱 只是 一种 如果 把 所有 的 罪恶 都 归 为 金钱 而 没有 注重 到 自身 的 原因 那 是 片面 的 正如 苏格拉底 所说 原来 这个 世界 上 有 那么 多 我 不 需要 的 东西 啊 我们 应该 讨论 的 问题 是 如何 充分 的 运用 心灵 之美 而 不是 只 停留 在 物 上面
131025138848,回复 : 正方 一直 都 在 强调 里面 得 万 指 的 是 大多数 并非 全部 用 反方 得话 来说 你 这 是 在 诡辩
134516486880,回复 : 一叶障目
135549674736,回复 : 发 日本 可怜 的 真的 能算人 吗
136511877248,回复 : 笑死 了 哈哈哈 听命 行事 又 如何 他们 动手 了 他们 伤害 了 就 该 受 处罚 选择 忘记 选择 忽略 选择 逃避 那 就让 他们 从 今后 历史 彻底 消失
143272908224,有时候 人 在 做 恶时 最先 考虑 的 也许 真的 不是 钱 也 就是 所谓 的 利益 像 很多 赌徒 他们 更 多 的 是 渴望 赌时 的 那种 快感
154266803680,回复 : 有钱 你 才能 赌 有钱 你 才能 享受 那种 快感 之源 可以 用 什么 买全 的 诞生 是因为 什么 为什么 人 可以 命令 他人 他人 听命 是 为什么 是因为 生活 需要 吃 东西 而 不 放弃 工作 所以 反方 赢 了 早就 料到 了 他们 是 不会 想 看到 所有人 都 去 抢劫 去 掠夺 他们 只想 自己 掠夺 成功 过后 害怕 其它 人 也 掠夺 杀人 防火 所以 用 语言 掩盖 一下 用 道德 约束 他人
154278087872,回复 : 回复 : 人们 几乎 所有 的 恶 都 源于 欲望 的 本能 而 钱 只是 欲望 的 一种 一个 代名词 但 并 不是 全部 所以 钱 可能 成为 恶 但 绝对 不是 源头
154315115936,回复 : 欲望 是 对 资源 的 渴望 对 吃 的 女人 对 地位 今天 钱 都 可以 做到
154324079760,我 的 意思 是 钱 消失 恶 依然 存在 他 仅仅 是 一个 评判 价值 的 一个 标准 但 绝不 是 恶 的 源头 源头 是 欲望 钱 只是 欲望 的 必要 不 充分条件 换个 角度 而来 若 没有 价值 标准 恒定 社会 只会 更为 野蛮 任何事物 都 有 两面性 钱 亦 是 如此 利 是 大于 弊 的
192748688288,弹幕 说 日本 可怜 难道 是 金钱 驱使 的 吗 日本 不会 给 它 钱 它 也 不是 从 追求 钱 的 回报 的 角度 说出 的 这句 话 它 只是 单纯 的 道德 人品 不行 三观 有 问题 本身 有恶 以此类推 钱 不是 万恶之源
244407274001,回复 : 所以 正方 最后 升华 才 是 人性 之光 啊 感叹 因为 我们 最终 还是 会 用 意志 反对
280860887377,那些 可怜 日本 的 是因为 被 收买 了 么 不是 是 他们 的 愚蠢 是因为 他们 有 人性 的 弱点 非钱 之过
288443388816,回复 : 他们 在 你 的 身上 又 活 了 过来
286722777505,回复 : 你 在 干什么 东西 我 在 说 日本 就 该 受 处罚 我 在 说 他们 忘记 历史 就 必须 从 历史 上 消失
286722866625,回复 : 没事 吧 说 日本 人 在 我 身上 复活 过来 了 骂 的 多脏 啊
1132785875,没错 钱 是 万恶之源 这份 罪恶 由 我 来 替 大家 承担
1132677584,最后 正方 四辩 发言 就 像是 平常 自己 写作文 一样 在 凑 字 说实话 四辩 最后 的 表现 很 一般 武汉大学 前 两轮 的 表现 真的 很棒
1132219378,各位 刷 奇葩 说 的 消停 一点 好 吗
1129568905,很强 的 辩论 正方 确实 是 有些 辩题 不利 但是 已经 充分 展现 了 自己 的 辩论 实力 反方 揪住 万 和 * * 不放 也 实在 没 办法
1129455756,只想 跪下 叫 爸爸
1128228541,我 突然 明白 了 钱 是不是 万恶之源 跟 它 能 不能 导出 善 没有 关系 不是 说 它 是 万恶之源 就 不能 有善 的 结果 它 也 可以 叫 万恶之源 百善 之源
1128050913,这个 初中语文 老师 放 了 四五遍 而 如今 我 也 加入 了 大学 的 辩论 队 ..
1127923246,大一 紧急 抱佛脚 ing 看到 内定 什么 的 弹幕 只想 说 这 是 对 双方 辩手 的 侮辱 两方 都 好 厉害 啊 听 得 一 愣 一 愣 的 膜拜
1127938099,一群 SB 弹幕 真的 无 语
1125938010,大一 新生 新生 辩论赛 临阵磨枪
1126476197,大一 就 五级 了 ( )
1127587909,+ 1
1129695792,+ 1
1134578840,+ 1
1136231285,+ 1
1136349425,+ 1
1137305872,+ 1
1125354671,视频 很 精彩 弹幕 很 精彩 评论 也 很 精彩 啊 哈哈
1124703986,讲辨社 的 我 来 围观 啦 ( = = )
1126545088,同 辩论会
1126625905,回复 : hhh
1128902886,+ 1
1123461459,到 最后 还是 变成 了 人性本善 还是 人性本恶 正三 成为 最佳 可能 是因为 他 把 论题 提到 了 这个 层次 上 前面 还是 很 精彩 的 后面 自由 辩论 就 很 乱 哈哈哈 最后 总结 可能 正方 抒情 太多 了 有点 水
1122263993,我觉 的 人心 才 是 万恶之源 钱 是 万恶之源 的 驱动力
1121135088,周玄毅 当年 竟长 得 如此 清秀 秀色可餐 啊
1117472235,我 觉得 正方 讲 的 确实 好 正方 二辩 让 我 有点 动摇 不过 还是 站 反方 观点 毕竟 感觉 真的 是 大众 观点 了
1117260078,这个 辩题 正方 真的 很 不利 啊
1117204273,每看 一次 都 要 佩服 一次 大佬
1114770674,真的 厉害
1111759251,是 奇葩 说 拿下 薇 薇 姐 的 周玄毅 吗
1114495134,是 奇葩 说里 有 很多 老 辩手
1202579279,周 感觉 不 咋 地 明显 余 更 出色 一点
1110900764,我 觉得 最 经典 还是 武汉大学 和 新加坡 国立 那场 以 成败论 英雄
1110632335,厉害
1110262636,觉得 正方 四辩 说 到 万恶之源 就 一定 是 恶 嘛 的 时候 有种 恍然大悟 的 感觉 诶 突然 感觉 正方 如果 抓住 这个 说不定 不会 输 呢 会 嘛 | )
1109092987,你们 不要 打 了 这样 打打 不死
1104893738,我 才 知道 我 原来 是 个 墙头草 ( )
1104731209,神仙 吵架
1104679868,哇塞 我 喜欢 逻辑 清楚 的 感觉 擅长 抓 重点 也 很酷 还有 的 学
1102972283,正方 不好 打 啊 这 一场
1102904772,逻辑学 老师 推荐 来 的 ( )
1102419573,口才 真 好 羡慕
1102010056,钱 代表 了 太 多 利益 而 为了 争夺 利益 就 有 胜负 的 存在 也 就是 不论是 * * 还是 * * 都 有 胜 的 和 负 的 从 道德 方面 考虑 就 会 导致 恶钱 利益 之所以 导致 了 恶 都 是因为 人 为了 欲望 的 行为 超出 了 道德 / 法律 的 界定 就是 无视 了 规则 所以 啊 文明 和 规则 是 多么 的 重要
1101882852,正方 的 能力 强 的 一批 换 别人 已经 直接 辩 不 下去 了 而且 按照 道理 来说 反方 没有 打出 压倒性 优势 已经 非常 不 正常 了 因为 这个 辩题 真的 劣势 太大 了
2473388570,我 觉得 是 正方 的 策略 不 对 正方 的 四辩 最后 才 把 最 有效 的 一个 论点 说 出来 那 就是 钱 是 万恶之源 不 代表 钱 是 恶
2492105687,论题 其实 没有 问题 正方 诡辩 的 余地 很大 策略 有 问题 罢了
2551860682,正方 的 能力 在于 语文 功底 和 煽动 能力 硬 逻辑 不如 反方 而且 从 逻辑 角度 反方 就是 碾压 正方 了
2655219630,辩论赛 尤其 是 这种 级别 的 辩论赛 不会 出现 压倒性 优势 的 辩题 的 不公 是 会 在 评委 的 考虑 范围 内 的 去 打 辩论 不要 想 什么 公平 的 辩题 也 不 存在 辩论 时 说服 对方 的 可能 要 做 的 就是 在 自己 的 立论 中 充分发挥 同时 在 赛前 尽可能 预测 对方 的 立论 那本 辞海 就是 证明 正反 双方 基本 都 预测 到 了 在 万字 上 的 争论 也 辨 的 超级 出色 至于 胜负 不是 专业 评委 不 加 评断 但 辩题 对于 参加 这么 多场 辩论 的 队员 来说 不是 也 绝不会 是 重要 的 影响 因素
4261479173,回复 : 这个 论题 的 英文版 里 对 万 的 翻译 是 All 是 全称 量词 反方 只要 举 反例 正方 的 逻辑 就 能 全线崩溃 正方 没得选 只能 从万字 下手 但是 这个 万 的 解释 很 明显 裁判 也 不 接受
95135220224,回复 : 可是 国内 真正 意义 上 开始 出现 有 这种 通过 硬 逻辑 打 辩论 的 风格 也 是 在 这场 之后 啊 而且 当时 武大 也 确实 是 延续 了 93 年 蔡昌建 老师 的 用 华丽 的 词藻 和 煽情 的 方式 来 打 辩论 的 风格 你 的 发言 有失 偏颇 哦
95137166944,回复 : 总之 赢 就是 赢输 就是 输 没有 如果 承认 别人 优秀 有 那么 困难 吗 输 也 要 输得 有 风度 吧
117501384352,我 有 一个 论题 了 万恶之源 是不是 恶
121342300352,回复 : 正方 应该 怎样 从 逻辑 上 赢 过 反方 呢 我 觉得 能 从 万字 这个 意思 就 很 厉害 了 而且 本身 反方 的 辩题 就 相对 于 正方 更好 吧
121347373264,回复 : 我 记得 正方 好像 逻辑 谬误 犯 的 不少 吧 只是 因为 反方 没有 抓住 这些 点 进行 攻击
133616195584,同意
135716791936,回复 : 说得好
137442758048,回复 : 这种 级别 的 辩论赛 选题 没有 所谓 谁 占优势 之 说 这个 论题 从先秦 就 开始 讨论 到 现在 都 没有 定论 就 说明 正反 都 是 同样 优势
137549798624,回复 : 这个 对 正方 不是 很 友好 论点 没有 绝对 的 公平性
137735821696,不是 说 你 在 这个 命题 上辩 赢 对面 就算 成功 正反 劣势 也 在 命题 组 的 考虑 范围 里 你 要 做 的 是 让 大家 尽可能 的 认为 你 说 的 是 对 的 让 大家 被 带入 你 的 节奏 这才 是 辩论 的 精髓
139942682080,反方 明明 优势 很大 却 一直 揪 着 性 问题 不 放 有点 让 人 反感
151041862080,回复 : 是因为 举性 这个 例子 正方 反驳 不了
178905213936,回复 : 那么 你 的 意思 是 万恶之源 不是 恶
179427992032,回复 : 是 正方 逻辑 无 解 反方 怎么样 都 能 拆掉 即使 2019 年 还是 20220 年 的 老友 赛辩 的 什么 都 不是
185218079264,回复 : 因为 这是 正方 的 漏洞 所以 才 一直 猛攻 吧
213451339728,回复 : 如果 万恶之源 是 恶 那 还 怎么 称之为 万恶之源 万恶之源 是 孕育 了 恶 如果 本身 就是 恶 那么 孕育 这个 恶 的 是不是 才 更 应该 是 万恶之源
1098618822,其实 证明 钱 不是 万恶之源 的 方法 就是 假设 世界 上 没有 钱 我们 回到 以物 换物 的 时代 大家 用 劳动 换取 想要 的 东西 车子 电视 电脑 手机 但 有人 也 会 去 为了 这些 东西 为 恶 那么 难道 我们 就要 说 这些 东西 都 是 万恶之源 吗 其实 钱 只是 我们 用来 交易 的 媒介 而已 并 不是 不可 替代 的 也许 以后 文明 发展 到 一定 程度 就 没有 钱 了 大家 都 是 用 时间 来 交易 参考 电影 时间 规划局 那么 那 时候 我们 能 说 时间 是 万恶之源 吗
1097113768,卧槽 666 666 卧槽 来自 一条 咸鱼 的 赞美 _ ( : 3 ) _
1096823225,中途 弹幕 一直 说 反方 一直 提 女性 显得 如何 如何 其实 这 是因为 最 明显 和 金钱 无关 的 恶 就是 * * 他们 本意 是 想 表明 性欲 和 钱 无关 但 也 造成 了 恶 其实 大家 都 是 很 厉害 的 辩手 啊
1096286843,正方 是不是 天然 崩 ... ( = = )
1096185271,辩论 本来 就 不是 为了 证明 绝对 对错 这是 一种 语言 和 逻辑 表达 的 技巧 竞技
1095061409,班里 辩论赛 关于 金钱 的 前来 膜拜 大佬
1094259142,我 只能 在 角落 瑟瑟 发抖
1094035243,看 得 鸡皮疙瘩 起来
1093601645,反正 没钱 是 不行 的
1093166727,哇 这个 视频 真的 很 精彩 风纪 委员 来 执行 任务 的 一不小心 看 完 了
1093084865,所以 还是 说江 比较 好 啊 看看 包 什么 都 敏感 这种 节目 也 没 了
1093037337,我 觉得 最后 论述 反方 有 几处 错误 啊 可惜 正方 四辩 气场 不够 论述 的 最后 直接 投降
1090809320,其实 也 没人 规定 万恶之源 本身 就是 恶 吧 可以 善恶 共存 要 反驳 钱 做 善事 容易 难 的 是 如何 把 人 本身 的 恶念 牵扯 到 钱 上 _ ( : ) _ 给 正方 各位 跪 了
1086145973,别说 了 时辰 出来 了 这 锅 给 他 吧
1085156987,政治 游戏
1084079247,为什么 你们 有 的 人 看 辩论赛 还要 看 弹幕 好 吧 我 是 黑子
1083164419,妈耶看 得 真的 太爽了 他们 的 知识 积累 真的 很多 啊
1084345776,真的 大家 的 阅读 量 太大 了
171364036608,妈耶
292045814688,赞评 离
1081942008,刚刚 报名 辩论 队 的 我 瑟瑟 发抖
1082937671,卧槽 我 也 是
1123781723,我 也 是
1125909427,我 叼
1698612193,加油
2022610533,我 也
2094047362,我 也 ...
3707775709,我 也 是
5339081361,我 也 是
5584598432,一样
1080756745,进 辩论 队 的 我 慌 得 一批 简直 为难 我个 理科生 了 和 法学院 怼 这能 赢 吗
1085001819,理科 也 有 优势 就是 逻辑 很强 ( = = )
1093182525,刚进 辩论 队 的 法 学生 哭 了 看 完 经典 瑟瑟 发抖
1078617910,直接 不 听 不 听 王八 念经
1076987493,钱 是 万恶之源 万恶之源 本身 并 不是 恶 这个 真的 无敌 了 不过 武汉大学 的 论述 总 感觉 不够 硬核 该是 四两拨千斤
1073153225,钱 不是 万恶之源 欲望 才 是 钱 能 换来 各种 物 归根结底 还是 由 欲望 而 来
1072333569,说 奖金 不要 的 都 是 杠精 吗
1070129475,弹幕 有毒 吧 ( -_-# )
1068129359,阿婆 可以 多传点 90 年 到 00 年 左右 的 辩论赛 嘛
1067640249,我 看到 了 语言 的 魅力
1067039987,看见 评论 里 很多 人 在 讨论 辩论 的 意义 我 觉得 这 就是 意见 很 有 意义 的 事情 了 别以为 辩论 就 在 比赛 里 辩论 在 我们 身边 你 和 别人 撕 的 时候 你 会 重新 思考 为什么 这个 东西 好 为什么 那个 东西 不好 你 得 举出 一大堆 的 例子 让 你 的 撕 变得 高级 变得 让 人 信服 其实 这个 时候 就是 你 重新 审视 自己 的 时候 这 只是 一方面 人 不 可能 对 方方面面 的 知识 都 了如指掌 你 的 知识 来源 很大 程度 会 局限 在 你 现有 的 程度 但 准备 一场 辩题 会 让 你 触及 到 很多很多 的 你 不 了解 不 熟悉 的 领域 为了 立 好 一个 论 你 得查 好多 的 资料 看好 多 的 书 虽然 你 依旧 比不上 专业 的 人士 但是 它 扩展 了 你 的 眼界 和 知识面 还有 一点 我 觉得 最 重要 的 一点 辩论 不是 你 能 选择 持方 的 你 常常 为了 你 不 喜欢 的 那 一方 全身心 的 辩护 后来 你 会 发现 你 更 能 理解 那些 和 你 不 一样 的 人 对 看 问题 的 角度 也 不 一样 了 我 不能 像 周帅 那样 想得 如此 深沉 可是 我 只 想 说 辩论 的 意义 不 只 在 场上 那一刻 只是 你 所有 收获 的 一个 展示 让 你 成长 的 还有 在 展示 之外 的 努力 与 思考 赛前 和 队友 无数次 的 对 撕 才 得来 的 最后 的 那一刻 的 精彩 但 别以为 他们 积累 的 真的 只有 赛场 上 的 那点 东西
1070415451,说 得 真 好
1065185789,马来亚 大学 所有 靠 谱 的 例子 不是 弓 虽 * * 就是 丈夫 打 老婆 马来亚 女性 地位 是 有 多 低
1060199060,再次 重温
1056297331,好 啦 好 啦 钱 不是 万恶之源 时臣 才 是
1047279541,作为 一个 小 透明 辩手 真的 拜服 只有 一点 我 想 打 那些 发 弱智 弹幕 的 人 没 别的 了 ( ` )
1046653503,妙 啊 妙 啊
1043058803,讲道理 人才 是 万恶之源 吧 善恶 皆 起 与 人性
1039966238,啊 就 凭 武汉大学 的 辩论 者 的 口音 长相 气势 就 已经 在 我 心里 好感 + 1 + 1 + 1 了 新加坡 那帮 学生 的 辩论 也 有理有据 但 说话 听 起来 真心 难受 啊 勿 喷
1052927083,是 马来西亚 不是 新加坡 ( = = )
1039675512,牛 逼
1036927577,我无语 了 弹幕 一群 没 看过 辩论 不 懂 辩论 规则 的 就 在 那 bb
1036621234,真的 有 才
1035249042,不 对 对于 其他人 的 问题 避而不谈 只 抓住 一点 漏洞 甚至 是 转移 话题 来 做到 压制 对手 只是 比 谁 能 说道 最后 而已 首先 探讨 的 问题 : 钱 是 万恶之源 吗 首先 澄清 概念 : 1 钱 2 万恶 3 源 钱 : 作为 货币 存在 作为 货品 和 货品 的 间接 联系 万恶 : 这个 词 本身 就 有 模糊性 看到 他们 辩论 如果 万恶 没有 全面 概括 的 意思 请 先 说出 一万种 恶 代表 确切 的 恶数 源 : 源头 应该 算 开始 或者 是 起点 的 意思 那 总结 起来 就是 : 一种 货物 和 货物 间 的 介质 是 恶 的 起点 开始 ) 吗 接下来 设定 判准 : 什么 是 善 什么 是 恶 这个 问题 才 是 重点 如果 善恶 的 界限 不清 或者 混淆 那 就是 自说自话 最后 建立 系统 : 论证 钱 只能 导向 善 或者 恶 辩论会 如果 是 讨论 真理 智慧 的 地方 就 完全 可以 心平气和 的 谈 而且 不 应该 纠结 于 什么 万 到底 是 什么 意思 当 拿出 汉语 词典 后 没 给 我 乐死 自身 不能 解释 定义 就要 诉诸 权威 吗 那 干脆 拿 虚无主义 辩论 好 了 不过 别说 高学历 抬杠 真 精彩
1035264210,诉诸 情感 和 只顾 漏洞 寻找 和 打 太极拳 绕圈 话 无 连续 的 逻辑 论证
1085168028,要 能 这样 说 那 你 也 还是 不 明白 两者 到底 是 在 哪里 对立 你 说 循环论证 呵呵 了解 下 数学 的 发展史 在 学术 上 有 出现 过 哲学 那么 多 的 流派 么
1085171817,只要 有 一点 漏洞 全盘 皆 错 事实 就是 这样
1030689046,既然 钱 是 万恶之源 那 这场 比赛 又 为什么 要 拿 钱 来 做 奖励
1034213513,辩论赛 是 除恶 赛 吗
1034267867,回复 : 我 没 看 懂 你 什么 意思
1036019996,钱 是 万恶之源 跟 钱 也 是 万善 之源 并不矛盾 就 像 控制 你 行善 和 行恶 的 都 是 你 的 脑子 而 钱 是 万恶之源 跟 钱 本身 是不是 恶 也 没有 关系 钱 是 万恶之源 的 意思 是 恶 的 根源 是 钱 钱 是不是 一定 导致 恶 不 一定 也 无所谓 类似 于 充分条件 和 必要条件 之间 的 关系
1036063058,回复 : 既然 控制 行恶 的 是 脑子 就 不能 加罪 在 钱 上 了 啊 到 最后 钱 一样 不是 万恶之源 只能 说 钱会 导致 恶 但 并 不会 是 恶 的 目的 钱 不过 是 一般 等价物 抢钱 抢劫 归根结底 还是 想 不劳而获 恶之源 就是 贪婪 与 懒惰 钱 不过 是 目的 而 并 不是 源 所以 正方 的 观点 既然 是 钱 是 万恶之源 的 时候 就 已经 输 了
1036223478,回复 : 不是 的 我 说 脑子 是 告诉 你 钱 是 万恶之源 跟 钱 也 是 万善 之源 这个 逻辑 是 这样 的 没有 规定 钱 是 万恶之源 就 不 可以 是 别的 东西 的 源头 跟 这场 辩论 没有 关系 正方 的 意思 是 人性本善 是 外界 因素 引诱 人 作恶 所以 外界 因素 才 是 恶 的 根源 就 像是 脏东西 污染 了 水 问题 的 根源 在于 脏东西 而 不是 水 最后 金钱 就是 这个 外界 因素 的 化身 所以 钱 是 万恶之源 正方 框架 里 的 钱 不是 实体 的 而是 一种 引 人 犯罪 的 诱惑 象征 当然 正方 直到 最后 结辩 的 时候 才 把 这层 意思 清楚 表达出来 实在 太晚 了
1036373674,回复 : 但是 人性本善 是 不 可能 的 说到底 人类 不过 是 充满 欲望 的 生物 人 活着 就 不能 否定 这 一点 正 因为 这份 欲望 文明 社会 才 进化 至今 今后 也 会 继续 进化 绝不会 倒退
1036462917,回复 : 这 是 你 的 看法 正方 既然 抽到 了 这个 持方 就 必须 给出 逻辑 自洽 的 论 而且 一些 自己 看似 非常 正确 的 事情 到 场上 能 不能 打出 令人信服 的 效果 还是 很难说 的 人性本善 还是 本恶本 就是 个 有 争议 的 话题 各自 有 各自 的 看法 关键 是 在 场上 你 的 论述 能 不能 令人信服
1036562331,回复 : 正方 的 辩论 相当 出色 啊 特别 是 正方 二辩 对 万恶之源 的 万字 的 解释 直接 让 局势 翻 转化 不利 为 有利 简直 天才 我 想 说 的 只是 这场 对 正方 太 不利 了
1036599254,回复 : 其实 这场 比赛 最 让 我 搞不懂 的 是 为什么 最佳 辩手 是 余磊 他 用 歇后语 逃 了 不少 问题 就算 在 正方 里 他 这场 表现 也 算不上 最好 的
1036625431,回复 : 可能 是 被 安排 的 明明白白 ( _ )
1065644039,辩题 不 代表 自己 的 信仰 本身 就是 辩论 技巧 的 比赛
1024672965,这场 辩论 队 反方 有利 大部分 人 都 知道 钱 不是 万恶之源 因为 贪婪 与 欲望 才 是 本质 上 的 万恶之源 就是 色 与 权 等 也 包括 财 但是 因为 是 反方 所以 重点 不 在 财 这 也 更 容易 切入 钱 并 不是 万恶之源 这个 话题 上 但是 正方 要 强调 钱 就是 万恶之源 其实 正方 心里 应该 很 清楚 钱 其实 并 不是 万恶 源泉 但是 正方 用 了 很多 都 与 钱 有关 的 事例 去 证明 钱 就是 万恶之源 简单 就是 正方 必须 无视 掉色 和 权 这 两个 方便 拼命 向前 靠拢 把 贪婪 与 欲望 都 与 钱 挂钩 这是 真的 很 难辩 因为 随时 会 被 驳回 但 没 办法 既然 指定 是 钱 就是 万恶之源 这 一点 只能 用 更 刁钻 的 角度 去 探讨 了 哪怕 知道 这个 论点 有 漏洞 之处 就 比如 你 喜欢 一件 事物 或 人物 突然 要 你 去 反 这个 事物 或 人物 你 只能 去 拼命 找 你 喜欢 的 这个 人物 的 缺点 而 无视 优点 一样 事实上 你 比 谁 都 清楚 这个 事物 或 人物 是 一个 怎样 的 存在
3223681721,我 看过 人性本善 / 人性本恶 的 辩论 那个 真的 是 几乎 接近 完全 公平
99913072144,不钱 是 万恶之源 的 原因 很 简单 国家 国际 货币 价值 也 称之为 国家主权 信用 额度 从 比 塞塔 到 法郎 到 马克 到 英镑 到 卢布 到 美元 这个 国际 中 最 重要 的 主流 货币 流转 的 过程 是 一战 二战 冷战 结果 是 美国 获得 国际 货币 砝码 之称 以 一 国之力 任意 度量 他 国 财富 值
119475595456,我 觉得 正方 四辩 的 观点 就 很 好 啊 钱 是 万恶之源 但 并不等于 恶
128858182464,回复 : 你 说 这话 不 成立 吧 万恶之源 一词 都 已经 包括 完 了 又 说 不 等于 他
128913788576,回复 : 我 的 意思 是 钱 是 引起 万恶 的 源头 相当于 一个 导火索 它 引出 了 万恶 但 这 不 代表 它 就是 恶 它 只是 一种 物品 罢了
128919560064,回复 : 哦
132603459376,回复 : 就算 认同 钱 可以 不是 恶 可以 只是 一种 物品 但是 说 钱 引出 万恶 那 踢 了 一下 猫 你 能 说 是因为 猫 欠 我 钱 吗 还是 说 因为 赚 不到 钱 心情 不好 才 去 踢 猫 的 怎么 都 讲 不通 我 不是 抬杠 楼主 我敢 说 武大 他们 自己 都 想 和 对面 换 题目 所以 有点 可惜 他们 回避 了 猫 的 这个 点 不然 我 就 能 看到 大佬 们 就 这个 点 有没有 什么 绝佳 的 反击 不过 就算 这个 点 反击 成功 了 那路 怒症 呢 色情狂 呢 都 往 钱 上 扯 实在 牵强 越发 感觉 武大 太难 了
132603622032,回复 : 不是 抬杠 诚心 讨论
132606546576,辩论赛 不是 去 说服 对方 选手 他们 这个 是 抽签 决定 说 你 方 的 辩题 正方 抽到 这个 辩题 并 不 代表 本人 的 观点 他们 只是 为了 比赛 只能 向 这点 去 靠拢 硬要 比 逻辑 反方 永远 是 有利 的 就 好比 数学 一个 命题 要 证明 他 是 错误 的 举出 一点 就 可以 扣 这个 死穴 不 就 完 了 正方 已经 很 好 的 规避 这些 点 不行 你 看 我 楼上 的 这位 借楼 艾特 你 的 因为 你 说 的 这个 评论 从 逻辑 观点 本身 就是 反方 有利 一些
132606668768,是 的 赞同
132623534896,回复 : 评价 辩论 的 逻辑 好 还是 坏 取决于 其犯 的 逻辑 谬误 的 数量 也就是说 如果 双方 都 不犯 逻辑 谬误 那 双方 的 逻辑 都 是 无懈可击 的 所以 不 存在 逻辑 对于 某 一方 有利 的 情况 之所以 说 有 一方 逻辑性 胜过 了 对方 是因为 另一方 自身 犯 了 逻辑 谬误
133271408720,回复 : 正方 讲 了 万 并 不 代表 一切 所以 不 包括 反方 所说 的 踢 猫 这种 恶
143108186832,回复 : 但是 感觉 还是 可以 做 一个 关系 的 割裂 货币 不是 万恶之源 美国 才 是 一个 缺乏 公理 心 的 国家 才 是
143108836752,回复 : 但是 正方 只要 证明 自己 的 观点 就 天然 有 逻辑 缺陷 啊 反方 可以 很 轻易 地 把 钱 和 欲望 割裂 开来 而 正方 很难 在 两者之间 建立联系 无论 怎么 论证 都 有 以偏概全 之 嫌
143110519264,回复 : 怎么 就 无论如何 都 有 以偏概全 之 嫌 了 你 能举 一个 具体 的 例子 吗
143110546864,回复 : 比如 正方 从 万恶之源 的 万字 入手 说 万 不是 所有 而是 绝大多数 这 一条 立论 从 逻辑 上 有 什么 问题 呢 从 这个 点 打 有 什么 天然 的 逻辑 缺陷
143110918656,回复 : 我举 一个 例子 你 就 明白 了 正方 3 辩 一直 在 回避 强奸 算不算 万恶 这个 问题 你 可以 仔细 看 他 的 发言 逻辑 谬误 太多 了 包括 后面 他 竟然 说 对方 辩友 今天 的 兴趣 怎么 只 在 强奸 上面 这句 话 虽然 听 起来 煽动性 很强 但是 从 逻辑 的 角度 来说 不太好
143199487440,回复 : 恶 的 种类 是 无穷的 你方 怎么 论证 无穷的 绝大多数 你 没 发现 反方 的 论证 就是 很 苍白 吗 全程 举例 举例 论证 是 论证 逻辑 里面 力度 较轻 的 论证 方式 正方 立论 是 真的 不好 立
143199651344,回复 : 正方 没有 回避 啊 他们 也 说 了 万恶 不是 一切 的 意思 是 多 的 意思 他 反驳 的 时候 也 提到 了 我方 论证 了 多种 由 钱 而 衍生 出 的 恶 您 方 却 一直 抓 着 强奸 不放 你 可能 觉得 他 这句 话 太 具有 煽动性 了 但是 这 就是 在 反驳 啊 意思 不 就是 强奸 只是 万千 恶中 之一 没 必要 一直 拿 这个 说
143204673760,回复 : 哥们 从 逻辑 的 角度 上 来说 你 让 对面 不要 一直 抓 着 你 一个点 不放 这 怎么 能算 反驳 呢 这 是 一种 妥协
143205100352,回复 : 他 的 发言 就是 煽动性 较强 逻辑 谬误 很多 啊 可能 咱们 看 的 重点 不 一样 可能 你 对 逻辑 谬误 的 接受 性 比较 强
143205531776,回复 : 反方 论证 也 不 苍白 啊 这场 比塞 双方 发挥 都 是 接近 完美 的 当然 也 都 有 很多 的 逻辑 谬误 正方 相对来说 谬误 更 多一些
143205845840,回复 : 你 想想 一个点 你 说 不过 对方 然后 来 一句 能 不能 别 抓 着 一个点 不 放
143231506096,回复 : 哪里 有 谬误 啊 你 也 提到 了 他们 的 前提 是 万 是 大多数 的 意思 所以 强奸 这个 个例 无法 削弱 大多数 的 恶 源于 金钱 好比 我 告诉 你 大多数 的 苹果 是 红色 的 你 一直 给 我 说 青苹果 是 绿色 的 这 不 构成 反驳 啊
143231859088,回复 : 我 一直 觉得 正方 的 论证 力度 弱 但是 我 认为 是 辩题 问题 不是 选手 问题 选手 真的 挺 尽力 的
143232298560,回复 : 我 上面 打错 了 我 想 说 的 就是 正方 的 论证 很 苍白 因为 论立 不住 他们 只能 全程 举例 论证 我 还是 认为 他们 的 持方 天然 劣势
143233305328,回复 : 从 逻辑 的 角度 来说 他 的 反驳 就是 有力 的 因为 强奸 只是 万恶 之一 不能 拿 强奸 这 一种 例子 来 反驳 大多数 恶 源于 金钱 我 很 在意 逻辑 但是 他 这句 话 没有 任何 问题
143244476848,回复 : 私信 吧 这个 麻烦
146125057696,回复 : 我 不 太 懂 你 把 辩论赛 的 定义 说 了 一遍 问题 是 这个 定义 和 辩手 犯 逻辑 谬误 没有 直接 关系 啊 逻辑 这个 东西 不 存在 偏向 谁 是 绝对 客观存在 的 作为 一个 辩手 本身 避免 自身 出现 逻辑 漏洞 就是 基本 职责 是 直接 关系 到 胜负 的 评委 打分 时 逻辑 谬误 也 是 重要 参考 因素
146125229344,回复 : 是 很 好 的 规避 了 这些 点 啊 但是 这 和 他们 本身 相对 于 反方 犯 了 更 多 的 逻辑 谬误 矛盾 吗 很 明显 这 两者 不 矛盾 都 成立
146125897712,回复 : 如果 你 是 说 这个 辩题 对于 正方 来说 需要 更 高 的 逻辑 能力 你 如果 是持 这个 观点 我 不 赞同 也 不 反驳 你 但是 逻辑 绝对 是 不会 偏向 任何一方 的 上面 这 哥们 我 已经 私信 跟 他 说 过 了 你们 如果 还 想 探讨 相关 问题 可以 私信 我
151770356288,回复 : 万恶之源 这个 词是 正方 偷换概念 了 万字 在 这个 词里 就是 一切 的 意思 万恶之源 这个 词 出自 圣经 指 一切 罪恶 的 根源
152512244144,回复 : 你 没 私信 跟 我 说 啊 你 自己 不 也 是 一直 车轱辘话 你 说 逻辑 谬误 多 你 就 举 了 一个 例子 我 也 反驳 了 然后 你 说 私信 讲 你 也 没 给我发 私信 啊
152512317472,回复 : 这 就是 为什么 我 说 正方 不好 打 的 原因 他们 的 持方 就是 会 容易 陷入 偷换概念 和 以偏概全 的 怪圈 里 我 跟 上面 那个 人争 的 就是 这个 辩题 的 持方 到底 有没有 优劣 之分
152523398224,回复 : 我 没 给 你 私信 吗 12 月 23 日 我 只能 发 一条 你 不 回 我 就 不能 再发 了
152523494928,回复 : 我 现在 都 能 看到 我 给 你 发 的
179428276128,回复 : 但 我们 大家 都 知道 不是
179428141488,回复 : 那 就是 是 反方 观点 了
1023089753,哈哈哈 半决赛 大 决赛 都 是 这个 主席 口音 真的 好像 熊二
1020215524,几乎 每 一个 人 出来 都 感觉 不到 任何 反驳 可是 总能 找到 也 是 厉害 他们 的 思路 真的 我 完全 跟不上
1008493838,恭喜 你 发现 了 镇 站 之宝
1008348576,太赞 了 这 辩论
1006508773,十大 精彩 结辫 是 哪 十大 啊
3999655218,有 胡渐 彪 的 这场 也 有 黄 执中 的 结辩 b 站 有
1004418618,除了 我 不如 他 无话可说
998844448,很 简单 嘛 你 把 自己 代换 到 辩 场上 去 然后 看 你 能 不能 在 对方 说完 的 一瞬间 用 短短 三分钟 来 反驳 对方 的 理论 并 将 自己 的 观点 阐述 清楚 透彻 如果 不能 的话 敲 键盘 有 什么 意义 呢
2655741467,有 道理
2742641134,就算 没有 这个 能力 表达 自己 观点 也 是 可行 的 吧 在 弹幕 里 发挺 影响 观看 体验 的 但 在 评论 区 留言 就 没有 什么 问题 了 吧 只要 不 人身攻击 哪怕 自己 的 论点 有 漏洞 也 是 值得 发出 来 的
2742655407,为什么 只有 和 他们 能力 相等 才能 发表 自己 的 观点 可能 幼稚 可能 经不起 推敲 但是 每个 人 都 是 这么 走 过来 的 你 以为 每个 人 天生 就是 辩手
2744915327,回复 : 你 说 这些 是 没 搞清楚 我 在 怼 哪 一类 人 只要 你 说 的 有理有据 无论 评论 还是 弹幕 都 可以 留言 但 有些 攻击 辩手 的 言论 攻击 辩论赛 本身 的 言论 不合理 敲 键盘 指 的 是 这 类人 还 有些 的 一副 事后诸葛亮 的 态度 很 明显 也 有 问题 留言 当然 可以 态度 得 摆 端正
3212935428,有些 论点 能 有些 论点 搞 得 我 想 对 他 大喊 卧槽 你 真 对
5793786478,真的 很难 我 一直 在 试着 反驳 他们 的 观点 但是 感觉 到 了 嘴边 说不出来 语言 组织 能力 不行 只能 干着急 台上 的 都 很 厉害 真的 很 佩服
134080797744,我 估计 我会 说 嗯 他 说 的 有 道理
134550805728,我 想 我 能 给出 一些 比较 完美 的 解决 方式 因为 从 这个 命题 上 辩论 双方 的 定义 就 完全 不 一样 虽然 说 双方 对 万 的 定义 给出 了 不同 解释 实际上 什么 是 恶 大家 心里 都 知道 根本 上 就是 在 这个 万 上面 所以 万 到底 是 什么 界定 我们 必须 给 出来 无论 正方 给出 了 什么 条件 或者 定义 总有 一个 是 切实 的 我们 在 社会 上 语言 的 本质 是 为了 相互 交流 一个 词语 表征 了 一个 元素 一个 物体 或者说 一个 群 因此 我们 知道 一个 词 只能 指代 一个 或者 一类 元素 他们 就 有 相似 的 特性 或者 特性 本身 那 这个 万字 到底 要 谁 来 决定 呢 无论如何 这次 的 辩论 是 一次 社会活动 它 的 社会 意义 在 哪 呢 到底 由谁来 决定 万 的 定义 呢 显然 是 人民 群众 决定 的 人民 群众 觉得 这个 是 许多 那 就是 许多 群众 觉得 是 一切 就是 一切 显然 群众 是 觉得 万恶之源 中 的 &# 34 ; 万 &# 34 ; 就是 一切 文学家 只是 为了 总结 群众 理解 社会意识 的 衍生 产品 归 根本 源 还是 群众 的 理解 这里 的 理解 大家 都 理解 为 万 是 &# 34 ; 一切 &# 34 ; 那么 这个 时候 对方 给出 的 一切 论证 都 是 无效 的 直接 就 决定 了 胜败
239785625008,回复 : 说 了 一大堆 结果 毫无 逻辑 既然 你 说 人民 群众 决定 那 正方 就 不是 人民 群众 了 ? 不能 说 万 是 大多数 了 ? 以及 人民 群众 这个 词 你 本 就 用 错 了 你 从 哪里 就 知道 人民 群众 一定 是 万 一切 了 ? 你 又 凭 什么 代表 所有 人民 群众 ? 哪怕 99.99 的 人 说 万 是 一切 就是 有 一个 合法 公民 说 万 是 大部分 你 是不是 要 把 这个 人 驱逐 了 ? 你 凭 什么 界定 人民 群众 ?
990889602,辩论 只是 为了 听 起来 有理 提醒 诸位 听众 别 把 辩论赛 学来 的 本领 套用 在 生活 和 工作 里
1019191752,为什么 不能
1034225784,回复
987340905,( )
985242039,反方 四辩 太强 ( )
978535932,辩论 就是 抢 定义 无所谓 诡辩 同一个 词 的 立意 你 只要 站 在 对方 头上 就 赢 了
978267911,很 有意思 就是 感觉 这辩题 有点 问题 正 方略 吃亏
976838200,不错
948642279,说 正方 逻辑 的 我 想 说 下 在 这场 比赛 之前 国内 主流 是 华丽 的 打法 也 就是 当时 并 没有 什么 是 专门 打 逻辑 的 马来西亚 大学 可以 说 是 打开 了 新 的 一种 辩论 潮流
5795245831,马来亚
94544397600,回复 : 是 马来西亚
95137207088,是 马来亚 大学 啦 马来亚 是 马来西亚 联合 邦 的 其中 一个 成员 邦 给 你 科普 一下 马来西亚 联合 邦 共有 四个 成员 邦 分别 是 马来亚 半岛 新加坡 砂拉越 邦 和 沙巴 邦 共 组大 马来西亚 联合 邦 简称 马来西亚 再 简称 大马 后来 新加坡 在 1965 年 退出 了
135881743008,不要 捧 一 踩 一 不要 发现 正方 辞藻 华丽 就 觉得 逻辑 有所 欠缺
948079442,交易
943216648,这些 人 要是 忽悠 我 我 绝对 给 他们 忽悠 瘸 了
942378070,万 恶 源 正方 都 不 占
942098999,像 说 相声
941483584,钱 是不是 万恶之源 不管 与否 都 是 伪 命题 钱 这能 说 是 至 恶 的 一个 因素 远 不能 与源 即 最 根本 最 开始 联系 在 一起 要 真是 对 万恶之源 平心而论 那 只能 说 是 人类 的 存在 或者说 宇宙 的 存在 当然 这样 说 是 没有 意义 的
940634967,卧槽 我 居然 看 了 50 分钟
940196132,竟然 有 胡渐 彪 老师 哈哈哈哈 哈哈哈
3999698736,当然 有 很多 老 辩手 基本 都 是 国辩 出身 蒋昌建 陆一鸣 黄执中 马薇 薇 刘京京 年轻 点儿 的 陈铭
939267379,没玩过 辩论 要是 我 跟 我 朋友 吵 我 是 正方 我 就 只能 跟 他 吵 一个 万字 而且 必须 咬 死 钱 能够 引起 足够 多 的 恶行 和 种类 能 达到 这个 万字 的 要求 其他 想 不 出来 啥 方面 能 切入
937365744,这 新加坡 三坡 三辩 的 思想 有 问题 哈 乐死 我 了
936650545,希腊 的 辩论 家们 语锋 横扫 一切 然而 亚历山大 的 长枪 一指 通通 屁滚尿流
931440249,有钱能使鬼推磨 现在 的 世界 就是 钱 的 世界 有钱 真的 就是 能 为所欲为
930205559,辩论 是 啥意思 都 不 知道 还来 参与 命题 先 去 百度 下 吧
926087266,主持 陕北 人嘛
925217439,这个 辩题 感觉 对 反方 有利 因为 凡事 都 是 相对 没有 绝对 相对 来讲 钱 是 万恶之源 又 是 万善 之源 既 一半 支持 正方 一半 支持 反方 绝对 来讲 钱 是 一切 或者 绝大多数 行恶 的 根源 这样 也 不 对 因为 钱 只是 推 进行 恶 的 欲望 而已 最 主要 还是 人性 的 问题 这些 都 是 对 正方 不利 的 观点 但是 正方 明 知道 这个 辩题 对 自己 不利 的 情况 下 依然 列举 出 了 这么 多 有利 自己 辩题 的 论点 这 一份 敢于 拼搏 的 精神 才 是 值得 我们 学习 的
923872821,话 说 麻原彰晃 这 几天 刚 被 执行 死刑
922351790,反方 一 发言 就是 * * 笑死 我 了
922061474,少说 多 看
920378926,( _ ) emmmm 我 觉得 正方 的 观点 不 就是 杀人 不是 人 的 错 是因为 手里 有 杀人 武器 的 错 啊 打 了 一下 别人 是 我 的 手 打 你 不是 我 打 你
919657276,弹幕 一群 智障 说 什么 怎么 不 回答 反方 的 问题 啊 怎么 怎么 的
915258823,简单 说 一下 辩论 场上 主要 有 两种 武器 或者说 技术 逻辑 和 价值 当 你 在 某 一个 问题 的 逻辑 上 无法 战胜 对手 时 就 需要 有人 往往 是 四 辩来 告诉 评委 和 观众 其实 刚才 的 问题 根本 不 重要 重要 的 是 另 一个 东西 也 就是 所谓 的 价值 升华 而 逻辑 可辩 价值 不可 辩 比赛 最后 抛出 的 价值 往往 会 停留 在 观众 评委 心中 让 人 产生 本能 的 认同 所以 最后 发言 的 正方 四辩 往往 需要 通过 价值 升华 来 增加 胜率 反方 四辩 因为 在 其 之前 发言 价值 上 很 难 战胜 对手 所以 往往 通过 逻辑 拆解 的 方式 提高 胜率 辩手 本身 也 有 自己 的 风格 胡渐 彪 就是 硬派 逻辑 黄执中 就 喜欢 打 价值 武大 辩手 往往 都 精于 口活 各有千秋 了 总之 这场 比赛 也 是 经典 中 的 经典 因为 大家 对 辩论 本身 的 理解 不同 所以 对 这场 比赛 也 会 有 不同 的 看法 但 辩论 圈 的 人 一般 会 认为 辩题 会 较为 偏向 反方 实际上 也 就是 因为 普通 观众 在 没 听 这场 比赛 前 一般 会 认为 万恶之源 指 的 是 所有 恶 的 源头 辩论赛 打 到 一定 程度 如果 实力 没有 碾压 左右 胜局 的 往往 是 观众 评委 的 直观 感受 所以 大家 也 就 别 争论 谁 该 赢 谁 不该 赢 了 这场 比赛 所有人 都 是 大佬 把 他们 的 发言 放在 辩论赛 这个 前提 下 仔细 思考 一下 你 就 会 发现 几乎 都 是 最优 解了 可以 批评 但 最好 还是 虚心 一些 学习 为主 尤其 是 那些 上大 一刚 开始 接触 辩论赛 的 同学 们
915175147,请 合理 使用 屏蔽 功能 改善 观看 体验 建议 屏蔽 词输 偷换概念 杠精
914569315,在 某些 弹幕 真是 睿智 至极
914568370,说 女性 是 恶源 的 那个 祝您 原地 爆炸 嘞
914292638,世界地图 上 没有 新西兰 阿拉斯加 也 不 知道 哪里 去 了
910060895,这 看 的 不是 哪个 大学 的 辩论 技巧 更 厉害 吗 要是 一 开始 就 知道 金钱 是 / 不是 万恶之源 还 辩论 个 毛 啊
910091184,万事万物 都 没有 绝对 这一说
913297491,就是 这个 理 啊 辩论 的 东西 就 如同 狗狗 狗狗 狗狗 屁 一样 对 的 与 错 的 tm 和 好 的 与 坏 的 哪个 更有意义 他们 比较 模糊
920953187,回复 : 就是 因为 没有 绝对 才 会 有 辩论
926154518,回复 : 他 的 意思 辩题 太 绝对 裁判 一定 是 认定 了 万 是 指 全部 才能 判 的 反方 胜 但是 如果 万 真的 是 全部 的 意思 那 是不是 就是 辩题 太 绝对 了 正方 如此 绝对 没有 胜算
908505548,正方 一辩 阐述 了 一下 钱 是 万恶之源 的 依据 举 了 一下 例子 提了 一个 我 认为 比较 重要 的 观点 钱 是 很多 罪恶 的 诱因 其实 这里 我 想 打 一切 这个 词 但 因为 这里 正方 还 没有 提出 万 没有 一切 含义 这个 观点 不过 想想 还是 算了 反方 一辩 为 对方 立 一个 论点 钱 是 万恶之源 的 意思 是 钱 是 所有 罪恶 的 根源 并 提出 观点 来 反驳 这个 论点 1 钱 不是 所有 罪恶根源 除了 钱 之外 还有 其他 各种各样 恶之源 2 钱 也 不是 恶之源 恶 源于 人 内在 自身 而 不是 外 在 的 钱 这里 和 正方 一辩 提出 过 人之初 性本善 人 的 罪恶 离不开 外 在 因素 当然 她 指 的 是 钱 影响 她 用 的 是 诱惑 这个 词 这个 观点 相 呼应 3 钱 可以 拿来 行善 不 应该 归于 万恶之源 这里 应该 表达 的 是 钱 应该 作为 中性词 存在 不该 归于 善恶 任意 一方 这里 应该 是 是 利用 人 对 恶之源 固有 情感 认知 及 人类 无意识 的 厌恶 罪恶根源 这一 情感 做出 的 策略 通过 提高 观众 对于 钱 的 印象分 来 摆脱 钱 是 恶之源 这个 观点 说穿 了 就是 打 感情 牌 不过 这个 论点 还是 比较 容易 反驳 的 钱 虽然 可以 行善 但 不 影响 它 是 万恶之源 这个 论点 还有 正方 四辩 总结 阐述 时 也 用 了 钱 是 万恶之源 而 钱 本身 并 不是 恶来 反驳 这一 观点
908496134,正方 二辩 提出 万恶之源 的 意思 是 大多数 恶 的 根源 而 不是 一切 恶 的 根源 这个 论点 在 策略 上 非常 重要 的 如果 没有 这个 论点 或者 这个 论点 不 成立 对方 只 需要 提出 一个 反例 只要 反例 成立 正方 就 可以 离席 了 即使 反例 不 成立 也 可以 继续 再 提 另外 一个 反例 直到 正方 无法 反驳 疲劳战 虽然 很 无赖 但 很 有效 正方 一直 强调 万 的 9 种 意思 没有 &# 39 ; 一切 &# 34 ; 这个 含义 其 目的 就是 让 观众 和 评委 不要 忘 了 这个 论点 如果 忘 了 这个 论点 等同 白提 顺便 说 一下 我 网上 查 的 辞海 万恶之源 意思 就是 一切 恶 的 根源 反方 二辩 利用 万万不能 这个 万 反驳 正方 提出 万 不 具有 代表 一切 含义 这个 观点 在 辩论 中 确实 是 个 非常 好 的 技巧 以 对方 的 论点 和 逻辑 来 反驳 对方 这样 对方 正攻 就 只能 找出 两个 观点 不同之处 来 进行 辩论 这里 正方 给出 的 反驳 点 是 万万不能 万 在 这里 是 副词 就是 找到 了 两者 不同 万 与 万万 的 不同 不过 我 有 一个 疑问 万 不能 和 万万不能 意思 不 一样 吗 后面 用 排比 法 这个 叫 排比 法 吗 有没有 用 错词 反驳 了 正方 一辩 提出 过 的 人 对于 金钱 追求 无限 和 占有 有限 产生 罪恶 其实 就是 不 满足 这一 观点 但 这个 确实 是 混交 概念 了 不过 也 指出 正方 一辩 在 阐述 时 的 不 严谨 正方 一辩 话题 重点 也 不 在 这句 话 上 在 后面 就是 各种 举例
908501028,正方 三辩 开始 是 上边 说 过 的 万 与 万万 然后 是 反驳 反方 提出 的 例子 提出 反方 例子 中 都 和 金钱 有 关系 但是 这里 无视 了 反方 二辩 关于 踢 狗 那个 例子 反方 三辩 开场 还是 关于 万 的 定义 可见 正反 双方 对于 万 的 执着 也 证明 正方 二辩 应变能力 和 对于 正方 带来 的 优势 这里 反方 提出 了 万全之策 和 万物之灵 这 几个 词 弹幕 中 有人 说 这里 万 也 是 副词 但 注意 1 这里 是 万 不是 万万 2 正方 观点 里 有 辞海 关于 万 的 解释 有 9 种 但 没有 一种 是 一切 的 意思 那么 有 两个 问题 1 万 作为 副词 是不是 就 具有 一切 的 含义 2 辞海 里 关于 万 的 9 种 解释 中 有没有 关于 万 作为 副词 时 的 解释 换句话说 弹幕 的 那句话 看似 反驳 了 反方 观点 但 其实 完全 是 为 正方 挖坑 后面 提出 观点 很多 不过 可以 总结 为 3 个 1 钱 不是 恶之源 贪才 是 2 钱 不仅 能 带来 恶 也 可以 带来 善 不过 2 号 观点 之前 提出 过 了 3 如果 钱 是 恶之源 那么 在 钱 出现 之前 世上 就 没有 恶 了 吗
908506713,中间 这个 自由 辩论 太乱 了 我 看 完 脑子 一片空白 不过 感觉 正方 一直 强调 大多数 恶 都 和 钱 脱不了 关系 而 反方 观点 就 多一点 有 关于 钱 出现 之前 还有 除了 钱 还有 其他 恶之源 等等 中间 关于 员 这字 正方 为什么 说员 这个 字 中 没有 贝字 啊 有 弹幕 解释 员 最后 一笔 是捺贝 最后 一笔 是 点 你 可以 查 新华字典 看看 最后 一笔 是不是 不 一样 记住 一定 要 看贝 笔画 顺序 是不是 2534 而员 笔画 顺序 那里 最后 四个 数字 是不是 2534
908501203,最后 四辩 总结 和 陈述 反方 四辩 开始 还是 针对 万 提出 论证 明确指出 正方 关于 万恶之源 一词 解释 时 混交 和 偷换概念 之后 总结 了 和 一下 之前 提出 过 的 观点 这里 虽然 没有 新 观点 但 在 阐述 之中 做到 条理分明 并且 明确指出 对方 观点 和 其 问题所在 在 最后 总结 和 陈述 个人感觉 还是 非常 加分 的 正方 四辩 明确 强调 正方 万字 策略 及 正方 只 需 证明 大多数 恶之源 是 钱 而 不用 证明 是 所有 恶之源 然后 再次 提出 人性本善 观点 并 以 湖水 清澈 和 浑浊 举例说明 支持 论点 最后 提出 钱 是 万恶之源 但 钱 本身 并 不 代表 恶 这 一 观点 反驳 反方 一辩 提出 钱 可以 行善 所以 不是 恶之源 这 一 观点 弹幕 里 有人 说 现在 才 提 我 深表 同意 反方 这个 观点 本身 不 具备 完美 的 逻辑 理论 没有 必要 留 到 最后 再说 要 知道 反方 没有 机会 发言 了 这里 完全 可以 提出 一些 正方 提出 后 带来 极大 优势 但会 被 反方 反驳 或 加以 利用 的 观点 因为 这时候 提出 的 观点 不管 有 再 大 的 漏洞 再 绝对 的 反例 反方 也 无法 反驳 了 还有 就是 举例说明 和 煽情 演讲
908507439,最后 关于 正方 论点 还是 有个 观点 没有 提出 来 我 首先 承认 除了 钱 之外 其他 有 很多很多 会 导致 罪恶 的 根源 比如说 性权 等等 但 我 要说 的 是 一件 罪恶 的 事情 它 的 根源 是 多方面 的 复合性 的 它 也许 不 完全 因为 钱 有着 其他 因素 但 钱 是 众多 因素 之一 我 是不是 可以 称作 钱 是 这个 事件 罪恶 之源 呢 当然 你 可以 提出 其他 原因 并 说 其他 原因 是 这件 事 的 罪恶 之源 而且 我 完全 赞同 你 这个 观点 同时 也 不 反对 我 的 观点 两种 观点 我 认为 同时 存在 当 世上 所有 恶有 超过 50% 以上 都 和 钱 有关 我 是不是 可以 将 钱 称作 万恶之源 其实 我 想 说 100% 的 但 正方 关于 万 这个 策略 真是 不用 白 不用 其实 这个 观点 是 可以 反驳 的 但是 正方 四辩 陈述 时 反方 已经 没有 反驳 机会 了 我 很 好奇 为什么 正方 那么 好 的 机会 用 在 了 反驳 反方 一辩 一个 并 不 严谨 的 论点 上要 知道 正方 所有 观点 都 是 围绕 这个 观点 展开 做 铺垫 的 比如说 千方百计 把 反方 观点 都 和 钱 挂 上钩 有 很多 都 牵强附会 如果 不是 怀有 上述 观点 做 铺垫 我 真的 搞不清 动机 了 但 他 压轴好戏 时 竟然 没提 我 很 费解
904280851,屁咧 你们 说 啥 是 万恶之源 都行 凭 什么 说 我 睡懒觉 是 恶
903807352,对 当年 这场 高中 的 时候 语文 老师 给 我们 放过
902548972,现实 中 我们 要是 这么 说 的话 多半会 被扣 上杠 精 的 帽子
901817086,哇 建议 关 弹幕 吧 有些 弹幕 学家 以为 自己 都 是 最佳 辩手 似的 批判 每 一位 辩手 的 论证 谁 会 在 弹幕 里 跟 你 唇枪舌剑 这是 辩论 和 无厘头 的 撕 逼真 没关系 不是 你 得理不饶 人 的 地方 你 在 弹幕 发表 你 的 观点 也 是 无用功 谢谢
901793127,你 说 人家 说 的 不好 人家 得 了 最佳 辩手 有 时间 打字 不如 去 了解 一下 辩论 吧
900400162,但是 万恶之源 肯定 是 欲望
900070845,偷换概念 的 极度 利用
899576363,看不下去 了 万恶 淫 为首 的 淫 不是 * * * 的 意思 不 懂 的 查 百科 翻字典 或者 问学 语言 的
899590335,* * * s e x
899590918,反方 一直 强 奸个 不停
904585666,看不下去 了 俗语 和 你 讲 的 文言文 本来 就 不是 一个 意思 那 大可不必 讲 什么 蟋蟀 蚱蜢 什么 说 睡服 什么 不 亦 说悦乎 这种 人造 真理 本身 不 存在 唯一性 辩论 的话 是 站不住脚 的
904713954,回复 : 你 所说 的 是 读音 和 一种 事物 不同 名称 而 我 说 的 是 一个 语句 的 特定 意思 产生误解 你 尊重 语言 的 多样性 很 好 但 请 你 也 尊重 一下 语言 所指 的 意义 别 让 错误 继续下去
899521381,外行 看 论题 内行 看 论证 看 辩论 不要 看 这个 辩题 对 不 对 而 要 看 他们 怎么 打 这个 题 就算 你 只是 想 感受一下 辩论 那 建议 放空 思想 跟 双方 走 这 更 能 感受 魅力
899103357,谁 能 把 这个 万字 解释 清楚 谁 就 赢 我 要是 正方 ' 就 会 第一 时间 想到 对方 肯定 是 举 反例 来 驳斥 我 就 会 朝 自己 的 方向 来 解释 万 这个 字 正方 一直 只是 说 辞海 万 没有 一切 的 意思 其实 这个 时有 毛病 的 因为 不 应该 抛开 语境 来查 单独 的 一个 词 要是 我 我 就 会 说 : 万恶之源 人们 用 的 时候 本身 就 没有 考虑 过 他 是 一切 的 意思 正方 逃不出 这个 逻辑 弱点 所以 失败
908648092,你 这个 论点 非常 出彩 啊 即使 反方 提出 万恶之源 在 辞海 中 解释 是 一切 不好 的 根源 正方 也 可以 用 在 语句 中 万恶之源 用法 只是 形容 会 引起 很多 不好 事情 的 发生 而 并 没有 具体 到 所有 的 不好 事情 只要 举起 一个 实例 就 能 让 论点 立足
908802558,拿 着 本 辞海 一直 强调 一个 字 的 单独 用法 不 强调 具体 运用 的 语境 这 很 难 想象 是 高材生 的 行为
909687238,回复 : 不是 不是 他 那 这 是 正常 操作 你 这种 叫 灵感 涌现 当然 也许 是 你 本身 思维 方式 中 的 经常出现 的 概念 但 总体 来说 你 这 算是 精彩镜头 你 拿 精彩镜头 来 对比 他人 没有 灵感 时候 的 正常 操作 就 不 客观 了
978266968,回复 : 你 这话 真的 偏颇 有点 上帝 视角 的 感觉 而且 你 平时 用 万恶之源 不是 指代 所有 ( _ ) 而且 还是 平时 人们 没有 思考 过 不 说 多 刘硕 文学工作者 哭 晕 在 厕所
1089502564,语言 本是 约定俗成 你 可以 说 你 觉得 大家 不是 这样 想 万 可 它 不是 权威 本 就是 约定俗成 为什么 信 你 口中 的 大家 而 不是 辞海 呢 ? 而且 辩手 明明 举过 了 生活 中 的 例子 让 大家 感受 万 的 意思 为什么 你 要 在 这里 指点江山 把 辩手 当 傻子 呢
898947556,大专 不是 大专 是 大学生 专题 辩论 好 吧
898453383,看个 视频 从 猛男 变成 了 二五仔
898410330,我 在 大学 代表 我们 院打 了 半年 的 辩论赛 以 我 这点 浅薄 的 见识 来看 首先 双方 水平 真的 都 超高 但是 正方 四辩 浪费 了 他们 的 优势 明明 是 正方 四辩 后 发言 结果 却 打 不出 洗脑 以及 推翻 的 效果 我 听 完 双方 四辩 的 发言 感觉 反方 四辩 真的 打出 了 洗脑 的 局势 正方 四辩 对于 反方 四辩 提出 的 观点 做出 的 否定 真的 太少 了 更 多 的 是 一种 总结性 的 陈词 也 就是 维护 正方 的 观点 其实 两方 在 自由 辩论 打出 的 是 均势 没有 谁 有 明显 的 劣势 的 但是 正方 四辩 在 最后 的 总结 陈词 里面 却 把 大部分 精力 都 放在 了 防守 上 如果 正方 四辩 和 反方 四辩 风格 互换 一下 正方 就 碾压 了 微薄 的 个人 认识 可能 是 正方 辩题 天生 吃亏 了 吧 真的 是 超 精彩 辩论赛
908649434,同感
898401059,24 小时 都 有人 看 吗
898191494,这 就是 我 不 爱看 辩论赛 的 原因 我 感觉 哪方 说 的 都 他 妈 对 对
899591140,( ` ) 我 也 是
1798656143,需要 有 强大 的 自主 观念 啊
1957081098,这里 就要 用 说 尼玛 呢 瞎 姬霸 扯淡 不想 跟 你 说 了 小学生
1983869608,辩论赛 本来 就是 比 口才 不是 比 谁 的 观点 正确
2035022358,不要 认为 那边 的 有理 就 觉得 那边 稳赢 只要 你够 骚够 洗脑 月球 的 形状 都 可以 被 你 说 成 三角形
2231547778,回复 : 不 只是 口才 涉及 的 很多 逻辑 攻防 反应 立论 有时候 还要 猜 对面 的 论要 全 说完 几万 字 都 不够 别 把 辩论 只 当做 语言 游戏
2271120570,因为 辩论赛 无法 可以 强化 你 的 思维 可以 对于 你 拜访 客户 演讲 很 好 用
2428467353,论题 本身 就是 两面性
2730295469,看 辩论 看 得 本来 不 应该 是 哪方 对 哪方错 而是 看 他们 是 怎么 辩论 的 精 不 精彩
2989878239,因为 辩论 话题 本来 就 有 两面性 啊 如果 是 大众 都 知道 的 有 无可争议 答案 的 话题 那 还 辩论 啥
111933151712,回复 : 这个 能 叫 口才 吗
126979179168,就是 比 吵架 谁 厉害
128856593616,回复 : 你 不 坚定 自己 的 观点 正确 还 怎莫 辨论
133013116736,但是 看 一场 优秀 的 辩赛 又 一下子 搞懂 了 好多 东西
898097693,变 挠头 边 看
897868341,说点 什么
897835675,没有 万恶之源 恶 的 导因 太多
897697124,为 正方 抛出 两个 观点 第一 人 是不是 万恶之源 第二 钱 是 欲望 的 诱因 老子 说 一生 二二生 三 三生 万物 恶是 人 欲望 主导 的 破坏 行为 那 作为 主导 欲望 诱因 的 钱 怎么 不是 万恶之源 呢 正方 该 抓住 的 观点 应该 在 这个 源字 上
897869426,你 这 观点 怎么 看 怎么 对 正方 不利 _ 第一 反方 一直 在 极力 论证 钱 不是 万恶之源 你 这 不是 废话 吗 第二 第二个 观点 就 包含 了 钱 是 一切 欲望 的 诱因 不是 授人 权柄 吗 反方 辩手 估计 会 这么 回答 : 既然 你 已经 同意 了 万 等于 全 那么 * * 呢 究竟 是 那 女 的 给 了 他 很多 钱 还是 他 缺钱 呢
897992680,回复 : 兄弟 诱恶 之 因 都 不是 万恶之源 什么 是 你 看 懂 第一个 观点 要 表达 的 是 什么 了 么
908738387,回复 : 上面 那个 人 的 意思 是 第一 问题 反方 可以 直接 提出 人 是 万恶之源 而 钱 不是 这个 论点 并 举例 证明 之后 的 辩论 是 之后 的 事 你 这个 问题 会 直接 导致 反方 有个 攻击 正方 的 机会 如果 你 是 正方 就 应该 提出 正方 可以 论述 而 反方 无法 论述 的 观点 依然 是 上面 那个 人 的 意思 第二个 问题 你 的 第二个 问题 阐述 时 有着 万恶之源 中 的 万 是 代表 一切 这样 反方 就 可以 通过 不断 提 反例 来 质疑 正方 观点 不过 我 要说 的 是 你 第二行 问号 后面 那句话 那 作为 主导 欲望 诱因 的 钱 怎么 不是 万恶之源 呢 文中 你 用到 了 主导 欲望 诱因 那么 你 后面 用词 就 不该 是 万恶之源 而 应该 是 主恶 之源 如果 你 要 用 万恶之源 这个 词 前面 文中 就 应该 用 全导 欲望 诱因 顺便 说 一下 辞海 中 万恶之源 的 解释 就是 一切 不好 事情 的 根源
911412633,回复 : 他 找 我 私聊 这个 问题 我 这个 比较 懒 你 在 仔细 想想 我 说 的 啥 重头 捋 一下
912414715,回复 : 你 认为 我 理解 错 了 你 就 明着 直接 解释 出来 你 让 我 捋 十遍 我 要说 的 还是 上边 那些 争辩 中要 用 你 这个 让 对方 捋 一遍 再 捋 一遍 的 方法 来 辩论 就 不用 玩 了 正反 双方 一辩 说完 后面 二辩 三辩 就 直接 可以 说 我 比较 懒请 对方 再 仔细 想想 我方 一辩 所持 观点 从头 捋 一遍 辩论会 就 完 了 还 真是 皆大欢喜 啊 如果 你 真的 比较 懒 只 需要 打 三个 字 我 认输 我 就 不会 再 找 你 谈 这个 话题 了
912756223,回复 : 哦 那 你 现在 给 你 遇到 的 第一个 人 说 人 是 万恶之源 我 说 你 这 * * * 的 认同 是 哪来 的
912775072,回复 : 钱 是不是 万恶之源 万是 伪 命题 源才 是 论点 其实 你 是 觉得 反方 是 占理 占优势 的 单 从 辩论 辩论 来说 是 没有 绝对优势 方 的 不然 大家 干嘛 来 辩论 直接 2222 王炸 就 完 了 么 从 人类 社会学 角度 的 伪 优势 所以 你 这 人 还 蛮 奇葩 的 颇 有 人云亦云 的 * * * 范
912788540,回复 : 辩论 结果 已经 显而易见 了 我 是 给 正方 出奇 所以 你 给 我 准备 扯 什么 显示 一下 你 智商 高 大家 看见 的 你 都 看见 了 人家 都 说 一叶 之秋 老子 给 你 一棵树 你 却说 这树病 了 你 搞清楚 这场 辩论 的 正是 是 什么 在 来 跟 我 讨论 什么 是 出奇
913383785,回复
914157023,回复 : 其实 我 的话 没有 引起 你 的 思考 反方 的 答辩 一直 在 遵循 细支 的 区分 过程 辩论 的 结果 并 不 重要 我们 已经 得到 了 现在 需要 思考 的 是 怎么 为 正方 出奇 辩论 遵循 对方 的 逻辑 就 已经 输 了 正 所谓 认真 你 就 输 了 不 认真 你 已经 输了钱 作为 一种 人类 社会 进步 的 货币 工具 本身 不 具有 人性 自然 不能 划分 人类 社会 的 道德 评判 内 人性 如此 复杂 是 人 有 七情六欲 相互 交错 md 睡觉 了 我特 么 真是 闲 的
914293484,回复
914297403,回复
897570041,看 了 三遍 了
897505994,看热闹 的 就 少 发点 弹幕
896392374,别吵 了 都 怪 本泽马
913694944,NB 送 你 上去
914895955,回复 : 哈哈 上 不 去 了
3999742129,哈哈哈哈 哈哈哈
3999858581,回复 :
896027100,不如 网络 键盘 侠辩 起来 厉害
895720712,在 键盘 侠 眼中 这些 辩手 都 是 渣 渣
895342196,正方 说 关于 奖金 问题 里面 没有 恶 所以 没什么 好 说 的 可是 他们 要论 的 不是 钱 是 万恶之源 吗 那 这 不 就是说 了 钱 不是 万恶之源 当然 这是 抛开 万字 不谈 不过 反方 已经 说 了 万恶之源 的 解释 是 一切 恶 的 根源
895013515,我 觉得 星
894604455,你 听 正方 说完 觉得 哇 真 有 道理 听 反方 说完 好像 也 对 这 是因为 本来 这 就 有 两面性 他们 这些 辩手 谁 不 知道 两面性 只是 只能 说 对 自己 有利 的话 举对 自己 有利 的 例子 而已 正常
898379132,所以 这 就是 反方 好 发挥 了 因为 题目 是 万恶之源 也 就是 全盘否定 了 钱 的 好 的 一面 反方 只要 说明 钱 有 两面性 就行了 其实 正方 能 把 这么 难 发挥 的 题目 说成 这样 已经 很 不 容易 了 我 想 如果 把 位置 换 一下 武大 还是 能 赢 的
898420493,回复 : 正反方 是 抽签 决定 的 吧 没法 正方 这边 开局 劣势 已经 不错 了
894455211,有 武大 校友 吗
894011989,弹幕 全都 是 大神
893485043,好看 一口气 看 完
893399840,说 是 话 正方 的 三个 男 的 都 挺 屌 反方 屌 的 就 34 号 4 号 最后 基本 总结 3 号 观点 并 将 其 完善 反方 最 屌 的 是 3 号 而 不是 4 号 只是 4 号 普通话 好 你们 都 以为 反 4 最 屌
892246514,钱 只是 一种 工具 怎么样 使用 是 看 人 自己 品行 端庄 的 人 用钱 用来 行善积德 那 自然 是 善 反之亦然 恶人 用钱 用来 贿赂公行 那 自然 是 恶 比如 我们 把 钱 比做 刀 你 若 用 其 做饭 切菜 那 它 自然 是 善 反之 你 若 用 其 烧杀 劫掠 那 它 自然 是 恶 但 主导 其 行善 或行 恶 的 并非 刀 的 本身 而是 人类 自己
892244139,这种 问题 更 容易 赢 的 好 吗 评委 心中 知道 那边 不好 辩看 不利 的 一方 如何 化解 是 加 分项
891949099,很 久 之前 看过 的 第一场 辩论赛 题目 是 是否 以 成败论 英雄 当时 作为 一个 小学生 看 的 一脸 懵 逼 整个 班级 真的 是 鸦雀无声 抛开 这场 辩论赛 的 结果 不谈 我 认为 看 完 辩论会 最大 的 收获 在于 对 这个 问题 一个 新 的 理解 对 旧 问题 的 新 思考 对 浅显 的 道理 进行 深入 理解 和 剖析 倒 是 看 完 这场 辩论会 还 在 纠结 钱 是不是 万恶之源 的 人 我 感觉 很 可笑 我 确实 带有 一定 的 优越感 去 看 这 类人 因为 辩论赛 本身 的 输赢 并 不是 单单 说 这个 观点 正确 与否 是 由 胜败 来 确定 的 最终 的 结果 是 由 逻辑性 和 辩论 的 技巧 等等 综合 体现 的
171954790704,他们 的 辩论 几千年 前 就 有 结果 了 他们 说 的 再 多 也 只不过 是 在 一个 格局 界限 里面
891950490,2018.7 . 10
891267218,现在 还有 辩论 节目 嘛
891075684,说实话 反方 讲 的 点 都 能 打动 我 举个 例子 孩子 跑 闹 不 小心 撞 桌子 角角 疼 哭 了 家长 为了 哄 孩子 说 妈妈 替 你 打 这个 坏 桌子 请问 桌子 惹 谁 了
891979101,说句实话 可能 是 带 着 优越感 来说 的 校级 以上 的 辩论赛 估计 你 都 没有 看过 几场 最 简单 来说 在 最后 点评 的 时间 里 教授 都 说 了 正方 对于 万 不是 指 一切 这 一点 的 着手 慢 了 正反两方 本身 就 对 这个 辩题 有着 不同 的 理解 和 判断 标准
891996371,换句话 来说 你 所说 的 例子 或许 可以 去 证明 钱 并 不是 一切 恶 的 源头 但是 正方 本身 的 观点 万恶 并 不是 指 所有 的 恶 想要 证明 钱 是 万恶之源 并不需要 说明 所有 的 恶 的 源头 都 是 金钱 所以 正方 在 很多 事例 上 都 是 在 曲线救国
892012922,而且 本身 你 所举 的 例子 就是 问题 其实 就是 你 连 这场 辩论赛 最 浅显 的 一些 观点 都 不 去 注意 就 随便 评论 这里 的 恶 很 明显 是 指人 身上 的 恶 正方 所 定义 的 恶 认为 是 在 有 人性 的 前提 下 而 兽性 的 恶 并 不 考虑 反方 我 没有 看 出来 具体 的 定义 但是 整体 上 正反两方 所定 定义 的 恶 的 主体 是 人 而 你 给 的 例子 里 连恶 的 具体 行为 是 什么 都 没 没有 给出
892081975,回复
892084798,回复
892104250,回复 : 我 先道 个 歉 上面 的话 比较 伤人 因为 看 弹幕 上 的 键盘 辩论 手太多 习惯性 代入 角色 再次 道歉
892109786,回复 : 另外 只是 建议 可以 去 详细 看 一下 置顶 的 评论 辩论 本身 的 精华 并 不是 在于 这个 观点 本身 的 对错 而是 在于 立论 破题 你来我往 思想 上 的 冲突 和 交流 从而 对 问题 本身 更深 的 思考 如果 看 完 视频 还 在 纠结 于 对错 这是 非常 可惜 的
892124031,回复
892127803,回复
897158717,回复
897241482,回复
908739890,回复 : 吃瓜 不 嫌 事大 的 热心 观众 表示 你们 倒 是 撕 啊 怎么 就 互相 道歉 了 怎么 就 其乐融融 了 ( ; )
909457094,回复
891034851,这个 评委 拉低 了 辩论会 的 水准
891055800,这个 评委 拉低 了 辩论会 的 水准
891039340,骑兵 警告
890928954,看 了 这场 辩论 古代 记载 的 那些 出口成章 的 事例 我信 了
890900155,马来亚 是 一个 大学 的 名字
890711784,反方 恶 并 不是 客观存在 的 物质 而 钱 是 现实 中 客观存在 的 物质 二者 本 就 不是 同一 形态 如果说 钱 这种 物质 可以 成为 恶之源 那么 其他 物质 也 可以 成为 恶之源 啊 钱 的 本质 是 一般 等价物 其他 物质 也 可以 在 特定 的 条件 下 成为 一般 等价物 那么 一般 等价物 是不是 恶之源 呢 什么 是 恶 怎么 去 判断 一件 事 一个 人 或者 一种 物质 是不是 恶 呢 是 人来 判断 的 人用 他 的 思想 去 判断 的 什么 是 恶 什么 是 善 那么 这个 恶 就 不 具备 广泛性 和 客观性 那么 这个 恶 就 不是 所有人 的 恶之源 正方 钱为 万恶之源 它 任何 时候 都 在 发生 着 恶 的 作用 但 不 代表 它 可以 随时 影响 一个 人 的 行为 和 想法 一个 接受 过 高等教育 的 人 可以 不受 钱 的 恶 的 影响 好 吧 正方 的 论述 我 实在 不能 在 想 出来 什么 了 带走 个人 色彩 在 里面 我 也 实在 没 办法 只能 这样 了 ( 第一次 评论 这么 长不喜 勿 喷 谢谢 )
890392620,人之初 性本恶
890199145,弹幕 是不是 就 懂 偷换概念 四个 字
890155485,这个 命题 感觉 完全 不利于 正方
890134417,龟龟 这 是 场 辩论会 哪有 对错
890098514,我 感觉 主持人 特别 想 war3 的 不 死族 食尸 鬼
891031371,( )
889883449,不 知道 为什么 弹幕 总是 让 我 不 舒服
890039272,哟 居然 有人 和 我 一起 看 辩论赛 ( )
890085915,回复 : 哈哈哈 闲 的 呀
888922817,万恶之源 本身 并不一定 是 恶 他 只是 导致 了 数量 巨大 的 恶 而已
888846592,这个 视频 我十刷 了 每次 都 有 不 知道 辩论赛 怎么 玩转 的 键盘 辩论 士发些 搞笑 的话 例如 他 怎么 没 正面 回答 对方 呢 他 应该 这样 说 那么 请 键盘 辩友 告诉 我 是不是 网络 发展 让 本来 拥有 门槛 的 活动 变得 低龄 了 呢
892020582,真的 感觉 小朋友 贼 多 不谈 辩论赛 上 我 不 相信 这些 人 生活 里 别人 问 什么 自己 就 必须 回答 什么 更何况 是 辩论赛 上 对方 提 的 问题 很多 情况 下 是 陷阱 尤其 是 这场 辩论赛 因为 本身 辩题 对 正方 不利 就 更 不能 绕进 对方 的 圈子里
892735119,回复 : 辩论 过 一两场 的 都 知道 如果 针锋相对 那 两方 只是 在 吵架 但凡 有 老师 指点 那 就 应该 明白 避人 就己 不要 给 对方 送 口实 确实 重要 但 在 反驳 之 余 阐述 自己 观点 才 是 真 啊
2551846419,回复 : 红色 鲱鱼 谬误 会 扣分 的
2622190330,现在 科技 发达 了 嘛 娘胎 里 都 能 玩 手机 了
888841535,键盘 辩论 家 启动
888786763,钱 从 直观 上 就 和 万恶之源 没有 等价关系 这句 话 只是 人 的 艺术性 的 一句 感叹 而 感叹 者 又 因 注重 金钱 丧失 了 道德 上 的 高度 逻辑 道德 一个 都 不 占 拿 命辩 所以 这个 辩题 出 的 多少 是 有点 不 公平 和 没 水平 的
888792437,不知 辩 不足以 教
880843776,钱 是 中性 的 东西 好 吧 只有 与 人 接触 以后 才 产生 善恶
870438211,正方 输在 选题 上 了 选 错误 的 论题 要 靠 技巧 战胜 对方 很难 啊
897892949,感觉 不 可能 是 以 辩胜 对方 为 最后 结局 的 如果 是 这种 一看 就 具有 压倒性 的 论题 搞 出来 不得 被 人 骂 死 应该 是 以 双方 的 逻辑 之类 的 技巧性 的 东西
870389698,我 觉得 钱 不是 万恶之源 1 * 此处 加高 一 政治 课本 货币 产生 2 * 说 钱 是 万恶之源 的 他们 认为 钱 就是 做恶 的 根本 目标 是 作恶 的 根本 但是 从 人性 来说 恶是 人性 阴暗面 的 欲望 开膛手 杰克 接连 杀 谋杀 是 为了 钱 吗 如果 他 为了 钱 凭 他 的 实力 他 完全 可以 去 杀 富豪 而 不是 独居 的 单身 女性 驱动 他 作恶 的 不是 钱 而是 欲望 3 * 把 钱 简单 的 归结为 万恶之源 相当于 把 苹果 归结为 物质 把 复杂 的 问题 简单化 了 必修 四 ( ; _ ) 4 * 我编 不 下去 了 溜 了 溜 了
863717276,万恶之源 不是 钱 啊 小时候 不 知道 什么 是 钱 但是 你 却 会 用 手 捏死 小蚂蚁 因为 你 开心 啊 开心 也 是 欲望 吧 所以 说 欲望 才 是 万恶之源 吧 ( = = )
863397459,一语道破 天机 23333
860687596,所以 万恶之源 是 日本
857827772,这辩题 不好
857755384,虽然 反方 论证 的 很 好 但是 一直 抓 着 * * 什么 的 真的 感觉 非常 不 舒服 在我看来 一直 抓 这 这种 话题 就是 上 不了 台面 的 流氓 心里 真 恶心 老扯 这个 什么 素质 ( 一 _ 一 ) 正义 使者 别来 叽 歪 我 我 知道 这是 辩论赛 我 就是 觉得 恶心 你 觉得 我 有 毛病 那 你 可别 来 跟 我 同流合污
869532171,典型 我 以为 我 觉得 我 都 对 逻辑 蛮不讲理 扯 出 素质 一词 讽刺 蛮 效果 不错 的
892024274,怎么 说 我 和 你 的 想法 类似 但 态度 上 又 相反 我 猜测 你 说 的 是 举 qj 的 例子 听到 这种 例子 我 也 很 不 舒服 但是 问题 再 恶心 也 要 去 面对 和 解决 因为 恶心 和 不 舒服 就 觉得 素质 差 我 感觉 没什么 必要 不过 我 还是 感觉 总说 qj 二字 就 很脏
857748601,看好 的 辩论赛 绝对 关 弹幕 现在 的 人 真是 自以为是 我 也 自以为是 我 自 认为 弹幕 * * 真 多
855011672,欲望 才 是 万恶之源
855005914,爱慕 虚荣 喜欢 攀比 女人 才 是 万恶之源
856037582,你 这样 的 人才 是 万恶之源
856515365,回复 : 说错 了 应该 是 欲望 才 是 万恶之源
876486959,nc
854046196,武大 的 属于 一顿 骚 操作 马来 那边 证明 了 武大 纯粹 只是 骚 操作 然而 并 没有 什么 暖用 陈锦添 话 不 漂亮 但 逻辑 的 力量 让 武大 被 一击 击破
852320034,打 起来 打 起来
848270813,学习 一个 ~
834169518,作为 一个 女生 后面 有点 越 看 越 不 舒服
832742037,这个 正方 太 吃亏 了 这个 辩题 还是 反方 比较 好 说 啊
829729017,精彩 真的 精彩 比 某些 地方 的 评论 区 撕 逼 强 多 了
829302654,像 我 这样 人 看 辩论赛 简直 被 洗脑
829163303,( )
827545009,故意 抛 谬论 拖时间 讲究
827497301,我 才 是 万恶之源
825601859,钱 是 中性 的 人 是 罪恶 的 这 没什么 好 辩论 的 吧
829206906,( _ )
830825955,辩论 和 讨论 不 一样 辩论 是 在 比拼 逻辑 和 表达能力 而 不是 争论 命题 到底 是 对 是 错 像 这场 就算 反方 赢 了 也 不能 说明 钱 不是 万恶之源 就是 对 的 只能 说明 反方 水平 高 而且 辩题 是 抽签 的 也 不是 双方 自己 选 的 选到 哪个 就 得 准备 哪个 就算 自己 都 觉得 没道理 也 没 办法 如果 人人 都 认为 这 没 啥 好 辩论 的 吧 那 就 真的 没 啥 了
823148773,场上 在 纠缠 一个点 万 到底 代不 代表 一切 呢 ! 当事人 就是 正四 和 反 四十几年 后 自己 复盘 都 认为 当年 在 这个 点上 纠缠 太过 因为 这 不是 重点 怎么 才能 更深 地切 到 这个 辩题 的 本质 呢 辩题 有 四个 字 钱 万恶 源 四个 地方 都 可以 深挖 安利 视频 av2882221 是 2015 的 星辩 复赛 用 的 就是 这个 题 复赛 01 中 胡渐 彪 还 在 反方 复赛 02 中周 玄毅 还 在 正方 立论 都 很 新 论证 也 漂亮 可以 说 是 注解 了 经典 也 弥补 了 一些 当年 的 遗憾
822957366,这个 很多年 前 看过 很 精彩
821595869,不得不 说 正方 三辩 真 像 我 同学 在 语文课 上 直接 笑 出声 了
821208010,其实 吧 这个 辩题 就 有 问题 呀 不用 辩 大家 都 知道 结果 更何况 正反方 的 实力 与 口才 技巧 都 摆在 这里 反方 比起 正方 的 话题 要 好辩 许多 这 就 需要 正方 找到 一个 犀利 刁钻 的 角度 进行 突破 正如 他们 所 提出 的 万 并 不 等同于 一切 其次 就是 把 重点 放在 源上 而 非恶 上 这 一点 正方 把握 的 很 巧妙 但是 最终 逻辑 上 占 不到 优势 是 个 正常人 都 会 觉得 反方 无 论辩 题 本身 还是 逻辑思维 没有 漏洞 即使 正方 词汇 再 丰富 词藻 再 华丽 也 无法 应对 毕竟 事实胜于雄辩 啊 相信 如果 正反方 能够 交换 立场 观点 那么 胜负 结果 又 是 截然 相反 了
823137479,冒昧 安利 av28822212015 年 的 同题 辩论 还是 有 周玄毅 和 胡渐 彪 还是 原来 的 立场 分别 在 复赛 02 和 复赛 01 十几年 后 他俩 的 立论 都 很 新
821192188,总 觉得 很多 人 并 没有 真正 理解 辩论 的 真正 含义 导致 了 很多 人 对 辩论赛 的 误解 胜负 判定 的 依据 到底 是 技巧 ? 逻辑 ? 还是 本身 胜负 并 不 重要 重要 的 辩论 所 引发 的 更 深层次 的 思考 望 大佬 普及 一波
817934761,哈哈哈哈 听 他们 胡说八道 还 一边 觉得 蛮 有 道理 虽然 我 觉得 让 逻辑 课 老师 来看 直接 就 能 套 公式 指出 他们 推导 过程 的 不合理 了 果然 辩论赛 还是 很 依靠 文采 的 说 的 模糊不清 带 的 大家 都 跑题 了 才 好 逻辑 太 清晰 了 能 把 辩题 都 给 推翻 23333
813717761,钱 是 万恶之源 同时 是 万善 之源 没 毛病 啊
809315196,都 说 周玄毅 很 厉害 为啥 我 觉得 这次 输掉 比赛 恰恰 就是 周在 关键时刻 来 了 个 特 么 的 满分 作文
817388086,没有 吧 ... 正方 这个 四辩 稿 挺 好 的 他 最后 说 钱 是 万恶之源 但 钱 不是 恶 其实 是 在 回答 反方 恶之源 如何 结出 善之果 的 问题 而且 又 把 自己 的 观点 抬高 了 一个 层次 说 钱 是 恶之源 然后 人性 的 善 又 可以 抑制 这种 恶 相当于 把 对方 的 观点 也 包 进来 了 _ ( : 3 ) _
822763132,层主 跟 我 的 感觉 一样 我 看 完 也 是 觉得 正方 就 输 在 周玄毅 的 结辩 上 了 自由 辩论 环节 明明 是 正方 占据主动 余磊 mvp 当之无愧 反应 和 语言 能力 简直 绝了 但是 反方 最后 的 结辩 太牛 逼 了 相较 之下 后置 发言 的 周玄毅 没能 像 胡渐 彪 一样 针对 本场 比赛 或者 针对 对方 刚刚 的 结辩 即兴 梳理 总结 而是 背 了 一篇 稿子 辞藻 华丽 但 废话 多 实质性 内容 远不如 胡渐 彪 的 丰富 有条理 有 层次 使得 最后 看来 正方 的 观点 像 在 空中 打游击 而 反方 一条条 堆得 很 扎实
823132752,不 不 我 觉得 不是 四辩 的 总结 陈词 也 要 前面 短 交锋 环节 铺垫 合适 才行 正二正 三 看起来 场面 很 好 但是 对于 对方 的 逻辑 没有 正面 回答 都 在 甩 例子 正四是 唯一 试图 正面 回应 反方 在 逻辑 层面 的 攻击 的 但是 前面 缺乏 相关 例子 和 交锋 的 铺垫 只 陈词 几句 显得 说服力 不足 并 不是 说 二三 就 能力 不如 他 因为 他 是 四辩 前面 可以 少说 就 有 一点 时间 可以 想 说到底 还是 正方 整体 备赛 时候 在 逻辑 层面 准备 不足 吧
823145164,回复 : 其实 周玄毅 不全是 背稿 胡渐 彪 也 不全是 即兴 啊 周玄毅 对于 恶之源 也 可以 结出 善之果 的 论述 正方 一二三 辩 都 没有 提及 没 打出 配合 如果 是 一个 事先 就 想到 的 点 面对 反方 的 集中 进攻 不会 这么 被动 在 结辩 临场 想 出 这个 解释 很 不错 了 而 胡渐 彪 的 陈词 确实 很 有力 这个 有力 的 感觉 也 建构 在 反方 全场 将 这 几个 点 打 得 很 透 的 基础 上 这个 结辩 应该 说 是 乘胜追击 而 不是 力挽狂澜 全驳论 的 结辩 做法 有 风险 搞不好 会 丢掉 强化 己方 论点 的 机会 但是 胡渐 彪 做 的 很 好
1255089463,回复 : 我 觉得 这场 比赛 到 胡渐 彪 结辩 结束 后 反方 完胜 周玄毅 结辩 结束 后 反方 险胜 正方 说 万恶之源 本身 并 不是 恶 那 一段 太迟 了 啊 正方 应该 一 开始 就 把 钱 的 万恶之源 属性 和 万善 之源 属性 切割 开钱 也 是 万善 之源 但 它 并 不能 妨碍 它 也 是 万恶之源 战术 问题 吧
808837943,马来亚 抓住 到底 是 钱 是 恶 还是 人 是 恶 根本 没法 答 武汉 抓住 万 不 代表 一切 只要 佐证 极 大多数 就行 真的 太 厉害 了 啊 这要 多少 年 的 积累 才能 到达 的 水平 太 刺激 了
808707928,今天 政治 老师 给 我们 放 了 的 大家 都 辩论 的 好 幽默 噢 啊 哈哈哈 都 超级 有 道理 的 感觉 因为 要 和 政治 老师 教 的 另 一个班 搞 一个 辩论赛 所以 在 b 站 搜 辩论赛 看到 这个 就 有点 进来 啊 哈哈哈
808550947,胡渐 彪 真是 棒呆 了 ( ) 真的 精彩
806050323,我 觉得 是 矛盾体 都 互相矛盾 了
836357326,我 一直 觉得 中文 辩论 有些 不妥 多 是 打 嘴炮 本来 就 没有 绝对 的 事 还 硬是 要 争个 谁 对 谁错 又 老 是 在 定义 上 纠结 规避 问题 没什么 实际意义 而 本来 辩论 是 源 起 与 西方 的 像 英国 BP 制 辩论 的 实质 是 用来 解决问题 的 给你个 辩题 一般 是 不 推翻 正方 下 的 定义 因为 定义 也 可以 根据 自己 的 理解 然后 反驳 不会 占据 主要 更加 重要 的 是 论证 己方 观点 并且 完全 可以 承认 对方 是 对 的 然后 让步 转折 到 对比 更 多 地 是 说明 我方 更好 更 合理 挖掘 更 有 价值 的 观点 而 非 对错 其实质 是 为了 解决问题 的 然而 中文 辩论 却
799108789,这 八个 辩手 都 很 6
796220686,为什么 这么 经典 的 比赛 还有 人 在 撕 文理科 的 逼 ( )
793724542,这里 纠正 弹幕 里 的 一个 错误 他们 讲 的 失乐园 不是 渡边 纯一 的 小说 而是 弥尔顿 写 的 一首 史诗 讲述 的 是 撒旦 复仇记 ( )
792058556,厉害 厉害 下 周三 总决赛 加油 蹭 大神 欧气
791978556,在 辩论 视频 里发 弹幕 抬杠 b 真是 牛批 ( _ )
902586576,知道 抬杠 是 什么 意思 吗
903104406,回复 : 你 现在 就 在 抬杠 你 知道 吗
791768559,另外 果然 点击 一 多 什么 人 都 有 了解 下 什么 叫 辩论赛 再来 喷别 张口 就 说 正方 有 本事 别要 奖金 这 就是 有 的 人 只能 吵架 有 的 人 却 有 辩论 水平 的 区别
790663298,弹幕 不 了解 辩论 规则 为什么 还 不断 重复 一些 好笑 的 发言 辩论 是 语言艺术 不是 吵架 讲 技巧 的 靴 靴
813714306,辩论 本来 就是 看 技巧 的 人家 一本正经 用 技巧 有人 一本正经 纠错 而且 这个 辩题 万 要是 指 一切 真的 辩 不 下去 了
789851437,这么 精彩
789851316,所以 为什么 现在 没 这种 比赛 了
790727860,大学 里面 有 的
792946938,回复 : 诶 我 说 的 是 这种 国际 赛事
796653063,有 的 有 的 新国辩 国际 华语 辩论 邀请赛 了解 一下
796653846,有 一个 up 叫 清水 酱乎 专门 搬 这个 的
796658664,要 看 知名 辩手 的话 老友 赛和星 辩 都 很 不错 再不然 入门 看 奇葩 说 也 行
796664249,回复 : 奇葩 说 看过 一 两期 还是 想 看 专业 一点 的 ( )
796664579,回复 : 谢 了 我 去 搜 一下
796682531,回复 不过 看 优酷 比较 难受 就是 了
823092680,电视台 主办 的 辩论赛 零 几年 就 没落 了 但是 13 年 以来 很多 高校 的 辩论 组织 办 比赛 很 活跃 然后 一批 知名 辩手 也 很 愿意 到处 当 评委 维持 了 圈子 的 热情 后来 表演赛 老友 赛 之类 的 他们 也 自己 下场 打 这些 比赛 的 规模 和 水平 也 是 很够 的 现在 一年 有个 三 四场 国际 范围 的 大赛 楼上 说 的 那些 都 是 的 地区 赛 就 更 多
823110099,我 觉得 跟 辩风 转变 有 关系 93 - 01 的 辩论赛 引经据典 搞排 比作 渲染 占 主流 那 时候 辩论赛 的 出发点 就是 叫做 展示 华语 语言 的 魅力 然后 也 恰好 切合 电视 播出 的 需要 视频 这场 比赛 之后 大陆 队伍 意识 到 逻辑 对于 辩论 的 重要性 所以 后面 几年 有 一个 整体 的 辩风 转变 很多 比赛 都 是 全场 争 定义 争 逻辑 虽然 定义 跟 逻辑 确实 对 辩论 很 重要 但是 观赏性 确实 不强 再 加上 电视节目 形式 多 了 大家 就 不怎么 爱看 电视辩论 了
823114747,逻辑 打 到 后来 发现 比赛 越 打越 干光 注重 一个 方面 不行 正好 这时候 黄执中 的 价值观念 被 越来越 多 的 接受 就是说 打 比赛 除了 要 理清 逻辑 还要 上 价值 价值 的 威力 很大 或许 双方 在 逻辑 攻防 层面 互有胜负 但是 一方 的 价值 比 另一方 高 那 这 一方 的 立场 就 更 容易 走到 人 心里 当然 言辞 逻辑 价值 三个 方面 对于 打 比赛 都 有 很大 影响 但是 不同 时期 大家 专注 的 重点 是 在 转移 的
789325270,很 遗憾 原本 以为 武汉大学 已经 胜券在握 没想到 最后 以 一票 之差 与 冠军 失之交臂 个人 认为 比赛 论题 本身 就 很 有 问题 这种 活动 应该 选择 一个 更加 中性化 的 论题 才 符合 比赛 的 需求 正方 选中 的 论点 本身 就 很 吃亏 了 反方 只是 把 大众 天然 就 认同 的 观点 用 自己 的 方式 再 转述 出来 而已 抛开 比赛 论题 本身 的 漏洞 不 说 从 专业性 语言 优美 性 逻辑性 等 方面 来看 武汉大学 完胜 这样 说 可能 还会 更 客观 如果 武汉大学 和 马来 大学 抽中 的 论点 互换 那么 结果 还会 是 马来 大学 方胜 吗
810504533,武汉 逻辑 胜过 马来亚
813683644,回复 : 反方 好 打 啊
786768975,我 有 好好 说话 课程 想要 的 私 我 了解 一下
786145112,正方 就 四辩 的 总结 在 点子 上 说 的 很漂亮 当然 不是 说 他 的 文采 方面 而是 有 两点 关键 的 地方 他 的话 只要 几句话 就够 一是 万 不是 一切 的 意思 我方 只 需要 证明 钱能 带来 种种 的 罪恶 就够 了 而是 他 用 湖水 的 污渍 举 例子 脏 的 是 污渍 而 不是 湖水 本身 这 污渍 就 像 钱 一样 是 一个 抽象 的 化身 不是 绝对 的 这 一点 很 好 的 反驳 了 反方 四辩 的 总结 说 的 钱 是 个 中性 体恶 的 是 人 不是 钱 的 论点 正方 其他 三个 人 就是 无限 举 贪钱 的 例子 一直 没有 反驳 反方 的 恶有 千万种 的 观点 这样 显得 苍白无力 贪钱 的 例子 一辈子 也 举 不 完 关键 是 你 能 不能 反驳 对方 观点
1255112675,这场 比赛 MVP 周玄毅
786130548,正方 大概 的 观点 : 万恶之源 的 万 不是 一切 的 意思 只要 证明 钱 产生 了 社会 上极 多 的 恶 我方 观点 足以 得到 证明 再者 虽说 恶是 人 的 本性 恶人 因为 钱 做出 种种 错事 即使 钱 不是 恶 但是 钱 是 恶 的 一个 抽象化 身 就 像 湖中 的 污渍 那些 污渍 本身 是 中性 的 结果 他进 了 湖里 使 湖水 变脏 虽然 这些 污渍 里 有 他 有用 的 地方 但是 大部分 是 污染 了 环境 所以 说 污渍 就是 恶 的 抽象化 身 就 像 钱 一样 反方 观点 : 首先 万恶之源 的 意思 是 一切 恶 的 源 哪怕 万 这 一个 字 代表 着 大多数 的 意思 但是 放进 词语 里 这 整个 词语 就是 一切 罪恶 的 意思 其二 钱能 做 恶事 也 能 做好事 所以 不能 说 钱 是 恶 抛开 钱能 做好事 就算 只 看恶 的 一面 贪钱 是 恶 还有 不 涉及 贪钱 的 恶 那 也 是 恶 所以 不 构成 万恶之源 的 条件 再 抛开 我们 只 看 贪钱 的 恶 说到底 贪是 恶 不是 钱 是 恶 钱 是 一个 中性 体
783900202,弹幕 素质 有点 可怕
783718629,看到 up 的 id 就 想起 了 希灵 里面 的 冰爷 ( _ )
782587121,说 支持 人 普通话 的 人 是 脑子 有洞 吗 明明 没 字幕 也 可以 听 清楚 哪里 不 标准 了 ( _ )
779517517,实力 相当 相当 精彩
772859622,万能 代表 所有 吗 万恶之源 就是 所有 的 恶 的 源头 吗
786153199,你 没 听 反方 四辩 总结 的 第一个 观点 万 这 一个 字 可以 是 代表 大多数 的 但是 万恶之源 这 四个 字 整体 是 个 成语 他 的 意思 是 一切 恶 的 源 讨论 的 是 万恶之源 的 意思 而 不是 万 的 意思 ok
772099501,学校 让 辩论 再来 蹭 蹭 欧气 八进 四
771724397,明天 校里 比赛 了 和 最强 的 院 打 希望 能 赢
771555297,弹幕 素质 不行 啊
770675304,明天 第一次 辩论 英语 连 中文 都 说不出 开 还 英语 ( )
767725534,下周 辩论赛 .. 第一次 被 参加 希望 不要 丢脸
769234830,加油
765461875,标签 里 的 嘴炮 23333
763504555,刚辩 完 一场 太 丢脸 了 ....... 来刷 一下
761307735,没有 屏蔽 弹幕 后悔 了 看到 那么 多直 男癌 刷 女性 是 万恶之源 的 你 是 在 承认 你 是 万恶 之子 咯 请 狗 带 谢谢
761336748,竟然 都 是 基佬 啊 啧啧
759001004,心中 有 了 恶念 就 像 清水 中起 了 污秽 这 污秽 之源 到底 是 湖水 本身 还是 外部 的 杂质 呢 这个 比喻 确实 很 巧妙 也 打动 了 很多 人 但 我们 仔细 想一想 这算 诡辩 吗 人心 和 清水 能 做 比喻 吗 一滴 又 一滴 清水 放在 一起 和 一颗 又 一颗 人心 放在 一起 始终 不 一样 清水 还是 清水 人心 则 不会 是 最初 的 白茫茫 了 会 有 善 与 恶美 与 丑 之分
756206058,马来 * * 队 2333
773606947,请问 你 在 讽刺 我们 吗
776909588,回复 我 说 的 是 马来 色 - 情 - 队 啊 这 是 个 梗 啊
752382682,厉害 厉害 啊
751697309,所以 辩论 到底 是 讲 逻辑 还是 文采 口才 啊
759002620,逻辑 + 文采 口才 辩才
817393592,感觉 评委 还是 看 逻辑 看 得 多一点
823151054,近年 的 辩论赛 重点 已经 转向 了 价值 双方 都 会 抓住机会 上 价值
751657275,感觉 好 震撼 啊
744713678,我 就 不停 的 反复 膜拜 八位 大神 你们 都 太 刁钻 了 ( ` )
739275598,理性 人 一定 会 达成 共识 的 而 辩论 不会 所以 拳头 比 辩论 有用
744465356,真姬 吧 一针见血
759007664,理性 的 人 也 不 一定 会 达成 共识 屁股 决定 脑袋 立场 决定 出发点 不过 拳头 是 真的 有用 _ ( : 3 ) _
735538337,直接 来个 时光 机器 一 梭子 把 探讨 主持人 口音 的 都 送 回去 竞争 一下 这个 岗位 好 了 ( ; _ )
734540608,谈谈 自己 的 理解 论题 本身 是 无法 论证 对错 的 辩论 的 关键 永远 是 辩论 本身 双方 无论是 从 词语 的 本源 出处 还是 在 举例 论证 事实 与 罪恶 与 钱 的 关系 亦 或是 在于 反驳 中 所 使用 出 的 各种各样 的 辩论 技巧 真的 让 人 目瞪口呆 所以 从 论述 辩论 过程 而言 两个 队伍 是 真的 技能 唱白脸 也 能 把 黑脸 给 唱 白 正面 论述 无懈可击 的 情况 下 也 能 做到 将 诡辩 运用 的 极致 实在 是 令 让 叹为观止 最终 就 个人 而言 我 也 觉得 反方 能 获得 最终 的 冠军 因为 在 格局 上 反方 除了 万恶 之外 还 将 辩题 涉及 到 了 万物 一切 乃至于 善之缘 等 命题 将 辩述 的 气场 展现 而出 无所畏惧 而 对于 正方 那位 胖胖的 辩手 曾 提出 了 我方 只要 证明 万 并非 一切 而是 钱 能够 滋生 出极 大多数 罪恶 就算 我方 胜利 这一 论述 限制 了 正方 格局 限定 了 其 辩论 时能 利用 的 空间 所以 我 既 认为 那位 辩手 这一 论述 无疑 是 一个 很 好 的 辩论 技巧 也 必须 指出 这一 技巧 存在 着 其 弊端 即 限制 了 其 格局 这 是 我 能 想到 的 分别 出 胜负 的 准则 纯属 个人见解
733908186,每次 辩论赛 前 都 要 来 这 看一遍 经典 呀
731741913,就要 去 辩论 了 祝福 我可以 活着 下场 吧
733906567,现在 说 加油 是不是 晚 了 ( = = )
730335056,弹幕 的 注意 点 都 在 哪儿 啊 _
730269890,辈分 我们 是 长辈 晚辈 犯了错 容忍 一下 是 必要 的 但是 如果 一直 犯错 也 不 建议 打 一下 屁股
729390482,从 视频 弹幕 评论 区 观察 到 的 一大批 表明 观点 后 引战 站队 撕比 的 被 正反 双方 搞 得 价值观 混乱 的 抠字眼 抬杠 的 拿 个别 代表 一般 的 拿 偶然 当 必然 的 说 不过 就 人身攻击 的 再次 印证 我 个人 二十多年 生活实践 得来 的 一个 听 起来 狭隘 的 观点 辩论 百害 无 一利 不用 费劲 反驳 我 视频 评论 区 弹幕 我 身边 沾过 辩论 的 人 身上 的 毛病 乃至于 看到 我 的 评论 就 有 强烈 的 说服 欲望 的 朋友 都 是 我 的 观点 的 最佳 佐证 当然 不 给 点 自己 的 论据 怕 是 大家 都 不会 服气 第一 辩证 的 思维 是 重要 的 而 辩论 要 你 偏执 哪怕 你 仅仅 是 在 扮演 一个 掰开 真理 的 两面 只 持有 一面 的 人 扮演 久 了 人 就 入戏 了 假戏真做 了 我 见 过 好多 玩过 辩论 以后 不会 好好 说话 的 杠精 故而 辩论 不利于 个人 客观 理性 的 养成 第二 一个 客观 理性 的 人 本着 科学 的 精神 探索 真理 的 目的 在 讨论 问题 时 一定 时刻 要 有 一个 观念 我 可能 是 错 的 而 辩论 要 你 无条件 坚信 自己 的 观点 ( 辩题 正 或 反方 ) 立场 先行 去 找 证据 能 有 科学 结果 才 有鬼 呢 故而 辩论 无助于 实际 问题 的 解决 和 真理 的 探索 第三 辩论 的 取胜 取决于 什么 口才 思维 还是 什么 其他 的 能力 都 错 决定 你 辩论 胜利 与否 的 是 观众 评委 抑或 是 其它 听 你 和 对方 辩 的 有 评价 权 的 人 说句 不好 听 的 你 口才 再 好 我 啥 也 不 准备 评委 或者 观众 是 我 的 人 你 一样 会输 可能 有人 会 说 比赛 里 评价 的 人 是 客观 第三方 我 想 说 完全 可以 对症 * * 见 富人 我 就 说 穷鬼 活该 穷 不该 和 富人 争 资源 见 穷人 我 就 说 富人 为富不仁 应该 被 打倒 人 是 有 立场 倾向 的 争取 过来 我 就 赢 了 至于 我 说 的 对 不 对 呵呵 谁 关心 故而 辩论 不 提高 什么 个人 能力 除非 你 想 培养 搬弄是非 煽风点火 党同伐异 的 本事 不信 的 去 了解 一下 西方 国家 大选 辩论 哪个 竞选人 关心 国计民生 满嘴 大话 空话 然后 是 互相攻击 还有 很多 理由 不 一一列举 了 我 论据 多到 想 过 以后 有 闲工夫 专门 写 本书 好好 批判 辩论 呢 最后 翻过 头 说 一句 辩论 果真 是 我 说 的 一无是处 吗 我 这么 批评 是不是 也 偏执 了 呢 我 想 过 这个 问题 我 的 答案 是 虽然 我 个人 恨透了 这种 活动 但是 还是 要 学习 一个 大家 也 要 了解 一下 这 里面 的 套路 不 为 找茬 打架 而是 为了 在 面对 会 辩论 的 人 搬弄是非 时能 保护 自己 所谓 不 想要 枪杆子 必须 先拿起 枪杆子 是 也
741961531,你 说 这么 多 不 还是 还是 在 论证 你 自己 的 观点 吗 一边 认为 辩论会 导致 人想 自己 是不是 错 的 一边 极其 主观 地用 你 的 词 &# 34 ; 批判 &# 34 ; 辩论 真是 xswl
741963043,回复 : 不好 意打错 了 您 是 觉得 辩论会 导致 人 不会 想 自己 是否是 错误 的
742070298,回复 : 活捉 你 个 中毒 了 的 杠精 为什么 说 你 这 是 典型 的 杠精 模式 呢 从 你 的 回复 可以 看出 你 看 我 批判 辩论 之后 非常 不爽 想 反驳 我 想 的 急头 白脸 但是 又 不 知道 从 哪 下口 喷 然后 就 开始 乱咬 了 正如 我 上面 评论 所说 你 这种 杠精来 一个 送 一个 人头 只能 更加 证明 辩论 害人不浅 我 把 你 的 毛病 一个个 拉 出来 说 让 你 明白 辩论 把 你 害成 啥 样 了 你 的 辩论 后遗症 之一 混淆 概念 我 的 评论 批判 的 是 辩论 没有 批判 论证 摆事实 讲道理 的 逻辑 推导 正常 的 学术交流 等等等等 我 从来 就 没 反对 过 那么 你 这句 你 说 这么 多 不 还是 在 论证 你 自己 的 观点 吗 是 什么 意思 我 不该 论证 我 的 观点 吗 我 承诺 过 我 不会 论证 我 的 观点 吗 或者 我 说 过 一个 人 论证 自己 的 观点 是 错误 的 吗 都 没有 吧 你 把 我 的 观点 偷换 然后 反驳 相当于 玩 了 一个 稻草人 谬误 这是 抬杠 的 人 最 喜欢 玩 的 套路 之一 你 的 辩论 后遗症 之二 逻辑 不清 不 讲 客观 论据 你 迫切 地想 用 我 自己 的 逻辑 击败 我 自己 其实 这种 套路 是 我 唯一 勉强 还 能 认可 的 辩论 方式 其他 的 套路 我 觉得 都 是 找茬 抬杠 但是 你 太 着急 了 没有 先 理解 我 的 逻辑 就 想 拿来 攻击 我 自然 是 无效 的 的确 我 认为 辩证 的 思维 是 重要 的 而 辩论 要 你 偏执 这点 你 理解 到位 了 但是 我 可 没用 什么 主观 的 词 批判 反倒 是 你 给 我 扣 一个 一边 极其 主观 地用 你 的 词 的 大帽子 你 这 叫 贼喊捉贼 好 吧 如果 不服 的话 你 倒 是 列举 几个 我 说 的 主观 的 词 啊 再说 一下 我 自己 上面 批判 辩论 的 评论 为什么 说 已经 非常 客观 了 起码 比杠 精们 客观 免得 你 阅读 理解 障碍 看不懂 我 上面 说 过 辩论 不利于 辩证 思维 的 养成 还 说 过 在 讨论 问题 时 一定 时刻 要 有 一个 观念 我 可能 是 错 的 我 忠实 地 贯彻 了 我 的 观点 忠实 地 符合 了 我 的 逻辑 我 批判 完 了 辩论 补充 了 一句 我 不会 去 否认 辩论 的 积极意义 虽然 它 是 抬杠 的 艺术 但是 一定 要 学习 一个 不然 面对 你 这样 的 杠精 来犯 有理 说不出 就 亏 大 了 你 看 我 批判 辩论 批 的 那么 狠 我 都 不 忘 反思 一下 哎 我 是不是 把 话 说 太 绝了 转过 头 看 你 呢 跑 到 我 的 评论 区 嘲讽 我来 没想 过 自己 很 偏激 很 不 招人 待见
742070406,回复 : 你 的 辩论 后遗症 之三 抖 机灵 想 玩 你 自己 说 的话 本身 就 和 你 这句 话 的 逻辑 矛盾 这种 套路 刚 上网 一两年 的 人 都 会 觉得 这个 套路 会 让 人 瞬间 理中客 但是 今 天然 并 卵 因为 我 熟悉 这个 套路 比如说 我 先是 评论 里 批判 辩论 了 你 先 回复 嘲讽 我 之后 等 我 回复 你 就 能 玩 一个 两头 堵 如果 我 不 搭理 你 你 貌似 正确 的 反驳 就 会 得到 观众 支持 而 这 恰恰 证明 了 我 原 评论 里 批判 的 第三点 论据 正确 然后 你 就 赢 了 如果 我 搭理 你 你 就 回复 一句 哎 呦 你 不是 反对 辩论 吗 怎么 现在 跟 我 辩论 上 了 呢 然后 换 了 一般 人 理屈词穷 你 又 得到 观众 支持 然后 你 又 赢 了 然而 这 套路 对 我 没用 我 虽然 回复 你 了 但是 我 明确 地 跟 你 讲 我 今天 在 这里 根本 就 不是 和 你 辩论 我 只是 把 我 的 逻辑 说 清 给 观众们 一个 全新 的 角度 去 思考问题 不 回复 你 显得 我 没理 到头来 白白 放弃 舆论 阵地 至于 你 本人 信不信 我 不 关心 我 没有 强烈 的 说服 别人 的 欲望 只有 被 辩论 害惨 了 的 杠 精才 急头 白脸 地 跑 到 别人 评论 下面 不 摆事实 讲道理 不 本着 自己 也 有 可能 错 的 心态 讨论 只会 像 苍蝇 闻 血腥 一样 挑 别人 的 毛病 挑 不 出来 就 扣帽子 太 急于 求胜 了 而 不是 考虑 考虑 我 说 的 有没有 道理 你 能 说 这种 心态 不是 辩论 害 的 吗 我 的 评论 我 对 你 的 回复 任何人 看到 了 信不信 随意 反正 现实 中 抬杠 被 人 打 了 我 不 吃亏 也 就是 公共 评论 区 我 才 回复 你 因为 话 说 给 所有 观众 听不信 你 私信 我 找 我 辩论 试试 你 看 我 搭理 你 不
742074325,回复 : 不多 说 了 好好 自己 反思 去 记住 你 这 水平 辩不倒 我 的 何况 辩倒 了 我 有 什么 用 对 你 我 观众 的 生活 学习 没有 一点 帮助 实践 是 检验 真理 的 唯一标准 记得 当年 明月 在 书里 说 过 一句 话 大概 是 这个 意思 纵使 雅典 的 辩论 者 巧舌如簧 马其顿 的 亚历山大 大帝 长枪 一挥 他们 便 东倒西歪 辩论 误国 啊 实干 兴邦
769625647,没 问题 辩论 这个 比赛 模式 不是太好 但 不能 因此 而 批判 辩论 普遍 的 辩论 是 自己 的 辩论 在 讨论 中 拓宽 自己 的 视野
769832003,回复 : 你 既然 也 承认 不是太好 又 为何 要说 不能 因此 批判 它 呢 不能 无来 由 和 一把 稀泥 吧 它 的 性质 决定 了 它 的 硬伤 有 硬伤 为何 不能 被 批判 呢 你 认为 普遍 的 辩论 是 自己 的 辩论 在 讨论 中 拓宽 自己 的 视野 不妨 我 传授 你 几招 辩论 的 套路 你 自己 看看 这些 套路 是不是 出现 在 绝大多数 辩论赛 里 如果 是 请 思考 一下 这样 的 辩论 是 为了 找茬 抬杠 还是 为了 拓展 视野 第一招 玩 定义 不同 的 人 对 同 一件 事物 的 定义 有 不同 的 认知 即便 是 有 客观 公认 的 定义 也 能 找出 很多 版本 如果 你 做 过 名词解释 题 就 明白 不同 教科书 参考资料 对 一个 事物 的 解释 不会 一字不差 那么 就 好 说 了 扩大 或 缩小 定义 范围 引申 或 归纳定义 内容 完全 可以 把 论题 魔改 举例 正方 * * 品是 违法犯罪 反方 * * 品 不是 违法犯罪 正方 在 举例 中 碰巧 使用 了 * * 的 例子 反方 立刻 指出 * * 不是 * * 因为 不 存在 雨 某些 国家 的 * * 概念 中 举例 无效 正方 * * 怎么 不是 * * 明明 符合 * * 的 定义 啊 反方 XXXXXX 列举 另 一套 有利于 自己 的 定义 或者 干脆 自己 下 一个 定义 你 看 * * 很 容易 戒掉 所以 不是 * * 正方 可是 它 对 人体 有害 并且 能 成瘾 啊 反方 那 叫 成瘾性 药物 不 叫 * * 正方 上面 的 举例 仓促 可能 不是 很 恰当 这 套路 往 简单 了 说 呢 就是 孔乙己 的 那 一套 读书人 的 事能 叫 偷 么 叫 窃 用 窃 的 概念 反驳 偷 的 事实 是不是 诡辩 是不是 耍贫嘴 所以 我们 能 看到 稍微 有点 水平 的 辩论赛 第一步 不是 开辩 而是 先 在 定义 上 达成 共识 其实 网络 论坛 也 经常出现 这种 套路 具体 用语 大概 是 这样 请问 正方 辩手 如何 定义 你 所说 的 XX ? 然后 根据 对方 的 定义 抓 关键词 引申 或者 联系 一下 找 没有 覆盖 到 的 元素 总之 找到 漏洞 就 可以 攻击 了 毕竟 大家 基础 认知 都 不 一样 是 没有 共同语言 的 知道 什么 叫 * * 什么 叫 违法犯罪 才能 接 上面 的 辩题 当然 辩手 们 往往 会 揣着 明白 装糊涂
769883958,回复 : 第二招 不 接招 也 叫 旁 顾左右而言他 不 接茬 各说各话 什么 的 这 一招 在 辩论赛 里 非常 常见 一方 攻击 反驳 另一方 不 作 理会 只 举证 支持 自己 的 例子 最后 辩论赛 变成 两方 各自 朗诵 自己 的 议论文 没有 交手 毕竟 我 虽然 没 怼 翻 对手 可是 我 也 没 被 对手 怼 翻 啊 是 你 问 我 对方 的 那些 质疑 我 应该 怎么 回答 可是 你 想 过 没有 我 的 质疑 对方 也 回答 不 上来 啊 那 你 怎么 能 说 我 是 错 的 呢 其实 双方 都 知道 对方 找到 了 自己 的 死穴 接茬 等于 让 对方 将 自己 的 军 辩题 内容 本身 就是 具有 两面性 的 东西 只有 辩证唯物主义 才 是 正确认识 它 的 方法 而 辩论 双方 的 所持 的 论点 认知 上 都 有 偏差 那么 必然 都 是 偏激 的 有 死穴 的 所以 大家 都 隐恶扬善 咯 自己 观点 的 缺陷 闭口 不提 优点 大加 利用 然后 无视 对方 观点 的 优点 就 盯 着 人家 的 缺陷 说事 这种 做法 是不是 很 客观 是不是 很 理性 不言而喻 这个 套路 生活 中 很 好 举例 最 典型 的 就是 威武 霸气 的 郭物院 发言人 我 有 不少 同学 觉得 他们 很 厉害 我 说 有 什么 厉害 的 天下大事 就 那么 几件 该 怎么 回答 都 有 套路 训练 久 了 自然 会 说 他们 是 郭嘉 的 传声筒 而已 说 的 又 不是 自己 的话 有 什么 厉害 的 比如 网友 都 总结 了 套路 关 我 P 事关 你 P 事 还有 这 事 比如 某 记者 问 如何 看待 霓虹 最近 进入 钓虾 岛 海域 发言人 只 需要 背诵 钓虾 岛 政策 即可 根本 不用 发表 什么 看法 还有 一个 最 知名 的 例子 记得 疯狂 动物 城里 狐狸 尼克 是 怎么 教 兔子 朱迪 接受 采访 的 吗 就是 这个 套路 不 记得 了 复 * * * * * * 尼克 的 人生 经验 说 到 这 你 应该 知道 这 套路 在生活中 怎么 用 了 对方 不能 按着 你 脑袋 逼 你 正面 回答 你 问题 的 时候 用 如果 被查 水表 了 还 玩 这 套路 敬茶 叔叔 分 分钟 教你做 人
769935986,回复 : 第三招 篇幅 笼统 说 一下 好 了 诡辩术 内容 多 了 去 了 包括 但 不 限于 诉诸 主流 诉诸 概率 诉诸 传统 一厢情愿 伪 二分法 诉诸 匿名 / 可疑 权威 稻草人 谬误 稻草人 谬误 你 可以 看看 楼上 那个 阴阳怪气 反驳 我 的 人 他 先 把 我 对 辩论 的 批判 偷换 成 我 对 讨论 的 批判 然后 指责 我 说 讨论 无罪 你 怎么 能 批判 讨论 啊 巴拉巴 拉 这里 套路 太多 不 一一列举 除了 楼上 那个 稻草人 谬误 的 模范 标本 供 你 参考 之外 恕 我 不再 举例 了 名词 不 了解 的 请 自行 百度 限于 篇幅 就 列举 这 三招 我 说 过 批判 辩论 的 东西 我 足以 写 一 本书 呢 你 要 知道 完全 掌握 这 三招 不管 是 论坛 当 喷子 还是 进 辩论 队 不 说 百战百胜 基本 也 是 立于不败之地 除非 你 遇上 跟 我 一样 讲 辩证唯物主义 的 人 请原谅 我 的 不谦虚 当然 遇上 也 不怕 我 上面 已经 说 过 了 辩论 的 胜利 与否 根本 就 不是 取决于 这些 套路 而是 取决于 决定 胜负 的 那些 人 他们 的 人心向背 这种 胜利 机制 的 判定 一点 也 不 客观 不 理性 也 不 辩证 同样 它 也 不会 拓展 视野 只会 刷新 下限 最后 希望 你 和 其他 观众 朋友 读 了 我 的 评论 后 不要 学 这些 害人 的 套路 你 自己 得不到 真才实学 对手 也 不会 对 你 心悦诚服 有 共识 的 社会 会 被 你 的 偏激 观点 偏激 行为 迷惑 甚至 撕裂 即便 是 你 收获 了 大批 狂热 * * 信徒 也 不要 沾沾自喜 乌合之众 了解 一下 以上
823730797,你 的 评论 好像 被 删除 了 我 只能 看到 以下 部分 Miranda _ 08 今天 02 : 58 你 描述 的 辩论赛 情景 我 经历 过有 一种 在 泥潭 里 打架 的 感觉 但 我 并 不 觉得 准备 比赛 没 意义 啊 备赛 的 过程 是 搜集 资料 思考 和 讨论 的 过程 这时候 不会 用 场面话 来 应付 自己 的 我 只 那么 我 就 针对 你 这部分 评论 说一说 首先 我 从来 没说 过 准备 比赛 没 意义 我 只是 在 说 辩论 不是 什么 好 活动 对于 探究 真理 辩证 思维 养成 等等 有害无利 那么 请问 你 在 反驳 什么 东西 故意 假定 一个 我 的 观点 然后 进行 反驳 你 别忘了 我 在 楼上 说 过 好 几次 辩论 的 几大 卑鄙 招式 其中 反复 提到 的 就是 稻草人 谬误 你 先 自己 瞅 瞅 辩论 把 你 变成 怎样 一个 杠精 了 吧 第二 让 我 帮 你 组织 一下 语言 先 如果说 你 的 观点 是 类似 于 这样 的 你 说 辩论 这 不好 那 不好 但是 我 实际上 在 准备 过程 中学 到 很多 思考 很多 对于 我 的 辩证 思维 养成 和 探究 真理 有 帮助 啊 你 怎么 能 说 辩论 不利于 辩证 思维 养成 不利于 探究 真理 呢 如果 这 是 你 的 本意 那么 我要 请问 你 既然 在 准备 时 搜集 资料 思考 讨论 了 你 在 这 过程 中 不会 用 场面话 应付 自己 那么 你 还 意识 不到 在 比赛 里 你 所 支持 的 观点 本身 就是 偏激 的 如果 你 意识 不到 那么 只能 说 你 准备 严重不足 到头来 还是 应付 而已 自己 打脸 如果 你 意识 到 了 那么 请问 你明 知道 自己 没有 比 对方 更 正确 但是 还要 去 和 对方 去争 这 不是 无理取闹 这 不是 知错不改 这能 是 追求真理 这能 是 辩证 思维 哦 你 研究 明白 了 真理 明白 了 辩论 双方 的 观点 都 是 偏激 的 不 完全正确 的 然后 呢 翻过 头来 自己 更 卖力 地 扭曲 真理 那么 你 准备 阶段 的 追求真理 是 图 什么 呢 为了 在 舞台 上 更好 地 歪曲 它 为了 蛊惑 观众 你 自己 说 了 那种 事情 像 在 泥潭 里 打架 然而 一个 人 前脚 说完 这 是 个 泥潭 进去 会 弄 得 自己 不 干净 我 只是 在 边上 研究 一下 而已 后脚 自己 扑哧 一下 也 跳进去 这么 玩 不会 变成 精分 吗 亲 以上
727682100,辩论赛 什么 时候 是 辩论 对错 了 不是 比较 双方 的 口才 思维 逻辑 临场发挥 赛前 准备 知识 储备 这些 吗 弹幕 一群 大神 惹不起 惹不起
727653103,弹幕 一堆 人 在 争论 哪方 是 对 的 我怕 是 打开 了 个 假 视频 这是 辩论赛 耶对 不 对 有 那么 重要 看 这个 视频 不是 为了 看 他们 的 口才 临场发挥 思维 逻辑 之类 的 吗 怎么 争 起 这个 来 了 想开 弹幕 看 视频 却 总有 一堆 人 让 我 不得不 关 弹幕 唉
769627543,我 觉得 借场 讨论一下 还 不错
2035025814,有些 人 不要 想当然 不要 认为 那边 的 有理 就 觉得 那边 稳赢 只要 你够 骚够 洗脑 月球 的 形状 都 可以 被 你 说 成 三角形 你们 争论 钱 是不是 万恶之源 我 同样 可以 说 你们 这样 争 没 意义
2681977754,对 还有 人 说 辩题 不 占优势
5022775057,回复 : 我 觉得 人 还是 要 正常 点 月亮 说成 三角形 黑 的 说 成白 的 就是 诡辩 首先 我 个人 认为 所有 的 论题 必须 要 经过 讨论 因为 模糊 钱 是不是 万恶之源 那 你 自然 要 解释 万恶之源 又 是 什么 而 我们 要 是从 已有 的 解释 中 获取 那 一定 会 选择 对 自己 有利 的 当然 辩论 开始 就 不是 探求真理 而是 取得胜利 两难 陷阱 质疑 辩论赛 本身 的 逻辑 的 问题 没 问题 所以 就 直接 看人 辩手 的 核心 素养 就 完事 了 论题 本身 不 重要
146654094032,同意 这 就是 为了 口才 临场发挥 与 逻辑 能力 的 训练 两方 放在 两个 极端 追寻 逼近 真理
208797900160,回复 : 就是 不 占优势 各个 国家 大力发展 经济 如果 正方 赢 那 不 就 说明 人类 在 往 恶 的 方向 发展
722808567,就算 是 万恶之源 我 也 愿意 承受 正 所谓 我 不入 地狱 谁 入 地狱 ( )
722415807,我 就 觉得 弹幕 里 是不是 都 是 些 门外汉 在 看 啊
722072482,就 逻辑 上面 几乎 都 是 可以 挑 的 出毛病 的 但是 辩论 就是 在 使用 逻辑 谬误 来 玩弄 别人 的 逻辑 而且 气势 相当 重要 辩论赛 是 为了 击败 对手 而 不是 探求 真相
721648460,最后 总结 陈词 看得 我 昏头昏脑 的
715535957,抱歉 啊 阿 sir 有钱 真的 是 为所欲为 的
713264546,简单 拆辩题 嘛 钱 是 万恶之源 六个 字 一个 一个 嚼 碎 咯 给钱 下定义 给 万 下定义 给 恶 下定义 给源 下定义 辩论 大多 如此 谁 说 的 像 真的 谁 就 赢 辩论 的 魅力 也 在 此 对 一切 吹毛求疵 般的 认真 精神
713116019,太有 文化 了
709359171,人 的 欲望 才 是 真正 的 万恶之源 钱 只是 满足 欲望 的 媒介 而已
719818129,人 欲望 的 无限 扩张 是 恶
706581435,我 看到 蒙蔓 老师 了
705863345,太厲害 了
700056912,这 视频 成为 了 我 的 这周 的 周末 作业 ...
698373172,学校 让 辩论 来 这里 蹭 蹭 欧气
697540384,今天 辩论 了 祝 我 好运
695621142,键盘 侠 * * * 让 人 害怕
695513692,其實 這個 辯題 就是 在 搶 價值 如果 萬惡 是 指 很多 惡 的 源 正方 勝 如果 萬惡 是 指 一切 惡 的 源 反方 勝
693426104,正方 就 靠 余磊 和 园丁 两位 大佬 了
686932930,到底 是 人 的 错 还是 钱 的 错 今天 没有 钱 换成 任何 一个 可以 被 作为 等价交换 的 物 它 也 会 成为 恶 的 源头 钱 本身 就是 中性 体 归根 还是 人 心中 的 贪婪 和 欲望 吧 这个 题 正方 的确 难 打 最后 反四真帅 ( )
685701951,反方 一直 提 关于 忄 生 我 有点 反感 啊 为什么 一定 要 扯 到 女性 和 se 情上 看着 真的 不 舒服
696036015,"辩论 技巧 之一 , 抓住 对方 漏洞 攻击 啊 ."
701520292,不能 这么 说 吧 * * 在你看来 是 女性 与 * * 而 在 反方 看来 那 是 恶 是 一项 与 钱 无关 的 的 恶
685421360,其实 我 觉得 用钱 来 做 善事 不 代表 它 不是 万恶之源 啊 这 两者 并 不 冲突 ( )
684249196,过 几天 学校 有 辩论赛 有没有 什么 简单 又 有效 的 辩论 技巧 ( = = )
684761021,我们 学校 也 是
685460689,回复
680521349,反方 三辩 说 的 最 正确 没有 发明 钱 之前 难道 就 没有 恶 吗 答案 肯定 有 既然 肯定 有恶 那么 钱 就 不是 万恶之源 真正 的 万恶之源 是 地球 上 所有 的 动物 包括 人类 这种 高级 动物
695989002,如果 把 钱 解释 为 财物 这 就是 小 问题 了 .....
703087868,金钱 并 不仅 限于 货币 广义 上 来说 交换条件 都 可以 说 是 金钱 如果 真像 你 说 这么 简单 还 辩个 屁
703114289,我 应该 说 的 不够 确切 金钱 指 的 不仅仅 是 钞票 还是 交换条件 比如说 一个 古人类 A 想要 古人类 B 的 一口 肉 但是 又 没有 货币 这种 东西 所以 A 就 给 了 B2 口 米饭 在 这个 过程 里 米饭 也 是 金钱 如果 连 以物 易物 的 概念 都 没有 那 智力 也 不 存在 了 也就是说 从恶 的 这个 概念 出现 的 时候 金钱 就 存在 世上 了
679779291,这个 视频 是 万恶之源 ( = = )
676878005,应该 让 键盘 侠 组成 国家队 参加 辩论 比赛 为国争光
3180752850,拉倒 吧 国家 脸 都 得 丢 没
3582468348,回复 : 噗
121197526960,回复 : 哈哈哈哈
140666292864,拉倒 吧 信不信 介绍 自己 都 卡壳
674236543,av4034057 建议 各位 有 兴趣 可以 去 看 一下 乛 乛 好 东西 哟 ~
678467427,蟹 ( )
674151655,我开 弹幕 是 为了 看 科普 没想到 _ ( : ) _ 一堆 人 不是 在 说 别的 就是 怼 辩手 气 啊
715777966,还好 我 没开
674130654,我 觉得 咱有 必要 讨论 讨论 这个 发言 时间 的 限定 问题 了 时间 的 压缩 或许 是 变相 的 对 选手 提高 了 纳结 要求 但是 作为 观众 不得不 说 这失 了 不少 真彩色
670411448,陈勋亮 婚内 出轨 了
667574071,最后 谁 醒 了
666106832,余磊 思想 真的 太快 了 跟不上 了 袁丁 表现 得 也 很 好 表白 武大
665666408,农民 张 大伯 去 买 一斤 小米 米 店老板 掏出 一个 秤 放在 地上 随手 拿 起 一把 刀割 破 了 一个 米袋 米 就 哗哗哗 的 掉 到 秤 上 等到 秤 的 示数 为 一斤 时 的 瞬间 老板 堵住 了 米袋子 的 口子 把 秤 上 的 小米 给 了 张 大伯 张 大伯 心满意足 的 走 在 回家 的 路上 心中 感慨 老板 真是 个 豪爽 的 人 突然 他 觉得 不太 对劲 按照 F = ma 小米 在 落 在 秤盘 上时 应该 会 产生 一个 力 ...... 所以 他 买 到 的 米 其实 不足 一斤 第二天 张 大伯 将 老板 告上 了 官府 张 大伯 把 自己 的 想法 说 出来 了 老板 则 表示 这样 做 每次 都 没 出过 差错 县太爷 听 了 微微一笑 这是 误会 老板 没有 坑 你 说完 县太爷 猛地 取 一根 毛笔 蘸 墨写 到 设秤 距离 抛 出点 的 竖直 高度 为 h 记 小米 的 流速 为 \ lambda = m _ { 0 } kg / s 则 在 秤 恰好 显示 1 斤 时取 此后 一极 短时间 \ Delta t 此 时间 内 与 秤盘 发生 碰撞 的 小米 质量 设为 m 则 m = \ lambda \ bullet \ Delta t 由 动量定理 得 F \ Delta t = mv 其中 v = \ sqrt { 2gh } 联立 得 F = \ lambda \ sqrt { 2gh } 也就是说 此时 秤 的 示数 N = F + m _ { 1 } g m1 为 已经 落 在 盘 上 小米 的 质量 张 大伯 一听 愤怒 的 说 你 看 我 这 不是 损失 了 相当于 \ frac { F } { g } = \ lambda \ sqrt { \ frac { 2h } { g } } 这么 多 的 小米 吗 县太爷 笑 道 别忘了 现在 空中 还有 小米 呢 老板 一听 感到 有些 疑惑 啊 这么 说 难道 是 我 亏了 吗 县太爷 接着 写 到 记张 大伯 所说 的 \ lambda \ sqrt { \ frac { 2h } { g } } = m _ { 2 } 而 此时 在 空中 的 小米 质量 为 m _ { 3 } 则 m _ { 3 } = \ lambda t 其中 t = \ sqrt { \ frac { 2h } { g } } 代入 发现 m _ { 2 } = m _ { 3 } 这 也就是说 你们 俩 一点 都 没有 亏 张 大伯 和 米 店老板 听 了 相视 一笑 从此 过上 了 快乐 的 生活
700079810,卧槽 我 模拟 做 了 这道题
1015336367,666
2302042063,虽然 F = ma 但 称 上 显示 的 难道 不是 m 吗 来自 一个 物理 不及格 的 文科生 的 疑问
2815711993,回复 : 是 物体 对 秤 的 压力 fa 取 重力 加速度 g 如果 加速度 改变 的话 f 会 跟着 变 的
664797115,文字游戏 不过 都 厉害
661367557,以下 仅 是 一些 个人 意见 求别 喷 ( ) 我 看 的 时候 一直 在 想 反方 所说 的 南京大屠杀 东京 沙林 毒气 时间 不 都 是因为 战争 所 导致 的 么 战争 的 根本 目的 不 也 是 为了 钱 战争 赔款 是 殖民地 是 就 连 一些 制约 不 也 是 为了 更好 的 攫取 利益 么 如果 没有 战争 那 哪里 还会 有 屠杀 惨案 所以 可不可以 说 这些 都 是 由 钱 间接 导致 的 呢 就 包括 * * 不 也 是 在 一定 经济基础 才 会 有 的 行为 呢 饱暖 思 * * 如果 你 饿 的 手脚 发软 冷 的 四肢 痉挛 哪里 还会 兽性大发 首要 想 的 不 应该 是 找点 钱果 果腹 暖暖身 而 诸如 虐猫 虐狗 家庭暴力 不 也 是 为了 宣泄 情绪 而 情绪 是 哪里 来 的 更年期 不是 吧 只是 因为 事业 受阻 失恋 等等 外界 因素 所 带来 的 失控 罢了 你 不能 说 打拼 事业 是 为了 游戏 人生 所以 不 也 是 为了 钱 而 失恋 不是 你 负 她 便是 她 负 你 而 另 寻新欢 不 也 是因为 欲望 那么 问题 回来 了 欲 不 也 是 在 金钱 所 带来 的 基础 衣食 的 衍生品 一个 将要 饿死 的 人会 思考 下 一个 滚 床单 对象 么 不会 吧 金钱 是 万恶之源 我们 可不可以 理解 他 是 一个 万恶 的 基础 呢 如果 把 恶 的 产生 喻为 怀孕 那 金钱 便是 一枚 * * 卵 它 衍生 了 其他 其他 衍生 了 更 多 更 多 衍生 了 所有 我 相信 人性本恶 而 我们 之所以 自称为 人 便是 有 了 深藏 本性 的 能力 而 金钱 不 便是 诱惑 我们 堕落 的 引子 么 或者说 有 了 他 我们 才 有 了 挖掘 本性 的 基础 而 若 是 人性本善 若 没有 金钱 我们 有 什么 资格 堕落 至于 慈善事业 这个 世界 是 慈善家 更 多么 怕 不至于 凤毛麟角 寥若晨星 也 是 百中 无 一 吧 而 慈善家 也 并 不 完美 他们 身上 也 存在 其他 的 恶 只是 较 他人 少 或 并 不 显眼 罢了 而 没有 钱 的 社会 只是 钱 的 形式 变 了 食物 与 衣物 在 那时 本质 不 也 是 钱 么 而 食物 均分 的 年代 原始社会 不 也 是因为 物资 极端 匮乏 人人 都 缺钱 么 所以 我 认为 钱 是 万恶之源 是 万恶 的 初始
661376445,咳咳 第一个 星号 是 弓 虽女 干 第二个 是 yinyu
677216311,我 感觉 金钱 不 代表 货币 货币 也 不是 金钱 人们 是 为了 物欲 而 选择 了 钱 而 不是 因为 钱 而 生出 了 物欲 因此 钱 不是 万恶之源
741985040,回复 : 几个 点 1 . 饱暖 思 * * 不能 论证 吃不饱 穿 不 暖 就 没有 * * 人连护 身体健康 自身 安全 都 做 不到 的 时候 当然 会 做出 比 道貌岸然 的 恶 更 野蛮 一百倍 的 恶 2 . 不能 往 基础 上推 如果 往 基础 上推 多 推 几层 逻辑 就 崩 了 人有 社会性 才 会 衍生 出 这么 多恶 可不可以 说 社会性 也 是 万恶之源 呢
741988835,回复 : 3 . 把 万恶之源 归结 于 金钱 他 的 现实意义 在 哪 呢 人类 社会 不能 没有 货币 但是 可以 加强 道德修养 践行 人道主义 精神 如果说 金钱 是 恶之源 是否 就要 为了 堵住 恶之源 去 放弃 货币制度 呢
660010968,不 知道 你们 怎么 看 的 在我看来 武大 大多数 时候 处于 劣势 但是 我 就是 很 希望 他们 赢 啊 ( _ )
659189606,我 这 几年 没有 服过 谁 谢谢 这个 视频 让 我 知道 我 是 错 的 人外有人 天外有天 五味 杂沉
658472239,我 不 明白 既然 钱 是 万恶之源 你们 为什么 还要 参加 辩论 呢 你们 难道 不是 为了 奖金 吗 这 是 人性 本身 的 欲望 吧
666307775,为了 我国 大学生 名誉
693275477,回复 : 我 可 p ......... 你 懂 我 意思 吧
657882986,人 的 欲望 才 是 万恶之源
656850874,我 不 喜欢 辩论 既然 成为 了 一个 命题 那么 肯定 是 有 争议性 的 将 这种 对立 起来 毫无意义 辩论 是 对 语言 的 玩味 这 是 很 触及 辩论 本质 的 一句 话 我 对 逻辑 或是 辩手 对 语言 的 运用 都 不感兴趣 只是 偶尔 会 对 辩手 某个 切入点 感到 有趣 初次 之外 双方 为了 那个 结局 露出 的 种种 丑态 让 我 反感 一直 不 喜欢 辩论 现在 也 一样 以后 应该 也 不会 看 这些 东西 了
653555264,什么 苟全 都 是 诡辩 有个 鸟 的 启发 不 懂 你们 都 想 的 啥
653388934,我 x 最 伟大 南京大屠杀 这个 口误 我 去 查查 这个 人 有没有 凉凉
129267875584,有没有 有没有
648608998,前 几年 再 辩论 队 都 快 看 吐 了 不过 那 时候 华辩 还 没有 成熟 等 大神 们 成长 到 最佳 状态 的 那 几年 才 是 辩论 黄金时代
643562312,都 是 当 律师 的 好材
643536811,是 善 是 恶 都 是 人 说了算 人才 是 万恶之源 手动 滑稽
641134353,怎么 说 呢 接触 这个 视频 大概 有 四五次 了 每次 看 都 有 新 发现 就 跟 一个 热 评说 的 一样 反方 的 辩题 比较 占优 因此 他们 根本 就 不 需要 出奇 招 稳扎稳打 就是 最好 的 而 正方 的 辩题 与 大众 认知 不同 辩题 本身 有 劣势 因此 其实 在 这 我 看来 正方 有 很多 非常 精妙 的 观点 万 不 等于 一切 热评 已经 说 过 了 其实 还有 一个 能 左右 胜负 的 观点 就是 正方 四辩 提到 万恶之源 并 不是 恶当 我 听到 这个 观点 的 时候 简直 是 醍醐灌顶 这个 观点 甚至 可以 把 反方 所有 的 准备 打乱 不过 很 可惜 对于 这个 观点 正方 明显 没有 做 充足 的 准备 只是 提了 几句
634735366,本来 没 看 辩论 之前 内心 观点 偏向 反方 的 但 就是 感觉 反方 把 一个 有理 的 事 说 成 了 没理 的 你们 一直 在 说 性侵犯 性侵犯 就算 当时 是 在 2001 年 但是 你们 有 想 过 正方 女 辩手 和 台下 的 女 观众 吗 我 没有 看 完 在 看 自由 辩论 的 时候 反方 一直 在 回避 正方 的 问题 从而 牵强 的 扯 到 其他 问题 去 以上 仅 不 成熟 观点 勿 喷
632767277,你们 看 辩论 到底 看 什么 啊 不 看 随机应变 能力 不看 人家 知识面 就 盯 着 对 不 对 看 偷换概念 也 是 技巧 用 的 好 场上 没 被 看 出来 那 就是 能耐
630255484,好 吧 这个 其实 我 是 在 班级 电脑 上 看到 的
622696829,我 就 只 想 说 诞生 钱 之前 的 恶算 什么
640817456,厉害 了
656684746,正方 辩友 说 兽性
622287497,说服 一个 坚定 立场 的 人 应该 是 不 可能 只有 等 他 自己 吃 到 苦头 他 才 会 有所 改变
632771708,比赛 正反方 是 抽出来 的 不是 你 想 哪面 就 哪面 正方 辩手 偏向 反方 立场 可 实际上 他 必须 要 站 自己 立场 我 不 知道 你 参加 过 活着 认识 过 辩论赛 没 难道 你 上去 和 对方 说 等 你 碰到 挫折 你 就 知道 自己 多 离谱 了 我 看到 你 这句 话 我 就 觉得 好笑
632899921,回复
634949519,这是 比赛
622285920,何为 万 何为 源
620737929,我 才 不 看 什么 大专 我要 看 本科 辩论赛
622290270,故意 装傻 还是 真的
623165621,回复 : 什么 真的假 的 辣鸡 大专 也 好意思 上来 辩论 我大 Hogwarts 大学 爆 这帮 人 学历 一万条 街
623221814,回复
623251852,你 是 真的 蠢 没个 博士 是 他们 甩 你 十万 条街 有 了 最 多少 一条街 前面 这段话 错 在 那儿
623380788,楼上 小朋友 智商 堪忧 啊 还 真 以为 我 不 知道 国专 辩论 呢
623746451,回复
619613383,辩方 : 为什么 * * 为什么 * * 正方 : 额万 不是 指 的 一切 出题 : 呸 万 不是 指 的 一切 还 辩论 个 毛
618150908,既然 钱 是 万恶之源 可以 把 你们 的 钱 给 我 让 我 一个 人帮 你们 承担 这份 恶 么 _ ( : ) _
617794621,两支 辩论 队 非常 厉害 也 是 经典 的 一场 辩论赛 可惜 了 正方 啊 在 当时 的 华语 圈里 几乎 都 以为 正方 赢定了 应为 这个 题 是 有 相当 大 的 文化 加成 传统观念 就是 钱 是 万恶之源 但是 现在 我们 回过头来 看 这个 题 实际上 正方 天生 处在 劣势 上 从 字面上 来 理解 钱 是 一切 罪恶 的 根源 正方 要证 全部 反方 只要 举 一个 反例 就行了 例如 小明 今天 被 妈妈 骂 了 心情 不好 捡了个 石头砸 了 学校 的 玻璃 这 是不是 恶是 恶 这 和 钱 有 关系 吗 没关系 推出 至少 有 一个 恶 不是 钱 引起 的 所以 钱 不是 万恶之源 这个 题要 辩论 起来 就要 对 钱 是不是 万恶之源 这句 话 究竟 是 什么 意思 进行 自己 的 定义 向着 对 自己 有利 的 一面 定义 而 不是 采用 字面 解释 反方 在 这个 方面 做 得 相当 好 他们 对于 钱 万恶之源 都 做 了 界定 正方 则 在 定义 上 吃 了 大亏 完全 没有 想过 钱 是 万恶之源 究竟 应该 怎么 来 界定 二辩 忙中出错 丢出 一个 万 不是 一切 被 反方 四辩 抓住 了 这个 定义 上 的 错漏 打出 一套 连环 拳 推翻 了 好 几项 论据 导致 自己 四辩 慷慨激扬 的 陈词 变成 了 空中楼阁 华而不实 没 能 升华 主题 带动 观众 和 评委 的 情感
2233078954,万 不是 一切 怎么 可能 是 忙中出错 ..... 我 的 天 呢
118318229792,万是 修饰 恶 的 状语 能 表示 多 但是 不能 表示 全称 这是 第一点 第二点 两者 其实 五五开 如果 要是 讲 辩证法 现象学 的话 武 大队 优势 大 但是 如果 做 分析 哲学 的话 马来亚 更 厉害 其实 就是 拼对 哲学史 的 理解
119668135072,我 觉得 你举 的 反例 善恶 的 评判 都 是 与 利益 有关 而 利益 就是 钱小明 把 学校 玻璃 砸 了 学校 得 出钱 修 所以 认为 小明 做 了 恶事 虽然 这个 恶 不是 钱 引起 的 但是 我们 认为 他恶 就是 因为 钱 啊 跟 钱 有 关系 的 但是 不可否认 的 是 钱 并 不是 源头
132050457840,回复 : 那 如果 一个 人 今天 心情 不好 看见 路边 的 狗 踹 了 一脚 你 需要 给 流浪狗 花钱 治病 吗 你 需要 赔给 狗 钱 吗 这 和 钱 利益 有 关系 吗 但 你 能 说 这 不是 恶 吗
190101202208,万 不是 一切 说 的 没错 啊
223572802912,回复 : 这 论证 了 反方 的 观点 立场 啊 万 不是 一切 就 说明 了 钱 是 一部分 恶 的 源头 反方 一直 在 围绕 不是 的 那 一部分 进行 举例 辩证
223574066544,回复 : 他 的 举例 中 没有 涉及 这一 动作 产生 的 利益 结果 就是 想 表达 重点 并非 在 此 而是 在于 小明 将 从 一处 受到 的 不满 转化 为 一种 毫无 逻辑联系 的 破坏性 行为 当中 去 而 这个 行为 过程 中 的 承受 方 可以 不是 一块 玻璃 可以 是 一只 小猫 或者 小狗 一切 只要 不是 他 妈妈 的 人 或物 这些 成为 小明 情绪 宣泄 的 承受 方 就是 小明恶 的 表现 所以 是 先 有 了 小明 的 恶 才 有 了 相关 利益 产生 的 结果 导向 并非 是因为 玻璃 被 砸 涉及 利益 所以 被 评判 为 恶 如果 学校 是 小 明家开 的 他 砸 学校 玻璃 不用 赔钱 这种 行为 就 不是 恶 了 吗
615526668,好好看
610697207,这 和 白马非马 一样 正方 观点 在于 白马 是 马 反方 观点 在于 白马 属于 马
609396150,反方 二辩 土木 二年级 陈 同学
607598077,正方 四辩 周帅 在 最后 其实 不算 跑题 吧 1 . 可能 是 最后 实在 没有 什么 话 可以 说 了 作为 一场 有 某种 表演 性质 的 决赛 结辩 肯定 不能 说 一半 就 坐下 的 所以 显得 陈词 的 最后 内容 略 空洞 不过 这场 辩论赛 来说 正方 的 题目 本来 就 劣势 2 . 有 的 弹幕 认为 最后 正四在 证明 反方 的 论点 但是 这种 最后 抛开 辩论 题目 回到 人性 和 社会 层面 升 价值 是 存在 的 作为 一个 比赛 最后 的 结辩 为 观众 理清 思路 追寻 真理 是 很 重要 的 有些 评委 确实 会 看 这 一点 新手 的 一点 小 看法 希望 大家 多多 批评指正
608074977,大 决赛 就是 大 决赛 没什么 表演 不 表演 的 吧 这 是 荣誉 之争 关于 那个 正方 结辩 其 所 运用 的 逻辑 视频 弹幕 里 不是 有 解释 了 吗 何必 还 强行 称赞 成 价值 升华 就 在 36 分 20 秒左右
612120248,回复 : 哦 对 对 你 说 的 有 道理
648617376,回复 : 那 时期 的 辩论 还 不 讲究 价值 升华 华辩 现在 套路 不 适合 当时
650040994,回复 : 这样 啊 谢谢 指点
650400706,回复
605550750,洗脑 了 洗脑 了
602434014,辩论 比 的 是 逻辑 的 完善 度 不是 比 谁 比较 乎 合 大多数 人 的 见解
601699014,我们 天天 说 辩论 不是 演讲 是 逻辑 简直 像是 说 天才 是 九十九 分 的 汗水 和 一分 的 灵感 辩论 中 演讲 与 修辞学 的 作用 非常 之大 俨然 成为 辩论 的 主体 看来 不得不 承认 这是 事实
601659067,正反 一二 辩给 我种 我 来 我 也 行 的 感觉 这些 分析 性 的 扯皮 在 战无不胜 的 马克思主义 面前 真的 一 戳 就 破 钱 是 万恶之源 也 是 万善 之源 要是 集四人 之力造 一个 又红又专 的 唯物史观 辩论 队 肯定 打遍天下 ( yy 中 )
601694305,作为 选手 经常 遇到 这种 自恋 的 困惑 : 观点 过于 洗脑 必须 全程 压着 打 才能 赢 这类 极度 颠覆 的 观点 本质 就是 竖起 高墙 全程 都 要 打 防卫 战 如果 被 找到 短板 就 容易 被 推倒
600727245,woc 这 八位 洗脑 能量 满分
599829312,善恶 源于 人 之 本性 你 觉得 是 对 的 对 你 来说 就是 对 的 你 觉得 坏 的 对 你 来说 就是 坏 的 人 之 抉择 可以 决定 钱 之 善恶 人 可以 使 金钱 成为 万善 之源 也 可以 使 钱 成为 万恶之源 钱 的 善恶 是 人 决定 的 那 为什么 你 要 决定 钱 是 恶 的 你 明明 可以 选择 行善 而 你 却 用以 行恶 难道 这 是 钱 的 错 是 你 决定 钱 还是 钱 决定 你 正方 辨员请 回答 我 的 问题
599623937,强 _
599521639,辩论赛 就是 看 技巧 正方 命题 本来 就是 以偏概全 的 能 回答 成 这样 已经 不易 了
596083270,这样 的 评判 我 觉得 挺 公正 的 辩论 不是 演讲 靠 语言 组织 不能 诠释 辩论 的 灵魂 逻辑
595081294,其实 这种 辩论 厉害 的 还是 没道理 的 那 一方 毕竟 观点 不能自己 选择 不是 自己 的 方向 自己 也 得 说服 所以 单单 嘴炮 的话 赞同 是 万恶之源 的 那 一方 赢 了
595088062,这个 永远 不是 看 辩题 而是 围绕 辩题 看 辩论 谁 有 说服力 谁 就 赢 了 这种 辩题 一般 会 出现 一方 的 人 难受 这个 地方 就算 是 个 小学生 都 能 解释 为什么 是 正方 观点 是 对 的
595100039,不过 说 到 万恶之源 应该 提到 人 毕竟 无时无刻 索取 世界 除了 保护 过 一部分 动物 却 杀害 过 大部分 动物
594617625,看 文化 人 的 交流 有人 竟然 喷颜值 哈哈哈 哈哈 真土
4851366986,他们 实在 找 不到 其他 可以 喷 的 了
590791124,学校 也 有 辩论赛 但是 我 是 初一 新生 不能 参加 ( ` ) 亏 我 犹豫 了 这么久 要 等到 明年
599331190,思绪 和 口舌 要理 好 参加 辩论 就 不能 有 犹豫 这 玩意
599386769,回复 不是 啊 是因为 我 有 两个 都 想要 参加 的 社会 其中 之一 是 辩论 ( | | )
590183455,正方 是 整体 目光 来 审视 钱 是不是 万恶之源 反方 更 多 是 以 个体 来 审视 钱 是不是 万恶之源 毒 贩 是 为了 钱 我们 想要 更好 的 生活 也 需要 钱 怎么 辩论 都 感觉 很坑
590031541,余磊 真是 男神
588938578,正方 真是 逻辑 不够 煽情 来 凑
587615538,很多年 前 记得 当时 还 小 老师 在 教室 的 投影仪 上放 这个 视频 当时 就 觉得 他们 都 好 厉害 啊 _ ( : ) _
587618513,尤其 是 余磊妈 耶 简直 是 印象 深刻 男神 啊
586902006,西交 辩论 队 冬训 打卡
586634266,敢于 辩论 的 人 都 很 厉害
581519190,b 站 里 的 弹幕 大神 是 真的 厉害 ( ) 连 论题 是 啥 甚至 辩论 是 啥 都 没 搞清楚 就 狺狺狂吠
578947173,我要 考 大专 ( )
574547943,都 是 纵横家 传人
572808339,貌似 弹幕 错位 了
571640006,真的 是 很 精彩
570420791,的确 反方 立场 要 容易 立住 而 正方 辞藻 堆砌 确实 不让 我 觉得 是 辩论 奥义 但 双方 自由 辩打 得 很 精彩 反四结 辩超 666 为 我 男神 疯狂 打call
569169216,反方 确实 更 有 说服力
567692308,封面 气质 真 好 每次 看到 都 要 感慨 一下 哈哈哈
567209372,下面 有 请 神仙 招架 以钱 字 结尾 ( )
566236535,可惜 了 正方 运气 不好 辩题 天然 劣势 只能 玩 文字游戏 在 反方 四辩 的 论证 下 正方 已经 无法 反驳 了
565377215,我 就是 墙头草 23333
565153979,说点 别的 我们 班 同学 看 这场 自由 辩 的 时候 掌声雷动
565122846,在 某些 女性 的 眼里 一个 人 说 女 的 不好 就是 因为 那个 人 仇视 女性 绝无 它 因
564612636,我 有 一个 想法 人心 不是 万恶之源 但 它 包含 万恶之源 准确 的 说 人心 是 人类 社会 的 万物 之源 因为 人类 社会 文明 体系 全部都是 由 人类 自己 所 创造 出来 的 所以 存在 于 社会 体系 之内 的 实物 你 可 寻找 到 的 源头 是 唯一 的 那 就是 人 反过来说 钱 在 之前 的 社会 钱 本身 不是 万恶之源 而是 它 交换 的 属性 再 加上 人类 经济社会 持续 发展 讲 这种 交换 属性 膨胀 从而 赋予 钱 一种 近乎 万能 的 交换 能力 从而 导致 种种 罪恶 几乎 都 由 钱 所生 而 此时 带上 了 这种 附加 属性 的 钱 彼岸 是 万恶之源
564399385,看到 我 的 记住 关 弹幕 保 智商
564188756,有人 看过 太 受欢迎 了 怎么办 吗 书 中 的 辩论 真的 很 精彩
565311757,不是 动漫 吗
565537508,回复
561793723,我 还是 关 弹幕 看吧
561216050,辩论赛 这个 东西 就 不能 带 着 倾向性 看 不单是 不能 倾向 某一 观点 也 不能 倾向 某一 队伍 不能 因为 正方 是 中国 人 反方 是 外国人 就 认为 正方 说 的 有 道理 而且 总 强调 口条 好 没意思 母语 体系 跟 非 母语 体系 之间 的 差距 就 跟 鸿沟 一样 歇后语 这些 除了 调动 气氛 真 没 觉得 有 啥 特别 的 说服力 辩论 比 的 核心 是 逻辑 逻辑 的 清晰度 怎么样 在 数十分钟 的 交火 里 控制情绪 这才 是 最 重要 的
561118626,诶 其实 我 反倒 觉得 余磊 的 清水 中 泛起 污秽 那句话 应该 由 反方 说起 如果 水至 清 那么 即使 此水因 风吹 皱 它 也 不会 变得 浑浊 如果 水浑 则 说明 水底 有 淤泥 说明 有 贪念 贪念 才 是 本质 内因 金钱 这个 外因 之风 并 不能 决定 水 清水 浑
560942248,我 知道 了 要 上 热评 就 的 字 多 可是 我 没有 ( 口 ) ( _ ( : 3 ) _
560714227,双方 都 很 厉害
560380103,身为 辩论 队 的 一员 来 向 dalao 学习 ( )
526090257,不相上下 的 一场 辩论 真的 精彩
525438106,正方 对 万恶之源 的 理解 就是 由万字 表示 极 多 目的 就是 想 说明 钱 可以 导致 许多 罪恶 所以 钱 是 万恶之源 反方 对 万恶之源 的 理解 是 一切 的 恶行 都 是 由 金钱 导致 的 听 下来 其实 无非 就是 这 两个 立场 双方 对 这个 辩题 的 理解 本 就 不同 听到 有 说 万恶 源于 贪 不 源于 钱 的话 那么 按照 正方 逻辑 来说 钱 诱发 了 贪欲 使 人行 恶 吗 ? 有 的 因为 从 正方 逻辑 上 来讲 只 需有 案例 证明 钱 可以 使 人行 恶就够 了 而 反方 逻辑 钱 不是 万恶之源 那么 就要 找到 真正 的 万恶之源 是 什么 ? 其实 这场 辩论 纠结 于 万 赢 在 了 源 字 文字 逻辑 游戏 这 可能 才 是 辩论 的 魅力 吧 个人 拙见 勿 喷
524924004,中 这个 星期 要 参加 辩论赛 前来 学习
524767949,很 精彩
524460128,正方 在 辩题 上 就 很 吃亏 幸亏 是 口才好 加上 冷 幽默 略有 优势 正方 自由 辩论 发挥 却 一般 而且 正方 一辩 确定 不是 来 摸鱼
524344752,钱 是 好 东西 啊 什么 万恶之源 ( )
524040199,鬼畜 才 是 万恶之源
523560528,世界 上 有 绝对 的 事 吗 ? 没有 绝对 没有 吗 ?
522963035,钱 是 什么 钱 是 怎么 定义 的 钱 就是 钱 吗 钱 的 意义 在 能 换取 约 等量 的 任何 资源 如果 钱 不能 换取 物品 服务 那钱 还是 钱 吗 钱 是 名词 而已 真正 的 意义 在于 资源 恶是 什么 就是 与 自身 生存 无关 的 能 通过 自身 优势 剥夺 其他 资源 而 满足 自己 精神 和 身体 各种 欲望 的 行为 所以 钱 就是 能 换取 资源 的 替代品 对 不 对 替代品 有 早期 的 贝壳 铜币 银子 金子 到 现代 的 纸币 替代品 的 价值 是 统治阶级 赋予 的 这个 就 不 赘述 了 再说 回恶 之源 就是 人类 为了 获取 能 满足 自己 与 生存 无关 的 欲望 而 对 其他 生物 同类 施加 的 暴力 欺骗 等 让 其他 生物 和 同类 遭受 任何 形式 的 损失 举例说明 : 都 说 * * 不是 因为 钱 而 犯下 的 恶行 如果 他 有 获取 资源 的 替代品 名词 称之为 钱 啊 那 他 会 为了 满足 性欲 而 去 * * 吗 你们 都 会 说 还是 有 可能 的 痴情 一人 不得 对方 也 不 稀罕 钱 所以 还是 可能 会 被 * * 那好 我 的 论点 就是 如果 他 没 钱 * * 率 最低 害怕 其 后果 只会 在 脑中 歪歪 而已 如果 有钱 也 就是 资源 可能 他 的 犯罪率 会 根据 他 所 掌控 的 量 所成 真 比 无所畏惧 有 资源 了 嘛 可以 花钱 了 事 这个 举例 比比皆是 到头来 你 要么 为了 钱 去 作恶 要么 有了钱 去 作恶 钱 就是 万恶之源 ps : 钱 是 资源 的 替代品 为 钱 作恶 是 为了 资源 满足 自己 的 欲望 不为 钱 那 是 跳 过 替代品 直接 去 伤害 掠夺 资源
525442677,所以 从 最后 一句 看 到底 是 为了 资源 还是 为了 欲望 呢
526397873,回复
526404182,剥夺 资源 是 实际 行为 欲望 只是 心理 行为 产生 不了 实际行动 的 后果 举例 男人 都 会 偷偷 打灰机 但 不是 作恶 没有 产生 恶 这个 后果 所以 不是 作恶
526434091,那 欲望 也 就 满足 内心 的 渴望 是不是 行动 的 前提 呢 难道 实际行动 都 可以 不 经过 心理 活动 吗 ? 并 不是 每 一种 欲望 都 会 导致 恶 的 产生 有 好 的 欲望 有坏 的 欲望 你举 的 活 一百年 的 例子 那么 请问 一百年 是 的 想法 是 恶 吗 ? 首先 就 不是 纯粹 的 作恶 心理 这 只能 说明 不是 每 一个 心理 活动 都 会 导致 人 作恶 打 飞机 的 例子 你举 了 不 做 恶 没 做 这 是 源于 动物 的 一种 本能 - 性欲 那么 满足 性欲 是不是 就 一点 需要 金钱 呢 ? 掠夺 资源 这种 行为 又 是 经过 了 心理 活动 还是 纯粹 是 一种 本能 呢 ?
526434665,或者 这么 和 你 解释 除了 精神疾病 的 作恶 行为 都 与 钱 有 直接 或 间接 的 联系 而 钱 又 是 资源 的 替代者 人 的 欲望 只是 内心 活动 人 都 会 有 欲望 而 作恶 是 实际 行为 你 的 问题 我 懂 到底 是 霸占 剥削 资源 的 行为 是 恶 还是 内心 的 欲望 产生 的 恶 那 我 告诉 你 凡事 能 造成 伤害 剥削 后果 的 称为 恶 内心 的 恶 称为 原罪 人人 有 但 不是 恶 举例 上面 有 说 朋友 你 懂 了 吗
526445422,回复
526458489,回复
526461180,回复
526463950,回复
526472613,回复
526478395,回复 ps 其实 我 感觉 钱 和 资源 的 问题 纠结 下去 就 会 变成 这个 时间 先有 鸡 还是 先有 蛋 的 问题 了 ( )
526482880,的确 辩论 就是 没对 没错 整天 讨论 斑马 是 黑 是 白 本来 就 没有 绝对 的 事物
526499688,回复
526508608,回复
526513910,回复
522318694,说 说 我 的 想法 首先 在 辩题 方面 其实 反方 更 占优势 正方 确实 很 不好 辩 在 这场 上 双方 都 在 万字 上 做 足 了 准备 打得 好 的话 正方 是 可以 在 万字 上 取得胜利 的 但是 正方 一辩 并 没有 提到 这点 反而 被 反方 以 万恶之源 反击 回去 万字 这 条路 没有 走通 个人 认为 正方 一辩 总结 的 三点 非常 好 正方 完全 可以 以此 为 中心 反击 对方 但是 可能 由于 辩题 的 限制 还是 有点儿 被 反方 牵着鼻子 走 正方 在 自由 辩上 有点儿 着急 了 逻辑 上 比较 混乱 感觉 比赛 前 没有 协商 好 而且 没有 解释 万恶之源 这 很 难 也 有 劣势 反方 确实 语言 能力 相 较 正方 更 差些 但是 逻辑 比 正方 严密 很多 最后 的 四辩 发言 真的 是 精彩 但是 我 觉得 除了 * * 外能 有 更好 的 论证 点 另外 对 日本 侵华 的 论证 不够 完美 总的来说 是 一场 非常 精彩 的 辩论 双方 都 很棒
523380941,正方 的 有势 没有 表达出来 主要 在 万恶之源 四个 字 上 找 突破 钱字 上 忽略不计 了 是 为 疏忽 钱 是 什么 钱 是 什么 的 替代品 就算 没有 钱 参与 的 犯罪 起 背后 钱 也 渗透 其中 起到 了 作用 所以 钱 是 万恶之源 咬住 这个 直接 间接 的 口 猛攻 举 个例 : 家暴 与 钱 无关 老子 打 儿子 丈夫 打 妻子 与 钱 真的 无关 吗 人类 是 最会 为 自己 恶行 找 理由 的
938039218,回复 : 是 的
522213231,弹幕 真 低龄
521274411,学校 最近 旅行 辩论赛 推荐 了 这个 视频 卧槽 太 尼玛 6 了 感觉 都 说 的 特别 有 道理
520604053,想 起来 王国 风云 2 载入 小提示 里 一句 话 宗教 领主 关注 虔诚 封建 领主 关注 声望 人人 都 关注 钱
519331665,看 up 的 收藏 看来 还 活着
519325524,惊 了 这个 视频 的 分享 数比 弹幕 评论 和 硬币 数都 多多 了
517284489,无非 就是 嘴炮 让 对方 认同 自己 的 观点 ( )
517386713,怎么 说 呢 这种 东西 没有 认同 他 不是 打 给 对方 看 是 打 给 评委 看 所以 你 看 发言 的 时候 辩手 是 不 看 对手 看 观众 的 你 不 可能 打动 你 的 对手 弹幕 里 有人 说 正四能 圆 回来 如果 是 他 就 认输 了 是 没有 打 过 辩论 的 因为 武大 这么 厉害 会 想不到 反方 的 基本 论点 吗 所以 万 的 应对 之策 早早 想 好 虽然 铤而走险 但是 很 精彩 立场 在 便 不能 认同 因为 可能 让 了 一兵一卒 就 满盘皆输
517411651,回复
518106228,这 是 对 自己 的 锻炼 类似 于 演讲 但 比 演讲 更能 锻炼 人 它 的 目的 不是 改变 世界 而是 改变 自己
572841693,回复
516206927,修仙 看烧脑 辩论 ( ` )
515672058,这个 视频 一直 有人 看 我 也 姑且 来 更新 一点 东西 很多 评论 和 弹幕 都 说 辩论 这个 东西 非要 把 两个 都 有 道理 的 事情 对立 起来 这样 得出 的 结论 根本 就 没有 意义 那么 姑且 在 这里 分析 一篇 周帅 也 就是 正方 四辩 的 博文 偏执 的 意义 令人 亘古 纠结 的 辩题 大多 是 一个 真理 剖成 两半 的 结果 比如说 人性 本 就 善恶 杂糅 所以 人性本善 还是 人性本恶 就 很 难 辩得 清楚 又 比如 知识 与 实践 本是 一体 两面 所以 知难行易 和 知易行难 也 就 只能 各执一词 我刚 开始 学 辩论 的 时候 最 困惑 的 就是 这个 问题 说好 的 辩证法 呢 说好 的 不 偏执 呢 说好 的 求真 向善 呢 如果 辩论 就是 有意 把 真理 切成 两个 谬误 让 双方 吵得 不可开交 以博 人一笑 它 和 斗 蛐蛐 有 什么 分别 正好 当时 看到 一个 段子 说 大多数 辩题 其实 都 是 类似 于 斑马 是 黑 还是 白 这样 的 无聊 闲扯 哑然失笑 之后 拳拳服膺 深 以为 然 不过 后来 看到 一篇 科普 文章 说 斑马 是 黑底 白 条纹 还是 白底 黑 条纹 其实 并 不是 个 无聊 的 问题 从 胚胎 发育 的 证据 和 进化论 的 推理 来说 斑马 原本 都 应该 是 一种 黑色 的 动物 白 条纹 是 后来 才 在 黑底 上长 出来 的 这个 结论 对 不 对 并 不 重要 重要 的 是 这 篇文章 让 我 意识 到 即使 是 斑马 是 黑 是 白 这种 看起来 极其 无聊 完全 可以 用 辩证法 求 合题 来 解决 的 问题 居然 也 可以 引导 人们 对 这个 世界 进行 更 深入 的 探究 试想 有人 问 你 斑马 是 黑 还是 白 你 回答 一句 既 黑 又 白 或者 黑 或 白 无所谓 当然 很 辩证 也 很 全面 但是 然后 呢 然后 就 没有 然后 了 这个 问题 就 结束 在 这里 了 再也 不 可能 产生 更为 深入 的 思考
515672724,简言之 辩证 的 结论 当然 很 正确 但是 问题 恰恰 出 在 正确 上 正 因为 它 是 对 的 所以 会 成为 一个 到此为止 的 界碑 探讨 到 辩证法 这 一层 真理 已经 摆在 那里 了 而且 往前 再 走 一 小步 就是 谬误 下 一步 还 能 怎么办 呢 只能 停 在 这里 各自 散去 咯 而 辩证 的 真理 固然 正确 但 却 不 可以 停留 在 表面 所以 说 把 真理 劈成 两半 并且 进行 针锋相对 的 激烈 辩论 乍 看起来 多此一举 但 却是 深入 并且 丰富 地 理解 一个 问题 的 最 现实 的 办法 辩论 双方 当然 都 会 有些 偏执 和 绝对化 但 却是 在 共同 助力 于 真理 的 深化 举个 简单 的 例子 一个 高明 的 领导 在 做 决策 时 绝不会 满意 那些 圆滑 得体 左右逢源 的 顾问 意见 而是 一定 想要 听到 最 坚决 的 支持者 和 反对者 之间 的 辩论 虽然 这些 意见 肯定 会 显得 比较 偏执 但是 两个 偏执 立场 之间 的 交锋 远比 一 开始 就 抢占 辩证法 高峰 的 那些 陈词滥调 有 营养 得 多 生活 中 的 很多 问题 也 同样 如此 从 偏执 的 角度看 过去 辩证 的 道理 才 会 显得 鲜活 比如说 梦想 和 责任 哪 一个 是 青年 成才 的 动力 之源 这个 辩题 最终 的 真理 当然 是 梦想 与 责任 的 一体 性 因为 不能 转化 为 责任 的 梦想 不足以 驱动 人生 而 并非 源自 于 梦想 的 责任 又 始终 缺乏 动力 不过 这个 结论 好 是 好 但 却 有些 大而化之 缺乏 指导性 其实 由内而外 把 内心 的 梦想 外 化成 社会 责任 或者 由外 而 内 把 承担 的 责任 内 化成 自己 真正 热爱 的 东西 这 两条路 都 是 走 得 通 的 问题 是 你 必须 得选 一个 不能 首鼠两端 而 辩论 的 意义 就 在 这里 几乎 没有 任何 梦想 不能 对接 某种 现实 的 成功 之道 所以 坚持 梦想 条条大路通罗马 最终 证明 天生我才 必有用 是 可行 的 也 几乎 没有 任何 现实 的 社会工作 真的 没有 一丁点 成就 梦想 的 空间 所以 本分 踏实 干一行 爱 一行 最终 变成 那个 当 上 将军 的 士兵 也 是 可行 的 双方 都 可以 举出 很多 鲜活 的 实例 而 这种 鲜活 的 现实感 恰恰 是 以 偏执 为 前提 的 总之 辩论 之所以 给 人 偏执 的 印象 是因为 双方 往往 各执 真理 的 两面 然而 这 本身 并 不是 个 问题 因为 真理 要 想 充分 展现 其 深刻 丰富 和 现实 的 意义 就 必须 将 自己 剖析 成 两个 方面 相互 辩难 诸如 人性 善恶 杂糅 知行合一 这样 的 辩证 真理 在 从 不曾 从 两个 对立 方面 深入 思考 过 它们 的 人 看来 只是 一句 空泛 的 口号 就算 天天 挂 在 嘴边 也 只是 小 和尚 念经 有口无心 唯有 辩论 双方 都 尽全力 深化 自己 所执 的 立场 才能 在 更 高 的 层次 上 实现 真理 的 合题 这 也 就是 辩手 之 偏执 的 意义
516180240,活捉 一只
517960431,回复
519137766,哇 !
519141127,我 一直 觉得 准备 辩论 比 辩论 精彩 因为 台上 表演 会 显得 片面 但是 台下 的 准备 是 需要 考虑 各种 对手 可能 提出 的 观点 是 需要 非常 全面 的 思考 的
519330902,up 不 搬 视频 了 吗 QAQ
519735405,回复
520328487,回复
600847131,回复
607300097,up 你 这 解释 居然 是 简言之 ( )
630546836,辩证 使 我们 看 的 更 广 辩论 使 我们 看 的 更深
631071404,回复
631946552,回复 ! 非常感谢 up 的 搬运 了
646713485,以前 我 喜欢 辩论 是因为 我 觉得 我可以 站 在 自己 立场 上用 语言 来 说服 对方 偏向 甚至 转入 自己 的 立场 看 了 这篇 文才 发现 辩论 更深 的 意义 原来 本来 就 没有 什么 对 和 错
684458631,回复 : 你 这段话 就 有 逻辑 问题 你 说 的 辩证 在 你 全文 中 意义 不 固定 真理 和 辩证 的 关系 也 有 偷换概念 之 嫌 有效 辩论 的 意义 与 现实 中 辩论会 的 雄辩 也 并不相同 第一 辩证 不会 让 真理 到此为止 你 说 的 那个 不 叫 辩证 那 叫 和稀泥 辩证 是 哲学 中反 逻辑 的 一部分 是 真理 的 一部分 第二 辩证 和 真理 的 关系 你举 的 例子 根本 不 对 比如 斑马 那个 在 黑白 底 问题 的 表述 上 你 说 的 后来 对 进化论 中 形成 先后 的 探究 已经 形成 了 第二个 新 的 命题 新 的 判断 根本 和 第一个 白底 黑底 的 问题 不同 在 实际 辩论 中辩题 也 存在 这种 意义 不明 语义 含混 复义 导致 双方 辩手 所 讨论 的 问题 和 概念 都 不 统一 完全 成为 诡辩 和 文字游戏 的 情况 第三 有益 的 辩论 有助于 真理 的 产生 然而 现实 中 进行 的 大多 是 无益 的 辩论 最大 的 证据 就是 同一 辩手 可以 从 正反 两个 命题 说服 对手 此间 更是 无所不用其极 逻辑 本身 不 受 尊重 以 说服 对手 为 目的 使 辩论 行为 退化 成 一种 智力 游戏
698597879,回复 : 你 这段话 就 有 逻辑 问题 这些 话 不是 我 说 的 是 周帅 说 的 我 没 这 水平 写出 这么 好 的 博文 来 周帅 说 的 辩证 的 意思 我 没 看出 哪里 不 固定 也 没 看出 它 和 真理 在 偷换概念 倒 是 您 说 辩证 不是 这个 意思 你 也 没 告诉 我 辩证 是 什么 意思 我 接触 辩论 这些 年 没听说过 有效 辩论 和 现实 中 的 雄辩 是 什么 东西 烦请 您 详细 说 说 第一周 帅 的 意思 是 辩证 有时候 会 给 我们 一种 好 了 可以 了 的 感觉 而 辩论 则 会 逼迫 我们 为了 一个 有 缺陷 的 观点 辩护 而 进行 更 深入 的 思考 第二 我 不 反对 辩证 和 真理 是 一体 的 我 也 觉得 真理 和 辩证 不 冲突 周帅 也 不 觉得 您 这 帽子 我 也 不 知道 哪儿 扣来 的 斑马 的 这 两个 命题 怎么 就 不是 一个 命题 别 告诉 我换 了 个 思路 就是 新 的 判断 新 的 概念 另外 您 一直 认为 辩手 们 针对 辩题 一直 在 玩 文字游戏 和 诡辩 嗯 我 知道 您 没 打过 建议 你 谦虚 一点 我们 现在 打 辩论 第一件 事情 就是 聊 清楚 定义 别以为 你 看过 的 咸鱼 比赛 就 能 代表 辩论赛 了 第三 辩手 可以 从 正反 两个 命题 说服 对手 是因为 辩手 进行 了 深入 的 思考 都 明白 正反方 立场 的 适用范围 和 局限性 而且 看到 您 说 逻辑 不 受 尊重 和 以 说服 对手 为 目的 这 两句话 之后 我 突然 觉得 我 打 的 这么 多 都 没什么 意义 原来 即使 是 这种 对 辩论 一无所知 的 人 仍旧会 有 这样 大放厥词 的 勇气 唉 请 您 多 读书 慎言
698933220,回复 而且 这 不是 个例 辩证 真的 不是 你 说 的 那种 建议 你 去 了解 一下 最 基本 的 四个 二律背反 最后 第一 读书 的 多少 和 逻辑 这个 问题 真 没大 关系 第二 我 的 阅读 量 还 真不少 我 觉得 b 站 大佬 应该 没 几个 能比 我 多 的
698943639,回复
698990357,回复 第二 关于 你 说 咸鱼 比赛 才 会 那样 我 就 单说 那个 钱 是 万恶之源 那场 吧 就 这场 正方 一 开始 的 角度 和 观点 是 : 钱会 产生 恶 所以 钱 是 万恶之源 反方 一 开始 的 角度 是 : 有些 恶 不是 钱 产生 的 所以 钱 不是 万恶之源 然后 正方 : 万是 个 虚数 意思 是 钱会 产生 很多 恶 所以 虽然 有恶 不是 钱 产生 的 钱 仍然 是 万恶之源 反方 : 你 说得对 钱会 产生 很多 恶而 有些 恶 不是 钱 产生 的 但 钱 是 个 副词 代表 绝对 所以 钱 是 万恶之源 到此为止 双方 对 钱会 产生 恶 但 不是 所有 恶 都 是 钱 产生 的 这 一 事实 达成 了 共识 就 我 而言 这场 辩论 已经 不用 再 进行 下去 了 但 他 仍 进行 下去 了 了 好 吧 就算 你 要 进行 下去 就算 浪费时间 是不是 也 应该 讨论 的 是 万 的 说法 的 问题 而且 万 本来 就是 复义 的 所以 其实 应该 讨论 的 是 辩题 中 万 的 意思 然而 接下来 双方 就 像 失忆 似的 开始 这样 : a : 某某某 为了 钱 犯罪 所以 钱 是 万恶之源 b : 某某 犯罪 了 但 不是 为了 钱 所以 钱 不是 喵 喵 喵 这 就是 顶级 辩论 的 水准 3 . 就 那个 斑马 问题 斑马 是 黑底 白条 还是 白底 黑条 应该 首先 说明 的 是 : 正确 的 辩论 应该 要 以 弄清 一个 事实 为 目的 那么 请问 这个 辩题 想 弄清 的 事实 是 什么 呢 是 斑马 的 黑白 条纹 是 黑底 还是 白底 还是 黑白 条纹 的 比例 是 多少 才能 决定 哪个 是 底 而 我们 知道 的 事实 是 斑马 的 毛色 黑白相间 一部分 毛发 黑 相邻 的 一部分 发白 这种 条纹 黑白相间 这是 我们 知道 的 不 存疑 的 一个 事实 所以 辩论 的 空间 我 猜想 应该 就 限于 : 因为 黑 其实 是 无光白 其实 反射 了 所有 的 光 所以 黑 应该 是 被 称为 底 或者 因为 黑是 各色 颜料 叠加 而白 其实 是 无 颜料 所以 白 应该 是 被 称为 底 以及 你 说 的 到 了 后来 的 因为 斑马 一 开始 后来 所以 对 斑马 这个 物种 而言 x 应该 是 它 的 底色 而 这种 辩论 讨论 的 东西 和 要 确认 的 事实 无关 甚至 没有 什么 要 确认 的 事实 甚至 所谓 换个 角度 已经 换到 了 一个 讨论 的 背景 和 范围 完全 不 一样 的 地方 这种 讨论 实际上 是 在 讨论 : 斑马 应该 被 称为 白底 黑条 还是 黑底 白条 这种 并非 要 去 确定 一种 事实 一种 真理 去 验证 是否 ab 而 变成 了 无 意义 的 命名 问题 以上
699039118,回复 : 首先 你 居然 还 好意思 提 二律背反 二律背反 恰好 说明 了 相互 矛盾 的 双方 各自 成立 的 价值 这 居然 是 你 的 论据 其次 关于 你 说 的 这场 金钱 辩 你 说 对 了 从 战略 上 武大 的 战略 现在 看来 就是 咸鱼 战略 全然 没 逻辑 尽 是 偷换概念 和 歇后语 你 以为 为什么 马来亚 赢 了 你 知道 这场 比赛 对 华语 辩论 圈 产生 了 多 大 影响 周玄毅 结辩 的 时候 说 的 辩论 是 对 语言 和 文字 的 玩味 现在 看来 就是 个 笑话 但是 这 不 掩盖 这场 比赛 的 闪闪发光 正方 的 辞藻 和 自信 反方 层层叠叠 稳如泰山 的 拆论 你 看得懂 斑马 的 问题 你 看 啊 你 说 你 只 知道 黑白相间 这是 事实 你 说 辩论 只是 找 了 个 角度 论证 这是 色光 黑底 这是 美术 白底 我 觉得 你 找 的 那 两个 角度 很 有意思 色光 三原色 和 美术 三原色 的 参加 让 我 又 有 了 一重 思维 然而 我 觉得 周帅 的 角度 也 很 不错 遗传学 角度 也 让 我 懂 了 一些 东西 你 看 你 在 回复 我 之前 你 也 没想到 斑马 条纹 还 能 扯 上 两种 三原色 对 吧 你 看 这 不 就是 辩论 带给 你 的 东西 你 可以 不 喜欢 但是 我 觉得 你 还 不够 了解 它 所以 我 觉得 你 没 资格 这样 胡说八道 哦 你 说 你 阅读 量 很多 如果 是 真的 就 我 看来 恕我直言 有点 读 歪 了 毕竟 你 能 说出 读书 多少 和 逻辑 没多大 关系 这种 话
699151638,兄弟 读书 多少 和 逻辑 能力 关系 真不大 你 把 卡尔维诺 纳博科 夫 全集 读完 还 不如 读 一本 胡塞尔 逻辑 研究 而 你 读 一本 逻辑 研究 可能 不如 搞 一场 小 辩论 提升 的 大 明白 我 的 意思 吗
699160391,回复 那种 刻意 不 求知 刻意 回避 模糊 的 和稀泥 我 并 不 觉得 这是 辩证 所以 让 人 觉得 到此为止 也 不是 辩证 的 锅
699605629,回复
699673661,回复
699685065,回复
699687476,回复
718602300,可是 用 自然 来 解释 人类 社会 的 问题 难道 这 不是 陷入 了 社会 达 达尔文主义 吗
740292777,其实 我 觉得 辩论 辩论赛 的 问题 是 没有 意义 的 而 以 辩论赛 的 方式 来 辩论 辩论赛 的 问题 是 非常 有 意义 的 说 辩论赛 没有 意义 的 只能 证明 你们 太 肤浅 完全 抓不住 要点 这 就 和 足球 一样 踢足球 有 意义 吗 ? 提 足球赛 才 有 意义 的 吧
767630856,回复 : 写得 太好了
789324168,很 遗憾 原本 以为 武汉大学 已经 胜券在握 没想到 最后 以 一票 之差 与 冠军 失之交臂 个人 认为 比赛 论题 本身 就 很 有 问题 这种 活动 应该 选择 一个 更加 中性化 的 论题 才 符合 比赛 的 需求 正方 选中 的 论点 本身 就 很 吃亏 了 反方 只是 把 大众 天然 就 认同 的 观点 用 自己 的 方式 再 转述 出来 而已 抛开 比赛 论题 本身 的 漏洞 不 说 从 专业性 语言 优美 性 逻辑性 等 方面 来看 武汉大学 完胜 这样 说 可能 还会 更 客观 如果 武汉大学 和 马来 大学 抽中 的 论点 互换 那么 结果 还会 是 马来 大学 方胜 吗
789357731,回复
809338807,所以 他们 真的 只是 为了 辩论 而 辩论 啊 他们 再 怎么 辩 也 仅仅只是 辩 而已 辩 的 内容 和 真的 的 学者 科学家 也 不 在 一个 层次
809367142,回复 : 我 觉得 这 是 对 口才 的 误解 我 觉得 一个 人口 才 的 好坏 来源于 对 真理 的 认知 深度
812006311,回复 : 感谢 虽然 心中 有 一句 真理 越辩 越明 但 也 只是 停留 在 字面上 从来 没有 这样 深刻 地去 理解 过
826341723,回复 : 当 双方 都 有 道理 的 时候 胜负 取决于 裁判 法庭 争论 的 时候 尤为 明显
826343155,回复 : 当然 只是 指有 胜负 的 辩论赛
826345950,就 好像 跳舞 一样 原本 只是 一种 艺术 表达形式 一旦 有 了 比赛 势必 就 会 有 输赢 那 输赢 的 标准 由谁来 决定 呢 结果 就 很 明显 了 辩论赛 也 一样
829095864,辩论赛 和 足球赛 意义 差不多 算 一种 mind game 头脑 游戏 比赛 吧 大部分 论题 本身 就 建立 在 不 明确 的 定义 上 而且 很多 时候 都 把 问题 静态 化 绝对化 使得 比赛 成 了 纯粹 的 口才 和 逻辑 的 交锋 问题 本身 反而 成 了 点缀
832542442,emmmmm 为什么 要 把 对 事物 的 深入 探究 看成 是 辩论 带来 的 呢 这么 说 算不算 是 夸大 这件 事 的 作用 呢 到底 是 先 有 对 斑马 肤色 的 研究 还是 先有 这个 辩题 呢 不过 我 肯定 一点 作为 一个 观点 的 持方 确实 有时候 会 引导人 从 新 的 角度 思考问题 但是 基于 辩论 这样 形式 的 毕竟 是 少数 想来 大多数对 这个 世界 的 未知 深入 的 探究 还是 来自 于 科学家 自发 的 行为
832905381,回复
891922310,还有 人玩起 唯心 还 行
899153455,其实 这个 真理 应该 限定 一下 不能 说 所有 的 真理 都 能 拆成 两半 人性 善恶 确实 能 但 有 的 真理 不能 用 辩证法 阐释 像 人 是 动物 之类 的 但 没准 能 才 人 不是 动物 和 人 是 植物 那 获得 新知 但 这 估计 就要 形而上学 了 还是 在 人文 领域 的 真理 进行 辩证 吧
899176080,回复 : 可以 把 辩论 的 能力 运用 到 科学 上 但 辩论 本身 不能 带来 真理 那样 的 真理 德国 早已 打到 鼎峰 那 就 做 形而上学
901185346,回复 有人 说 反方 逻辑性 更强 呃 我 只能 说 不敢苟同 特别 是 反方 拿 什么 子 什么 孙 什么 根 被 妻子 割掉 巴拉巴 拉 一堆 之类 的 比方 作 论证 的 时候 真的 是 不要 太辣 眼睛 好 吗 更何况 反方 这样 低 水准 的 比方 还 不止 这个 呵呵 这 叫 逻辑 严谨
944679384,看 完 这段话 对 辩论 的 意义 有 了 更加 深刻 的 认识 也 正因如此 让 我 更加 反感 辩论赛 了 不可否认 其中 思维 的 碰撞 会 给 我们 带来 一些 新 的 认知 但 当 辩论 一旦 成为 了 比赛 就 必然 会 有 更 多 的 限制 更 多 之外 的 思考 只能 选择 忽略 辩论 更 容易 被迫 陷入 文字游戏 举例 大赛 或 比喻 大赛 虽说 逐字 定义 是 必要 的 选择性 举例 也 是 无可奈何 但是 每每 看到 辩手 做出 没有 公认 基础 的 比喻 以 论证 观点 的 时候 真是 想 上去 呼两 巴掌 这 是 我 不愿 见到 的
944962571,回复
1048748605,我 以为 我 拿 了 个 校级 辩论赛 冠军 已经 有 丶 东西 了 看 了 各位 大仙 感觉 自己 还要 更加 努力 了 ( | | )
1070458245,回复 : 好 厉害 感谢 在 我们 看 完 视频 后 在 评论 区里 为 我们 带来 了 如此 精彩 的 辩论
1070466666,回复 : 那个 和 楼主 辩论 的 人 无论 你们 碰撞 的 结果 如何 都 给予 了 我们 不错 的 思想 提升
1070463141,回复 : 我 是 个 大 一新 手 但 向往 着 这里 感觉 思想 对 碰 的 感觉 特别 棒 ~
1073681206,辩论 如此 总会 有 偏执 好比 读书 一般 读书 好 读 好书 好 读书 三句 强调 点 都 有 些许 不同 三句 一起 才 是 一个 整体 而 语言 往往 不会 将 一件 事 的 整体 全部 讲 出来 列如楼 里 说 不 懂 多 读书 这里 读书 的 意思 跟 下面 读书 的 多少 和 读 什么样 的 书 以及 读书 与 逻辑关系 读书 与 个人 知识 体系 的 关系 和 逻辑 与 个人 知识 体系 的 关系 强调 点 都 有 些许 不同 感觉 有些 思维 上 的 引深 但 不 等同 这 也 是 辩论 带来 的 深度 一种 始终 不 平衡 的 深度 没有 绝对 的 深度 以上 是 我 此时此刻 的 见解 因为 语言 没有 绝对
1080461807,回复 : 诶 这种 人 讲 出 自己 读书 读 的 多 我 都 感觉 自相矛盾 i 且 不谈 他 能 说出 读书 与 逻辑 毫无关系 好 也许 读的书 不同 他 读的书 确实 与 逻辑 无关 就 讲 我 上 我 也 行 我 不止 行 我 还 可以 吊打 假如 我 有 反应力 难道 反应 不 就是 博学 才能 带来 的 ? 也许 一些 书带 不来 逻辑 的 升华 但 在 我 身边 的 朋友 中 但凡 爱 读书 的 人且 都 起码 有 谦卑 的 品质 倒 不 说 这 品质 有 多 好 起码 让 人 舒服 但 这位 博学 的 b 站 大佬 真得 让 我 感觉 不到 一点点 谦卑 倒像 是 读书 为了 能 记住 一点 东西 好 出来 与 人 炫耀 的 感觉 也许 大家 出发点 很多 都 是 这样 但是 一旦 稍微 进入状态 就 会 明天 人外有人 天外有天 更 不会 讲出 我 上去 可以 吊打 这 几位 元老 的话 不必 理他 逼 都 不会 装只 让 人 感觉 到 一个 恼羞成怒 的 功利主义者
1093569707,回复 我 认同 读书 使人 谦虚 也 认同 你 所 讲 的 大部分 言论 但是 我 认为 你 接下来 的话 有 一些 问题 你 所说 的 不必 理他 这句 话 如果 真的 发生 那么 就 损失 了 双方 思想 交汇 摩擦 所 带来 的 火花 也 可能 让 人 失去 了 一个 更加 深入 思考 的 机会 两个 人 在 反驳 对方 的 过程 中 实际上 也 是 一种 对 对方 思想 思考 的 过程 在 这 过程 中会 对 自己 产生 影响 我 认为 这 就是 这些 对话 的 价值 所在 了 因为 这是 无法 避免 的 却是 可以 控制 的 它 可以 使人 更加 完善 自己 的 思维 体系 我 认为 虽然 这个 人 存在 一定 的 炫耀 心理 但是 他 应该 是 认认真真 的 在 表达 自己 观点 的 至于 你 所说 的 恼羞成怒 我 认为 也 是 不 存在 的 因为 他 全程 的 感情 波动 并 没有 上升 到 恼羞 这 一个点 上 更 不用 提 怒 了 相信 这是 可以 读出来 的 这个 人 在 这里 与 阿婆 主 的 对话 并 没有 什么 出格 的 地方 为什么 不让 他 发表 自己 这 只是 一场 由 辩论 引发 的 讨论 与 互驳 为什么 要 上升 到 攻击 程度 难道 这么 几句话 就 可以 看出 人品 吗 那么 你 又 是 以 什么 身份 来 阻止 这 一场 谈话 的 呢
1093597506,抱歉 一次性 写 完 的 东西 是 我 激动 了 但 我 认为 可以 多多 思考 而 不是 直接 否认 别人 真理 是 信息 交换 出来 的 而 讨论 正是 休息 交换 的 一种 方式 并且 一切 的 讨论 都 要 基于 一些 共识 点 这 就 需要 我们 认真思考 别人 的 想法 而 不能 一概 否定 甚至 是 否认 这个 人 以上 不 完整 也 不 一定 正确 所以 欢迎 讨论
1146172412,矛盾 的 统一体 互相 依存 在 一定 情况 下 相互 转换 很 微妙
1187237333,说 的 很 好
1215450197,回复 : 大辩 无言
1284859033,辩论 原先 我 一直 觉得 没 啥 意义 全都 在 争 定义 也就是说 其实 道理 已经 公认 于 人心 我 所 理解 的 辩论 应该 是 对 明确 同一 定义 后 的 探讨 但是 UP 说得好 啊 争论 定义 的 辩论 其实 是 另 一种 抵达 答案 的 方法 在 双方 不断 的 论证 中 道理 就 会 越来越 清晰 何况 辩论赛 的 本来 目的 也 不是 为了 探讨 出 某个 道理 而是 比赛 比赛 就是 要分 胜负 否则 也 不会 给出 那么 多 模棱两可 的 辩题 说 到 辩论 本身 对 人 的 锻炼 肯定 集中体现 于 思辨 临场 反应 胆量 气质 等 对 人 的 提升 是 巨大 的 但是 身边 有个 在 辩论 队 的 朋友 可不是 很 开心 的 事情 因为 他们 * * * 惯性 顶嘴 ( ) 好些 次 我 都 想 直接 甩 他们 一 耳光 我 是 来求 共鸣 的 不是 来 让 你 找茬 的 ( 口 ) (
1285121802,想起 之前 一个 笑话 一个 大叔 看见 十几个 人争 一个 球整 得 不可开交 大叔 阔气 大发 一个 破球 有 什么 抢 的 我 给 你们 每人 发 一个 这 也 是 8 个人 对 吵 几十个 人 现场 看热闹 吵 的 有辱斯文 也 不 吵 不 出个 是非 结果 吃饱 撑 的 吧 前者 大叔 不 清楚 游戏 乐趣 和 结果 拥有 区别 后者 不清 逻辑 游戏 乐趣 和 拥有 结果 区别
1286754570,两个 字 牛皮
1286980663,回复 : 跟 论题 有 啥 关系 你 要 觉得 论题 不 中性化 你 看看 这些 比赛 其他 论题 没 一个 会 让 你 觉得 中性化 你 都 会 觉得 其中 一方 的 论题 微微 占优势 其实 没 区别 跟 论题 没关系 这 一场 明眼人 都 能 看来 反方 逻辑性 略胜一筹
1287260707,回复 : 你们好 秀 啊
1299061547,头好 晕
1313857443,辩论 不是 说 谁 胜 我们 就 认为 谁 是 对 的 正是 因为 两方 都 有 道理 才 有 可 辩性 我们 为什么 要 辩论 是 为了 思考 我们 在 想 为什么 两方 都 对 在 思辨 中 成长 这 就是 辩论 的 魅力
1319114254,回复 : 当然 哑巴 就 辩论 不了
1398779336,这种 辩论赛 真 没意思
1444106123,回复 : 成不了 最好 的 尽己 所能 也 不会 是 最差 的 退一步说 即便 是 辩论 圈里 最差 的 也 已经 比 不会 辩论 的 人强 得 多 了
1496510703,回复 : up 的 意思 是 要 多 思考 其实 看似 无聊 的 现象 其实 也 有 更 深层次 的 原因 当然 这个 思想 也 不是 我可以 资格 左右 你 的
1508332052,谢谢 up 主 一直 不 知道 辩论 的 深层次 的 意义 学到了 很多
1520581097,当时 高考 前 一个月 老板 就是 给 我们 放 这个 视频 的 现在 在 大学 突然 想起 在 b 站 搜 了 搜 还有
1567780118,赞同 辩论 只是 表象 核心思想 是 对 事物 的 探究 过程
1602005893,回复 : 虽然 和 性格 有关 但 可以 靠 后天 练习 提高 口才 阔以 看 一哈艾 跃进 老师 的 视频 哔哩 哔哩 上 可以 搜 到
1664813109,回复 : 觉得 它 有意思 的 人 觉得 它 很 有意思 觉得 它 没有 意思 的 人 觉得 它 很 没有 意思
1665220472,回复
1665363113,回复 : 我能 把 周帅 这 篇文章 搬 过来 这里 放着 自然 是 有点 东西 的 啦 ~ 至于 您 说 的 为什么 没有 这么 精彩 了 原因 很 复杂 我 觉得 主要 还是 两 方面 吧 一 是 水平 问题 就 这 几个 人 都 是 神人 不是 随便 什么 比赛 能 比得上 的 二 是 风格 问题 以前 的 辩论 要 上 电视 的 要 当 节目 的 所以 炫技 很 重要 有 观赏性 也 很 重要 现在 的 辩论 注重 战场 推进 注重 交锋 肯定 不会 像 以前 的 比赛 一样 打 得 这么 有 观赏性 的 啦
1665364313,回复 : 对 了 至于 你 说 的 准备 不 充分 可能 是 的确 存在 的 因为 现在 的 大型 比赛 赛制 都 比较 紧凑 几天 之内 整个 赛程 要 打 完 每个 辩题 的 准备 时间 肯定 不如 大学 里面 自己 学校 搞 的 比赛 那样 充分
1665541940,回复 : 明白 了 多谢 解答
1665665824,回复 : 个人 觉得 辩论 本身 是 有 意义 的 但 辩题 不尽然 辩论 比赛 也 不尽然 如果 抽到 辩题 的 人 自己 也 不 认可 自己 要 辩 的 立场 我 不能 理解 这种 辩论 对于 自己 而言 有 什么 意义 就算 辩赢 了 自己 不 同意 的 观点 证明 自己 能力 很强 但是 最 核心 的 问题 你 真的 会 发自内心 地 高兴 吗 难道 不会 因为 自欺欺人 辩论 过程 就是 在 说服 别人 说服 自己 也 是 在 催眠 自己 认可 该 观点 最后 也 走向 了 自己 的 反 方向 吗 然后 也 有 可能 辩题 本身 偏颇 之类 原因 辩论 有 可能 走向 诡辩 雄辩 为了 赢 无所不用其极 结果 是 赢 了 但是 只 注重 结果 的 辩论赛 辩论 过程 中 的 措辞 案例 之类 会 不会 成为 偏颇 者 的 盾牌 以及 手中 矛去 攻击 别人 是 辩论赛 是 可以 锻炼 一个 人 的 逻辑 语言 组织 之类 的 能力 但是 请 别忘了 这是 辩论 自带 的 好处 不是 辩论赛 带来 的 好处 任何事物 一旦 变成 比赛 必定会 有 输赢 没有 输赢 还 叫 什么 比赛 就 会 有人 为了 赢 不择手段 我会 看 辩论赛 我 也 很 欣赏 辩论 双方 的 能力 综合 素质 但 我 一直 告诉 自己 不要 在乎 辩题 以及 双方 辩论 的 内容 只要 学习 双方 的 技巧 之类 内容 听听 就 好 同意 的 再 吸收 为什么 我会 有 这种 想法 还是 那句话 辩论赛 往往 会 导致 双方 为了 辩赢 对方 而 诡辩 说 到 这里 我 就 想 问 辩论赛 的 实质 到底 是 什么 是 为了 辩论 出 真理 还是 为了 秀 逻辑思维 语言 组织 能力 我 也 喜欢 思考 喜欢 较真 遇到 不 认同 的 观点 也 喜欢 反驳 与 对方 辩论 但 我 从来 没有 想要 参加 辩论赛 的 想法 有些 害怕 上台 是 一个 原因 但 更 大 的 原因 是 我 不能 认同 为了 辩而辩 罔顾 心中 的 立场 我 做 不到 说 违心 的话 只 为了 那 一场 比赛 在我心中 如同 的 想法 相似 我 所说 必定 发自内心 基于 事实 最后 另外 说 一点 看 几位 大佬 发言 的 读后感 辩证 辩论 不 一样 真理 止于 此 情况 可能 存在 当 事物 已经 得出结论 人们 就 会 止步 于 此 去 别的 地方 开辟 战局 了 但 有些 时候 必须 抛弃 所谓 真理 继续 探索 才 会 有 新 的 发现 以上 都 是 个人 看法 有 很多 疑问 因为 对 辩论赛 不 熟悉 可能 会 产生 偏颇 还 请 见谅 艾特 两位 是 希望 得到 两位 的 解释 指导 辛苦 了 谢谢 也 欢迎 其他人 指正 谢谢
1666908029,回复 : 我 同意 你 的 观点 1 . 照 目前 的 状况 来看 辩论赛 中 的 辩论 的 直接 目的 当然 不是 为了 探究 真理 而 确实 是 为了 驳倒 对方 因为 为了 辩出 真理 的 其中 一个 前提 是 辩手 首先 得 真的 相信 自己 抽到 的 主张 2 . 为了 秀 / 培养 逻辑思维 语言 组织 能力 应该 是 策划者 和 参与者 理想 中 的 根本 目的 辩论赛 为 这个 目的 应该 起到 了 一部分 作用 3 . 虽然 培养 了 逻辑思维 能力 但 这 仍然 改变 不了 我 认为 辩论赛 中 的 逻辑 是 一种 降格 逻辑 的 观点 因为 真实有效 的 逻辑 只能 是 数理逻辑 性质 的 而 辩论赛 很难 做到 这 一点 也 避免 不了 诡辩 和 含混 这 正是 因为 前面 的 第 1 条 辩手 只要 不尽然 相信 自己 的 立场 那么 就 难以 做到 严谨 正确 的 事实 推理
1668191913,谢谢 回复 解释 算是 明白 了 辩论赛 的 实质 也 坚定 了 自己 的 想法 我 同意 辩论赛 的 根本 意义 但 依旧 不能 接受 为了 锻炼 技能 技巧 而 弱化 甚至 无视 辩题 辩论 本身 在我看来 辩论赛 应该 注重 辩论 中心 要不然 完全 可以 叫 逻辑 口才 大赛 为了 所谓 锻炼 逻辑 口才 放弃 辩论 这个 大 中心 那才 是 本末倒置 但 我 也 依旧会 看会 学习 就是 了 我 不 同意 也 不 妨碍 我 处于 旁观 而 借鉴 学习 当然 希望 辩论赛 可以 深刻 明确 自己 的 主要 目的 不要 本末倒置 为了 辩而辩 可以 真切 探讨 人生哲理 给 人 教育 意义 才 是 最 主要 的 否则 辩论赛 称之为 降格 逻辑 也 的确 有些 道理 突发奇想 辩论赛 其实 可以 给出 名额 人数 然后 给出 辩题 事先 投票 确定 对立 双方 人数 名额 然后 以此 对抗 辩论 辩论 过程 双方 可以 说服 对方 或 被 对方 说服 最终 再 投票 以 哪 一边 支持者 更 多 得出 赢方 这种 发自内心 的 思想 碰撞 才 是 最 动人 的 否则 所谓 辩论赛 也 不过 是 在 自欺欺人 罢了
1668229927,回复 : 曾经 我 也 想 过 如果 我 拿到 了 我 不 支持 的 观点 我该 怎么办 然而 最终 我 发现 这种 情况 基本 不 存在 而且 要 知道 在 现行 的 辩论 赛制 中 小组赛 里 经常 需要 一个 队伍 针对 一个 辩题 既 打 正方 也 打 反方 这样 看起来 基本 就是 今天 的 我 反对 昨天 的 我 这 合理 吗 这 很 合理 这样 才能 逼迫 我们 去 思考 正方 之所以 成立 是从 什么 角度 思考 的 反方 之所以 有 道理 又 是 出于 哪些方面 的 考虑 辩论 本身 不是 目的 讨论 与 思考 才 是 我们 所 追求 的 所以 其实 就算 你 下意识 觉得 这个 观点 跟 你 的 想法 不 一致 也 不妨 认真思考 一下 什么样 的 人会 在 什么样 的 情况 下 为 这个 观点 挺身而出 舌战群儒 当然 如果 是 杀人犯 不该 被 社会 所 谴责 这种 不 可能 成立 的 观点 也 不 可能 会 作为 一个 辩题 的 持方 而 出现 在 比赛 里
1668591852,你 这么 说 有 道理 换位 思考 是 应该 的 这样 才能 探究 彻底 全面 但 你 也 说 不 认同 该辩 的 立场 的 情况 是 基本 不 存在 而 非 完全 不 存在 如果 有个 辩题 你 再三 思考 还是 不 认同 你 该 辩 的 立场 那么 你 会 怎么 做 我 想 很多 人会 为了 比赛 勉强 辩论 吧 但是 如果 自己 都 无法 说服 自己 那么 为什么 还要 说服 别人 认可 自己 也 不 认同 的 观点 此处 区别 于 你 不 认同 该 观点 但 该 观点 的确 有 独到 的 地方 可以 为 之 说 公道话 的 情况 比赛 是 比赛 你 会 为了 比赛 而 拼命 为 该 立场 说 好话 吗 我 不 认同 的 主要 是 这种 情况 我 不 清楚 辩论赛 的 情况 但是 就 出现 有悖于 自己 内心 的 情况 应该 有 可能 出现 吧 不 可能 每个 辩题 你 都 能够 做到 最终 同意 吧 辩论 是 为了 讨论 和 思考 的 说法 我 同意 也许 辩论 的确 不是 最终 目的 但是 你们 会 不会 出现 偏向 于 思考 对方 会 如何 反驳 自己 自己 要 如何 反驳 对方 而 无意识 忽视 辩题 本身 也 因此 无意识 出现 了 诡辩 情况 就 好像 语文 阅读 理解 题 考生 要 揣摩 出题者 意图 而 非 作者 原意 比喻 可能 不太 准确 但 大概 是 那个 意思 能 理解 就 好 我 一直 觉得 无意识 不 自知 是 很 可怕 的 情况 自己 无法 发觉 自己 是否 出现 了 立场 偏差 一步 错 步步 错 没有 发现自己 为了 说服 对方 同意 自己 的 观点 而 无意识 诡辩 根本无法 回头 就 像 我 觉得 你 的 解释 有 不对劲 的 我 不 认可 的 地方 我 想 反驳 我 也 发言 反驳 了 但 我 的确 也 不能 非常 确定 我 的 发言 是否 坚定 一个 立场 非常 确定 地 在 反驳 可能 我 也 出现 了 立场 偏差 诡辩 的 情况 而 不 自知 所以 你们 会 不会 出现 过 无意识 诡辩 的 情况 而 不 自知 此处 又 区别 于 自己 知道 自己 的确 诡辩 了 的 情况 但 两者 都 是 一样 让 我 所 不 认可 的
1668596632,回复 : 其实 我 觉得 你 说 的 我 说 的 那位 说 的 可能 都 不 在 一个 频道 各自 了解 不同 并 没有 共同 的 认知 甚至 可能 不是 基于 一个 事实 而 发言 我 觉得 你 说 的 不 完全 对 但 我 很 难 分辨 出 到底 哪里 不 对 可能 你 也 这样 认为 他 也 这样 认为 所以 导致 了 彼此 的 分歧 我 主要 不 认同 为了 辩论 而 辩论 为了 赢 而 罔顾 心中 立场 为 该 辩 的 立场 说 尽 好话 然后 你 告诉 我 不 认同 该辩 的 立场 的 情况 基本 不 存在 双方 都 要 全面 辩证 地 讨论 思考 才 是 辩论赛 追求 的 那么 我 可不可以 认为 你 和 我 说 的 不 在 一个 频道 其实 你 反驳 我 最 基础 最 简单 的 就是 直接 说 不 可能 出现 辩手 不 支持 自己 该辩 的 立场 的 情况 就 能 从 根本 反驳 我 的 不 认同 但是 你 自己 也 不能 确定 这种 情况 不会 出现 吧 依旧 认为 为了 赢 而 辩 的 情况 不少 而 这种 情况 就是 我 所 不认
1668634567,同 的 才 发现 缺 了 字 emmm 文 很长 疑问 依旧 很多 冒昧 说 一句 我 发现 搞 辩论 的 比如 你 可能 已经 不 自觉 地 在 诡辩 了 就是 转移 话题 从 另 一个 方向 反驳 看似 辩赢 了 但 其实 并 没有 解决 最 矛盾 的 地方 或许 这 就是 辩论 容易 形而上学 的 地方 吧 没有 坚实 的 实践 实际 理论 基础 当然 可能 也 不 只是 搞 辩论 的 犯 了 这个 问题 很多 人 也 有 这个 问题 可能 我 也 有 也 说不定 总之 不 自知 真的 挺 可怕 的 从根本上 认知 错误 那么 久 无从下手 了
1668736362,回复 : 额 我 能 明白 你 的 意思 但是 你 完全 没有 明白 我 的 意思 1 我 从来 没有 在 辩论 场上 说 过 违心 的话 2 只要 不是 根本 价值 上 的 不同 大部分 命题 都 有 成立 的 价值 3 不 自知 是 很 可怕 但是 辩论 使 我们 谦卑
1668792135,回复 : 另外 你 说 的 所谓 可能 我们 都 不 自觉 地 在 诡辩 emmm 坦白说 没有 证据 就 这样 扣帽子 我们 还是 很 困扰 的 你 的 逻辑 无非 是 说 如果 你 不 认同 这个 辩题 你 为 它 辩护 你 在 诡辩 如果 你 也 没 发现 你 认同 不 认同 这个 辩题 你 为 它 辩护 你 就是 为了 辩论 而 辩论 你 在 诡辩 其实 后半部 份 观点 已经 出现 很 严重 的 问题 了 暂且不说 先 谈谈 更 根本 的 为什么 你 非得 觉得 我们 会 不 认同 我们 的 持方 你 会 说 总有 一些 观点 是 你 不 认同 的 吧 我会 问 为什么 为什么 一定 会 有 我 不 认同 的 观点 你 可能 会 说 因为 价值观 相冲突 我会 反问 问题 是 辩题 怎么 可能 会 有 某 一方 不 符合 大众 价值观 呢 然后 你 就 会 抛出 最 核心 的 想法 但是 它 可能 只是 不 符合 我 的 价值观 啊 OK 问题 来 了 你 会 发现 这个 观点 的 价值观 其实 是 没 问题 的 会 有 很多 人 都 认同 但是 没有 跟 你 的 价值观 完全 契合 而已 你 该 怎么 做 呢 思考 一下 他们 为什么 会 赞同 这个 观点 尝试 理解 他们 的 出发点 尝试 去 发现 这个 观点 的 合理性 我们 根本 就 不 打算 改变 自己 的 想法 我们 只是 试图 去 理解 别人 的 想法 你 明白 我 意思 了 吗 要 知道 我们 从来 都 不会 因为 打 了 一场 比赛 而 改变 了 自己 对 世界 的 看法 我们 只是 又 看 得 更 清楚 了 一点点 而已
1668805671,回复 : 至于 所谓 的 不 自觉 地 诡辩 这个 就 纯粹 是因为 菜 好 吧 逻辑 不清 的 咸鱼 比比皆是 这口 大锅 辩论 背不起 好 吧 辩论 的 目的 真 不是 为了 赢 目的 是 思考 是 思考 懂 了 吗
1668822797,回复 : 我 还 没事 往前 又 翻 了 一下 我 的 妈呀 我 怎么 不 觉得 我 锻炼 了 什么 技能 技巧 难道 你 以为 辩手 们 平时 都 在 练 的 是 他 要是 这样 攻击 你 你 就 说 这样 这样 这样的话 那么 他 就 会 很 丢人 了 他 要是 说 这件 事情 我们 就 不管 他 这个 没法 讲 我们 讲内个 他们 不聊 内个 没关系 我们 强行 聊 这种 东西 吗 重点 是 思考 啊 唉 我 好 累
1668862481,你 说 我 没 明白 你 的 意思 那 说明 你 也 没 明白 我 的 意思 你 从来 没说 过 违心 的话 不能 支持 你 未来 不会 说 违心 的话 我 只是 提出 这种 情况 如果 你 真的 遇到 了 你 会 怎么 做 而且 我 没 说 你们 都 在 诡辩 我 没 说 这么 绝对 我 依旧 只是 提出 了 这种 可能 我 也 没有 给 你们 扣帽子 你 不用 急 着 指责 我 如果 真 要 扣帽子 那 大家 都 有 我 也 有 不止 扣 你们 谢谢 我 的 逻辑 也 不是 你 不 认同 还 辩护 就是 诡辩 这么 简单 如果 这个 立场 的确 有 独到之处 可以 为 它 说 公道话 这 没错 也 不是 诡辩 我 说 的 是 你 不 认同 这个 立场 的 地方 你 还 为了 辩论 为了 赢 而 不择手段 才 是 诡辩 以及 不知 到底 认不 认同 这个 我 没有 提及 我 也 没有 像 你 说 的 这么 认为 然后 你 用 很多 个 为什么 来 反问 我 其实 并 没有 正面 回答 我来 解决 核心 的 冲突 而是 从 反问 的 角度 来 侧面 回答 试图 消磨 这种 冲突 以 暗示 等等 手法 试图 让 人 理解 你 认同 你 或许 你 会 说 这 就是 语言 的 艺术 就 像 苏轼 和 大师 对 诗 不会 直白 地 来回 而是 用 新 的 谜题 来 回答 对方 的 谜题 例子 当事人 可能 不 对 知道 意思 就 好 只要 谜底 是 一样 的 就行了 但 其实 这种 做法 并 没有 解决 核心 的 问题 而是 又 制造 了 新 的 问题 这 大概 也 是 没有 实践 实际 理论 基础 的 辩论 的 弊端 吧 正面 回答 从 某种 方面 讲 就是 在 示弱 承认 自己 的确 有 对方 说 的 问题 所以 不能 当面 回答 然后 你 后面 的 发散 对不起 我 没 这么 想 或许 照 你 说 的 一步 一步 对峙 的确 可能 这么 发展 但是 现在 我 并 没有 这么 想 我 承认 我 并 没有 想 这么 远 你 说 我 的 想法 后面 已经 有 很 严重 的 问题 只能 说 或许 因为 我 不 了解 所以 导致 了 认知 偏差 这 的确 有些 问题 但 绝对 不是 你 所说 的 严重 的 问题 你 觉得 严重 说明 你 完全 不 认同 我 所说 的 而 我 后 半 部分 大部分 都 说 无意识 不 自知 那 你 大概 是 不 同意 你 自己 无意识 不 自知 你 坚信 你 自己 立场 确定 逻辑 分明 但 这 正是 妨碍 你 认知 到 自己 有 可能 产生 了 无意识 不 自知 情况 的 绊脚石 我 在 没 发现自己 可能 出现 这种 情况 之前 我 也 坚信 自己 没错 但 我 抛弃 了 自己 完全 没错 的 想法 我 才 发现自己 其实 犯 了 这种 错误 这 就 像 到此为止 一样 你 必须 继续 在 已经 有 定论 的 地方 破除 自己 竖立 的 屏障 才能 发现 更 多 但 很 抱歉 在我看来 你 正是 犯 了 这 一点 而 不 自知
1668882343,还有 你 说 你们 不 打算 改变 自己 的 想法 而是 想要 理解 别人 的 想法 这种 说法 很 主观 客观 上 你们 不 可能 完全 不 接受 吸取 别人 的 想法 进行 融合 那么 实质 上 你们 的 想法 是 改变 了 的 只是 大方向 上 没有 偏差 罢了 不 自觉 地 诡辩 不是 因为 菜 你 会 觉得 因为 菜 说明 你 根本 不能 理解 这种 可怕 再 高超 的 大师 也 可能 犯 这个 错误 所以 才 说 它 可怕 辩论 的 目的 当然 不是 为了 赢 而是 为了 寻求 一个 共识 或者 发现 分歧 渐深 形成 矛盾 而 着手 解决 这个 矛盾 但 辩论赛 可 一定 为什么 有 不少 人 认为 辩论赛 只是 为了 辩而辩 不止 我 不止 他 只能 说 这种 情况 的确 出现 并且 不少 所谓 旁观者清 只是 你们 自己 没有 发现 罢了 最后 提 几个 你 自己 可能 也 没 发现 的 点 你 代表 的 是 谁 你们 又 代表 的 谁 前面 辩论赛 后面 辩论 两者 在你看来 可以 混淆 是 吗 这 大概 也 是 辩论赛 被 别人 说 含混 概念 的 原因 吧 身为 辩手 自己 也 没有 分清 概念 本质
1668883420,回复 : 原本 对 辩论赛 辩手 不是 很 熟悉 和 你 交谈 辩论 倒 是 让 我 发现 了 不少 辩手 的 优缺点 谢谢 认真 回复 从 你 身上 我 真的 学到了 不少
1668885281,回复 : 你 没 理解 我 只能 这么 说 这 就是 我 说 的 两个 频道 的 证明
1668953589,回复 : 我 真的 好累 我 没法 证明 一个 不可 证伪 的 命题 我 也 没法 叫醒 一个 装睡 的 人 我 在 回答 问题 也 非得 说 我 没 回答 从头 扣帽子 扣到 尾 也 还要 说 没有 说到底 你 已经 认定 了 这群人 就是 这样 我 怎么 解释 你 都 听不进去 的 还 问 我 一些 我 没 发现 的 点 咧 我 代表 的 自然 是 我 这样 的 辩手 啊 我 眼里 辩论 和 辩论赛 没 区别 啊 难道 我 平时 辩论 和 上场 打 比赛 还 能 是 不 一样 的 吗 为什么 我 渐渐 生气 我气 的 就是 有些 人 对 着 自己 不 了解 的 东西 大放厥词 我 更气 的 是 有些 人 自己 脑子 不 清醒 还 不 自知
1668966866,回复 : 多 说 几句 吧 比如 我 说 我 不 打算 改变 我 的 想法 你 说 不 对 你 肯定 多多少少 变 了 emmmm 这才 是 诡辩 好 吧 我 思考 他 的 立场 是 什么 凭 什么 能 说明 我 的 立场 被 改变 啊 我 说 诡辩 是 逻辑 太菜 你 说 不是 你 这样 说 是因为 你 不 懂 emmmm 你 这个 说法 就 无敌 因为 逻辑 上 不可 证伪 这才 叫 诡辩 好 吧 先天 把 辩论 和 辩论赛 对立 起来 的 恰巧 就是 你们 我 说 我们 的 重点 是 思考 你 说 不是 你们 是 为了 赢 我 就 emmmm 你 牛 B 我 还 能 说 什么 至于 有没有 人 为了 赢 比赛 而 诡辩 呢 关 我 屁事 反正 我 没有
1668970240,回复 : 再 强调 一遍 我 从没 回避 任何 一个 问题 别 扣帽子 我 的 回答 你 看 不 进去 别说 我 没 回答
1669426702,涨 知识 来 学习
1669467042,回复 : up 主 的 意思 是 我 拿到 一个 辩题 我 可能 一 开始 会 不 认同 是 基于 自身 的 思维 但是 随着 对 辩题 的 深入 会 发现自己 自己 有些 认识 片面 或者 忽视 了 某个 角度 这个 时候 再 重新 审视 辩题 也许 就 比 最初 的 时候 更 认可 一些 了 毕竟 学无止境 自己 的 思维 不 总是 正确 或者 完善 从不 认同 的 观点 里 也 可以 发现 新 的 不 一样 的 角度 看法 这 就是 辩论 带给 up 主 的 意义 不 知道 理解 得到 不 到位
1669473324,回复 : up 主 的 意思 是 我 拿到 一个 辩题 我 可能 一 开始 会 不 认同 是 基于 自身 的 思维 但是 随着 对 辩题 的 深入 会 发现自己 自己 有些 认识 片面 或者 忽视 了 某个 角度 这个 时候 再 重新 审视 辩题 也许 就 比 最初 的 时候 更 认可 一些 了 毕竟 学无止境 自己 的 思维 不 总是 正确 或者 完善 从不 认同 的 观点 里 也 可以 发现 新 的 不 一样 的 角度 看法 这 就是 辩论 带给 up 主 的 意义 不 知道 理解 得到 不 到位 所以 确实 你们 可能 都 不 在 一个 频道 但 如果 你们 想要 继续 深入探讨 下去 总 有人 要试 着 切换 自己 的 频道 去 从 对方 频道 思考 不是 吗
1669627780,回复 : 理解 基本 到位 的 不怎么 接触 辩论 的 人 看到 一个 辩题 的 感觉 是 这 我 肯定 支持 正方 而 不会 去 深入 思考 我们 看到 一个 辩题 的 感觉 是 这个 反方 有点 难 打 啊 角度 太难 找 了 然后 努力 理解 反方 的 立场 并 证明 其 合理性 所以 重点 是 思考 啊
1671575959,可以 确定 根本 不 在 一个 频道 了 没 必要 再 争论 下去 了 你 说 你 累 我 也 觉得 挺累 的 对牛弹琴 不过如此 没有 说 你 是 牛 的 意思 如果 有 从 你 的 角度 我 也 是 牛 不必要 再 抓 着 这点 不 放 然后 在你看来 辩论 和 辩论赛 是 一样 的 在我看来 不是 所以 这 大概 也 是 根本 上 的 冲突 另外 建议 你 一点 不必 总 把 自己 放在 制高点 上 批判 别人 一副 众人皆醉 我 独醒 的 样子 这样 很拉 仇恨 我 不会 跟 你 计较 不 代表 别人 不 跟 你 计较 总之 还是 要 谦虚 吧 这点 你 也 没有 特别 完美 就算 不 认同 对方 的 看法 也 请 尊重 对方 的 立场 综上 我 总算 知道 为什么 彼此 矛盾 不可 调和 根本 说服 不了 对方 因为 本身 立场 基础 就是 不 一样 的 而 彼此 又 不 可能 改变 自己 坚信 的 所以 根本 无话 可谈 只能 分道扬镳 不管怎样 感谢 你 的 认真 回复 希望 你 在 你 坚信 的 路上 加油 得到 你 想得到 的 结果 也 给 看客 带来 完美 的 思想 视觉 盛宴 我 虽然 不 认同 辩论赛 的 某些 方面 但 总体 辩论赛 还是 可 观赏 可 学习 的 也 有赖于 你们 这 类 优秀 的 辩手 的 努力 加油 呀
1671598436,我 知道 他 大概 的 意思 但 从 我 对 他 发言 内容 的 理解 来看 就是 有 破绽 的 然后 你 也 说 这 是 辩论 带给 他 的 意义 而 非 辩论赛 带给 他 的 意义 在我看来 就是 承认 了 他 本身 立场 也 不 坚定 也许 你 也 认为 辩论 和 辩论赛 没什么 区别 可以 混用 但 我 不 这么 认为 所以 造就 了 彼此 不可 调和 根本 不能 说服 对方 至于 改变 频道 试图 理解 对方 大概 是 不 可能 了 思考 的 出发点 基础 本质 上 是 对立 的 他 不 可能 为 我 改变 他 的 基础 我 也 不 可能 为 他 改变 我 的 基础 但 不同 的 思想 才 造就 了 丰富多彩 的 世界 辩手 都 像 他 这么 想 才能 把 辩论赛 发扬光大 emmm 没话 了 你 也 加油 啊 愿意 关注 这些 又 长 又 无聊 的 对 辩 说明 你 也 喜欢 思考 这是 好事 希望 你 能 从 我们 的 对 辩中 切实 学到 什么 这样 我们 无果 的 对 辩 好歹 还 有点 用处
1671618352,回复 : 刚才 忘 了 艾特往 上 看 谢谢
1672015752,回复 : 哈哈 嗯 我 刚 高考 完 就 有 时间 逛 B 站 了 然后 我 也 确实 很 喜欢 围观 很 有意思 的 对 辩 可以 学到 很多 以前 不 知道 的 事物 我 大概 理解 你 的 意思 了 谢谢 回复
1672063463,回复 : 哈哈 不 客气 恭喜 度过 高考 成为 新 阶段 的 初学者 这个 阶段 和 之前 的 都 不 太 一样 哦 好好 加油 呀
1672209413,回复 : 嗯 嗯 谢谢 正在 B 站 看 各种 必备 视频 做 准备
1677928672,不 斑马 既 不是 黑 也 不是 白是 黑白 的 为什么 要 把 简单 的 问题 弄 的 这么 复杂 还有 觉得 哲学 这门 学科 是 最 没用 的 哲学 是 为了 寻找 真理 但 或许 这个 世界 上 根本 就 没有 所谓 的 真理 我们 所 认为 的 真理 就 真的 一定 是 对 的 吗 因为 世间 没有 绝对 的 对错 没有 绝对 的 善恶 就 连 达尔文 进化论 现在 都 不 成立 了 还有 宇宙 大 爆炸 真的 是 大 爆炸 形成 的 宇宙 吗 谁 也 没有 亲眼看到 或许 再 等 几百年 这种 言论 又 会 被 推翻 因为 这个 世界 甚至 宇宙 本身 就是 混沌 的 我 觉得 有些 问题 直到 人类 灭绝 都 不会 搞清楚 也许 混沌 就是 宇宙 的 本态 这个 世界 上 有没有 神仙 妖魔 如果 没有 那 又 是 谁 创造 了 这些 东西 所以 人类 目前 的 所有 认知 都 是 人类 自己 创造 出来 谁又能 说 的 清越 想越 混乱 有些 问题 永远 不会 被 揭开 所以 目前 我们 所 认知 的 都 不是 绝对 的 也许 永远 都 没有 绝对 这一说 太 深奥 了 啊 ~ ~ 我要 晕 了
1682430586,6666
1702858740,辩论赛 是 比赛 不是 严谨 的 对 世界 真理 和 真相 的 探讨 比赛 有 技巧 有 评判 就 像 拳击 比赛 不是 为了 打死 打残 对面 而是 计算 有效 击打 来算分 辩论赛 正 需要 一个 模棱两可 的 议题 给 辩论 双方 表演 辩论 的 技巧 然后 评委 以此 来 打分 至于 哪边 说 的 是 世界 真理 全场 人 都 知道 在 这个 场子 里 两边 都 是 抬杠 比 打帆 挣得 多 根本 无谓 哪边 说 的 是 对 的 就是 在 斗 蛐蛐
1704838575,我 觉得 辩论 没什么 意思 根据 毛泽东 矛盾论 感性认识 后 分析 现象 可以 得到 合乎逻辑 的 结论 因此 辩论 双方 都 停留 在 感性认识 双方 的 观点 都 是 主观 的 没有 分析 辩论 内在 的 矛盾性 你 辩论 能力 再 厉害 逻辑 再 好 再 能 列举 例子 那 都 是 主观 的 片面 的 并 没有 涉及 本质 问题 列宁 关于 辩证法 问题 现象 不能 得到 客观真理 很 好 说明 了 这 一点 那么 怎么办 呢 统一 才 是 真理 ------ 黑格尔 黑格尔 的 唯心 辩证法 足以 说明 这个 问题 甚至 不 需要 用到 马克思主义 事实上 辩证 双方 没有 绝对 的 对 与 错 但 他们 列举 的 现象 反映 的 片面 观点 的 总和 是 有关 辩论 主题 的 相对真理 因此 辩论赛 不过 就是 给 双方 各开 一个 主题 相反 的 演讲比赛 罢了 拼 的 是 口才 而 不是 对错 这种 思想斗争 停留 在 黑格尔 之前 的 哲学 世界 现在 马克思 已经 提出 了 一个 发展 的 真理 可悲 的 是 这种 低级 的 斗争 又 出现 在 当今社会 了 为 辩论 解释 的 人 无非 就是 否认 辩证法 对 矛盾 两个 方面 的 分析 而 以 一句 这是 统一 的 结束 问题 列宁 认为 资本论 从 商品交换 开始 揭示 了 资本主义 社会 的 一切 矛盾 使用 的 是 最 基本 的 辩证法 分析 手段 充斥 着 辩证法 原则 的 资本论 呢 这 难道 是 以 两句话 无产阶级 与 资产阶级 是 矛盾 的 生产力 与 生产关系 的 矛盾 24 个 字 写 完 的 吗 真正 的 辩证法 过程 不 知道 比 现在 所谓 的 辩论 复杂 多少 辩证法 对 每 一个 方面 的 分析 都 要 与 对方 相结合 而 辩论 只是 完全 将 他们 孤立 罢了 事实上 为了 赢得 辩论 欲 抑先扬 反面 论证 不过 是 一种 手段 根本 就 没有 平等 地 对待 另 一个 毛盾 方面 事实上 辩论 才 无法 进行 更 深层次 的 思考 不用说 了 矛盾论 里 认为 马克思 辩证唯物主义 之所以 能 称为 相对真理 是因为 它 是 发展 的 到此为止 果然 是 强调 发展 的 辩证法 吗
1704882968,否认 辩证法 资本论 的 深入 思考 真是 恬不知耻 真有 本事 怎么 不 想想 马克思 的 贡献 呢 现在 资本主义 国家 工人 的 工作 时间 马克思 有没有 做出 贡献 呢 在 黑格尔 和 马克思 之前 哲学 界 理性主义 和 经验主义 的 辩论 内斗中 是 谁 是 什么 思想 的 深入 思考 让 无产阶级 抬起 头 呢 我 觉得 否认 辩证法 的 形而上学 者 应该 先 感谢 辩证法 深入 思考 的 贡献 然后 辩论 双方 只是 得出 合乎逻辑 的 结论 这 诚然 是 不 理性 的 这能 是 深入 思考
1704897735,回复 : 大家 别 和 up 争 啦 感性认识 得出 的 合乎逻辑 的 结论 是 肯定 的 不 涉及 本质 是 它 的 最大 问题 但是 up 明明 就是 把 合乎逻辑 当做 全面 的 客观 的 了 因此 大家 是 无法 说服 他 的 洗洗 睡 好 了 资本家 中不缺 形而上学 的 思想
1706500783,回复 : 从头到尾 都 在 用 他人 理论 说明 观点 殊不知 他人 理论 也 是 思考 的 产物 而 非 真理 而且 要 真是 用 他人 理论 就算 了 张口 马克思 闭口 资本论 生怕 别人 不 知道 你 只 翻过 这 几本 再者说 了 你 这 说 的 也 不 对 啊 马哲 的 辩证 和 观点 的 辩证 和 辩论 和 讨论 这 几个 混在 一起 说 不 觉得 显得 你 很 蠢 吗 你 这 就是 否认 辩证法 否认 深入 思考 只 讨论 现象 不 讨论 本质 有 什么 用 感性认识 肯定 能 得出 合 逻辑 的 结论 哪句 话 跟 这篇 周帅 的 博文 有关 你 这 帽子 真 TM 能扣 啊 张口 就 来 要脸 不要
1706498734,回复 : 我 补充 一句 这 博文 的 作者 我 写 得 明明白白 周玄毅 武汉大学 哲学系 教授 你 怎么 会 好意思 在 这儿 卖弄 你 那 半桶水 装 B 被 人 抽 巴掌 的 感觉 舒服 吗
1715981314,回复 : 谁 以马 哲为 武器 一口 一个 辩证法 如何 如何 的 是 谁 这 不是 自己 抽 自己 脸 自己 张口 闭口 辩证法 现在 又 来 一句 辩证法 谬误 层出不穷 哇 是不是 只要 你 写 出来 的 就是 对 的 其他 的 全是 谬误 真能 随便 写 论文 你 有 本事 报 名字 让 我 上 知网 瞻仰 一下 嘛 还 写 论文 呢 自己 上 来说 一堆 主观臆断 结果 一句 论证 都 没有 哪来 的 感性 认知 得出 逻辑 结论 的 说法 还有 啊 辩证法 用来 分析 事物 不是 用来 得出结论 哇 好 装 逼 的话 啊 分析 了 但是 不 得出结论 呢 就 像是 我 吃 一口 饭 但 我 没 吃饭 一样 深奥 呢 能 不能 别 再说 一些 自相矛盾 的话 了 这样 真的 很 丢人
1715978412,辩论 的 诡辩 果然 难以 对抗 叔本华 说得对 只有 强硬 和 暴力 是 最 有力 的 武器 这 让 真理 盖上 烟霾 唉 既然 我 那么 认真 地 看 你 写 的 评论 你 却 断章取义 就 像 这个 视频 贪 下面 也 有 一个 贝 所以 是 贪钱 啊 一样 谁 能 反驳 既然 你 那么 想 看 论文 给 我 三个 月 吧 辩证法 可不 像 辩 gui 论 bian 想到 什么 就 说 什么
1715983960,回复 : 哟 哟 哟 上来 就 诡辩 难以 对抗 呢 直接 一个 帽子 扣上来 我接 不了 呢 搞 明白 啊 你 才 是 那个 胡说 一气 一句 论证 都 没有 的 人 说 辩证 有用 的 是 你 说 辩证 有错 的 也 是 你 敢情 你 觉得 对 的 就 对 了 呗 主观唯心 可 还行 用于 分析 不 用于 得出结论 是 怎么 做到 的 还 请 演示 下 呗 我 想 看 论文 您 还 得 现写 呢 敢情 您 没发 过文 啊 您 这 口气 我 还 以为 您 已经 是 中国 哲学 领军人物 了 呢 上来 就 诡辩 诡辩 你 懂 什么 叫 诡辩 吗 喔 你 还 真 懂 你 这些 话 可不 就 一直 诡辩 吗 来 啊 有 本事 正面 回答 问题 啊 小 傻 X 别装 逼装 不 下去 了 就 土遁 啊 多 丢人 啊
1715995647,还有 观点 的 辩证 与 辩证法 有 区别 辩证法 分析 事物 而 不 得出结论 请 去 看看 恩格斯 的 反 社林论 和 自然辩证法 我 几时 说 过 我 说 的 都 是 对 的 了 我 只不过 是 在外 在 环境 符合 的 条件 下 阐述 马克思主义 的 理论 罢了 其余 的 我 自己 说 的话 可以 理解 为 脱离实际 的 我 这种 话 很少 这 让 你 觉得 我 都 没有 自己 的 想法 和 我 的 论证 但是 我 的 想法 值得 说 出来 么 它 不 一定 是 正确 的 因为 它 并 没有 得到 实践 的 证明 但 你 好像 更 喜欢 看 这种 东西 然而 你 却 在 不停 地用 脱离 实践 的 观点 来 嘲讽 我 没有 论证 诚然 你 想 脱离实际 地 与 我 讨论 那 我 觉得 这 除了 在 思考 上 存在 意义 外 不足以 推倒 诡辩 的 理论 但 这么 来看 诡辩 的 脱离实际 已经 不 推自倒 了
1715995867,回复 : 对 了 贪字 的 那个 例子 很 容易 反驳 你 是 脑残 吗 某种 语言 的 构字 规则 跟 客观事物 间 的 联系 有个 毛 的 必然联系 所以 啊 多 读书
1715995900,回复 : 我 没有 说 辩证 有错 啊 回去 认真 看看
1715990959,回复 : 然后 他 怎么 反驳 员下 有 个 贝 但 你 是 贪钱 的 吗 唔 这 叫做 论证 啊
1715984959,回复 : 你 回去 认真 看看 你 自己 怎么 评价 周玄毅 的 不 就 完 了 吗 别人 说 辩证 如何 你 就 说 有 谬误 很 正常 现在 反过来 不要脸 了 概括 一下 你 的 某些 话 就是 我 也 没 说 我 说 的 是 对 的 啊 我 就 说 说 怎么 了 你 看 你 逻辑 又 出 问题 了 我 骂 的 就是 你 这些 话 自相矛盾 逻辑 不通 狗屁 不是 这 当然 有 影响 啰
1715991830,构字 规则 既然 与 客观事实 没有 必然联系 那么 这是 脱离实际 的 是 辩论 者 制造 的 虚假 联系 这 不是 诡辩 吗 这种 或 类似 的 诡辩 充斥 着 辩论 过程 你 那么 赞成 视频 中 的 辩论 说 其 为 深入 思考 不 就是 赞成 诡辩 嘛
1715992031,回复 : 另外 我 说 一下 张口 闭口 马克思 的 你 可能 忘 了 哲学 是 系统化 理论化 的 世界观 是 看待 世界 的 角度 跟 逻辑学 有 本质 上 的 区别 别 随便 读 了 几本书 就 在 这 卖弄 讲些 自相矛盾 的话 我 再 提 一下 回答 一下 怎么 才能 用来 分析 但 不 得出结论 再说 一下 之前 都 发 了 些 什么 文 别逃 问题 啊
1715997708,回复 : 我 对 我 给 周玄毅 的 评价 表示 很 抱歉 我 现在 才 发现 那段 是 你 写 的
1716000574,回复 : 我 什么 时候 说 过 我 赞成 视频 中 的 辩论 了 没 看到 正方 都 输 了 吗 你 脑子里 都 是 黄瓜 吗
1715992355,回复 : 没有 也 你 赞成 的 是 辩论 对 矛盾 对立性 的 深入 思考
1716000842,回复 : 回答 问题 怎么样 用来 分析 但 不 得出结论 说 说 之前 都 随便 写 了 些 什么 论文 说 啊
1715992592,回复 : 观点 的 自相矛盾 恳请 一条 一条 列出来
1716001012,回复 : 呵呵 哪有 我 写 的 两段 都 是 周玄毅 写 的 你 可能 要 再 向 两个 人 道 一下 歉
1715998876,回复 : 你 既然 说马 哲有 问题 你 为什么 又 用 马哲来 论证 观点 为什么 别人 评价 辩证 就是 很 可能 是 谬误 但 你 就 不是 怎样才能 用来 分析 但 不 得出结论 你 又 说 论文 随便 写 为什么 都 没有 发过 文 一个个 回答 啊
1715993247,回复 : 我 承认 我 说错 了 重新 说 一遍 辩证法 的 核心 是 分析 事物 内在 的 矛盾性 我 写 的 论文 不足挂齿 我 只是 想 说明 辩证法 的 分析 过程 很 复杂 这 并 不能 说明 我 的 论文 分析 过程 是否 将 辩证法 的 深层次 理解 更好 地 表现 出来
1715993429,回复 : 我 并 没有 说马 哲有 问题 只是 大家 普遍 抛弃 它 以后 谬误 思想 兴风作浪 罢了
1715993571,回复 : 既然 你 的 论文 都 等于 没有 你 有 什么 立场 怼 人家 武大 哲学 教授 之前 还 说 我 觉得 最近 马哲 都 没什么 发展 现在 怎么 又 谦虚 了 呀 另外 另 的 问题 还 没 回答 呢 别逃 乛 乛
1715999949,回复 : 呵呵 那 你 为什么 就 不能 看看 人家 博文 里 说 的 辩证 的 到此为止 是 指 辩证 关注 事物 的 两面性 而 我们 大 可以 针对 其中 一面 深入 思考 博文 不看 懂 就 瞎 装 逼
1716002125,唔 并 不是 我 现在 谦虚 或许 之前 我 的 骑士 荣誉 发作 了 吧 你 把 我 夸太大 了 我 还是 有 自知之明 的 我 并非 是 攻击 周玄毅 这个 人 不过 是 对 其 观点 进行 攻击 而 你 一直 提 教授 教授 是 什么 意思 马克思 年轻 时 没 攻击 过 黑格尔 的 观点 吗
1715994166,回复 : 你 看 又 回来 了 呢 谬误 兴风作浪 呢 你 说 的 就 不 谬误 不 兴风作浪 别人 说 的 就是 还 没 发现自己 问题 呢 累不累 丢 不 丢人
1715994278,回复 : 还有 呢 快点 演示 一下 怎么样 用来 分析 但 不 得出结论 张口 就 来 谁 不会 乛 乛
1716005607,回复 : 我 看 懂 了 因此 我 早已 提出 辩论 对 其中 任何一方 的 深入分析 都 是 孤立 对方 观点 的 只 分析 了 矛盾 的 对立性 而 辩证法 中 还有 对 矛盾 统一性 同一性 普遍性 特殊性 斗争性 的 分析 因此 我 早先 说 了 辩证法 的 深入 思考 不仅 针对 双方 还 比 辩论 深得 多
1715994544,回复 : 问题 你 攻击 观点 了 当 我 傻 上来 就 我 不 认识 这 B 他 说 的 这货 出错 很 正常 这 叫 攻击 观点 你 有没有 脑子 我 为什么 说 他 是 教授 因为 你 心里 没 B 数 啊
1716005979,请 认真 看 完 我 所有 的 评论 吧 我 没有 逃 过 一个 问题 但 希望 你 不要 再 断章取义
1716006018,回复 : 你 是 真 没 看 懂 真的
1716006121,回复 : 还有 问题 没 回答 呢 明早 我 起来 看 啊 别逃 啊 丢人 就要 丢 到底 嘛
1716006311,回复 : 我 看 完 了 所以 要 怎么样 才能 用来 分析 但 不 用来 得出结论 回答 啊
1716006340,回复 : 出错 很 正常 的 理由 是 我 不 认识 他 我 不过 是 想 说明 几乎 没有 什么 人 的 理论 在 生前 能 被 实践 验证 我 说 的 出错 正常 的 理由 不是 理论 没有 经过 实践 检验 吗
1716006412,回复 : 请 指教 一二
1716006504,回复 : 博文 也 没 看 懂 话 也 说不清 装逼 也 收 不 回来 至今 还 在 说 自相矛盾 的话 来 嘛 一个个 解释 嘛
1716003165,回复 : 那 我 不是 重新 说明 了 吗 分析 事物 内在 的 矛盾性 是 辩证法 的 核心 不是 全部 得出结论 并 不如 周玄毅 所说 的 那样 是 辩证法 的 唯一
1716010920,回复 : 一句 话 人家 周帅 从来 都 没 否认 过 辩证法 他 说 的 就是 对 真理 的 两面 进行 深入 思考 是 有 意义 的 你 可能 会 说 这 不是 辩证 问题 是 辩证 的 观点 往往 就 体现 为 一种 各打 五十 大板 的 状态 屁民们 知道 手持 这样 的 观点 就 能 立于不败之地 那 还 思考 个 屁 所以 强行 将 真理 一分为二 可以 倒逼 人们 深入 思考 而 不是 只 知道 用 辩证 这块 布去 遮掩 自己 贫乏 的 思维
1716011004,回复 : 好自为之
1716011829,回复 : 周玄毅 诚然 没有 理解 辩证法 他 认为 辩证法 在 持有 观点 后 就 不 需要 进行 深入 思考 了 但是 辩证法 的 核心 是 分析 事物 内在 的 矛盾性 得出结论 是 辩证法 的 起点 同时 也 是 终点 这是 周玄毅 的 观点 他 承认 辩证法 是因为 这个 结论 的 正确 辩证法 的 思考 深度 真的 不如 辩论 吗 至少 我 没有 在 任何 一篇 出名 的 辩证法 文章 里 看过 贝 字旁 是 贪钱 等等 论证 恩格斯 的 自然辩证法 马克思 的 资本论 这些 都 是 出名 的 辩证法 文章 那么 究竟 是 谁 的 思考 更深 我 想 问 你 这个 问题
1716397597,回复 : 不 在 吗 把 最后 一个 问题 回答 了 吧
1716633016,回复 : 你 这 是 唯心主义 论 啊
1717332339,回复 : 你 的 问题 的 基础 是 错 的 周玄毅 没有 否定 过 辩证法 我 再说 一遍 对于 我们 而言 辩证 的 观点 我们 也 会 去 深挖 这是 习惯 而 咸鱼 们 手持 辩证 的 观点 的话 他们 是 不会 深入 思考 的 所以 强行 将 真理 一分为二 逼迫 人们 去 思考 这 两面 各自 成立 的 原因 就是 所谓 偏执 的 意义 我 已经 第二遍 说 了 你 再 不 懂 我 就 真 没 办法 了
1717347235,回复 : 至于 你 让 我 回答 的 问题 我 笑死 视频 里 的 辩论 是 2001 年 打 的 里面 几个 都 还是 学生 周帅 的 博文 是 十多年 后写 的 这 两者 有个 毛 的 关系 有 脑子 吗 我 说 过 视频 里 的 内容 全都 是 真理 拿 视频 里 的 大学 辩论赛 内容 扯 上 马克思 的 辩证 然后 再 把 锅 甩 到 人家 周玄毅 的 博文 上 就 你 这 脑子 你 确定 你 学历 有 本科 真的 是 瞎 读 两本 马哲 把 脑子 读 成 狗屎 了 吧
1718069446,骑士 荣誉 者 好 啦 好 啦 算 我 是 世界 上 最 愚蠢 最 狗屎 的 人 吧 跟 骑士 荣誉 者 说话 真是 难受 动不动 就 被 骂
1718282487,回复 : 不是 很 懂 辩论 但是 我 认为 也 没有 说 这个 辩题 有 多么 偏向 反方 啊 就 反方 例子 来说 强奸 不是 钱 导致 的 可是 强奸 者 的 心里 扭曲 可能 是因为 家庭 原因 可能 因为 从小 背 父母 训斥 父母 因为 工作 不顺 而 生气 上司 因为 工作 完成 不好 训斥 父母 又 因为 工作 完成 不好 会 影响 钱 的 收入 这 不是 钱 间接 导致 了 他 强奸 么 钱 的 导向 不是 他 最终 行恶 的 源头 么
1718950474,大赞
1721234937,不明 觉厉
1723982289,回复 : 以偏概全
1731302531,这可真 厉害 打 了 两年 的 辩 不论是 up 主 还是 和 up 主辩 的 都 很 强 我 是 肯定 比 不过 的 我 就是 一 爱看 小说 爱 玩游戏 成绩 也 不怎么 好 的 普通 大学生 但 看到 这时 长 跨度 两年 之久 的 辩论 真是 钦佩 向往 的 同时 也 忍不住 发 几句 自己 幼稚 的 想法 受到 一本 网络小说 的 一些 影响 我 个人 觉得 吧 在 大 尺度 的 人类 进程 中 一百个 优秀 的 辩手 也 比不上 一个 优秀 的 科学家 一千 场 精彩绝伦 的 辩论 也 比不上 一个 有 实际 用处 的 创造 我 曾 在 哪里 呢 看到 过 这样 的 一个 场景 ( 非 现实 ) 一边 是 一场 大型 辩论赛 台上 选手 每个 人 都 妙语连珠 词藻 华丽 逻辑 清晰 思维 迅捷 各种 案例 信手 捏 来 各种 问题 一针见血 台下 更是 观众 繁多 时时 惊呼 感叹 时时 大喊 赞反 另一边 是 个 小 会议室 会议室 里 正在 进行 一场 科学技术 方面 的 讨论 一共 就 那么 几个 糟老头子 这 几个 老头 说话 都 不 太 清晰 有时候 说 几遍 对面 才能 听 清楚 他们 的 言语 更是 单调枯燥 拿 着 文件 反复 就 那么 几句话 可是 在我看来 那个 在 小 会议室 里 的 讨论 不知 要 比 在 华丽 舞台 上 的 辩论 精彩 多少倍 说白了 辩论 解决不了 什么 实际 问题 再 好 的 辩论 也 不过 是 提升 了 辩手 个人 的 素质 而 观众 去 看 百场 辩论 也 不及 去 上 一次 有 意义 的 课 辩手 辩论 真的 就是 为 辩 而 辩 别提 什么 扩展 视野 呀 加深 思考 呀 在 辩论 的 过程 中 提升 自我 啦 这 都 不过 是 维护 辩手 自身 优越感 的 说辞 而已 辩手 去 辩论 几乎 都 是 奔 着 让 自己 更 优秀 的 目的 去 的 不论是 别人 眼中 还是 自己 眼中 一场 无论 多么 精彩 的 辩论 结束 之后 其 意义 何在 辩手 的 辩论 能力 更强 了 然后 呢 打下 一场 更 精彩 的 辩论 其于 社会 无 甚 实际意义 我敢 说 就 上面 那场 辩论 绝 没有 一个 叫蕾姆 的 动漫 角色 影响 大 ( 不知 多少 国家 多少 宅 男爱上 了 这个 角色 由 这个 角色 所 引起 的 二次 创造 三次 创造 不知 多少 有关 蕾 姆 的 商品 也 创造 了 不少 的 交易 更是 不知 有 多少 人 因为 蕾 姆 产生 了 认知 上 的 变化 ) 在我看来 辩论 就是 一种 特殊 的 表演 时间 太晚 了 我 要 睡 了 其它 的 就 不 多 说 了
1741738252,其实 正方 辩手 还是 很强 可惜 反方 占理 但 也 没 占 多少 就是 要种 差不多 很 微妙 的 关系 还 能 做到 对 双方 平衡 公平 所以 人们 时常 认为 没有 什么 意义 实质 上 辩论 还有 更 深层次 的 意义 就是 看 人们 能 不能 发掘出来 了
1756790207,五彩斑斓 的 黑
1761765818,因为 钱 是 一般 等价物 啊 亲
1778385870,我 觉得 二位 以上 对话 也 算 得 上 辩论 了 不禁 想起 自己 所学 的 唯物辩证法 里 对 矛盾 的 定义 学好 哲学 终生 受益 谢谢 !
1813176388,果然 是 搞 辩论 的 人
1820848503,回复 : 后天 训练 也 很 重要
1831905958,周帅 是 那个 新东方 的 周帅 嘛
1836733757,我 觉得 普通人 看看 也 会 有 收获 虽然 不 知道 收获 了 什么
1846566075,简而言之 你 流量 好多
1858806458,我 感觉 正方 是 真的 厉害 正方 在 一 开始 就 把 仅 有 的 一点点 优势 全部 抓 在 手里 在 第一 环节 全程 牵着 对方 鼻子走 反方 缺 一直 没有 导入 万恶之源 到底 是 什么 的 概念 & lt ; 我 感觉 这是 一击必杀 的 点 只要 证明 了 某个 东西 是 万恶之源 那钱 就 不 可能 是 万恶之源 或者 导入 一个 概念 既然 万恶之源 是 钱 那么 这个 万恶之源 有 什么 用 呢 究竟 是 什么 让 钱 成为 万恶之源 呢 没错 是 欲望 欲望 吞噬 着 人们 的 灵魂 把 钱 变成 了 万恶之源 那么 钱 在 欲望 面前 还是 万恶之源 吗 & gt ; 导致 正方 的 辩论 很 精彩 看着 好像 优势 很大 的 样子
1859678273,回复 : 某个 深夜 看 完 了 这 一层楼 抛开 与 up 主 辩论 的 人 和 其他 诸多 辩题 但是 吧 我 个人 觉得 最 开始 up 主与 第一位 用户 辩论 的 时候 总是 不 自觉 的 把 话题 引向 辩论 者 自身 的 水平 上去 用 了 诸多 反问句 重复 句 话题 不乏 充斥 着 对 辩论 员 自身 素质 的 怀疑 到 后来 与 楚越 小姐姐 辩论 也 是 把 自己 摆在 高处 与 别人 对话 诚然 相信 自己 的 观点 认为 自己 的 观点 是 对 的 这 是 一种 非常 自信 的 行为 自信 也 是 一项 优秀 的 品质 但 为什么 与 别人 对话 的 时候 要 把 自信 夸张 化 就 像 让 别人 站 在 一个 土坑 里 与 自己 对话 眉宇 间 尽 是 俯视 到 了 最后 与 人 辩论 的 时候 更是 直接 人身攻击 可是 他人 回复 并 没有 充斥 着 这种 高傲 的 态度 蠢 张嘴 就 来 这个 b 诸多 脏话 种种 字眼 充斥 在 您 的 回复 中 您 的 回复 有 许多 金玉良言 但是 正如 珍珠 掩盖 在 脏话 的 沙粒 中 而 不 自现 其中 潜藏 的 道理 也 因为 这些 脏话 而令 我 难以 思考 难以 入目 在 浏览 时 也 使 我 不 自觉 地 把 自己 还 在 了 您 的 对立面 窃以为 这种 态度 真心 不 可取 别人 的 辩论 没有 出现 粗鄙 字眼 可是 在 您 的 回复 中 他们 却 屡屡 出现 您 说 读书 多少 与 人 的 素质 有 关系 可是 我仅 从 您 的 回复 中 真的 看不到 很 高 的 素质 这 并 不是 说 您 本身 的 素质 不好 我 只是 在 陈述 您 的 回复 带给 我 的 直观 感受 最后 我 只是 在 小小 地 提出 我 的 建议 望 采纳 可能 有些 语句 您 不尽 同意 望 见谅
1875289909,"回复 : 个人 来说 很 喜欢 你 的 观点 我 也 是 这么 想 的 但是 我 还是 得 说 辩论 是 一种 很 有用 的 技巧 和 艺术 古时候 的 说客 能以 口才 行天下 更是 做出 了 不少 有大用 的 贡献 { 对 当时 他们 的 国家 } 比较 有名 的 是 郦食其 一 张嘴 取齐 七十二 城 秦商鞅 变法 舌战群儒 , 蔺相如 也 是 名士 我 感觉 古时候 的 辩论 和 现在 娱乐性 的 辩论 大大 不同 了 啊"
1887879417,看 完 评论 感觉 b 站 有些 大神 很 厉害 嘛 打字 可 和 现场 辩论 不同 哦 服 了 多 读点 书 看 多 几场 辩论 就 以为 自己 超神 了 真正 的 读书人 是 谦卑 而 虚心 的 不是 像 小朋友 一样 去 杠 高手 辩论 的 功夫 是 读读书 就 成 的 吗 团队 协作 现场 反应 还有 那么 多 技巧 可不是 一年 就 磨成 的 的 哦 有 时间 在 这里 反驳 up 还 不如 多读 点书 考去 这些 辩手 的 学校 跟 他们 一争 高低 吧
1887886777,回复 : 只 针对 个别 蜜汁 自信 用户 不 包括 抱 有 求知欲 的 纠正 up 的 用户
1910344542,回复 : 最后 那句 真是 说 到 心里 了 现在 辩论 真的 就是 一种 娱乐 表演 形式 与 古时 大大 不同 了
1910826954,这 层楼 有 丶 意思 讨论 失去 了 文明 的 界限 就 变成 了 骂街 有 的 人 不仅 是 不会 辩论 是 根本 不会 说话
1911016673,回复 : 我 觉得 您 的 态度 很 好 我 应该 向 您 学习 我 承认 某种意义 上 我 是 一个 很 容易 被 激怒 的 人 尤其 是 我 觉得 别人 脑子 拎不清 还 不 自知 的 时候 这 可以 算是 个 缺点 但是 我 不 打算 改如 你 所见 我会 对 应该 尊重 的 人 保持 礼貌 但是 我 真的 没 办法 给 智障 们 同样 的 待遇
1911035181,回复 : 至于 你 说 的 摆在 高处 我 反而 觉得 他们 这样 看轻 曲解 甚至 是 污蔑 我 曾经 最 看重 的 一件 事情 才 是 把 我 踩 在 低处
1911778916,回复 : 事物 总有 两面性 坚持 自己 也 总 还是 好 的
1917447577,回复 : 谢谢 看 了 观点 很 有 启发
1935874707,最近 学校 要 准备 辩论 之类 的 东西 我 才 撇 了 这些 辩论赛 很 精彩 很 精彩 很 精彩 受益匪浅 底下 几位 的 评论 也 很 精彩
1941258823,以下 回复 仅作 感想 ) 1 . 周玄毅 教授 的 博文 体现 的 是 人 对 所 追求 之物 的 辩护 和 解释 不 具有 客观性 和 普遍性 针对 的 是 部分 热爱 辩论 的 群体 因此 对 大多数 人 而言 是 不能 苟同 的 &# 34 ; 斑马 黑白 &# 34 ; 这 一个 举例 我恰 以为 是 辩论 给 人 带来 的 改变 最 经典 的 体现 对 所有 辩题 而言 尽管 质量 参差不齐 但 也 绝不会 出现 &# 34 ; 斑马 黑白 &# 34 ; 这样 没有 实际意义 的 问题 之所以 博文 提到 是 出于 不 自觉 的 辩护 自身 立场 的 同时 试图 说服 读者 其 采用 的 手段 就是 最 常见 的 &# 34 ; 极端化 &# 34 ; 因此 辩论 对 人 的 影响 并 不 完全 是 积极 而 有益 的 在 对抗 的 过程 中 辩手 们 会 不 自觉 的 学会 张狂 的 表现 观点 学会 过分 的 自尊 学会 对 反对 意见 的 敏感 学会 激进 压迫 式 的 风格 中国 各派 哲学 中 我 最 喜欢 的 是 儒家 的 &# 34 ; 中庸 &# 34 ; 然而 辩论 的 形式 注定 它会 离 之 甚远 诚然 一个 辩题 并 不足以 改变 人 的 思想 但 数场 比赛 却 足以 改变 一个 人 的 习惯 让 人 一 受刺激 便 锋芒毕露
1941265766,回复 : 2 . 楼上 诸位 的 不 愉快 根本 上 是 由于 字里行间 流露 的 对 辩论 的 态度 之 不同 然而 如果 人会 因为 交流 过程 的 不顺 而 心生 怒火 实际上 正 昭示 了 我们 &# 34 ; 反求 诸心 &# 34 ; 的 修养 不足 辩论 就 如 一场 互相 说服 攻讦 的 竞争 只是 更加 逻辑 求证 悦耳 但 整体而言 这是 一个 外化 的 过程 我们 寻查 资料 撰写 辩稿 整理 逻辑 采取 应变 然而 在 针锋相对 之中 并 无 询问 内心 的 余地 这是 机制 使然 也 是 缺陷 所在 当 拿到 一个 辩题 充斥 脑海 的 就是 理论 逻辑 的 交锋 是 理性 的 看待 和 &# 34 ; 偏执 &# 34 ; 的 思维习惯 但 这样 就 湮灭 了 辩题 所 涉及 的 事物 之 实际意义 例如 &# 34 ; 人性本恶 还是 本恶 &# 34 ; &# 34 ; 金钱 是不是 万恶之源 &# 34 ; 这些 代表 的 不仅仅 是 一个 矛盾 综合体 也 是 一种 生活态度 而 对于 它们 的 思考 应该 是 切身 而 实际 的 辩论 却 把 它拉远 拉高 了
1941266008,回复 : 3 . 综上所述 我 想 说 的 是 辩论 带来 的 思考 形式 是 尖锐 而 激进 的 不同于 阅读 的 平和 与 圆润 因此 它 是 好坏 共存 的 ( 当然 其 本身 也 是 辩证 的 ) 小辩 怡情 无伤大雅 但 作为 发展 方向 私 以为 却 并 不 可取 另外 对比 周玄毅 本人 在 正赛 和 表演赛 中 的 表现 就 能够 鲜明 的 发现 不同 机制 对 思考 语言 模式 的 巨大 影响 教授 已然 变得 平和 许多 的 态度 便是 其 选择 的 最好 明证 最后 私 以为 辩证法 并 不 意味着 &# 34 ; 止步 于此 &# 34 ; 而是 出于 对 长此以往 的 规律 的 尊敬 保留 了 一定 转 圜 的 空间 在 &# 34 ; 正确 &# 34 ; 面前 止步 不是 一件 可耻 可惜 的 事情 却 反倒 是 可喜可贺 因为 我们 终于 在 规律 面前 学会 了 谦卑 就 像 如今 科技 的 突飞猛进 所 带来 的 不 确定 和 预测 的 不详 前景 也许 正是 提醒 我们 需要 放缓 脚步 在场 危险 的 游戏 中 保持平衡
1947975408,斑马 是 黑 是 白 这个 问题 本身 就是 有 歧义 的 如果 仅仅 针对 字面 意思 那 这个 问题 最终 结果 就是 既 黑 又 白 那 如果 这个 问题 其实 隐去 了 时间 要素 它 问 的 其实 是 斑马 的 进化史 中 原本 是 什么 颜色 后来 加 了 什么 条纹 变成 现在 这个 样子 那 对于 这个 问题 的 最终 结果 也 就是 真理 那 就是 先是 黑色 后来 加上 了 白 条纹 根本 不 需要 辩论 的 引申 思考 只是 问题 的 问题 而已 辩论 是 能 引导 人们 更 深层次 的 探究 但 这 并 不是 辩论 的 初衷 辩论 也 不能 很 好 的 完成 这项 任务 让 人们 向着 更 深层次 思考 的 是 人 自身 的 求知欲 就 像 创立 经典力学 的 是 牛顿 而 不是 砸 了 他 的 苹果 或许 换成 其它 的 任何 东西 会 更好 比如 他人 的 一句 启发
1957444626,...
1959449234,这 就是 语言 抽象 与 客观事实 问题 我们 也 只能 依赖 科学 探索 追求 客观 世界
1976571265,UP 回复 那个 辩证法 兄弟 的 口吻 就是 刺耳 的 辩论 习惯 看着 真的 很 难受
1976663183,回复 : 跟 辩论 没关系 只是 我 个人 非常容易 被 那些 自 认为 是 又 漏洞百出 的 言论 所 激怒
1978888399,同款 头 像框
1990105604,辩论 有 三种 法庭 辩论 竞选 辩论 道德 辩论 这里 涉及 的 辩论 主要 是 第三种 我 最 喜欢 的 辩题 类型 是 那种 认真 假设 型 的 比如 黄执中 参加 过 一场 关于 假如 世间 没有 谎言 的 辩论 因为 更 考验 辩手 的 综合 能力 也就是说 其他 类型 的 辩论 就 像是 双方 把 手里 事先 准备 的 牌 打 出去 观众 只 看 得到 技巧 而 看不到 深度
2002058258,回复 : 不 是 需要 多 读书
2007577416,对 就是 这个 感觉 阿婆 主 逻辑 很 清晰
2021476019,回复 : 在 你 这种 人 眼里 干 啥 都 需要 天赋 说到底 是因为 你 又 懒 又 笨
2021473096,回复 : 难不成 你 说 你 是 斑马 你 身上 也 有 黑白 条纹 了
2021474150,回复 : 真理 是 需要 探索 的 不是 你 在 这 胡思乱想 的 你 的 问题 就 在于 想 的 太 多 而 读书 太 少
2022842759,所以 才 说 辩论 是 玩味 语言 我 一 开始 也 不会 期待 能 从中 看出 对错 与否 好玩 的 就是 那种 吵架 般的 斗 蛐蛐 比 的 不是 观点 对错 比 的 是 谁 会 带 节奏
2027636988,回复 : 辩论 的 最终 目的 是 增进 思考 大部分 事情 都 不是 绝对 的 无论是 正方 还是 反方 都 有 一定 道理 为何 一定 要 在 对错 上 钻牛角尖 呢 没有 那么 多 对错 立场 不同 想法 不同 每个 人 的 观点 就 不 一样 辩论 不过 是 为了 增进 思考 也许 杀人犯 杀人 也 有 他 的 缘由 呢 的确 辩论赛 会 为了 赢会 出现 诡辩 的 情况 但 它 已经 实现 了 增加 思考 的 实际意义 也 有利于 打破 人们 的 定势 思维 显然 是 功大于过 啊 辩论 口才 只是 一把 双刃剑 没有 善恶 之分 关键在于 作为 思考者 的 立场 价值观 和 他 如何 去 使用 这项 能力 辩论 本 没有 错 辩论赛 也 没错 而且 我 相信 除 极少数 情况 外 出题 人 不会 出 扭曲 是非 颠倒黑白 的 垃圾 论题 这 不 还是 概率 吗 功大于过 没有 什么 事情 是 十全十美 的 难道 因为 论语 中有 一些 过时 的 观点 可以 随意 的 全盘否定 吗 ?
2027641741,回复 : 为啥 要 这样 呢 你 是 诡辩 家 吗 典型 的 哲学 上 的 不可知论 干嘛 纠结 对错 有用 不 就 好了吗 吃饭 是 对 的 吗 显然 没有 对错 之分 可是 有用 啊 牛顿 的 定律 只能 在 宏观世界 使用 那 只是 有 一部分 的 不足 可 她 仍然 有 实际 作用 啊 而 为什么 哲学 有用 因为 它 都 是 通过 实践 得出 的 你 可以 用用 看 是不是 对 实际 生活 有 帮助 不 就 好 了
2027651220,回复 : 如果 你 说 的 斗 蛐蛐 有 实际 作用 那斗 蛐蛐 就是 一件 好事 辩论 能 增进 思考 能力 那 就是 一件 好事
2032180498,认为 辩论 存在 诡辩 但 自己 却 又 过于 强调 未 发生 事情 的 可能性 并且 在 对方 做出 解释 后 仍然 执着 于 此 的 我 觉得 这 应该 是 陷入 另外 一种 诡辩 了 双方 洋洋洒洒 这么 多字 居然 最后 的 结尾 的 你 还是 没有 理解 我 我 可能 也 没 理解 你 这样 的 结论 那 这样 说 似乎 是 连 双方 辩题 都 没 理解 的 鸡同鸭讲 啊 可以 说 这个 辩论 极其 失败 其实 有些 时候 觉得 对方 无法 理解 你 恰恰 是 自己 观点 遭遇 瓶颈 的 一种 表现 吧
2032473253,回复 : 然而 由于 题目 的 两面 不确定性 这斗 蛐蛐 只是 一场 秀 而已 而且 有时候 由于 出题 人 和 辩手 的 水平 问题 一些 有着 确定性 答案 的 问题 都 能 拿 出来 秀 而 辩论赛 的 问题 就 在于 有些 人 认为 这是 一场 真理 之 战胜 方 能 掌握 人类 绝对 正确 的 真理 毕竟 部分 人 拒绝 使用 思考 能力 他们 只要 一个 结果
2036174463,回复 : 从 一个 旁观者 的 角度 来说 我 的确 觉得 你们 在 两个 频道
2036201471,回复 : 同意 啊 说 句 来自 旁观者 的 主观 想法 up 确实 十分 暴躁 后面 的 回复 给 人 一种 up 已经 恼羞成怒 的 感觉
2036416838,本来 不想 回复 的 过 了 这么久 也 淡 了 兴趣 没 必要 执着 于 彼此 分歧 毕竟 道不同不相为谋 但是 看到 这 我 只 想 问 假设 就是 伪 命题 啊 对不起 这个 基础 认知 你 我 就 不同 那 就 没话 谈 了 另外 我 翻来覆去 只有 一个 主题 我 对于 辩论 与其 产生分歧 的 最 主要 最 重要 的 地方 就是 这个 主题 如果 不能 解决 这个 分歧 那 基本 也 没话 谈 了 说实话 在 我 眼里 对方 无非 就是 用 辩论 技巧 规避 回答 这个 问题 罢了 我 试图 扯 会 中心 不 对 吗 然后 自私 我 反而 觉得 你们 贼 博爱 我 做 不到 最后 我 的确 没 参加 过 辩论赛 也 没 兴趣 参加 但 好 的 辩论 我 也 会 看 呀 毕竟 辩论 能够 拓宽 知识面 和 视角 还有 学习 别人 语言 的 艺术 总之 你们 多多 努力 加油 加油
2036430833,我 觉得 我 可能 又 要犯 上面 某位 说 的 一个 主题 翻来覆去 的 毛病 了 忽略 长 言 简而言之 如果 照 你 这么 说 辩论 和 辩论赛 我 没有 意见 这 也 显而易见 我 只 想 说 我 真的 没有 全盘否定 辩论赛 也 没有 否定 热爱 辩论赛 的 爱好者 们 的 爱好 的 想法 夜深 了 都 睡 吧 晚安
2036426392,回复 : 问题 明明 是 你 听不进去 别人 说话 跟 你 讲 了 几万 遍 你 假设 的 情况 就 几乎 不 存在 你 就 听不进去 还 说 我 逃 话题 我 有 什么 办法
2036438562,可能 真的 有 这个 倾向 毕竟 我 越 到 后面 越 觉得 迷茫 彼此 辩论 的 意义 在 哪 彼此 认知 是否 一致 彼此 到底 能 不能 理解 对方 我 也 觉得 我 那 时候 可能 魔 怔 了 越 辩越 觉得 自己 对 是 对方 不能 理解 总之 可能 真的 陷入 诡辩 情况 而 不 自知 了 这 也 是 一种 遗憾 无法 即时 明确 自己 是否 清晰 明目 可能 是 我 功力 不够 太菜 了 如果 真的 有人 能 做到 时时 明确 不曾 走 偏 那 真的 非常 厉害 了
2036447877,回复 : 如果 纠结 于 几乎 不 可能 的 情况 对于 辩论 就是 诡辩 偏激 那 我 向 你们 道歉 是 我 不 了解 辩论 那 时候 钻牛角尖 了 但是 我 依旧 觉得 不 应该 放过 任何 一个 微小 的 可能 特别 在 科学研究 上 这 不是 在 杠 而是 觉得 面对 情况 不同 适用 就 不同 所以 这 大概 是 我 不能 完全 认同 辩论 的 原因 之一 了 这 只是 在 说 我 自己 各人 有 各人 的 想法 不用 强求 好好 努力 加油 加油
2036512209,回复 : 这样 说 是 没 问题 的 所以 我 当时 也 在 解释 明显 与 大众 价值观 相悖 的 辩题 就算 存在 也 没有 讨论 的 价值 而 只要 不 与 大众 价值观 相冲突 就 总会 有人 认同 这样 就 有 了 思考 的 价值 比如 哪怕 我 不 认为 应该 废除 死刑 我 也 可以 去 思考 为什么 他们 会 觉得 应该 我 这么 说 你 能 理解 吗
2039486829,厉害 如果 不是 心理素质 不好 上去 分 分钟 结束战斗 如果 您 真的 这么 厉害 可以 写书 啊 写 书 不 需要 什么 心理素质 吧 不 写 书 可以 做些 其他 的 事 证明 自己 强 过 这些 辩手 也 行 呀 说 自己 牛 逼 总要 拿出 什么 证明 吧 不然 嘴上 说 说 谁 不会 啊 我 还 说 自己 强 过 爱因斯坦 呢 谁 当真 ?
2039733971,回复 : 垃圾 话 就 别发 了
2039745130,回复 : 两年 了 还 坟 坟 还 发个 垃圾 话 你 这 发言 在 这楼 里 是 最水 最 没有 价值 的 自 删 吧
2042332676,回复 : 哈哈 这么 说 可以 理解 可能 那时 各自 说 的 都 理解 错误 就 变成 那样 了 那时 的确 不 在 一个 频道
2044493473,回复 : 我 感觉 他 可能 是 直接 过眼 一遍 没 仔细 看吧 噗
2045204259,回复 : 200 多楼 翻下来 我 还 真 挺 好奇 的 请问 现在 你 还 保留 着 自己 在 心理素质 强 的 情况 下 上台 就 能 横扫 辩论 界 的 自信 吗
2045216277,回复 : 在 你 的 文字 里 感受 到 了 我 之前 的 轻狂 真 怀念 啊 ~
2045453990,回复 : 楼主 和 我 讨论 尚且 是 讨论 都 是 有 实打实 的 内容 的 假如 你 没有 真正 看 完 这些 对话 就别 回复 这种 无聊 的 垃圾 话 更 不用说
2045756399,回复 : 看来 没变 呢 打扰 了 那 就 祝 之后 你 的 观点 可以 有能 理解 的 人 认可 吧 辩论 可 真是 一件 有趣 的 事情
2045873425,回复 : 看不懂 中文 就别 说话 哦 希望 你 能 像 金钱 辩里 的 人 一样 健忘 自己 说 过 的话 不 记得
2045873549,回复 : 阴阳人 烂 什么
2046236217,回复 : 素质 感人 感谢您 用 行动 丰富 了 我 的 黑名单
2046358635,装 成 一副 克制 的 样子 来 阴阳怪气 恶心 别人 完事 拉 黑 了 还 得 专门 知会 你 一声 烦人
2050688340,回复 : 轻狂 感觉 谈不上 只能 说 每个 人 想法 不 一样 我 想法 其实 没 变 但是 更会 理解 别人 了 而已
2051362825,回复 : 我刚 接触 辩论 看 完 真的 觉得 好 精彩 在 自由 辩论 之前 我 感觉 是 正方 有 一定 优势 可是 反方 的 四辩 太强了 我 不 知道 自己 的 判断 对 不 对 毕竟 刚 接触 不 对 还 望 指正
2051680553,回复 : 反四是 真的 牛 B 这 结辩 我们 当时 拼命 学
2051690894,回复 : 您 的 改变 与 之前 回复 我 的 那位 简直 是 天壤之别 ~ 理解万岁
2051921933,看 了 UP 主 的 评论 和 下面 几位 B 站 朋友 的 发言 感觉 很 精彩 学到 很多 东西 本着 辩论 精神 的 延伸 我 说 一下 我 的 思考 ( Ps 本人 不太会 背书 现有 的 知识 能 记住 的 可能 已经 跟 生活 融合 基本 成为 我 做事 做人 的 世界观 Pps 如果 有 朋友 以 我 上面 那句话 为 论据 反驳 的话 我 尽量 保持 友好 ) 本人 主学 新闻 与 艺术 对于 哲学 是从 艺术 的 出发点 上去 考虑 的 我 现在 认为 的 真理 是 : 思考 是 进步 的 源泉 现在 还 没有 我 看 的 书 中 还 没有 能 反驳 这一 观点 的 这 是 我 思考 的 一个 支点 由此 我 产生 了 一个 问题 : 辩论 可以 启发 思考 吗 它 形成 了 一个 平板 一个 平板 和 一个 支点 形成 了 一个 跷跷板 我会 一边 想着 会 另一边 思考 他 为什么 不会 后来 我 反应 过来 当 我 展开 这场 辩论 时 似乎 已经 产生 了 思考 这 不 就是 辩论 的 意义 当然 我 从没 说 过 辩论 可以 代替 思考 辩论 只是 提供 一个 思考 的 方向 深入 挖掘 不是 辩论 的 强项 以 辩论 代 思考 就是 形而上 这 在 我儿 没 啥 好辩 的 由此 题主说 斑马 黑白 之辩 我 认为 他 的 更 深处 时 基于 思考 得来 的 辩论 只是 提供 方向 前面 人 提到 的 辩论 无 意义 我 只 想 说 辩论 有 意义 只 是不是 你 想 的 那种 可以 改变 世界 的 意义 而是 为 世界 提供 了 一个 契机 如果 没 人 思考 他 就是 无 意义 但 如果 有人 由此 发散 思维 朝着 某 一个 方向 继续 进发 那 他 的 意义 巨大 无比 欢迎 各位朋友 指正 我 的 观点 但 希望 请 大家 先看 完 之前 的 评论 发散 思维 后 再 来 指正 希望 我们 信息 交流 后 对于 彼此 有 新 的 方向 产生
2052016855,对 了 我 本身 不 赞同 辩论 分出 胜负 对于 辩论赛 我 只能 说 嘉奖 的 是 那些 有 更 强 思考 能力 和 逻辑 能力 的 人 本身 不 涉及 人们 对于 辩题 的 赞同 程度
2052078712,回复 : 真的 他 基本 把 对面 所有 的 论述 逻辑 反 了 一遍 这种 思维 运转 速度 还有 语言 组织 能力 真的 恐怖
2060813202,好 的 好 的
2062820792,人性本恶 啊 很 简单 在 你 饿 得 不行 的 时候 你 面前 放着 一只 活鸡 除此之外 什么 都 没有 你 不 杀 它 吃 了 你 就 得 饿死 你 杀 不 杀
2066032967,这楼 很 好 啊 两位 都 在 为 自己 相信 的 理念 辩护 都 言之有物 言语 有味 看 完 一场 精彩 的 辩论 下来 又 看到 一场 对 辩论 本身 的 讨论 比 大多 楼 里 各种 毫无意义 的 对 喷 好 出 八条 街涨 姿势 了
2068769612,这 一楼 厉害 啊 看 的 眼睛 疼
2103474412,反正 我 看 了 之后 觉得很有 意义 知识 真的 重要 不然 吵架 都 吵 不 赢 更 别说 辩论 背后 的 储备量
2113295414,辩论 不是 目的 辩论 所 产生 的 碰撞 出 的 思想 的 火花 才 是 所 需要 在意 的
2124617115,评论 区 比 视频 精彩
2127595477,回复 : 如果 借此 对 辩题 有 更 深刻 地 理解 他 就是 有 意义 的 吧 靠 辩论 的 方式 一切 会 来得 更 清楚 一些 也 就是 偏执 的 意义 咋 说 呢 平常 的 辩论赛 或者 日常 的 辩论 不 一定 要 为 人类 论出 一个 真理 啊 有 以上 收获 就是 有 意义 的 能力 锻炼 能力 更是 一方面 了
2127606472,回复 : 与其说是 表象 不如说是 探究 过程 中 的 一种 好 方法 一个 新 角度 吧 它 有 楼主 所说 的 那种 作用 楼主 应该 就是 这个 意思
2127623701,回复 : 奇怪 是 想 说 因为 真理 未知 渺茫 就 不用 思考 真理 是 什么 思考 也 没 啥 用 最起码 有人 是 有 求知欲 的 还有 了 哲学 说 得 好像 哲学 一直 以来 的 存在 确实 没 给 你 带来 什么 似的 楼主 说 的 止步 于 此 很 可以 用来 形容 你 了 置身事外 好像 当 潇洒 事 了 似的 不过 个人 选择 而已 也 说不着 什么
2138693575,我 觉得 这个 小剧场 更 精彩
2160376908,斑马 的 例子 没 能 打动 我 科学实验 是 确定 的 是非 黑即 白 的 如果 科学 错 了 是 暂时 的 以后 人们 会 找到 解决办法 我 很 喜欢 这个 关于 辩论 的 解释 但 我 觉得 这个 例子 不洽 当 至少 没有 打动 我
2171082091,回复 : 其实 在 评判 比赛 的 时候 如果 正方 属于 弱势 方 一般 只 需要 和 反方 打 到 四六开 的 局面 就 可以 算 赢 了 而且 每 一个 辩题 的 双方 在 挖掘 辩题 的 时候 其实 都 是 可以 发现 己方 的 优势 和 劣势 的 如 视频 正方 在 数据 上 占优势 反方 则 在 价值 上 占优势
2188331180,就 像 物质 和 意识 哪个 是 主导 当时 如果 不可知论 主导 那 肯定 不会 很 好 的 理解 物质 和 意识
2234170706,谢谢 UP 主 的 搬运 这 段 文字 对 我 帮助 很大
2275566983,回复 : 你 打过 辩论赛 没有 在 这里 逼 逼 赖赖 ?
2275558825,回复 : 辩论 可以 带来 对于 真理 的 一种 理解 也 没 说 只有 这 一种 手段 对 吧
2275579871,回复 : 只是 另 一种 了解 道理 事物 的 一种 方式 方法 嘛 为啥 要 和 学者 比 呢 ? 首先 我们 不 讨论 辩论赛 与 学者 哪 方面 牛 逼 哪 方面 适合 这样 容易 纠缠不清 就算 其中 一方 牛 逼 也 并 不 代表 另一方 价值 就 低 了
2275584726,回复 : 喷子 死 吗
2275590783,回复 : 阴阳人 烂 屁股
2275596521,回复 : 正 所谓 坐议 立谈 自 以为 无人 可及 临危 应变 百无一能 者 也 哈哈哈 这 不 就是 你 吗 ?
2275637227,回复 : 17 年 的 评论 你 丫 回来 喷 垃圾 话 我 都 懒得 回忆 这 是 啥 玩意 你 爽 到 就 可以 啦 靓仔 是不是 很 满足
2275638778,回复 : 死 靓仔 狗屁不通 信口雌黄 课余 社团 社交活动 罢了 毫无 专业性 可言
2277056695,回复 : 回复 : 正 所谓 坐议 立谈 自 以为 无人 可及 临危 应变 百无一能 者 也 哈哈哈 这 不 就是 你 吗 ? 二 回复
2277066413,回复 : 正 所谓 坐议 立谈 自 以为 无人 可及 临危 应变 百无一能 者 也 哈哈哈 这 不 就是 你 吗 ? 三 回复
2277057245,你 自己 是 喷子 却 不 自知 唉 回复 : 正 所谓 坐议 立谈 自 以为 无人 可及 临危 应变 百无一能 者 也 哈哈哈 这 不 就是 你 吗 ? 四 回复
2277057842,回复 : 和 自以为是 的 人 谈论 确实 是 我 不明智 的 行为 谢谢 你
2277078665,回复 : 回复 : 正 所谓 坐议 立谈 自 以为 无人 可及 临危 应变 百无一能 者 也 哈哈哈 这 就是 你 你 多 思考 一下 我 说 的 这句 话 你 不 理解 我 只能 说 夏虫语冰 还 口口声声 专业性 你 个 低 智者 你 如果 知道 专业性 的 存在 还感 在 这 信誓旦旦 的 说 自己 上能 把 那些 冠军 全喷死 你 简直 就是 侮辱 专业性 这个 词 可笑 可悲可叹 啊 就 像 一个 看 了 几本 拳击 的 书 健身 了 几年 就 觉得 自己 能 把 拳王 摁 着 打天 啊 瞧瞧 这 睿智 的 发言 而 真 和 拳王 打时 这 所有 的 气焰 都 消失 只能 凭借 自己 的 运气 不 被 打死 而已 而 你 就是 这样 的 人
2277095656,回复 : 气急败坏 了 吧 宝贝 难受 了 吧 慌不择路 了 吧 戳 到 你 的 痛点 了 吧 ? 阴阳人 烂 屁股 先生 素质 都 没有 哎 你 如果 没有 素质 你 便 没 资格 与 我 讨论 因为 你 自己 把 自己 变成 了 疯狗
2277115414,回复 : 说实话 其实 我 不爽 我 和 一个 有 理智 有 逻辑 的 讨论 就算 他 言辞 激烈 但 逻辑 清晰 吧 我 说 的 毫无 回手 之力 我 不仅 不会 难受 还会 折服 他 的 逻辑 思辨 这样 我 才 会 爽 你 一个 失去 理智 逝去 逻辑 的 疯狗 我 只会 躲躲 就是 用 棍子 将 它 打死 我 也 觉得 不 值得 你 说 你 被 疯狗 咬 你 会 爽 嘛 ? 行 了 你 已经 没有 理智 和 逻辑 了 别说 了 _ 与 你 已经 没有 了 讨论 的 意义 我 说 的 任何 话 无论 逻辑 多么 清晰 你 也 觉得 我 在 侮辱 你 觉得 我 是 喷子 而 不过 大脑 你 既然 这样 想 我 也 没 办法 别回 了 与 我 而言 不过 夏虫语冰 人 一旦 逝去 理智 与 疯狗 又 有 什么 区别 ?
2277502279,回复 : 你 打 这么 一大 段话 干嘛 太长 不 看
2277499281,回复 : 你 也 太 激动 了 说 了 两句 在 这 长篇大论 还 一堆 乱七八糟 的 比喻 你 是不是 甲亢 啊
2277577666,回复 : 就 这样 吧 已经 没 意义 了
2277644492,回复 :
2320829101,回复 : 觉得 没有 真理 谁 都 可以 做到 然后 停止 思考 只 利用 感觉 活着 但用 哲学 这种 品质 去 追寻 真理 却 不是 谁 都 可以 的 也许 真的 没有 真理 但 我 愿意 用尽 一生 去 赌 这个 可能 哪怕 我 死 后 我 的 坚持 确实 错 了 但 我 仍然 愿意 因为 这 总好 过不去 尝试 困在 原地 只有 有人 去 这么 做 了 我 才 感到 心安 大不了 和 不 去 追寻 的 结局 一样 最坏 的 结局 不过如此 我 自 认为 人 是 为 多种 可能 活着 的 而 不是 某种 可能 可能 错 了 就 不 去 尝试 因为 它 仅仅只是 可能 在 我 探索 之后 才 配 叫 事实
2338096185,回复 :
2338103248,回复 :
2338125651,回复 : 请问 你 理解 的 辩论 的 深层 意义 是 什么
2338128034,回复 : 辩手 辩着 辩 着 就 爆粗 口 了 呢 这 就是 辩手 吗 长见识了
2338443568,回复 : 怕 不是 个 智障
2338597604,回复 : 哈哈 不好意思 读到 你 这里 我 突然 笑 了
2339742108,回复 : 你们 打 比赛 的 时候 也 会 用 怕 不是 个 智障 辱骂 对方 吗
2339859133,回复 : 不会 一般 会忍 着 但是 现在 没 必要
2347495071,回复 : 人性 善恶 善恶 由人定 善恶 难辨 就 无法 给 人性 之 本 定性 知 行 难易 难易 以人论 难易 不决 也 无法 对 知行 做 比较 辩题 的 纠结 在于 其 是非 划分 的 边界 地带 辩论 的 作用 也 在于 明晰 各种 命题 观点 真理 的 边界 亘古 纠结 的 辩题 并 不是 把 一个 真理 剖成 两半 而是 把 两个 看似 都 对 却 截然 相反 的 真理 放在 一起 让 你 去 对 真理 的 本质 产生 疑问 进而 进行 探究 所以 辩论 的 真正 精髓 在于 有些 论题 看似 是 一元 二分 却 互有 隔阂 交叠 有些 论题 看似 坚实 无比 其 立足 的 根本 却 都 是 不 牢靠 的 比如 善恶 的 定义 挖掘 这些 辩论 中 产生 的 新 的 疑惑 才 是 辩论 最有 价值 之 处 至于 正反 双方 的 飞扬跋扈 指点江山 着实 也 就 图 一乐 我 不 知道 这四辩 的 文章 是 何时何地 写 就 刚 看到 第一 反应 以为 是 博士论文 吓 我 一 跳 但 不论 这 人 是不是 博士 即使 只是 个 大学生 能 有 此心 去 思考 却 又 没能 思考 出个 所以然 来 着实 有些 可惜 这篇 博文 的 眼界 还是 小 了 点 上来 就 直接 把 真理 信以为真 理 了 也就是说 从 第一句 话 开始 就 错 了
2356186002,周帅 太棒了
2362099987,我 爱 学习
2364415985,我 感觉 斑马 是 黑 还是 白 和 金钱 是不是 万恶之源 这 两个 辩题 存在 着 一些 根本性 的 差距 因为 第一个 确实 跟 我们 没太大 关系 当然 你 可以 从中 发现 或者说 通过 第三者 建立 你 和 它 的 关系 例如 你 可以 对 它 产生 兴趣 但 你 不能 或者说 很难 把 我 和 它 直接 建立联系 可 第二个 就 明显 不同 了 假如 说 有人 为了 或者说 无意识 中 从 这个 辩题 中 获得 心理 安慰 认为 金钱 不是 万恶之源 并 根据 这一 意识 产生 了 相应 的 价值观 又 为了 这一 价值观 采取 了 相应 的 行动 那 问题 不 就 大发 了 吗
2405659440,说得好
2413621988,回复 : 终于 明白 了 辩论 偏执 的 意义
2420990466,回复 : 我 觉得 这些 打 辩论 的 人 都 喜欢 把 别人 的话 放大 不知不觉 偷换概念 树立 你 说 的话 的 莫名其妙 的 推论 一个 稻草人 去 攻击 让 人 觉得 这么 说 很 偏颇 以至于 不 正确
2421023989,回复 : 哲学 不是 为了 真理 而是 为了 找到 真理 哲学 没有 尽头 无用 方为 大用 只 想 说 这么 多
2421031483,哲学 不是 为了 真理 而是 为了 找到 真理 哲学 没有 尽头 无用 方为 大用 只 想 说 这么 多
2421067190,回复 : 哈哈 感性认识 得出 的 合乎逻辑 的 结论 是 肯定 的 说得好 一语中的 靠 辩论赛 吃饭 的 人 死 也 不会 承认 辩论赛 是 低级 的
2421125284,回复 : 也 是 某个 深夜 但 跟 up 主辩 的 人 真的 很 有 想法 我 像 见到 了 同类
2421137976,回复 : 哇 带头 大哥 又 来 了 我 是 佩服 你 的 莫 曲解
2422923895,回复 : 都 是 话术 和 技巧 比较 多 毕竟 是 辩论赛 辩手 或多或少 都 会 有 有些 职业病 平时 不要 和 辩手 多 争论 比 不 比得过 还是 其次 主要 是 想法 和 接触 的 不 一样 像 我 和 他们 想法 完全 不 一样 甚至 有些 对立 所以 争执 是 比较 无 意义 的 彼此 包容 就 好
2426435544,考古
2428142174,辩论赛 双方 永远 不会 说 一个 问题 都 在 用 各自 的 方法 迷惑 观众 一个 说 人性 是 万恶之源 一个 说 是 钱
2435063453,回复 : 对 就算 是 真知灼见 也 应该 注意 语言艺术 事实上 多数 博学 者 说话 都 很 好听
2449015562,回复 : 真理 不是 唯一 的 吗
2456034726,回复 : 哈哈哈哈 明 知道 对方 不 可能 承认 对方 自己 的 观点 还 聊 这么久 干 啥 最终 只 落得 个 不欢而散 的 结局 这里 没有 评委 两位 在 进行 一场 无太大 意义 的 辩论 谁 也 说服 不了 谁 但 不 否认 都 有 一定 道理 但 希望 你们 继续 说 大伙 可以 看个 热闹
2460246811,赞同
2460266046,回复 : 来 吧 相信 一部分 的 不可知论 吧 啊 哈哈哈 我们 是 无知 的 啊 哈哈哈
2480131103,回复 : 我 理解 是 辩论赛 有 主办方 的 限制 辩论 更加 遵从 内心 而 up 主 认为 只要 辩论 开始 的 条件 成立 自己 都 是 获得 思考 的 那 一方 前提 满足 后面 对 他 来说 是 一样 的
2480237924,回复 : 至于 你们 之前 的 就是 辩论 观点 是 自己 直接 带 出来 的
2488735846,回复 : 其实 说 了 这么 多 或多或少 都 感觉 到 了 大家 争论 的 核心 跳不出 : 1 . 辩论 的 意义 2 . 辩论赛 的 意义 那段 周先生 的 博文 我 的 理解 是 人们 对 某个 事物 的 认知 由于 技术 主观 惰性 等 条件 限制 无法 进一步 去 深究 往往 会 倾向 于用 一个 看似 辩证 的 结论 来 使 其 逻辑 自洽 而 把 真理 一分为二 进行 辩论 我 认为 是 一个 表象 要 知道 各位 认不 认同 科学史 上 任何 一个 理论 的 出现 人类 对 事物 的 每 一次 认知 的 革新 最大 的 功臣 其实 是 科学实验 基于 观测 的 理论 推导 辩论 更 多 充当 的 是 这些 观点 冲撞 交融 的 一个 形式 通过 论文 当面 辩论 报纸 上 攻讦 等等 方式 加速 了 研究成果 的 传播 以及 利用 别人 的 成果 进行 再生产 这 一点 可以 从 十七世纪 到 十九世纪 数学 物理化学 等 学科 的 发展史 来 印证
2488762747,回复 : 那么 作为 研究成果 交流 的 一种 形式 辩论 自然 有 其 存在 的 意义 让 各种 学说 有 了 取长补短 的 重要途径 对于 普通人 而言 理 也 是 越 辩越 清 狭义 的 辩论 可能 更 多 指代 的 是 像 楼上 这样 你 一句 我 一句 有来 有 回 我 想 说 一点 科学史 上 各位 大家 的 交锋 甚至 不用 同处 一个 时代 伽利略 两个 铁球 同时 落地 回应 千年 前 的 亚里士多德 这 也 是 辩论 的 一种 形式 辩论 就是 两方 持有 不同 的 观点 互相 陈述 自身 观点 的 合理性 并 指出 对方 观点 的 合理性 辩论 对 人类 社会 的 作用 我 认为 是 间接 的 不是 辩论 本身 起 了 那么 大 作用 而是 观点 本身 背后 所 蕴含 那些 东西 比如 无数次 的 实验 繁杂 的 推理 这些 肯定 不 属于 辩论 的 范畴 如果 把 辩论 的 含义 无限 扩大 那 我们 在 这儿 说 这些 就 属于 在 诡辩 了
2488799613,回复 : 上述 说 的 主要 是 辩论 本身 的 意义 我 看 大家 争论 的 重中之重 还 不是 上面 的 问题 更 多 集中 在 辩论赛 的 意义 是 吧 ? 辩论赛 作为 一个 赛事 它 和 辩论 这个 概念 肯定 是 有 区别 的 把 辩论赛 等同于 辩论 大家 就 不 具备 在 这儿 讨论 的 基础 共识 了 小姐姐 你 提到 的 关键问题 就是 辩论 选手 无法 保证 他 自己 能够 为 他 要 辩论 的 观点 背书 是 吧 楼主 的 想法 是 在 辩论赛 中 咸鱼 的确 是 你 说 的 这样 有 一些 是 为了 辩论 而辩 为了 赢 而 赢 然而 对 那些 参加 辩论赛 不止 于 追求 这些 的 选手 他们 更 享受 于 辩论 前 准备 过程 中 对 正反 双方 观点 进行 思考 正反 双方 会 怎样 去 论证 分别 具有 怎样 的 合理性 等等 他们 可能 对 输赢 这件 事倒 不是 那么 看重 不 知道 我 这个 总结 你们 二位 认不 认可 下面 是 我 的 一些 看法 辩论赛 是 将 辩论 和 比赛 结合 起来 的 一种 产物 它 继承 了 辩论 的 部分 属性 也 继承 了 比赛 的 竞技性 之前 我 也 提到 辩论 本身 作为 观点 交流 的 一种 形式 是 有着 重要 意义 的 辩论赛 当中 像 楼主 提到 的 这样 对 一个 观点 正反两面 思考 正是 辩论赛 继承 辩论 意义 的 一个 体现 而 辩论赛 中 出现 的 一些 技巧性 的 东西 包括 偷换概念 咬文嚼字 这 类 大家 看起来 拼 口才 的 东西 其实 更 多 体现 的 是 比赛 的 竞技性 这 其实 可以 类比 成电 竞中 的 操作
2488857615,回复 : 辩论 的 最终 目的 我 以为 是 要 把 矛盾 的 观点 最终 统一 达成 共识 也 就是 绝对 的 真理 这个 目的地 是 无法 达到 但 我们 应该 朝着 这个 目标 前进 的 其实 我 想 在座 的 也 没有 谁 会 质疑 辩论 的 意义 对 辩论赛 有 意见 的 更 其实 是 在 阐述 我 提到 的 辩论赛 作为 比赛 的 竞技性 的 体现 难免 让 人 觉得 空洞 炫技 所以 更 需要 我们 认识 到 辩论赛 的 本质 的 两面性 楼主 强调 的 是 辩论赛 中 继承 的 辩论 的 意义 启迪 思考 大家 反对 的 却是 这 里面 竞技性 带来 的 直观 感受 这种 空洞 有时候 会因 辩手 能力 的 不足 而 放大 比如 某个 辩手 用 华丽 的 技巧 掩盖 他 推理 的 不 严谨 更能 让 人 产生 这种 感觉 其实 你们 争论 的 是 辩论赛 不同 的 两个 属性 说句 题外话 争论 的 过程 中 产生 焦躁 的 情绪 很 正常 人非圣贤 理性 交流 也 不 意味着 大家 都 是 理性 人 只要 尊重 基本 的 逻辑 和 共识 完全 可以 互相理解 我 认为 我 总结 的 你们 几方 的 核心 观点 还是 挺 还原 的 旁观者清 你们 甚至 都 没有 完全 处于 同一个 赛道 一方 说 辩论赛 是 对 思考 的 启迪 是 对 思维 惰性 的 抗争 一方 说 辩论赛 只是 耍嘴皮子 只是 提升 个人 能力 无益 于 社会 互相 是不是 都 排除 了 这 两者 能够 同时 存在 于 辩论赛 这样 一个 结论 呢
2488858055,楼主 更新 了
2490129372,就 像 这 层楼 这样 观点 的 碰撞 引发 双方 审视 自己 见解 的 漏洞 便是 为 辩论 的 意义 做 的 最 直观 的 注解 了 不过 交流 的 时候 还是 要 平心静气 如果 恼怒 冲动 了 会 让 人 盲目 有时 会 为了 想要 说服 别人 而 陷入 诡辩 的 陷阱 如果 对方 措辞 和 语气 都 很 平和 那么 完全 可以 好好 聊 千万 不要 急于 否定 别人 的 看法 那样 的 做法 有点 傲慢 贬低 对方 的 理解能力 对于 交流 是 无疑 的 如果 想要 在 这场 交流 中 受益 而 不是 仅仅 享受 说服 人 的 快感 还是 应该 调整 好 情绪 的 这 也 是 为啥 有时候 觉得 听 讲座 看 论文 冥想 这 类 静态 的 形式 有时候 思考 效率 更 高 的 原因 争辩 太 容易 让 人 偏离 主旨 而 注重 次要 的 东西 了 尤其 是 情绪 的 问题
2490421380,看 完 这 层楼 学到 好多
2498948598,可能 对于 底下 观众 而言 辩论赛 更 像是 一场 表演 正方 双方 各执一词 大展 拳脚 辩论 越 激烈 观众 助威声 越高 不 关乎 是 什么 真理
2499279841,回复 : 您 就是 隐藏 于 市井 的 大辩论 家 可 把 我乐 呵 了 啥时候 吹牛 都 不 需要 花生米 了
2499290918,回复 : 说 的话 就 喜欢 看 他 这幅 气急败坏 而 又 无可奈何 的 样子
2515761893,回复 : 我 觉得 您 很 好 的 总结 了 楼上 那些 人 的 讨论 他们 讨论 时 纠结 在 各自 的 观点 却 没人 把 问题 的 关键 给 表述 出来 扯 东扯 西 关键 还是 人们 对 辩论赛 的 看法 以及 辩论赛 具有 的 各种 意义
2526951987,握日 我 竟然 看 完 了 神仙 和 杠精 都 有 欸 这 层楼 堆 的 属实 好 高
2527669611,看 了 up 的 说法 想 看 这个 辩论 视频 了 哈哈 说实话 有 段时间 我 也 一直 对 辩论 的 存在 感到 很 不解 这下 完全 支持 了 哈哈
2527901312,评论 区 也 在 辩论 么 很 好 哈哈
2533113630,只 可惜 很多 人 都 觉得 自己 明白 了 知道 的 够 多 了 说 得 清楚 了 然而 却 忘记 了 一件 事 宽容 眼里 揉 不得 沙子 的 他们 又 怎么 会 记得 自己 为什么 要 辩论 呢 辩 着 辩 着 就 变成 了 追逐 胜负 的 游戏 全然不顾 自己 也 不过 是 真理 的 追逐 者 之一 耍嘴皮子 的 游戏 从来不 是 辩论 的 全部 从 这个 角度 去 说 辩论 的 高低 和 是否 有 意义 那 就是 单纯 的 耍流氓 对于 我 来说 辩证 地看 问题 带给 我 最大 的 受益 就是 宽容 和 同理 心而 不是 站 在 比 其他人 更 高 的 知识 层面 去 压倒 别人 真正 去 反省 一下 这些 制高点 的 人 也 不是 真理 的 代表 他们 甚至 也 不是 什么 制高点 山外 有山 每当 我 幻想 我 就是 这样 的 人 都 让 我 羞愧难当 卖弄 知识 不该 是 辩论 带给 大家 的 收获 对 真理 的 深化 认知 才 是 至少 对 我 来说 这种 认知 让 我 得到 了 宽容 和 理解 和 某种意义 上 的 解脱
2539267008,我 看 评论 区 比 视频 还 精彩
2590102029,看 完 发现 辩论 还是 言语 的 萃取 逻辑 的 合成 永远 不要 从 辩论 中 找 真理 是 这样 吧 我 这种 懒人 只想 找 真理
2590115009,回复 : 从 辩论 里 找 真理 真的 对 么 还是 只是 人类 话术 的 和 逻辑 的 迸发 之地 呢
2590117754,回复 : 确实 就 感觉 不要 再 辩论赛 上 找 真理 只要 学 他们 的话 术
2639050031,回复 : 这 并 不是 寻找 真理 的 唯一 途径 我 没 这么 说 但是 辩论 并 不 妨碍 寻找 真理 难道 不是 吗 你 这么 说 有点 作茧自缚 了
2639196955,回复 : 不是 不 妨碍 寻找 是 不要 在 辩论 中 寻找 因为 辩论 没 真理 两边 都 是 片面 的
2641585549,回复 : 怎么 可能 真理 寓于 一切 事物 当中 这是 一个 苏轼 看佛 印 的 故事
2641999028,回复 : 我 只是 说 他 辩论 的 东西 你别 给 我 说 角度 不同 我 说 他 辩论 的 两方 观点 没有 真理
2642160444,来 考古 发现 这 一层 怎么 辩证 起来 了 呢
2648221538,回复 : 我 也 觉得 看到 这样 的 评论 就 知道 完全 没有 理解 这篇 博文 的 意义 偏执 的 意义
2665757356,回复 : 首先 我 并 没有 说 这 是 个 角度 问题 这 是 个 心态 问题 你 有 你 自己 的 看法 没 问题 但是 我 的 看法 就是 什么 事情 都 一定 有 意义 有 价值 只是 我们 愿不愿意 去 理解 罢了 你 非 要说 真理 哪里 有 哪里 没有 那 你 开心 就 好 我 觉得 哪里 都 有 我 开心 就 好
2670624737,我 以前 一直 觉得 辩论 是 为了 让 对方 认同 自己 渐渐 才 发现 辩论 真正 的 意义 就 像 楼主 和 另 一个 人 关于 斑马 底色 的 辩论 我 一个 艺术 生 却 从没 想过 通过 颜色 叠加 来 证明 斑马 的 颜色 更 没 思考 过 白色 究竟 是否是 颜色 也 不 知道 斑马 曾经 是 黑色 的 人 在 思辨 中 成长
2677023124,回复 : 同志 你 一边 否定 辩论 的 无效 性 一边 在 评论 区 坚持 辩论 这 的确 让 促使 我 从 不同 的 角度 考虑 问题 而 不是 不加分析 地 听信 某个 观点 这 不是 辩论 的 意义 吗
2721518000,回复 : 哑巴 和 哑巴 手语 辩论 开个 玩笑 不是 杠
2733872772,真理 是 有 条件 的 这句 话 框住 了 太 多 如果 有人 说 : 这 不 对 呀 这种 情况 下 它 不是 真理 啊 行 那 我 就 再加 一个 条件 真理 不 就是 在 一层 又 一层 的 深入研究 中 加入 一个 又 一个 的 条件 形成 的 一个 完美 的 答案 吗
2774808475,回复 : 脾气 真 好 像 我 只能 无能 狂怒
2874941572,回复 : 我 不 认同 举个 例子 : 如果 有 一个 男人 他 在 某 一天 没有 其他 原因 只是 因为 爱 喝酒 所以 找 了 几个 兄弟 一起 去 喝酒 然后 喝醉 了 造成 回家 之后 他 老婆 骂 了 他 一顿 他 趁着 酒劲 打 了 他 的 老婆 这 难道 怪 钱 吗 你 可 不要 说 因为 他 有钱 喝酒 才 犯罪 的 哦
3033309824,所以 up 您 是 搬运 还是 分析 呀
3033634180,回复 : 错字 是 分享
3095922354,回复 : 辩 这个 字 中间 就 有 个言大辩 无言 那 正反两方 是 用 神交 来 辩论 吗
3111878837,回复 : 2020 年 了 依然 要 对 18 年 的 你 说 一句 你 真牛
3134026244,刚 吃 完 晚饭 开始 看看 到 现在 真心 佩服 为 这 一篇 文章 和 楼主 或 其他人 的 提出 话题 而 深入 思考 的 人 但 也 奇怪 为什么 还有 人 阴阳怪气
3204962686,2020.7 . 20 来过
3268132494,评论 区 这 两人 的 辩论 好 精彩 确实 又 看到 了 不同 而 有趣 的 东西 了
3275893569,回复 : 可是 ... 我 觉得 辩论 的 这些 人 他们 也 不是 为了 得出结论 才 进行 辩论 的 而是 在 论述 思考 和 被 反驳 后 反击 的 获得 偷税 感 如同 各类 的 体育比赛 看似 实际意义 没有 啥 用 这样 ... 只是 我 觉得 吧 可能 正是 因为 在 观看 辩论赛 的 同时 观众 也 会 思考 我们 才 会 有 这样 的 思考 而 像是 足球 呀 啥 的 就 基本 没有 如此 多 的 思维 交锋 而且 平时 这些 人 好像 也 挺 少有 足够 的 资料 呀 对手 呀 来 进行 辩论 的 机会 所以 我 觉得 吧 这 一个 可以 给 这些 辩论 爱好者 交流 对抗 的 平台 其实 也 并 没有 很差 呀 ... 而 那些 辩论 手 毕竟 也 是 有 赢得 比赛 的 目的 有 规则 的 限制 也 难以 做到 随心所欲 二者 皆 欢 的 辩论 ... 算了 我 不是 辩论 爱好者 甚至 平时 都 很少 话 这段话 打 到 后面 已经 没 啥 心情 了 我 这 只是 想试 着 说 一下 我 自己 对 您 这 几段 话 的 看法 并 没有 说服 您 的 意思 只是 有感而发 毕竟 在 现实 中 也 没有 多少 人会 给 我 这么 长 的 时间 挤出 这么 一段 东西 ...
3339633341,请问 这个 辩论 题目 是 现场 给 还是 提前 给 辩手 啊
3352289598,回复 : 有点 不同 这个 每 一方 都 认为 自己 绝对 正确 而且 并非 完全 理性 但是 我 估计 辩手 可以 互换 立场 来 一波 而且 很 精彩
3512078766,真理 越辩 越明
3615753132,厉害
3642883052,靠 竟然 在 这里 看到 帅师 了
3664002049,回复 : 完全 不 了解 辩论 其实 也 没 怎么 看过 辩论赛 最近 流行 很多 辩论 和 脱口秀 之类 的 节目 偶尔 看看 之余 对 辩论 的 目的性 有点 疑惑 所以 打算 找 相关 视频 慢慢 了解 正好 看见 各位 的 讨论 有 一点 小小的 的 看法 若有 不妥 之处 也 烦请 指出 不吝赐教 每个 人 从 自身 经历 和 偏向 书籍 中 成长 其实 都 已经 有 了 一套 较为 固化 的 价值观 而 辩论 为 我们 提供 了 一个多 方向 的 思考 方式 在 辩论赛 场上 辩题 的 选择 是 没有 主观性 的 最后 选择 的 辩题 无论 有 多 不 认可 也 要 去 尝试 于是 在 证明 的 过程 中会 去 分析 大量 的 背景 资料 这些 背景 资料 中 涉及 到 正方 和 反方 的 论据 使得 双方 的 辩题 都 能 找到 一定 的 存在 合理性 自身 所 认可 的 反驳 有据可依 有理 可循 更加 掷地有声 自身 不 认可 的 反驳 也 会 在 辩论 的 过程 中 产生 更深 的 理解 可以 改变 一定 的 固化 偏见 所以 其实 最后 的 输赢 不 重要 在 思辨 过程 中 拓展 知识面 并且 打开 新视野 才 是 辩论赛 最 重要 的 地方
3690787125,回复 : 为什么 会 辩论 简单 说点 很多 一眼 就可以看 穿 的 道理 都 可以 这样 辩论 解 刨 细 想 两方 都 有 各自 的 道理 但 如果 在 想 其 就是 一体 的 结合 双方 才 可以 更加 清楚 的 认识 这个 主体
3740928776,从 up 主和 读者 的 谈话 学到 很多 说实话 这场 辩论 我 只是 听 了 各种 迷人 的 信息 我 很 难 抓 到 重点 可能 是 知识 水平 有限 看到 那个 人 评论 的 说 其实 心中 也 有点 支持 正方 对 反方 问题 的 回避 并且 举出 大量 的 列子 来 佐证 自己 的 观点 我 觉得 有 忽视 对方 问题 之 嫌 但是 辩论赛 我 想 可能 目的 真的 不是 讨论 出 一个 东西 的 对 与 错 而是 在 这个 过程 中 你 学到了 什么 东西 我 认为 现在 的 辩论 似乎 真的 宝贵 的 是 这 一点 辩论赛 是 一个 舞台 展示 每个 人 的 能力 至于 无 意义 的 比赛 我 想 这时候 有没有 意义 和 没有 意义 似乎 都 不 太 重要 了 从 目前 的 底层 角度 来看 这个 辩论赛 并 不是 说 对于 真理 的 辩解 让 对方 信服 自己 的 观点 而是 说 你 在 这个 辩论赛 的 过程 中学 到 什么 怎么 用 语言 逻辑 去 思考问题
3807030678,up 确实 解决 了 长久以来 困扰 我 的 一个 问题 之前 有 看过 一些 辩论 刚 开始 是 被 辩手 的 风采 吸引 后来 越来越 觉得 辩论 就是 在 疯狂 地 偷换概念 开始 反感 辩论 看 了 up 的话 感觉 确实 如此 不过 我 再 看 辩论 肯定 还会烦
3872903759,好家伙 看不懂
3919419913,回复 : 总结 的 真 好 逻辑 无误 定义 基本 准确 还 引申 出 认知 道理 应有 的 心态 可惜 这么 全面 的 评论 没人赞 明明 已经 讲地 这么 清楚 了 后面 还有 那么 多人 在 问 在 争 哈哈 怎么 说 夸得 你 都 不好意思 了 是不是
3919511119,回复 : 年代久远 都 忘 了 评论 过 啥 了 总之 谢谢 理解
4003582577,我来 翻译 一下 楼主 这么 一大 段 的 意思 辩论 是 为了 让 真理 深化
4034161952,回复 : 凡是 有 意义 的话 都 有 可能 错 凡是 不 可能 错 的话 都 没有 意义
4099239703,太 赞成 了 辩论 的 作用 大概 就是 促使 人 的 深入 思考 记得 有 一次 语文 作文 是 写 辩论 稿 辩题 是 交友 是否 需胜己 敷衍 地写 了 作文 我 就 没有 再 思考 后来 感谢 老师 让 我们 学生 自由 讨论 有 了 继续 思考 的 机会 第一节 课 我 和 同桌 争辩 不休 之后 我花 了 一节课 认真思考 从 人类 的 性质 本性 联系 到 交友 的 原因 与 目的 再 到 优秀 的 定义 我 从来不 知道 自己 可以 挖掘 的 这样 深 那种 触及 真理 的 思维 风暴 真的 让 我 很 开心 当然 第二节 课 也 成功 辩 的 同桌 哑口无言 嘿嘿嘿
4125007218,回复 : 看 辩论 完全 是因为 我 想要 学到 更 多 东西 不同 视角 所得 原因 结果 也 不 相同 展开 思维 可以 进入 深入 思考
4125014768,回复 : 你 和 up 主有 的 观点 相似 提出 不 一样 的 观点 不 正是 偏执 的 意义 吗
4151715299,这 层楼 质量 高 不断 刷新 了 认知
4168768510,回复 : 我 一直 觉得 辩论 是 行为艺术 充分 展现 语言 和 逻辑 的 魅力 毕竟 有时 拿到 的 也 未必 是 自己 认同 的 观点 听 他 这么 一说 感觉 意义 突然 就 重大 了
4306805196,冰爷 双方 定义 是 啥
4364222715,回复 : 说 的 太好了
4412584432,是 通过 辩论 的 方式 更 清晰 完整 的 体现 这个 概念
4429744302,跟 人性本善 还是 恶 就 离题 了 吧 人有 善 有 恶 这 是 真理 你 要 辩论 这个 辩论 不 出 结果 的
4469521189,up 有没有 看过 讲 知行合一 相关 的 辩论 可不可以 推荐 一个 给 在 下
4500544896,回复 : 啊 好 可惜 啊 我 好 喜欢 看 辩论 啊 可是 身为 外行 小白 的 我 不 太 能够 分辨 看 哪些 人 哪些 场 的 辩论 较 好 知识 匮乏 的 我 不能 打 辩论 但是 我 很 享受 看 底蕴 深 逻辑 强 的 人 互相 输出 的 样子 主要 是 享受 学习 的 过程 这是 一个 很 好 的 充电 方式 在 我 现实 生活圈 是 完全 接触 不到 这种 的 大 一 的 时候 班上 有过 辩论 但是 聊得 都 很 浅 而且 有种 为了 赢 而 赢 的 感觉 还 有些 强词夺理 所以 一 开始 我 对 辩论 没有 好 印象 就是 感觉 在 吵架 毫无意义 的 输出 但是 在 网上 看到 大家 相互 深刻 的 讨论 问题 后 我 觉得 这才 是 辩论 交流 但是 辩论 场上 的 会 更 有 针对性 一点 而且 更为 客观 我 认为 辩论 时 输出 的 观点 一定 是 为了 让 大家 更 清楚 的 看到 平时 被 忽略 或者 不会 去 想到 的 东西 它 的 初衷 一定 是 要 让 大家 进步 让 大家 有 收获 能 学习 到 东西 的 这 跟 输赢 无关 我 不是 太 喜欢 功利 的 辩论 我 喜欢 输出 内容 都 是 有 意义 的 辩论
4574721912,寻求 真像 与 为 预设立场 辩护 还是 有 差别 的
4674020699,那么 辩论 本身 有 意义 对 听众 而言 我们 可以 做到 兼 听 两方 作为 辩方 本身 呢 他们 会 得到 什么 意义 吗 更加 加深 了 自己 对 本方 辩点 的 信服
5130016363,2021 年 了
5215227391,up 真的 解了 我 多年 的 困惑
5215524188,回复 : 你 这波 我 给 你 一百分
5401593062,回复 : 这里 外行 想 看 的
5557431147,回复 : 认同
5557437148,回复 : 真的 非常感谢 解答 了 我 在 刚刚 参与 这个 活动 的 很多 误解 QAQ
5557433704,回复 : 认同
5557494293,2021 年 10 月 10 日 看 了 一个多 小时 受益匪浅 昨天 在 班级 里 召开 了 简单 的 辩论赛 辩题 是 我们 应 以德报怨 还是 以怨 报怨 看到 这个 辩题 的 时候 是 迷茫 的 因为 我 个人 更 倾向 于 以直报怨 最终 选择 了 以怨 报怨 可是 在 准备 的 时候 我 内心 还是 无法 说服 自己 感觉 立场 不明 我 疑惑 的 是 这个 辩题 辩论 下去 它 到底 有没有 意义 我 又 应该 如何 正确看待 呢 辩论 小白 内心 的 疑惑 与 迷茫 在 此 虚心 求教 希望 大家 可以 帮 我 解惑 谢谢
5574472283,回复 : 她 说 的 是 辩论赛 的 意义 和 辩论 的 意义 当 辩论 变成 必须 分 胜负 的 比赛 那 它 的 意义 便 不再 是 求知 求理 而 以话术 临场 反应 等 来 压倒 对手 获取 胜利 那么 这 还是 辩论 吗 辩论赛 的 意义 不 就 变成 一场 供 人们 娱乐 休闲 的 普通 的 足球赛 篮球赛 了 吗
5620616264,是不是 可以 把 钱 理解 成 利益 呢
5620635701,如果 把 钱 理解 成 利益 那么 正方 的 观点 是 对 的 如果 把 钱 理解 成 一种 交易 的 工具 那么 反方 的 观点 是 对 的
5628492566,回卷 只能 说 是 你 菜 或者说 修为 不够
5646495353,想要 补充 一些 东西 现实 物欲横流 因此 常需 独立思考 但是 真正 做到 有效 的 独立思考 要 积累 寻溯 于 思维 逻辑 的 不断 发展 和 充实 而 辩论 则 是 锻练 于 此 极为 有效 的 一种 方式 正反两方 一分为二 思辨 全面 立场 不同 不断深入 看 辩论 思而 学学 而思 丰富 自身 逻辑 体系 与 思维 的 深度 与 广度 化为 己用 新
5661524424,对比 产生 更 深入 的 思考 于 更 高 的 正确 见解
5668051422,回复 : 赞同
5675737592,回复 : 太 真实 了 大校 赛 一次次 晋级 最后 带 冠军 2 个 月 打 了 5 场 一个 团队 一直 都 在 思考 讨论 模拟 对方 的 无论 输赢 这些 收获 都 已经 是 巨大 的 了
94091845392,回复 : 想 知道 辩论赛 主 辩论 还是 赛
95226098064,理不辩 不明 可理 并 不是 恒定 的 标准 理以 不同 形式 体现 在 个体 的 思想 里 辩里 只是 为了 将 双方 观点 摆明 而 非得 出 结果
95257972816,回复 : 希望 UP 主 可以 在 置顶 评论 中 解释一下 大专 的 含义 这里 的 大专 是 指 大学生 专业 的 意思 这个 大赛 的 全称 是 国际 大学生 专业 辩论赛 不是 什么 大学专科 的 意思 参赛选手 全都 是 本科生 和 研究生 没有 专科生 弹幕 里 很多 人 以为 是 大专生 真的 无 语
96267009312,唯有 辩论 双方 都 尽全力 深化 自己 所执 的 立场 才能 在 更 高 的 层次 上 实现 真理 的 合题 这 也 就是 辩手 之 偏执 的 意义
96496358224,真 好
98377421232,共同 助力 于 真理 的 深化 说 到 我 心里 去 了 啊 谢谢 up 我悟 了
102271735600,回复 : 没想到 在 这 也 能 遇见 道友 我 才 看到 墨 武侠 锋
102278935360,回复 : 大哥 你 号 还 在 吗
102279304832,回复 : 我 觉得 吧 你们 有 时间 在 这 吵吵 还 不如 想 办法 去 多 找点 钱 和 你 吵 的 那个 人号 都 没 了 我 替 你们 感到 不 值得
102306465376,回 復 : 握 爪 我 也 才刚 追到 墨世佛 劫
104458149024,回复 : 我 也 深夜 看到 这 哈哈哈 带头 大哥 你好 可爱
104458154080,回复 : 求同存异
107162531856,回复 : 都 2022 年 了 仍 有人 经典 永 流传
112444909296,回复 : 真理 是 相对 的 吗 不敢苟同
112637115888,22 年 前来 报道
112921944496,是 的 辩论 从来不 是 求得 东风压倒西风 也 不是 说 这 是 绝对 的 正确 只是 我们 在 相应 的 预设立场 下去 求得 哪 一个 是 主要 原因 哪 一个 是 次要 原因 哪 一个 在 某种 情况 下 相对 争取
113837399104,回复 : 厉害 啊 中华文化 博大精深
116271904672,回复 : 世界 不是 非黑 即 白 的 也 不是 和光同尘 的 是 虚拟 还是 真实 的 都 是 一个 矛盾体 物极必反 大概 就是 辩论 若 不 适可而止 的 风险
117452296192,回复 : 所有 真理 都 是 相对 的话 如果 你 这句 话 是 真理 的话 那么 也 就是 相对 的 了 这 明显 就 违背 矛盾律
119558448304,到 2022 年 了 才 发现 宝藏 国辩
119809530432,回复 : up 我 懂 了 真理 越辩 越明
120027556016,快 来看
120064807296,回复 : 50 分钟 极致 享受
121912608912,唯有 辩论 双方 都 尽全力 深化 自己 所执 的 立场 才能 在 更 高 的 层次 上 实现 真理 的 合题 这 也 就是 辩手 之 偏执 的 意义
121952752688,事物 都 是 存在 两面性 相对 的 最后 呈现 的 就是 点到为止
122123932672,回复 : 意思 就是 看待 一个 东西 和 对待 一个 东西 是 不 一样 的 你 看待 东西 可以 从 不同 方面 去 看 但 对待 东西 的 时候 你 只能 选 一条 路 大概 是 这个 意思 吧 萌新 的 瑟瑟 发抖
126039698048,所以 说 辩论 重要 的 不是 结果 而是 实打实 的 过程 它 能 很 好 的 引领 我们 更 深入 的 去 思考 一个 问题 只要 潜心研究 就 会 发现 不 一样 的 问题 收获 不 一样 的 结果
126039901392,回复 : 确实 就是 应该 多 找 一些 现实 的 例子 如果 光说 道理 的话 的确 会 显得 空洞 无力
126125953040,回复 : 这 哪 简而言之 了 看 辩论 的 都 这么 恐怖 嘛
128505042272,自信 另 我们 热爱生活 积极向上 不 挑剔 不 自卑 不 卑微 保持 自己 热爱 学习 感到 开心 感到 自足 感到 生活 有 盼头 感到 生活 充满 快乐 人类 多 的 是 好人
128960411472,辩论 有 三个 好处 第一个 锻炼 人 的 单 命题逻辑 思辨 能力 第二个 帮助 对 立方 看到 不同 人 的 深刻 视野 打开 思路 第三个 帮助 观看 的 人 更好 地 理解 这个 议题 的 不同 面
129097812464,回复 : 找到 答案 了
129272978336,在 边界 试探 中品 出 新意 再 由 正确 引向 重要
129306151104,所以 说 真理 越辩 越明 也许 得出 的 结论 不 重要 但 思维 碰撞 的 过程 一定 会 给 我们 带来 更 多 的 思考
129335274496,安徽省 铜陵市 铜 官区 虚镇 北京 中路 297 号 铜陵 学院 老 校区
129493309616,改变 了 我 之前 对 辩论 的 看法 有 一种 豁然开朗 的 感觉 受教 了
129589048848,辩证 是 思想 的 碰撞 是 对 思维 极好 的 锻炼 也许 重要 的 并 不是 结论 而是 思考 的 过程
129799309888,虽然 不 知道 有 多少 人能 看 完 但 我 猜 在 评论 区 弹幕 里 杠 的 肯定 不会 看 完
130269934528,感谢 只是 突然 想 看 一下 辩论赛 来 提升 自己 的 逻辑 能力 和 口语 表达 没想到 感受 到 了 辩论 的 魅力 不是 吵架 而是 像 讨论 一个 问题 一般 追求 这 事情 的 正确 答案 而 看 了 up 主写 的话 我 觉得 自己 有 一点 想错 了 我 知道 很多 东西 不是 非黑 即 白 但 辩论 里 我 却 固执 的 认为 永远 只有 某 一方 对 正方 或 反方 他们 某 一个 是 正确 答案 up 的话 让 我 明白 了 辩论 的 真正 意义 谁 赢 或者 谁 的 答案 对 已经 不 重要 了 重要 的 是 辩论 队员 的 碰撞 之间 能 让 我们 产生 什么样 新 的 思考 和 认知 其次 才 是 答案
131474244640,回复 : 说 的 好 棒
131584123568,经典 永 流传 我 也 没有 想到 我 2022 年会 看 2001 年 的 视频
132299142384,这 篇文章 我 在 杂志 上 看过 我 比较 赞同 这个 观点
132514132016,回复 : 支持
132514755936,回复 : 我们 嘴上 说 着 要 辩证 看 问题 放声 地 重复 却易 养成 惰性 流 于 思想 上 的 浅薄 是 啊 真理 本该 就要 碰撞 出来 的
132549462704,回复 : 说 的 真 好
132900423072,回复 : 你 真的 蛮 倒胃口 的
133251055568,回复 : 谢谢您 让 我 看到 这段话 因为 这 一段话 才 让 我 坚持 了 辩论
133647764448,这 不是 辩证法
134616361856,回复 : 如雷贯耳 醍醐灌顶
134616435216,回复 :
134793581360,感谢 up 的 搬运 了 受益匪浅 条条大路通罗马 追求真理 的 道路 也 不止 一条 是是非非 谁是谁非 固然 值得 追究 但 最 重要 的 还是 其 背后 存在 的 真理 和 追求真理 的 行为 对 真理 的 深入 探究
135734262352,感觉 up 主 好不容易 啊 跟 3 个人 辩论 而且 间隔 也 不长 也 能 一步步 看到 从 平静 到 疲惫 最后 到 暴躁 的 变化 看得出 有益 的 思考 与 无 意义 的 争论 都 是 存在 的 不过 在 纷乱 之中 一时 无法 分清 作为 考古 有幸 经过 时间 洗涤 后 发掘 双方 辩论 留下来 的 有益 的 思考
135963399920,回复 : 看 下来 完全 理解 您 后来 的 暴躁 而且 这 又 不是 在 正规 的 辩论赛 上 并且 明明 指出 对方 逻辑 有 错误 了 但 对方 还是 强行 去 进行 无 意义 的 争论 尤其 是 那些 胡搅蛮缠 曲解 蔑视 辩论 只是 为了 显示 自己 不同 的 单从 您 能 认真 去 看 他们 的 回复 并 在 思考 后 回复 他们 已经 是 很 有 耐心 很 厉害 的 了 希望 您 能 一直 坚持 并 追求 您 所 热爱 的
136527480144,186
141133214192,看 完 了
141789986784,这 一楼 也 在 辩论 好 精彩
149678256096,这场 辩论 已经 3 刷 了 太精彩 了
151475426592,回复 : 2023.2 . 9 号 穿越 过来 看 感觉 你好 厉害 啊
165829442592,回复 : 我悟 了
515659431,某些 弹幕 真的 迷
515619513,别开 弹幕
515259928,安利 av2882221 是 2015 的 星辩 复赛 用 的 就是 这个 题 复赛 01 和 复赛 02 两个 视频 立论 很 新 论证 也 漂亮 注解 了 经典
514486269,本子 万恶之源
514402857,说 马方 辩手 三句话 不离 黄暴 的 你们 自己 想想 辩题 我 肯定 要 找 不是 钱 诱发 的 恶 除了 黄暴 你 还 能举 啥 例子 你 抓住 了 这个 例外 为 论据 逻辑 依据 你 的 逻辑性 就 很 强 展现 的 逻辑 能力 和 说服力 就 很 强 呀 ( )
517152270,看到 你 这 我 想到 了 反驳 的话 然后 我 他 么 突然 又 想到 了 反驳 我 自己 的话 我 他 么 自己 跟 自己 做 辩论
519259683,我 个人 认为 一个 开明 的 社会 应该 对于 这些 羞于启齿 的 问题 有 更加 理性 透彻 的 讨论 敢于 讨论 而 不要 敢于 行动 而 不是 不 讨论 不 教育 这样 不能 在 现实 中 避开 他们
514160357,天 啊 我 是 什么 我 连话都 不会 说
514026496,言辞 华丽 93 年 那个 也 不错 怎么 说 呢 当时 的 阅读 量 大 但 逻辑 框架 都 是 有 的 啊
514024305,置顶 的 那个 人 无语 了
513948572,原子 是 万恶之源
513810707,弹幕 大神 弹得 一手 好琴 写 得 一手 好 文章 对 娱乐圈 种种 潜规则 了如指掌 打游戏 画画 也 是 不在话下 逻辑思维 又 好 辩论 也 是 顶呱呱 我超 羡慕 的
128916876960,哈哈哈 哈哈
131674839664,一针见血 了 属于 是
132531299328,穿 回来 点个 赞 B 友们 太牛 了
133615311744,回复 :
133617653568,b 友们 实在 是 太强 啦
135597348128,只 可惜 弹幕 里 活跃 的 那 是 风生水 起 的 大佬 们 要 保持 自己 隐秘 的 身份 现在 也 没见 他们 来 评论 区 抛头 露脸
136310314048,参加 过 就 明白 了 我 大 一 参加 过 一次 上去 话 都 说不出来 本来 都 想 好 怎么 反驳 了 但是 一 开口 味道 全部 变 了
137153419424,回复 : 我 辩论 结果 妈 的 承认 了 对面 的 观点 就 再也 不 辩论 了
152136248272,小 电视 _ 赞
193935905552,23 年 穿越 归来 点赞
281194067696,所以 原来 是 墙头草 吗
289915360193,不是 吧 2017 年
513787178,考古
513751312,一句 话 吧 假如 现在 世界 上 所有 货币 都 消失 了 能 交易 的 也 就 相当于 剩下 实物 可是 有 的 人 不想 交易 呀 该 抢劫 还是 抢劫 ( = = )
515606847,重要 的 不是 论题 而是 选手 的 表现 啊 本身 论题 也 不是 选手 选 的
515667230,回复
513585709,我 没 钱 恶不恶 之源 都行 _ ( _ ) _ ( ) ( ) ( _ ) ( _ )
513572946,我 不会 说话 但是 太牛 逼 了
513563719,万恶之源 人
513585859,万恶之源 ( ) 黑洞
513172065,这么 好 的 辩论 节目 居然 没有 办 下来 呢 感觉 好 可惜 现在 大学 各项 活动 都 没有 个 像样 的 国际 赛事 不 觉得 很 遗憾 吗
513485314,现在 有 啊 新国辩 你 可以 搜 一下 国际 华语 辩论 邀请赛 虽然 我 只是 搬 了 前 几年 的 一点点 但 其实 这 几年 一直 都 有 办
512554783,一群 狺狺狂吠
511952248,劝 你们 不要 开 弹幕 看 弹幕 看得人 无 语
509780076,看 完 俺 的 感觉 就是 这些 人 真是太 厉害 了 俺 就是 个 庸人 该 吃饭 吃饭 该 生活 生活 想 这 东西 脑瓜 疼 曾经 俺 思考 了 很 久 这种 问题 比如 我 为什么 要 活着 不同 的 感受 有 很 多种不同 的 结论 最后 都 快要 走火入魔 神情 呆滞 了 所以 这种 问题 还是 留给 嘴炮 高手 的 好 ( )
509186329,辩论 史上 最 经典 的 战役 ? ? ? ? 那 1993 年 的 狮城 舌战 算 第几 经典 啊
509778596,历史 地位 上 挺 重要 的 是 现在 辩论赛 的 开山鼻祖 但是 内容 嘛 ....... 不忍 直视
514022597,回复
507709161,为什么 弹幕 有 那么 多 智障 儿童 把 普通 的 归 谬说 成是 偷换概念
509772366,正常 你 都 说 了 是 智障 嘛 改明儿 这些 ZZ 重新 学了 几个 名词 照样 蹦 的 比 谁 都 欢 ( )
505906146,弹幕 不太 同步 啊
503924465,反正 正方 说服 不了 我
504853094,表情 怎么 打 出来 的 呀
504894897,回复
515608879,本身 正方 明显 比 反方 更难
503146479,怎么 说 这里 的 辩论 者 本身 的 能力 都 很 厉害 然而 在 社会 主流 引导 下 通常 看 辩题 就 大概 知道 哪 一方 会 获胜 了
501188605,死 郭 已 给 你 两个 硬币 一个 给 你 搬运 辛苦 了 另 一个 替 我 转 交给 他们 嗯 掰 成 10 块 比较 公平 ( )
500113296,正方 实力 综合 实力 更 强输 在 选题 反方 其实 有 很多 正面 的 例子 和 回答 可以 再 多 做些 文章 的 但 急于 反驳 对方 最后 赢 也 有惊无险
498664018,真 厉害 呀 我 的 妈
496151648,666
495558307,最后 颁奖 时 以及 余磊 领取 最佳 辩手 奖时 武汉大学 队员 那 几个 男队员 有些 礼仪 问题 就 个人 来说 让 我 感觉 有些 不 舒服 虽然 失败 了 但是 应该 保有 风度 才 是 大将 风范 才 会 成为 最后 的 赢家 成功 看 人品 失败 更 看 人品 整体 上 来说 他们 最后 有些 浮躁 了 甚至 有些 轻浮 了
503237906,对 颁奖 的 时候 马大 的 都 很 谦恭有礼 没有 张扬 都 在 鞠躬 握手 也 很 礼貌 而且 我 注意 到 不管 是 这场 还是 其他 场 胡渐 彪 站 起来 总结 一定 先说 谢谢 还有 有时候 自由 辩 时间 很 紧张 的 情况 下 也 会 说 谢谢 特别 有 礼貌
143397552592,回复 : 那 毕竟 是 人家 赢 了 呀
494358609,没 茅台
491857777,弹幕 智障 真 多 每次 在 b 站 看 类似 视频 都 必须 关 弹幕 无 语
491226507,对错 不 重要 庄子 说 难道 你 赢 了 我 我 就是 错 的 吗
490912158,正方 一直 在 偷换概念 强词夺理 反方 虽然 口齿不清 但是 抓住 痛点
488444673,恕我直言 在 我 的 思想 中 任何 一种 绝对性 的 观点 都 是 狭隘 的 辩论 的 意义 应该 仅仅 局限于 修正 和 更新 自己 的 观点 辩论 可以 有 但是 像 比赛 这种 非要 将 两种 观点 分出 个 高低 的 我 实在 不敢恭维
491588975,确实 如此 确实 没什么 高低 之分 但是 也 要 承认 有 了 这种 狭隘 的 高低 有些 东西 才能 发展 社会 多少 东西 不是 靠着 这种 狭隘 来 发展 的 呢
491859813,理想化
495529857,辩论 比赛 的 输赢 判定 在于 双方 对于 自己 论证 的 完成 程度 和 对于 对方 论点 的 拆解 从 一 开始 就 没有 对于 论点 高低 之分 我 觉得 你 对 辩论 比赛 是不是 有 什么 误解 ? 私 以为 辩论 的 意义 在于 对 了解 自己 持方 观点 和 对方 观点 之所以 成立 的 理由 从而 完善 自我 辩题 本 无 高下 但 辩手 则 不 一样
508010272,您 说 的 对 其实 作为 辩手 也 并不认为 自己 赢 了 某场 比赛 自己 所持 的 观点 就是 正确 的 辩论赛 在 90 年代 的 意义 是 推广 普通话 加强 各国 华语 圈 的 联系 和 对 彼此 的 认同感 现在 而言 更 多 的 是 通过 比赛 来 提升 自己 启迪 他人 推动 大众 对 某些 问题 的 思考 和 关注 比赛 胜负 本身 就是 次要 的
513487633,大概 只有 你 这样 的 圈外 人士 才 会 觉得 辩论赛 的 目的 是 把 观点 分 个 高低
513490692,回复
513491709,回复
513500331,回复 : 唉 观点 绝大部分 情况 下 都 没有 高低 只有 像 你 这种 人 的 脑子 才 需要 区分 好坏 啊
513504481,回复
513504749,回复
513505381,回复
513516693,回复
513517800,回复 : 唉 我 讲 逻辑 了 您 没有 啊 我 又 有 什么 办法 呢 比赛 的 结果 是 某个 观点 胜 了 抱歉 只是 某个 队伍 和 它 的 立论 体系 还有 他 的 交锋 处理 比 对面 表现 得 好 而已 打个比方 您 如果 在 公共场合 大肆宣扬 奥运会 是 对 运动 精神 的 物化 目的 是 激化 国家 与 国家 之间 的 矛盾 您 觉得 您 会 不会 被 打 呢 辩论赛 是 竞技 性质 的 关注点 应该 是 立论 的 切入 好不好 交锋 处理 好不好 观点 升华 得 好不好 不是 可以 被 您 这样 随意 诋毁 的
513520801,回复 : 辩论赛 的确 有 输赢 的确 分 了 高低 但是 从来 就 不是 分 论点 的 高低 难道 我们 会 说 你 看 你 看 钱 果然 不是 万恶之源 吧 哈哈哈 你 看 正方 那群 智障 观点 是 个 什么 东西 我们 不会 我们 会 说 什么 正方 从 这场 比赛 开始 明白 辩论 并 不 只是 对 语言 和 文字 的 玩味 不是 例子 与 歇后语 的 堆砌 不是 感情 的 渲染 不是 引导 观众 的 共情 辩论赛 是 要 好好 聊 的 您 看 我们 不会 给 观点 分 高下 只有 您 会 所以 我 说 只有 你 这样 的 脑子 需要 分 好坏 最后 我 说 一句 我 的确 说 不过 您 溜 了 溜 了 好自为之
513521251,回复 您 觉得 up 这个 自以为是 只会 人身攻击 而 从 不敢 与 人 正面 刚 的 人 算是 个 合格 的 辩手 吗
513528911,( 3 ) 回复
513531820,回复
513534060,回复
513534467,回复
513535781,回复
513667958,回复 : 人身攻击 并 不 可取 两位 这 既 不算 辩论 我 也 没 看过 up 主打 比赛 我 怎么 好 评价 up 主 呢 不过 up 主 有点 说得对 辩论 的 目的 并 不是 给 观点 分 高低 也 不 认为 自己 有 能力 分 高低 决定 输赢 的 太 多 了 个人 能力 团队 协作 战术 安排 赛前 准备 知识 水平 因此 辩手 们 很 明白 自己 赢 未必 就 代表 自己 正确 只是 己方 在 这 40 分钟 里 呈现 出来 的 展示 效果 更好 更具 说服力 如此 罢了 如果说 辩论 真的 有个 目的 那 狭义 上 讲 可以 是 培养 批判性 思维 往大 了 讲 我 就 不敢 妄言 了 正如 奥运 一样 奥运 精神 是 更 高 更 快 更 强 但 这 并 不 妨碍 运动员 追逐 胜利 不 妨碍 我们 为 胜利者 欢呼
513965445,你行 你 厉害 你 牛 逼 你 棒棒
513966334,回复
514027413,这种 辩论 不是 把 两种 观点 分出 高下 的
514032966,然后 就是 双方 的 立场 是 抽签 决定 的 哪怕 你 抽到 了 一个 你 自己 不 认同 的 你 也 得 去 辩 不 存在 优劣 好坏 之分 还有 一个 永远 不要 试图 说服 对方 辩手 我 也 是 圈外人 看 辩论 是 作为 观众 去 看 的 然而 并不一定 拘泥 说 这个 观点 一定 对 那个 观点 一定 错 只是 觉得 知识 技巧 语言 都 有 它们 的 奥妙 以上
514118213,_ 您 了解 过 什么 叫 辩论赛 吗 辩论赛 的 目的 从来不 是 为了 得出 哪个 论点 是 正确 的 辩论赛 的 目的 是 评比 出 辩手 能力 的 高低 分清主次 关系 谢谢
514129579,层主 自己 都 说 了 任何 一种 绝对性 的 观点 都 是 狭隘 的 而层 主 原话 像 比赛 这种 非要 将 两种 观点 分出 个 高低 的 也 正好 是 绝对性 观点 的 体现 因为 比赛 并非 是 讲 两种 观点 分出 高低 还有 更 多层 主没 看到 的 意义 和 存在 所以 层主 已经 承认 自己 狭隘 了
514492784,看 完 视频 看 评论 我 已经 满脑子 金钱 想 说 什么 都 想到 金钱 了
514581611,这种 评论 怎么 还 能 置顶 的 是 被 吊起来 了 吗
514606772,回复 : 显然 是 在 挂 人 啊
514641225,没 毛病 说 的 很 有 道理
514674534,能 拿来 当 辩论 的 题 不 可能 有 清晰 的 定论 和 高低 吧 不然 这 怎么 可能 有 争论 我 也 觉得 他们 说 的 还是 有 道理 有 输赢 那 是 成立 在 他们 各自 辩论 的 逻辑性 和 完善 性
514769351,你 不 觉得 你 怎么 说 的 别人 你 自己 不 也 这么 在 做 么 说话 酸 不 好好 剖析 就 来 内 一个劲 嘲讽 别人 辩论 起码 会 让 一个 人 在 这个 过程 中 意识 到 自己 的 不足 没有 一次 比赛 我 想着 会 去 说服 哪 一个 因为 我们 起码 知道 自己 不是 完全 对 的 我们 肯 静下来 听 好 别人 的 发言 去 汲取 对 自己 有用 的 反思 对方 所说 的 的 有则改之 无则 注意 而 不是 你 这样 别人 有 一点 和 自己 不 和 就 开酸 君子 和而不同
514788815,套用 你 的 观点 你好 好看 你 视频 就 好 了 瞎 bb 啥 ? 自己 说 的 和 其他人 看法 不 一样 就 不让 说 了 还 真是 普天之下 皆 你 父母 啊 这么 经不起 质疑 啊 我求 你 收起 你 内 可笑 的 虚假 敬语 恕 你 直言 搞笑 就兴 你 说 我 爽 了 还 不让 别人 评价 一下 就 看 你 回复 up 主 的 第二个 那 来回 哪去 ? 你 真 搞笑 了 哇 ? 意思 你 这 是 告诉 我们 你 善意 提醒 不要 反驳 你 ? 还 说 人家 不 正面 回答 你 你 这 是 想要 正面 回答 的 口吻 ? ( 我 就是 在 揣测 你 的 意图 还是 恶意 )
515260447,回复
515310792,你 根本 不 懂 什么 叫 辩论赛 辩论赛 看 的 是 说话 是否 条理清晰 逻辑 严密 旁征博引 不是 看 辩题 怎么样 选手 抽到 辩题 不 代表 他 本身 支持 辩题 裁判 也 不 一定 支持 胜者 的 观点 判决 依据 的 是 双方 的 口才 并 没有 把 观点 分 个 高低
515381329,回复
515496201,回复 这 就 跟 管人要 先 管好 自己 一样 自己 没 管好 自己 之前 麻烦 您老 收 点心
515521754,回复
487584714,马大赢 不止 靠 的 是 一句 万 就是 一切 马大 核心 的 点 叫做 贪才 是 万恶之源 余磊 这 把 崩 的 太 厉害
485271173,好 厉害
485009904,中方 总能 看到 女 辩手 的 身影
483860304,超清 也 拯救 不了 的 画质
483698219,( ) ! ? 为什么 明明 50.05 播完 了 还 能 继续 播 而且 没 弹幕 灵异 ? ( ; )
482775085,有句 话 很 经典 枪 不会 自己 去 杀人
488841434,走火 的 枪
488955203,你 把 枪 放 那 一辈子 都 不会 走火
501187694,人 贪 的 是 什么 呢 是 钱 没有 金钱 他们 还会 去 干 这些 伤天害理 的 事 吗 不是 的 但 钱 有 积极 的 意义 存在 也 是 无可反驳 的 人 不 可能 明 知道 还 去 创造 一个 万恶之源 只能 说 这个 辩题 对 正方 太 不利 了
501294522,回复
482458019,有没有 人能 看到 我 我 今晚 第一次 辩论赛 可以 给 点 意见 吗 看 完 这个 我 更 紧张 了
483334977,别怕 啊
492208248,我过 几天 参加 辩论赛 超 紧张 特别 是 我 这个 辩题 我 自己 都 没 办法 让 自己 信服 跟 这个 类型 好像 都 不能 说 是 绝对 的
493094736,回复
493095089,回复
493363433,回复
481669730,钱 是 万恶之源 也 没 说 钱 有罪 啊 只 说 它 是 源头
481460272,钱 是 万恶 之缘 并 不 代表 钱 是 恶 比如 贪钱 的确 是 贪 是 恶 可是 贪 的 源头 是 钱 ( )
476870163,恕我直言 原始社会 食物 也 是 钱
476003449,看 了 两遍 发现 在 自由 辩论 正方 时间 就 快 结束 的 时候 余磊 小哥 突然 意识 到 了 一件 事 但 为时已晚 钱 促使 人们 制造 暴力 节目 暴力 节目 传播 消极 文化 因此 当今 人们 的 种种 恶行 都 是 由 钱 产生 的 啊 我 认为 依照 这个 逻辑 正方 有 很大 机会 取胜 希望 大佬 们 给 个 意见
476970279,那么 反方 的 在 钱 出来 之前 的 恶 就 不是 恶 了 吗 不好 辩
514583338,回复
474381689,一场 经典 的 辩论赛 就 被 你们 这样 瞎吐槽
474218520,这个 视频 清晰度 好像 要 高 一点
472265991,我 以为 我 永远 都 不会 接触 到 辩论赛 直到 班主任 点名 要 我 去 当 辩论 手
473553398,我 昨天 突然 被 报名 现在 还是 懵 b 中
489994141,回复 : 好好 努力 辩论赛 还是 挺 有意思 的 虽然 已经 毕业 6 年 了 每每 思及 辩论赛 还是 胸中 激昂 澎湃 不管 是 输 是 赢 最 重要 的 是 努力 过 一定 要 加油 好好 做成 这件 美事
490517595,回复 : 谢谢 我们 第一场 赢 了 赛前 准备 比较 充分 临场发挥 不行 还是 紧张 了 目前 还 在 紧锣密鼓 准备 第二场
493813319,回复
495057028,回复 : 我们 昨天 刚比 完 第二场 我们 差点 就 输 了 ............
1975584309,被 安排 说 是 备用 辩论 队 成员 然而 明天 要 正式 比赛 了 搞 啥 啊
135551118192,我 想 进 辩论 队 但是 老师 一口 拒绝 我
472102585,正方 中国 的 不行
469476369,学校 放 的 时候 我们 是 当 搞笑片 看 的
471714190,小学 or 初二 以下
473193498,回复 : 高中 了
469307931,钱 不是 万恶之源 没钱 是
3719295780,万万不能 的
468946870,虽然 我 不 懂 辩论 的 东西 但是 感觉 正方 好亏 啊 说 一个 理论 绝对 正确 的 前提 就是 没有 东西 能 证明 它 是 错 的 辩题 能 展开 辩论 就 说明 辩题 本身 就是 错 的 把 错 的 说 成 对 的 ......... 纯粹 就是 玩 技巧 得分 了 .........
513490576,并 不是 这 样子 的 呢 有点 难 解释 清楚 总之 论点 的 切入 是 很 考验 水平 的 并 不 只是 所谓 的 玩弄 文字 技巧
468285090,很迷 看个 辩论赛 也 有人 对骂
468160304,辩论 只是 一场 游戏 目的 是 为了 打败 对方 实际上 东西 到底 怎么样 大家 心里 都 清楚 你们 这么 着急 干什么
472921559,我 很 赞成 你 这么 说 刚 开始 我 还是 看 的 挺 有趣 的 到 后面 因为 两面 都 有 漏洞 或者说 我 自身 个人观点 上 的 不 认同 就 感觉 没意思 的 但 后面 一想 辩手 的 演讲 也 都 是 据理力争 和 对 观众 或者说 宣讲 对象 的 观点 的 影响力 和 情绪 渲染 上 掺半 不如 哲学 或 科学 这般 求真务实 当当 正正 的 寻个 结果 当代 辩论赛 注意 这个 赛字 其实 内在 是 以 竞技 为 目的 的 并 不是 真正 的 对 本源 或 事实真相 的 完整 挖掘 也 就 想开 了 看 的 下去 了 还 觉得 蛮有意思 的 能 了解 到 很多 自己 不 知道 的 知识 和 观点 个人 比较 倾向 钱 不是 万恶之源 而是 如 火上浇油 一样 的 助长 或 为 恶 提供 便利 罢了 恶 自古 有 之 钱 是 催化剂 即 推动 人类 发展 也 因 其 便利 而 助长 恶 的 火苗 贪钱 贪钱 本质 在 贪 贪权 贪 便 堕 贪 内心 的 自我 满足 * * * * 性欲 需求 等等 之后 的 满足感 如此 一看 种种 的 恶 根本 的 起源 是 人类 的 需求 而且 恶 这种 东西 的 定义 是 与 道德 挂钩 的 然而 道德 标准 又 是 不断 改变 的 道德 不过 是 人类 社会 的 一份 软性 的 公共 契约 硬性 的 大多 以 暴力 执行 比如 法律 和 原始部落 的 族规 之类 的 只不过 是 叫法 不同 罢了 本质 是 希望 得到 大多数 人 的 认同 和 支持 以此 保护 自身 和 人类 延续 的 目的 被 舍弃 的 在 当时 不 被 大多数 人 认可 的 不利于 人类 延续 的 需求 就 被 定义 为 恶 所以 人类 的 恶 的 本质 源头 是 人 需求 名词 本质 是 不 被 绝大多数 人 认可 和 当时 又 阻碍 人类 延续 而 被 抛弃 的 需求 还有 一部分 是因为 要 获得 需求 但 方式 不 被 大多数 人 认可 并 对 人类 延续 有 影响 才能 表现 出来 但 本质 还是 是因为 不想 以 被 社会 认可 的 路径 去 实现需求 即 需要 堕 的 满足感 比如 是 * * 而 不是 相爱 是 背 地 违法 * * 而 不是 老老实实 竞争 如此 这些 依然 不能 讨论 清楚 因为 还要 带入 不同 时代 不同 社会 体系 下 的 情况 本人 也 是 一个 小小 大学生 无法 在 短短 几行字 里 讨论 清楚 而 辩手 本 就是 被 分 在 非 黑 即 白 的 对立面 还 在 几分钟 内 就要 应对 对方 提问 和 发表 自身 理解 更何况 还要 玩些 文字游戏 是 根本 不 可能 得出 完美 答案 的 所以 一些 人 也 不用 急 着 仿佛 要 上台 切磋 一般 的 喷 以上 个人 拙见
472923536,暴 力 施 虐 和谐 字 ( _ )
473198314,回复 : 看到 弹幕 里 那些 一身正气 的 阐述 自己 观点 的 我 也 是 表示 无话可说
513495942,回复 : 哎 并 不是 的 啊 辩论 过程 中 绝大部分 思考 都 在 赛前 走 完 了 在 场上 是 论点 的 交锋 和 碰撞 对 事物本质 的 探讨 是 一方面 寻找 论点 存在 的 意义 是 另一方面 啊 两者 不 冲突 好 吗 钱 是不是 万恶之源 不 可能 从 一场 比赛 得出结论 我们 只是 在 讨论 各自 立场 的 合理性 以及 不足 罢了 所以 关注点 应该 是 双方 的 立论 架构 交锋 的 逻辑 处理 和 对 论点 的 深度 挖掘 之类 的 然而
468147846,看得 老 懵 学校 的 辩论赛 要 怎么办 了
467527941,正方 论点 站不住 啊 不过 辩论赛 抽到 也 没 办法
465590158,有些 恶 与 钱 有关 有些 恶 与 钱 无关 与 钱 有关 的 恶 叫 损人利己 的 恶 与 钱 无关 的 恶 叫 损人不利己 的 恶 就是 为了 恶而恶 没有 理由 或者 只是 一时冲动 这 类 例子 有 很多 比如 你 瞅 啥 瞅 你 咋 滴
465593145,所以 我 的 观点 是 不能 把 所有 恶 的 本源 都 归于 钱
463087943,然而 万恶之源 本身 并 不是 恶 黑人 问号 脸
513497743,完全 没 毛病 倒不如说 直接 默认 恶 的 源头 必然 也 是 恶 才 是 逻辑思维 不强 的 体现
462393495,请 各位 b 站 大佬 看 比赛 之前 能 不能 稍微 了解 一下 辩论赛 的 常识 什么 都 不 知道 上来 一通 喷 难道 就 会 让 您 看 的 舒服 吗
462093801,这场 加西 交大 四剑 那场 都 是 真正 的 经典 反复 看 了 很 多次
461596399,参见 弹幕 区 的 各位 大佬 们
461570028,说实话 我 水平 太低 除了 几个 人 发言 时 语言 混乱 这点 外 一点 都 看不出来 谁 辩论 更 厉害 这个 就 更 看不出 了 感觉 都 很 厉害 我 辩论 时 都 是 抓 着 一些 浅显 的 道理 语文 什么 的 完全 不及格
461597913,看到 很多 人 说 正 四 的 总结 后半段 有 错误 我 说 一下 自己 的 理解 正四 总结 的 时候 是 针对 反方 提出 的 钱 带来 的 善 把 钱 带来 的 善 引申为 在 人性 之光 的 作用 下 打败 了 钱 的 万恶之源 本性 从而 带来 的 善 所以 我 认为 正四 的 总结 是 相当 好 的
460766831,我 以为 我 永远 不会 看 辩论赛 直到 我 被 人 坑 去 当 了 辩论 手
461230330,哈哈哈 同喜 同喜
1980712968,现在 的 我 既 视感
1980783912,回复 : 这 是 我 两年 前 的 事儿 了
1982826469,现在 的 我 就是 如此
1984532950,现在 的 我
2013033897,我 是 被迫 的 我 太难 了
2018254161,现在 回复 你 我 也 是
2019909051,我 也 是 嗷
2034256818,我 也 是 下周 倦 了
2036011322,啊啊啊 明天 wsl
2038717419,wa da xi mo !
2081514446,今天 的 我
2083913730,今天 的 我 + 1
2099964181,同感 同感
2103003947,现在 的 我
2113331298,现在 的 我
2136663065,现在 的 我
2144758136,现在 的 我 / ( o ) / ~ ~
2153517323,哈哈哈哈 哈哈哈哈 马上 辩论 的 我 ( | | ) & lt ;
2172897671,我 也 是 哦哦哦 哦 哈哈哈
2188819663,我 也 来 了 ...
2513145123,一样 一样
2514734040,深有体会
2662871932,对 我 也 是
2804631863,俺 也 一样
2824652189,一个 星期 前 的 我
2862380713,今天 的 我
2869101641,闺蜜要 辩论 被动 主动 来康 视频 学习 了
3173201233,后天 的 我
3219248286,今天 的 我
3376827614,后天 初赛 的 我 来看 视频
3434118601,正在 进行 时 和 还有 90min 好戏 就 开始 了 ...
3490627008,我 也 是
3516571986,明天 的 我 气死 了
3529883398,我 也 是 辩协 面试 使 我 来到 这里
3574471178,现在 的 我 准备 着 比赛 分析
3591290558,现在 的 我
3594817664,现在 的 我 周五 要 去 辩论
3598980142,正在 准备 辩论
3606154101,哈哈哈 我 也 是
3606154258,下周一 比赛
3624191741,我 也 是
3642411419,差不多 现在 我 也 是 大学 辩论 队一辩 辩手
3653226231,+ 1
3665247637,现在 的 我
3667520658,+ 1
3687407628,手臭 抽签 惨 我 惨
3687861193,同喜 同喜
3710513617,我 也 ..... 一辫手
3743524257,现在 的 我
3819288894,我 也 是
3826758707,hhhhhhhhhhhhhhhhhhhhh 俺 也 一样
3840038135,两天 后 的 我
3969620082,太 真实 了
4218831081,我 以为 我 永远 不会 看 辩论赛 直到 我 老师 布置 了 作业
4241758431,现在 的 我
4245791828,现在 的 我
4248400724,现在 的 我
4251394541,现在 的 我
4365569369,现在 的 我
4368787118,好家伙 我 也 是
4385747101,我 也 是
4410319646,我 没 报名 直接 一个 电话 给 我 内定 了 我 连 辩题 都 不 知道 看到 有 这么 多 同志 我 还是 很 伤心
4432980091,现在 的 我 一场 没 打过
4455720516,我 也 是
4466529127,明天 辩论 我来 学习 一下 还学 什么 呀 我方 投降 神仙 们 也 太 厉害 了
4519714006,我 也 是 这 两天 搞 比赛
4537486220,我 也 是 被迫 的 太紧张 了 完全 不 了解
4540748428,草 了 我 也 是
4646050785,2021 的 我 也 是
4864180986,20210708 同样 遭遇
4937186204,我 也 是 班里 没人 去
4978612718,还是 很 厉害 嘛 不然 怎么 进 的 了 辩论 队
5377766267,+ 1
5387217794,现在 的 我
5395091823,辩论 要 注意 什么 一次 没 参加 过 被 单位 赶鸭子上架 太苦 了
5395747178,有 啥 说 啥 别 被 不 说话 就行了 否则 会 很 尴尬
5452651411,哈哈哈哈 一模一样 明天 就 比赛 了
5462951894,现在 的 我
5513164522,被迫 辩论 手给 你 点个 赞 QAQ
5519872091,世 另 我
5543756832,我 也 是
5551108164,我 也 希望 能 发挥 超好
5561049084,我来 了
5579151912,+ 1
5580393326,现在 的 我
5581605864,今年 的 我 现在 的 我
5584968375,大一 的 我 只想去 志愿 服务队 帮帮 老人 小孩 然后 队长 说 我 气质 好 把 我 推 给 了 她 闺蜜 辩论 队 队长 就 聊 了 聊天 我 就 被 内定 一辩 了 三天 后 打 新生 杯 现在 深夜 边 看 视频 学习 边 查资料 赶 稿子
5590084878,明天 辩论赛
5595925346,我 也 是
5612724450,现在 的 我
5624101420,另 一个 结局 我 被 拉 去 当 了 主持人
5627811283,我 也
5647005518,回复 : 现在 是 四年 前 的 事 了
5690378184,虽然 我 迟 了 好多年 但 我 也 是因为 这个 原因
5692338543,现在 的 我 既 视感
5699026594,我 也 是 被 拉 去 参加 辩论赛 我 现在 在 紧急 补课
5726572590,现在 的 我 + 1
5728150361,同 啊
5740650588,明天
5801296538,回复 : 大后天
93354686832,真实
93528925680,我 也 周一 打 辩论 了 我 啥 都 还 不 懂 没 准备 噢 我 二辩
93606832208,回复 : 后天 我 一辩
94006636144,我 也 哈哈哈 哈哈哈
94288960000,俺 也 一样
95840161952,我四辩
101490238736,今天 的 我
102504841120,明天 的 我 害怕 阿巴 阿巴 一句 都 说不出来
104698283456,现在 的 我
105677428064,我 也 是
105746039632,同喜 同喜 专业课 被迫 上 的 大 冤种
106529686016,MD 我 也 是
107054275040,我 是因为 看 了 电视剧 突然 很感兴趣
108771722592,现在 的 我
109635119328,共勉
109953841968,明天 的 我
111084381744,我 被 临时 拉去 当 评委 可是 我 连 辩论 都 没 打过
111291574704,现在 的 我
111607077360,我 也 是
112590299232,现在 的 我
112776897264,现在 的 我
114324536304,笑死 哈哈哈 哈哈哈 世 另 我
128485668176,这比 看 电视剧 有 内涵 多 了
128485814000,这比 电视剧 还有 吸引力 呢 人 的 智慧 真不错 呢
129336018128,哇 喔 五年 前 的 评论
130354487600,俺 也
131187221840,是 的 没错
131377546624,现在 呢
131605878832,我 也
132067639328,现在 的 回忆 还好 吗
132096810800,回复 : 不能 说 很 难堪 只能 说 非常 难堪
132895445216,哈哈哈 哈哈 现在 还 在 辩论 吗
134799793904,我 刚刚 抽到 这个 辩题
141385378800,来 临时 抱佛脚
186857787840,脑 抽 参加 了 辩论 社 为了 不 给 队友 拖后腿 的 傻 萌新
191167432864,现在 的 我
191588999744,3202 年 了 我 也
191755934400,有没有 打 起来
194275865856,23 年前 几个 月 有 辩论 来 看看 现在 又 有 一个
216989226288,哈哈哈哈 哈哈哈哈 哈哈哈
218980866624,现在 的 我
220088201328,现在 的 我
281993235153,不同 的 时空 一样 的 遭遇
288092824080,回复 : 参赛 的 体验 如何
460509055,参加 系 的 辩论赛 忽然 觉得 我 感觉 会 被 别人 压 的 死死的
459308162,脑子 跟不上 转 不 过来 ( ) ! ?
457746332,万恶之源 本身 并 不是 恶
457483030,双飞燕 键盘 真 好使 ( ; _ )
456733459,有个 观点 没 怎么 说 到 正方 最大 的 一个点 就是 对于 万 的 解读 还有 一个 可以 去 多 说 一点 的 部分 就是 万恶之源 的 本身 不 一定 是 恶 只是 说 钱 是 万恶之源 并 不 代表 万恶之源 本身 就是 恶 的 恶 的 源头 不 一定 是 恶 的 这 一点 也 可以 回应 反方 所说 的 一切 案例
456293975,我 是 个 很 内向 的 人 结果 老师 说 班上 举行 一次 辩论赛 还 让 我 当三辩 我 ......
460052527,加 1 啊
477602783,同病相怜
454931787,B 站 弹幕 键盘 侠 辩论 大赛
454913575,接 刚刚 楼上 又 搜 了 搜 那句话 出自 星辩 3.0 的 金钱 是不是 万恶之源 b 站 里 就 有 的 看 对 同样 是 金钱 辩 更 有趣 的 是 正方 四辩 在 那 一场 辩论 中 仍然 持 正方
454897704,在 别处 看过 一个 论点 就是 钱 使 人物 化 因此 是 万恶之源 仔细 想想 与 周玄毅 的 涟漪 之谈 有 异曲同工 之妙
472055609,马克思 观点 的 核心 就是 异化
453260595,弹幕 一群 辩论 大佬 呵
452827943,建议 屏蔽 偷换概念
452826513,弹幕 真的 不 懂 类比 论证 和 偷换概念 的 差别 一天到晚 就 知道 偷换概念 偷换概念 真的 无 语
451102490,感觉 他们 懂得 太多 了
450980739,反方 辩手 真心 黄暴 ( )
450944586,二辩 比赛 来 看看
450096265,反方 四辩 完美
449964131,唉 没有 文化 的 我 只能 喊 666 了 ? ? ? ?
449933767,妈 的 我 是 一辩 过 阵子 就 开赛 我 同学 把 我 卖 了 吓 得 我 赶快 来看 辩论赛
450075578,hhhhhh 相同 遭遇 我 是 二辩 同样 被 同学 卖 了 掩面 笑 哭 现在 来 紧急 抱佛脚
451650535,回复
449817343,突然 想 起来 小学 的 时候 语文 老师 给 我们 放过 这场 辩论 _ ( : 3 ) _
448768279,其实 要 我判 的话 觉得 正方 比较 能 说服 我 为什么 不能 抠字眼 呢 这个 超 神奇 啊
447962398,正方 四辩 后期 崩 了 啊 总结 得 不好
447961444,( * ` ) ~ 我 看 晕 了
446770887,正方 核心 论点 有 很大 劣势 反方 只要 把 钱 的 两面性 和 源头 这个 问题 揪住 了 就 等于 抓住 了 七寸
2022855159,一个 辩题 总会 有 优略势 这个 要 看 切入点 和 对决 交锋 有没有 破绽 辩题 劣势 方 评判 团会 酌情 加分 的
446103313,想 问 一下 各位 大佬 有 哪些 比较 好 的 收集 数据 的 网站
445133377,最后 反方 以 一票 取胜
444032724,为了 进院 辩论 队 专门 来 翻 视频 看 真的 很强 倒 是 被 某些 弹幕 恶心 到 了
444451881,上外 吗
444544788,回复 _ )
1727960953,啊哈 哈哈哈哈 混乱 头像
2059599413,我鼠 无处不在
108601485856,重大
441847374,辩论 都 说 是 玩味 文字 为什么 要 计较 这个 命题
448819946,辩论 拼 的 是 脑子 不是 玩味 文字
441012289,人类 社会 真正 的 恶 是 财富 的 不均 物质 分配 的 不均 吧 .......
451662405,忘记 大锅饭 了 吗
451684626,回复 : 大锅饭 那个 是 有点 过 了 过于 绝对 平均 了 绝对 平均 最后 导致 的 就是 不 平均 像 干少活 的 和 干多活 的 回报 一样
472056476,回复
440775632,太有 水平 了 想到 过 几天 就要 打 比赛 了 就 紧张 ( ) ! ?
101459531408,打赢 了 没
439908729,超 喜欢 这边 的 自由 辩 感觉 超棒 超帅
439608730,tm 隔壁 我 再也 不敢 嚣张 的 去 骂人 了 着实 厉害
435583756,对方 同学 今天 的 兴趣 怎么 只 在 QJ 上面 瞬间 笑 疯 ( = = )
435540936,个人 觉得 正方 也 很棒 正方 三辩 是 真的 厉害 我 觉得 反方 四辩 在 总结 是 还是 偏向 反驳 少 了 总结 和 深化 这 一点 正方 做 的 就 很 好 在 最后 深化 了 一下 让 我 想起 蒋 老师 了
432896737,这才 是 辩论
432098663,晚安 啦
431363103,国庆 过后 要 辩论 面试 好 焦虑 ( > _ > )
432264743,哇 我 也 是 国庆 之后 辩论 不过 是 复试 ( ` ) 好 紧张
432290723,回复
432348152,回复 : 哈哈 握手 握手 ( )
429795837,其实 这种 辩论 并 不是 看 谁 说服 谁 而是 看 谁 能 诡辩 这个 孟子 最 拿手 经常 举出 你明 知道 是 不 对 的 例子 但是 却 不 知道 错 哪里 然后 就 跟着 走 了
429382269,刚进 辩论 队 的 我 表示 大触们 真的 很 厉害
427871425,感觉 主要矛盾 在于 万 这个 字 上 啊
427133707,* * 被 反方 四辩 说 得 有点 动摇 了 23333
427131875,我 还是 支持 正方 23333 反方 没有 把 我 忽悠 成功
427129373,都 很 厉害
427124395,武汉大学 竟然 当 了 正方
426559598,因为 这场 辩论 从此 和 辩论 结缘 现在 轮到 我 给 新生 培训 了 让 他们 也 看一遍
424076866,最近 也 入 了 辩论 队 加油
426464300,许愿 十分钟 后 面试 过关
423921228,很 精彩
423911718,明天 第一次 去 社团活动 赶紧 来 学习
423690142,大学 加 辩论 队太 经典 了
422818873,双方 有点 不 对 等 真不知道 这 怎么 出题 的 反方 有 先天 的 优势 正方 嘴炮 再 强 逻辑 上 还是 赢 不了 反方
427126567,亲 辩论 就是 这样 的 一个 论题 即使 正方 是 错 的 你 也 要 让 大家 觉得 这 是 对 的
427596634,回复
421106568,探讨 钱 是不是 做好事 没用 就算 钱 是 万好 之缘 但是 命题 是 万恶 只要 证明 钱能 带来 万恶 可以 了 这 不是 数学题 不能 因为 万好 就 否定 了 命题 的 万恶 如果 不 考虑 命题 钱 的 好处 肯定 大于 坏处
419956064,从头到尾 弹幕 里 出现 的 最 多 的 一个 词 就是 偷换概念 ( )
419928908,过 几天 我 也 要 去 打 辩论 了 希望 自己 加油 不要 怂 ( )
419998123,加油 我 也
436797283,加油 我 也
419274187,弹幕 全是 辩论 高手 好 厉害 呀
415355395,膜拜 膜拜 我 等 凡人 emmmm
415197135,万恶之源 也 不 一定 是 恶 嘛 ( )
426496378,咕哒 子 ( )
414555588,我 看 了 好 一会 才 想 起来 这 就是 那个 黄段子 辩论
413032772,表白 我武 不管怎样 在 劣势 条件 下能 演绎出 这么 精彩 的 辩论 表白
412269493,看 这个 视频 真 不能 开 弹幕
412121744,清谈 哇
411620619,这才 是 真正 的 嘴炮
411461862,非常 经典 记得 在 武大 演讲 与 口才 的 公 选课 上 被 老师 拿来 做 案例 分析
402323880,主要 还是 围绕 万带 不 代表 一切
401936477,看 完 视频 不 知道 钱 是不是 万恶之源 反正 这个 视频 是 万恶之源 了
400016436,三 班集体 签到
398652195,充 Q 币 吧
397466688,正方 说完 忍不住 鼓掌 啊
396892087,说白了 正方 说 钱 是 万恶之源 反方 说 钱 不是 万恶之源 虽然 反方 切入点 没有 错误 但是 真的 恶心 人 正方 对 这方面 的 准备 不足 是 导致 了 失败 的 主要 原因
408804143,你 那个 引号 打错 了 正方 说 钱 是 万恶之源 这是 咬文嚼字 的 诡辩 一 开始 切入 错误 反方 说 钱 是 万恶之源 这是 优势 方 毕竟 万恶之源 是 欲望 正方 一 开始 就 从 诡辩 切入 所以 一 开始 就 输 了 毕竟 文字 功底 再 好 辩论 也 是 看 逻辑 的
408806766,反方 说 钱 不是 万恶之源 少 打了个 字
435537779,回复
435826020,回复 现在 最 常见 的 大家 说 的 喷子 他 说 不过 你 眼看 要输 了 就 开始 问候 家人 引开 话题 将 你 拖入 一场 他 擅长 的 骂 战 之中 视频 中 反方 已经 知道 这是 诡辩 没有 被 带 偏 所以 正方 再 怎么 反复强调 局势 也 扭转 不了
436744194,回复
393329626,或许 这才 是 所谓 的 辩论 吧 它 本来 就 没有 一定 的 对错 无论是 正方 反方 说 什么 一 开始 就是 弱势 也好 或许 是 有 这些 因素 但是 也 总得 有 一方 要 拿到 那样 的 命题 不是 你 觉得 那方 好论 就 觉得 那方 容易 的 若 真的 有 实力 与 才识 黑 的 也 能 说 成白 的 不是 吗 其次 它 话 是 说 大专 但 实际上 所 参加 的 人员 不 限于 大专 只是 当时 好像 就 那样 搞 了 这点 自己 去 查查 我 也 不是 很 明白 第三 见到 很多 喷 这 喷 那 的 他们 的话 是 在 辩论 是 在 现场 是 在 一切 都 不能 预料 之下 不 知道 下 一句 对方 会 用 什么 反驳 的 情况 下 一字一句 飞速 迸发 出来 的 要 张口 要 坚定 要 逻辑 这 不是 那么 容易 的 除了 一辩 阐述 观点 其他 的 人 能 用 的 准备 少之又少 大都 临场发挥 真的 很 不 容易 了 辩论 总会 有 胜负 但 并 不 代表 观点 一定 正确 它 更 大 的 魅力 在于 连 自己 都 不 知道 自己 在 讲 什么 却 能 脱口而出 的 刺激 与 观众 矛盾 犹豫 的 每 一个 瞬间 总之 各有千秋 但 日本 侵华 那 一段 还是 有点 不 舒服 _ ( : 3 ) _
393095312,"精彩 , 但是 弹幕 让 我 有点 晕乎乎 的 ,"
382352826,2018
382188610,2017 年 胡渐 彪 未来 老婆 来 打卡 ( = ^ ^ = )
381522970,钱 就是 万恶之源 所以 大家 把 钱 转账 给 我 我 来 帮 大家 净化 这股 恶流 唉 我 不入 地狱 谁 入 地狱 我 这大 善人 也 只能 做 这么 多 了
379803350,让 我 组成 2017 个 评论
379312232,我 觉得 反方 三辩 的话 有 一个 逻辑 上 的 漏洞 辩题 是 钱 是否 万恶之源 = 恶行 是否 都 由 钱 产生 钱 是否 一定 导致 恶行 追求 金钱 不 一定 是 恶行 恶行 的 源头 却 总 可 牵扯 到 钱
379051872,明明 是 文工互 怼 ( )
377580805,我 觉得 万恶之源 这种 说法 就是 错 的 如果 真的 有 万恶之源 那 我 觉得 一切 能 定义 恶 的 东西 都 是 万恶之源 ( _ )
376497191,三年 前 看过 这场 辩论 没想到 今天 在 一站 到底 看到 了 其中 一位 辩手
376505221,我 也 是
377072057,辩论 什么 了
377883130,1 一站 到底 慕名而来
382400107,我 也 是
376479424,一站 到底 过来 的
373944529,钱 当然 是 万恶之源 啦 建议 你们 赶紧 交给 专业 的 来 处理 比如 我 ( )
369872983,经济 狗 看 这个 命题 就 笑 出声
363132191,4v4 battle 战
362862088,钱 是 人 发明 的 人才 是 万恶之源 谢谢 大雾
1805059144,哈哈哈哈 哈哈哈 笑 了
5229078875,有 道理
5487025386,救命 源头 的 源头
111164811840,辩论 点钱 是 / 不是 万恶之源 观点 由于 钱 是 人们 发明 的 所以 如果 钱 是 万恶之源 的话 人 就是 万恶之源 的 万恶之源 但是 如果 人 是 万恶之源 的 万恶之源 的话 那么 钱 是 万恶之源 这个 条件 就 不 成立 因为 万恶之源 代表 是 世间 所有 的 恶 的 源头 现在 却 有人 和 钱 两个 而 万恶之源 按照 它 的 字面 意思 就是 只能 有 一个 因此 互相矛盾 所以 人 不 可能 是 万恶之源 的 万恶之源 相应 的 推导 出钱 也 不是 万恶之源 总结 我 支持 反方 的 观点
112873095504,回复 : 你 这 一 铲子 厉害
116546235904,回复 : 钱 是 一般 等价物 是 客观存在 的 哦
119345375024,人性本恶 93 年 辩过
124775129872,回复 : 试问 罪犯 犯罪 被 捉 了 是 处罚 他 母亲 还是 处罚 他 罪犯 还是 Ta 母亲 生 的 呢 钱 由 人 发明 既 不是 万恶之源 的 充分条件 也 不是 必要条件 朋友 你 的 观点 就 等同于 现在 很 流行 的 一个 笑话 猪 = 吃 和 睡 某人 也 会 吃 和 睡 那么 某人 = 猪 逻辑 上 存在 种种 漏洞 故 不 成立
124990116656,wc 大师 我悟 了
133792154400,回复 : 你 说 源头 论 那 我 可得 好好 想想 古代 猿人 和 鱼 的 关系 了
133809235680,善恶 是 人类 评判 的 没有 人类 善恶 就 没有 意义
135981350880,回复 : 优
136125582224,回复 : 钱 是 没有 自主 意识 的 人 是 有 自主 意识 的 这 是 不 一样 的
136125728400,回复 : 你 可以 说 人 是 人 发明 的 吗
136687378480,回复 : 哈哈哈 哈哈哈 支持
144171890416,回复 : 好 了 我 一 开始 从 站 正方 这队 成功 转向 反方
144176189920,回复 : 我 的 评论 怎么 还有 人 看 八个 月 了 我 都 从 三级 升 四级 了
144179171120,回复 : 哈哈 有人 推荐 可以 提升 思维 没 办法 脑子 有点 转 不 过来
180466410912,回复 : 您 这个 回复 让 我 不得不 一 铲子 铲 一下 自己 了 很 深刻 但是 有没有 和 是 善 是 恶 是 两回事 人类 完全 可以 评价 自己 是 善良 的 也 可以 评价 自己 是 邪恶 的
180466772816,回复 : 对 这个 标准 是 人 定义 的
362411131,举个 例子 如果 给 你 一万元 让 你 做 一件 类似 偷 内衣 踩 蚂蚁 吐口 水 丢 垃圾 你 会 拒绝 嘛 以此类推 不 犯错 只是 钱太少 1 万 吸引 不了 你 那 10 万 100 万一 亿 百亿 呢
368217425,这样 说 的话 假如 我 给 你 一亿 去 * * * * * * 你 会 去 做 吗
368821724,回复 : = = 别 认真 啊 我 只是 想 武大 赢
368999556,回复 : ( )
373943419,回复
380920740,( ) 估计 是 津巴布韦 币
362082866,反方 一 开始 提出 的 问题 是 特别 好 的 家庭暴力 虐待 儿童 甚至 屠杀 都 是 为了 钱 吗 其实 如果 针对 这个 问题 来 回答 那么 正方 估计 亏了 可是 反方 没有 想到 正方 根本 不必要 针对 他 的 问题 来答 这 是 辩论 正方 只要 提出 新 的 观点 就行了 若 是 反方 还 纠着 这 一个 问题 不放 那 反而 反方 亏了 但 话说回来 这个 问题 始终 不能 忽视 家庭暴力 是 为了 钱 吗 因为 孩子 花 我 钱 嘛 因为 孩子 太烦 影响 我 赚钱 或者 花钱 嘛 那 虐待 儿童 一个 道理 可是 校园 暴力 呢 有 为了 钱 的 可 也 有 单纯 为了 满足 欲望 的 可是 这份 欲望 得到 的 是 权 如果 在 社会 里权 就 能 换钱 但 在 学校 只是 单单 的 权 罢了 屠杀 一面 战争 的 目的 一定 是 自身 利益 所以 战争 这个 恶 一定 是 钱 引起 的 其实 战争 是 没有 善恶 的 任何 一场 战争 包括 单方面 的 侵略战争 只要 你 逼 我 当 一个 冷酷无情 的 人 我 都 能 为 你 提供 一个 合理 且 绝对 无法 反驳 的 原因 但 屠杀 这个 恶 完全 是 基于 欲望 南京 . 大屠杀 日本 人杀 这么 多 百姓 难道 能 赚钱 当然 有 的 人 比赛 杀人 那 是 赚 了 点 小钱 这里 也 可以 看出 钱 确实 引导 了 一部分 恶 可是 你 不曾 想过 如果 没 了 钱 现代 社会 靠 什么 作为 根基 自觉性 吗 不 可能 的 还是 有钱 好 啊 至于 其 引导 的 恶 你 只要 不太 沉迷 执着 于 追求 钱 就 好 了
369890655,追求 货币 或者说 一般 等价物 说到底 背后 都 是 为了 追求 物质 和 精神 需求 提高 生活 质量 有 了 欲望 才 会 努力 工作 创造 价值 带动 人类 实体 和 精神 方面 的 发展 如果说 欲望 是 万恶 那 他 带来 的 善 一定 远远 多于 恶 . 况且 善恶 这个 概念 不过 是 人类 给 自己 强加 的 一个 概念 没有 明确 的 定义 就 比如 对 一方 恶 的 事情 或许 对 第三方 来说 是 善 所以 个人 认为 这个 命题 根本 没什么 营养
370000600,回复
362024562,口才 ( )
361962201,高中 参加 学校 辩论 的 时候 看过 对 武大 二三 辩 简直 膜拜
361957335,原始社会 * * * * * * * * * 的 时候 就 没有 万恶之源 啊 是 后来 有了钱 又 有 了 贪才 会 变成 万恶之源 不过 想想 原始社会 没 钱 但是 食物 就是 钱 到底 是不是 万恶之源 以 我 的 智商 还 真 不好 说
361884455,社 会 主 义 世界大同 财产 平均 多好
361880272,正方 钱 是 万恶之源 反方 奖金 我门 拿走 了 正方 mmp
1649957350,哈哈哈
1706853998,真的 是 私下 去 辩论 这种 诡辩 反而 是 最 常用 的
1723237054,你 为啥 上 不 去 啊 哈哈哈哈 哈哈哈 哈哈哈 送 送 你
2114544800,回复 : 反方 我
2476191313,舌灿莲花
2692939091,哈哈哈哈 哈哈哈 嗝 好 有 道理
2968699105,回复 : 反方 那 我 就 送 你 去 地狱
3284857165,在 颁奖 的 时候 辩论 已经 结束 了
4723918857,绣 的 一批
5523997620,送 你 上去 哈哈哈 哈哈哈
5819990387,哈哈哈 你 就 皮 吧
93706908736,钱 是 万恶之源 但 我 就是 要
95293333808,回复 : 让 我 承受 这份 罪恶
125835614848,哈哈哈哈 哈哈哈哈 哈哈哈 哈哈哈 哈哈哈
130652268656,但是 我 感觉 如果 在 奖金 和 名次 选 一个 他们 都 会 选 名次
133820677808,回复 : 私下 那种 不 叫 辩论 更 倾向 于 纠缠
134236460672,回复 : 是 的 我 参加 学校 辩论 对面 真的 有 一个 说 的 也 没道理 老是 说 那 一个 看着 就 烦 ps 我 是 一个 渣 渣 队友 比较 厉害
157530746736,回复 : 或者说 是 抬杠
190098810016,哈哈哈哈
278322607841,哈哈哈
281533905744,正方 : 那 我 就要 抢 了
361870066,同学 们 01 年 那会 30 多万 就 可以 买 一 套房 了 你们 说 一万元 多不多
361839317,脑子 被 洗来洗去 ( _ )
361827149,生而为 人 便是 自身 最大 的 恶
361687407,感觉 正方 挺 可惜 辩题 本身 就 不 占优势 即使 自己 不 认同 辩题 也 得 去 辩 啊 就 像 我 捏死 一只 路过 的 蚂蚁 确实 跟 钱 没关系
360259753,金钱 是 用来 换 资源 的 工具 不过 善恶 本身 就是 为了 资源 有效 利用 防止 内耗 才 出来 的 吧
358373493,看 完 真的 好 震撼 啊
358035985,高一 的 时候 灭绝师太 在 班上 放 这场 辩论 同桌 说 你 以后 也 可以 和 他们 一样 啊 现在 真的 想 很 他们 一样 努力 成为 一个 辩手
357820716,以前 老师 安利 过 + 1 不过 安利 的 不是 这 期
352870468,这个 辩题 对 正方 不利 正方 水平 要 足够 强于 反 方才 有 机会 赢 啊
461571610,辩题 什么 的 完全 不 影响 啊 又 不是 辩论 公知 而是 辩驳 能力
348864177,看 了 这场 辩论 之后 我 忍不住 有 几点 想 说 一下 1 国际 大专 辩论会 是 国际 大学生 专业 辩论会 的 意思 而 不是 某些 人 误解 的 大专 现在 已经 更名 为 国际 大学 群英 辩论会 2 说 因为 是 汉语 不 公平 的 各位 请 注意 国际 大专 辩论会 是 华语 辩论 的 最高 赛事 是 华语 已经 说 得 很 清楚 了 吧 更何况 辩论 不 只是 说 你 口音 好不好 更 重要 的 是 有 一种 逻辑 思辨 在 里面 3 关闭 弹幕 使用 更佳
2792195780,这个 赛事 是 新家坡 首办 大专院校 在 东南亚 口语 中 就是 大学 的 意思 既 不是 内地 的 大专 也 不是 根据 字面 联想 的 大学生 专业 的 意思
3595385951,国际 大专 辩论会 不是 大学生 专业 的 缩写 只是 新加坡 那里 对 大学 的 称谓
97156870496,为什么 你 还是 4 级
130172932880,对 一定 要关 弹幕 ! ! ! 一些 弹幕 真的 很 恶臭 了
132874232256,回复 : 我 看看 我 多少级
343384510,后面 自由 辩论 的 阶段 简直 忍不住 暂停 给 他们 鼓鼓掌
340445992,这是 大学生 专业 辩论会 简称 大专 辩论会 不是 大专生 辩论会
339852741,弹幕 er 真 厉害 ( )
336937439,封面 胡渐 彪 啊
335946040,正方 怎么 赢万 定义 晚 了 钱 没 定义 源 勉强 定意 了 搞笑 吧
333939743,辩论 本来 就是 考验 知识 与 逻辑 不停 的 使用 逻辑 手段 混淆 对手 才能 达到 胜利 ( ) 你 是 觉得 他 的 某 一句 话 是 偷换概念 了 但 你 肯定 说 不过 他 这 就是 辩论 考验 的 核心
308057365,哇 ( )
307283623,不管 钱 是不是 万恶之源 反正 他们 在 B 站 肯定 会 变成 万恶之源 ( )
301123113,握草 真的 精彩
297058597,93 那 一届 的 几乎 场场 经典
290908690,第一个 交锋 围绕 的 是 万 第二个 交锋 围绕 的 是 南京大屠杀 第三个 交锋 围绕 的 是 * * * * * * 第四个 交锋 围绕 的 是 钱 产生 之前 的 恶 第五个 交锋 关键 总结 当然 还有 许多 小 交锋 感觉 正方 有 几个 失误 一 万恶 淫 为首 用词 失误 有点 打 自己 脸 所以 反方 抓 着 * * * * * * 不 放 二钱 是 万恶之源 正方 抓住 先机 对 万恶 下定义 说 万 没有 一切 的 意思 结果 被 反方 一句 既然 钱 有 一部分 不是 万恶之源 如果 论证 了 正方 观点 变相 论证 了 钱 不是 万恶之源 这 一句 非常 漂亮 试想 如果 正方 不 定义 万恶 由 反方 定义 万恶 是 包括 一切 的 恶 那么 正方 无法解释 不是 由 钱 引发 的 恶 重点 是 解释 不了 钱 引发 的 善 另外 正方 总结 前段 漂亮 后 段 语文 太过 了 没 逻辑 了
387074458,如果 万 不是 指 一切 而是 形容 大多数 那么 钱 是 大多数 恶 的 根源 而 不是 少数 恶 的 根源 不是 少部分 恶 的 根源 不 改变 钱 是 大多数 恶 的 根源 的 定性 所以 并 不会 论证 出钱 不是 万恶之源 钱 还是 万恶之源 反方 在 偷换概念 罢了
387212397,回复 不论是 哪 一方 的 观点 都 不是 完美 的 理论 需要 的 就是 参赛者 把 不 完美 的 理论 称述 的 尽量 完美 同时 能 犀利 的 洞察 对方 语言 的 漏洞 崇拜 这些 大神 朝着 这些 榜样 努力学习
461577280,我 私人 认为 1 万恶 淫 为首 这点 是 先 抛出来 让 反方 盘问 然后 再 引出 钱 让 淫 变得 合法 这个 观点 2 对 万 下定义 最早 的 是 反方 只不过 没有 明确 说 出来 3 正方 总结 时 的 后半段 是 针对 反方 提出 的 钱 带来 的 好 的 一面 把 钱 带来 的 好 的 一面 改为 了 是因为 人性 之光 才 使 钱 的 万恶之源 性质 没有 发挥 出来 另外 正方 总结 的 真的 很 好 虽然 气势 上 没有 反方 总结 的 强 但 更为 感性 两方 总结 都 很 好
94108071248,说 正方 逻辑 的 我 想 说 下 在 这场 比赛 之前 国内 主流 是 华丽 的 打法 也 就是 当时 并 没有 什么 是 专门 打 逻辑 的 马来亚 大学 可以 说 是 打开 了 新 的 一种 辩论 潮流 复制 的
289766811,我 是 搜 万恶之源 来到 这里 的 ( ( ) )
287869633,人们 普遍认为 反方 论点 碾压 但 在我看来 实际 是 正方 碾压 只不过 他们 逻辑 没深 到位 不是 装 13 也 不是 嘲讽 只是 探讨 虽然 貌似 反方 只要 把 贪 和 钱 分开 就 稳赢 但 实际上 正方 的 逻辑 要是 能 更进一步 的话 反而 是 正方 好辩 你 把 贪 和 钱 分开 可以 我 同意 你 不 就是 想 说 因钱 而 起 的 恶行 其实 是 贪 背锅 钱 没事 么 我 就 回击 说 首先 贪 本身 就是 一种 恶 七大罪 里 就 有 贪婪 啊 你 说 钱 不是 万恶之源 贪才 是 万恶 支援 但 既然 贪 本身 就是 一种 恶 那 你 意思 是 说 一种 恶是 万恶之源 咯 明显 说 不通 第二点 举 例子 比如说 有个 贪官 本来 是 清廉 的 但是 别人 总给 他 送 钱 他 最后 变成 了 贪官 那 在 这 例子 里 开始 这人 不 贪 最后 这人变 贪 了 这个 人换 了 吗 没换 换 的 是 啥 啊 是 情况 开始 的 情况 是 没人 给 他 送 钱 他 是 清廉 的 后来 的 情况 是 总 有人 给 他 送 钱 他 就 变 贪 了 是 别人 给 送 的 钱 让 这个 人变 贪 的 反方 不是 把 贪 和 财 分开 吗 行 我 就 说 有些 人 开始 是 不 贪 的 最后 因为 钱变 贪 了 是 钱 诱导 出 了 贪 钱 把 人 从 好 的 腐蚀 成 了 坏 的 反方 若 反驳 说 他 后来 贪 了 那 就 说明 他 本身 就是 贪 的 你 正方 之前 假设 他 是 不 贪 是 无效 的 假设 他 本身 就是 贪 的 只不过 最 开始 时候 贪欲 被 压制住 了 后来 压制 不住 了 那 这时候 正方 再 反驳 说 这 人 最 开始 能 抑制 住 贪欲 但 后来 抑制 不住 了 还是 钱 诱导 的 所以 我 说 钱 是 万恶之源 这个 逻辑 重点 强调 钱能 导致 一种 使人 由 好 到 坏 的 变化 以此 逻辑 进行 攻击 你 反方 怎么 说 毕竟 这个 变化 就是 钱 导致 的 啊
287869746,当然 反方 有 一个 逻辑 很强 说 钱 没 产生 之前 也 有 恶行 所以 钱 不是 万恶之源 但 我 认为 这 逻辑 也 不是 无敌 的 正方 只要 咬 死 说 源头 可以 不止 一个 就行 如果 源头 可以 不止 一个 那 就 成 了 这种 局面 你 反方 可以 说 什么 色欲 精神病 之类 乱七八糟 的 东西 是 万恶之源 但是 你 不能 否定 我 的 观点 即 钱 也 是 万恶之源 若 反方 咬 死 说 源头 必须 是 唯一 的 那 正方 直接 回击 说 既然 你 认为 源头 是 唯一 而且 你 认为 钱 不是 万恶之源 那 你 来 讲讲 万恶 的 源头 是 什么 直接 反方 就 能 被 问 懵 逼 了 毕竟 根本 回答 不 上来 自由 辩论 时候 正方 要是 用 了 上述 逻辑 我 个人感觉 反方 直接 就 能 崩盘
291155957,回复
291359824,回复 你 说 其实 一切 起源于 欲 但 我 认为 这是 一个 先有 鸡 还是 先有 蛋 的 问题 你 说 是 先 有 的 欲望 还是 先有 的 物质 呢 先 有 美酒 后 有 贪杯 还是 先有 贪杯 后 有 美酒 到底 是 欲望 催生出 物质 还是 物质 催生出 欲望 其实 很难 讲 你 看 你 的 回复 最后 也 否认 了 万恶之源 的 存在 我 也 说不清 到底 谁 先 谁 后 但 在我看来 其实 我们 无法 断定 究竟 谁 才 是 万恶之源 的 原因 是 我们 都 将 万恶之源 是 唯一 的 当做 前提 所以 我 认为 正方 的 策略 应该 是 首先 通过 解释 万字来 将 万恶之源 不是 唯一 的 这个 观点 摆出来 即 我们 讨论 的 不是 钱 是 一切 恶 的 源头 我们 其实 是 在 讨论 钱 是 很多 恶 的 源头 万恶之源 是 存在 的 但 不是 唯一 的 人 的 欲望 是 一种 万恶之源 但 钱 也 是 美色 也 是 权利 也 是 这样 反方 就 不好 反驳 了 你 说 事物 都 有 两面性 我 同意 钱 可以 被 拿 去 行善 欲望 可以 让 人 快乐 但 这 并 不 妨碍 钱 是 万恶之源 ( 笑 ) 毕竟 两面性 有好有坏 嘛 我 同意 你 的 观点 但是 你 的 观点 不能 反驳 我 的 观点
291458483,回复
291459332,回复
291586422,你 认为 问题 出 在 欲望 上 而 不是 物质 上 那 我 还是 提 一下 我举 的 那个 贪官 的 例子 首先 那个 例子 我 感觉 是 真实 有 可能 存在 的 所以 那个 例子 属于 有效 的 然后 我们 来看 这个 官 最 开始 是 清廉 的 别人 总用 金钱 诱惑 他 最后 他 变得 贪财 了 在 这个 例子 中 这个 官 最 开始 对 金钱 是 没有 欲望 的 或者说 这种 对 金钱 的 欲望 是 能 压制住 的 但是 最后 他 的 欲望 变大 了 或者说 他 压制 不住 贪财 的 欲望 了 他 的 这份 欲望 的 增强 或者 抑制 力 的 下降 不 正是 因为 贿赂 的 增加 而 产生 的 么 所以 我 的 观点 是 我们 也 不能 把 一切 都 怪罪 到 人 的 欲望 上 虽然 说 人 的 一切 行为 来自 主观 的 欲望 但 我 认为 是 有 一大部分 主观 的 欲望 源自 于 客观 的 物质 如果说 没有 人用 金钱 诱惑 他 这个 官 大概 秉承 理想 大概 会 清廉 一辈子 因为 最初 他 的 欲望 可能 是 为 人民 服务 他 的 欲望 可能 是 青史留名 我 很 高兴 你 明白 了 我 的 观点 没错 我 说 的 就是 万恶之源 同时 可以 是 万善 之源 你 看 你 也 提到 了 事物 的 两面性 你 提到 了 欲望 会 使 人 快乐 活着 有 意义 同时 也 可能 是 恶行 的 源头 所以 一样 东西 同时 身兼 万恶之源 和 万善 之源 两个 身份 是 没 问题 的 你 认为 这样 东西 是 欲望 因为 行为 取决于 人 主观 意识 我 认为 这样 东西 也 可以 是 金钱 因为 有 一大部分 人 的 主观 意识 源自 于 客观 物质 至于 伪不伪 命题 跟 这场 辩论 没关系 啊 ( 笑 ) 人家 主办方 给 的 命题 我 作为 正方 只 负责 证明 钱 是 万恶之源 至于 钱 是不是 万善 之源 欲望 是不是 万恶之源 这个 命题 有没有 意义 我 不用 管 啊 ( 笑 )
307454887,回复 : 老哥 你 这个 逻辑 问题 挺大 的 肯定 不能 上 辩论 啊 QAQ 首先 第一点 你 提到 了 七大罪 那 直接 变相 承认 了 恶 有 很 多种形式 无法 将 某个 有 局限性 的 东西 定义 为 万恶之源 所以 第一点 正方 是 不能 说 的 第二点 你 觉得 人 没有 贪欲 一旦 别人 送 钱 了 就 有 了 贪欲 所以 金钱 引起 了 贪欲 是 万恶之源 可 无论是 石玉昆 的 三侠五义 第三十二回 因颜 老爷 在 日 为人正直 作 了 一任 县尹 两袖清风 一贫如洗 清如 秋水 严似 寒霜 可惜 一病 身亡 家业 零落 的 彦 老爷 还是 后汉书 杨震传 王密 为 昌邑 令 谒见 至夜 怀金 十斤 以遗 震震 曰 故人 知君君 不知 故人 何 也 密 曰 暮夜无知 者 震 曰 天知 神知 我 知子 知 何谓 无知 密愧 而 出 中 的 杨震 都 有权 有人 送 钱 却 仍然 没有 起 贪念 那 是不是 论证 了 那些 一 开始 抑制 得 住 贪欲 后来 抑制 不住 的 人 是因为 本身 有 贪欲 而 受贿 不是 因为 钱 而 受贿 呢 所以 这两点 是 不 成立 的 ( &# 34 ; ) / 话 说 咱 打字 可以 带 标点 不
307720815,回复 : 你 感觉 我 逻辑 问题 挺大 好巧 我 感觉 你 的 逻辑 问题 更大 我 确实 承认 恶有 很 多种形式 但是 我 不 明白 你 这个 无法 将 某个 有 局限性 的 东西 定义 为 万恶之源 这个 结论 是 怎么 从 我 承认 恶有 很 多种形式 这个 前提 推导 来 的 我们 在 讨论 钱 是不是 万恶之源 跟 恶 有 很 多种形式 有 啥 关系 我 理解 的 你 说 的 意思 是因为 我 承认 了 恶 有 很 多种形式 所以 就 无法 将 某个 东西 定义 为 万恶之源 我 认为 你 这个 逻辑 完全 不 成立 第二点 你 完全 没 理解 我举 的 那个 贪官 的 例子 我 那个 例子 是 说 这个 官一 开始 是 没 毛病 的 我 说 的 没 毛病 是 指 如下 两种 状态 之一 一 这个 官在 最初 形态 是 没有 贪欲 的 或者 二 这个 官 最初 形态 是 有 贪欲 的 但是 他 的 贪欲 能 被 他 的 自制力 压制住 的 但是 由于 别人 用 金钱 诱惑 他 他 变成 了 如下 两种 状态 之一 一是 这个 官 产生 了 对 金钱 的 贪欲 或者 二 这个 官 的 自制力 不足以 压制住 自己 的 贪欲 我 的 例子 是 在 强调 金钱 导致 了 他 从 清廉 到 腐败 的 变化 是 在 强调 金钱 导致 了 变化 你 直接 弄 过来 的 两段 古文 是 在 说 啥 跟 我 所要 表达 的 意思 完全 不 相关 啊
308197541,回复
309060251,回复
309330727,回复
333949616,辩论 本来 就是 考验 知识 逻辑 与 你 大脑 的 反应速度 你 觉得 正方 碾压 只是 没点 到位 而 这 本来 就是 辩论 本身 所 要求 的 啊 ( 3 ) 那 这么 说 如果 正方 点 到位 了 反方 也 可以 有 对策 手段 啊 辩论 本身 就是 玩弄 逻辑 的 游戏 谁 玩 的 六 谁 就 赢 讲 真 我 觉得 正常 情况 下 跟 一方 立场 是 没有 关系 的
335121877,回复 正方 输 了 我 才 帮 他们 想 应该 怎么 说 可能 会 有效 要是 反方 输 了 我 反而 会 去 想 反方 怎么 说 才能 赢 这 本来 就是 中立 辩题 谁 都 不能 说 谁 更 占理 不是 所以 确实 不 存在 立场 233333 是不是 我 回复 得 太 激进 了 ( 捂脸 )
335202923,回复 : 每个 人 在 看到 两种 截然 相反 关系 的 时候 由于 世界观 和 价值观 以及 传统观念 形成 的 不同 所以 心里 肯定 会 有 一种 感觉 X 方 这个 辩题 一定 更 简单 所以 其实 这 都 没什么 的 有 自己 独立 的 想法 和 思考 对 我们 来说 才 是 最 重要 的 不是 吗
335596196,回复 但 我 还是 希望 人们 能 更 客观 一点 每个 人有 自己 的 想法 完全 没有 错 但 有时候 客观 上 自己 的 想法 错 了 这时 我 还是 希望 自己 能 认识 到 并 承认 自己 错 了 的 事实 呢 就是 我 所谓 的 更 客观 一点 所以 我 也 就 非常 执着 的 想 和 人 辩论 想 弄 明白 我 上面 回复 的 那些 观点 客观 上 到底 有没有 错 但前 两个 人 的 回复 完全 没 说服 我 虽然 我 也 确实 是 在 不 抱 着 任何 立场 地去 和 他们 俩 讲 ..... 嘛 反正 你 说 的 这些 我 看着 意外 的 很 舒服 呢 2333333
362034089,回复
362295514,回复 : 世上 只要 有 一个 最初 没 贪欲 的 人 最后 变成 了 贪官 的 例子 你 的 这个 结论 就 无法 成立 这句 话 是 我 表述 有 问题 我 不 应该 把 话 说 死 确实 不 存在 没有 贪欲 的 人 我 纠正 成 世上 只要 有 一个 贪财 欲望 很少 或是 一 开始 能 压制住 自己 贪财 的 欲望 的 人 在 接触 了 大量 在 自己 看来 可以 通过 神不知鬼不觉 的 方法 偷偷 收入 自己 囊中 的 金钱 之后 一步 一步 变成 了 那种 贪财 欲望 很强 或是 无法 压制住 自己 贪财 欲望 的 人 的 例子 那么 金钱 不是 万恶之源 的 这个 结论 就 无法 成立 但 在我看来 我们 这种 级别 的 讨论 还 注意 这些 点 实在 是 太累 了 然后 你 说 反方 可以 举出 例子 来 证明 金钱 并 不是 导致 这种 变化 的 决定 因素 但 我 一时 没 想 明白 为什么 不是 所以 最好 能 请 给 我举 例证 一下 然后 我 退一步讲 假设 金钱 不是 导致 这种 变化 的 决定 因素 但 我 感觉 这 并 不 影响 我 的 观点 啊 金钱 只要 是 导致 这种 变化 的 一种 因素 那么 金钱 具有 腐蚀 人 心智 的 能力 这个 观点 不 就 成立 了 然后 金钱 是 万恶之源 的 观点 不 就 也 成立 了 最后 我 想 问 一下 能 不能 被 完全 推翻 的 问题 像 我 上面 重新 表述 的 这个 观点 是 属于 无法 完全 证明 也 无法 完全 推翻 的 么 这句 话 我 不是 在 反驳 你 我 是 在 问 你 别误会 ... 以上
362374927,回复
362387982,回复
362389296,回复
363128221,回复 : 嗯 .... 我 仔细 想 了 下 我 这样 讲 确实 是 以偏概全 了 所以 我 承认 你 说服 我 了 但 我 还有 几点 问题 想 提 一下 首先 那个 生命 与 食物 的 关系 和 恶行 与 金钱 的 关系 不 一样 吧 本质 上 讲 食物 也 是 生命 啊 只不过 是 死 掉 的 生命 死 掉 的 生命 被 活着 的 生命 拿 去 维系 生存 所以 叫 食物 换句话 讲 就是 没有 生命 也 就 不 存在 食物 但是 恶行 和 金钱 不是 这种 关系 金钱 本身 不是 一种 恶行 的 变体 我们 也 不能 讲 没有 恶行 就 没有 金钱 所以 我 感觉 讲 生命 不 源于 食物 没什么 意义 因为 生命 与 食物 的 关系 和 恶行 与 金钱 的 关系 不 一样 然后 我 觉得 如果说 恶行 或者 某些 恶行 源于 金钱 感觉 没什么 不 对 当然 仔细 扣下去 论证 是不是 的话 就 又 是 一堆 长篇大论 了 这个 就 不 提 了 你 说 我 单单 通过 那个 观点 论证 结论 是 以偏概全 嗯 我 感觉 你 说 到 点子 上 了 233333 我 确实 没 意识 到 所以 我 那个 观点 不能 拿来 做主 论点 但 我 想 问问 如果 我 拿 这个 观点 反驳 对方 行不行 其实 我 一 开始 也 没想 拿 它 做主 论点 但 莫名其妙 的 好像 就 成主 论点 了 还有 你 提到 我举 例子 时 事实 和 描述 是否 一致 的 问题 我 想 问 这个 问题 怎么 解决 避免 举 例子 吗 还是 说 具体 地 论证 我举 的 例子 确实 如 我 的 表述 一般 最后 我 想 回到 最初 的 问题 上 ... 就是 难道说 这个 辩题 反方 真的 有 天生 的 优势 吗
363541859,回复
363549886,回复
366321204,回复 : 嗯 嗯 你 的 回复 对 我 有 很大 帮助 先 谢谢 你 了 ( * ` * ) 谢谢 但 没想到 果然 是 论证 金钱 是 万恶之源 更难 一些 因为 就 我 个人 而言 抛开 辩论 不谈 我 认为 没有 人生 来 性质 就是 固定 不变 的 而 大量 的 后天 的 人性 的 变化 正是 因为 受到 了 外界 物质 的 影响 虽然 恶行 的 产生 最终 还是 出自 人 的 主观 决定 但 人 主观 的 决定 实际 也 是 受 客观 物质 影响 而来 啊 就 像 如果 有人 被迫 注射 了 * * * * * * 可能 他 意志 足够 强 最终 能 战胜 * * * * * * 但 若 是 这个 人 就此 堕落 了 的话 我 觉得 并 不能 说 悲剧 的 产生 完全 是 人 主观 意志 不够 坚强 导致 的 * * * * * * 作为 一种 物质 对人 身心 残忍 的 腐蚀 能力 也 是 悲剧 产生 的 原因 之一 所以 我 不 喜欢 把 锅 都 甩 到 人性 上 于是 我 最初 理解 这个 辩题 实际上 是 在 讨论 主观 意志 与 客观 物质 究竟 哪 一方 对 人 的 决策 影响 更大 也 是 个 中立 的 辩题 总之 掺杂 了 太 多 的 个人 考虑 可能 反而 引出 了 对 辩题 错误 的 理解 ( _ ) 但 影视剧 里 把 锅 都 甩 到 类似 人性 总是 不够 正义 这种 看似 高尚 的 说法 上 我 总 觉得 并 不 正确 嘛 .... 不管怎么 说 还是 非常感谢 你 说实话 在 你 回复 之前 我 是 一直 很 疑惑 我 这个 观点 到底 对 不 对 虽然 你 看 我 之前 的 回复 可能 总是 一副 我 说 的 就是 对 的 的 态度 在 里面 2333333 和 别人 的 讨论 有过 很 多次 却 总 感觉 没 被 说 到 点子 上 但 他们 反对 的 态度 还是 让 我 确信 我 这个 观点 绝对 是 有 漏洞 的 只不过 是 他们 没找 对 我 自己 也 看 不 着 所以 你 是 终于 给 我 解惑 了 23333 当然 你 对 辩论赛 评分 机制 的 解释 还有 对 举例 论证 使用 策略 的 选择 对 我 帮助 也 很大 以前 我 本来 有 机会 接触 相对 专业 的 辩论 环境 结果 出 了 国 机会 就 没 了 从此 跟 辩论赛 的 交集 基本 为 零 但 我 对 这个 圈子 还是 感兴趣 的 所以 出于 好奇 我 想 冒昧 地 问问 你 辩论 水平 是 个 什么 级别 滑稽 当然 你 不想 说 也 是 没关系 捂 脸 我 就是 好奇 一下 2333333 星星 眼
366321693,回复 : du pin
369271522,回复
369284875,回复
387079341,不 对 吧 如果 反方 论证 出 很多 钱 以外 的 东西 是 万恶之源 那钱 就 不是 万恶之源 了 并且 反方 只要 论证 钱 不是 万恶之源 就行了 没 必要 回答 万恶 的 源头 是 什么 只要 不是 钱 就 行 根本 不会 蒙蔽 啊 233
387293230,回复 : 不是 我 这样 说 是 在 双方 都 达成 了 万恶之源 不是 唯一 的 这样 一个 前提 之后 再 来讲 钱 是 万恶之源 通过 对万字 进行 解释 来说 万恶之源 指 的 是 许多 恶 的 源头 而 不是 所有 恶 的 源头 然后 我们 来讲 许多 恶 的 源头 是 A 许多 恶 的 源头 是 B 许多 恶 的 源头 是 钱 我 这 只是 在 反问 如果 对方 在 听 了 对 万字 的 解释 后 依旧 不 承认 万恶之源 不是 唯一 的 那 我 就 反问 他们 一句 在 你 方 看来 如果 万恶之源 是 唯一 的 一件 东西 的话 那么 它 是 什么 这时 对方 应该 无法 给出 一个 令 所有人 信服 的 答案 所以 我 感觉 他们 大概 会 说 不论 真正 的 万恶之源 是 什么 但 可以 确定 的 是 钱 不是 万恶之源 我 认为 这样 的 回答 有 诡辩 的 嫌疑 毕竟 道理 上 我们 是 通过 解释 万字来 得出 万恶之源 不是 唯一 的 这个 结论 所以 我 这么 问是 想 迫使 他们 承认 万恶之源 并 不是 唯一 的 一件 东西 接着 再 来讲 钱 是 万恶之源 我 感觉 这样 会 更 容易 论证
461591280,不好意思 楼主 你 的 理论 中 有些 错误 你 说 贪 只是 七大 原罪 之一 所以 反方 的 理论 说 不通 这里 是不是 有个 问题 反方 探讨 了 贪 不是 钱 引起 的 后面 的 * * 暴力 倾向 等等 都 有 在 说 钱 不是 万恶之源 整场 比赛 中 反方 队伍 都 没有 强调 贪才 是 万恶之源 针对 你 说 的 贪官 本来 是 清廉 的 反方 队伍 提出 了 钱 只是 一个 诱导 真正 的 恶 是 人 内 心中 存在 的 欲望 这个 观点 如果 按照 楼主 你 的 想法 的话 就 很 容易 被 针对 了 因为 楼主 的 观点 是 人 的 本性 是 单一 的 内心 没有 一点 污秽 而 这个 观点 本来 就是 一个 假大空 当反 方针 对 这个 观点 做出 盘问 时 楼主 除了 转移 话题 外 真的 很难 辩驳 回去 而且 这个 环节 在 评委 那里 肯定 也 会 被 扣分 最后 是 我 个人 想 说 的 其实 反方 正方 并 不 存在 所谓 的 论点 碾压 辩论赛 辩驳 的 实质 是 辩驳 的 技巧 对 逻辑 的 分析 对 台面 的 掌控 和 气势 上 的 博弈 当然 还有 资料 和 语气 等 方面 的 基础 辩论赛 的 辩题 是 不会 对 正方 反方 偏差 的 比如 出个 * * 有没有 罪 这样 的 辩题 另外 我 个人 是 挺 敬佩 视频 中 那些 人 的 实力 的
287037244,大佬 了 膜拜 膜拜
287010030,不 应该 是 李云龙 攻打 平安 县城 改变 了 整个 二战 中国 局势 这一仗 最 经典 吗 2333333
286727502,感觉 播音员 普通话 方言 味儿 有点 浓
285838803,来看 胡渐 彪
284302555,之前 从没 看过 辩论赛 看 这么 一场 感觉 学到了 好多
283638382,弹幕 里 说 扯 dan 的 我 就 很 不服 了 难道 在 辩论赛 上 不 说话 像 你 一样 说 两个 字 就要 干站 着 吗 难道 辩论赛 上 你 可以 说 对手 是 扯 的 你 就 能 获得胜利 了 吗 难道 辩论赛 上 你 自己 不去 扯 观点 仅仅 凭借 两个 字 你 能 说 满 三分钟 吗 抱歉 我 忘 了 你 最大 的 武器 是 你 的 键盘 你 拿 着 你 的 键盘 就 可以 用 两个 字来 打破 辩手 准备 的 语论 在 下 佩服
281847962,虽然 正方 输 了 但 依然 很 服气 正方 的 这个 辩题 本来 就 反方 有 先天 优势 我 认为 最 重要 的 一点 就是 金钱 只是 中性 物有 这 一点 就 几乎 没 办法 反驳 了 但 正方 辩论 切入点 和 角度 很 厉害 佩服 另外 反方 开车 猝不及防 hhhh
281797969,脾气好 的 可以 开 弹幕 食用 反正 我 大部分 时间 是 关 了 ? ? ? ?
280522105,政治课 老师 放 给 我们 看
279002305,我 觉得 最后 很假
277666709,后来 我 再也 没有 看到 这么 精彩 的 辩论赛
277032117,欲望 才 是 万恶之源 钱 只是 欲望 延伸 的 工具 只要 我 坚守 这一 原则 就 不会 被 正方 的 言论 蛊惑 嘻嘻
276030008,正方 说 万 的 意思 时 本身 就 逻辑 错误 万 和 万恶之源 中 的 万能 等同 大众 觉得 反方 好辩 是因为 大众 认为 钱 是 万恶之源 中 的 钱 就是 金钱 的 意思 因为 这是 古人 提出 的 然而 当今 哲学思想 所 认为 的 钱 并非 金钱 而是 人类 的 物质基础 通俗 点 就是 生存条件 人类 社会 是 由 物质基础 决定 的 主观 思想 也 是 由 物质基础 产生 的 所以 恶 也 是 由 物质基础 产生 的 然而 钱 是 万恶之源 是 由 中国 古人 提出 的 该处 所 提到 的 钱 是 指 金钱 而 这种 思想 是 不 符合 现代 思想 的 单一 的 说 钱 金钱 是 万恶之源 这种 说法 本身 就 很 有 问题 然而 比赛 是 钱 是否是 万恶之源 而 没 说到底 钱 代表 的 什么 所以 大家 默认 是 金钱 所以 大家 就 认为 这 对 反方 很 有利 正方 如若 提出 钱非 金钱 而是 指 物质基础 那么 正方 就 会 占据 绝对优势 然而 却 也 有 极大 风险 如若 比赛 这里 提出 的 钱 就是 金钱 的 意思 那么 正方 GG
387082461,即便 钱 是 指 物质基础 也 很 难辩 吧 这 依然 不能 驳倒 很多 的 恶 由 其他 欲望 产生
387998016,回复
388613117,回复
388613324,回复
273963057,光明 与 黑暗 正 与 邪善 与 恶 他们 的 根源 其 属性 是 混沌 的 钱 本身 的 属性 没有 善恶 没有 正邪 就 好象 欲望 一样 其 本身 是 没有 善恶 没有 正邪 也 和 人 一样 其 本身 是 没有 善恶 没有 正邪 七宗罪 即 七种 欲望 被 定义 为 邪 与 恶 但 还有 其他 欲望 呢 自然 是 不能 归于 邪恶 之类 人 被 称为 坏人 恶人 可以 如此 定义 则 是 根据 人 所 做出 某些 行为 之后 钱 本身 却 无法 进行 分类 最多 也 只能 根据 国家 和 真假 来 进行 区分 而 所有 对于 钱 所 产生 的 欲望 以及 采取 的 行为 可以 分为 善 交换 恶 其中 钱 的 善 的 欲望 以及 相关 行为 其 例子 数量 属于 极少 钱 的 交换 的 欲望 以及 相关 行为 其 例子 数量 属于 最 多 钱 的 恶 的 欲望 以及 相关 行为 其 例子 数量 属于 次 多 钱 是 诱发 了 欲望 还是 在 欲望 的 诱发 下 促使 人 做出 各种 行为 男女 之 情爱 也 是 一种 欲望 那么 这种 欲望 产生 的 源头 是 什么 答案 是 由于 人 的 生育 / 繁衍 所 产生 的 一种 本能 不同 的 爱 是 由于 不同 的 知识 和 观念 道德 礼仪 教育 等等 我们 都 知道 水是 生命 之源 那么 水 的 源头 呢 答案 是 雪 江河 入海 雪入 江河 那么 我们 能 不能 把 雪 称为 生命 之源 呢 答案 是 不能 推动 诱发 人 的 邪恶 的 行为 其 根源 是 欲望 这 一点 相信 没有 异议 而 推动 诱发 欲望 中 的 邪恶 的 其 根源 有 很多 钱 却是 其中 影响 最大 的 一种 这 一点 相信 没有 异议 而 钱 能够 推动 诱发 大量 的 邪恶 的 欲望 这 一点 相信 没有 异议 如果 把 万恶之源 当作 是 修饰词 广告词 那么 如果 以 地球 的 角度 考虑 人 是不是 万恶之源 恐怕 是 的 如果 以人 的 角度 考虑 欲望 是不是 万恶之源 恐怕 是 的 如果 以 欲望 的 角度 考虑 钱 是不是 万恶之源 恐怕 是 的 所以 钱 虽然 不是 万恶之源 却 近似 万恶之源 PS 视频 还 没 看 只是 发表 下 自己 的 观点 非 辩论 方式
273988463,看 完 了 辩论 嘛 本身 就是 根据 那些 有 明显 争议 的 论点 进行 正反方 的 进行 辩论 辩论赛 里 出现 诡辩 也 是 常事 前提 是 只要 没 被 识破 ( ) 这次 辩论赛 很 精彩 就是 正方 的 切入点 狭隘 了 点 而 反方 的 优势 在于 由于 论题 的 原因 切入点 即使 狭隘 也 能够 获得 逻辑 上 的 优势 万恶之源 这个 论题 近乎 绝对 只要 在 逻辑 上 破除 绝对 就 几乎 是 胜势 了 所以 反方 例举 强 X 爱欲 之类 的 也 可以 说 是 必然结果 弹幕 中 所说 的 不时 支持 某 一方 观点 的 时候 就是 你们 被 辩论 选手 所 折服 的 时候 这 也 是 精彩 的 辩论赛 为何 吸引 人 的 原因 PS 现在 能 开 弹幕 看 的 视频 越来越少 了 啊 还好 这里 的 弹幕 没 这个 问题 2333
273218623,请 务必
271460494,被 对方 说 到理 了 就 逃避 回答 对方 的 问题
277033278,辩论 嘛 就是 不择手段 让 对方 折服 你 的 理论 更 让 观众 觉得 你 才 是 对 的 选举 也 是 这个 道理 挺 有意思 的
407883117,有 的 时候 你 回答 了 对面 的 问题 就 等于 输
271431095,下 一位 现代 鲁迅 锡兰 大佐
271003054,来 回顾 一下 这个 视频 提醒 还 没 看 或者 还 没 看 完 的 人 关闭 弹幕 保 智商 弹幕 里 多 的 都 是 辩论 大手 拿 过 国际 多种 巨奖 的 人 偷换概念 胡搅蛮缠 更是 一流 站 在 自 认为 的 制高点 评判 比赛 可 真是 把 键盘 辩论 大手们 棒棒 的 呢 笑
277042335,并 不 只是 这个 视频 b 站 隐藏 了 太 多 大神 了 可惜 大多 都 在 弹幕 里 评论 区 少见 的 很
268704958,能 动手 就别 说话 ( )
268692157,还有 这样 的 操作 ( 3 )
267982865,建议 开着 弹幕 食用 在 比赛 场上 能 欣赏 到 明智 与 精彩 交锋 还 能 同时 在 弹幕 里 看到 无知 和 自以为是 ( )
1707875506,算了 怕 气 着
4409230619,我 在 想 是 发 弹幕 的 人 多 还是 看 视频 不发 的 人 多
267460293,可能 是 对 钱定 的 一个 范围 的 不同 吧
266465376,前 几年 看过 一次 很 好奇 是 怎么 被 顶上来 了
260363758,哈哈 我 觉得 直接 给 正方 下局 就行了 就 直接 说 这场 辩论赛 的 第一名 能够 获得 冠军 1W 块钱 你们 是不是 冲着 这钱 才 来 他们 必须 说 是因为 他们 说 不是 的话 就 站 在 钱 不是 纵使 人类 欲望 的 角度 了 但 如果 他们 说 是 的话 那 反方 就 可以 说 我们 不是 因为 我们 可以 拱手 让给 你们 冠军 因为 钱 对 我们 并 没有 诱惑力 也 恰恰 证明 了 我们 的 证词 钱 不是 万恶之源 所以 正方 里外 都 得 输 他们 得 冠军 是因为 钱 对 反方 没有 诱惑力 站 在 了 钱 不是 万恶之源 的 角度 正方 不得 冠军 那 又 恰恰 站 在 了 钱 对 他们 没有 诱惑力 钱 也 不是 万恶之源 的 角度
263499438,老哥 你 没 看 正 四 总结 吗 ......
260006846,先 收藏 有 时间 再 看 ( )
255462596,女人 听 了 流泪 南京 人 听 了 沉默
253075039,封面 好帅 我 站 封面 小哥
252489813,卧槽 还有 这种 操作
251884082,真 在 班上 看 辩论赛 不是 在 B 站上 看 辩论赛
251843643,建议 关闭 弹幕 食用
249320523,恕我直言 弹幕 里 指点江山 的 估计 上场 对阵 里面 的 任何一方 都 要 被 虐成 狗
249242244,我覺 得 是 比賽 辯題 本身 有點 缺陷 錢 只 作為 中介 這一點 注定 正方 站 在 不利 的 立場 如果 把 金錢 換成 慾 望會 更好
461595577,钱 是 中性 的 这点 是 反方 提出 的 对 正方 来说 避开 中性 的 含义 就行了 虽然 看起来 好像 不好 但 辩论 本身 就 没有 规定 一定 要 按着 别人 的 套路 走 私见
247481383,如此 精彩 的 一场 辩论赛 * * 的 很多 评论 居然 说 武大 发挥 很差 这 真是 让 我 觉得 非常 尴尬 辩论 本来 就是 依靠 技巧 和 立意 本身 在 立意 上 正方 就 处于 弱势 武大 辩手 已经 在 技巧 一块 发挥 到 极致 了 无论是 二辩 袁丁 还是 三辩 余磊 四辩 周玄毅 的 那 一段 金钱 是 抽象 的 恶 说 的 也 很 好 怎么 会 有人 指责 周玄毅 偏题 说 武大 发挥 不好 呢 最后 我 第一次 在 学校 打 辩论 入门 视频 就是 这个 永远 也 不会 忘记 当时 给 我 带来 的 震撼
203384986832,现在 风向 变 了 都 在 说 马来亚 大学 赢 在 抽 中 了 反方 武汉大学 输在 拿到 了 正方
293154901808,感觉 正方 开始 太 自信 了 后面 调整 的 太慢 你 说 的 这种 抽象 的 恶 都 到 结束 才 提出 来 提 的 太晚 了 反观 反方 很快 就 调整 回来 了 想到 了 应对 的 方法
246197313,终于 明白 为什么 有 那么 多人 仅仅 通过 长相 和 声音 来 评判 他人 了 原因 是 他们 除 这 两样 之外 就 什么 也 看不到 看不懂 了 动不动 就 说 什么 文科生 理科生 的 你 知不知道 优秀 的 人 无论 学 什么 都 是 一样 优秀 的 难道 搞 数学 的 就 不能 涉猎 文艺 历史 专业 就 不能 关心 物理 吗 马来亚 大学 的 普通话 不 标准 你 的 言语 逻辑 能 有 这些 外国人 一半 好 吗 如果 是 英语 辩论赛 还有 人敢 大放厥词 吗 最 滑稽 的 莫过于 观察力 弱余磊 * * 言 就 有人 高喊 中文系 如何 如何 难道 你 真的 没有 看到 字幕 写 的 是 法律系 硕士 一年级 还 能 愉快 地开 弹幕 看大牛 吐 槽 吗
245101501,* * *
244651009,Money is not evil by itself 钱 本身 无罪 Its just paper with perceived value to obtain other things we value in other ways 钱 只是 商品流通 的 交换 介质 只是 一张 纸 If not money what is evil you may ask ? 那 你 会 问 什么 是 邪恶 请 看
242970270,国辩 这么 多年 01 武大 这 一队 最强 ( > < ) 渐彪 老公 最帅 虽然 这 一年 有 点点 肉肉 哒
236137330,这是 辩论赛 我 以为 我 在 看 相声
233059239,我 居然 看 完 了
231914964,浑身解数 浑身 全身 全部 的 解数 原 指 武术 中 的 架势 招式 后 泛指 手段 本事 全身 所有 的 本事 成语 词性 中性 色彩 非 贬义 弹幕 有 错误
230075488,从 鬼畜 区来 的 真的 太精彩 了
228638118,向 大佬 低头 新手 来 学习 了 ( )
225695423,很久前 看 的 目前 印象 只有 关于 * * 的 辩论
225664403,弹幕 大神 指点江山 一个 一个 都 是 逻辑 大神 一个打 八个 场上 的 都 得 听 他们 的
224634806,考古 ~ ~ ~ 里面 全是 大佬 瑟瑟 发抖 哇
223823455,( )
222973726,我们 学校 播 了 ( _ )
220539578,不 小心 看到 这个 辩论赛 想 搬运 一下 没想到 老 早就 有人 搬 了 ( ` )
220299896,我 只是 来学 写作文 的 ( = = )
219811570,看 完 之后 也 只能 说 自己 的 文化底蕴 太浅 对 正反 和 反方 的 观点 摇曳 不定 以后 还是 得 多 读点 书
219454762,滚刀肉
218859523,求助 求助 求助 最近 搞 辩论 在 城市 就业 好 还是 在 乡镇 就业 好 我们 是 正方 抽到 的 是 在 城市 就业 好 请问 一下 大家 可以 给 一些 观点 指导 一下 吗 对 反方 可以 进行 什么样 的 反问 因为 我 刚刚 接触 辩论 请 各路 大神 帮忙 ( 口 ) (
217881465,"1 . 正方 真的 天生 劣势 但 通过 辞典 掰 回 了 "" 万 "" 字 2 . 这个 时候 反方 只 需要 证明 万字 有 全部 的 意思 就 可以 了 但 貌似 辞典 里 没有 "" 全部 "" 这种 意思 这个 时候 就 可以 回 : "" "" 对方 辩友用 辞典 来 证明 万字 不是 全部 的 意思 那么 请问 在场 观众 甚至 对方 辩友 在 没有 查 辞典 之前 在 日常生活 中 大家 理解 的 万能 是不是 就是指 全部 都 可以 呢 "" 通过 辞典 与 现实 的 分歧 打破 "" 万 "" 表示 多 的 境况"
232347067,正方 开始 对 命题 进行 了 新 的 解释 所有 恶有 部分 是 钱 恶有 部分 是非 钱恶 这样 就 承认 了 反方 的 命题 了 已经 在 逻辑 上输 了 反方 是非 全程 命题 只要 举出 一个 非钱 恶 的 反例 就 赢 了 正方 原 命题 是 全称 命题 本来 很 不利 了 一 开始 就 用 诡辩 战术 更加 不利 ..... 后面 就 等 的 被 反方 逻辑 吊打 吧
387083480,回复
387118306,你 说 的 对 正方 解释 的 是 语义 层 的 万 逻辑 万 没 讨论 啊 我 总 觉得 辩论 得 有 个 正反两方 共同 承认 的 东西 否则 会 出现 鸡同鸭讲 的 状况 互相 死不承认 的 循环 那个 共同 承认 的 东西 是 什么 呢 一直 不 明白 而且 论题 是 开放 的 这个 开放 是不是 没有 边界 呢 没有 边界 的 东西 有没有 共同之处 呢 如果 没有 共同 承认 的 东西 那么 辩论 是 怎么 实现 的 对话 呢 也许 辩论 就是 在 一个 开放 论题 下 有 部分 共同之处 的 鸡同鸭讲 呢
507308778,回复
507313508,回复
216958830,正方 四辩 总结 的 时候 两个 点 很 好 一 是 金钱 不是 指 金钱 本身 而是 代表 了 一切 诱惑 的 一个 抽象概念 二是 万恶之源 本身 并 不是 一定 要是 恶 的 所以 反方 反复强调 的 金钱 本身 是 中性 体 并 不 意味着 它 不能 成为 万恶之源 可惜 这 两个 观点 都 提得 太晚 了 如果 早 提出 来 或许 能够 反败为胜 弹幕 里面 一群 小学生 居然 还 说 正方 四辩 没有 逻辑
218223961,第一点 容易 被 驳斥 抽象概念 的话 那 性犯罪 呢 如果 一 开始 就 这么 说 恐怕 会 被 喷 死 啊 我 也 可以 说 对性 和 权力 的 不 满足 才 是 万恶之源 凭 什么 只有 钱 是 作为 诱惑 的 抽象 代表 了 反方 并 没有 说 万恶之源 本身 是 恶 的 才 可以 是 源头 正如 钱 本身 也 不 具备 善 有些 人 却 用钱 来 行善 那钱 也 可以 作为 这个 善行 的 源头 了 我 想 反方 指 的 是 钱 不 具备 任何 善恶 它 是 中性 的 是 在 人 由 其他 源头 导出 的 恶行 赋予 钱善 或 恶 的 色彩
218779995,回复 : 1 钱 可以 作为 一般 等价物 用钱 可以 买到 权和性 所以 最具 代表性 至少 在 经济学 上 是 如此 2 正 因为 钱 是 中性 的 所以 钱 是 善行 的 源头 与 钱 是 万恶之源 不 矛盾 反方 反复强调 钱 可以 行善 就算 成立 也 并 不能 否定 正方 因为 正方 只要 证明 钱 是 恶之源 即可 这 与 钱 某些 时候 也 是 善 之源 不 矛盾 钱 可以 是 善恶 两 方面 的 共同 源头 二者 是 相容 的 就 好比 太极 钱生 两仪 善恶
218780998,所以 说 钱 是不是 善之源 与 这个 辩题 根本 没有 关系
212935156,辩论 本来 就 没有 对错 就算 你 没拿到 事实 的 优势 方 难道 就 放弃 吗
212875189,辩论 队 作业 写赛 评 ORZ
210420954,我 就 因为 看 了 这个 到 现在 还 一直 关注 着 余磊 的 微博 ( )
216429694,我 去 我 也 是 啊
209958163,弹幕 里 啥 都 不 懂 还 瞎 bb 的 真是 够 了 连 辩手 的 基本 修养 都 不 知道 还 在 这 扯
209686591,弹幕 一群 没有 参加 过 辩论 的 瞎说 明明 什么 都 不 懂 还要 装 了解 揪住 一点点 错处 就 不放 一个个 都 厉害 得 不行 啊
206636959,开头 反方 不 知名 的 小兄弟 马云 张全 蛋 马化腾
205866229,有意思
205443326,一 不是 万 one 吗
205178032,这 题目 正方 本来 就 没法 谈 逻辑 一些 弹幕 不 知道 啥意思 就 自己 懂得 多
204780950,下周 学校 开 辩论赛 我 特别 方 这 几天 看看 辩论赛 的 视频 ( _ ) ( )
204353428,其实 有个 很 有力 的 问题 都 被 有意无意 的 忽略 了 那 就是 用钱 做 慈善 用 万恶之源 去 帮助 别人 这个 就 很 神奇 了
197034217,辩论 嘛 无所谓 结论 对 还是 错 重要 的 是 过程 但是 抛开 辩论 和 多数 人 看法 不同 我 觉得 钱 是 万恶之源 你们 说 正方 在 辩论 时 咬文嚼字 但是 你们 说 钱 不是 万恶之源 这 不 也 是 咬文嚼字 嘛 钱 是 万恶之源 不 代表 就 没有 其他 东西 是 万恶之源 了 说 欲望 是 万恶之源 也 是 对 的 啊 真要 说一不二 逻辑 上 无可挑剔 的话 你 要 具体 问题 具体分析
193852241,搞清楚 万万不可 里面 不是 万是 万万
193454627,我 记得 前段时间 有 一个 这 视频 的 鬼畜 很 带感 很 感动 的 加入 BGM 的 我 找不着 了 毕竟 那 时候 是 个 萌新 忘 了 收藏 那 视频 很火 的 望 Dalao 帮助 给 跪 了
193456769,是 很 火 的 那部 唷 ~ 至少 也 有 几十万 的 播放 量 找不着 了 / TT ) / 再次 谢 帮助
193458902,欧 十分 抱歉 不是 鬼畜 我 的 锅 应该 说 是 有 BGM 的 剪辑 后 的 辩论赛
193718996,回复
193719728,回复
197409032,鋃 月 的 当 辩论 遇到 bgm av5218508
197859853,回复
197859932,回复
197881087,回复
197881634,回复
192310198,胡渐 彪 好帅 ( ) ~
192309601,建议 关闭 弹幕 食用
191792331,又 顶上来 了
190941394,某些 弹幕 连 他们 说 的 是 啥 都 不 知道 就 在 那 说 偷换概念 听不懂 就 听不懂 吧 还 拿 出来 显摆
188799788,看到 辩论赛 我 感觉 我 就是 个 墙头草 啥 说 的 都 有 道理 _ ( : 3 ) _
186848523,( = = )
186686669,刚刚 从 大连理工 来 的 恭喜 大连理工 香港大学 也 很棒
186326041,我 的 妈 弹幕 里 都 是 些 什么 东西 一堆 奇怪 的 人 一堆 奇怪 的 关注点
190062804,很久以前 看过 这个 辩论赛 现在 重温 感受 语言 的 力量 却 发现 一堆 奇怪 的 弹幕 醉 了
190110670,回复 : 关 弹幕 吼 啊
185441602,( ^ ^ )
184509793,余磊 和 敖 厂长 有 什么 关系 ? 是 同一个 人 吗 ? 求 解答 为啥 余磊 那 都 在 说 敖 厂长
184471321,奴隶 不能 展现 任何 性格 只有 奴隶主 才能 展现 本性
183449479,这个 辩题 从 基本 认知 角度 是 对 正方 不利 的 但 正当 二三 辩 通过 不断 的 转移 焦点 避重就轻 已经 把 这种 原始 不利 化到 很小 了 而 反方 四遍 抛开 一切 谈 本质 用 逻辑 把 这种 最 原始 的 正方 不利 剖开 揉碎 地谈 生怕 有 一人 体味 不 出 这种 正方 不利 正方 四遍 真的 已经 无话可讲 任何 逻辑 都 反驳 不了 反方 四辩 逻辑 只能 做 困兽之斗 垂死挣扎 了 不能 一味 批评 正方 四辩 没有 逻辑 什么 的 我 是 真的 很 佩服 他 顶 着 巨大 的 压力 仍不落 气势 地 完成 发言
216960265,我 倒 是 觉得 正方 四辩 的 逻辑 很 好 一 是 金钱 不是 指 金钱 本身 而是 代表 了 一切 诱惑 的 一个 抽象概念 二是 万恶之源 本身 并 不是 一定 要是 恶 的 所以 反方 反复强调 的 金钱 本身 是 中性 体 并 不 意味着 它 不能 成为 万恶之源 可惜 这 两个 观点 都 提得 太晚 了 如果 早 提出 来 或许 能够 反败为胜
217273904,第一个 金钱 太 具体化 了 感觉 很难 抽象化 第二 说 的 很 好 真的 就是 提出 的 太晚 了 要是 能 早些 提出 让 反方 回应 一下 就 好 了
183121016,我 发现 看 辩论 最 重要 的 一点 就是 在 听取 观点 论证 的 时候 要 有 自己 的 的 立场 和 想法 不然 你 听 谁 说 的 都 像是 对 的
181375607,反方 四辩 太 厉害 carry 全场
181112446,其实 感觉 正方 三辩 失误 太大 了 应该 从 一 开始 就 定义 万恶之源 不是 一切 恶 的 根源 正方 三辩 举得 例子 却 全都 是 钱 是 一切 恶 的 根源
181111189,b 站 一场 辩论赛 都 没 打过 的 键盘 侠 真是 厉害 指点江山 激扬 文字 看着 真的 好笑
180645651,给 大家 介绍 一些 辩论 辩论 是 一种 语言艺术 并非 逻辑 科学 辩题 只是 题材 一般 正反 没有 优劣 之分 辩论 的 目的 也 不是 为了 得到 一个 非黑 即 白 的 答案 辩论 的 核心 在于 大量 严密 的 准备 场上 所有 的 发言 几乎 都 是 宿购 所有 的 反驳 事先 都 有 预演 辩论 中 会 利用 一些 诡辩 挖坑 等 技巧 都 是 合理 且 常见 的
178114246,一个 现实 一个 理想
176965919,讲真 你 连 立论 攻辩 小结 自由 辩论 总结 四个 程序 都 不 知道 是 什么 让 你 有 勇气 去 质疑 一群 专业 到 这种 地步 的 人 呢 又 是 什么 让 你 开口 说 不 不 不 的 呢 我 想 是 无知 吧
175859599,封面 是 谁 啊 好帅 ( 3 ) 然而 看 完 视频 的 我 并 没 看 出来
175864603,卧槽 原来 是 我 跳 过 了 辩手 介绍 渐彪 大神 我错 了
174801386,钱 不是 万恶之源 没钱 才 是
185540855,这个 里面 说 过 了
174372263,这 问题 归结 起来 就是 老公 出轨 打小三 还是 打 老公 的 问题 好 吧 严肃 点 说 确实 反方 表现 的 稍 好 一些 正方 偏重 词藻 的 华丽 和 咬文嚼字 的 文字游戏 而 反 方才 是 用 严密 的 逻辑 和 推断 来 驳斥 对方 的 这点 在 总结 的 时候 表现 得 尤为 明显 大概 辩题 确实 有点 不 公平 吧
174082549,up 主 我可以 下载 吗
173817212,4 芥菜
172841969,鬼畜 版本 在 哪 ?
172716366,求问 一下 哪里 能 看到 01 年 辩论赛 的 全部 感觉 01 年 的 辩论 很强
172422633,撕 逼 看 的 我 好 激动
172388289,这个 辩题 反方 发挥 的 空间 比 正方 要 大 反方 一 开始 就 有 优势
171976272,正方 三辩 口才 了 得 把 劣势 转为 好 反方 四辩 简直 决定 了 这场 辩论 结局 充分 从 逻辑 分析 上 反驳 对方 用 的 更 多 是 专业术语 而 不是 口才 虽然 正三 能力 强 但 反四才 是 辩论 的 最佳 可取 之道
169638667,我 姥姥 说 了 他 是 万恶之源 没说 是 全恶 之源 万恶 只是 一部分
168683070,反方 节奏 都 被 黄辩哥 给 带 歪 了 _ ( : 3 ) _
168087152,十多年 前 的 辩论赛 啊 这么 精彩 双方 的 三辩 和 结辩 都 炒 鸡 有 逻辑
167295852,弹幕 里 一群 上次 武汉 对 新加坡 国立 武汉 是 胜方 但 最佳 辩手 是 余磊 好 嘛
167193542,弹幕 无脑 搞 得 我 看 不了
167136579,明天 打 比赛 来 挖个 坟
166773734,我 只是 来 重温 嫩 渐彪 哒
165968825,万恶之源 这个 本来 就是 个 伪 命题
165976307,这个 辩题 钱 是不是 万恶之源 本体 太 多 钱 恶 源 解决 不 完 的 辩题 没有 唯一性 扯 不 完 的 啊
167881127,回复
165836690,下周 打 比赛 很方 赶紧 来 看看
165731257,效用 无限性 占有 有限性
164736946,我 竟然 一边 看着 视频 打嘴炮 一边 看着 弹幕 打嘴炮
164458256,感觉 辩论 钱 是不是 万恶之源 的 出发点 是 辩论 人性本恶 还是 人性本善 人性本善 的话 那钱 可 作为 人变 恶 的 诱因 甚至 是 根源 恶是 外因 所致 人性本恶 的话 那 就是 万恶之源 在 人 心中 钱 只是 把 人 身上 的 恶 激发 出来
164295036,谢谢 这个 视频 让 我 屏蔽 列表 又 多 了 一群 * * *
163982333,可笑 哪有 一件 事是 绝对 正确 和 错误
162922254,辩论 很 精彩 吸引 人 总 感觉 正方 或许 也 是 站 对立面 的
162704730,关掉 弹幕 食用 味道 更好
162483226,钱 是 人 发明 的 万恶之源 是 描述 客观存在 人 主观 界定 的 东西 为什么 能 成为 客观存在 呢
162484578,当 我 没 说 想想 包括 万恶之源 在内 的 一切 文字 都 是 人类 发明 的 产物 语言 世界 也 不过 是 多数 人 的 主观 构建 的 世界
162315092,看 了 这个 特意 去 补 了 周玄毅 的 奇葩 说
162089730,作为 武大 的 校友 非常 佩服 几位 师兄 师姐 特别 是 天风 的 余磊 师兄 人生 赢家
160846579,忽然 发现 上 B 战 的 人 真不简单 啊 各种 吊炸天 科科话 说 有 多少 人 是 学过 辩论 的 啊 好 想 知道 啊 天真 脸
160625520,切入 的 角度 很多 就 看 谁 的 角度 更 有 逻辑 更 切合实际
160427718,果然 全场 最佳 : 余磊 输 了 比赛 赢 了 人生 ( )
160265874,笑 哭 了 2333
159142604,萌新四辩 表示 有 好多 要学 的
159862586,同萌 新四辩 2333
158189491,说 最过 了 吧
157961175,辩论 而已 你们 这群 大神 瞎 biiiiiiiiiiii 什么
156868163,双方 四辩 都 很 好 明显 总结 时 反方 说得好 正方 结束语 一点 都 没有 对 人类 附加 于 钱 的 恶 做出 回应 这是 很大 的 劣势 啊 ? ? ? ?
156675936,全是 满分 作文 ~ 没 毛病 ~
155342455,既然 钱 是 万恶之源 那么 我 愿意 牺牲 小 我 委屈 委屈 帮 你们 解决 了 ( )
159075659,诶 在 这里 看到 一只 海宝 up 主 视频 都 有 看 ( )
154732410,曾经 是 辩论 队 的 表示 毫无 争议 是 反方 赢 啊 赢 在 逻辑
1830117162,正方 真的 吃亏
4074985628,反方 三辩 直接 指出 恶 在 先 钱 在 后 确实 逻辑 更强
94107958976,说 正方 逻辑 的 我 想 说 下 在 这场 比赛 之前 国内 主流 是 华丽 的 打法 也 就是 当时 并 没有 什么 是 专门 打 逻辑 的 马来亚 大学 可以 说 是 打开 了 新 的 一种 辩论 潮流 复制 的
94108016992,拜托 20 年前 本身 辩论 就是 主打 感情 和 词藻 的 又 不是 只有 正方 有 这个 毛病 基本 所以 辩论 队 都 有用 现在 的 眼光 去 看 以前 的 事物 肯定 有些 想法 会 被 扭曲 不 被 认可 的
94108037744,毫无 争议 是 不 可能 的 正方 总体 比 反方 强
134112702608,正方 吃 了 辩题 的 亏 反方 吃 了 口音 的 亏 但 还是 打 的 如此 精彩 都 是 人才
135881581888,正方 的 辩题 就 有 问题 从 数学 来讲 证明 一个 公式 是 正确 的 你 需要 逻辑 推导 但是 如果 让 你 证明 这个 公式 是 错 的 你 只 需要 举出 一个 例子 就 可以 正方 要 想 赢 必须 每 一个 环节 都 正确 反方 要 想 赢 抓住 一个 纰漏 就行了 所以 当 正反 俩方 不分上下 的 时候 正方 就 赢 了 所以 正方 的 逻辑性 更强 不要 捧 一 踩 一 不要 觉得 正方 辞藻 华丽 那么 他 的 逻辑 就 有 欠缺 不如 反方
168017889616,可 这 是 辩论赛 正方 题目 先天 决定 了 如果 走 逻辑性 那么 这场 辩论 就 会 毫无 悬念 因为 逻辑性 分析 的 结果 都 会 证明 钱 不是 万恶之源 所以 正方 这场 辩论 并 无 问题 强调 己方 主观 和 举证 有利 的 的 例子 都 是 辩论赛 常有 的 方法 如果 你 认为 不 讲 逻辑 就是 失败 的话 那 我 想 我 不必 过多 解释 您 的 成分 如同 结果 一样 这是 一场 势均力敌 的 辩论赛 反方 论题 赢 在 逻辑 所以 要 强调 逻辑 正方 论题 输在 逻辑 所以 只能 剑 走 偏锋 至于 这场 辩论 的 胜负 其实 聪明 的 人 早就 知道 结果 了 一般 情况 下 这场 辩论 无论如何 都 应该 是 正方 赢 不是 因为 论题 占优 如果 你 真的 了解 辩论赛 尤其 是 这种 会 在 电视 上 大肆宣扬 的 节目 对于 一场 有着 不止 于 实力 的 比赛 其 结果 不言而喻
200996271600,但 问题 在于 一个 问题 的 逻辑性 不是 正反 五五开 的 辩论赛 不仅仅 是 辩论 而且 还是 表演 是 一种 对 自身 观点 逻辑 演讲 反驳 的 结合 表演 如果 只是 因为 发现 了 一个 逻辑 漏洞 就 死 抓着不放 然后 不停 地 逼问 对方 这个 漏洞 那 说明 自身 水平 是 比较 低 的 很多 东西 你点 出来 评委 观众 就 已经 知道 了 就 例如 反方 点出 了 强奸罪 侵犯 的 法益 不是 金钱 道德 目的 也 不是 金钱 论点 就 已经 完整 了 此时 再 去 抓住 一个 本身 存在 问题 的 细微 附加 词汇 不 放 评委 是 不会 喜欢 的
208950391312,反方 打 逻辑 可太好 打 了 辩题 本身 不利于 正方 正方 能够 打成 这样 已经 是 非常 优秀 的 了 观众 表示 逻辑 上 反方 胜 辩论 本身 上 正方 胜
220751327424,所以 这场 辩论 真有 划时代 意义
246516126688,回复 : 正方 一 直接 说 了 开头 就 说 了 钱 是 等价交换 物 呀
252779663616,false game
253493207025,对 啊 很 明显 反方 逻辑 对 可是 有人 就 一直 抓 着 口音 问题 和 什么 黄暴 扯 着 不放 强奸案 怎么 算是 黄暴 呢 明明 就是 阐述 犯罪案 的 名词 而已
268874112945,比赛 是 给 大众 看 的 所以 以 武汉大学 的 立场 而言 就 不 可能 胜利
285453533281,兄弟 你 现在 再 看 呢
289507144192,回复 : 虽然 时间 很久 了 但是 辩论 的 逻辑 跟 数学 的 逻辑 大有 不同 一概而论 武大 在 2001 年 不会 打 到 决赛 了 他们 半决赛 的 题目 也 是 劣势
289523151920,你 要 明白 一点 世界 上 压根 就 没有 什么 问题 是 中性 的 只要 是 论题 他 就 一定 会 有 偏向 某 一方 而 辩论 的 意义 就是 在于 让你能 把 你 这些 逻辑 的 漏洞 完美 的 给 它 包住 圆 回来 这才 是 我们 进行 辩论 的 目的 也 是 人类 语言 的 艺术
154460940,记得 高中 老师 给 我们 看过
154190314,沉迷 辩论 无法自拔 ( )
153780413,那个 你们 有没有 像 王司徒 和 诸葛孔明 那种 等级 的 现代 辩论 啊 在线 等 不是 很 急
129109180320,那个 还 急 吗
129174092800,回复 : 可能 不急 了 吧
152474414,这次 辩论赛 抽到 了 超级 恶心 的 题目 T _ T 回顾 一下 这场 比赛 非常 能 体会 武汉大学 的 心塞 ( _ )
151869688,拿到 这个 题目 感觉 正方 完胜 啊
151660672,弹幕 看 的 烦 一堆 一看 就 没 怎么 接触 辩论赛 的 人 自 以为 很 聪明 的 人 说 出来 的话 简直 可笑
151591816,很 明显 这场 主要 是 概念 之争 正方 论 基于 万 的 理解 反方 论 的 优势 在 源 上 讲道理 反方 大 半场 都 硬 要 和 正方 去争 万 的 定义 最后 也 硬是 没 攻下来 属于 指挥 上 的 大 问题 了 还好 胡 最后 强行 拉 了 一手 胡 最后 坑 了 一波 不过 要是 打分 的话 我 觉得 正方 应该 还是 有 小 优势 的 吧
151591854,周坑 了 一波
150967884,感觉 双方 都 很 有 道理 啊 这边 说 着 说 着 给 带 过去 了 那边 说 着 说 着 又 给 带 过去 了
150810662,分 善恶 本事 就是 恶 绝对 的 观点 永远 是 恶
150496184,你们 在 这里 撕来撕去 是 为了 钱 吗 ( ( # )
150466505,那么 问题 来 了 这个 名题 的 意义 何在 ( = = )
150319523,这种 辩论 看似 精彩 其实 毫无意义 纯粹 伪 命题
150762937,辩论 是 对 语言 的 玩味 辩题 不 需要 有 意义
150763116,就算 是 伪 命题 又 怎样 说 得 精彩 就是 好 的 辩论
149943737,万恶之源 明显 是 人 嘛 恶 是 人 主观 定义 的 概念 没人 哪来 恶
149754906,为什么 手机 看 不了
149359810,我 听到 辩题 的 一瞬间 就 站定 了 反方 持刀 杀人 杀人者 非刀 也 有用 金钱 诱导 出善念 规范 社会秩序 的 例子 存在 但是 我 看 完后 开始 思考 正方 有没有 可以 抓住 的 点 呢 ? 恶是 违反 道德 的 还是 造成 可怕 后果 的 呢 ? 大 刘 的 赡养 人类 之中 终 产者 的 行为 明显 并 不 违反 道德 完全 合理 的 追求 金钱 最终 却 导致 自己 一人 掌握 了 99 的 财产 其余 二十万 人则 连 空气 都 要 掏钱 私 以为 正方 论点 也许 可以 从 资本主义 的 恶 进行 论述 即使 是 正当 的 积累 财富 也 必然 造成 贫富差距 越来越 大 的 恶果 造成 恶果 的 行为 不 应当 是 恶 的 行为 吗 ? 好像 这个 逻辑 很 容易 被 击穿 恶 的 判断 应当 以 不 危害 人们 的 利益 而 非 道德 作为 标准 以 道德 行事 并 不是 为了 人类 社会 而是 为了 自己 的 形象 即 是 为 自己 本身 单纯 是 伪善 其实 并 不 顾及 人类 的 未来 所以 是 恶 离题 了 相比之下 强奸 虽然 违反 道德 但 起因 只 为 兽性 兽性 我们 通常 界定 为 中性 * * * 被 处罚 更 多 是 为了 维持 社会 稳定 因为 这一 行为 对 社会秩序 产生 极大 影响 但 远古 英雄 享用 受俘 的 女性 并 不 属于 恶 而是 约定俗成 的 规则 f * * k 我 写 这段 时 自己 都 觉得 恶心 正方 太难 占优势 而 我 个 渣 渣 完全 偏题 我 是 想 切入 如何 界定 恶 然后 再 证明 金钱 导致 了 一切 的 恶 过 一段时间 想 在 班里 搞个 以此 为题 的 辩论赛 所以 才 bb 这么 多 的 如果 有人 像 交流 意见 请 务必 搭理 我 qwq
149563977,正是 因为 反方 的 优势 太 大 但是 最后 却 没有 碾压 更 显得 正方 的 强大 所在
149630549,回复
149343614,论题 给 了 正方 一个点 给 了 反方 一个点 的 补集 一群 人 在 弹幕 了 批评 正方 你们 如果 不 知道 结果 真的 还会 觉得 双方 实力 差距 很大 么 正反方 都 很 厉害 但是 你们 一个劲 捧 胜者 贬 败者 是否 不够 公正 呢 ? 逻辑 是 很 重要 但是 你 的 辩题 要 能 让 辩手 发散 逻辑思维 好 么 这样 的 论题 真的 让 人 难受 ? ? ? ?
149237240,正方 说完 还 真是 那 回事儿 ( ) 反方 说完 好像 又 不是 那样 正方 说完 果然 就是 那回事 ( | | ) 反方 说完 看来 是 正方 蛊惑 ( ) ! 正方 说完 原来 是 反方 胡扯 ( ) 反方 说完 正方 那 婊 套路 我 ( ` ) 正方 说完 反方 那厮 * * * 结论 这个 视频 才 是 万恶之源
1663295880,打破 惨案
1941850088,来自 三年 后 的 回复 一个月 不到 也 国庆 了
1952438092,快 国庆 啦
1956421180,回复 : 附中 辩友 来 报道 啦
1975147549,来自 9102 年 还有 9 天 就 国庆 了
1975900007,回复 : 来自 9102 年 还有 九天 祖国 就 过生日 了
1977340468,还有 八天 国庆 了
1982306860,回复 : 还有 六天 了
1989864888,阿 还有 四天
1991138847,回复 : 两天 = = ( )
2019306464,反方 太笨 老 纠结 一个 万字 其实 源才 是 突破点 钱 源于 欲望 产生 人才 是 万恶之源 证明 这 一点 咬 死 这个 源字 正方 不攻自破 反方 利于 不败之地
2020985602,回复 : 你 最强 了 不 知道 是 世锦赛 世界杯 上 的 哪位 选手 打 过 辩论 都 知道 他们 多牛 逼 没 打过 的 总 觉得 自己 能 虐杀 全场
2027252084,回复 : 素质 好 低 不要 做 喷子 用 你 的 逻辑 说服 别人 好 吗
2048688612,回复 : 辩论 跟 你 想 的 不 一样 ... 你 以为 自己 是 龙 傲天 真正 上 了 大学 打 起 辩论 被 吊 着 打
2093766049,回复 : 加 狗头 也 莫得 用 啊 ..
2142422832,回复 : 我 也 是 这么 想 的 233
2223469461,想法 是 好 的
2271104097,666
2403293785,回复 : 不能 这么 说 反 方可 都 是 和 正方 差不多 的 水平 的 只不过 我们 在 第三人称 视角 就算 知道 了 你 看 已经 过 了 这么久 才 知道 而且 可能 有人 刚看 完 就 总结 出 你 这个 观点 但是 没 让 别人 知道 知道 这个 观点 的 人发 网上 也 没 被 人 看见 所以 不要 用 现在 的 时间 来 代表 以前 的 人 的 智商 水平
2449539214,占个 楼 希望 能 得到 点赞 上去 所有人 的 一生 都 要 面临 无数 的 选择 有 无数 展示 自身 价值 判断 的 机会 人类 社会 将 这些 行为 划分 出 善恶 试图 判定 人性本善 还是 人性本恶 但 其实 无论是 人 还是 动物 都 是 善恶 共存 那些 都 不过 是 选择 所以 将 始终 存在 的 恶 普遍存在 的 恶 定为 万恶之源 毫无意义 而是 将 人类 在 选择 途中 在 绝大多数 事情 上 往往 将 人 向 恶 的 一方 拉扯 的 钱 作为 万恶之源 才 是 有 引以为戒 的 意义 的
2486732826,666
2552521016,我 感觉 我 被 他们 转着 溜
2602083814,回复 : 你 这个 狗头 存在 感 略低 啊
2646496505,既然 这个 视频 是 万恶之源 那钱 就 不是 了 结论 钱 是不是 万恶之源
2655023592,这个 颜 文字 好 带劲
2741815526,回复 : 现在 评论 区 都 怎么回事 人家 发表 一下 自己 的 意见 怎么 还成 对 辩手 的 轻蔑 对 自己 的 吹捧 了 他们 是 厉害 发表 一下 自己 的 意见 不行 必须 要 辩论 这方面 很 厉害 才能 发言 是不是 有病
2741825709,回复 : 还有 人家 的 狗头 你 看不见 摆明 了 是 说 出来 玩玩 怎么 就 成 人身攻击 了 眼睛 不要 可以 捐给 有 需要 的 人
2741880727,回复 : 我 也 没 骂 他 啊 我 还 以为 他 是 喷子
2742233856,回复 : 关键 是 人家 不是 啊 你 这 就算 不是 在 喷 也 是 在 给 别人 扣帽子 啊
2743189628,回复 : 都 怎么回事 人家 发表 一下 自己 的 意见 就是 不知天高地厚 了 又 指不出 别人 论点 的 漏洞 还边 给 别人 扣 上 无知 的 帽子 不 就是 酸 吗
2743351407,回复 : 如果 他 个人 的 意见 叫做 世界杯 辩手 真笨 那 的确 称得上 不知天高地厚 因为 这个 词 就是 这么 定义 的
2743392441,回复 : 你 把 我 评论 他 叫做 扣帽子 不如 先 批判 一下 他 为啥 给 世界杯 辩手 扣 笨 的 帽子 反思 一下 你 自己 为啥 要 给 我 扣酸 的 帽子 如果 你 把 他 这种 评论 叫做 正常 发表意见 那 建议 你 别来 烦 我 因为 我 在 正常 发表意见 我 正常 的 意见 就 叫做 这个 人 不知天高地厚 路见不平 a 上去 之前 先 检视 一下 自己 判断 善恶 标准 是不是 单一 的 否则 容易 闹笑话
2743411692,回复 : 没 看到 他 的 狗头 眼睛 呢 不过 是 玩笑 罢了 有 什么 可 认真 的 不过 是 为了 表示 辩手 没有 想到 这点 的 疑惑 罢了 这 都 看不出来
2743562432,回复 : 我 再 补充 一点 他 在 这里 说 辩手 笨 其实 不为过 毕竟 他 的 观点 不错 且 辩手 的确 没有 想到 这点 有些 人 一直 在 那里 为 辩手 找 借口 说 你 行 你 上 你 知道 辩手 有 多难 之类 的话 这 不是 不 给 辩 手提 意见 的 借口 而且 这个 论点 也 不错 但是 他们 没有 抓住 这个 机会
2743752691,回复 : 注意 到 一件 事情 你 之前 的 评论 和 与 我 对线 时 的 言论 完全 不 一样 感觉 就是 一个 小学生 和 一个 高中生 分别 在 说话 真是 可惜 了 你 这个 四级 号 希望 你 的 发言 能 和 你 的 等级 挂钩
2743810895,回复 : 也 不能 这么 说 虽然 相对 于 辩论赛 来说 我们 是 观众 是 第三方 但是 不论是 观众 还是 辩手 看待 辩题 都 是 同一个 视角 吧 既然 是 同一个 视角 观众 想出 了 辩手 的 缺陷 和 不足 而且 没有 问题 那 他 说 的 就 没有 错 这里 说 笨 也 不为过 毕竟 辩手 的确 没有 想到 这方面 错失 了 一个 机会
2743847351,回复 : 总算 找到 一个 稍微 理智 一点 能 清楚 表达 自己 推理 结论 的 逻辑 的 人 了 现在 的 人 都 喜欢 跟风 黑能 发现 你 这 中 冷静 的 人 着实 不易
2744263129,回复 : 我 觉得 应该 是 举报 的 人太多 他 发 的 有些 东西 被 删掉 了 你 开心 就 好
2744283633,回复 : 再 回 一下 这 一句 你 见 过 小学生 教 大学生 微积分 的 嘛 ? 郭德纲 说 这 航天飞机 啊 得 上 水洗 煤烧 的 旺
2745830697,回复 : 谢谢 举报 了 人身攻击
2764747521,回复 : 自己 说 着 狗头 代表 开玩笑 让 别人 闭嘴 我 给你个 狗头 你 又 举报 又 拉 黑 的 搞笑 不 搞笑 p 小将 双标 一直 可以 的
2789035182,回复 : 我 想 他们 是 觉得 这个 人 的 态度 很 令人讨厌 因为 通过 态度 就 会 觉得 他 对 选手 十分 不 尊重
2789028226,回复 : 发表 一下 意见 没什么 但 他 的 态度 着实 令人讨厌 所以 大家 才 会 开 喷 那么 照 你 这个 逻辑 来说 大家 的 反对 他 的 评论 是否 也 是 允许 的 呢
2789033584,回复 : 在 你 眼里 我们 是 没有 礼貌 的 是 逻辑 不 清晰 的 但 你 在 我们 眼里 也 同样 是 这样 所以 我 希望 在 我们 有 双方 开喷 之前 最好 大家 都 互相理解 一下
2789046206,回复 : 还有 你 总是 把 跟 你 观点 不合 批评 你 观点 的 人 认为 黑子 说 他 逻辑 不通 其实 只是 你 不 理解 他们 的 话语 这 一点 也 同样 会 引起 大家 的 愤怒 所以 下次 再 发表 评论 之前 请 想想 怎样 才 可以 让 你 的 态度 看起来 比较 好 这样的话 你 的 观点 也 更 容易 让 人 接受 更 容易 让 人 理解 我们 才能 心平气和 地 讨论 这个 问题
2791434430,我 从 最 开始 的 哇 妈妈 他 说 的 对 哇哇 哇 好 厉害 我 怎么 没有 想到 看好 后面 哈哈哈 哈哈哈 哈哈哈 哈哈哈 哈哈哈 哈哈哈 哈哈哈 笑死 我 了 反方 辩手 日常 黄暴 hhhhh
3013203604,来 大家 加个 油 今年 2020 年 给 他 点 到 2020 赞
3148045597,回复 : 你 发表 你 的 意见 没什么 你 说 反方 太笨 我 就 不想 苟同 了
3205872974,回复 : 人家 只是 发表意见 又 没 喷 你 这 有点 激进 了 吧 而且 万恶之源 不 在于 万 在于 源 这 说 的 没错 啊
3208936161,回复 : 1 . 你 没 看到 喷 可能 是因为 被 举报 的 太 多 删除 了 2 . 你 说得对
3210846095,回复 : 他加 了 狗头
3210945413,回复 : 骂 你 自己 的话 我们 的确 说错 了 哈哈
3211053181,回复 : 不 与 竖子 论 长短
3211055952,回复 : 滚
3223744250,回复 : 大 脚色 们 就 只会 诉诸 人身 了 吗 哈哈
3235091577,回复 : 我 说 的 人家 狗头 是因为 人家 是 嘲讽 那些 说 这话 的 人 也 已经 被 正人君子 之流 当成 人身攻击 革掉 了 大家 看个 乐 呵 就 行 不过 奉劝 各位 在 当 正义 骑士 之流 之前 先 看看 别人 说 的 是 什么 东西 看看 到底 别人 是 竖子 呢 还是 自己 是 竖子 呢
3573396761,0202 年 国庆
3622123404,我 全程 支持 反方
3699717446,啊哟
4018297268,针 锋 相 对
4073025226,回复 : 辩论 一般 不 从 这个 点 切入 因为 很 容易 就 会 变成 先有 鸡 还是 先有 蛋 一类 的 哲学 问题 就 像 视频 中 第二段 前期 那样 之后 辩论 就 会 变得 有些 低级 了
4579119638,哈哈哈 你好 可爱
4631723935,太 可爱 了 叭
4985684059,笑死 了
5468338527,来自 21 年 狠狠 的 同意 了
5498139579,五年 后 了
5631141516,哈哈哈哈 哈哈哈哈 哈哈哈 哈哈哈 好
5797675641,来自 五年 后 的 回复
103917930128,来自 六年 后 的 评论
110809265744,黄暴 辩手
127450599392,辩论赛 就是 这样 辩论赛 的 用处 就是 让 人 可以 不会 有 顽固 的 思想 比如 标题 那样 世间 都 有 两面性 我 也 参加 过 辩论赛 ( 非正规 的 哈哈 越 讲 越 激烈 啊 哈哈哈
128498948656,唉 什么 可以 熬 完 这些 月
128507828320,哈哈哈 哈哈
129304772848,回复 : 来自 三年 后 的 回复 一个月 后 也 快 国庆节 啦
129311370352,回复 : 嘿嘿嘿
129554852544,回复 : 来自 三年 后 的 回复 一个月 不到 也 国庆 了
129575015408,回复 : 来自 三年 后 的 回复 一个月 不到 也 国庆 了 提前 说 一句 节日快乐
129596224528,回复 : 中秋节 快乐 提前 国庆节 快乐
129596231088,回复 : 先 中秋节 快乐
129679004080,回复 : 来自 三年 后 的 回复 还有 不到 一个月 也 国庆 啦
129724462256,回复 : 三年 之后 又 三年 又 快 国庆 了
130515013488,回复 : 同 三年 后 的 回复 再 过 几天 就 国庆 了
130865152560,回复 : 来自 三年 后 的 回复 马上 国庆 只有 3 天假 了
130890401664,还有 九天 国庆
130901129056,快 国庆 了
130916435792,回复 : 来自 三年 后快 国庆 啦
130958563536,2022.9 . 22 又 快 国庆 了
131072038784,天呐 这里 还有 一周 就 国庆 啦
131388018800,快 国庆 啦
131420011280,六年 的 回复
131465536400,还有 五天 就 国庆 了
131824082336,还有 一天 就 国庆 啦
131863234800,回复 : 来自 三年 后 的 回复 明天 就是 国庆 了
131863315488,回复 : 等 我 三年 后 再 来
132000703968,回复 : 今天 国庆 啦
132026429008,回复 : 来自 21 年 后 的 回复 今天 刚好 是 国庆
132041942032,国庆 了
132055300480,回复 : 已经 国庆 了
132070154208,2022 国庆 啦
132117962496,来自 近 六年 后 的 评论 本人 刚刚 得出 一个 结论 : 疫情 才 是 万恶之源
132169777008,回复 : 嘎嘎 嘎 国庆 了
132169671024,回复 : 哈哈哈 国庆 了
132255504608,6 年 后 依旧 如此
132259708736,来自 整整 六年 后 的 回复 正当 国庆
132260730016,国庆 呢
132583371664,6 年 后 的 回复
132672117088,回复 : 国庆 已经 快 结束 了
132692780368,现在 再 看 视频 怎么样 感觉
132695220128,回复 : 来自 五年 后 的 评论 国庆 刚过 不到 一个月
132717116240,回复 : 要不是 我 知道 今天 才 2022 年 10 月 6 号 我 就 当真 了
132895126528,来自 六年 后 的 回复 国庆 假期 结束 了
132904362096,回复 : 又 是 三年 后 国庆 也 过去 了
132956738496,国庆 八天 了
133025193376,回复 : 来自 三年 后 的 回复 国庆 已经 过 完 了
133076325744,回复 : 来自 三年 后 的 回复 国庆 刚过
133277777616,2022 年 的 我 来 回复 你 了
133441122848,来自 2022 年 的 回复 国庆 9 天乐 已经 过 完 了
133612570112,太 真实 了 啊啊啊 啊 啊
133629471024,来自 6 年 后 的 回复 你 说 的 很 对
133751604096,来目 三年 后 的 回复 国庆 已经 过 了 一周 了
133913836560,回复 : 得了吧 真叫 你 上去 你 说 一句 话 就 能 被 怼 的 体无完肤 你 信不信
134008838192,可爱 捏 ( = = )
134214810432,六年 后
134498455984,观众 被 玩坏 了 ( ` )
134697811488,说 的 太 对 了
135147645696,我 说句实话 这场 辩论 存在 一个 很大 的 底层 问题 那 就是 比赛 论题 没有 给出 确切 的 定义 和 解释 就是 万恶之源 到底 代表 一切 恶 的 源头 还是 很 多种 恶 的 源头 这 就 导致 这场 辩论 看似 精彩 其实 双方 都 在 自圆其说 自顾自 暇 很少 对 对方 提出 的 问题 做出 正面 的 回复 因为 他们 基础 的 论题 就 存在 不同 的 理解 正方 只 需要 证明 钱能 诞生 很 多种 恶 反方 只 需要 举出 几种 不是 钱 驱使 产生 的 恶 的 例子 其实 说来说去 并 没有 解决 实质问题 精彩 完全 是因为 双方 的 水平 都 太 高 了
138091936096,不好意思 就 这 几年 之后 的 我 看 了 也 是 这样
138581490864,认同
138618651952,回复 : 我 也 是 容易 墙头草
138850428096,结论 我 真 TM 墙头草
140079914832,来自 六年 以后 又 快 过年 了
140258156720,来自 六年 后 不到 一个月 快 元旦 了
140340140864,回复 : 都 快 2023 年 啦 哥
144880431872,回复 : 来自 又 一个 三年 后 的 回复
145774081488,回 復 : 又 三年 了
149661890432,来自 23 年 寒假 的 回复 因为 这场 真的 很 经典
149983065568,来自 七年 后 的 回复
161495843248,你 人才
149144438,弹幕 ... 真的 .... ( _ ` )
149134634,我 觉得 对 正方 来说 辩题 不 公平 但是 对 反方 来说 正方 的 语言 优势 是 巨大 的
149009061,幸好 反方 没 妹子
148964521,弹幕 * * * 键盘 侠太多 了
148921725,正方 三辩 太牛 了 一辩 又 比较 弱 这样 不 均衡 很 容易 生出 最佳 辩手 脸 科科
148889835,我 倒 是 比较 喜欢 人性本恶 和 人性本善 的 那场
148638670,感觉 正方 那个 女 的 没 发挥 出 什么 作用 正方 3 打 4
148855535,这 属于 选人 失误 吧
134440631616,应该 是 镜头 被 剪 了
148407680,麻烦 弹幕 大神 们 先 去 了解 一下 辩论 好 么 ...... 这些 问题 大多 没有 定论 不是 你 觉得 他 怎样 就 怎样 的 ...... 不然 还要 辩论 干嘛
148252538,我 发现 了 反方 没 字幕 怪不得 听 的 时候 觉得 有点 费劲 吐血
148252733,我错 了
148193501,不说 B 站 是不是 严重 低龄化 反正 很多 人 完全 不 懂 辩论 还 在 弹幕 里 冷嘲热讽 1 正方 反方 的 观点 的 选择 明显 不是 主观 意愿 否则 都 站 一方 观点 那 也 不会 有 辩论赛 了 2 辩论赛 的 辩题 从来 都 是 不 定论 所以 你 就算 觉得 自己 有 道理 若 是 辩 不 赢 对方 那 你 也 是 输 3 多数 辩论赛 的 辩题 本身 就 不见得 是 五五开 一般 都 有 优势 方 和 劣势 方 评分 点 也 会 存在 差异 不过 这次 辩题 个人感觉 优劣 差距 有点 大 4 对于 那些 一直 吐槽 偷换概念 的 问题 我 想 说 这 是 辩论赛 不是 告诉 你 什么 真理 的 地方 而且 所谓 的 偷换概念 也 是 辩论 技巧 的 一种 如果 不会 那么 你 方若 是 劣势 方 你 就 别 玩 了 因为 最后 估计 也 是 证明 对方 观点 5 优势 方 一般 是 论证 容易 观点 比较 鲜明 一般 口才 与 逻辑 问题 不 大 优势 就 不小 劣势 方 多数 要 标新立异 抓住 特殊 的 点 有理有据 能 加上 不少 分 的 最后 个人观点 我 觉得 四辩 周玄毅 的 那句 万恶之源 本 不是 恶 并 不是 玩脱 这句 话 也 不 存在 对 对方 的 论证 因为 反方 说来说去 说 的 是 钱 不是 恶 关键词 抓 的 是 恶 这 一字 我 反而 认为 这个 观点 比较 新意 我 觉得 之所以 很多 人 觉得 是 玩 脱 应该 是 前方 一二三 辩 自始 自总 没有 提出 这个 观念 并 加以 论证 然而 提出 这个 观念 的 反而 是 总结 陈词 的 四辩 显得 略显 突兀 正方 关键字 抓 的 是 万 个人 认为 可能 不是 很 好 ( = = )
153232518,辩论 双方 不是 说 就算 觉得 自己 有 道理 若 是 辩 不 赢 对方 那 你 也 是 输 如果 越到 对方 坚持 自己 的 观点 否定 对方 所有 主张 的 当然 正常 辩论赛 是 看不到 的 生活 中 的 争论 则 相对 常见 所以 是 有 评委 或者 裁判 之类 的 角色 的 看 你 后面 的 评论 应该 是 知道 的 好 吧 或许 是 那句话 的 表达 不够 清晰
148051268,弹幕 好 扯淡 啊 一个劲 的 说 没 正面 回答 正面 回答 你妹 啊 直接了当 一个 字 回答 完 了 还 辩个 毛 啊 还有 说 要 正方 把 钱 丢掉 的 辩题 又 不是 自己 选 的 做好 自己 的 辩论 就行了 难道 律师 给 犯人 做 辩护 的 前提 是 自己 也 要 无视 法律 吗
148039436,钱 不是 万恶之源 而是 用钱 的 人 要 把 它 用到 什么 用处 才 是 万恶之源 用钱 的 人才 是 关键 求 人类学家 喷
148032379,挖坟 路过 ( ; )
147983308,说 奖金 的 辩论 为的是 荣誉 不 知道 的 就 不要 说 了
147493437,正方 使用 的 证据 有误 啊 现代 成语词典 中 万恶之源 的 解释 就是 一切 恶 的 根源 啊
147060322,看到 b 站 也 要 这种 经典之作 很 开心 但 我 要说 的 重点 是 不 懂 辩论 的 人 我 没有 权利 控制 你 喜欢 谁 支持 哪方 的 观点 但 请 你 不要 把 你 幼稚 与 不 成熟 的 思想 搬 到 弹幕 这个 舞台 上 我 不停 看到 有人 弹幕 说 什么 跑题 观点 错误 立论 有 问题 自己 给 自己 挖 陷阱 之类 的 词 拜托 这是 什么 比赛 就算 有 失误 难道 通篇 都 是 有 问题 的 吗 不 懂 并 不 可怕 可怕 的 的 是 无知 却 从不 去 学习 无意 针对 任何人 谢谢
146651898,为什么 我 看 辩论赛 笑 屎 了
148096576,1000 个 哈姆雷特
145306713,突然 想起 佛教 的 一句 话 看山 是 山 看山 不是 山 看山 还是 山
153233387,这 是 很 唯心 的 一句 话 辩论赛 上 一般 不会 用到 的 哈哈
144621650,鬼畜 素材 get
144354462,钱 可以 等于 利 吗 有没有 大神 说 一下 辩论 中 是不是 跑题
144007501,终于 找到 鬼畜 源 了
143099344,在 气势 与 辩论 技巧 上 正方 的确 比较 有 优势 但是 由于 先入为主 的 观点 钱 不是 万恶之源 人 追求 钱 是 为了 追求 享受 所以 我 一直 站 在 反方 的 立场 上 只能 说 是 辩题 的 锅 吧
143098341,这个 辩论赛 前 两个 月 我 看 了 两遍 评论 区 一片 和谐 现在 来看 评论 区 不得不 感叹 b 站 的 素质 越来越低 了 辩论赛 是 竞技 不是 讨论 社会 你们 这样 攻击 参赛 人员 有没有 点 智商 百度 一下 辩论赛 的 含义 再 到 这里 好 不 我求 你们 了 真的 是 暑假 小学生 放假 了 没事 做 回家 做 作业区
132874742656,我 发现 以前 的 评论 特别 喜欢 说 小学生 而 以后 就 直接 说 键盘 侠 和 喷子 了 哈哈 小学生 现在 已经 不背 锅 了
143088876,反方 最 应该 讨论 的 是 拼命 获得 钱 是 为了 什么
142812480,诸葛亮 骂 死 王朗 是因为 王朗 欠 他 钱 吗 ( )
148421819,额 这 是 恶 吗 ( 口 ) (
142810137,都 好 有 道理
142329579,真 精彩 啊 不知不觉 就 看 完 了 两方 辩手 的 思维能力 和 语言 能力 真是 都 好 强 佩服 佩服
142233432,最佳 辩手 在 辩题 不 占优 的 队 说明 一个 问题 这个 比赛 要 导向 舆论 所以 不能 乱 给 输赢 但 最佳 辩手 是 看 的 个人 实力 然而 在 社会 中 没有 人 制造 舆论导向 时 个人 实力 就 可以 颠倒黑白 自己 来 导向 舆论 了 表面 看起来 头头是道 让 人 信服 实际 说 的 内容 未必 不 害人 所以 说 口才好 的 人 虽然 是 人才 但 这种 人才 宁愿 让 他们 少 说话 说 精干 的话 也 不要 让 他们 混淆 人 的 试听 当 我们 对 某些 人 拍手叫好 时 是不是 自己 的 思想 已经 成 了 他 的 傀儡 不要 急 着 否定 也 不要 急 着 肯定 唯一 可以 遵守 的 只有 自然规律 除此之外 没有 道理 可 讲 全是 歪理
153235036,有 的 自然规律 不能 遵守 例如 内耗 例如 世风日下 道德 本身 就 在 一定 程度 上 和 丛林 法则 相 背离
153247293,回复 : 自然规律 不是 能 不能 遵守 而是 不管 想 不想 都 是 在 遵守 人 的 行为 并 没有 任何 特殊性 只是 作为 自然规律 的 一种 表现形式 而已
153483544,回复 : ( | | ) 那 你 这个 自然规律 的 定义 和 神 一样 了 么 一切 都 可以 进行 万能 的 解释 唉
153540670,回复
154064920,回复 : 你 都 不能 客观 的 进行 讨论 了 客观 的 自然规律 可不是 能够 进行 任何 解释 的 哪怕 是 上帝 都 会 被 一个 问题 难到 上帝 是 万能 的 能否 制造 出让 自己 无法 举起 的 锤子 你 已经 在 用 哲学 哲学 本身 是 有 逻辑 的 哪怕 是 唯心主义 但 你 这个 哲学 来 解释 自然规律 了 这 就 没法 讨论 了
154071476,回复
154071496,回复 不过 我 强调 的 是 人 依然 是 遵从 一切 自然规律 的 包括 反应 在 自然规律 中 的 哲学 并 不 存在 能够 违反 或 不 遵守 的 人 或 现象
154355205,回复 : ZF 系统 里 没有 悖论 计划生育 正确 还是 二胎 正确 这 变化 是 顺应时代 潮流 的 自然规律 那么 计划生育 中 的 各种 宣传 标语 和 执行 手段 避而不谈 也 同样 是 自然规律 没错 吧 因为 您 的 自然规律 的 特殊 定义 无论是 什么 人 或者 现象 都 可以 用 自然规律 来 解释 说明 所以 我 才 说 没法 继续 讨论 了 无论是 哲学 还是 科学 都 必须 符合 这样 一个 条件逻辑 否则 不是 骗子 就是 煽 动 家 出现 贪官 是 自然规律 吧 清除 贪官 也 是 自然规律 吧 那么 出现 多少 比例 贪官 清除 多少 贪官 是 符合 自然规律 的 如果 贪官 是 消灭 不净 的 那么 物种 是否 也 是 消灭 不净 的 无论是 哪 一个 都 符合 您 的 自然规律 吧 中国 人 乱穿 马路 外国人 在 国内 生活 数年 后 也 开始 闯红灯 生活 在 国外 的 外籍 华裔 不 乱穿 马路 部分 国家 的 外国人 也 同样 乱穿 马路 随便 举 了 个 例子 不管 我们 想 不想 这 都 是 自然规律 所以 您 既然 把 这个 自然规律 搬出来 了 我 就 不想 讨论 了 ( )
154362202,回复
154362236,回复 不同 人 客观条件 不 一样 所以 行为 不同 罢了 其实 是 我们 不管 想 不想 都 是 在 熵 增 我们 喜欢 做 一些 局部 熵 减 的 事 但 其 行为 仍然 会 导致 全局 熵 增 除非 你 理解 的 自然规律 不 包括 这些 客观规律
141028698,Up 主 我俩 好像 啊
140762208,口音 没什么 问题 啊 为什么 一直 说 都 是 人云亦云 吧
140508596,这个 题目 正方 还是 比较 吃亏 的 挖 不 深 逻辑 上 不利 但是 正方 辩论 技巧 是 真 好 啊 论点 确实 很难 挖 深 出彩
140335465,打开 弹幕 就 被 弹幕 质量 感动 了 一下 好多 弹幕 辩论 家
139892603,_ ( : 3 ) _ 完 了 我 已经 思维混乱 了 恶 是 什么 万是 什么 恶 跟 兽性 如何 分 还是 说 人性本恶 ( ` ) 还有 我 为什么 在 b 站 看 辩论会
138785020,如果 中国 的 网民 都 是 这种 素质 就 好 了 _ ( : 3 ) _
138299857,来 找 写作文 的 灵感 手动 拜拜
137988224,现在 开始 辩论 铜臭 ( chu ) 还是 铜臭 ( xi ) 虽然 我 打字 的 时候 输入法 已经 纠正 我 了
137979351,话 说 不是 铜臭 xiu 吗 _ ( : ) _
137859491,大学生 辩论 哪有 弹幕 撕 逼 好看 _ >
137355222,正反 在 日本 是 万恶之源 上 达成 了 共识
5648332181,因为 它 日 了
134441251680,掠夺 资源 不是 钱 资源 才 是 最终 目的 是因为 话题 敏感 大家 都 不敢 再说
143088049776,回复 : 资源 到 了 最后 也 是 换成 钱 啊
146982566384,回复 : 钱 是 一般 等价物 最终 目的 还是 用钱 换 资源
176383626624,回复 : 钱能 导致 很多 恶 但 不是 全部 这点 正方 也 同意
177469595760,回复 : 利益 才 是 最终 目的 而 利益 不光 是 钱 这个 回答 还有 破绽 吗
193122207280,哈哈哈哈 哈哈哈 哈哈哈 哈哈哈 哈哈哈 哈哈哈
224194475648,回复 : 是 钱 换成 了 资源 钱 是 一般 等价物
278075162385,物质 决定 意识 经济基础 决定 上层建筑
285892709089,回复 : 你 恰恰 错 了 日本 侵略 东南亚 是因为 钱 买不到 资源 美国 当时 没 那么 支持 它 了 德国 全力 进攻 苏联 和 北非 也 是 为了 石油 没 石油 坦克 就是 铁 疙瘩
288443361008,那 日本 不 正是 因为 没有 资源 才 会 出去 抢 吗 那 接下来 就 跟 日本 本身 无关 了
286394996753,回复 : 掠夺 也 是 为了 省钱 不想 买 所以 抢
288524096768,回复 : 理论 上 来说 钱 就是 利益 如今 无论是 什么 东西 都 和 钱 有关 想想 我们 的 利益 是 什么 除了 权 就是 钱 而 钱 本质 上 就是 一种 权 资源 也 就是 一种 货币 钱 也 是 一种 货币 本质 上 两者 是 一样 的
288695812336,回复 : 那么 请问 对方 辩友 我方 的 辩论 空间 在 哪里
136002485,反方 题目 先天 优势 所以 可以 理直气壮 和 更 容易 引起 观众 共鸣 辩论 正方 跟 优秀
134209606,正反方 辩题 都 很 好辩 正方 只要 抓住 钱 代表 的 是 资源 就 已经 立于不败之地 了 能 让 反方 的 进攻 顷刻间 土崩瓦解 反方 可以 在 人类 的 劣根性 上 大做文章 不过 人类 的 劣根性 跟 资源 大有 关系 所以 我 是 不 看好 反方 的 只能 说 他们 没有 看到 本质 看 问题 不够 深刻 吧 至于 语言 功底 倒 是 没有 问题 的
134207299,正反方 辩题 都 很 好辩 不论 哪 一方 只要 抓住 钱 不是
134115282,弹幕 呢 bsjxisbsj
133610998,三分钟 一换 的 立场
131936638,万 和 贪 不得不 说真的 厉害
131664318,dc 里 的 小丑 就 不是 为了 钱 而 犯罪 的 这个 例子 难道 不行 吗
131409215,正反 是 走心 ... 反方 是 各种 逻辑 扯 逼型 ..
131201548,比上 一届 强太 多万 字 太 拖 节奏 了 谁 摆脱 了 谁 就 能 赢
131043069,正方 一辩 清华 教授 二辩 南方日报 编辑 长三 辩 上市公司 董事长 四辩 是 哲学博士 几年 后 的 他们
1698604839,6666
1698604877,谢谢 你
1698903264,回复 : 偶尔 科普 一下 做点 力所能及 的 小事 b 站 一家亲 嘛
1700009436,牛批 的 人会 一直 牛 批下去
2657702392,回复 : 有 啥 毛病 反正 比 你 这种 键盘 侠杠 精本 精 更 牛 逼 更 有 价值
2665286764,回复 : 那 你 还 在 这里 玩 b 站 滚 去 学习 数理化 以后 再也 不准 看 任何 小说
2714904869,回复 : 有 这 觉悟 还 来 刷 b 站
2726084442,回复 : 你 它 马 啥 都 杠关 你 马事
2819857325,回复 :
2846845162,回复 : 当场 被 对方 说服 得 是 多 不称职 的 辩手 啊
2866858317,回复 : 哇塞
2897834523,回复 : 听 你 这话 我 觉得 你 看不起 文科 只会 逞 口舌 之快 我 建议 你 多 去 读读 文章 吧 你 的 智商 要是 实在 不行 我 推荐 安徒生 童话
2957296596,回复 : 你 是 地图 炮 吧 如果 辩论 这么 没有 意义 那 反方 那么 多 的 理科 专业 的 参加 干嘛
3540438565,反方 一辩 好像 还 去 了 卡文迪许 实验室
3546890885,周 老公 知 了
3826774906,回复 : 是 的 还 上 了 江苏 卫视 的 那个 综艺 一站 到底
4971305471,周 出事 了 前来 鞭尸
102437822432,野生 科普 君
129178295328,回复 :
131566220192,回复 : 他 说 了 啥 b 站 未解 之谜 了 属于 是
252779766720,回复 : worst player of the game but the enemy played dirty in a game that was rigged anyways
286425354129,正方 三辩 进去 了 罪名 好像 是 经济犯罪
130209885,钱 没有 错错 的 是 人 的 欲望
129768149,班主任 在 学校 放过 ( )
129217951,看 了 之后 我 觉得 两边 说 的 好像 都 有 道理
128645762,万恶 淫 为首 有性生殖 才 是 万恶之源 _
133611649,fff 团赛 高
1818154393,无性生殖 就 无恶 了 对 吧 那 人类 该 如何 繁衍
127995003,看 完 觉得 自己 不仅 立场 不 坚定 还 脑子 笨 _ ( : 3 ) _
127940840,哇 我 二年级 时 老师 给 我们 看过 的 好怀念 啊
127759291,我 也 只 想 说 你 去 辩论 最终 也 不 就是 为了 钱 吗
132056445,请 不要 乱扣帽子 你 怎么 知道 人家 就是 为了 钱 人家 是 真心 喜欢 辩论 呢 还有 辩论 立场 不 代表 个人 立场
137989419,不 赞同 首先 请 不要 把 辩论 观点 当做 辩论 员 观点 辩论 考验 的 是 逻辑 能力 语言 能力 等 不是 把 辩题 分出 个 对错 其次 你 怎么 知道 人家 是 为了 钱 呢 * * * 人家 就 不 参加 这个 辩论赛 了 吗 请 不要 侮辱 别人 对 辩论 的 热爱 搞清楚 这 几点 再 bb 谢谢
148393677,我 想 选 我 为 那 一方 辩论 不 代表 我 就 支持 这 一方 观点 完全 就是 刚好 抽到 那 一方 的 或者 觉得 这 一方 更 有 挑战性
148395139,而且 为了 钱 真是 浅薄 这种 人 一定 有 但 绝对 不是 大多数 一群 学生 在 课余时间 学习 辩论 可能 连 正经 高考 或 拿 文凭 的 学习 时间 都 得 牺牲
127680235,这个 题 就是 要 围着 万 做文章 不 讲 万字 正方 被 秒杀
127530877,( ) 忘记 是 啥时候 看 的 了 反正 是 老师 播 的 大概 是 初中
127528050,作为 一个 学 逻辑 的 看不下去 了
131202301,呵呵 作为 一个 学 逻辑 的 天天 要 补考 的
127503767,这 弹幕 素质 真是 让 人 担忧 ( _ ` )
127492665,* * *
127492319,反方 撸 多 了
127427867,挖坟 _ ( : ) _
127294802,喷子 大战
127335326,哈哈哈哈 哈哈哈 哈哈哈
127523187,如果 能 喷成 这样 那 中国网民 整体素质 起码 高 一千倍
127677618,回复 : ( | | )
131203238,回复 : 正四 也 说白了 没有 准则 跟 喷 没什么 区别 辩论 不 限 时间 没有 奖金 跟 网络 喷有 什么 区别
131204377,回复 :
131212861,回复 : 世间 有 无限 正道 但 也 有人 被 吸进去 般若 地狱 与 淋淋 无关 懂 吧
131227769,回复 : ( ) 一脸茫然 .. 嗯
131260466,回复
131400239,回复 : 你 这 就是 喷 啊 我 没 侧重 的 就 随便说说 然后 你 企图 给 我 喷 了 一堆 对 我 没 意义 垃圾 话 ( ( ) )
131410712,回复 : ( ) 有点 知识 就 会 喷
131410913,回复 : ( = = ) 嗯 ... 滑稽 .. 不明真相 的 喝茶 观众
3999733227,话语 辩论赛 最 经典 的 一场 辩论 之一 您 说 喷子 大战
3999792001,回复 : 考古 这 多久 了
3999810356,回复 : 我 去年 年度报告 说 我 循环 了 31 遍
3999952644,回复 : 也 是 np
127276964,挖坟 顶上去
127011645,钱 是 万恶之源 不是 恶 辩论 完 _
126829150,想 起来 三重门 里 的 剧情 正方 我方 同意 对方 观点 ( ) ! ?
126825012,有人 说 口音 是 我们 吧 自己 口音 当成 普通话 的 还有 断句 有 问题 就 比如说 蒋 这个 字 他 说 的 跟 贾 一样 自己 听不出来 别说 这种 招人 骂 的话 看着 招人烦
126809113,反方 辩 友好 * * * ..... 满脑子 侵犯 女性
126587852,正方 一辩 讲 得 好不好 是 另一回事 至少 我 听 得 很 明白 但 从 反一到 最后 的 反四 我 的 脑子 就 处在 一个 鬼畜 的 状态 不断 地 强迫 自己 跟 节奏 本场 辩论 正方 语言美 反方 逻辑 清 我 赞成 反方 所 代表 的 观点 钱 只是 一个 工具 一个 方便 人作 等价 交易 的 工具 所谓 的 恶 并 不是 金钱 而是 人心 把 钱 换成 了 权力 人 也 照样 会 作恶 关键 还 在于 能 不能 以 超乎 的 心态 使用 钱 另 反方 屡次 以性 侵 举例 实为 不妥 不知 是 故意 博 眼球 还是 找 不到 其他 例子 每每 听到 都 不禁 思路 一 断 ( u )
126723580,赞同 ( )
126923190,_ ( : ) _ 反方 好污 例子 更是 让 人 觉得 不适
1830091881,这个 并 不是 评判 对错 或者 摆明 立场 的 问题 看点 是 思辨 能力 和 知识 量 啊
3709667920,因为 正方 完全 没法 打 回去 这 一点 所以 才 抓 着 侵犯 这 一点 输出 吧
135881693072,回复 : 正方 的 辩题 就 有 问题 从 数学 来讲 证明 一个 公式 是 正确 的 你 需要 逻辑 推导 但是 如果 让 你 证明 这个 公式 是 错 的 你 只 需要 举出 一个 例子 就 可以 正方 要 想 赢 必须 每 一个 环节 都 正确 反方 要 想 赢 抓住 一个 纰漏 就行了 所以 当 正反 俩方 不分上下 的 时候 正方 就 赢 了 所以 正方 的 逻辑性 更强 不要 捧 一 踩 一 不要 觉得 正方 辞藻 华丽 那么 他 的 逻辑 就 有 欠缺 不如 反方
172745673152,不 理解 为什么 一些 弹幕 和 评论 会 觉得 反方 谈 性侵犯 不妥 是不是 对性 这个 字 本身 讳莫如深 遮遮掩掩 才 会 觉得 反方 屡次 提及 这个 话题 不妥 呢 科学 理性 一点 看待 性 这个 话题 并 没有 什么 不 方便 提起 的
179557871680,回复 : 我 也 觉得 性犯罪 其实 是 个 非常 好 的 例子 因为 他 的 目的 是 唯一 纯粹 的 就是 为了 欲望 其他 例子 都 或多或少 能 跟 钱 扯 上 关系 可以 被 打 太极 只有 性犯罪 的 问题 是 犀利 的
186994188656,性侵 这个 举例 我 觉得 很 好 逻辑 很强 表述 出 了 歹徒 侵犯 女性 不是 女性 的 错 而是 歹徒 起 了 恶念 性侵 不是 羞耻 的 性 不是 恶 的 他 可以 放在 台 面上 讲 甚至 作为 一个 论题 来 辩 也 算是 为 女性 发声 作为 一个 女性 我 很 感谢 他 用 充分 的 逻辑 论证 了 性侵 这件 事 现在 很多 人 依旧 再说 性侵 很大 一部分 原因 是 女性 的 问题 有 了 这个 逻辑 的 说服 会 让 被 性 侵过 的 女性 好受 很多 也 会 让 那些 偷梁换柱 甩锅 的 男性 无法 反驳
187592820672,回复 : 其实 我 有 在 想 一件 事 如果 性侵 仅仅 是 为了 欲望 那么 强奸 为什么 只有 男性 强奸 女性 没有 女性 强奸 男性 呢 女性 在 性 之中 也 可以 获得 快感 呀 女性 为什么 不能 将 男性 作为 性 资源 呢 我 觉得 原因 就 在于 女性 的 身体 是 可以 用钱 去 物化 的 而 男性 的 身体 被 钱 物化 的 情况 几乎 没有 因此 人们 对 男性 的 身体 的 尊重 相对 普遍存在 女性 反之 而 这 一点 其实 正方 的 一辩 稿 里 就 有 说 钱 把 人物 化 异化 人 与 人 之间 的 关系 我 觉得 这 一点 真的 非常 可惜 这 一点 正方 可以 用来 论 的
187593585072,回复 : 我 觉得 其实 也 不 一定 如果 性犯罪 仅仅 为了 性快感 那么 为什么 通常 没有 女性 强奸 男性 呢 性犯罪 背后 同样 也 是 女性 弱者 的 身体 被 物化 的 结果 而 钱 几乎 可以 物化 一切
187595052320,回复 : 当然 有 女性 强奸 男性 的 例子 阿 不过 在 中国 对 女性 的 规训 太多 太 严苛 导致 很多 女性 对于 性 这种 事 根本 想 都 不敢 想 所以 女性 强奸 的 例子 相对 男性 来说 很少 至于 男性 和 女性 物化 这方面 男性 女性 的 身体 都 在 被 物化 不过 社会 对 女性 身体 的 物化 通常 是 色用 色相 衡量 女性 的 身体 价值 而 对 男性 身体 的 物化 通常 是 能 用 体力 和 智商 物化 男性 的 身体 价值 没有 提到 这点 确实 可惜 毕竟 时代 不同 人们 的 关注点 也 不 一样 那个 时候 甚至 可能 没有 物化 这个 词 呢 而且 就算 他们 提出 这个 了 反方 也 可以 用 我 说 的 以上 这些 话 来 反驳 这个 辩题 正方 占有 先天 的 弱势
187598844032,回复 : 我 知道 有 女性 强奸 男性 的 例子 但是 我 不 觉得 女性 不 强奸 男性 是因为 被 规训 而是 因为 女性 强奸 男性 的 动机 不 充足 一名 女性 强奸 男性 她 仅仅 只能 获得 快感 但是 一名 男性 强奸 女性 他 除了 获得 性快感 还 能 获得 掠取 资源 的 快感 因为 我们 传统观念 里 依然 有 那种 没 钱 没用 的 人 买不起 媳妇 娶 不起 媳妇 的 影子 社会底层 的 性 犯罪者 在 性犯罪 的 过程 中 能 弥补 自己 没 钱 没用 的 事实
188792654832,回复 : 有 道理 哎 受教 了
192472455648,回复 : 你 说 的 这个 问题 根本 不是 钱 的 原因 而是 由于 男女 体力 的 差异 强奸 是 指 强迫性 的 性行为 女性 就算 想 强奸 男性 但是 她们 在 体力 上弱 于 男性 所以 男性 想 反抗 女性 强奸 很 容易 这 就 导致 女性 强奸 男性 的 例子 很少 基本 都 是 成年 女性 强奸 男童 男童 由于 年龄 小相较 于 成年 女性 没有 体力 优势 而 男性 如果 想 强奸 女性 女性 想 反抗 是 很 难 的 因为 男性 可以 体力 压制 女性 所以 强奸 大部分 是 男性 强奸 女性 这 不是 显而易见 的 吗 跟 钱 没有 多少 关系 而是 体力 原因
203383505120,回复 : 别一 杆子 打死 我 是 女生 我 也 被 熟人 和 陌生人 性骚扰 和 非礼 过 但 我 并 不 觉得 他们 提出 性侵 这个 案例 有 什么 不妥
225982302688,回复 : 按照 你 的 说法 女性 同样 会 强奸 只不过 强奸 对象 是 男童 那 你 就 需要 证明 女性 中 的 强奸犯 占 比 和 男性 中 的 强奸犯 占 比 相当 才能 证明 你 的 观点 反正 一个 强奸犯 只要 想 寻找 受害者 不管 是 男童 还是 妇女 都 不难 找 除此之外 强壮 妇女 性侵 瘦弱 男子 的 案例 同样 少见
227917189376,回复 : 钱 只是 衡量 资源 的 一种 方式 评价 事物 的 一种 规范 男性 强奸 女性 本质 上 是 一种 缺乏 道德 和 缺乏 自我 约束 的 无耻 行为 和 钱 没有 必然联系 有钱有势 之人 也 能 动用 各种 手段 性 压榨 女性 难道 他们 也 是 没 钱 没用 吗 钱 只是 一个 通用 便利 的 工具 其 本身 无 善恶 之 说 贪钱 贪钱 就 在 一个 贪字 你 可以 说 它 作为 工具 可能 放大 了 缺乏 约束 自己 的 人 心中 的 恶 但 你 不能 就此 判断 钱 是 恶 本身 钱能 拉帮结派 颠倒是非 也 能 救济贫民 帮助 他人 归根结底 钱 只是 工具 善恶 取决于 人 也许 你 说 的 弥补 自己 没 钱 没用 的 事实 可能 是 某些 性 犯罪者 犯案 的 动机 之一 但 绝不 是 全部 如上 文 所述 犯罪 的 主要 在于 人人 具有 主观 能动性 性 犯罪者 只 在 少数 大部分 人 都 可以 约束 自己 可见 犯罪 只 取决于 人 的 品格高尚 者 独善其身 卑劣 者 大行其道
227935045824,回复 : 我 也 没 说 钱 本身 是 恶 嘛 恶 的 源头 本来 就 不是 恶 不然 这个 源头 作为 一种 恶 它 的 源头 又 是 什么 呢 所谓 源头 就是 这个 东西 能 催生 恶 或者 这个 东西 能 转化成 恶钱 被 用来 衡量 一切 事物 从而 导致 了 对 人 的 物化 对 人 与 人 之间 的 关系 的 物化 比如说 我们 用钱 去 判断 别人 的 社会 地位 比如说 一些 笑贫不笑娼 的 现象 比如说 有钱人 购买 卖淫 者 的 身体 用于 性 服务 人 的 身体 是 可以 像 物品 一样 被 购买 的 吗 至少 我 认为 这 也 是 一种 对 人类 尊严 的 出卖 显然 是 催生 了 许许多多 的 恶 的 至于 说 钱 可以 用来 做好事 这 也 不 矛盾 呀 因为 恶 的 源头 本来 就 也 可以 是 善 的 源头 就 好像 长江 的 源头 喜马拉雅山 同时 也 是 湄公河 的 源头 一样 最后 道德 底下 这个 解释 本身 也 可以 说 是 一种 恶 所以 道德 底下 肯定 不能 是 恶 的 源头 而且 对于 女性 受害者 更 多 这个 现象 如果 仅仅 用 道德 去 解释 的话 那 对方 就 必须 证明 男性 道德 更 低下
228432027088,回复 : 善 与 恶 是 人 所 定义 的 其 评判 标准 取决于 人 看 事物 的 角度 而 只有 人有 主观 能动性 其他 物是 没有 的 常说 钱 是 万恶之源 可钱 没有 主观 能动性 钱 只是 个 工具 善恶 取决于 人人 为了 温饱 能行 恶 为了 肉欲 能行 恶 为了 取乐 也 能 行恶 无数 的 例子 在 历史长河 中 比比皆是 就算 没有 了 钱 性恶 之人 也 能 找 其他 理由 为非作歹 不管 什么 朝代 都 有 文臣武将 高风亮节 也 有 衣冠禽兽 祸乱 朝纲 同样 作为 人 难道 只有 后者 面临 过 金钱 诱惑 而 前者 对 金钱 一无所知 吗 显然 不是 世上 万物 或 金钱 或 名利 皆 可 为 引 牵动人心 中 歹念 但 善恶 之 说 归根结底 取决于 人心 人心 向善 即 为 善人 心向 恶即 为 恶 若 心中 飘摇不定 便 容易 被物 引诱 拽 向 行恶 的 深渊
228435783280,回复 : 完完全全 没有 钱 的 存在 不是 说 谁 手上 没 钱 而是 整个 社会 都 没有 钱 这个 概念 那么 人类 社会 就 倒退 回 了 原始社会 没有 了 私有制 而 你 所说 的 善恶 观念 哪怕 是 最早 的 出现 的 分辨是非 善恶 的 汉谟拉 比 法典 也 是 诞生 在 奴隶社会 私有制 出现 之后 而 汉谟拉 比 法典 最 主要 的 内容 就是 关于 社会 等级 人身 关系 财产 经济 方面 的 而 社会 等级 和 人身 关系 一定 程度 上 也 是 私有制 的 出现 钱 的 出现 导致 的 所以 钱 就是 万恶之源 至于 你 说 钱 也 可以 用来 做好事 我 也 说 了 同一个 源头 就是 可以 流出 两条 河流 秦始皇 和 胡亥还 都 是 一个 源头 呢 再 一个 你 不停 人心 人心 的 按照 你 的 说法 人心 是 一切 概念 的 源头 因为 一切 概念 都 是 人造 的 但是 人 也 不是 闲着没事 乱 创造 概念 的 人 创造 概念 也 是 受 客观 世界 影响 出于 自己 的 需要 才 会 创造 概念 而 导致 人 创造 善恶 观念 的 东西 就是 钱
235886326000,回复 : 我 也 觉得 有 什么 不妥 的 他们 自己 思想 不正 吧
240283486480,回复 : 第一个 原因 我 觉得 是因为 女性 的 性冲动 没有 男性 的 强 看 普通 男女 滋味 的 频率 就 知道 了 在 我 的 刻板 印象 里 大多数 男生 解决 生理需求 的 频率 远大于 女生 加上 身体 构造 的 原因 男生 更 容易 有性 方面 的 欲望 比如 不管 男女 有时候 别人 摸 一下 下体 就 会 硬 啥 的 这 是 一种 很 原始 的 本能 和 主观 上 的 情爱 无关 第二个 原因 我 认为 是 男女 身体素质 差异 的 原因 大多数 情况 下女 的 想 和 男 的 发生 性关系 多用 的 是 勾引 而 不是 强迫 而 男 的 则 相反
244461501360,回复 : 污性 侵 这么 严肃 的 话题 你 觉得 污逆天
250507841152,回复 : 对 还 可以 提 的 就是 色情片 泛滥 会 催生 更 多 的 性暴力 性犯罪 本质 上 就是 女性 被 物化 性化 不是 每个 男孩 都 理应 会 成长 为 强奸犯 是 什么样 的 文化 让 它们 变成 了 强奸犯 是 在 这个 利益 至上 的 资本主义 社会 泛滥 的 充斥 着 色情 和 暴力 文化 制品
260429772608,回复 : 你 忽略 了 一个 很 重要 的 点 ... 性行为 不是 简单 的 男 + 女 = 女 + 男 的 问题 第一个 是 获得 男性 在 性侵 女性 的 时候 会 获得 生理性 快感 但 反过来 被 女性 性侵 的 过程 中 也 同样 会 获得 快感 可能 是 我 了解 的 不够 多 但 在 互联网 上 冲浪 遇到 男生 受性 侵案 的 相关 视频 下 不少 男生 .. 甚至 会刷 这个 被 侵犯 的 男生 不 懂得 享受 女性 当然 也 会 在 性行为 上 获得 快感 但 相比 起来 屈辱 感会 远大于 快感 第四条 第二个 是 过程 在 性行为 过程 中 为了 规避 意外 怀孕 的 风险 大家 会 约定俗成 的 使用 安全套 进行 防护 男性 强奸 女孩子 的 时候 往往 不用 考虑 这些 都 强奸 了 你 总 不能 指望 他 还 报有 良知 女性 的话 .. 结扎 输精管 会 比 安全套 和 口服 避孕药 的 风险 小对 身体 的 影响 也 更 小 但 现在 主流 避孕 手段 还是 先 用 套套 不够 就 吃药 再 不行 就 打 掉 第三个 是 承担 后果 意外 风险 中 其实 不光 有 怀孕 这 一个 危险 包括 没有 性经验 时 如果 润滑 做 的 不够 充足 女性 阴部 很 脆弱 无论 轻微 到 红肿 还是 严重 到 撕裂 都 很 恐怖 还是 刚刚 那个 点 男性 强奸 的 时候 不会 注意 这些 这是 生理 构造 上 的 差异 而 女性 强奸犯 在 犯罪 过程 里 相对而言 能 对 这个 过程 的 可控性 更高 第四个 是 教育 观念 说 了 这么 多 观念 才 是 最 难过 的 那个 坎 男生 的 酒桌上 和 多少 不同 的 女生 上 过床 这个 是 可以 拿来 当 谈资 的 越 多 别人 就 觉得 你 越 厉害 那 女生 呢 就 只会 留下 一个 不 检点 的 标签 了
259563802801,回复 : 如果 男 的 出来 卖 男 的 一样 会性 羞耻 至于 女性 在 性行为 受 损伤 这件 事 本质 上 也 是 女性 身体 被 物化 的 结果 因为 被 物化 的 是 女性 的 身体 所以 是 女性 受到 的 伤害 更 多 有 句 话 叫做 钢丝 球 的 花语 是 富贵 强奸 可以 不仅仅 包括 纳入 式 的 性交 假如 金钱 物化 的 是 男性 男性 一样 会 被 玩 的 很惨
260481509840,回复 : 所以 说 不是 简单 的 男 + 女女 + 男 羞耻 的 来源 有 很多 并且 和 痛苦 一样 无法 量化 和 比较 生理 构造 决定 了 很多 刀 大多数 时候 不 需要 什么 准备 就 可以 切菜 可以 剪纸 但纸 和 肉 在 极少数 极端 情况 才能 反过来 切刀 你 不能 说 这 是 纸 和 肉 被 物化 的 结果 钢丝 球 对 无论 男女老少 哪怕 是 铁锅 都 能 造成 伤害 并且 不像 器官 一样 可以 随身 随时随地 合规 合法 佩戴 非要 找 个例 更 建议 去 了解 一下 穿戴 式 假阳 但 即使 是 这个 也 一样 不是 自带 的 身体 器官 物化 是 一个 很 新 的 观点 但 就 像 钱 不是 万恶之源 一样 弗洛伊德 也 认为 一切 罪恶 的 原因 都 是 来源于 性 你 可以 说 物化 最多 是 性犯罪 的 原因 之一 我 也 可以 说 生理 构造 和 犯罪 成本 以及 观念 差距 会 导致 犯罪 我们 不是 机器人 0 和 1 之间 都 还有 小数 太 绝对 就 没有 意义 了
280512142704,回复 : 别的 不 说 我 觉得 决定 为什么 强奸 是 男性 对 女性 而 不是 女性 对 男性 是 : 一 原始社会 到 没有 科技 之前 劳动 能力 决定 了 你 的 价值 简而言之 就是 力气 基因 决定 了 男性 力气 比 女性 大 所以 男性 的 劳动 价值 在 没有 很 好 的 劳动工具 之前 是 大于 女性 的 这 也 是 为什么 过去 女性 地位 低于 男性 的 原因 二 正如 你 所说 的 男女性 都 有 性欲 那 为什么 是 男性 强奸 呢 是 男性 力量 大于 女性 但是 如果 将 南女 力量 对调 那么 这个 社会 就 会 变成 女性 侵犯 男性 当然 女性 在 无 很 好 的 劳动工具 之前 肯定 社会 地位 就 大于 男性 了 所以 说到底 基因 决定 了 力量 决定 了 强奸 是 男性 强奸 女性 个人观点
284856024993,回复 : 你 说 的 真 好
288350504368,不 不 不是 有 的
290883237777,回复 : 并非 其实 只是 因为 正方 无法 反驳 这 一点 而且 这点 刚好 是 一个 纯 欲望 事件 所以 才 要 抓住 这 一点 不放 请 理性 一点 不要 让 小脑 控制 大脑
291522531969,回复 : 这 难道 不 恰恰 证明 了 被 性 侵并 不是 女性 的 错 而是 来自 于 那些 人 本性 的 恶 吗 如果 仅仅 是因为 一直 谈论 这个 例子 而 不 去 看重 它 例子 下 的 深意 是不是 有点 只 看 表面 了
126055227,还有 经典 的 辩论 么 求 推荐
126054146,听 的 不是 很 懂 怎么办
126039351,我 想 看 孔子 和 荀子 辩论 人之初 性本善 还是 恶
126005419,已经 被 做成 鬼畜 素材 了
125773221,( ` ) 不造 这 有没有 人 看过 李狗 嗨 里面 有 一集 出现 过 一个 废宅 就 像 现在 的 弹幕 里 的 一些 人 呢 | )
125665209,讲道理 站 在 钱 是 万恶之源 这 一方 时 就 已经 输 了 但 口才 我 还是 比较 服 正方 除了 那个 妹子
125621954,正方 一辩 清华 教授 二辩 南方日报 编辑 三辩 上市公司 董事长 四辩 是 哲学博士 以上 都 是 百度 得来
125559844,我 原来 看过 的 怎么 都 是 几万 点击 的 版本
125545532,我 觉得 应该 把 钱 的 定义 延伸 这样 才 对 正方 辩论 有利 钱 是 一般 等价物 是 交易 的 衡量 是 一种 将 交易 值 不 准确 的 衡量 方式 所以 一切都是 交易 的 错 这 一定 有 py 交易
125450479,弹幕 的 论战 是 高 配版 视频 是 低 配版 = =
125449633,鬼畜 那边 过来
125325988,有 bgm 的 好听 一些 ? ? ? ? ? ? ? ? ? ? ? ?
124631447,人家 是 辩论赛 要钱 的 你们 是 穷 疯 了 吗
124605712,66666
124573771,万恶之源 这个 词 的 重点 难道 不 应该 是 源 这个 字 吗
125665384,溜 金哟 开哟 酷裂
125693265,回复
125773990,回复
124448949,( ) 语文 老师 给 我们 看过
123785189,说句 题外话 : 闷声 发大财 对于 这种 高水平 的 辩论 盛会 不要 把 讨论 口音 和 大专 一类 的 幼稚 言论 体现 在 弹幕 上 好好 学学 他们 辩论 和 思维 的 方式 才 是 看 这种 视频 的 意义
123609083,正方 不 占优 啊 从 观点 到 顺序
123608753,嘛 把 万恶之源 交给 我 吧 免得 污染 了 你们 ( )
125836530,把 钱 交给 你 万恶之源 仍然 存在 你 和 他们 都 是 人类 的 一份 子 事实 是 钱 仍 在 人类 手上 人 仍 掌控 金钱 不要 说 这种 优质 言论 了 有些 话 我 不想 讲 在 这里 评论 区里 的 人 也好 弹幕 里面 发 这些 话 的 人 也好 都 是 一种 没有 素质 没有 教养 没有 理解能力 的 表现 他们 参加 的 辩论 比赛 你 这样 无知 型 的 吐 槽 在 我 眼里 就是 一个 没有 经过 大脑 就 吐出来 的 垃圾 言论 垃圾堆 起来 了 就 会 引来 苍蝇 败坏 了 评论 区 和 弹幕 的 风气
125836661,改正 优质 改为 幼稚
127382322,回复 : 嘛 有些 时候 幼稚 和 污浊 的 言论 也 未必 没有 道理 说出 这样的话 的 也 未必 全是 没有 教养 的 人 在 B 站 请 收起 你 那套 所谓 上流社会 的 趾高气昂 这里 容不得 你们 这些 自 以为 成熟 的 贵族
127385888,回复 : 垃圾 言论 多得是 我 怎么 一直 没见 过 你 那 副 自诩 为 正义 的 嘴脸 呢 的确 在 网络 世界 里 不是 你 想 说 什么 就 说 什么 但 也 不是 你 想 让 我 说 什么 我 就 必须 说 什么 我 并 没有 义务 去 顾及 你 一个 人 或者 一小撮 人 的 感受
127401150,回复 @ : 嗯 感谢 你 打 了 这么 一大 段 字 回复 我 你 的 问题 我 尽量 一一 解决 1 . 首先 给 你 道歉 因为 那么 多发 这样 话 的 人 我 偏偏 选中 了 你 在 你 这里 回复 原因 有 两点 1 . 我 不能 在 弹幕 说 2 . 你 楼层 较 高 我 第一个 看到 的 是 你
127401369,回复 @ : 2 . 关于 有些 时候 幼稚 和 污浊 的 言论 也 未必 没有 道理 这句 话 你 并 没有 给出 理由 那么 我 可不可以 认为 他们 的 道理 就是 给予 人们 低俗 的 乐趣 以及 一时 的 快感 呢 如果 我 在 这个 视频 中 看到 大量 这样 的 弹幕 我 心情 肯定 会 不好 因为 这 是 对 答辩 者 的 不 尊重
127401478,3 . 关于 在 B 站 请 收起 你 那套 所谓 上流社会 的 趾高气昂 我 想 说 在 B 站发 弹幕 要 注意 弹幕 礼仪 我 再次 强调 我 说 的 不是 你 具体 在 第一点 已经 说 过 不是 特意 要 针对 你
127401581,4 . 关于 这里 容不得 你们 这些 自 以为 成熟 的 贵族 我 认为 你 把 我 这种 人 比作 贵族 虽然 有 一些 讽刺 的 意味 我可以 读出来 但是 我 认为 既然 每个 人 都 享有 一定 的 言论自由 那么 就 不该 有 高低贵贱之分 只有 高雅 与 粗俗 之别 况且 我 并 没有 以 贵族 阶级 的 心理 审视 那些 言论 再次 强调 一遍 指 的 不是 你 5 . 关于 垃圾 言论 多得是 我 怎么 一直 没见 过 你 那 副 自诩 为 正义 的 嘴脸 呢 首先 在 那么 多 垃圾 言论 中 我 为何 出现 在 这里 是因为 这里 是 最 主要 也 是 最 集中 的 一点 再次 强调 这话 不是 对 你 说 的 具体 原因 看 第一点 其他 地方 我 也 不 一定 没有 出现 你 不能 私下 定夺 说 到 这 我 还是 想 和 你 道歉 因为 我 挑 了 你 这个 地方 也许 是 我 的 不好 我该 单独 发 评论 的
127401780,6 . 关于 但 也 不是 你 想 让 我 说 什么 我 就 必须 说 什么 这话 我 觉得 只是 你 为了 配合 前面 的 不是 你 想 说 什么 就 说 什么 这 条 看似 能 让 你 占理 的话 而 强行 拼凑 的 一条 无稽之谈 因为 我 并 没有 逼迫 任何人 必须 讲些 什么 这里 也 不 存在 教条式 的 压迫 只有 我 和 你 应该 遵守 的 规则
127402654,回复 @ : 7 . 关于 没有 义务 去 顾及 你 一个 人 或者 一小撮 人 的 感受 我可以 很 明确 的 告诉 你 别的 弹幕 中 已经 表现 出对 这些 言论 的 不满 之情 再次 强调 不是 对 你 的 不满 而且 你 没有 经过 细致 科学 的 统计 你 是 没有 判断 只有 一小撮 人 的 权利 的 谢谢
127402926,回复 @ : 8 . 最后 一条 还是 感谢 你 特意 写 了 两条 留言 来 回答 我 我 还是 保持 敬意 的 但是 请 你 在 网络 上 不要 随便 给 别人 贴 上流社会 贵族 正义 等 标签 这会 伤害 那些 心里 有伤 的 人 他们 也许 会 回头 喷 你 骂 你 而 你 又 不 知道 原因 只会 产生 无名 怒火
127403762,回复 @ : 最后 和 你 说 一下 这 八条 是 我 一 开始 一条 一条 一起 打 在 一起 的 不 知道 B 站 评论 有 字数 上限 我 又 一条 一条 剪切 复制粘贴 到 记事本 上 再 粘 回来 的 中途 输 了 无数 验证码 有次 还 连续 输 了 8 次 我 做 这些 不是 单纯 为了 我 自己 的 思想 能 传达 也 是 为了 互联网 能 多一份 沟通 与 理解 少 一份 随口 的 谩骂
127405604,回复 @ : 说 到 这里 我 回头 看 了 看 也许 你 只是 一句 无知 的 幼稚 玩笑话 句 尾 的 颜 文字 代表 着 你 并 不是 真心 这样 想 也许 只是 无意识 的 我 再次 和 你 道歉 第一次 说 的话 我 言重 的 部分 也 有 请 你 放下 心中 包袱 注意 我 这些 话 不是 讲 给 你 听 的 具体 原因 还是 在 第一条 中 对不起 ( 苦笑 )
127649384,回复 @ : 今天 我 又 看 了 一遍 你 的 回复 对比 两条 回复 的 发布 时间 发现 你 写 第二条 几乎 用 了 近 8 分钟 想必 你 心中 定 有 许多 负面 情绪 阻碍 你 让你在 互联网 中守 到 了 伤害 这里 我 再说 声 对不起 关于 为什么 我 没有 再 提出 自己 的话 只是 一条条 研析 你 的 回复 是因为 我 不想 在 评论 区 甚至 整个 互联网 营造 太多 撕 逼 的 气氛 原谅 我用 了 这个 词 其实 我 只是 想 用 一种 平和 的 方法 解决 自己 的 矛盾
129923134,回复 : 1 . 在 双方 辩论 里面 类似 这句 话 的 言论 并 不是 不 存在 那些 人 只不过 是 把 一段 经过 包装 的话 给 扒开 说出 了 里面 的 核心内容 而已 2 . 跟风 哗众取宠 的 人 的确 有 并 不是 少数 反过来 跟风 批判 的 的 人 也 有 也 并 不是 少数 B 站 的 弹幕 总是 会 呈现出 一种 令人 哭笑不得 的 盲从 我 发表 这 条 评论 也 只是 为了 讽刺 这种 盲从 而已 3 . 弹幕 礼仪 只 针对 弹幕 以免 影响 观看 感受 并 没有 人 制定 评论 区 礼仪 弹幕 也 经常 会 出现 想 撕 上 评论 区 撕 另外 这场 比赛 我 是 屏蔽 了 所有 弹幕 看 完 的 并 没有 发 任何 一条 弹幕 我 认为 我 做 的 已经 足够 合理 了 4 . 我 并 没有 否定 言论自由 阳春白雪 下里巴人 的 道理 我 想 您 应该 不是 不 明白 这句 话 我 讽刺 的 是 那些 自 以为 站 在 道德 和 素质 制高点 的 圣母 罢了 从 您 的 回复 中 我 不难看出 您 是 一位 十分 理性 的 人 在 此 我 对 擅自 将 您 定义 为 圣母 表示歉意 5 . 我 混迹 B 站 时间 有限 不 可能 看过 所有 的 撕 B 您 或许 在 其他 地方 也 伸张 过 正义 但 我 并 没有 看到 我 私下 定夺 是 我 不 对 再次 向 您 表示歉意 6 . 强行 拼凑 谈不上 我 仅仅 是 想 表达 我 对于 言论自由 持 支持 态度 罢了 前 一句 只是 说明 言论自由 也 是 有 限度 的 而后 一句 则 是 承认 言论自由 的 正确性 仅此而已 7 . 的确 没有 调查 便 没有 发言权 这个 问题 我 暂时 无法回答 你 我 需要 对 弹幕 进行 一个 统计分析 当然 随着 哗众取宠 的 弹幕 被 举报 数量 越来越 多 我 想 调查结果 也 会 越来越 不 准确 当然 我 还是 需要 调查 一下 这句 话 我 暂时 持 保留 态度 如果 调查结果 出来 了 并 像 您 说 的 那样 我会 道歉 的 8 . 感谢 你 对 我 的 评论 逐一 分析 并 回复 我 这些 是 我 的 解释 如果 有 问题 或者 我 哪里 说 的 有失 偏颇 您 可以 在 下方 回复 我 9 . 我 在 刚刚 看到 您 第一次 的 回复 的 时候 我 下意识 地 将 您 定义 为 圣母 我 再次 向 您 表示 由衷 的 歉意 我 并 没有 想到 您 能够 如此 细致 缜密 地去 分析 并 认真 地去 回复 我 想 在 B 站 多一些 像 您 一样 的 能够 独立 地 辩证 地 思考 的 会员 B 站 的 风气 一定 会大有 改善
122982130,最后 总结 的 很 对 辩论 只 看 语文 还 包括 逻辑 等
122982166,少 了 一个 字 不 只 看 语文
123004813,我 也 觉得 总结 得 很 好 啊 正方 毕竟 语文 功底 强 言语 很 有 感染力
122618833,前来 观看
122322112,这个 反方 三辩 应该 是 个 非常 * * * 的 人举 得 例子 都 是 些 什么 鬼 啊
122211287,滚 进来 膜拜
121560912,虽然 我 不能 说 钱 是不是 万恶之源 但 我 肯定 这个 视频 是 万恶之源 ( )
121506998,15 年前 的 周帅 23333
121082264,国际 大专 撕逼会
120557591,然后 的确 挺 精彩 的 ( > _ > )
120557265,我 是 看 完 鬼畜 来看 这个 的 _
120374423,_ 辩论 最好 的 模式 就是 能 给 自己 自圆其说 的 同时 把 对面 的 体系 摧毁
120243528,可 啪 ( = = )
120237697,万恶之源 本身 确实 不 一定 是 恶 它 肯定 有 各种 作用 不 单单 引申 出恶 正方 这个 观点 我 认同
120236609,我 觉得 钱 可以 是 恶 正方 一直 在 纠结 万字 到底 是不是 全部 然而 万恶之源 在 通俗 的 解释 就是 一切 的 罪恶 我 觉得 没有 一件 东西 能 成为 一切 罪恶 的 本源 罪恶 的 起因 必定 是 多种多样 的
119518075,真的 好看 有点 无法 理解 为什么 正方 输 了
2204563827,正当 输 的 很 明显 啊
3999658858,输在 逻辑 双方 真的 都 太强了 你 可以 再 去 听听 反四结 辩
119492466,精 彩 !
119194455,其实 我 还 蛮 同意 反方 论点 的 但 正方 的 辩论 更能 打动 我 个人 最 欣赏 正方 二辩 觉得 他 那个 万 不 代表 一切 的 论点 太棒了 从 这 反正 都 不 正面 接 正方 的 论点 了 以及 * * * 三辩 啊 _
119192340,av1893628 .... 666av
118911006,av1925478 男神 徐磊 看 了 绝不 后悔
118854152,希望 有些 人发 弹幕 之前 打开 小学 5 年级 课本 上面 详细 的 描述 了 辩论 的 基本概念 当然 如果 你 还 没有 学到 那 也 没 办法 __
118410698,弹幕 暴露 智商 _
118547642,这是 那个 幸村 吗 CC 的 吗
118358226,_ 就算 你们 说 反方 命题 劣势 我 上 我会 被 爆出 翔 还有 这里 是 来看 辩论 的 啊 为什么 那么 多 什么 都 不 懂 还要 刷 的 弹幕 这 论证 贼 NB 我 是因为 rap 来看 的 太 厉害 了
120478705,我 也 是从 rap 过来 的 看 了 后 被 深深地 震撼 了
120504717,回复
120581094,恩 我 看 这些 视频 一般 都 是 屏蔽 弹幕 看 不然 弹幕 惨不忍睹 _
120629530,回复 然而 现在 也 看 过来 了
120641651,恩 ( )
118203225,别 撕 了 就是 因为 利益
117958684,麻烦 弹幕 在 撕 逼 前 先 了解 一下 辩论 好 吗 #-_- ) 1 . 辩题 是 由 抽签 决定 的 辩手 在 辩论 时 的 一切 观点 不 代表 他们 本人 只 为 驳倒 对手 2 . 辩论赛 不是 让 你 掐 出个 结果 出来 辩论 真正 比 的 是 你 在 这个 过程 中 展现 出来 的 的 口才 知识面 语言 组织 和 逻辑 看 哪边 说得好 至于 争论 的 这个 问题 到底 是 怎样 其实 根本 就 不 重要 况且 辩题 本身 都 是 有 争议 的 这样 才 辩得 起来 不是 么 ( ; _ ) 3 . 辩论 跟 主持人 的 口音 没关系 谢谢
117958911,建议 看 一下 热评 _
1118174002,辩论 辩论 不是 为论 而 辩 是 为 辩 而论
1962968149,回复 : 你 说 反 了 吧
1962975336,回复 : emmm 好 吧 看 个人 怎么 理解 这 两个 字
2160571719,回复 : 可先辩 仍 需后 论辩 而 不论 非 英雄
2439641589,虽然 现在 已经 2020 了 但 我 还是 想 纠正 一下 你 的 第一条 观点 辩论 不是 为了 驳倒 对手 而是 为了 让 底下 的 观众 信服 因为 你 的 观点 真的 很棒
2507679366,回复 : 驳倒 对手 和 观众 评委 信服 矛盾 吗 是 一个 意思 吧 你 总 不能 辩到 让 对手 来 承认 你方 的 观点 吧
2509677513,回复 : 对手 在 辩论 时 就算 再弱 也 一定 会 坚持 自己 的 观点 这 就 和 你 永远 都 叫 不醒 一个 装睡 的 人 一个 道理 ning 自己 的话 都 是 矛 盾 的 确实 辩手 在 辩论 时 的 一切 观点 的 都 不 代表 他们 本人 我 强调 的 是 辩论 这个 比赛 的 本身 的 对象 输赢 从来 都 不是 对方 辩友信 不 信服 你 来 决定 的 真正 决定 输赢 的 人 是 观众 或是 裁判 我 的 理由 是 你 永远 无法 辩倒 对方 辩友 仅此而已 谢谢
2756806085,回复 : 你 后 半句 已经 把 你 前 半句 反驳 了
3730741420,真正 是 万恶之源 的 是 私有制 啊 而 不是 钱 这个 工具
4898368271,跟 口音 确实 没关系 反方 结辩 的 逻辑 梳理 太强 正方 结辩 偏向 于 堆砌 辞藻 反而 立场 都 有点 站不稳 了 谁 的 观点 能 让 观众 信服 胜 于 一切 但 至少 在 我 个人 整场 看 下来 确实 还是 武汉队 听 着 舒服 听 起来 舒服 这点 本身 也 能 为 让 观众 信服 你 的 观点 加 分 更 极端 一点 的 形容 就 像 让 你 选择 难听 的 噪音 和 悦耳 的 音乐 一样 那于 我 自身 而言 肯定 是 选择 后者
114010772448,他们 是 屁股 决定 脑袋 了
128485817616,我们 不 散 时光 不老
135550974640,对 啊 有 的 人 就 挺 奇怪 的
144012178160,回复 : 不是 制度 本身 是 没有 恶 的 恶 的 依然 是 人性 或者说 只有 说 人 的 时候 善恶 才 有 意义 抛开 人 一切 道德 标准 都 没 意义 一只 老虎 吃 了 一个 小孩 你 只能 说 它 残忍 不能 说 它 恶 因为 它 本身 没有 善恶 观
117803285,不 加 字幕 简直 跟不上 节奏
117742529,看 了 这么久 这个 弹幕 最后 看见 一句 话 不 不 不 钱 是 万恶之源 我们 不要 你 厉害 喔 希望 你 看见
117699395,玛德 智障 羞愧 不是 本性 是 习得 社会 行为
117670894,看到 标题 我 直觉 告诉 我 钱 是 万恶之源 果然 反方 胜 了
117672224,万恶之源 是 人
117672686,可以 学 里面 的 技巧 但 里面 的 观点 我 不 喜欢
117658602,会 辩论 的 人 真 厉害 ( )
117642831,这场 辩论赛 真的 很 经典 建议 一看 ( )
117615862,我 只能 说 辩论 就是 这样 不 可能 有 绝对 对 与 错 辩论 的 好坏 在于 逻辑 的 严密 和 语言 的 表达 看 有些 弹幕 真的 很败 心情 还 不如 去 优酷 看
117397191,鬼畜 来 的 加一
117354514,有点 弹幕 挺 没 素质 的 辩题 并 不是 个人观点 不要 看到 什么 就 在 那里 bb 半天 抓着不放 口音 又 怎么 了 这 只是 辩论赛 三周 目 建议 一周 目 关闭 弹幕 ( _ )
117031910,( ) 那个 歪 果仁 说 的 对 辩论 并 不是 只 看 语文 武大 的 每位 同学 发言 都 很 精彩 都 是 现在 写 议论文 新闻稿 的 那种 架势 可 万恶之源 的 万 不是 一切 这个 观点 实在 不敢苟同 辞海 解释 的 是 万 单取 万字 做文章 确实 断章取义 了 当然 万恶之源 不 一定 就是 恶 反方 的 观点 也 略 偏激
117013785,正方 的 辩论 很 精彩 但是 反方 有句 话 说 的 对 正方 很 大部分 是 在 诡辩 在 逃避 问题 其实 反方 抛出 的 问题 都 是 可以 往 金钱 上面 带 的 * * * 这里 就 辩得 很 好 用 实际上 日本 是 为了 钱 而 侵略 其他 国家 来 反驳 回去 强奸犯 家庭暴力 等 问题 也 都 可以 往钱 导致 的 来 引诱 反方 搬起 石头砸 自己 的 脚
116961278,辩论 这些 年 进步 很大 啊 新 思想 新 的 信息 爆炸 一样
116809714,把 万 不 等于 一切 这个 论点 在 一辩 的 时候 就 抛出来 把 对面 其他 的 论调 在 大方向 上 压制住 结果 可能 就 不同 了 吧
116960395,万恶之源 这个 词 里面 就 指代 一切 吧
120375782,万代 不 代表 全部 是 另 一个 辩题 钻 这些 小 空子 的话 大方向 就 偏 了
116609576,钱 不是 万恶之源 源 是 源头 根本 的 意思 可是 原始社会 金钱 的 产生 是 为了 生活 更 方便 而 不是 为了 去 制作 恶行 反方 说 贪 * * * 是 贝贝 代表 金钱 可是 这个 字 本身 是 代表人 之性 而 不是 代表 钱人 之 贪 不 还是 人 自己 本身 的 欲望 么 把 人 的 贪婪 归于 金钱 不是 在 为 贪婪 之 人 开脱 的 意思 么 钱 本身 并 没有 意识 没有 灵魂 它 并 不会 像 魔鬼 在 你 心里 叫 你 去 作恶 而是 人 自己 叫 自己 去 作恶 反方 说 人 可以 用钱 去 买卖 权而 有 了 权 又 以 权来 获取 钱 可是 有权 有钱 的 又 会 以 钱 来 获取 更 高 的 权 可是 这 不是 说明 权和钱 的 天平 是 平衡 的 呢 那权 是不是 也 是 万恶之源 万恶之源 可以 有 两个 么 的确 有人 为了 钱 可以 杀人放火 做 尽 各种 恶事 而 有人 也 会 用钱 做 尽 各种 善事 当今 国家 遭遇 天灾 都 是 用钱 救助 广大 同胞 吃穿住行 纷纷 感叹 国家 的 好 而 一些 贪官 为了 钱 压榨 百姓 又 说 国外 如何 如何 好 可见 万恶之源 再 于 人心 因为 钱 是 人造 的 万恶之源 这个 词 也 是 人造 的
116533455,好多 无脑 的 这 是 辩论赛 就是 的 逻辑 和 需要 组织 的 比赛 什么 是 辩论 请 查字典 如果 题目 叫 辩论 男 的 不该 有 jj 女 的 应该 有 jj 那 你们 继续 瞎 j8 喷 吧
116444545,个人 觉得 正方 在 辩论 能力 方面 更 优秀 虽然 个人 偏向 反方 观点 其实 这个 论题 本身 是 不利于 正方 的 因此 一般来说 正方 会 处于 守势 而 反方 处于 攻势 但 正方 的 发言 却 屡次 反守为攻 给 我 很多 惊喜 之 处 反方 却 没有 这样 的 感觉 抛开 自身 观点 的 影响 正方 在 文采 和 逻辑 的 表述 上 会 更胜一筹 不过 正方 四辩 犯 了 一个 错误 四辩 的 任务 是 统筹 己方 之前 的 观点 而 不是 阐述 新 的 观点 但 正方 四辩 却 提出 了 万恶之源 不是 恶恶 之源 也 可 开出 善之花 等 新 的 论题 这 可以 说 是 本场 比赛 最大 的 败笔
116407070,说个 实在话 这个 命题 对 正方 实在 不利
116391558,撕 逼 大赛 紫薯 布丁
116315171,看过 ( )
116298853,其实 他们 在 影射 你们
116296576,反方 好 * * * 啊 ( ` )
116278788,万若 代表 全部 以 我们 的 认知 正方 是 不 可能 胜 的 所以 只能 在 万 这个 字 做 突破口 四辩 其实 就 想 表达 人之初 性本善 既然 反方 认为 万恶之源 来 之 人心 但 行善 捐款 也 不是 钱 而是 人心 所为 及 人心 也 乃 万善 之源 也 乃 万恶之源 但 辩论 主题 是 钱 而 不是 人心 想 赢 太难 说来说去 还 得 在 万 = 一切 寻找 突破口 我 觉得 正方 还是 很 给 力 的
116279521,钱 本身 就是 人 创造 的 钱 本身 并 没 价值 有了钱 说明 你 能 拥有 更 多 物质 要 物质 而 不是 钱 还是 贪 而 钱 的 出现 本是 为了 公平交易 更 不能 说明 钱 是 恶源 退一步说 是 恶源 也 是 人 创造 的 人 制造 了 恶源 恶源 还是 源 吗 上面 那话 有些 矛盾 这辩题 根本 就 不 公平 怎么 辩 ?
118070042,你 错 了 还 真 赢 了 在 最新 的 那场 辩论赛 上
116267362,真的 好 精彩
116249877,鬼畜 过来 的 + 1
116234970,隔壁 鬼畜 过来 的
116155643,清水 泛起 污秽 固然 是 源于 外界 但 人心 不是 清水 之前 还 看到 过 一个 辩论 论题 是 人性本善 还是 本恶 结果 与 我 三观 相同 - 性本恶 所以 清水 论证 的 大前提 错 了 人心 并 不 等同 清水 所以 这个 论证 不 成立 啊
116158451,别理 我 我 发 这 评论 的 时候 还 没 开始 看 视频 我 从 鬼畜 那来 的
116208995,回复
116152694,* * * 队 vs * * * 队
116147323,如今 这个 视频 也 变成 了 万恶之源 _
116142323,其实 这次 辩论赛 的 辩题 本来 就 给 了 反方 很大 的 优势 双方 换 一下 结果 就 不 一样 了
116109933,小学 的 时候 老师 给 我们 看过 ( | | )
116075208,( ) ( )
116025906,正方 女 辩手 都 不敢 说话 了 ( )
116015286,奖金 一万元 这 题目 恶意 满满 啊 23333
116000427,从 夏夜 鬼畜 大赏 过来 的 不止 我 一个 人 吧
115999383,贫穷 是 万恶之源
115998638,( = = )
115990769,这个 辩论 还是 有 意义 的 那阵 看 小说 居然 在 辩论 高薪 是否 能 养廉 .......
115934884,av1925478 余磊 鬼畜
115928789,多 听 多 看 ... 少说 ...
115855793,妈 的 智障 人才 是 万恶之源 如果说 钱 是 万恶之源 那么 只是 因为 人类 制造 了 他 所以 才 有 这个 恶 所以 人类 才 是 万恶之源
115855649,金钱 是 人类 发明 的 最最 最 伟大 的 自由 工具
115831370,辩论 的话 不 知道 大家 看 没 看过 理想国 前面 一段 的 辩论 也 很 精彩
115819364,好久 以前 看过 的 视频 反方 三辩 说 女性 对 男性 有 一种 无限 的 诱惑力 的 时候 配上 他 那个 手势 简直 要 笑死 了 hhhhhhhhhh 不过 他 的 逻辑 真的 清楚
115710293,辩论赛 本身 就是 一方 会 有 先天 优势 ... 多 是 反方 吧 然而 辩论赛 就是 一种 表演 不是 审判 也 没有 法条 体现 出 辩论 的 睿智 与 逻辑 的 美感 才 是 目的
115620904,比 网上 的 人 撕 逼 不知 高 到哪去 了 ( _ )
115601596,正方 干 的 还 真不错 了
115593948,感觉 这场 辩论 就 像是 有人 牵着 一只 猫 请 正方 证明 : 这 不是 一只 猫 请 反方 证明 : 这 就是 一只 猫
115589001,看 他们 辩论 像是 高手 在 紫禁 之 巅 的 决斗 双方 从 地上 打 到 天上 刀光剑影 间 双方 打 的 有 来 有 回 又 像是 帝王 间 伏 尸 百万 的 战争 双方 争抢 战略要地 设 伏兵 偷袭 敌方 后勤 杀 的 是 昏天黑地 血流漂杵 真是 太精彩 了
115502036,我 看 这个 看三辨 和 弹幕 笑 到 肚子痛
115491735,你 拿 着 菜刀 杀人 怪刀 咯
115484555,? ? ? ? 全场 最佳 * * * 三辨 的 tag 怎么 不见 了
115370188,为什么 在 up 主 主页 找 不到
115364407,弹幕 大神 和 评论 大神 都 挺烦 的
115331085,一个 鬼畜 好多 人 昨天 看 没什么 弹幕 今天 有 一段 炸 了
115298539,以为 1 万 奖金 很少 的 这 是 01 年 啊 01 年 的 1 万元 和 现在 的 1 万元 完全 无法 比较
115295039,从 鬼畜 来到 让 我 看到 你 的 双手
115364469,什么 鬼畜 0 0
115276518,钱 不 一定 是 万恶之源 但是 这个 视频 是
115230016,钱 不是 万恶之源 即使 正方 说 的 在 多么 有 说服力 我 也 还是 觉得 钱 不是 万恶之源
115308930,我 估计 正方 也 不 同意 只不过 运气 不好 抽到 了
115594854,回复
115207961,请 允许 我 发表 一下 个人观点 没有 对 金钱 的 追求 人类文明 是 无法 进化 到 现在 这样 的 没有 金钱 这场 辩论会 都 不会 出现
115208465,但是 天 真的 我 完全 没有 发现 你们 都 在 讨论 万源 的 具体 含义 怎么 删 评论
115376422,放弃 吧 我 也 不会
115588868,回复 : 其实 该 讨论 的 是 恶 这 是 一个 哲学 问题
115601800,回复
115207771,没有 对 金钱 的
115205004,其实 一 开始 正方 辩论 方向 错 了 应该 以 证明 万 指代 一切 与 金钱 指代 欲望 作为 辩论 的 中心 欲望 是 人类文明 社会形态 的 产物 在 这 之前 原始人 的 欲望 只能 称之为 本能 人类 的 行为 基本 由 欲望 主导 所以 证明 欲望 是 万物 之源 并 不难 金钱 是 万恶之源 这句 话 万 在 这里 指数 不清 的 意思 反方 以 数不清 以偏概全 作为 所有 正方 可以 利用 这点 以 金钱 是 欲望 之 首 从而 以 欲望 是 万恶之源 推出 金钱 是 万恶之源 当然 我 有 事后诸葛 的 嫌疑 ( 搞不好 只是 禆 将 而已 )
115196883,真心 厉害 脑子 转得 也 太快 了 我 就 这样 看着 都 觉得 晕 了
115194736,1000
115194485,也 真是 笑笑 就 好 初中生 都 应该 知道 万 在 这里 是 虚 指意 为 所有 反方 在 这点 被 忽悠 进去 实在 是 不能 接受
115192640,有些 辩题 真是 尼玛 抽 完签 基本上 就 知道 结果 了 至少 优势 明显 还有 那次 讨论 法律 的 本质 是 以暴制暴 的 虽然 辩论 很 精彩 就是 了
115191215,我 想 问 一下 万恶之源 是 个 古词 吧 翻字典 也 应该 翻个 古汉语 字典 啊 而且 据 我 停留 在 高中 的 语文 水平 告诉 我 一般 这种 古词 里 的 数字 都 是 虚词 好像 三 啊 六 啊 九 啊 万 不是 一个 性质 吗 求 大神 解答 不 吵架
115192823,万 就是 虚词 啊 万 字典 上 虽然 没有 一切 但是 万有 极 多 绝对 的 意思 字典 上 万恶之源 指 的 是 一切 坏事 的 根源 还有 番 古语 词典 没 必要 万 又 不是 古今 异义 字 反正 高中 阶段 不是
115193095,不 放心 文言文 网查 了 一下 和 现代 万 基本 一样
115189923,说 反方 优势 的 开头 你们 干什么 去 了
115176959,正 * * * 得 万 不 绝对 反 * * * 得 万 绝对 已经 无法 玩 下去 了 我 个人观点 那些 说 贪吃 但是 没钱 吃 啥 的 这个 时候 钱 作为 交易 工具 是 辅助 的 存在 跟源 没关系 只是 处处 存在 而已 那些 贪钱 的 有钱 干什么 为了 炫耀 那 是 为了 虚荣心 为了 奴役 那 是 为了 满足 一 己 私欲 也就是说 所有 为了 钱 而 去 作恶 的 都 是 为了 拿到 足够 的 钱 来 辅助 自己 做 真正 想 做 的 恶
115175480,钱 是 什么 万是 什么 恶是 什么 源 是 什么 这些 点 都 是 关键 钱 是 钞票 还是 交易 工具 万是 大部分 还是 全部 恶是 行为 还是 导致 行为 的 思想 源 是 影响 还是 本身 这 都 是 坑 啊 反正 辩论 的 时候 这些 东西 都 是 换来换去 了
115148728,笑 了 30 多分钟 ....
115116297,卡拉什尼科夫 说 过 步枪 并 不 罪恶 罪恶 的 是 扣动 扳机 的 人 同样 金钱 并 不 罪恶 罪恶 的 是 人
115111646,本 视频 弹幕 素质 低 的 观众 比例 较大 建议 关闭 弹幕 观看
115111482,键盘 侠 就 别 跟着 瞎 掺和 了 好 吗 哎呀 妈 一口 一个 诡辩 一口 一句 偷换概念 无时无刻 嚎叫 一句 注意 时间 啊 超时 多久 了 跨 擦 理由 呢 你 的 论证 呢 感觉 就是 我 在 跟 你 讲道理 你 没事 总爱 跟 我 说 你 胡说 我 不信 总爱扯 东扯 西 的 连 我 的话 你 都 不 认真 听 还 指望 推翻 我 嗑 药 嗑 多 了 吧 还有 到底 是 谁 偷换概念 啊 你 对 辩论 的 概念 本身 清楚 吗 辩论 指 把 对 人 进行 考查 后 所作 的 鉴定 加以 认真 分析 彼此 用 一定 的 理由 来 说明 自己 对 事物 或 问题 的 见解 揭露 对方 的 矛盾 以便 最后 得到 正确 的 认识 或 共同 的 意见 你 管 他 的 论点 对 不 对 听 的 是 过程 玩 的 是 技巧 偷换概念 也 算是 技巧 吧 谁 知道 对方 听 没 听 出来 听 出来 的 你 也 没见 有 后续 论证 啊 装个 jb 还有 更让人 无语 的 能 用 拳头 解决 我 就 不会 动嘴 唉 完 了 可以 回家 在 上 一次 学校 了 再 耽误 下去 指不定 要 被 多少 人 踩 在 脚下 嘞 人 最 智慧 的 地方 是 看清 自己 承认 自己 的 不足 而 不是 装
115183027,说 的 好 顶 一个
115109689,辩论赛 本身 就是 一门 关于 语言 和 逻辑 的 艺术 辩题 只是 表达 这门 艺术 的 载体 而已 看见 弹幕 里 死 揪 着 命题 撕得 天昏地暗 的 也 是 醉 了 还有 从头到尾 都 在 批判 辩手 什么 偷换概念 避而不谈 的 请问 你 真的 上 过 辩论 场 吗 在 那种 氛围 下 如果 到 后期 如果 你 还 能 同时 做到 思维 清晰 反应 敏捷 情绪稳定 顾全大局 逐个 击破 的话 您 应该 已经 超越 人类 的 范畴 了 吧 我们 人类 辩论 时 肯定 会 有 纰漏 不然 辩论赛 还 怎么 进行 个人 认为 能 做到 三四点 就 已经 是 大神 级 的 辩手 了 PS 我 可 不敢 和 弹幕 大神 们 辩论 看 那 口气 说不定 辩论 到 一半 就 开始 撸 胳膊 准备 干 一架 了 ( 笑 ) PPS 在 网络 上 辩论 比 的 可不是 思维 而是 耐力 看 的 是 谁 先 受不了 对方 的 SB 逻辑 _ ( : 3 ) _ 毕竟 双方 早 在 辩论 开始 前 就 把 自己 立在 了 不败之地 要 问 为什么 知道 ..... 哎 都 怪 自己 年少 轻狂 捂脸 以上 是 个人 的 一点 愚见 总 觉着 不吐 不快 就 在 评论 区自 嗨 一下 吧 2333
115111766,哎呀 多 打了个 如果 ... 这 是 老 了 吗 ( ` )
278647651537,弹幕 就是 没 写 作业 的 学生 太多 了 以为 自己 可行 了
115106008,前 1000
115095789,文科生 与 理科生 的 战斗 文科 赢 了 场面 理科 赢 了 逻辑 内在
115085450,精神 墙报 的 感觉 ( ) /
115077502,钱 是不是 万恶之源 我 不是 到 这个 视频 就是 万恶之源
115074475,其实 辩论 首先 就要 明晰 题目 在 这里 就 万 的 理解 就 出现 了 偏差 整个 辩论 其实 就是 举例 论证 其实 最 简单 的 方法 就是 举例 一万种 恶 并 就 有限 的 恶 推究 钱 是不是 源头 就 可以 类推 了 理科生 放弃 严密 的 逻辑 与 科学 的 方法 和 文科生 玩 弯弯绕 本身 就 输 了
115072389,说 得出 理由 的 叫 辩论 说不出 理由 的 叫 撕 逼 直接 开骂 的 叫 喷子 所以 喷子 并 不是 一种 人 而是 一种 行为 是 由 一群 一知半解 但 调子 起 的 飞 的 跟风 汪 造成 的
115051341,大家 要 看到 辩论 背后 的 哲学 不要 只 看到 高等级 撕 逼 大赛 ( _ )
115040779,个人 觉得 辩论 在 某种意义 上 就是 用 自己 的 逻辑 强奸 对方 的 逻辑 总 感觉 很 恶心
115021143,万恶之源 这是
115003766,就让 我来 背负 世间 所有 的 罪恶 吧
115003387,我 只 想 说 你 不要 给 我
114994440,大家 打开 http :
114989975,卧槽 我 竟然 是 棵 墙头草 这么久 我 都 没 发现 ( | | )
114983832,正方 三辩 * * * 辩手
114983985,错 了 是 反方 ( ) /
114981566,然而 我 这种 穷货 都 没 资格 探讨 这 档子 事 ( _ )
114980331,我 觉得 大家 在 弹幕 上 讨论 跟 学术 有关 的 那怕 说错 了 都 没有 问题 毕竟 弹幕 就是 这样 的 作用 但是 什么 场合 说 什么 话 这种 视频 就 不要 刷 梗 不要 说 什么 py 交易 了 好 吗 看到 弹幕 有人 说 妹子 鼻子 整容 真的 是 想 笑
114976717,正方 单单 以钱 来 辩 可以 说 的 太少 了 应该 说成 等价物 这样 逻辑性 更高
114972412,人才 是 万恶之源
114950194,通过 看 辩论赛 就 能 看 出来 这 是 有 多少 小学生 啊 弹幕 里 一个个 的 都 是 大神 连 辩论 都 不 懂 就 开始 指点江山 了
4387377165,都 是 你
114941897,初中语文 老师 放过
114941040,渐彪 好帅 啊啊啊 啊 啊
114915307,不 懂 辩论 妄谈 辩论 真可笑 坐等 青铜 喷 王者
114908032,直通车 过来 ( ^ ^ )
114897831,热血沸腾 ( = = )
114884237,所以 我 才 讨厌 文科 主观性 太强 怎么 说 都 有 一定 的 道理 看看 我大 理科 实事求是 真相 永远 只有 一个 ( ) /
114913718,量子力学 不确定性 怎么 说
114921803,楼上 + 1 不止 一个 哦
115145273,哈哈 其实 这方面 不能 给 人 加标签 我 是 工科 生 但是 平心而论 遇到 的 文科生 有 很多 的 逻辑思维 真的 让 我 和 我 的 理工 小伙伴 很 钦佩 而 许多 文科生 却 称赞 我们 的 文采 和 感性 表达能力 人 的 思维 模式 不 一样 对 不同 阐述 会 有 不同 深度 的 理解 理科生 探究 事物本质 理解 观察 能力 必然 强 描述 问题 也 致力 精准 经历 一些 积累 自然 自然 会 有 组织 缜密 的 思想体系 和 对 自己 情感 产生 原因 过程 等等 的 准确 探究 文字 自然 打动 别人 让 人 恍然大悟 而 文字 体系 则 是 包罗万象 的 语言 的 边界 就是 世界 的 边界 说到底 人 的 思维 体系 就是 文字 化 的 一套 体系 文字 本来 就 焕发 着 理性 的 光辉 文科生 在 这方面 理解 深刻 可以 综合 地 认识 真相 你 能 说出 真相 只有 一个 文科生 就 能 跟 你 说 真相 应该 如何 定义 理科生 理科 也 发掘 情感 文科 也 启迪 智慧 正是 触类旁通
115145989,不 小心 消字 消错行 了 不 通顺 就 凑合 吧 wwwwwwww
115232397,文无 第一 理无 第二
2500296913,薛定谔 的 猫
143824763584,回复 : 喜欢 你 的 评论
114876606,封面 这 小伙 真帅
114873703,真正 的 万恶之源 是 人 不 坚定 的 内心
114869916,正常人 都 会 觉得 反方 观点 正确 吧 心疼 正方 3 辨
114869837,说 奖金 的 大佬 们 啊 这 是 辩论 啊 辩论 立场 不 代表 个人 立场 啊
114865898,只有 我 窝 觉得 辩论 的 好 吗 论题 是 一种 两面性 的 所以 是 看 的 辩论 技巧 啊
114865437,说白了 日本 才 是 万恶之源 _
114853110,这 就 像 讨论 我们 这个 国家 是 民主 还是 毒菜 一样 无论 怎么 讨论 他 都 在 那里 所以 他们 辩论 只是 在 逻辑 上 压倒 对方 并 不 意味着 他 就是 对 的 当然 双方 都 很 厉害 这是 无可置疑 的
114851728,他们 练 的 是 打官司 吧 根本 不是 来 讨论 钱 的 他们 只 需要 把 黑 的 说 成白 的 白 的 涂成 黑 的 就 可以 了 各种 偷换概念 各种 强行 其实 目的 就是 为了 把 法官 搞 得 一头雾水 最后 做出 错误 的 判断 如果 我 是 法官 我 肯定 把 他们 丢 出去
114866434,可是 这个 技能 真的 好 叼 很 实用 啊 为 自己 的 利益 多 了 很大 的 保障 如果 把 法官 绕弯 里 去 的话 基本上 就 无敌 了 要
114889433,只能 说 你 可能 对 辩论 了解 的 不 多 双方 辩论 技巧 都 很 好 并 没有 所谓 的 强行 辩论 的 进一步 升格 就是 法庭 议会选举 而且 别 把 法官 想 的 太弱 身经百战 的 法官 早就 对 案件 有 一套 自己 的 判决 逻辑 不是 那么 容易 被 忽悠 的 想要 打动 法官 非常 的 难
114948496,回复 : 鬼畜 区 转过 来 的 看 了 大概 20 分钟 吧 首先 觉得 这个 问题 没什么 意义 如果 我 是 反方 我 就让 正方 说 说 应该 怎么办 呢 反方 抠字眼 比较 多 正方 辩 的 还 可以 但是 举例 真的 就是 强行 了 人 随着 年龄 增大 动 机会 不断 变得 错综复杂 起来 甚至 成年人 自己 都 不 知道 自己 的 动机 所以 用钱 来 解释 动机 显然 不妥 你们 觉得 钱 是 万恶之源 那 你 说 说 应该 怎么 消除 万恶之源 呢
114949949,回复 : 然后 我 也 喜欢 钱 大量 的 钱 你 能 猜猜 我 的 动机 吗 你 觉得 我 想要 这么 多钱 是 干什么 呢 欲望 本身 就是 一个 很 坑 爹 的 词 因为 即使 是 喜欢 冥想 的 人 他 也 有 与 心灵 对话 的 欲望 除了 死人 只要 脑子 还 在 活动 的 都 有 欲望 包括 抑郁症 患者 死亡 的 欲望
114950458,回复 : 要 真 说 万恶之源 人 就是 万恶之源
114958466,回复 : 看到 自由 发言 了 举得 都 是 什么 鬼 例子 原始人 有恶 受过 教育 不算 贪 日本 不是 为了 钱 新加坡 为了 发展 侵略 了 其他 国家 * * * 只是 为了 钱 钱色 交易 不道德 钱 有罪 还是 人 有罪 哪 一个 例子 摊开 了 讲 差不多 都 能 写 本书 了 一句 话 就 带 过 太浅 没 效力
114959131,回复 : 如果 我 是 法官 我 肯定 把 他们 丢 出去 万一 他们 举 一个 例子 法官 是不是 还要 和 他们 辩一辩 我 不是 很 懂 不过 想想 就 可怕 ( 口 ) ( 谁 要 和 你们 辩 啊
115033807,回复
115052705,回复 : 我 一直 都 没 说 这场 辩论 怎么样 只是 觉得 他们 找 的 例子 都 很 生硬 像 这种 节奏 很快 的 东西 不 应该 用 两面性 复杂 甚至 带有 哲学 意味 的 例子 或许 辩论 本质 如此 他们 的 语速 都 很快 相对 于 人 的 短期 记忆 来说 甚至 无法 想起 之前 一个 人 说 的话 而 这些 看似 正确 煽动性 却 极强 的 实例 很 容易 让 人 带有 一种 情绪 真相 常 流失 于 涕泪交加 之中
115215402,回复 : 很早 的 时候 我 看过 一场 辩论 给 我 感觉 就是 在 撕 逼 抠字眼 胡说八道 语速 快 刺激 对面 找 的 例子 硬 的 要死 当时 后来 我 找 了 所谓 高水平 的 辩论 也 一个 德行 只不过 高级 点 而已 我 当时 主观 直接 就 给 辩论赛 这种 形式 判 了 死刑 形式主义 脱离实际 辩论 题目 不知所云 选手 给 人 感觉 LOW 到 爆炸 都 看不下去 了 还 TM 逻辑 MD 不是 我 胡说 中国 人 哪有什么 逻辑 当然 最二 B 的 就是 辩论 题目 不 知道 当时 人 怎么 想 的 题目 二到 爆炸 有时候 选手 扣 字眼 互相 撕 逼 也 是 没 办法 就 像 这种 什么 金钱 是不是 万恶之源 这 还 算 好 的 尼玛 有些 搞 的 3 4 辨 都 不 知道 说 什么 好 了 开始 东拉西扯 胡言乱语 了 而且 我 觉得 这种 本来 就 偏 形式 的 东西 高手 之间 过招 还好 还 可以 看看 其他 呵呵 吧 越 搞 越 趋向于 形式主义 最后 浮于 表面 没有 什么 深度 为了 胜负 选择 对 自己 有利 的 东西 消化 然后 攻击 对手 说不定 还有 曲解 断章取义 望文生义 等 真相 和 真理 不 重要 输赢 才 重要 这种 东西 看 了 能 学到 什么 呢 无非 是 逞 口舌 之快 而且 他们 真的 有 逻辑 吗
115249897,"回复 : 你 要是 觉得 题目 没 意义 那 我 只能 说 哲学 的 存在 又 什么 意义 为什么 还 没 被 消灭 要 注意 辩论赛 里 的 逻辑 并 不是 现实 逻辑 而是 基于 选手 命题 立论 的 逻辑 有 的 就 不 一定 正确 甚至 理想主义 片面化 有时 还会 被 对手 干扰 逻辑 这是 直接 决定 胜负 的 点 辩论 目的 从来不 是 说服 对手 因为 这 是 不 可能 的 多 是 为了 想 观众 评委 介绍 自己 观点 底下人 从中 听取 自己 思考 从中 选择 你 甚至 可以 觉得 两边 都 不好 选手 也 从来 没有 要 把 观点 强加 到 别人 的 想法 但 命题 就是 相对 的 抽签 决定 的 你 说 中国 人 哪 有 逻辑 逻辑 不 都 是 要 培养 出来 的 难道 是 天上掉 下来 的 主要 看 选手 在 作为 当今 大学生 这个 角色 对 社会 问题 的 一些 看法 见解 想想 一个 大学生 能 像 一个 经历 几十年 沧桑 的 智者 一样 有 水平 吗 为什么 设在 大学生 比赛 主要 还是 起 培养 锻炼 作用 像 你 这么 说 能 学到 什么 的话 那 那些 高中 发明 创新 之类 的 比赛 又 有 什么 用 那些 1 , 2 等 奖 的 玩意 在 科学家 看来 不 都 是 弱智 还 培养 个 什么 鬼 这 视频 台上 这些 人 今天 个个 都 是 精英 了 有 北大 教授 武汉大学 哲学系 副 主任 证券公司 老板 历届 国辩 走出 多少 人才 你 敢 说 辩论 对 他们 的 人生 没有 一点 用 吗 而 辩论 现在 之所以 变得 越来越 浮夸 就是 差 在 知识 储备 素养 上 以前 是 有 一定 知识 没 经验 现在 是 即 没 知识 又 没 经验 所以 素质 才 显得 低下 所以 大师 辩论 受益匪浅 小屁孩 辩论 就是 撕 逼 但 这 并 不是 辩论赛 没有 存在 理由 的 依据 辩论 有 什么 用 辩论 的 升格 就是 法庭 辩护 议会 讨论 美国 电视 大选 你 能 说 这些 没用 律师 靠 耍嘴皮子 扣 法律 字眼 翻案 减刑 议会 靠 耍嘴皮子 通过 决议 美国 大选 不会 刷 嘴皮子 说 相声 连 10% 的 支持 都 拉 不到 这些 你 可以 说 不 对 但 就是 客观存在 我 个人 就 在 大学 打 了 2 年 辩论 我 的 辩论 水平 比起 台上 差 的 太远 了 但 这 2 年 之中 因打 辩论 查阅 的 各种 资料 收获 的 各种 知识 与 人 交流 的 技巧 使 我 受益 无穷 对 辩论 感情 比较 深厚 以上 有些 话 有些 偏激 如果 觉得 难听 就 当 我 放屁 吧 道 不同"
115430345,回复 : 你 到底 想 说 什么 我 完全 看不懂
115443298,回复 : 没什么 你 开心 就 好 不用 回 了
115601771,回复 : 不 你 到底 想 表达 什么 意思 我 真 没 看 明白
115601912,回复 : 简洁 一点 一句 话 二句话 三句话 概况 一下 解释 解释
114833568,喜欢 上 辩论赛 了
114828182,看到 有些 弹幕 和 评论 简直 的 掉 智商 强行 把 个人 观念 带入 辩论 动不动 就 一句 偷换概念 瞎 扯淡 甚至 直接 人身攻击 选手 的 这 是 辩论 辩题 都 是 抽签 决定 正反 又 不 代表 选手 观点 锻炼 的 是 选手 的 辩论 技巧 和 临场 应变能力 题目 目的 都 是 为了 探讨 社会 哲学 问题 追求真理 本身 观点 就 没 说 谁 一定 对 一定 错 什么 叫 追求 某些 人 就 像 已经 得到 真理 一样 一股 我 上场 我 一定 赢 的 姿态 把 自己 观点 加上 去 你们 这 叫 撕 逼 不 叫 辩论 老老实实 看 双方 选手 精彩 表现 不好 吗 我 觉得 楼下 说得好 有 道理 但 毕竟 这些 敏感话题 容易 引来 个人 价值观 强 的 人 强加于 自己 思想 于 别人 身上 只能 上 理智 的 人 看待 问题 冲动 的 人 扭曲 问题 面对 这种 情况 我们 要 加强 自己 正确 价值观 不要 被 外界 花言巧语 所 恶意 打动 谢谢
114826074,我来 发表 一下 自己 的 感想 不喜 勿 喷 自我感觉 金钱 不是 万恶之源 人 地 本身 在 成长 过程 中 接受 人 产生 的 污 . 释所 污染 相信 很多 人 都 是 当面 一套 背着 又 是 一套 让 七点 外面 宣扬 不 喜欢 这 . 样式 东西 我 觉得 金钱 就是 把 其中 一部分 污染 所 又 诱导 出来 的 一种 诱导剂 金钱 是 我们 所 必须 的 一种 东西 产生 各种各样 的 罪恶 也 是 很 正常 的 反正 我 认为 金钱 有好有坏 基本 保持中立 = = ( )
114823618,反方 三辩 真是
114821096,看 完 之后 我 想要 回答 两个 问题 第一 那个 滴声 的 铃 不是 时间 到 了 而是 两分 半 提醒 一下 那个 蓝字 简直 呵呵 第二 正反 双方 不是 自己 选 的 是 抽签 决定 的
114820737,我 觉得 万恶之源 的 源 字 并 不是 源头 的 意思 应该 理解 为 起因
114819681,全程 没有 开 弹幕 光看 大家 辩论 真的 很 舒服 感受 到 了 一种 叫 高素质 的 东西 ( )
114819839,话 说 我 觉得 老子 说 得 没错 啊 事情 都 有 两面性 嘛
114817410,看 完 了 感觉 好 厉害 整个 人 都 懵 了
114808516,看到 有些 弹幕 和 评论 简直 的 掉 智商 强行 把 个人 观念 带入 辩论 动不动 就 一句 偷换概念 瞎 扯淡 甚至 直接 人身攻击 选手 的 这 是 辩论 辩题 都 是 抽签 决定 正反 又 不 代表 选手 观点 锻炼 的 是 选手 的 辩论 技巧 和 临场 应变能力 题目 目的 都 是 为了 探讨 社会 哲学 问题 追求真理 本身 观点 就 没 说 谁 一定 对 一定 错 什么 叫 追求 某些 人 就 像 已经 得到 真理 一样 一股 我 上场 我 一定 赢 的 姿态 把 自己 观点 加上 去 你们 这 叫 撕 逼 不 叫 辩论 老老实实 看 双方 选手 精彩 表现 不好 吗
114811738,顶 ( = = )
114827169,所以 这 就是 辩论 手 与 键盘 侠 的 区别
114803339,我 期待 的 是 如果 论题 是 钱 是不是 恶之源 那么 正方 该 怎么 证 ( _ ` )
114799966,钱 不是 万恶之源 钱 从 某种意义 上 来说 是 货币 货币 是 一种 一般 等价物 这是 资本主义 社会 的 根本 是 资本积累 重要 条件 * * * 哪来 的 资本主义 没有 资本主义 社会 怎么 发展 资本家 就是 为了 资本积累 和 追逐 利润 如果 这样 就 被 当做 了 罪恶 那么 资本主义 无法 发展 我们 的 祖先 喜欢 杀戮 我们 这个 物种 也 就是 弱肉强食 如果说 我们 有 平等 只是 我们 的 种族 保护 了 我们 钱 只是 我们 在 交换 中 发明 的 不是 万恶之源 我们 做事 为了 钱 根本 上 说 是 我们 这个 物种 的 一些 本质 这些 本质 有恶 有 善 而 不是 钱 钱 造成 事 只是 表现 出 了 这些 本质 而已
114797872,嗯 正方 辩手 不错 说 的 很 有 道理 .....
114791279,好多 弹幕 都 在 刷 偷换概念 你 懂 什么 偷换概念 吗
114788650,人性本恶 金钱 不仅 不是 万恶之源 甚至 可以 说 是 所谓 的 人性 之光 金钱 将 全世界 彼此 相连 金钱 的 诞生 造就 了 我们 的 现在 如果 人类 历史 上 没有 金钱 人 与 动物 无异
114787316,看 完 鬼畜 我 又 回来 了
114777580,看见 好多 说 中国 古代 辩论 的 有没有 举 例子 就 先 看看 西汉 盐铁 辩论 吧
114768693,钱 在 某些 方面 是 万恶之源 但是 你 没 钱 能活 吗 钱 就是 交易 的 一种 工具 与 道德 无关 光明正大 赚来 的 钱 永远 不会 成为 恶 的 源头
114764062,不得不 说 正方 偷换概念 用 的 非常 好 还有 论题 是 万恶之源 这个 词而 不是 万
115870509,我 个人 的 想法 是 以 一个 字来 突破 整个 词万字 破 了 主动权 就 在 自己 手上 了 这个 思路 体现 了 水平 答案 结果 其实 反而 可能 不是 最 重要 的 辩论 更 多 是 展现 个人 能力 而 不是 得到 答案 不然 就 没 啥 好 辩论 了 或者说 不够 公平 公正
114762193,看 完 鬼畜 过来 重温
114761818,已 鬼畜
114750536,( = = )
114742229,虽然 他们 * * * 但 心里 想 的 和 说 的 那 完全 不 一样
114737496,为什么 不能 投币 ( )
114734635,辩论会 高级 撕比 大会 本来 就 不是 通过 辩论 寻求 结果 万事 皆 有 两面 我们 只能 通过 两方 理论思考
114734917,所以 钱 不得不 用 = =
114717146,( )
114714591,怎么 看不鸟
114713686,泥萌 严肃 一点 可不可以 ( _ ) 好好 的 辩论 被 弹幕 整成 段子 了 233333
114779251,23333
114707272,再次 点 C 弹幕 键盘 侠 你 上去 就是 战斗力 0.5 的 渣 渣 抬杠 谁 不会 啊 一人 一句 C N M 辩论赛 多 好玩 对 吧
114794451,哼 言论自由 人人 都 有 自己 想法 无论 好坏 只要 不 违法 都 可以 说 啊 嗯 &# 39 ; 键盘 侠 &# 39 ; 所谓 的 自由 终究 还是 被 限制 了
114696587,友情 提示 观看 辩论赛 请 屏蔽 弹幕 弹幕 完全 低龄化
114679142,se qing 反方
114678691,* * * 反方
114678656,几年 前 看 这个 的 时候 弹幕 一片 和谐 现在 怎么 变 垃圾场 了 鬼畜 区来 的 这么 没 素质 吗
114796383,鬼畜 区 本来 就是 观众 比较 杂 的 区 呀
114676979,做成 鬼畜 多 没有 意思
114675408,这才 叫 真正 的 撕 逼 啊
114665106,卧槽 这个 辩论会 我 当年 真的 看过
114656823,up 也 是 赫萝粉 吗 遇到 同 好 感觉 好 激动 这个 辩论 感觉 意义 不大 就 像是 在 讨论 鸡 和 鸭 谁 重要 都 有 各自 的 道理 没有 绝对 的 定论 ( ) 理性 要 理性 啊 同志 们
114638645,居然 还有 说 女人 也 可以 属于 财富 的 说 的 好像 女人 不是 人 一样 虽然 我 不是 女 的 但 我 看不下去 所以 发了 这条 信息
114639096,带 什么 节奏 呢 = =
114642320,回复
114655646,女人 在 以前 确实 被 视为 财富 的 一种 就算 现在 把 自己 的 身体 当做 资本 的 女人 还是 有 的 另外 我 不是 直男癌 我 只是 在 阐述 一个 事实 而已 请勿 回复 本条 评论
114930366,回复
114932246,不 懂 辩论赛 和 现在 有 什么 关系 说 的 有 逻辑 就行
114946074,回复
114633704,其实 正方 做 得 挺 好 了 观点 也 很 足 也 很 有 说服力 但是 输在 逻辑 上 金钱 他 作为 被 人类 利用 的 工具 你 可以 说 人类 行恶 是因为 钱 许多 东西 都 是 可以 由 钱 获得 但 你 不能 说 人类 的 一切 恶行 都 是 由 钱 产生 正方 应该 从 钱 引申 到 其他 的 东西 是 由 钱 产生 并 发表 自己 的 逻辑思维 和 看法 而 反方 就是 要 抓住 其中 的 逻辑 漏洞 进行 反驳 很 明显 除了 余磊 有 对 反方 的 观点 进行 反驳 以外 其他 的 人 对于 这点 就 比较 少 做到 了 反方 也 明显 是 有 四辩 这个 基础 打 得 比较 好 但是 正方 四辩 却 在 气势 上软 下去 了 本来 就 没有 逻辑 气势 上海 暗暗 同意 了 反方 的 观点 明显 就 输 了
114634132,在 万上 进行 推断 意思 本身 就 错 了 就 和 反方 四辩 说 的 我们 今天 说 的 是 万恶之源 而 不是 万 而 武大 却 把 重点 放在 万上
114632571,万恶之源
114630143,我 是 来 考古 的 ( )
114628981,直播 对 双方 的 论证 作 个人 分析
114631188,正方 立论 人性本善 诱惑 使人 忘记 本心 其中 钱 作为 普适 的 等价物 引起 的 诱惑 占 主要 成分 因而 钱 是 万恶之源 辞藻 选择 上 凸显 文科生 气质 各种 引经据典 整 的 我 迷糊 糊 的 这里 立论 中 扩大 了 金钱 的 功用 而且 最后 抛 出钱 之上 的 思想 引发 了 恶果 的 论点 作 先锋 思路清晰 但 个人 总有 观点 有些 被 其 过重 的 修辞 痕迹 所 淹没 之感
114638944,反方 驳论 指摘 正方 钱 之上 招致 恶 的 观点 不 成立 指摘 法律 制约 手段 关键 不 在 钱 指出 恶为 主观 之恶 非钱 这种 客观事物 指出 钱 不能 涵盖 恶之源 罗列 观点 分 3 段 1 驳 正方 立论 指摘 钱 之上 招致 恶 的 观点 不 成立 2 提出 对 论题 解读 强调 钱 的 物资 性 强调 一切 根本性 3 驳 论题 指出 钱 并非 一切 恶 的 根源 指出 行恶 不 一定 为 钱 指出 比起 钱 更 应 把 恶 归咎于 人 的 主观 行 恶意 愿上 指出 钱 并非 只能 产生 恶果 反方 一辩 的 辩风 很 激进 啊 我 想到 的 反方 的 牌 被 他 一 回合 全打 了 出来 是 自信 还是 另有 网盘 我们 就 拭目以待 了 从 诠释 观点 起其 表现 中规中矩 排比 罗列 观点 逻辑 清晰 之 余 气势 十足 论点 也 在 大家 意料之中 明确指出 论题 以偏概全 算是 把 论题 优势 给 发挥 出来 了 不过 第一段 说 的 太烂 了 把 正方 立论 最后 的 饵 想都不想 就 吞 了 反驳 得 还有 错误 归因 之 嫌 法律 这个 话题 抛 得 莫名 奇妙 好不容易 第二段 步入正轨 最后 还 超 了 时 总体 表现 差强人意 吧
114639718,立论 阶段 总评 反方 占优 反方 提出 的 4 大 问题 如何 回应 将 是 正方 的 难点 也 是 这场 辩论赛 的 看点
114643178,正方 二辩 直接 指出 万恶之源 不 等同于 一切 罪恶 之源 然后 从 钱 是 很多 罪恶 之源 这点 开始 举例 展开 在 反方 打出 4 个 2 之后 正方 也 毫不犹豫 交了 王炸 这 一手 配合 二辩 的 幽默 语言 效果 拔群 足以 颠覆 大家 对 万恶之源 词义 的 理解 之后 的 举例 论证 倒 是 顺理成章 没 啥 好 说 的 反方 二辩 接下来 必须 正面 迎击 了 要是 万 = = 很多 这个 论点 被 混淆 过去 反方 将 大劣 个人 不是 很 了解 辩论 流程 感觉 是不是 正方 应该 先 迂回 一下 别 这么 早出 王牌
114651787,反方 二辩 直接 驳斥 万 = 全 的 观点 同时 明确 举例说明 有 很多 恶行 都 不是 从 钱 而生 的 毫不犹豫 地 作出 回击 理由 略显 逊色 而 中间 对 正方 一辩 的 批驳 则 是 钩 直 饵 咸 不 咬 但是 后面 对 万恶 的 界定 很 精彩 举出 很多 从 常识 上 应该 属于 万恶 却 不是 由 钱 而生 的 例子 另寻 有利 地形 思路 很 好
114627602,个人 分析 一下 这个 论题 这个 论题 最 关键 的 分歧点 在于 对 万恶之源 的 理解 分歧点 1 何为 源 是 直接 原因 还是 深层 原因 是 客观因素 还是 主观因素 是 唯一 还是 不 唯一 这方面 正方 可以 站 深层 的 客观原因 才 是 所谓 的 源 这 很 唯物 而且 应该 尽量 泛化 金钱 的 概念 而 反方 则 可 把 锅 多 往 主观因素 上 甩 从而 给 金钱 洗白 分歧点 2 何为 恶是 动机 上 的 恶 还是 结果 上 的 恶 而且 其 范围 如何 圈定 这方面 的 解读 角度 不少 双方 均 可 立场 作出 不同 解读 比如 正 方可 认定 正是 钱 产生 人 动机 上 的 恶 因而 钱 是 更加 根本 的 源头 反 方可 指出 恶 的 范围 之广 动机 不 一 并非 金钱 能 涵盖 等 这里 个人 认为 正方 尤其 要 注意 区别 万恶之源 和 恶 的 概念 不然 把 金钱 指摘 为 恶 就 很 难 自圆 了 这 也 是 正方 的 一个 天然 劣势 分歧点 3 万是 指 一切 还是 指 很多 这个 对 正方 来说 太 致命 了 我 是 不 太 想到 在 万 = = 一切 的 认定 下 正方 还有 啥 周旋 余地 正方 这点 必须 要 把 万 的 概念 往 很多 或者 至少 是 大多数 方面 来 转移 但 这 张牌 不能 早 打 因为 这点 不 符合 常识 对 万恶之源 词义 的 理解 容易 被 推翻 反方 则 可 早早 咬定 万 等同 一切 然后 找 几个 反例 坐等 正方 自相矛盾 不得不 说 这个 论题 对 正方 有点 坑 好 现在 开始 看 坐等 被 大神 们 打 脸 = w =
114618968,"看 了 av5218508 我 竟然 特意 找 了 原版 看 ( "" ) /"
114632400,+ 10086
114635269,我 也 是
114616577,只是 个 体验 辩论 艺术 的 舞台 为何 要 掺杂 这么 多 个人 世界观 成分 呢 好好 欣赏 其 过程 不好 么
114616118,感觉 辩论 得 好 随便
114616279,啊 是 自由 辩论 的 时候 自我 指正
114610545,* * * 三辩 2333
114606641,妈 哒 关闭 弹幕 保护视力
114604127,( ; ) 诶 正方 说 的 好 对 ( ; ) 卧槽 反方 说 的 也 对 ( ; ) 卧槽 有罪 的 难不成 是 我 我 就 不 应该 点开 这个
114629219,hhhhh 跟 我 一样 我 全程 蒙圈 23333
114603537,辩论 本身 就 有趣 . 管 他 对 不 对 我 听 的 舒服 就行
114602645,说 出来 你 可能 不信 是 钱 先动 的 手 ( )
114602349,别开 弹幕 智商 跟不上 弹幕 大神 ( 3 )
114602134,善 与 恶 这 是 人类 自己 定 的 每个 时期 都 不 一样 而且 这是 辩论会 主办方 恶心 你 故意 把 本身 再 现代 就 不 占优势 的 一方 给 你 你 不管 信不信 都 要 硬着头皮 上 古希腊 时期 的 辩论 上 也 不乏 有 名家 用 道德 谴责 和 诡辩 来 击溃 对手 的 例子 这 就是 辩论 胜者为王 败者 寇
114623149,辩论 抽到 不 符合 三观 的 观点 只能 硬上 最后 辩论 赢 了 三观 还 没 扳回 来
114658482,回复 : 现在 中国 网络 上 三观 不正 的 人 多 了 去 了 还 不 都 活 的 好好 的 _ ( : 3 ) _
114686956,回复 : 你 在 攻击 我 纯洁 的 心灵
114600632,注意 看 纪录片 时请 不要 开 弹幕 以保 我们 的 智商 不说 损害 ( 苦笑 )
114597813,看 鬼畜 rap 来 的 举个 手 ( )
114594700,主持人 鼻子 不 通气
114586929,说 的 真 好 还要 什么 硬币
114584068,太 犀利 了 这场 辩论 好好 收藏 揣摩 嘴炮 技巧
114575462,正方 在 题目 不 占优势 的 情况 下 还 能 变得 如此 精彩 太棒了 ... 那些 吵来吵去 的 人 是不是 智障 ( _ ) 辩论 又 不是 看 结果 而是 看 过程 叽叽喳喳 吵个 毛线 ...
114574970,最佳 辩员 余磊 全场 最佳 麦克 磊 ( )
114571249,首页 发现 好物 ~ 还 没 看 完先 马克 一下 话 说 武汉大学 的 辩手 是 人文 社科 法律 的 马来亚 电气 啥 的 这 怎么 看 也 是 武汉大学 专业 吧 以及 弹幕 说 文科生 说 不到 点子 上 的 真是 无语 就 你 能 说 到 点子 上行 了 吧
114559049,简直 了 这是 辩论赛 怎么 还 那么 多 弹幕 大神 B 站 弹幕 越来越 不能 看 了
114556872,B 站 弹幕 才 是 万恶之源
114556581,有时候 即使 你 的 三观 不 不 认同 你方 的 观点 你 也 要 骗 自己 认同 辩论赛 看 的 不是 你 的 三观 正 不正 而是 你 能 不能 自圆其说 一旦 你 语塞 了 你 就 输 了
114550126,见 两 小儿 便 日
114545930,我 一直 在 被 无限 说服
121184799,你 支持 哪 一方
121189378,回复 : 我 选择 周杰伦 = =
114542589,我 来看 原本 了
114542679,原版
114502750,* * * 三辩 233
114500994,弹幕 评论 里 一个 比 一个 厉害 挑着 反方 的 毛病 指点江山
114487968,从 鬼畜 区来 挖坟
114485971,反辩 四 厉害
114464157,当初 班上 放 这个 的 时候 大家 都 觉得 正反方 都 有 道理 无法 抉择 -.-
114437288,反方 有点 蠢
114932897,并 不蠢 只是 中文 不大好 罢了
114436154,看得 我 目瞪口呆 ( )
114424880,都 是 时臣 的 错 ( 口 ) (
114392824,辩论 的 是 钱 是不是 万恶之源 反方 居然 还举 慈善机构 慷慨解囊 ...... 这特 么 是 恶 喵 喵 喵 喵
114404356,反方 不是 辩钱 不是 万恶之源 吗 正方 辩 的 是 钱 是 万恶之源
114417667,回复 : ( _ ` ) 用 正方 观点 想 反方 去 了 懵 了 一下
114419690,回复
114523709,要 论证 钱 不是 全部 恶 的 原因 就要 举出 钱 以外 的 因素 导致 恶 的 例子 反方 举 慈善机构 慷慨解囊 是 在 说 钱 也 可以 是 一些 善 的 原因 但 如果 能 认为 钱 导致 全部 恶 不 妨碍 钱 导致 一些 善 反方 的 论证 就 无效 了 反方 总结 的 几点 中有 一点 就是 认为 钱 既然 可以 导致 善 就 不 可能 是 全部 恶 的 原因 31 : 43 可以 认为 他 默认 了 一个 东西 不 可能 既 导致 恶 又 导致 善 的 大前提 这 一点 站不住脚 可以 举出 反例 比如 科技 既 可 导致 战争 升级 也 可以 导致 医疗 设备 改进
114380312,疯狂 qj 我 都 听 笑 了
114366934,那么 问题 来 了 万恶之源 到底 是 啥意思 工具书 一定 神圣不可 侵犯 吗 正方 不能 用 辞海 直接 说 万 不 代表 一切 就行了 然后 等 反方 说 万恶之源 四个 字 的 解释 只有 一种 的 时候 正方 可以 说 尽信 书则 不如 无书
114573332,这是 辩论赛 讲话 需要 依据 你 这 只是 打嘴仗 233333
114614296,个人 觉得 层主说 得 万 不 代表 一切 这个 观点 是 个 策略 正方 如果 能 对 金钱 虽然 不是 所有 恶 的 源头 但是 是 很多 恶 的 源头 作 论述 的话 可能 会 形成 一次 不错 的 反击 但是 这个 观点 容易 被 指摘 为 偷换 论点 而且 从 一切 到 很多 之间 做 了 很大 妥协 一旦 被 击破 就 退 无可 退 了 所以 这个 是 个 下策 非 万不得已 不 应 使用 至于 尽信 书 不如 无书 的 观点 就是 扯淡 了 辩论 最 重要 就是 要 立论 而 这种 怀疑论 论调 什么 论 也 立 不 起来 很 显得 胡搅蛮缠
114618814,回复
114619098,回复
114619440,回复
114620520,反方 也 出现 了 不少 错误 可是 正方 并 没有 抓住机会 比如说 那个 万恶之源 只能 导致 恶 导致 善 就 不能 称之为 万恶之源 了 这个 很 奇怪 诶 如果 正方 攻守 有序 那么 唯一 纠结 的 点 只 放在 了 万恶之源 到底 是不是 只有 一切 恶 的 源头 这 一层 意思 上 了 那么 这个 问题 该 怎么 结束
114621096,回复
114621181,回复
114622924,回复 : 我 说 的 是 你 尽信 书则 不如 无书 这句 话 想要 否定 别人 的 依据 你 得 拿出 自己 的 依据 出来 直接 撂 这么 一句 话 那 简直 就是 自杀
114625364,回复
114626335,回复 : 这 怎么 成 了 唯一 的 机会 了 当年 为了 这场 胜负 评委 们 争 了 好几个 小时 正 方才 以三比二输 了 的
114632353,回复
114638210,回复 : 什么 话
114341687,太 厉害 了 简直
114333352,能 不能 尊重 比赛 全程 说 一些 低俗 的话 显得 你们 很 厉害
114333033,我 添加 了 标签 万恶之源 哈哈哈哈
114344996,哈哈哈 哈哈哈 哈哈哈 很强
114348661,大师 球
114362805,大大 大师 球 我 做 鬼畜 就是 在 您 这学 的
114364435,大师 秋 ( )
114397540,回复
114426410,双 大师 球 ( )
114329064,万恶之源 是 生存 嘛 没有 生存 就 没有 伤害 ( )
114320682,国际 辩论赛 的 辩手 都 很 厉害 但是 辩论 的 问题 本身 大多 是 没有 意义 的 事物 两面性 矛盾 普遍性 和 特殊性
114554709,好 的 辩题 应该 就是 这样 的 不能 从 辩题 上 就 给 某 一方 有势
114299565,真嘴 炮 的 盛宴
114288511,o ( 3 ) ~ ~
114268400,那么 问题 来 了 蓝字 到底 说 了 什么
114242000,辩论 不是 问答 所以 我 不 需要 正面 回答 你 的 问题 靠 我 的 语言 和 逻辑 能力 迂回 把 你 绕 晕 了 就 OK 不 需要 全世界 认同 我 的 结论
111083424,自此 自此
109958769,编程 狗 看不懂 论题 有些 无理取闹 了 吧 要 辩去 辩些 势均力敌 的 什么 人性 善恶 豆花 甜 咸 啦 _ ( : 3 ) _
109614249,不是 很 明白 这种 辩论 存在 的 意义 双方 都 在 文字 和 伦理观 里 绕圈 只是 为 辩论 而 辩论
109687181,本来 就是 要 辩论 来 揭露 对方 的 矛盾 吧 并 没错 啊
109700098,回复
109700364,回复
110323530,回复 : 辩论 就是 看 辩手 能力 啊
110352798,回复
110353941,回复 : ...... 照 你 逻辑 比赛 考试 都 没有 意义
110359868,回复
115069537,回复 : 你 这种 想法 是 错 的 辩论 本身 并 不是 要 针对 题目 得出 谁 输 谁 赢 的 结果 而是 考验 双方 辩论 员 的 水平 最后 在 宣布 冠军 的 时候 也 不是 裁判 认可 了 那 一方 的 观点 而是 认可 了 那方 的 辩论 实力
115147815,回复
115150954,回复
115153665,回复
115156896,回复
107652532,高中 看过 确实 太 厉害 了
104867203,正方 一直 在 混淆 概念 尽力 回避 正面 问题 在 强奸 这个 问题 上 正方 说 有钱 可以 去 * * * 强奸 变 不 强奸 但 促成 这种 现象 的 是 双方 一个 图财 一个 图色 很 明显 的 两种 恶
104874710,这是 辩论 技巧 不然 还 能 怎么 打 ~ 辩论 不是 说 谁 对 谁错 是 看 谁 的 技巧性 更好
104468518,这才 叫 撕 逼 那些 键盘 侠多 学学
2388376262,对 现在 的 撕 逼 理屈 了 就是 比 谁 能 骂 了
2589493926,主要 现在 浮躁 的 社会 没人能 在 网上 和 你 这样 好好 带火 基本 你 指出 别人 什么 错误 就 会 被 喷 明明 是 键盘 侠 的 人 喷 你 是 键盘 侠
2658342713,别 吧 撕 逼 本身 不是 后期 衍生 出 的 一个 贬义词 吗 不适 用于 他们 吧 如果 不是 也 不要 喷 我
113570348736,我 一直 觉得 从来不 承认 自己 错误 还 觉得 自己 很 牛 逼 的 人 是 最最 搞笑 的
118160899824,回复 : 很难 不 赞同
103621397,正方 辩论 结束 一个 弹幕 说 正方 说 了 一堆 没用 的 反方 辩论 结束 一个 弹幕 又 说 正方 说 了 一堆 没用 的 这么 牛 的 键盘 侠 怎么 不 上天 ?
102814790,关于 那个 毒贩 贩毒 的 例子 真的 想 说 很多 毒贩 一 开始 贩毒 都 是 以毒 养毒
102427837,最佳 辩手 余磊 现在 是 天风 证券 董事长
100442938,这 还是 老师 给 我们 看 的
99966006,钱 只是 一种 价值 媒介 没有 好坏 之分 坏 的 是 人 的 无尽 贪婪 就 像 菜刀 一样 你 可以 用 在 烹调 也 可以 去 砍 人 难道 错 的 是 刀 本身 要是 这样 很多 东西 都 是 万恶之源 了
99409567,记得 当时 上课 老师 放 这个 视频 的 时候 室友 问 我 你 觉得 哪方会 取胜 我 毫不犹豫 说 当然 是 正方 啦 然后 结局 就 打 脸 了 果然 是 我 太弱 了 所以 看不到 反方 为什么 会 取胜 啊 虽然 反方 四辩 是 不错 但是 正方 在 这个 本身 不 公平 的 辩题 上 能 发挥 成 这样 不是 很 厉害 了 吗 ( )
97888458,你 能 说 蓝蓝 路 他 是 为了 钱 吗 ( ; _ )
97875867,感觉 这个 题目 正方 没 胜算 啊
97875380,反方 坚持 错 的 是 为 钱 犯罪 的 人 相对来说 正方 其实 是 劣势 只能 举 历史 上 和 社会 上 为 钱 犯罪 的 实例
97488203,正方 诡辩 太 多 可惜 了 这个 观点 要 晚深 了 讲 不过 观点 不好 讲 是 真的 弹幕 一群 * * * 也 是 醉 了 根本 不 懂 辩论
97644141,毕竟 诡辩 怕 是 自己 都 难以 说服 能 反驳 就 很 好 了 真心 不 喜欢 这个 题目 正方 赢 了 也 是 输
97124100,找 撕 逼 看 辩论 弹幕 撕 逼 更 简单 鱼饵 加醋 不 加盐
96416651,后天 去 辩论 加油 加油
96048897,现在 的 年轻人 一言不合 就 开车 ( _ )
96012105,余磊 之后 退出 辩论 了 所以 没有 正反方 四辩 有名 不过 当之无愧 的 最佳 辩手
95690071,反方 二辩 反驳 其实 是 很 没有 道理 的 吧 可惜 正方 三辩 没有 把 这个 优势 追问 下去 被 带 节奏 了
94361218,我来 了 ( < _ < )
94170701,皮条客 战胜 毒贩 ( )
92907381,这个 视频 告诉 我们 能 动手 尽量 别动 嘴
91600891,看 弹幕 看到 了 很多 辩论 盲 微笑 对 辩论 规则 常识 一无所知 就别 随意 出来 发表 所谓 一家之言 好 吗 _ 拉低 弹幕 质量 人家 在 争论 辩论 的 点 你 还 连 30 秒 提示音 都 不 知道 ( )
4387357909,看 弹幕 的 全是 农村 人
91525504,所谓 的 辩论赛 就是 赛方 给 你 一个 连 他 自己 都 不 懂 的 议题 然后 硬要 把 这个 议题 的 两面 硬生生 割裂 开来 让 正反 双方 互 掐
91190887,有点 地方 看 得 有点 乱 我 觉得 我 需要 拿笔 理一理
90419493,明天 要 参加 学校 辩论赛 的 我 慌 得 找 视频 看 了 视频 更 慌 了
90210220,说得好 我 初中语文 老师 就 放 了 这个 真 怀念
89928105,反方 四辩 简直 是 逆天 了 直接 逆转 局势 的 三分钟
89461701,好 * * * ! ! ! ! ! ! ! !
88872239,这个 辩题 不够 好 根本 就 不是 中立 的 啊
88353974,周玄毅 学长 发挥 得 很 出色
87509815,说白了 这个 社会 钱 就是 一切 但 如果 正方 赢 了 就 好像 是 在 倡导 这个 概念 一样 明显 正方 的 辩题 不利于 反方
86902569,厉害 啊 ( = = )
85732824,偷换概念 不让 人 举出 反例 就是 高手 但 反方 偷换 的 也 太 明显 了 吧 一下子 就 被 举出 了 反例
85718119,说 这 是 一场 失败 的 辩论 那位 实在 让 人 无语 难道 成功 的 辩论赛 就 一定 能 深入研究 并 对 辩题 做出 绝对 的 界定 吗 一切 的 模糊性 问题 都 能 从 辩论赛 中 得出 绝对 界定 辩证法 这种 东西 就 不 应该 存在 了 于磊 真的 辩得 很 好 啊 论据 和 气场 都 在 语言 组织 能力 超强
87455042,跟 绝对 没关系 这个 辩论 没有 深入
84972320,男人 jj 小 老婆 出轨 你 告诉 我 是 钱 造成 的
86259164,沒錢 能 出軌 ? 對方 不僅 貪 你 美色 最 重要 是 貪 你 的 錢財
88563276,回复 : 强行 扯 到 钱 上
97006844,说 了 很多遍 了 万 不 等于 所有
114933673,回复
115156401,回复
84738473,不要 说 什么 辩题 占优 了 辩论赛 比 的 是 过程 打分 也 是 比 过程
83541838,男神张 全蛋 呢 说道 一本正经 的 胡说八道 张全 蛋 才 是 鼻祖
83507742,我 不 懂 辩论 但是 能别 拿 口音 说事 吗 我 是 广东 人 口音 和 马来亚 大学 的 几位 比较 像 看 弹幕 好多 人 在 攻击 口音 我 真心 不爽
83843591,没错 不爽
83210281,封面 是 胡渐 彪 好帅 ? ? ? ?
82764047,( )
82647139,话 说 为什么 就 这个 视频 的 播放 和 弹幕 这么 多 别的 大专 辩论赛 播放 那么 少
82633856,双方 打得 都 很 好 我 觉得 很 明显 正方 的 辩题 是 劣势 的 他们 的 救命稻草 和 立论 之 基础 就是 万 不 等同于 一切 全部 但是 如果 在 全场 辩论 一直 拽 着 这个 不放 打过 辩论 的 都 知道 如果 你 始终 抓 着 一点 不放 是 必败 的 所以 正方 选择 用 文采 与 气势 来 压制 对方 而 反方 在 逻辑 上 论述 这个 辩题 是 有 优势 的 他们 也 就 选择 主打 逻辑
82623939,卧槽 有没有 像 我 这样 啥 也 不 懂 的 墙头草 最后 头晕 的 我 最后 都 不 知道 往 哪里 倒 了
82244530,旁观者 来看 这场 辩论 其实 就 2 点 1 个 是 正反方 关于 万 这 一 字面 产生 是 是否 全部 展开 辩论 对于 反方 来说 可以 轻易 不 同意 正方 认为 万 不是 全部 的 说法 而 对于 正方 来说 这 却是 命门 和 基石 没有 这个 基石 很多 诸如 大部分 正方 无法 辩论 下去 2 就是 正方 强调 人 的 目的 追求 钱 而 钱 代表 了 万 = 大部分 的 目的 钱 没 出现 之前 恶 更 少 钱 出来 之后 恶 的 种类 更加 多 承认 了 恶 并 不 代表 泯灭 良知 其实 正方 3 辩 的 有 几句话 更 适合 反方 来说 反方 语言 组织 能力 还是 有点 差 正方 3 辩 得奖 毫无 悬念 反方 强调 人 的 内心 钱 只是 被动 的 弱化 人 为什么 追求 钱以 钱 的 很多 正面 来 佐证 钱 不是 反方 还是 有 先天 优势 的 无论如何 这场 辩论 是 很 精彩 的 你 既 认可 反方 的 观点 也 会 为 正方 说 的 默默 点头 这才 是 辩论 的 有趣 的 地方
82231750,这 都 能 有 * * * 陪 我 一起 看
82023535,看 辩论 学 撕 逼 黑 * * * ( = = )
82023547,屏蔽 了 台毒
81509193,15 年前 的 撕 逼 ( )
81315160,语文课 老师 给 我们 看过 www 所有人 都 一脸 懵 逼 hhhhhhh
78307578,辩论 很 精彩
76518131,我 发现 弹幕 里 很多 人 不 懂 这 是 辩论赛 还 在 弹幕 里 撕 钱 是不是 万物 之源 b 站 小学生 果然 越来越 多
80181884,看 辩论赛 不 跟着 一起 撕 . 你 一定 从来 没 看过 哪些 有 影响力 的 电影 . ( &# 34 ; ) /
80233438,回复 : 怎么 说 关键 很多 人 撕 的 方式 根本 不是 辩论 啊
1830109228,回复 : 辩论赛 不是 看 双方 立场 啊 立场 这个 东西 本身 就 固定 了 重要 的 是 思辨 能力 和 逻辑 啊
76388936,( _ ) 你们 是 第一次 看 辩论赛 吗 能 事先 了解 一下 吗
75526048,不得不 说 大赛 组委会 设置 的 这个 辩题 真的 很 有 讲究 我 第一眼 看到 时 直接 就 觉得 反方 赢 了 但 仔细 一想 反方 是 在 逻辑 上 占 得 了 先机 但 正方 的 题目 实在 是 太 适合 诡辩 了 因为 钱 的确 参与 了 全部 的 恶 虽然 可能 不是 必然 因素 但 也 是 因素 之一 怎么 扯 也 能 扯 到 钱 上 正方 就是 利用 了 这点 看 评论 有人 说 一直 在 打 文字游戏 咬文嚼字 这 其实 就是 正方 的 套路 如果 正方 真的 就 讲 逻辑 的话 是 必败 的 因为 说到底 金钱 是 中性 的 它 只是 一个 计量单位 是 不 具备 善于 与 恶 的 总而言之 正方 的 关键 是 诡辩 辩论 技巧 而 反方 则 需要 扎实 的 逻辑推理
75657472,回复
75523705,这是 一场 失败 的 辩论 因为 根本 没有 深入 大家 纠结 着 万 与 不 万 这 根本 不 重要 或者说 根本 不 应该 用 全场 的 精神 去 纠结 一个 初期 的 逻辑 而且 结果 连 这个 都 没有 争取 认同 达成 共识 1 恶是 一个 集合 并 不会 因为 少 而 消失 也 不会 因为 多 而 变质 语文 常能 见到 最 xx 之一 这个 万 的 破点 就 在于 源 之一 钱 不会 产生 全部 的 恶 只要 证明 它 是 产恶 之一 就 可以 了 2 事实上 正方 的 难点 就 在于 如何 把 钱 这个 物质 统一 到 人 这个 意识 上 就是说 其实 这个 命题 难 在 如何 证明 钱会 产生 恶 就 好比 杀人 了 匕首 啊 毒药 啊 到底 有没有 罪 3 说到底 正方 的 问题 出 在 依然 是 文史 思路 注重 咬文嚼字 堆砌 词藻 气势磅礴 却 固步自封 弄巧成拙 失 了 机变 这是 一个 哲学 问题 我 跑 个题 你 看学 播音 的 当 记者 的 跑 新闻 的 进 了 门 就 说明 语音 等等 专业 上 是 没 问题 的 怎么 分 高下 一听 内容 就 明白 了 反方 甚至 都 准备 了 一旦 双方 进入 钱辩 环节 的 否同 孤物 之类 的 辩词 结果 正方 压根 就 没 碰线 所以 乃们 看 结词 觉得 信息量 又 大 又 过瘾 一个 有备而来 一个 始料未及 在 哪儿 看过 说 物理 尽头 是 数学 数学 尽头 是 哲学 理科 思路 的确 占 了 点儿 思辨 优势 特别 是 对方 逻辑 习惯 还 没 开始 哲学 启发 的 时候 3 钱 和 匕首 等等 是 很 能 争议 的 一个 论题 我 站 能 产生 恶 因为 人 是 目的
88872893,我 想 因为 一 深入 正方 的 立场 根本 就 站不住脚 辩题 本身 就 不是 中性 的 往 深 了 挖 钱 确实 不是 万恶之源 所以 正方 并 没有 往深 了 挖 而是 死 掐 你 说 的 1 即 钱 只是 万恶 之一 然后 重点 阐述 钱 如何 引发出 恶 很多 评论 说 正方 是 文史 思路 反方 走 逻辑 因为 正方 根本 不敢 深挖 一旦 挖下去 他们 必输 这 又 不是 在 讨论 哲学 问题 所以 正方 的 态度 很 明确 : 我 知道 我们 的 辩题 站不住 没事 我们 诡辩 我们 用 大量 实事 堆积 证明 钱 与 恶 有关 而 不 去 深挖 是 先 有 恶 还是 先 有钱 我 就 不谈 逻辑 你 咬 我 啊 _
73620426,2001 年 这 辩题 一点 不老好 吧 说 老 的 你 别 走
73619792,4 不 4 傻 还 为了 金钱 打 比赛 你 懂 辩论 吗 ? 智商 感人
73614623,钱 是 衡量 资源 的 工具 不是 资源 但 代表 的 是 资源 战争 掠夺 的 是 资源 并 不是 钱 所以 正方 一 开始 就 输 了 .......... 因为 你 不能 说 资源 是 万恶之源 ..........
73614791,看 了 好多 都 是 咬文嚼字 的 ..... 没 从根本上 理解 钱 ........
73615273,有人 来辩 一下 么 ....
74938184,回复 辩论 贴 吧 哪里 可是 有 超多 闲人 的
74938342,回复
75523875,偷换 了 概念
75532742,回复 : 我 说 的 难道 不是 客观 意义 上 的 钱 么 而 并 没有 任何 的 主观 意识 加 在 上面 客观 难道 不是 正确 的 么 .... 而且 那里 偷换 了 概念 啊 还有 就算 偷换 了 概念 辩论 不 就是 这样 吗 白马非马 你 偷换 个 试试 .......
75532893,看 你 说 了 一大堆 但是 我 把 本质 点 出来 就 没 的 争论 了 ..... 毕竟 是 事实 你们 那些 比喻 什么 简直 是 误导 人 的 想法 ....
75659300,回复
75670655,回复
75713263,回复 : 我 的 意思 是 你 没 把 钱 的 本质 点 出来 都 说 钱 但是 如果 不是 国家 强权 赋予 它 价值 的话 你 拿 他 擦屁股 都 会 觉得 不 舒服 现在 的 钱 从 布雷顿 森林 体系 1973 年 宣告 结束 后 就 和 黄金 什么 的 没关系 了 也就是说 只要 有 足够 的 武力 你 就 可以 像 美国 一样 无限 增发 货币 欠下 世界 一半 的 国债 而且 不 还 当然 后面 这 条 还有 很多 原因 金融体系 什么 的 但是 总之 要 有 武力 这 是 最 基本 的 美国 军费 是 全球 的 一半 你 以为 这么 多 军费 都 拿来 研究 了 这是 维护 美元 必要 的 成本 不然 你 以为 美元 会成 大多数 国家 的 第一 储备 货币 我 想 说 钱 就是 一张 纸 你 是 说 一张 纸 是 万恶之源 还是 说 国家 赋予 它 的 价值 是 万恶之源 如果 是 国家 赋予 它 的 价值 是 万恶之源 的话 那么 国家 不才 是 万恶之源 吗 还有 就算 没有 钱 以物 易物 不用 钱 交易 那么 那些 所谓 因为 钱 或者 多数 有钱 掺和 的 犯罪 就 不会 发生 吗 在 此 我 并 不用 什么 东西 作 比喻 讲 的 都 是 实实在在 的 东西 我 觉得 作 比喻 这种 东西 无意识 的 可以 看做 不 理解 因为 不 理解 所以 想 用 自己 或者 别人 理解 的 东西 来 解释 有意识 的 就是 带 偏人 的 思考 方式 从而 达到 诡辩 或者 偷换概念 的 目的
75713265,回复 : 我 的 意思 是 你 没 把 钱 的 本质 点 出来 都 说 钱 但是 如果 不是 国家 强权 赋予 它 价值 的话 你 拿 他 擦屁股 都 会 觉得 不 舒服 现在 的 钱 从 布雷顿 森林 体系 1973 年 宣告 结束 后 就 和 黄金 什么 的 没关系 了 也就是说 只要 有 足够 的 武力 你 就 可以 像 美国 一样 无限 增发 货币 欠下 世界 一半 的 国债 而且 不 还 当然 后面 这 条 还有 很多 原因 金融体系 什么 的 但是 总之 要 有 武力 这 是 最 基本 的 美国 军费 是 全球 的 一半 你 以为 这么 多 军费 都 拿来 研究 了 这是 维护 美元 必要 的 成本 不然 你 以为 美元 会成 大多数 国家 的 第一 储备 货币 我 想 说 钱 就是 一张 纸 你 是 说 一张 纸 是 万恶之源 还是 说 国家 赋予 它 的 价值 是 万恶之源 如果 是 国家 赋予 它 的 价值 是 万恶之源 的话 那么 国家 不才 是 万恶之源 吗 还有 就算 没有 钱 以物 易物 不用 钱 交易 那么 那些 所谓 因为 钱 或者 多数 有钱 掺和 的 犯罪 就 不会 发生 吗 在 此 我 并 不用 什么 东西 作 比喻 讲 的 都 是 实实在在 的 东西 我 觉得 作 比喻 这种 东西 无意识 的 可以 看做 不 理解 因为 不 理解 所以 想 用 自己 或者 别人 理解 的 东西 来 解释 有意识 的 就是 带 偏人 的 思考 方式 从而 达到 诡辩 或者 偷换概念 的 目的
75713266,回复 : 我 的 意思 是 你 没 把 钱 的 本质 点 出来 都 说 钱 但是 如果 不是 国家 强权 赋予 它 价值 的话 你 拿 他 擦屁股 都 会 觉得 不 舒服 现在 的 钱 从 布雷顿 森林 体系 1973 年 宣告 结束 后 就 和 黄金 什么 的 没关系 了 也就是说 只要 有 足够 的 武力 你 就 可以 像 美国 一样 无限 增发 货币 欠下 世界 一半 的 国债 而且 不 还 当然 后面 这 条 还有 很多 原因 金融体系 什么 的 但是 总之 要 有 武力 这 是 最 基本 的 美国 军费 是 全球 的 一半 你 以为 这么 多 军费 都 拿来 研究 了 这是 维护 美元 必要 的 成本 不然 你 以为 美元 会成 大多数 国家 的 第一 储备 货币 我 想 说 钱 就是 一张 纸 你 是 说 一张 纸 是 万恶之源 还是 说 国家 赋予 它 的 价值 是 万恶之源 如果 是 国家 赋予 它 的 价值 是 万恶之源 的话 那么 国家 不才 是 万恶之源 吗 还有 就算 没有 钱 以物 易物 不用 钱 交易 那么 那些 所谓 因为 钱 或者 多数 有钱 掺和 的 犯罪 就 不会 发生 吗 在 此 我 并 不用 什么 东西 作 比喻 讲 的 都 是 实实在在 的 东西 我 觉得 作 比喻 这种 东西 无意识 的 可以 看做 不 理解 因为 不 理解 所以 想 用 自己 或者 别人 理解 的 东西 来 解释 有意识 的 就是 带 偏人 的 思考 方式 从而 达到 诡辩 或者 偷换概念 的 目的
75713777,心外 无物 其实 这种 思想 我 不是 很 了解 我 不是 哲学家 百度 了 一下 觉得 和 唯心论 差不多 我 是 唯物主义者 喜欢 拿 数据 和 历史 说话 因为 这样 不 一定 对 但是 一定 客观 但是 一方面 我 又 是 唯心主义者 因为 除去 物质 以后 也 就是 死 了 以后 我 觉得 不是 我 死 了 而是 宇宙 崩溃 了 ... 也就是说 活着 我 就是 唯物主义 死 了 我 就是 唯心主义 ..... 看着 挺 纠结 其实 符合 阴阳 可以 共存
75940259,回复
75940796,回复
75940972,回复
75941501,回复
75942579,回复 两个 都 不 一样 这 还 推理 推 什么 摔 抢 东西 的 跟 东西 人 有关 抢钱 的 跟 钱 跟 人 有关 就算 你 把 它们 混 到 一块 都 叫 抢劫 你 看 啊 抢钱 可能 会 产生 抢劫 但 并 不是 抢劫 都 是 要 去 抢钱 钱 和 抢劫 充分 不必要 关系 这 很 正常 你 一定 把 钱 产生 恶 偷换概念 成钱 和 恶 是 充必 关系 是 不 对 的
75942608,上面 那条 是 评论 抽 了
75942738,都 是 逻辑学 没 学好 的 噢 我 忘 了 不学 哲学 的 是 不学 逻辑学 来 着
75943219,回复
75943398,回复
75943556,回复 醒醒
75943819,回复
75950866,回复 : 为什么 不能 对 等 你 拿 1 块 就 能 买 1 块 的 资源 拿 100 就 能 买 100 的 资源 不能 对 等
75950973,心外 无物 还有 俩 是 心外 无事 和 心外 无理 只 看 片面 也 是 逗 不是 唯心论 很 像
75951248,但是 我 不 承认 你 的 论证 方式 啊 为什么 要 打 比喻 而 不 直接 说出 本质 呢 虽然 我 理解 辩论 就是 这样 但是 我 不能 接受 这样 的 辩论 我 上边 说 的 没 代表 我 接受 了 白马非马 啊 只是 要 你 接受 我 的 而已 如果 你 承认 我 这种 辩论 方式 那 就 拿 我 的 方式 来 和 我 辩 啊 你 都 说 别 抨击 说理 方式 那 你 不是 在 抨击 我 的 说理 方式 吗 算了 这样 说 下去 就 没完 了 否定 对方 的 说理 方式 也 是 辩论 的 一环 吧 从 最底层 翘动 对手 的 理论 而且 你 也 没 反驳 我 说 的 是 错 的 我 看不出 所以 说 从 辩论 钱 变成 辩论 我 说 的 到底 对 不 对 .... 跑题 了 )
75952052,你 看不懂 的 那 一大堆 我 简单 总结 一下 就是说 钱 只是 方便 交易 创造 出来 的 而 交易 的 是 资源 有没有 都 无所谓 当然 你 愿意 背着 石油 钢铁 食物 之类 的 去 交易 的话 也 会 有人 接受 吧 那 怎么 可以 说 是 万恶之源 呢 还有 辩论 不是 要 对方 接受 是 要 评委 接受 吧 .... 双方 辩论 总会 有 一定 的 妥协 ...... 没有 人会 完全 对 的 .... 连 1 + 1 = 2 我 都 保留 否定 的 异议 因为 我们 自己 都 是 随机 随 出来 的 怎么 可以 用 死板 的 数字 解释 一切 嘛 其实 不用 这么 极端 .... 但是 违背 常理 东西 出现 时 不会 太过 激动 记得 有人 说 过 一句 话 不是 伟人 .... 对 大自然 的 神秘 保持 一种 敬畏 ... 所以 说 又 跑题 了 其实 个人感觉 这 是 无 意义 的 辩论
75952637,好 了 回复 下 你 下面 的 比喻 吧 其实 是 咬文嚼字 先 审题 没有 之一 也就是说 题目 没 设定 其他 的 水龙头 设定 就 超出 题目 外 了 辩论 的 是 钱 而且 答案 只有 两个 是 或者 不是 没有 多 或 少 你 就 回复 说 是 还 是不是 不 就 好 了 嘛 是 吧 这样 和 死读书 是 一样 的 是 吧 以下 无关 其实 正方 和 反方 争论 的 地方 一个 基于 理论 一个 基于 现实 但是 现实 是 客观 的 是 吧 理论 基于 人 的 想法 一种 想法 可以 有 很多 解释 现实 就 一种 解释 没法 反驳 对于 没法 反驳 的 东西 你 想 拿 他 做 什么 文章 ..... 还 怎么 辩论 上面 说 了 双方 辩论 总会 有 一定 的 妥协
75953734,其实 你 看 你 最 开始 的 回复 偷换概念 你 自己 都 否定 你 最 开始 说 的话 了 是 吧 所以 说 争论 的 源头 是 你 说 的 四个 字 但是 你 都 说 了 只是 论证 方式 不同 所以 说 你 看 问题 只 看 微观 找出 别人 的 不 对 然而 却 忘 了 自己 一 开始 的 立场 立场 都 没 了 你 怎么 和 别人 争论 并 不是 多不多 读书 的 问题 每个 人 经历 不同 看 问题 方式 高度 不 一样 个人 认为 每个 人 只是 对于 一件 事 理解 度 都 不同 你 前面 嘲讽 我 读书 少 完全 没 意义 只是 装 B 而已 如果 是 我 嘲讽 的话 会 附上 AV 号 书籍 名 是 真心 希望 别人 有 改变 而 你 只是 想 突出 自己 的 优越 存在 而已 * * * 以下 无关 所以 我力 挺 反方 的 原因 在于 他们 基于 现实 他强 由 他 强 清风 拂 山冈 虽然 小说 不靠 谱 但是 有些 话 还是 可以 借用 的 现实 终究 是 一块 石头 想法 不是 凿子 打 不 穿 的 ...... 前面 基于 辩论 个人 讲 想法 其实 就 真的 是 凿子 只不过 看 后面 的 锤子 大小 和 凿 的 时间 ....
76045891,回复
76046693,回复
76047269,回复
76048963,回复
76049003,你 看 我 之前 回 你 的 我 说 你 和 其他 回复 一样 站 钱 是 无意识 的 中介 与 恶 没有 关系 你 既然 看到 这话 就 该 明白 你 的 意思 我 是 懂 的
76049958,我 不 去 一 开始 说 本质 因为 我 不 清楚 我 还 不能 严谨 合理 的 说服 自己 给 自己 一个 清晰 满意 的 论证 过程 所以 我 说 难 在 论证 钱生 恶 我 反驳 的 也 不是 你 或者说 自始自终 都 是 自我 澄清 和 怀疑 所以 叫 你 看书 一是 白马非马 和 心外 无物 显示 你 没有 基本 的 哲学 思辨 习惯 的确 需要 看二是 我 没有 找到 答案 直觉 告诉 我书里 应该 是 有 答案 的 或者说 前人 应该 有过 足够 的 论证 我 也 需要 看书 你 别恼 不是 装 13 我 真不知道 番号 是 多少 但 想要 就 得 找 因为 现实 逻辑 给 我 的 习惯 是
76050295,上条 评论 最后 一句 是 粘贴 错 了 QAQ
76050450,我 把 钱源 恶先 放放取 一个 可以 通理 的 匕首 杀人 匕首 与 恶 到底 有没有 关系
76050949,我 觉得 匕首 有罪 但是 人 不能 也 不会 去 惩罚 它 不能 因为 人 不 可能 消灭 世界 上 所有 的 匕首 和 类似 凶器 不会 因为 匕首 不仅 可以 杀人 还有 其他 有益 人 的 作用 而且 它 没有 自主 意识 所以 出 了 事会 去 定 人 的 恶定 人 的 罪 却 不会 定 匕首 的 罪 这 使 我们 有 了 有 恶 有罪 要 惩罚 到 没有 惩罚 所以 没罪 的 逻辑 错误 以为 没有 惩罚 匕首 而 匕首 无罪 的 错觉 我 觉得 这块 儿 是 法学 领域 的 我 不 懂 啊
76051624,但是 不可否认 的 是 杀人 的确 用 了 匕首 没有 它 就 杀 不了 当然 其他 死法 就 不是 匕首 杀人 了 它 是 必然 生恶 的 必用 之物 而且 因 其 锋利 即使 作用 是 多 向 的 但 必然 会 有 伤人 的 一向 可能性 即 必然 生恶 匕首 激发 人恶 原本 人 不想 杀人 条件 不足 但 有 了 匕首 使 条件 充足 人 自然 生恶称 之 激发 生成 动机 和 欲望 相似 引发 恶 的 产生 是 恶 的 本质 之一 匕首 无意识 但 匕首 由人 创造 由人 控制 所行 所 做 都 是 人 的 表达 康德 判断力 批判 说 人 是 目的 你 不要 字面 理解 此时 他 就是 人恶 的 化身 杀人 的 那 一瞬间 他 就是 魔鬼
76051699,匕首 替换成 钱
76052021,最后 面对 匕首 包括 人心 生恶 的 人 虽然 它 是 恶源 但 要 理性 对待 毕竟 它们 不是 只生 恶 遏制 动机 不成 事实 这时候 伦理道德 的 引导 就 很 重要 同样 刀 不 去 杀人 去 切菜 啊 钱 不 去 谋财害命 不去 拜金 去 发展 经济 提高 人民 生活 水平 啊
76059067,回复 : 这样 我 在 直接 一点 连恶 这个 标准 都 是 人定 的 你 说 死物 是 万恶之源 这么 说 没有 人 就 没有 万恶之源 这样 懂 了 不 所以 没 了 人 以后 钱 还是 万恶之源 告诉 我 ......
76131310,回复
76131636,回复
76311120,回复
76311713,回复 : 你 看 了 我 和 他 争论 了 这么 多 还 不 懂 么 我 懂 他 讲 的 他 也 懂 我 讲 的 你 认真 看看 我们 到底 在 讲 什么 吧 ..... 你 这种 问题 我 在 一 开始 就 讲 了 钱 是 代表 资源 不是 等于 我 后来 说 的 等 于是 相对 于 他 上 个 问题 讲 的 并 不 具有 普遍性 ....
72319296,正方 是 可以 胜 的 我 打个比方 就 很 好 理解 了 有 一个 大 池子 池子 里 有 很多 水龙头 不同 水龙头 流出 不同 颜色 的 水 结果 混在 一起 池水 又 黑 又 脏 假如 池子 里 是 万恶 钱 是 其中 一个 水龙头 这样一来 钱 的确 万恶之源 了 没有 错 啊
73497081,可是 你 必须 证明 黑色 的 水 是 来自 钱 白色 的 水 和 黑色 的 水 混 在 一起 也 是 黑色 而 白色 水龙头 也 是 其中 一个 水龙头 你 要 告诉 我 白色 水龙头 是 黑色 水之源
75518562,回复
75518856,回复
75520047,回复
72318103,虽然 大家 都 知道 恶因 人生 钱 也 只是 贪恶 的 一种 代表 但是 万 的确 只是 形容 恶 表示 很多 恶 事实上 源头 也 不止 一个 其中 一个 是 钱 是 没有 错 的
71593718,挖 一 铲子 反方 一 开始 就 抓 到 点 上 了 最后 总结 很 精彩 正方 语文 很 好 233 = = ( )
70732603,头脑 风暴 d ( )
70727808,1000L
48290261,色情 = 日本
48234418,说到底 辩论 的 矛盾 点 如果 是 在 万恶之源 上 那么 就是 反方 的 胜利 如果 是 在 钱 上 那 就是 正方 的 胜利 这 也 是 为什么 正方 无论 反应 多快 知识 量 多 大 辞藻 多 华丽 都 赢 不了 的 原因 归根结底 逻辑 硬伤
47861602,好 吓人 不 认真 看脑 洞 都 要 被 撑破
47730173,抱歉 七宗罪 里面 我 没 找到 钱 所以 正方 输 的 不过 分
47707207,人才 是 万恶之源
47694491,好多 人 不 懂 辩论 看 题目 谁 都 知道 钱 不是 万恶之源 贪婪 才 是 但是 辩论 是 看 双方 的 辩论 技巧 与 逻辑 所以 不要 加 自己 的 主观 意识 * * * 不过 这场 辩论 题目 正方 确实 吃亏 如果 辩论 题目 换成 人性本善 还是 人性本恶 或者 该不该 取消 香烟 的 贩卖 我 觉得 这种 题目 就 相对 公平
47948942,人性本善 / 恶请 看 1993 年 的 国辩 决赛
47445096,卧槽 脑子 不够 用 经常 要 暂停 思考 一下 ( ) ! ?
47236291,工科 生 的 胜利
47225956,自由 才 是 万恶之源 ( )
46552400,看 了 一点点 没 看 下去 其实 辩论 胜出 一方 也 并 不是 说 他 说 的 就是 对 的 有 很多 技巧 和 文字游戏 以前 也 一直 觉得 能辩 得 过 对方 就是 真理 后来 想想 还是 蛮 幼稚 的
46550236,评论 区 大神 吓 尿 我 了
45962709,正方 很 关键 的 东西 万恶之源 不是 恶是 诱发 罪恶 之源 瞬间 统一 了 反方 观点 我 觉得 这个 最 屌
128766690080,没有 啊 不是 没 解释 出来 黄暴 的 那个 点 吗
45672829,还是 这个 好看 啊 爽
45422962,明明 公认 的 92 那界 的 狮城 国际 大专 辩论赛 才 是 最 经典 的 好 吧 辩手 出 了 好多 名人 金庸 和 李光耀 是 评委 和 颁奖 嘉宾
45670152,首先 是 93 其次 那场 决赛 只是 吊打 然后 因为 那 是 首届 所以 评委 名人 多 最后 辩手 出 了 好多 名人 并 不能 说明 那场 比赛 的 可看性 要 比 这个 好
47694734,回复 : sbwanyi
47698205,回复 : 你 说 啥
48025723,他 不会 汉话 ...
70097059,回复 : 刚看 了 那 一场 感觉 自由 辩论 那 水平 堪比 贴 吧 骂 战 避实就虚 偷换概念 也 算 辩论 手法 一大堆 人身攻击 实在 有点 看不下去 撒 ...... 比起 介 一场 双方 滴 妙语连珠 差得 真心 很远 捏 ( )
45101642,"我 自己 能 成为 正式 公员 的 我 来 一发 评论 . 顺带 一题 此 内容简介 是 关于 成为 正式 公员 的 选择 好处 只 合适 于 新手 , 请 各位 大神 回避 如题 依 答题 这种 方式 成为 正式 公员 的 朋友 , 这有 三个 好处 第一 能 免费 不用 花 一分钱 , 第二 能 答题 的 同时 增加 知道 , 此法 对于 那些 热爱 于 学习 的 朋友 来说 是 个 好 选择 , 另一方面 还 能 了解 B 站 的 知识 和 程度 , 何乐而不为 了 . 第三点 也 是 三点 中 最为 重要 的 一点 , 请 大家 望 左上角 去 看看 我 的 头像 , 是不是 上面 多 了 三个 字 , 不错 说 到 这 一定 有 很多 人马 上 会 想到 这是 成就 , 嗯 那 就是 成就 . 这 一点 恐怕 大家 都 会 知道 , 只是 你们 ( 新手 ) 都 不 了解 是 如何 得来 的 . 好 了 那 我 就 不 卖关子 了 , 这 成就 是 是 我 在 通过 答题 后 得到 的 , 虽然 只有 7 天 但 也好 过 什么 都 没有 . 结合 以上 内容 而言 答题 成为 正式 公员 是 一个 极好 的 方法 . 再 补充 一点 知识 硬币 是 如何 得 的 ? * * * * * * * * * * * * * * * 1 . 每天 登录 获得 1 个 硬币 2 . 观看 视频 时间 达到 要求 获得 3 . 活动 抽奖 可 获得 硬币 4 . 点击 页面 小 广告 可 获得 0.1 个 硬币 5 . 视频 投稿 优秀作品 可以 获得 大量 硬币"
44335830,今天 还 不是 我 一个 人好 感动 ~ ~ ~
44270566,正方 语言 组织 能力 很 好 逻辑 却 没有 基于 命题 相比之下 反方 的 逻辑 就 很 清晰 了 但 辩题 本身 对 正方 来说 就 有 劣势 而且 最后 正 4 的 阐述 都 没有 说 到 点 上 所以 反方 获胜 也 可以 理解 毕竟 正方 失 先机 你 还 想 怎么样 最后 要说 的 是 是 正 3 和 反 4 的 发言 真的 很 精彩
44269137,日常生活 中 没有 直接 利益冲突 一般 是 不会 和 某人 辩论 的 毕竟 生活 中 所有 的 事情 都 是 看重 结果 的 如果 辩论 带来 不了 良好 的 解决方案 多数 人 更 愿意 选择 妥协 或者 另谋 他法 减少 辩论 就是 减少 内耗 效率 为 王 但 辩论赛 提供 的 就是 这种 难得 的 平台 让 人 可以 更加 清晰 的 去 梳理 自己 的 逻辑 仔细 思考问题 的 对错 辩论 过程 中 思维 对 碰 的 火花 才 是 它 的 精髓 所在
43875054,为 第一次 参加 辩论赛 特地 来看 男人 要 先 成家 还是 先 立业 成家 的 我 本来 觉得 对手 应该 都 很 弱 结果 看 完后 陷入 深深 的 不 自信 中 你们 都 太 厉害 了 在 下 服气
42800402,( ) ( ) 超级 喜欢 武汉大学 二辩
42799364,要 参加 辩论会 了 参考 一下 我们 的 观点 居然 是 养育 父母 物质 比 精神 重要 感觉 输定 了 ( ` )
41822413,我 推荐 每 一位 看见 我 这句 话 的 朋友 有 机会 就 不要 错过 参加 正式 的 辩论会 * * * 辩论 不是 为了 说服 对手 辩论 是 对 自己 的 挑战 * * * 当 你 大脑 飞转 将 对方 的 逻辑 的 漏洞 偷换 的 概念 措辞 和 定义 的 错误 与 己方 的 观点 点 客观 的 事实 名言 警句 以及 准备 好 的 材料 分类 整合 好 并 一一 陈述 从而 得到 满场 赞誉 之后 你 会 感谢 自己 做出 了 参加 辩论 的 决定 的 * * * 而且 不要 担心 辩论 的 胜负 * * * 即使 输 了 但 你 奋斗 了 你 努力 了 你 对 自身 潜力 的 挖掘 所 带来 的 喜悦 将会 远远 超出 胜负 对 你 带来 的 冲击 失败 的 冲击 是 短时 的 而 挖掘潜力 所 带来 的 影响 是 永久 的 * * * * * * * * * * * * * * * * * * * * * * * * * * * * * * * * * * * * 来自 某 辩论赛 败者 组 最佳 辩手 永远 赤红 的 幼月
41823443,( _ ) 好怀念 过去 参加 辩论会 的 时候 现在 网上 的 辩论 不 对 那 是 撕 逼 只要 意见 不合 立马 开始 好 吧 那 就 开始 咯刚 称述 完 观点 对面 就 进入 胡搅蛮缠 模式 一股 你 不能 说 的 我 改变 立场 就是 你 输 的 气势 扑面而来 然后 就 开始 漏洞百出 的 自我 麻醉 你 一 抓 对面 逻辑 问题 开始 问 吧 对面 动不动 就是 呵呵 一 理亏 就 呵呵 真是 一点 意思 都 没有
133649075056,穿越时空 来 了
41639235,好多 人 不 懂 辩论 啊 = = 辩论 就是 各种 偷换概念 引经据典 让 对方 最后 无话可说 啊 当然 想 完全 将 对方 辩 的 同意 是 不 可能 的 因为 有 胡搅蛮缠 的 本事 最后 的 胜负 就是 看 双方 的 表现
39688007,小 恢恢 邀请 您 访问 H5 动漫 资源 论坛
39021168,作为 一个 大学毕业 的 工作 狗 回想 整个 大学 时光 参加 的 最 有 意义 也 是 最 有趣 的 活动 就是 辩论赛 因为 辩论赛 与其说是 口才 的 比拼 不如说是 思维 方式 的 较量 和 知识 存量 的 比拼 几场 比赛 下来 智力 直线 上升 所以 建议 各位 即将 进入 到 大学 的 学弟 学妹 如果 有 机会 一定 要 参加 一场 辩论赛 不管 输赢 用心 体会 都 会 受益 无 无穷 毕竟 辩论赛 教会 你 的 是 看待 事物 的 方式 亦 是 对 中庸之道 的 切身 体验 而 作为 一个 曾经 的 辩手 通过 分析 这场 比赛 给 想要 参加 辩论赛 的 各位 一些 建议 吧 1 辩论赛 真正 的 竞争 不是 在 赛场 而是 在 赛前 能 站 在 敌方 的 角度 猜 出 敌方 的 论点 的 一方 就 能 获得 无穷的 优势 做到 这 一点 的 唯一 方法 就是 做 的 充分 谁 做得好 谁 就 能 拿到 比赛 的 主动权 那本 凭空出现 的 辞海 就 证明 了 这 一点 2 既然 说 了 准备 那 就要 说 如何 准备 首先 你 要 分析 自己 拿到 的 辩题 是否 有 有 优势 辩论赛 就 像 行军 打仗 劣势 就要 出 奇谋 相反 优势 就要 稳扎稳打 不留 破绽 这 就是 为什么 正方 一直 在 不断 进攻 而 反方 一直 防守反击 的 原因 而 这场 反方 做 的 更好 所以 反方 赢 了 很多 弹幕 说 反方 赢 在 辩题 觉得 很 简单 其实 有时候 防守 要 比 进攻 更难 因为 主动性 永远 在 进攻 一方 你 可能 会 问 既然 有 优势 为何 不 主动进攻 一句 话 言多必失 进攻 就 会 留下 破绽 一旦 被 抓住 就 会 变成 乌巢 的 大火 优势 瞬间 就 会 变成 劣势 简称 作 死 所以 不如 用 天赋 优势 获取 胜利 更加 稳定 搞懂 自己 的 战略 后 战术 布置 就 靠 自己 了 3 笔 永远 比 你 的 脑子 好用 不管 是 主动进攻 还是 防守反击 只要 有 进攻 肯定 是 暴雨 梨花 般的 无数 的 论点 会 劈头盖脸 的 打 过来 而 你 要 全部 把 它们 挡回去 这时候 你 要 的 就是 把 他 简要 的 记 在 纸 上 千万别 自信 这场 的 高手 和 评委 们 都 打 笔记 更何况 咱们 呢 4 你 要 说服 的 是 评委 不是 对手 能否 认清 这点 是 区别 高手 和 菜鸟 的 最好 方式 因为 决定 最终 胜负 的 不是 辩手 而是 评委 想要 说服 对手 的 那 叫 撕 逼 一直 努力 说服 评委 的 才 是 辩论 所以 才 会 有 辩手 发言 时 无视 对手 而 面向 观众 的 情况 这 不是 放肆 而是 技巧 5 要 学会 一本正经 的 胡说八道 不管 论点 是 什么样 的 歪理邪说 都 要 大义 凌然 的 说 出来 最起码 评委会 在 气势 上 相信 你 当 对手 觉得 从未见过 如此 厚颜无耻 之人时 那 你 就 赢 了
39021221,以上 几条 都 是 辩论 最 重要 的 要点 要说 战术 和 技巧 恐怕 没个 几万 字 说不完 而 这场 辩论赛 之所以 是 教科书 般的 就是 这 几条 做 的 几近 完美 而 反方 死 咬 的 强奸 这 一点 我 当时 想 了 一个月 才 想 出能 几乎 完美 反驳 的 方法 饱暖思淫欲 可见 高手 过招 就 在 一招 一瞬 之间 最后 祝 所有 即将 进入 大学 的 学弟 学妹 们 有 个 充实 的 大学 生活 不要 整天 蹲 在 宿舍 看 B 站 那样 很 可怜 的 ( )
39992451,说得好 我 马上 也 要 进 大学 了 可以 请教 你 吗
40135375,我 也 准备 加入 辩论 协会
41276844,好棒 ( = = )
427450955,好 厉害
641135952,其实 在 正方 说出 万 不 等于 一切 这个 观点 的 时候 反方 * * 的 例子 就 已经 不攻自破 了 啊 而 反方 显然 也 没 料到 这个 观点 反方 的 对 这个 观点 也 没有 做出 很 好 的 回应
874913918,感觉 你 说 得 很 对 后悔 当初 没 去 参加 辩论赛 本来 有 机会 的
908605634,回复 : 温饱 思 * * 这个 不算 完美 吧 只能 说 牵强 的 和 钱 扯 上边 了 吧
1580758832,很 真实 了
1679455301,回复 : 分析 原因 复盘 比赛 就是 找 借口 了 呵呵 你 说 是 就是 吧 毕竟 你 就 这点 文化 水平 了 杠精
1679471301,回复 : 怎么 说 呢 辩论 就是 这样 没 必要 要求 论点 十全十美 因为 好 的 辩论 题 不 可能 出现 十全十美 的 论点 如果 有 那样 的 论点 那 就 没法 比赛 了 说明 辩题 本身 有 问题 所以 就算 牵强 只要 能 扯 上 关系 就算 防住 了 评委 是 不会 扣分 的 这 就 好比 两人 比武 一方 突施 险招 另一方 学过 的 招式 根本 挡不住 但 还 却是 用 一个 不怎么 好看 的 姿势 化解 了 虽然 姿势 难看 了 点 但 没法 说 哪 一方 输 吧
1679524917,回复 : 这 一点 是 我 漏 说 了 双方 强调 万 是不是 一切 其实 是 辩论赛 的 基础 要点 也 就是 确立 主题 定义 就 和 打 lol 补刀 一样 算是 基本功 举个 例子 : 辩题 信息时代 人文 知识 的 获取 主要 来自 于 书籍 还是 网络 这个 辩题 最先 要 辩 的 不是 书籍 与 网络 而是 信息时代 和 人文 知识 是 什么 先 确立 定义 然后 再 展开 围绕 书籍 与 网络 的 攻防 而 信息时代 与 网络 本身 就要 更为 契合 所以 书籍 方 开场 就 一定 要 去 争 信息时代 的 定义 从而 获得 对 自己 有利 的 立足点 但是 很难 网络 方 肯定 会 做 防守 而 这场 关于 万 的 定义 也 就是 这样 万 在 大多 情况 下 就是 代指 一切 所以 正 方才 会 一直 在 这 一点 上 进攻 但 效果 并 不好 只是 抛出 了 论点 没有 把 对方 绕 进去 所以 没 能 彻底改变 这场 比赛 上万 的 定义 因此 在 后面 应对 强奸 这个 论点 时 就 显得 乏力 了
1679599769,回复 : 那个 我 看 你 上面 说 的 是 完美 然后 我 没 怎么 get 到 点 感觉 不算 完美 所以 就 提 了 一下 并 不是 对 这个 论点 又 什么 意见
1679625275,没事 主要 就是说 说 辩论 技巧 其实 辩论 就是 这样 的 只要 能 扯 上 关系 就算 完美 攻防 了 我 上学 那阵 是 这样 的 现在 不 知道 真正 辩论 起来 没 必要 追求 毫无 破绽 的 论点 因为 怎么 追求 也 做 不到 老是 那样 做 反而 容易 束手束脚 对 自己 不利
1696115906,精彩
1760643474,回复 : 可是 还会 有 一些 连饭 都 吃不饱 的 人会 犯下 强奸案 啊 所以 还是 不能 完 反驳
1787015967,胡说八道
1945590252,回复 : 你 的 论据 是 你 头像 上 的 粘皇 吗
1948149520,回复 : 大学 四年 打 了 三年 辩论 两年 的 系辩 队长 两年 校辩 队员 这个 层主说 的 就是 胡说八道
1949586522,回复 : 你 是 有 多 闲 懒得 理 你 你 还 隔 了 这么 多天 又 来 杠 一次 贱 不 贱 哪 真是 让 我 见识 到 什么 是 杠精 了 这次 重视 下 你 拉 黑 安排 上
1953398705,回复 : 即将 参加 辩论赛 的 我 您 能 指导 指导 我 不
1954149302,回复 : 既然 你 这么 优秀 就 拿出 论据 反驳 啊 辩论 队长 只会 空口 白话
1967146206,回复 : 你好 厉害 哦
1971383731,回复 : 饭 都 吃不饱 有劲 剧烈运动
1972283626,回复 : 你 要 知道 这个 世界 上 有 一些 身体 瘦 的 和 竹竿 一样 一推 就 倒 但是 仍然 继续 熬夜 上网 的 学生 他们 吃不饱 饭 因为 偷偷 把 钱 拿 去 上网 却 依然 首先 想着 去 满足 自己 的 欲望
1972542395,回复 : emmmm 精神 贫瘠 和 现实 骨干 还是 有 差距 吧
1974891707,回复 : 你 自己 体会 下 我 的 意思 说 的 很 明白 了
2019310753,反方 太笨 老 纠结 一个 万字 其实 源才 是 突破点 钱 源于 欲望 产生 人才 是 万恶之源 证明 这 一点 咬 死 这个 源字 正方 不攻自破 反方 利于 不败之地
2020785874,厉害
2024927635,回复 : 如果 真有 你 说 的 不攻自破 那 这个 论题 就 没有 意义 了 这里 正方 围绕 万字 做 论述 完全 没 问题 只 需要 证明 钱 催生 了 部分 恶而 反方 不仅 可以 反驳 万字 同样 还 可以 围绕 源字 展开 他们 对万字 的 理解 不同 注定 谁 也 不 可能 说服 谁 也 没 必要
2064226470,回复 : 何以见得
2066218302,明天 就要 搞 辩论 了 谢谢您 了
2077870133,回复 : 欲望 产生 源于 钱人 源于 单细胞 单细胞 是 万恶之源
2128849881,要 正装 莫得 钱
2275628565,对 就是 对 我 也 是 个 辩手 知道 对于 积累 要 多 重要 也 要 提前 不停 假设 对方 的 反问 都 不太好 防御 谢谢 题主
2348481659,回复 : 大学 四年 打 了 三年 辩论 两年 的 系辩 队长 两年 校辩 队员 的 你 就 只会来 一句 胡说八道 这 也 太 低级 了 吧 能否 说出 一些 强有力 的 观点 让 我 涨涨 见识 否则 我 只能 认为 你 是 在 骗人 了
2413664642,学到了 学到了 ( ) 可是 最后 一条 哈哈哈哈 哈哈哈
2499730035,回复 : 点赞 一些 让 他 尴尬 的 评论
2536392088,请问 有没有 学 辩论 的 教程 推荐
2710216870,想 说服 对手 的 也 不 叫 撕 逼 好 吧 别说 那么 难听
2866833314,回复 : ( )
2998267376,说 得 非常 棒
3120563785,回复 : 好棒 精华 辩语 啊
3120591967,回复 : 好棒
3502391613,谢谢 你 对 辩论 突然 有 了 兴趣 也 有 很多 疑惑 谢谢 你 让 我 疑惑 少 了 很多
3642901626,高中 参加 过 校级 辩论 但是 大一 准备 转系 所以 打算 大二 再 社团 来 着 | )
3659874228,是 的 刚刚 大一 本来 抱 着 玩 的 心态 去 参加 辩论 比赛 然后 赛前 准备 就 好像 快要 变成 思想家 了 一样 结果 躺 赢 了 现在 在 恶补 辩论 感觉 他 不仅仅 让 我 思考 还 逼迫 我 不断 的 去 储备 更 多 的 知识点 真的 很 好
3672070897,回复 : 你 是 不 可能 说服 对手 的 就算 你 说 的 再 对 他 也 会 跟 你 偷奸耍滑 避开 问题 因为 你 要是 把 他 说服 了 他 不 就 等于 认输 了 吗 当 你 质询 的 差不多 了 就 可以 结束 接着 问 下 一个 问题 然后 再 去 总结 给 裁判 听
3720159824,回复 : 钱 源于 欲望 的 产生 这句 话 本身 就 有 问题
3740507276,来 的 有点 晚 谢谢 建议
3882216831,来晚 了
4125606856,回复 : 其实 真正 错 的 是 这个 世界 源 的话
4590679520,你 竟然 不是 热评 第一 真 离谱 送 你 上去
5581596518,考古 现在 报名 参加 辩论 队 准备 二面 了
5588677783,回复 : 我要 参加 辩论 社的 二面 了 有点 怕
5835667727,哈哈哈 那样 很 可怜 不过 也 确实 是 在 参加 了 辩论 队 之后 才 关注 到 这么 优秀 的 比赛 听听 自己 的 把 教练 气 的 直接 不想 再 听 了 然后 让 我们 自己 听写 自己 的 逐字 稿 然后 我们 全在 骂 自己 一边 听 一边 尴尬 的 抠 脚 然后 骂 : 我 TM 怎么 这么 多 废话 要说
5840278152,刚好 明天 就要 辩论 了
93635211280,要 学会 一本正经 的 胡说八道
103423598752,最后 一点 无法 赞同
133530536480,谢谢 哥 我 现在 觉得 自己 读的书 好少
134543562112,6666
38883191,为啥 我 看 不了 ..
39693745,同 参数 错误
38847747,辩论赛 它 也 是 一种 竞技 赛事 竞技 竞技 其中 的 技术含量 是 很多 只 看过 辩论赛 或是 只 打过 校级 辩论赛 的 人 不能 理解 的 再 加上 大陆 这 十年 以来 辩论 圈 的 发展 很多 人 对 辩论 的 印象 还 停留 在 十年 前 CCTV 转播 时 的 国辩 边缘化 特别 厉害 这 就 好比 人问 你 学 的 什么 专业 答 数学 噢 那 挺 厉害 的 回答 二 中文系 中文系 那 你 度过 xxx 没有 ? xxx 我 之前 有 看过 那本书 blblblbl .... 很多 人 提到 辩论 想到 的 是 撕 逼 吵架 口才好 读书 多 仪态 好 口水战 无 意义 ..... 辩论 在我心中 是 逻辑学 语言学 说服 学 艺术 所以 对于 某些 人 这 和 奇葩 说 并 没有 什么 区别 娱乐节目 嘛 大家 就 只 图个 乐子 别学 人家 没 必要 在 这 指点江山 秀 你 的 智商 更何况 这是 十年 前 的 视频 了 十年 前 它 虽 经典 但 却 不是 技术 上 的 标杆 今年 星辩 3.0 刚刚 结束 看 视频 去
38542866,表示 上 学期 学校 打 辩论赛 的 时候 曾经 把 当年 大专 辩论赛 的 视频 都 找 来看 完 了 ( = = )
38020369,不 明白 正方 明明 圆 的 很 到位 啊 啊
38009596,居然 在 B 站 看 完 了 这个 ( ( 工 ) )
38002234,小学生 真 可怕
36690991,一 进来 就 看到 好多 弹幕 说 某方 的 辩题 不利 对于 辩论 来说 辩题 拥有 很多 性质 其中 一个 就是 双面 性 不 可能 会 有 一个 辩题 是 绝对 的 因为 外行人 看 辩题 是 看 表面 的 意思 而 实际上 辩题 都 会 拥有 一个 突破口 和 论点 所以 一辩 演讲 叫做 破题 立论 比如 这个 辩题 我 个人 发表 一下 对于 辩题 见解 钱 是不是 万恶之源 这样 双方 绝对 对立 的 辩题 关键词 和 突破口 在于 万和源 根据 定义 不同 双方 的 立论 点 也 就 不同 之后 是 如何 用 自己 的 论点 去 击破 对方 的 论点 才 是 最为 重要 的
36596719,辩论 是 最 没有 意义 的 事 之一
38020492,回复 你 也 是
74939291,哎 什么 是 意义 对大 众人 对 个人 对 生物 还是 对 一切 我们 人类 有 几个 懂 的 意义 这词 那
36585507,今天 我 也 是 闲着 无聊 在 b 站上 查 辩论 不出 我 所料 果然 看到 了 一群 不 懂 辩论 的 外行 在 评论 区 739 # 说 的 很 正解 打 辩论 第一步 双方 就是 要 找到 立论 中 的 分歧点 进行 概念 上 的 界定 达到 共识 后 才能 进行 下 一步 这是 由于 语词 的 性质 决定 的 哎呀 好 吧 这个 地方 也 记不清 内涵 外延 这种 东西 到底 叫 啥 了 ( - ) 而 这场 比赛 是 一场 很 典型 的 定义 战 双方 交战 的 主要 火力 都 集中 在 了 概念 的 界定 上 如 万 的 界定
36467090,每 一次 都 会 倒戈 但是 心里 还是 有 认为 一方 对 一方 错 辩论 真的 不 适合 我 被 不 认同 的 一方 辩倒 却 好 有 道理 无言以对 的 感觉 我 才 不是 抖 m 这是 诡辩 啊 诡辩
36292941,不 分明 就是 武汉大学 完胜 嘛 ( ` )
3999710063,辩论 双方 都 相当 强劲
36070026,( ) 强奸 队
39592199,毒品 队 ( )
39592250,跨越 时空 的 对话
36038393,对 马来 队 是 既 佩服 又 挺 无语 的 自由 辩论 几乎 是 QJ 不离口 个人 觉得 这 一下子 让 正方 妹子 掉线 后来 余磊 那句话 总算 道 出 真相 2333
36038152,许多年 前 看过 这 视频 今天 又 拿 起来 重温 在 B 站上 看 的 感觉 真心 不 一样 比如 在 蒋舸 发言 时看 下面 蓝字 君 的 跟踪报道 简直 笑 喷 太 可爱 了 因为 看 的 第一场 辩论 是 武汉大学 对阵 新加坡 国立 的 那场 所以 个人 很 喜欢 武汉大学 蒋舸 立论 时 很 沉着 心态 好 这点 挺棒 袁丁 给 我 的 印象 是 博览古今 武汉大学 队 的 事例 库余磊 是 一直 以来 的 男神 说话 风趣 常常 一针见血 最佳 辩手 当之无愧 每次 都 觉得 听 周玄毅 的 总结 是 一种 享受 有种 拜读 满分 作文 的 感觉 总之 不论 输赢 这届 的 武汉大学 四人组 都 是 我 最 爱 的 辩论 队 给 你们 表个 白 啦
35915394,妈 的 我 真是 颗 墙头草 啊 ( ` )
35586834,人类 发明 了 钱 当 自己 的 替罪羊
35528752,这个 相当 精彩
35398331,无限期 停办 央视 也 堕落 了 么 到底 什么 理由
36587351,这 貌似 不是 央视 的 锅 ( ) 而且 辩论 这种 事 情 本来 就是 外行 看热闹 内行 看 门道 大部分 人 看 比赛 都 是 被 辩手 的 逻辑 拖 着 满场 跑 觉得 辩论 只不过 是 一群 口才好 思维 敏捷 的 人放 嘴炮 当成 娱乐节目 乐 呵 惊艳 一下 就 没有 然后 了 放不放 没多大 意义 现在 不是 有 了 奇葩 说 这样 一个 替代品 嘛 大家 不 也 都 看着 挺 开心 的
35393957,蓝蓝 路 才 是 万恶之源
35212448,记得 以前 评论 都 是 马来西亚 强奸 队 啊
34852425,撕 逼 大战 ( )
34378736,我 一直 有个 疑问 正方 是不是 少 一个 人 啊 那个 妹子 除了 开始 说 了 点 话 后面 就 看戏 了
38020747,辩论 队 的 四个 人 是 有 分工 的 一辩 立论 二三 辩 拆 逻辑 四辩 把 控 全场 而 反方 自由 辩 没有 攻 正方 立论 的 逻辑 框架
34142550,一群 小学生 解释 万字 对 双方 都 是 很 重要 的 尤其 是 对 正方 这个 命题 本身 就 对 他们 不利 的 来说 正反 双方 的 三辩 都 是 很 厉害 的 正方 证明 了 万 是 极 多 然后 只要 证明 极多 的 恶 与 钱 有关 就 能 赢 换 你们 能 想到 吗 反方 证明 恶 在 前 钱 在 后 那么 钱 就 不是 恶 的 源 直接 就 赢 了 这么 明显 的 逻辑关系 你们 都 不 懂 B 站 的 键盘 侠 越来越 多 了 我 现在 三周 目了
36587676,打 辩论 打 过 辩论赛 的 人 上 b 站 在 b 站上 看 这么 老 的 视频 评论 的 人 本来 就 少 这样 内容 的 评论 区 才 是 是 正常 的 评论 区 想想 也 就 释然 了 ( )
2156930249,有理有据 令人信服
134172644272,那么 就要 定义 什么 是 钱 了 咯
33710879,钱 不是 万恶之源
33664544,哪边 说话 觉得 哪边 有 道理 思路 明确 巧妙 多种 方式 反驳 对方 真心 佩服 这样 的 辩论 技巧 看 辩论 又 不是 看 辩题 的 正误 吧 多数 人 整点 错 ( & quot ; ) /
33501039,不 知道 一群 连 辩论 基本 规则 都 不 知道 的 键盘 手吐槽 什么
33398653,不错 啊 ( = = )
32479563,恩 禁不住 给你个 赞 感觉 你 说 的 很 好 思路清晰 如果 是 你 上去 保证 秒 对方 对 吧 连 辩论赛 的 含义 都 不 懂 还 在 这里 装 知识分子
32362813,别说 什么 文科生 理科生 的 反方 4 辩是 中文系 的 而且 这么 不利 的 题目 能 到 这个 程度 已经 表明 了 武汉大学 队 很 厉害 了 虽然 觉得 妹子 好像 没 怎么 发挥
32283652,虽然 很 厉害 但是 缺乏 内容 缺乏 本质 世界 上 根本 就 没有 对错 之分
32359160,你好 吊 哦 懂得 好多 哦
32475797,你 有 参加 过 辩论赛 的话 ... 就 知道 台上台下 的 区别 了 .
32479600,回复 恩 禁不住 给你个 赞 感觉 你 说 的 很 好 思路清晰 如果 是 你 上去 保证 秒 对方 对 吧 连 辩论赛 的 含义 都 不 懂 还 在 这里 装 知识分子
33187127,辩论 的 目的 在于 从 模糊 的 命题 中 争胜 辩题 本身 要是 有 绝对化 的 答案 的话 根本 无从 下辩 啊 同理 正因 世界 没有 绝对 的 对错 & amp ; quot ; 对错 & amp ; quot ; 才 有 被 争辩 的 意义 要是 拿 1 加 1 等于 2 这样 的 命题 来 做 辩论 的话 不 偷换 些 什么 概念 甚至 根本 没法 开始 因为 基于 常识 的 答案 是 往往 是 显而易见 的
33254563,回复
35756890,哈哈哈哈 说 得 好像 辩论 比赛 的 目的 是 判断 对错 一样 您 想 装 逼 大家 管不着 但装 逼 失败 那 就 活该 被 人 耻笑 了 ( )
38791815,你 的 评论 很 厉害 但是 缺乏 内容 缺乏 本质
32276606,( )
31532479,弹幕 里 的 某些 人 还是 消失 吧
31343449,辩题 对 正反 压倒性 的 不利 能 这样 辩 已经 很 厉害 了 说 实在 的 每 听 一场 辩论会 都 是 对 自己 思维 方式 的 一次 提升
31196344,周玄毅 最后 辩论 就 已经 输 了 或者说 已经 知道 输 了 回答 的 问题 已经 不 在 点子 上 就 像是 战场 最后 的 火光 的 不过 呢 也 很 厉害 反方 最后 阐述 太 强力 了 要是 我 我 就 直接 认输 了 而 周 还 能 有 辩驳 的 余地 太 厉害 了 ( = = )
30965501,都 别说 了 万恶之源 早就 被涅法 雷姆轮 了 千万遍 了 ( 口 ) (
30960708,感觉 武大 这是 殴打 小学生 啊 怎么 经典 了 ( )
30963500,不 可能 反方 居然 能胜
32283585,回复 : 哈哈哈 打脸 了
33112624,注意 回覆 時間 .... 居然 超神 了 ( & amp ; quot ; ) /
1662407563,回复 : 666
30917048,作为 一个 辩手 辩论 往高 了 说 是 为了 在 双方 的 交锋 中 进行 对 一个 话题 的 探讨 和 思考 往低 了 说 就是 双方 站 在 己方 立场 上用 自己 的 手段 和 能力 让 己方 的 论点 更加 充分 立体 可靠 能 打动 评委 真理 这种 东西 且不说 存 不 存在 要是 存在 这个 东西 也 就 不会 拿来 做 辩题 了
36587987,对 辩论赛 赢 的 标准 就是 要 打动 评委
30916328,b 战 的 辩论赛 视频 几乎 都 看过 了 每次 都 是 屏蔽 弹幕 哪里 来 的 那么 多嘴 炮 王者 别说 赢 了 去 站 在 那 舞台 上 看看
30858095,废话连篇
30849126,感觉 问题 出在源 字 上 整个 辩题 对 反方 有利
30961341,对 因为 很 明显 人才 是 源 而 钱 只是 引导 而已
30778408,话 说 口误 有 扣分 么
30558976,政治课 上 看过 这个
30447729,没 能力 作恶
29968602,武大 说实话 输 的 很 可惜 在 自由 辩论 这个 快节奏 的 交锋 环节 如果 能 再 冷静 点 就 能 更 早 抓住 先机 这场 比赛 中 武大 就 像 个 武林 宗师 而 马方则 像 一个 必死 的 战士 两方 都 非常 不错 可以 说 是 势均力敌
29929382,像 这种 辩论 如何 评定 胜负 呢 ... 求 大神 告诉 我
29968706,语言 是否 有力 逻辑 是否 清晰
29929119,蛮 精彩 的 辩论 不过 说 是 史 上 最 经典 实在 是 太过 了 说到底 这些 终究 是 学生 间 的 辩论 那 几场 文字 记录 的 宗教 政治 哲学 方面 的 宗师 级 辩论 才 是 真正 经典
29559797,蛮 精彩 的 辩论 不过 说 是 史 上 最 经典 实在 是 太过 了 说到底 这些 终究 是 学生 间 的 辩论 那 几场 文字 记录 的 宗教 政治 哲学 方面 的 宗师 级 辩论 才 是 真正 经典
29315056,up 主 视频 貌似 挂 了
29179769,为什么 解析 视频 失败 ...
28517882,一切 不看 辩论 时代 与 辩论 技巧 不 关注 辩论 思维 逻辑 的 弹幕 都 耍流氓
28428520,好好看 个 辩论赛 一群 鄙视 文科生 的 行行行 你们 理科生 不得了 世界 都 是 你们 的 快 去 争夺 诺奖 吧 别 上 B 站 了
28338103,胡渐 彪 和 周玄毅 来 武大 做 讲座 的 时候 有 谈到 这场 辩论 胡渐 彪 也 承认 他们 的 辩题 可能 更 占优势 当然 现在 他们 都 是 好 朋友 而且 胡渐 彪 颜值 真的 很逆天
28039546,( | | ) ( | | )
27873245,蛮 精彩 的 辩论 不过 说 是 史 上 最 经典 实在 是 太过 了 说到底 这些 终究 是 学生 间 的 辩论 那 几场 文字 记录 的 宗教 政治 哲学 方面 的 宗师 级 辩论 才 是 真正 经典 Q . Q . 裙 4.16702705
27828702,钱 的 产生 不是 来源于 人 之间 的 信任 吗 怎么 能 说 是 恶 呢
27610496,优酷 老 是 导致 我 flash 崩溃 QAQ
27510509,简直 66666
27407716,看 不了 QAQ
27288625,那些 说 把 万恶之源 交给 我 的 人 就 别秀 下限 了 好 吧 辩论 不是 要 说服 对方 而是 在 过程 中 展现 自己 严密 的 逻辑 和 强大 的 口才 从而 让 对方 无法 自圆其说 达到 最终 打动 观众 的 目的
26429315,万恶之源 这种 东西 请 务必 推给 我 我 可是 坏人
26319288,说 口音 的 你们 是 来看 什么 的
26294468,什么 辣鸡 播放器 ... 优酷 跟 我 的 浏览器 有 什么 深仇大恨 吗
26201110,居然 有 广告
25853638,学过 一点 辩论 来看 感觉 突然 明白 许多
25846698,优酷 算了
25826309,我 觉得 世界 第一 辩手 都 在 b 站 了 毕竟 各种 逻辑 不清 只有 键盘 手才 是 思维 清晰 逻辑 严明
25826668,我 只能 说 爱 看看 不看 滚 一直 刷 扯淡 偷换概念 的 键盘 手 到底 是 何方 大 手
26132716,额 那个 叫 键盘 侠
25693806,这 什么 BUG 怎么 成 了 优酷 的 了
25693746,对余磊 印象 深刻
25693641,我们 上课 看过 真吊
25506448,( ) 冰爷 新年快乐
25471915,记得 当时 老师 在 课上 给 我们 放过 ( ) ! ?
25421252,( ) ! ?
25161136,你们 说 的 好 有 道理 .... 我 精分 了
25156848,不 记得 什么 时候 了 我们 什么 老师 给 我们 看过 这个 嗯 ... 我 记性 太差 了 咳咳 ( )
25093189,有意思 哈哈
25084627,为 毛 觉得 评论 区 更 精彩 ( = = )
25082361,万万 没想到 第一次 看 辩论赛 是 在 b 站 ( 苦笑 )
25057677,感觉 93 年 最 好看
25047462,就让 硬币 停留 在 233 吧
25020087,看到 那个 币数 我 都 不好意思 投币 了 然后 默默 的 表示 死锅 以
25002574,_ ( : ) ) _ 求 十年 后 复仇 之战 AV 号
24959240,史上 最 精彩 的 辩论 之一
24879485,我 笑 了 orz
24849559,233333333333333
24800178,又 被 顶上来 了 23333
24736084,来 看看 扯淡 高手 的 终极 对决
24618538,823 傻 逼
24576244,看 完 之后 我 只能 说 日本 才 是 万恶之源 啊
24571019,觉得 武大 逻辑 不好 的 要么 自己 用 所谓 逻辑 打打 正方 立场 要么 去 买 本 金钱 辩 的 书 看看 up 主 其实 也 可以 把 10 年 决赛 放 出来 看看 和 这场 放在 一起 看 口味 更佳
24569953,不得不 说 这些 人好 厉害 以下 省略 一万个
24569756,标题 党 吧 反正 觉得 没有 93 那年 好
24799486,其实 从 双方 实力 场面 对比 逻辑 语言 激烈 程度 等 方面 看 93 那年 不但 不能 说好 反而 算 很 差 的 那批 从 自由 辩论 就 能 看 出来 而且 除 决赛 外 大会 整体 水平 不高 我 个人 对 除了 今年 的 新国辩 没 看外 其他 往年 几届 的 国辩 排名 是 01 & amp ; gt ; 03 & amp ; gt ; 99 & amp ; gt ; 10 & amp ; gt ; 05 & amp ; gt ; 93 & amp ; gt ; 95 & amp ; gt ; 97 其实 95 和 97 一样 无聊 但 好 在 出 了 个 林正疆
24875063,93 年 那个 是 碾压 局
24568426,真是太 有意思 了 果然 看 辩论 看 的 就 不是 辩题 辩题 什么 的 都 无所谓 了
24565815,这 尼玛 这辩题 也 太 偏 反方 了 吧
24491139,这个 辩题 太 可笑 了 恐怕 正方 内心 都 不 承认 自己 的 辩题 吧 还要 在 扭曲 自己 的 内心 价值观 的 基础 之上 扭曲 自己 的 逻辑 认知 然后 只能 依靠 文字游戏 诡辩 在 钱 是 万恶之源 几个 字 上 做手脚 等 非正规 逻辑 手段 辩解 来 寻找 出路 简直 可笑 反方 的 优势 就 太大 了 反方 只要 详细 阐述 论题 本身 的 意义 完全 摆起 八卦阵 等 你 自投罗网 找出 你 逻辑 上 的 缺点 文字游戏 的 用法 就 可以 了 守株待兔 根本 不能 代表 什么 即使 这么 可笑 的 前提 武汉大学 在 前 2 个 环节 竟然 还是 优势 不得不 佩服 正方 的 口才 曲解 局势 把握 能力 看到 很多 人 说 正方 口才好 反方 逻辑 强 反方 能力 强 之类 的 拜托 你 看清楚 辩题 好 吧 你 怎么 用 逻辑 的 辩论 方法 来 辩论 这个 辩题 正方 根本 没 办法 逻辑 辩论 好 吧 而且 反方 从 一 开始 就 找出 了 正方 的 诡辩 伎俩 这种 级别 的 比赛 对方 都 不 傻 的 就算 你 口才好 在 自由 辩论 环节 可以 拥有 优势 但 到 了 总结 辩论 还是 会 被 完全 拆穿 而且 反方 的 结辩 做 的 非常 完美 正方 在 此时 其实 已经 无计可施 了 不过 不得不 说 正方 的 结辩 太差 了 就是 最后 4 号 这个 结辩 功亏一篑 正方 想 站 在 反方 的 逻辑 观点 上 总结 点 东西 为 自己 争取 点 优势 但 拜托 你 的 辩题 本身 就 有 问题 啊 你 站 到 反方 观点 挖掘 东西 不是 找死 吗 你 除了 能 证明 对方 是 正确 的 或者 你 自己 逻辑 混乱 还 能 证明 什么 不得不 说 正方 4 号 你 这 真是 当局者迷 啊 武汉大学 可惜 了
24434953,想到 了 第一 辩手
24410342,反方 笑死 我 了 强奸 大队
24410009,嘴炮 MAX ( 口 ) (
24392226,你们 一直 吐槽 这个 主持人 口音 让 我 这个 陕北 人情 何以堪 ( | | )
24391741,其实 正方 在 总结 的 时候 那句 万恶之源 不是 恶真 说得好 啊 如果 之前 能 在 这点 上 多 发挥 就 好 了 ~
24369412,果然 要 认真 看 辩论 就 不能 开 弹幕 武大 一辩 发言 时 看到 有 个人 在 顶端 发了 一个 一派胡言 笑 得 停不下来
24350053,文科 与 理科 区别 体现 出来 了
24339865,色情 队好 逗 的 样子
24321276,充分条件 被 偷换 成 必要条件 全场 都 没 发现 也 只有 武汉大学 才 做 得到 了
24339127,发现 了 啊 余磊 自由 辩论 说 的 没有 恶 的 情况 下谈 恶之源 就是 白费口舌 不 就是 表明 这个 问题 的 么 没有 必要 在 这 上面 纠缠 下去 啊 反方 就 这样 偷换概念 越 不利 啊 至于 恶 方面 的 充分 必要 问题 主要 还是 在于 万 的 界定 问题 所以 说 武大 首先 就 坏 在 了 立论 上 然后 还 不幸 被 反方 抓住 了
24350483,完全 没有 到 点子 上 反方 最 主要 的 两次 偷换概念 是 把 钱 是 万恶之源 即 钱 是 万恶 的 源头 偷换 成 了 钱 这个 源头 只会 导致 万恶 这 一种 结果 这个 武汉大学 完全 没有 意识 到 还有 是 把 万恶之源 等同于 恶 本身 这个 周在 最后 一分钟 才 发现 并 不是 诡辩 本身 不利 而是 被 拆穿 的 诡辩 不利 你 自己 放过 这么 大 的 弱点 不去 主动攻击 等 着 评委 去 发现 吗 余磊 全场 牵强 解释 各种 恶 与 钱 的 原因 而且 根据 己方 理论 这个 根本 不用 解释 还 去 浪费 口舌 这个 才 是 纠缠 万 的 界定 之间 的 不同 大家 都 能够 看 出来
24320719,夭寿 啦 吸毒 强奸 啦
24320283,绅士 划 去 变态 的 胜利
24295299,我 觉得 要是 我 上去 的话 没过多久 就要 打 一架 ..
1704437295,回 ... 回复 ... 下
1712531485,hhhh 我 觉得 是 这样 的
1973595275,是 的 越 讲 越 生气 可是 完全 无法 反驳
1980706015,回复 : xk 峰
2022569688,还好 还好 哈
2068776776,懂 这种 感觉 哈哈哈哈 哈哈哈
2730290646,所以 真正 厉害 的 人 就是 能 沉住气 吧 任 你 说 再 多 我 都 能 找到 切入点 去 反驳 对方 展现 自己 的 观点
3219253486,回复 : 真实
3306378951,以理服人
3802832600,我 也 是
5045983651,2021 年 给 你 点赞
128856272736,真的
131214302256,所以 你 上 不 去
133997996896,我 也 是 哈哈哈哈
135880817536,真是 反方 一直 色情 辩论 没完 了
235886918544,回复 : 为什么 一直 对 色情 有 偏见 呢 性侵 这种 东西 为什么 就 不能 说 呢 如果 你 把 它 当做 一种 试试 就 不会 有 那种 很 尴尬 的 感觉 呀 那 你 为什么 会 有 这种 感觉 呢
24290741,棒棒 哒
24289485,我 是 那种 去 你 大爷 的 类型 233333
24287350,#-_- )
24285833,吸毒 队 VS 强队 的 自重 ( ; )
24284802,有 一条 弹幕 是 得 大哥 你 这份 安利 我 买 了 哈哈 瞬间 笑 尿
24281854,( ) 有点 叼 啊 这个
24276220,这场 比赛 让 大陆 队伍 认识 到 逻辑 的 重要性 评委 也 说 了
24275972,最佳 辩手 和 胜方 可以 是 一队 的 并 不是 安慰 奖 蒋昌建 和 复旦 就是 双赢
24275581,马来亚 强奸 队 23333
24274752,万万 没想到
24274711,反方 2 辩够 cult
24274666,非 大陆 队伍 输在 普通话
24274581,略 诡辩 耍 小聪明
24253526,有 本事 多比 几场 定 胜负 啊 这种 明显 偏向 一方 的 辩论 题目 实在 太 无聊 了 如果 反方 还输 了 只能 说明 实力 差距 不 在 一个 层次 上
24253070,强奸 队 赢 了 2333
24236942,我 感觉 挺 好 的 啊 输 了 之后 还 可以 说 一句 哼 这 万恶之源 不要 也罢
24237015,我 感觉 做 正方 挺 好 的 啊 打少 了 几个 字
24230263,我 只是 觉得 这个 主席 的 普通话 一股 地瓜 味
24227228,我校 确实 屌 啊 辩论 本来 就是 文字游戏 这么 一个 不利 的 辩题 强词夺理 竟然 能 占上风 漂亮
24220839,.... 不同 的 人 有 不同 的 观点 嘛 所谓 辩论 嘛 就是 玩 文字游戏 啊 之类 的 赢 了 拿 钱 走 人输 了 下次 再来 撕 逼 又 能 改变 些 什么 呢 自己 觉得 是 就是 咯 我 管 你 怎么 认为 的 我 就是 这么 想 的 ( )
24219481,正方 不 容易 这仗 打 的 还是 很漂亮 的 当时 我 参 的 英语 辩论 打 到 上海市 决赛 的 时候 我们 的 立场 居然 是 城市 建设 不该 为 古建筑 保护 让 道 当时 整个 人 就 卧槽 了 还是 得 硬着头皮 去 辩
24220821,那个 我 很 支持 这个 论点 呀 很 难辩 吗
24238538,这个 还算 好 吧 没有 那么 不利
24211549,走私犯 大战 皮条客 喜闻乐见 喜闻乐见 ~ ~ ~
24211024,想起 上学 时候 的 辩论 了 那 时候 还 有幸 参加 呢 现在 想想 都 有点 跃跃欲试 呢
24210590,正方 一辩 好 吃亏
24209410,前 几个 月 学校 辩论赛 的 宣传 就是 看 这个 视频
24208965,贩 D 队 VS 强 J 队 23333
24207411,强 J 队 简直 脏 的 不行
24204187,b 站 居然 有 2333333
24203616,反方 色情 辩手 你够 了
24202147,色情 的 胜利 ( )
24202071,丰富 屏蔽 列表 系列
24201265,其实 这个 命题 对 反方 有利 而且 正方 猪 队友 过多 就 单说 南京大屠杀 吧 确实 日本 侵略 是 为了 钱 但是 侵略 就要 搞 大屠杀 么 不 屠杀 他们 就 打 不 赢 战斗 还有 一直 再说 万字代 不 代表 所有 这点 这个 也 对 正方 无 利 所以 一 开始 就 引出 错误 的 论点 导致 最后 输 了
24198911,说实话 三五分钟 内 跟上 对方 的 思路 就 已经 很难 了 难得 的 是 双方 还 在 极端 的 时间 内 或 找到 的 对方 的 漏洞 或 想 出避 其 锋芒 的 方法 都 是 辩才 啊
24196752,后面 一直 在 笑 根本 停不下来 = = ( )
24195948,( )
24195259,其实 我 觉得 本来 反方 就是 无解 的 正方 觉得 钱 是 万恶之源 好 那 你 赢 去 吧 但是 奖金 给 我 如果 你 本来 就 不要 奖金 要 的 是 名 的话 那名 不 也 是 万恶之源 么
24196566,这个 事例 仅仅 说明 名是 在 这个 事例 中 的 恶
24208892,本身 辩题 就 对 正方 不利 而 此时 正方 唯有 避实就虚 从 辩题 上 做文章 想 就 辩题 本身 的 概念 发生 对 其 有利 的 变化 就此 把 局面 扭转 于是乎 他们 从 这个 万字 上 做文章 指出 这个 万字 并 不 代表 所有 然后 就 辞海 与 汉语 词典 等 资料 上 对 这个 万字 做 重新 的 解读 指出 万 的 含义 是 这个 大多数 的 极 多 的 这个 意思 然后 再 以 无数 的 例子 证明 大多数 恶行 的 起因 都 是因为 经济效益 所以 钱 完全 有 资格 作为 恶行 起源 的 代表 而 这个 论点 的 优点 便是 对于 反方 所谓 的 正方 在 以偏概全 是 免疫 的 因为 他们 把 万 的 定义 修改 成 大多数 了 万恶之源 的 意思 也 随之 发生 了 变化 变成 了 绝大多数 的 恶 的 源头 然后 自圆其说 最后 取得胜利 可谓 是 用心良苦 啊 ( ) 只 可惜 正方 打团 貌似 不太给力 啊 四个 人 的话 会 出现 拖后腿 的 情况 而 正方 四辩 的 总结 也 并 没有 抓 到 点子 上 啊 正方 败 也 就 败 在 最后 的 总结 上 我 总 觉得 正方 只派 一个 对于 这个 论点 掌握 的 最 全面 的 代表 一人 舌战群儒 反而 会 更好 一些 呢
24209971,其实 武汉大学 玩 文字游戏 玩起来 还是 相当 厉害 的 呢 就 修改 概念 这 一招 作为 反方 那 还 真的 是 难以 招架 呢 毕竟 玩 文字游戏 修改 概念 这个 的确 是 实实在在 的 好 棋 只 可惜 正方 几位 都 是 互相 拖泥带水 整体 并 没有 把握 好 重点 和 正方 二辩 所 创造 出来 的 优势 呢 最后 的 总结 也 并 没有 像 反方 那样 把握 好 论题 的 重点 从而 导致 了 本来 稳赢 的 失败 呢 而 反方 察觉到 了 正方 的 企图 时 也 同样 做 了 一个 非常 明智 的 举动 那 就是 和稀泥 把 这 潭水 搅混 创造 出 一种 大家 讲 的 都 有 一定 道理 但是 难解难分 的 假象 很 好 的 利用 了 对方 四人 各种 的 论述 重点 不 一致 的 缺点 也 充分 的 发挥 了 论题 对 自己 有 直接 优势 的 优点 自由 辩论 时间 就 充当 搅 屎 棍 慢慢 与 正方 磨嘴皮 子到 了 最后 稳稳 的 把握住 了 论题 对 己方 的 优势 总结 出 了 一篇 让 大家 感觉 听 上去 好 有 道理 的 满分 作文 最终 把握 了 优势 成功 招架 住 了 正方 获得 了 最终 的 胜利 也 算是 用尽 浑身解数 了 真是 一场 十分 精彩绝伦 的 辩论 呢 起码 我 是 这么 感觉 的 两方 也 都 各自 使出 了 看家 的 真本事 呢 / ^ ^ ) /
24210763,回复 : 呢 呢 呢 呢 呢 呢 ( )
24211313,回复 : 习惯 兼口 白 还 请 多多 包涵 ( _ | | )
24212878,回复 : 他们 讨论 的 是 万恶之源 这个 词而 不是 单指 这个 万字 万恶之源 这个 词 取自 圣经 意思 就是 一切 罪恶 的 源头 很 多次 如果 直说 这个 成语 其中 一个 字 的 意思 也 会 和 这个 成语 大相径庭 不过 确实 正是 因为 对 正方 很大 不利 而 如此 力挽狂澜 确实 厉害
24231781,回复 : 是 啊 可以 看出 正方 玩 文字游戏 的 水平 ( _ )
24192423,好好 的 辩论 被 说 成 这样 我 也 是 醉 了
24187720,全程 笑 的 喉咙痛 _ ( : 3 ) _
24187569,( ) 很赞 希望 U 主 可以 上传 更 多 的 辩论 视频
24186107,我 居然 看 完 了
24180590,一场 辩论赛 很难 改变 一个 人 的 看法 因为 辩论赛 追求 的 本身 就 不是 在 根基 上 动摇 这个 观点 能 动摇 的 辩题 都 有 问题 所以 观众 没 必要 从 一方 的 观点 中 拼命 找 漏洞 反驳 长久以来 整个 社会 都 辨 不清 的 问题 不是 一场 小小的 比赛 可以 说 清 的 关键 是 我们 要 从 选手 的 思维 方式 和 知识 储备 中学 点 什么 从 这种 议论 的 方式 中 欣赏 选手 语言 的 组织 逻辑 这才 是 辩论 的 魅力 至于 谁 对 谁错 反倒 次要 了
134405163056,老兄 这么 多年 前 的 评论 你 说 的 太赞 了
24175813,说 正方 吃亏 的 真心 笑 了 你们 历史 老师 没教过 你 提到 历史 事件 的 根本原因 时 全部 填 经济 原因 么
24212932,为什么 会 有 经济 原因 呢 还 不是 因为 人 的 欲望 诶 这个 词 里面 没有 贝字 哦 ~
24164780,过去 的 武汉大学 还是 蛮 有 水平 的
24164552,我们 辩论 队 的 新人 是 禁止 看 这个 视频 的 认为 这个 时候 辩论 理论 不 成熟 花辩 的 风格 对 人 有 误导性 目前 的 辩论 还是 逻辑 为主
24206173,不尽然 如今 花辩 的 风格 依然 存在 我 之前 打 得 几场 中文 辩论 被 对面 的 花辩 狠狠 恶心 了 一把 一 没 事例 二 没 理论 三 没 逻辑 结果 评委 也 不是 什么 懂 辩论 的 直接 判 我们 负 了
24210569,如果 只是 以 逻辑 为主 的话 胜负 的 判定 在 辩题 的 优势 与 劣势 时 就 已经 基本 奠定 了 呢 花辩 的 风格 可以 算是 一种 劣势 方 对于 优势 方 的 一种 十分 有效 的 辩论 风格 呢 也 就是 兵家 中 所谓 的 奇袭 罢 相对 的 有利 的 一方 能 做 的 便是 稳稳 的 把握住 大局 的 走向 充分发挥 辩题 对 自己 的 优势 不让 对方 从 整个 大局 的 逻辑 上 做文章 坚守 到 最后 便是 有利 方 的 胜利 了 不过 确实 从 技术 以及 水平 的 角度 上 来说 此类 风格 对萌 新 来说 还是 有 一定 难度 的 呢 并 不 推荐 刚入 坑 的 萌新 使用 萌新 还是 好好 的 把握 逻辑 吧 创造 一种 新 的 逻辑 推翻 原本 的 逻辑 这种 事情 对于 萌新 来说 还太早 了 = = 所以 并 不 推荐 使用
24161653,这个 之前 有人 传 过 不过 Up 在 传上来 让 大家 再 看一遍 真是 极好 的 这是 绝对 经典 的 比赛
24160244,正方 吃亏 的 命题 还 能 打成 这样 已经 很强 了
24156540,看 辩论赛 为什么 要 纠结 论点 - - 重点 不 应该 是 如何 立论 和 驳论 吗
24158941,错 了 这 是 现在 人们 对 辩论 最大 的 误区 辩论 的 方式 是 如何 放大 己方 辩题 中 正确 的 部分 而 不是 将 己方 辩题 中 错误 的 也 说 成 对 的 所以 辩论 必须 要 依托 于 事实
24211081,回复 : 那 可不 一定 哟 本身 解决 意见分歧 的 方法 就 有 让 别人找 不到 你 论点 中 的 错误 这种 方法 你 若 能 自圆其说 让 大家 改变 原本 对此 论点 中 错误 的 判断 也 不失为 一种 相当 有效 的 办法 呐 至于 你 所谓 的 事实 若 事实 就 摆在 眼前 还 需要 辩论 吗 本身 辩题 不 就是 因为 分不清楚 事实 而 成立 的 么 如果 这 已经 是 事实 了 那 就 根本 不是 辩论 了 而是 明摆着 优势 方 欺负 劣势 方嘛 而且 也 有 这样 一种 说法 没有 绝对 的 事实 就 事实 本身 也 是因为 许多 人 认为 是 对 的 才 变成 事实 的 不是 吗 如果 能 改变 人们 对 他 的 看法 原先 的 事实 不 就 不攻自破 了 嘛 我 说 的 或许 有些 不够 周到 还 请 多多 包涵 谢谢
24211355,回复 : 那句 让 大家 改变 原本 对此 论点 中 错误 的 判断 中 的 错误 麻烦 打个 引号 并 把 错误 前面 的 中字 给 去掉 来读 不好意思 ( _ )
24123922,楼下 笑 尿
24116551,反方 三辩 现在 做 了 强奸犯 后来 死 了 这个 新闻 我 看过 ( )
24188141,( & amp ; quot ; ) / 真的 還是 玩笑 ? ?
24229539,回复 : 这个 句式 已经 是 个 老 梗 了 啊
24303945,"回复 : 卧草 , 不太熟悉 國內 用語 , 不明 覺厲 + 細思 恐極 ... 我 喂 自己 袋 鹽 ~"
24111908,反方 钱 不是 万恶之源 ( ( ) ) 正方 那 你 把 你 的 钱 给 我 ( ) 反方 #-_- ) * * * * * * * * * * * * * * * * * * * * * * * * * * * * * * * * * * * * * * * * * * * * *
24194421,你 反 了 正方 钱 是 万恶之源 ( ( ) ) 反方 那 你 把 你 的 钱 给 我 ( ) 正方 #-_- ) * * * * * * * * * * * * * * * * * * * * * * * * * * * * * * * * * * * * * * * * * * * * *
24194468,这 就是 辩论
1663576555,看过 一个 辩论 真有 这样 的
1696539997,回复 : 请 务必 告诉 我 链接
2589445186,哈哈哈
2964292381,反方 您 说 的 是 我 的 钱 说明 这 是 我 的 合法财产 我 拒绝 将 我 的 合法财产 给 你 这 难道 是 恶 吗 而 您 说 把 你 的 钱 给 我 而 我 拒绝 了 您 也 并 没有 暴力 占有 我 的 合法财产 我 甚至 感觉 有些 好笑 那 我 可不可以 将 这句 话 当成 一句 玩笑 呢 开玩笑 并 不是 恶 用钱 作为 玩笑 不是 正 说明 了 钱 不 只是 恶 呢 ( )
5487858597,你 承认 我 的 观点 了 嘛
114700578640,回复 : 那 是 什么 让 后 有 了 想要 我 的 钱 的 想法 呢 也 就是 不 属于 你 的 钱 还是 钱 让 你 动心 了 有 了 这个 恶念
128779846080,回覆 : 哥们 你 反 了
133013638352,哈哈 虽然 但是 这 里面 也 说 了 对 钱 的 追求 不是 恶丫 君子爱财 取之有道 遵守 底线 的 追求 也 是 对 国家 的 贡献
191756194800,回复 : 正方 那 你 就是 承认 钱 是 万恶之源 咯
24107023,不看 字幕 都 听不清 他们 在 说 什么 观众 朋友 们 厉害 啊
24103801,以前 看过 我 只 想 说 他们 撕得 一半 时 我 已经 晕 了
24102465,膜拜 胡渐 彪 学长 上次 和 黄执 中学 长一 起来 我们 学校 打 表演赛 的 时候 简直 帅炸
24091029,辩论 史上 最 经典 的 战役 难道 不是 小学 课本 里 的 两 小儿 辩日 么
24194509,不是 被 孔子 用 行动 解决 了 么 孔子 东游 见 两 小儿 便 日
24088385,我 不 明白 为什么 有人 说 过 可以 作为 有效 论据
24085983,万恶 淫 为首 色情 辩手 简直 了 23333
24077852,我 TM 看 完 了 但是 我 觉得 欲望 就是 罪恶 之源 QAQ
24060375,( & quot ; ) / 都 好 厉害 啊 我 在 我们 年级 辩论赛 上 紧张 的话 都 说不出
24060065,* * * 其实 正方 四辩 是 没错 的 只不过 说 过 了 一点 不要 把 话 说 的 太过 要 给 人 一点 自己 思考 的 空间 让 他们 自己 想着 想着 就 认同 了 我方 的 观点 * * * * * * 其实 在 他 还 没 说 是 我 就 想 了 一下 这点 但是 并 没有 深思 后来 他 讲 到 这点 我 就 又 想 了 一下 发现 好像 很 有 道理 完全 不是 支持 反方 的 观点 反正 很 深奥 了 吧 不过 我 现在 忘 了 毕竟 是 灵光 一闪想 出来 的
24059331,果然 辩论 就是 一本正经 的 胡说八道
24059265,只 希望 不要 再 有人 在 视频 里 刷 其他 电视剧 里 的 任务 了
24058174,为什么 这么 多
24058147,弹幕 破万 我 的 天
24054834,老师 给 我们 看过
24049998,冠军 还有 1w 元 啊 这 不是 钱 吗 ( )
24073234,问题 没有 产生 恶 啊
24043206,艾玛 我们 当年 历史课 看 完 的
24042586,就 知道 辯論 更強 的 在 b 站 評論 區鍵 盤鬥士 萬歲 23333
24038287,对方 辩友 请 把 万恶之源 交给 我 吧 佛 曰 我 不入 地狱 谁 入 地狱
24038020,说 正方 吃亏 什么 鬼 钱 本身 就是 硬通货 放在 原始时代 可能 女人 和 粮食 就是 钱 说 的 是 钱 其实 钱 背后 是 人 的 贪婪 贪婪 最 普遍 的 表现形式 就是 钱 你 可能 需要 一个 后宫 女人 对 你 不 就是 钱 不是 财产 妻子 红杏出墙 对性 的 追求 难道 不是 钱 不是 贪婪 什么 是 万恶之源 一切 罪恶 的 背后 都 有钱 在 推动 钱 即 财产 即 利益 正方 只 将 眼光 放在 流通 货币 这样 的 层次 上 根本 不 明白 万恶之源 的 源 只有 反方 从 人性 这个 角度 详细分析 这句 话 根本 不是 一个 层次 如果 正方 深化 抽象 钱 的 定义 明显 是 正方 有利 的 题目 因为 钱 的确 是 万恶之源
24038711,顺便 吐槽 这个 国际 实际 是 以 汉语 为 比赛 用语 也就是说 中国 人有 先天 的 优势 出场 大学 大多 是 哪国 呢 当然 毕竟 自己 出钱 的 比赛 让 自己 人 拿 了 也 是 常理 之中 只是 这样 的 比赛 最后 评审 3 比 2 最后 决出 的 优胜者 我 只 想 说 呵呵
24063549,嘛 我 说 两句 姑且 抛开 你 这段话 里 我 觉得 不妥 的 地方 我 觉得 你 没有 理解 正方 立论 的 策略 不作 赘释 另外 本身 这个 就是 华语 辩论 没什么 好吐槽 的 不同 语言 的 辩论 多 的 是
24073712,如果 按 你 这样 的 逻辑 那么 反方 本身 的 恶 在 先 钱 在 后 也 站不住脚 其次 把 钱 等同于 贪婪 把 行为 和 目的 等同 这样 的 做法 明显 得 偷换概念 混淆 逻辑 这样 的 立论 就 已经 是 诡论 了 连 下面 的 诡辩 都 不 需要
24074299,回复 : 最后 我 想 告诉 你 这 本来 就是 华语 界 的 国际 大专 辩论赛 请问 国际 有何 槽 点 当年 参赛 的 8 所 学校 大陆 一所 台湾 一所 香港 一所 新加坡 一所 马来西亚 一所 澳大利亚 一所 加拿大 一所 英国 一所 难道 还 达 不到 国际 的 标准 另外 说 自己 出钱 让 自己 人拿想 扯 黑幕 论 那么 要 我 再 告诉 你 这个 一直 是 由 新加坡 新 传媒 和 CCTV 合作 共同 出资 的 而且 轮流 主场 你 说 哪个 是 自己 人 更 要 我 告诉 你 其实 马来亚 大学 当年 在此之前 已经 两入 决赛 并 拿 过 一次 冠军 了 么 倒 是 97 年 马来亚 大学 夺冠 的 那届 才 真 叫 黑幕 满满 真叫 呵呵
24037384,我 TM 居然 看 完 了
24035847,你们 要边 看边 想 才能 感觉 自己 真的 跟不上 人家 的 思考 速度
24034440,( ) ! ? 上课 老师 各种 放 这个 视频
24024757,初中 老师 放过 高中 老师 放过 大学 班会 放过 尼玛 大学毕业 我 竟然 又 看 了 一遍 不过 确实 精彩
24021725,正方 的 论点 就 很 吃亏 了 求 不 黑 还有 真的 很 精彩
24020487,= = ( ) 一本正经 的 胡说八道
24014340,我 居然 看过 这场 的确 很 精彩
24010716,真正 上 过 辩论会 的 有 几个 我算 一个
23996737,真心 不错
23994343,".. , . 哈哈 这里 也 有 我 最 爱 的 撕 逼 之力 当 我 的 撕 逼 之力 满开 后 就 能 放大 招 了"
23993786,回复 681 楼 ... 这 你 就 错 了 ... 强奸 的 起因 是 性欲 ... 这不关 钱 事 ... 钱 归于 物欲 ...
24041732,那 自慰 究竟 是
23993520,B 站 现在 只是 一些 一个 推荐 平台 省去 了 些 自身 寻找 视频 的 麻烦 但 真的 不要 开 弹幕 除非 就是 为了 看 搞笑
23992444,B 站 也 就 这样 了 垃圾 和 键盘 侠 小学生 集合体 了 用 对 和 错 的 观点 看 辩论赛 我 也 是 醉 了 文盲 不 知道 还要 发个 弹幕 秀下 优越
2010393461,打击面 太广 了 啊 第一句 什么 意思
2027643864,你 可以 说 小学生 都 不能 说 b 站 打死 一片 太招 仇恨 了 你 不过 也 是 个 键盘 侠 吧
2055405457,你 咋 不 看 爱奇艺 你 咋 不 看 优酷
2064424950,大哥 们 这 都 15 年 的 评论 了
2369808156,开 散弹 感觉 有点 不好 了
2375379344,回复 : 感觉 楼主 说 的 是 对 的
2444352812,现在 的 b 站 呢 ...
2482157090,别 鞭尸 了
2482763840,害 哪个 平台 能 保证 没有 一两个 这样 的 人 呢 但是 我们 不能 一 杆子 打倒 一船 人 吧 每个 平台 里面 的 用户 那么 多 你 不能 因为 一个 人 的 错误 去 说 这个 平台 整个 都 不是 好 的 呀 对 不 对 呢
2489254256,支持 霹雳 霹雳 越来越 垃圾 了
2554808031,哈哈哈 哈哈哈 哈哈哈 哈哈哈 哈哈哈 哈哈哈 哈哈哈 哈哈哈 你 太 惨 了
3216376116,回复 : 他 扩展 到 全网 我 都 觉得 没 问题 现在 网民 有 几个 没杠 过 怼 过 有 几个 没骂 过 人 或者 被 人 骂 自打 10 年代 网络 兴起 后 全网 风气 就 大不如前 了 不要 说 我 我 也 没什么 素质 我 也 骂 过 人 虽然 有时 很 克制
3220723421,回复 : 所以 你 的 意思 是 ? 大家 都 随便 所以 打 到 一片 就 变得 正常 了 ?
3221888442,回复 : 我 现在 敢 说 全网 键盘 侠 有 问题 吗 今日 祖安 文化 明目张胆 搬上 台面 就是 网络 风气 恶化 的 前兆 以 骂人 为荣 的 文化 竟然 可以 在 所有 圈子里 都 火 起来 当然 并 不是 所有人 至少 95% 以上 都 是 这样 谁 还 没 在 互联网 发泄 过 呢 否则 pxj 这个 词 也 不会 横空出世
3225085944,回复 : 站 在 你 的 角度 上 有理 但 你 看到 的 只是 那些 在 评论 的 人 骂人 的 评论 在 众评 中 更 突出 所以 你 的 注意力 被 他们 吸引 可是 和 b 站 比 起来 我 认为 微博 的 风气 更差 至少 我 之所以 一直 待 在 b 站 就是 因为 我 感觉 舒服 虽然 也 有 幼稚 的 人 但 大部分 人 仍然 讲理 你 骂 b 站 b 站 不会 说 什么 但是 我 不能 接受 你 太 情绪化 和 片面 的 说法 其他 的 网站 都 没有 入门 考试 可 偏偏 b 站 有 这 不 就是 b 站 为了 维护 文明 评论 环境 所 做 的 贡献 吗 我 为什么 反驳 你 打倒 一片 的 说法 会 伤害 我们 这些 平凡 的 路 人 和 爱 b 站 的 用户 再说 了 祖安 文化 的 兴盛 也 不过 是 有 很多 路 人 嘲讽
3857660199,一看 楼上 什么 评论 就 知道 楼主 说 的 是 对 的 了 : - D
103518204832,回复 : 啥时候 啦
105965335472,回复 : 好 新 的 评论
106121753488,回复 : 你 也 是 啊
112778671200,回复 : 没 我 新
132687719264,15 年 就 已经 是 这样 了 吗
133530580352,回复 : 你 这 也 3 年前 的 了
133758680144,回复 : 好家伙 这 就 开始 比烂 了
133758547712,回复 :
136687213120,回复 : 哈哈哈 哈哈 22 年 啦
195345394592,回复 : 啥时候 啦
203131824800,原来 15 年 就 这样 了 笑
228452542944,哥们 直接 挖 十年 前 的 坟
269125235137,现在
23990751,弹幕 功能 真是 给 键盘 侠 无限 发挥 空间 因为 不像 评论 板 那样 如果 有人 回 他 会 有 提示 所以 B 站 弹幕 可 真是 大神 满天飞
23990663,小学生 求 不 ky 地 在 里面 刷 一些 你们 觉得 自 认为 有趣 机智 滑稽可笑 的 东西 认真 看不懂 就 别说 实在 不想 连 这里 的 大专 不是 中专 大专 的 概念 都 要 科普 一下
23987986,这 是 我 第二遍 看 这个 视频 作为 一个 辩论 爱好者 我 第一次 再 B 站 首页 看到 这个 视频 的 时候 真心 觉得 很 开心 第一次 看 的 时候 人 还 不 多 弹幕 很 清静 这次 再 看 我 实在 是 忍不住 了 小学生 就 去 打 穿越 火线 玩 DNF 看喜 羊羊 看 什么 辩论赛 看看 那些 弹幕 简直 无法 直视 你们 真的 懂 什么 是 辩论 么 王司徒 和 诸葛亮 shenmegui 梁逸峰 又 是 shenmegui 辩论 是 种 很 有趣 的 文字游戏 不是 供 你们 娱乐 互黑 的 东西 请 你们 发 弹幕 的 时候 好好 想一想 场合 受不了 不吐 不快
23978489,我 为 正方 支个 招 可以 从 并 不是 所有 恶 都 是 钱 而 来 的 但 并 不能 说 钱 不是 万恶之源 就 如同 源头 流出 的 水 在 下游 并 不是 所有 的 水 都 是 源头 的 水 一样 什么 是 恶 的 源头 是 人 的 心理 活动 但 钱 主导 人 的 心理 活动 所以 钱 是 万恶之源 有个 bug 人 的 心理 活动 和 钱 主导 的 心理 活动 外延 不同 不周延 但 就 看 他们 是不是 注意 到 有点 诡辩
23982393,正方 其实 有 注意 到 但 反方 一直 也 有 在 万字 做文章 辩论 就是 这样 每个 环节 都 很 重要 开题 立论 时 没有 交代 清楚 的 东西 可能 会 被 对方 抓一 整场 反击 而 自己 圆 整场 都 圆 不 回来 另外 正方 的 劣势 在于 这 是 个 价值 判断 的 命题 却 没有 判断 的 依据 只能 以 事实 判断 去 不断 论证 但 事实 反方 也 能 举出 相当 的 例子 所以 这个 时候 万字 的 界定 问题 就 显得 非常 重要 了 而 正方 立论 时 在 这方面 的 遗漏 也 就 被 反方 不断 抓住 从而 使 反方 的 事实 判断 跟 对 辩题 有利
23992895,我 一直 不 明白 为什么 强奸 家庭暴力 不是 钱 的 原因 呢 强奸 暴力 的 根本 起因 是 社会 资源 教育资源 的 分配 不均 说到底 还是 钱 ( )
24257391,回复 : ( ) 暴力 这 玩意 就是 本性
24302916,回复 : 人生 而是 一张白纸 我 认为 人 的 本性 只有 利己 性 这么 一样 其他 各种 特性 都 是 这种 本性 的 延续 但是 在 一个 社会 资源分配 合理 的 情况 下 暴力 的 收益 急剧 减小 动机 成本 急剧 增加
23978280,理工科 学生 逻辑思维 强 啊 紧扣 恶 概念 的 外延 本来 反方 好 辨 所以 体现 不了 水平 应该 改成 钱 对 个人 发展 有 帮助 吗 估计 能辨个 天昏地暗
23975644,本来 反方 的 论点 就 占优势 赢 了 也 不 奇怪 反倒 是 正方 二 三四 辩 都 不错 就是 妹纸 稍稍 弱 了 些 正方 能 在 劣势 的 前提 下 还 能 打 了 这么 漂亮 的 一场 战 的确 很 不错 不 说 多 了 那些 说 正方 不行 的 人 试想 如果 你们 抽到 正方 你们 能比 他们 辩 的 更好
23973456,我 只 想 知道 正方 的 的 衣服 使用 什么 买 的 从小到大 的 学费 生活费 是 拿 什么 换 的 如果 都 是 钱 来 的 那么 正方 就是 集 万恶 于 一身 根本 没 资格 站 在 台上 辩论 最起码 请 把 衣服 脱 了 再 上台 辩论
23982008,你 跟 反方 用 了 一个 路数 就是 偷换概念 用 正方 三辩 余磊 的话 说 就是 没有 恶 还要 谈恶 之源 就是 白费口舌 反方 三辩 一直 在 强调 钱 没有 主观 能动性 那 你 所说 的 衣服 生活费 等 有没有 主观 能动性 这些 是 恶 吗 这个 辩题 是 钱 是不是 万恶之源 而 不是 钱 是不是 恶 谢谢 反方 三辩 说 的 人 的 行为 决定 了 钱 的 善恶 是 不错 但 这 明显 跑题 了 就 如同 反正 在 自由 辩论 时 一直 在 追问 究竟 是 XX 有罪 还是 钱 有罪 一样 余磊 反击 的 毒犯 不是 为了 钱 还是 为 吸毒者 服务 吗 其实 正中 反方 要害 你们 一直 在 说 正方 诡辩 难道 没有 注意 到 反方 在 偷换概念 混淆 逻辑 当然 正方 有 注意 到 却 太 执着 于 本方 立论 而 没有 抓住 这点 下去 予以 反击 其实 有个 弹幕 说得好 反正 一直 说 人 的 行为 如何 那 你们 应该 去 辩 93 年 的 决赛 辩题 人性本善 还是 本恶 了 如果 按 你 这样 的 逻辑 那么 97 年 的 国辩 决赛 简直 就是 辩论 界 的 千古 冤案 当时 的 辩题 是 真理 会 不会 越辩 越明 结果 是 反方 持 真理 不会 越辩 越明 的 马来亚 大学 获胜 那么 我 也 可以 说 既然 不会 越辩 越明 你们 还来 参加 比赛 干什么 根本 没 资格 辩论 最起码 请 先弃 赛来 阐述 你 的 立场 既 不能 越辩 越明 还 能 获胜 的 结果 是不是 直接 连 辩论 的 意义 都 否定 了
23972061,简直 吊炸天 _& gt ; 贩毒 小分队 vs 色情 小分队
23969871,钱 是 万恶之源 这句 话 本身 就 有 以偏概全 之 嫌 正反方 都 看到 了 这点 人 的 贪欲 人性 中 最 原始 的 兽性 注定 了 人世 社会 间 的 恶行 钱 作为 一个 工具 就 好比 枪械 错 的 不是 事物 本身 而是 看 人类 如何 运用 它 正方 站 在 悬崖 边 辩论 后路 不 多 只能 避开 锋芒 侧面 回击 所以 到 最后 结辩 的 时候 难免 落 了 下风 争辩 的 顶点 有点 唯心 和 唯物 的 意思 正方 也 抓准 了 所以 这 辩论 才 会 足够 精彩
23969352,撕 逼 大会
23969256,我 觉得 如果 把 关键点 放在 把 钱 定义 为 利益 的 象征 上 正 方才 会有 胜机 _ ( : 3 ) _ 不过 貌似 可能 会 偏题
23966991,马来亚 的 一辩 好像 梁逸峰
23964600,hhhh 他们 好能 扯 ( )
23962989,正方 的 sibi 和 反方 的 总结 都 好 厉害
23962514,精彩
23962228,正方 不好 辩 啊
23962176,还是 很 精彩 的
23957516,中国 的 任何 比赛 东西 都 不能 输输 了 就 说明 是 比赛 本身 不 公平 这 就是 B 站 小学生 ( )
23957622,武汉大学 其实 是 第一名 VS 马来亚 大学 = = ( )
23958741,回复 : 马来亚 大学 里面 也 有 国人 友谊赛 而已
23969579,回复 : 活捉 拿 麻袋 罩 了
23999760,回复 : 怎么 每次 都 会 被 你 给 抓 到 啊 ~ 你 是 专业 捕手 嘛 下次 我会 藏 好 的
23955201,前两天 老师 还给 我们 看 这个 来 着
23954988,现在 的 喷子 弱 爆 了 有 礼貌 有 节操 的 撕 逼 才能 李菊福 好 吗
23954463,我本 以为 b 站 的 弹幕 一定 会 更加 友善 友好 却 没想到 如此 没有 礼貌 我 也 身 一个 辩手 告诉 你们 他们 的 姿态 手势 和 表情 都 可以 成为 表达 的 工具 一辩 尤其 要 做到 端庄 而 严谨 我 就 不 明白 了 有 什么 好吐槽 人家 怎么 说话 的 辩论赛 什么 论点 说 什么 话 不是 你 个人 思想 表达 的 脱口秀 请 好 清楚 再来 吐 槽
23963274,赞同 大学 期间 做过 辩论 手 看过 他们 的 视频 现在 B 站 真是 一群 小学生
127522268,同意 观点 大概 从 去年 开始 B 站 弹幕 的 风向 就 走入 了 一个 不管 你 说 什么 我 一定 要 反驳 一下 的 误区 顺便 表白 WP 客户端 我用 的 是 撸 妹 233
139147881,回复 : 是 的 是 的 真的 很烦 233333
139398496,回复 : 就 好像 不 反驳 一下 就 不行 似的 不 懂 ( _ ` )
1697860179,赞同
1706657785,我 从小到大 学 现在 大一 一共 打 了 10 年 的 辩论 全是 二辩 现在 因为 我们 队 没有 一辩 想 往 一辩 转型 这场 一辩 的 言语 表达 肢体 语言表达 都 是 我 想要 成为 的 不 懂 弹幕 小学 鸡
1729199740,回复 : 新手 想 知道 一辩 到 4 辩 难道 作用 不 一样 嘛 不 都 是 辩过 对方 吗
1730709391,回复 : 不 一样 一个 好 的 一辩 在 念 稿子 的 时候 不是 念 给 对手 听 是 念 给 评委 和 观众 语速 不能 过快 也 不能 过 慢 必须 要 吐字 清晰 还要 有 感染力 其次 不仅 要 接好 质询 还要 在 质询 对方 的 达成 更 多 的 共识 为 自己 的 二 辩三辩 打 好 基础 除此之外 最 重要 的 还是 要 带 稳 大方向 如果 一场 辩论 当中 一辩 偏 了 或者说 不 知道 队友 是不是 打 到 对面 战场 上 拉 不 回来 队友 是 很 难受 的 一件 事情 自己 的 论点 要 吃透 还要 稳住 队友 二辩 三辩 打 偏 了 马上 要 拉回来 必要 的 时候 还要 起身 申论 时刻 注意 队友 一辩 想 出彩 真的 很难 需要 很 长时间 的 磨练 我 也 是 一直 在 练 这些 只是 我 个人 的 见解
1742898616,回复 : 哇 原来 辩论 这么 高深 啊 高中毕业 了 在 我 印象 里 还是 看 谁 说 的 有理 感谢 科普
2041190406,回复 : 我 一一 开始 打四辩 的 要 去 连续 打 两场 三辩 慌 得 一批
2462473957,摸摸头
2966136313,素质 不同
4323478658,赞同 弹幕 瞎 逼 逼 的 太 多 了
4409108458,弹幕 礼仪 的 普遍 丢失 是 素质 低下 造成 的 现在 的 人 上 个 网 真的 连 素质 都 丢 了
4750238979,我 想 并 不是 b 站 的 网友 更 不好 更好 而是 根本 的 对 发言 简单 粗暴 毕竟 人人 都 不用 负责 任 更深 的 是 背后 的 人 不是 人人 都 有着 同样 高超 的 理解 不是 人人 都 有 高素质 所以 要 找 一片 净土 只有 一个 法子 关掉 弹幕 不看 评论 在 这 中 没有 丑必 没有 美 没有 恶自 没有 善
4873488542,大多数 人 其实 是 沉默 的 你 看点 赞 播放 量 转发 就 知道 不是 b 站 的 弹幕 不 礼貌 是 什么 都 不 清楚 的 人 爱 瞎 巴巴
5531052338,我 已经 把 弹幕 关 了 全程 关 弹幕 看 非常 激动 和 投入 弹幕 质量 真的 很差
102437667408,回复 : 现在 来看 15 年 简直 是 天堂
104536655056,超 我们 学校同学 也 这样 烦死 了
118348431648,回复 : 现在 看来 现在 与 15 年 没 啥 区别 小学生 永不 过时
156559441712,回复 : 现在 已经 演变成 了 别 反驳 反驳 就是 我 对 的 地步 了
228139648848,商业化 思维 而 有 的 钱 这样 动植物 人 就 可以 按照 这个 变成 钱 筹码 商品
241059524288,15 年 的 评论 挖坟
245925500880,没 办法 网络 上 随便 谁 都 能 张口 就 来 哪怕 现在 法律 慢慢 介入 监管 也 还是 免不了 很多 人 逞一时之 快 那些 人大 概率 都 没有 耐心 看 完一 整场 辩论
254062990145,回复 : 考古 现在 15 年 已经 是 是 10 年前 了
256582469904,15 年 辩论 就 这样 了 吗
279433544064,回复 : 因为 好多 杠精 ( . )
23953939,( _ ) 就 问 一句 敢不敢 撕 一下 先有 鸡 还是 先有 蛋
23990808,你 这个 论题 在 辩论 中是 很 容易 走 科学 向 的 这 在 选 命题 时 很 忌讳
23952804,( ) C & lt ; ( / ; ; ) / ~
23952351,还 以为 这种 视频 弹幕 肯定 都 在 撕 逼 结果 发现 并 没有 因为 大家 根本 撕 不过 视频 里 的 这群人 啊 ( ) 色情 队 的 胜利
23951559,希望 上 周刊 让 更 多 的 人 看见
23950474,初中 时候 政治课 看过 记得 当时 全班 全程 都 在 爆笑
23943738,我 觉得 逻辑 真的 很 重要 正方 口才 对确 好 但 我 不 喜欢 不然 吵架 吵 不过 ( 3 )
23942957,我 承认 钱 是 万恶之源 所以 把 你们 的 钱 给 我 吧 我 来 帮 你们 除去 恶
23937377,看 完 我 支持 正方 无论 在 辩论 之中 还是 谈理 之中 但是 这场 辩论 的 命题 一 开始 就 对 正方 不利 另外 只要 有人 这个 品种 或者说 只要 有人 活在 这 世上 当然 都 不会 承认 钱 是 万恶之源 因为 人 的 本性 承认 了 就是 打 自己 脸 肯定 不 承认 的
23936182,真 精彩 记在 纸 上 慢慢 品味 果然 能 上 电视辩论 的 学生 和 一般 的 辩论 层次 不同 啊
23934419,2333 有 周玄毅
23933556,钱 是 万恶之源 万是 全部 吗 钱 做 慈善 也 是 恶 吗 我们 做 的 一切都是 为了 钱 吗 嘛 正方 挺难 打 的 反方 赢 了 nice
23930668,钱 是 万恶之源 的 解释 为 钱 能 生出 万恶 但 钱生 出来 的 不 一定 都 是 恶 这样 不 就 好 了
23927565,贩毒 队 惜败 强奸 队
23926257,看到 这些 小学生 的 掐 点 我 也 是 醉 了
23924502,赢 在 强奸 上 笑 尿 了
23924010,虽然 辩论 很 精彩 但 辩论 毕竟 不是 说理 不 排斥 非 逻辑 辩论 结果 也 不 一定 合 逻辑 尤其 是 辩题 本身 就是 假 两难 选择 简直 坑人
23933644,我 就 在 想 有没有 两队 一起 辩 出题 人 的
23923789,关键 没有 对错 只是 在 短时间 内 思想 交锋
23923522,诸葛亮 骂 死 王朗 是 为了 钱 吗 233333
1818192569,诸葛亮 骂 死 王朗 是 为了 蜀国 安定 蜀国 安定 是 为了 北伐 而 兴复 汉室 而 兴复 汉室 是 为了 汉室 兴隆 汉室 兴隆 江山 安定 社会 和谐 经济 发展 人民 安居乐业 所以 诸葛亮 骂 死 王朗 是 为了 钱
23922507,其实 辩论赛 嘛 俩个 负责 扯淡 绕晕 对手 一个 负责 暴击 输出 还有 一个 负责 坐姿 代表 己方 波澜不惊 的 形象 然后 装逼 过头 输 了 ~ 你 看 对面 四个 轮番 负责 吊打 强奸 一次 挂于 口 上 侃侃而谈 没 办法 我们 脸皮薄 傻乐 此 段 纯属 娱乐 请 各位 不要 较真
23928357,玩家 & amp ; lt ; 可爱 的 兜帽 & amp ; gt ; 在 默默 的 对 着 & amp ; lt ; 小学生 & amp ; gt ; 疯狂 输出 造成 了 成吨 的 伤害
23945554,回复 : 我 的 输出 可 都 是 暴击 哦 www ( ) 人偶 师 : 未来 参加 了 战斗 ~
23922474,正方 四辩 和 我 同学 好像 啊 然后 键盘 侠真 厉害
23921354,色情 队 赢 了 我 不服
23920654,怎么 这么 多 专业 评论家 主持人 的 口音 你们 都 可以 吵 还有 人 说 啊 我 看不下去 了 好 二 请 你 把 舌头 捋 直 了 说话 好 么 看不下去 还要 发 弹幕 恶心 人 顺便 show 一下 自己 的 专业 普通话 和 国际 一流 的 诡辩 技术 屌 实在 是 屌 作为 一名 安徽 工业 大学 法学系 的 一名 大一 新生 我 表示 那些 教授 理论 学都弱 爆 了 你们 才 是 真 大神 不愧 是 靠 脑子 吃饭 的 一群 人呐 打字速度 都 比 我 快 好多 佩服 佩服
23922019,辩论赛 是 通过 反方 的 逻辑 漏洞 和 语言表达 错误 来 互相 论证 证明 己方 观点 的 说 通俗 点 就是 互相 抓 语病 和 思维 盲区 你们 网上 辩论 三句 离不开 对方 亲人 大部分 没有 丝毫 逻辑 而且 大多 是 互相 扣 字眼 没有 丝毫 说服力 急眼 了 就 对 没错 老子 就是 来 钓鱼 的 以此 来 证明 对方 的 观点 是 正确 的 自己 也 是 这个 观点 以前 的 观点 是 用来 钓 无知者 的 啧啧 请问 您 就是 鱼饵 么 哎 呦 这 都 过期 了 呀 真 没 智商
23972007,回复 : 哎哟 兜帽 君 没想到 在 这里 看到 你 同为 法院 大一 新生 握手 ( )
23972034,回复 : 啊 不是 同一个 大学 的 ( )
23999659,回复 : 什么 嘛 不是 一个 学校 吗 可惜 了 ~ 如果 在 一个 学校 的话 可以 做 朋友 呦 ~
23999702,回复 : 握手 握手 让 我 好好 摸摸 你 白嫩 的 小手 手 ( )
24006463,回复 : ( )
4282557946,校友
128485848400,我们 热爱 学习
132193687136,2022 表示 赞同
133530501344,大哥 好 时间 过得 真快
151475925552,2023 年 来 的 表示 已经 没有 看到 弹幕 了
289128304592,回复 : 握手 ( & lt ; )
23920538,强奸 即 是 正义
23920460,2333 色情 辩论 员
23920107,哈哈 果然 是 万恶 淫 为首 啊
23919616,当年 我 看过 最好 的 一场 辩论
23919555,up 求 搬 新国辩 20 周年 的 明星 邀请赛
23919587,新国 辩国辩 20 周年 的 那场
23921526,回复 : UP 主 貌似 搬过 了
23923405,回复 : av1906483
23917282,b 站 看 辩论 真是 不能 开 弹幕 小学生 的 掐 点 实在 让 人 欲罢不能 啊
23916889,要 把 钱 的 概念 转化 掉 转化 为 钱 是 流动 商品 的 等价 媒介 这样 就 不好 说 钱 不是 万恶之源 的话 了 物欲 都 能 作为 钱 是 万恶之源 的 观点
23915780,小学 时候 看过 印象 深刻 现在 看 好 感动 啊 怎么办
23915770,他们 说 的 都 好 有 道理 呦
23914980,把 子孙 根 切下来 上课 看 的 印象 深刻
23914808,其实 辩论赛 基本 都 是 正方 这个 位置 就是 吃亏 的 尤其 是 新加坡 赛制
23914494,这个 正方 本来 就 很 吃亏 吧
23914184,耐心 的 看 完 双方 都 好 厉害 _ ( : 3 ) _
23911604,论题 本身 偏向 于 反方 反方 只 需 证明 钱 是 中立 的 亦 善 亦 恶 的 或者 证明 其 不是 万恶之源 即可 而 正方 要 赢 的话 则 必须 证明 钱 就是 万恶之源 过于 绝对化 因为 世间 的 恶 是 多种 的 并 不全是 因 金钱 而 产生 出来 的 并且 钱 本身 就是 没有 意识 的 存在 而是 人类 有意识 地去 为了 钱 或者 使用 钱 去 行恶 把 钱 冠上 万恶之源 的 名义 实在 冤枉 好比 一个 人用 刀 去 刺 死 或者 用 石头 去 砸死 另 一个 人 是 刀 和 石头 错 了 吗 能 把 石头 和 刀 称为 恶源 吗 能 把 罪行 推 到 石头 和 刀 身上 吗 答案 很 明显 是 不能 的 所以 真正 的 万恶之源 其实 是 残酷 不 仁 愚昧无知 贪图 名利 的 人心
23911113,论题 本身 偏向 于 反方 反方 只 需 证明 钱 是 中立 的 亦 善 亦 恶 的 或者 证明 其 不是 万恶之源 即可 而 正方 要 赢 的话 则 必须 证明 钱 就是 万恶之源 过于 绝对化 然而 世间 的 恶 是 多种 的 就 正如 南京大屠杀 中 的 日本 人 它们 屠杀 强奸 只不过 是 为了 满足 其 兽性 和 发泄 性欲 罢了 并 不是 因为 钱 而且 强奸 女人 并且 正方 在 最后 总结 陈词 时称 万恶之源 并 不是 恶称 钱 是 无所不能 的 这 都 是 矛盾 不合理 的 所以 输 了 是 必然 的
23911072,论题 本身 偏向 于 反方 反方 只 需 证明 钱 是 中立 的 亦 善 亦 恶 的 或者 证明 其 不是 万恶之源 即可 而 正方 要 赢 的话 则 必须 证明 钱 就是 万恶之源 过于 绝对化 然而 世间 的 恶 是 多种 的 就 正如 南京大屠杀 中 的 日本 人 它们 屠杀 强奸 只不过 是 为了 满足 其 兽性 和 发泄 性欲 罢了 并 不是 因为 钱 而且 强奸 女人
23911053,论题 本身 偏向 于 反方 反方 只 需 证明 钱 是 中立 的 亦 善 亦 恶 的 或者 证明 其 不是 万恶之源 即可 而 正方 要 赢 的话 则 必须 证明 钱 就是 万恶之源 过于 绝对化 然而 世间 的 恶 是 多种 的 就 正如 南京大屠杀 中 的 日本 人 它们 屠杀 强奸 只不过 是 为了 满足 其 兽性 和 发泄 性欲 罢了 并 不是 因为 钱 而且 强奸 女人 并且 正方 在 最后 总结 陈词 时称 万恶之源 并 不是 恶称 钱 是 无所不能 的 这 都 是 矛盾 不合理 的 所以 输 了 是 必然 的
23911043,擦发 不了 评论
23910988,论题 本身 偏向 于 反方 反方 只 需 证明 钱 是 中立 的 亦 善 亦 恶 的 或者 证明 其 不是 万恶之源 即可 而 正方 要 赢 的话 则 必须 证明 钱 就是 万恶之源 过于 绝对化 然而 世间 的 恶 是 多种 的 就 正如 南京大屠杀 中 的 日本 人 它们 屠杀 强奸 只不过 是 为了 满足 其 兽性 和 发泄 性欲 罢了 并 不是 因为 钱 而且 强奸 女人 并且 正方 在 最后 总结 陈词 时称 万恶之源 并 不是 恶称 钱 是 无所不能 的 这 都 是 矛盾 不合理 的
23910976,论题 本身 偏向 于 反方 反方 只 需 证明 钱 是 中立 的 亦 善 亦 恶 的 或者 证明 其 不是 万恶之源 即可 而 正方 要 赢 的话 则 必须 证明 钱 就是 万恶之源 过于 绝对化 然而 世间 的 恶 是 多种 的 就 正如 南京大屠杀 中 的 日本 人 它们 屠杀 强奸 只不过 是 为了 满足 其 兽性 和 发泄 性欲 罢了 并 不是 因为 钱 而且 强奸 女人 并且 正方 在 最后 总结 陈词 时称 万恶之源 并 不是 恶称 钱 是 无所不能 的 这 都 是 矛盾 不合理 的 所以 输 了 是 必然 的
23909676,我 又 想起 了 我 的 高中 老师 在 语文课 上 给 我们 放 了 这个 哎 好怀念 当时 全班 笑出 腹肌
23908354,很 经典 在 辩题 本身 就 对 正方 不利 的 前提 下 正方 实在 是 太 厉害 了
23904973,论题 本身 偏向 于 反方 反方 只 需 证明 钱 是 中立 的 亦 善 亦 恶 的 或者 证明 其 不是 万恶之源 即可 而 正方 要 赢 的话 则 必须 证明 钱 就是 万恶之源 过于 绝对化 然而 世间 的 恶 是 多种 的 就 正如 南京大屠杀 中 的 日本 人 它们 屠杀 强奸 只不过 是 为了 满足 其 兽性 和 发泄 性欲 罢了 并 不是 因为 钱 而且 强奸 女人 并且 正方 在 最后 总结 陈词 时称 万恶之源 并 不是 恶称 钱 是 无所不能 的 这 都 是 矛盾 不合理 的 所以 输 了 是 必然 的
23904746,论题 本身 偏向 于 反方 反方 只 需 证明 钱 是 中立 的 亦 善 亦 恶 的 或者 证明 其 不是 万恶之源 即可 而 正方 要 赢 的话 则 必须 证明 钱 就是 万恶之源 过于 绝对化 然而 世间 的 恶 是 多种 的 就 正如 南京大屠杀 中 的 日本 人 它们 屠杀 强奸 只不过 是 为了 满足 其 兽性 和 发泄 性欲 罢了 并 不是 因为 钱 而且 强奸 女人 并且 正方 在 最后 总结 陈词 时称 万恶之源 并 不是 恶称 钱 是 无所不能 的 这 都 是 矛盾 不合理 的 所以 输 了 是 必然 的 ~
23904377,论题 本身 偏向 于 反方 反方 只 需 证明 钱 是 中立 的 亦 善 亦 恶 的 或者 证明 其 不是 万恶之源 即可 而 正方 要 赢 的话 则 必须 证明 钱 就是 万恶之源 过于 绝对化 然而 世间 的 恶 是 多种 的 就 正如 南京大屠杀 中 的 日本 人 它们 屠杀 强奸 只不过 是 为了 满足 其 兽性 和 发泄 性欲 罢了 并 不是 因为 钱 而且 强奸 女人 并且 正方 在 最后 总结 陈词 时称 万恶之源 并 不是 恶称 钱 是 无所不能 的 这 都 是 矛盾 不合理 的 所以 输 了 是 必然 的
23902896,如果 是 我 破题 立论 的 时候 会 把 重点 放在 如果 有了钱 那么 恶 还 会 发生 吗 来 诡辩 武大 立论 时 就 浪费 了 作为 正方 的 先机 根本 没有 抛出 自己 整场 比赛 辩论 的 核心 这 也 导致 全场 都 在 围着 反方 的 立论 转 咬文嚼字 只能 作为 诡辩 来 反驳 以此 来 立论 难以 赢得 比赛
23902886,这个 辩题 对 正方 明显 不 公平 正方 只能 诡辩 高水平 的 辩论赛 这样 的 辩题 很 容易 在 开始 就 决定 结果 武大 的 诡辩 技巧 又 太 单一 纯粹 的 咬文嚼字 辞藻 华丽 但 毫无 说服力 不得不 吐槽 弹幕 连 第一次 铃声 代表 倒计时 都 不 知道 B 站 受众 水平 可见一斑
23905760,你 认为 倾向 反方 也 只能 说明 你 的 水平 确实 一般 这个 辩题 其实 是 公平 的 正方 一辩 已经 说出 正方 的 核心 辩论 又 不是 说理 场上 不 存在 对错 其实 和 吵架 一样 抓住 突破口 直接 推倒 反方 抓住机会 一直 在 强调 贪 正方 恰恰 是 掉 进 了 反方 的 陷阱 反方 抛出 了 具有 漏洞 的 问题 引诱 正方 来 回答 正方 就 憨厚 地 以为 可以 通过 回答 反方 的 问题 来 进攻 熟 不知 反方 早已 找 好 辩词 被 反方 带 了 节奏 其实 应该 跟着 一辩 的 节奏 走重 在 解释 源 什么 是 源 钱 引起 了 人们 的 贪欲 世间 没有 东西 能比 钱 的 力量 更大 所以 钱 是 源 食物 女色 睡眠 只能 解决 我 的 私欲 我 并 不能 拥有 什么 所以 只能 引起 人们 的 小 欲 我 不会 为了 女人 屠杀 民族 更 不会 为了 食物 杀人放火 所以 他 不是 源
23918412,回复 : 吐槽 周玄毅 的 够 了 啊 人家 好歹 是 武大 哲学系 教授 看看 他 和 黄 执中 的 哲理 辩 黄 大神 都 被 虐 了 好 不 还有 吐槽 周玄毅 不会 先驳 后立 先去 了解 下 辩论 史 如何 这场 比赛 以前 全国 的 辩论 都 在 学武 大 的 花辩 那 时候 纯立 是 主流 武大 也 做 得 确实 不错 就是 这 一场 比赛 之后 华语 辩论 全 才 意识 到 驳 的 重要性 也 开始 出现 全驳 式 的 结辩 如果 你 知道 这些 还要 吐槽 那 就是 犯 了 学 历史 的 常见 毛病 苛责 前人
23921227,回复 : 我 说 的 就是 01 届国 辩时 周 同学 的 表现 您 说 我 苛责 前人 难道 现在 国 足 亚洲杯 小组 3 战全胜 出线 就 不能 提 被 泰国 5 比 1 吗 就 像 我 非常 喜欢 03 年 时 的 陈锦添 但 却 不得不 说 他 01 时 是 马来亚 里 相对 最弱 的 当时 的 评价 难道 不是 周 同学 就是 在 做 演讲 我 记得 当年 国辩 论坛 还有 拿周 同学 自由 辩论 里 扯 贝字 和 拿 词典 出来 往死里 喷 的 至于 由立 到 驳 01 之后 的 02 全辩 其实 就 能 感受 到 了 而且 从 拿 以后 大陆 队伍 的 立论 也 越来越 霸道 了 赛制 的 不断改进 也 是 更 往驳 的 方向 发展 但 这 都 是 之后 华语 辩论 的 发展 和 我 评价 这场 有 关系 吗
23902215,事实证明 会 扯 犊子 就是 牛 逼
23902011,主持人 口音 听 的 我 鸡皮疙瘩 都 蹦 了 不能 忍
2209255802,这是 新加坡 华语 发音 跟 普通话 有 差别
23899184,( 口 ) ( 最后 的 烟灰缸
23899063,在 他们 不断 开启 嘴炮 技能 的 同时 我 不禁 产生 了 疑问 那么 他们 说 了 这么久 不会 口渴 么
23898678,反方 四个 色情 辩论 员 啊
23898015,武大 就是 输在 立论 上 一个 万字 概念 界定 问题 后面 圆 了 整场 都 没圆 回来 直接 导致 之后 03 的 中山 和 05 的 电 科大 重点 都 放在 立论 上 尤其 是 电 科大 立论 霸道 得 就 好象 要 告诉 别人 我 怎么 说 都 是 对 的 你 说 的 就是 扯 一样 但 个人 觉得 这 也 导致 了 精彩 程度 的 下降
23897781,钱 是 万恶之源 但 万恶之源 不是 恶 的 钱 能 导致 万恶 也 能 导致 万善 导致 万善 又 不 影响 导致 万恶 万恶 由 钱 导致 那么 万恶 加一 的 恶中 的 加一恶 就 和 钱 没关系 了 所以 说 钱 是 万恶之源 啊 这么 说 感觉 好 欠 打
23906326,感觉 绕口令 一样 2333
23897524,高 一时 老师 就 给 我们 看过 真是 超 精彩 看 完后 意犹未尽 回家 后 又 看 了 好几遍 超赞 的
23896942,给 大家 科普 一下 这场 比赛 吧 金钱 辩 为什么 是 华语 辩论 史上 最 经典 的 比赛 1 . 双方 队伍 的 实力 都 非常 强 马来亚 和 武大 刚好 是 国辩 历史 上 成绩 最好 的 两支 队伍 两方 四个 辩手 都 是 华语 辩坛 排得 上 的 人物 了 可以 说 两支 实力 相近 的 队伍 才能 造就 一场 伟大 的 比赛 这 就 有别于 93 复旦 99 西交 吊打 全场 的 情况 2 . 这是 华语 辩手 实力 最 强大 的 时代 和 当今 的 网络时代 不同 当年 没有 现成 的 资料 和 强大 的 咨询 网 培养 一个 辩手 的 成本 是 很 高 的 想想看 每个 辩手 场上 不 出 几分钟 的 发言 背后 是 多么 大 的 阅读 量 的 积累 正方 三辩 余磊 说 过 准备 一个 辩题 大概 要 一个月 的 时间 对 发言 仪态 声音 都 有着 极高 的 要求 所以 武汉大学 的 四位 辩手 才能 在 毕业 后 都 小有成就 这 和 大学 辩论 期间 的 培养 和 学习 是 分不开 的 现在 的 辩手 读书 越来越少 训练 越来越少 实力 大多 已经 比不上 当年 了 3 . 国辩 舞台 可能 大家 不 知道 当年 国辩 是 会 被 中央台 反复 播放 的 电视节目 在 那个 娱乐 信息 极度 匮乏 的 时代 国辩 就是 现在 的 我 是 歌手 跑 男国辩 的 盛行 还 在 大学 中 掀起 辩论 浪潮 如今 老国辩 已 死 高校 对 辩论赛 的 重视 也 不如 以往 再 难以 复制 当年 的 辉煌 4 . 对 大陆 辩坛 的 影响 这个 就是 圈内 的 共识 了 在 这场 比赛 之前 大陆 辩手 大多 专注 于 辞藻 的 华丽 和 感情 的 宣扬 缺少 对 辩论 场上 交锋 和 逻辑 的 重视 这场 比赛 有 小 插曲 评委 讨论 胜负 长 达 一个 小时 武汉大学 以为 胜券在握 结果 之前 一路 横扫 对手 的 武大 居然 2 : 3 失利 关于 这场 比赛 的 胜负 评判 引起 轩然大波 在 当年 的 BBS 有着 长 达 几年 的 讨论 但 不可否认 的 是 这场 比赛 极大 影响 了 大陆 队伍 的 辩论 风格 可谓 开创 了 一个 新 的 时代
120454244,在 这场 比赛 之前 大陆 辩手 大多 专注 于 辞藻 的 华丽 和 感情 的 宣扬 这 大概 毫无疑问 是 93 年 的 复旦 的 锅
120823138,关于 辞藻 华丽 这 一点 两年 后 才 看到 这场 比赛 的 我 也 觉得 非常 有 道理 啊 正方 总能 用出 一些 有趣 的 妙语 来 带动 现场 气氛 正方 四辩 的 升华 更是 体现 了 这 一点
514661329,感谢 科普
519252443,我 个人 是 十分重视 逻辑 的 那些 好笑 的 小 段子 烘托 气氛 的话 还有 比喻 有时候 要 倒回去 再 看一遍 说 笑 归 说 笑 但 不能 为了 辞藻 牵强附会
669030687,如果 是 一场 国会 演讲 or 一场 公众 演说 目的 在于 说服 更 多 的 人 那么 充沛 的 情感 和 有趣 的 段子 定然 比 干巴巴 的 摆 道理 讲 逻辑 更能 打动 人心 不过 辩论赛 应该 算是 学术性 的 活动 以 锻炼 思维 深化 真理 为 目的 不该 以 照顾 大众 为 优先 吧 ( _ )
691997758,回复 : 复旦 我们 中文系 法律系 的 学生 辞藻 华丽 错 了 吗 ( & gt ; _& gt ; )
787869185,感觉 更 喜欢 马来亚
890991031,正方 一辩 是不是 有点 插不上 嘴 啊
1092866211,回复 : 女生 自然 会 吃 点 天生 的 亏 而且 她 作为 唯一 一位 女选手 自然 也 是 厉害 的
1150971665,回复
1240035229,回复 : 你 说 辞藻 不能 成为 道理 但是 你 真的 接收 信息 不 一定 会 这么 接收 而且 道理 本来 就是 一个 相对 的 东西
1284486682,辞藻 华丽 没有 问题 如果 逻辑 加上 辞藻 那 是 完美 了 但是 不能 偏重 词藻
1285044496,回复 : 大众 更 多 的 是 看 逻辑 的 不是 觉得 谁 有 感情 听 着 舒服 就 跟 谁
1467199747,哇 现在 你们 就是 在 辩论 啊
1664084608,回复 : 事实上 人类 作为 感性 动物 更 偏向 &# 34 ; 空洞 的 词藻 &# 34 ;
1664705638,回复 : 至少 杠精 是 没 资格 也 没 能力 出现 在 这个 舞台 上 的
1670329302,回复 : + 1000000000 我 就是 这么 想 的 词藻 华丽 确实 说明 了 他 的 厉害 不过 还是 麻烦 把 演讲 跟 辩论 仔细 区分 一下 这是 辩论 追求 的 是 以理服人 不是 看 你 的 语言 多么 优美 演讲 更 需要 的 才 是 优美 的 词藻 你 语言 再 优美 再 丰富 也 不 可能 把 1 + 1 的 结果 说成 3 说实话 优美 的 语言 在 辩论 这里 不过 是 鸡肋 罢了 食 之 无味 弃之可惜 说 直接 点 就是 没多 大用处 的 废话 你 有 时间 说 几个 高雅 的 词语 确实 可以 提升 档次 但 那组 辩方 完全 是 词藻 优美 过度 了 把 一个 以理服人 以 事实 服人 的 辩论 搞 得 像 演讲 似的
1676291543,回复 : 她 的 发言 被 删减 了
1677678998,你 这 头像 咋搞 的 能 不能 教教 我
1686387873,回复 : 自行 寻找 报告 嗱 亲 x
1686800935,我 觉得 吧 在 辩论 时间 有限 的 情况 下 最 完美 的 当然 是 词藻 和 逻辑 兼顾 但 无法 兼顾 的 时候 我 觉得 逻辑 比 词藻 更 重要 正方 辩题 处于 劣势 ( 我 是 这么 觉得 的 ) 更 多 的 是 运用 辩论 技巧 来 掩盖 来 渲染 气势 增强 说服力 总 感觉 在 最后 正方 四辩 有些 招架不住
1689064293,回复 : 人 是 感性 的 是 你 提出 的 论点 对 不 对 为什么 你 的 论点 要 我 去 证明
1692065700,回复 : 常识性 论点 嗱 亲
1698744860,回复 : 请教
1699939766,回复 : 自己 的 论点 自己 找 证据 我 觉得 OJBK 跟 是否 常识性 没有 关系
1700285440,到 了 公布 输赢 的 时候 我 没有 看 我 觉得 他们 都 很棒 正负 输赢 其实 你 的 心里 早有 答案 但 在 你 这 被 剧透 了 一场 史诗 级 的 比赛 不 需要 赢家
1711879692,2333 赞 不想 点 / TT ) /
1712552080,那个 问 一下 第一段 辩论 是 在读 稿子 吗 为什么 还有 纸条 可以 看 啊 求 告知
1997456918,看 的 有点 感动 不管怎么 说 这 八位 选手 让 我 见识 到 了 什么 叫做 自信 的 天才
2008756436,回复 : 确实 有点 招架不住 了 其实 只要 面对 一定 人数 发过 言 的 人 都 会 有 这种 感受 吧 一种 大脑 短暂 的 空白 说不上 话 的 感觉 这个 时候 只能靠 平时 的 训练 出来 的 基础 了
2023979364,回复 : 参加 过 辩论赛 就 知道 有时候 被 问到 没 准备 的 问题 一时半会 又 不能 想 出来 支支吾吾 肯定 不行 只能 先说些 套话 作为 缓冲 留下 时间 思考
2085939396,一辩 主要 是 开篇 发言 和 自由 辩论 两个 环节 的 时候 发言 结果 自由 辩论 时候 一直 围绕 着 强 奸 她 也 不好 说话
2170312491,回复 : 确实
2174499490,回复 : 请问 您 又 如何 看待 前段时间 李诞 的 救 猫 不 救画 姑且 认为 那个 节目 也 是 辩论
2183605118,回复 : 一是 生命 一是 文物 二者 价值 是不是 一样 名画 比猫 重要 猫 当作 家人 猫 重要 两者 价值 相等 生命 重要
2183638153,回复 : 所以 李诞 不是 主要 靠 感情 牌 赢 的
2233052252,个人感觉 反方 最后 的 总结 非常 可以 啊 非常 的 有理有据 条理分明 .... 正方 最后 总结 确实 辞藻 华丽 慷慨激昂
2266731086,辩论 是 倒退 式 发展 硬盘 也 是 事实证明 在 小 的 时间段 内 不是 所有 东西 都 是 往 好 的 先进 的 方向 发展 的
2396563934,其实 单以 辩论 技巧 和 情绪 感染力 来说 正方 基本上 来说 吊打 反方 但是 这个 辩题 正方 实在 太 劣势 了 一句 万恶之源 是 贪欲 而 不是 钱 就 把 他们 顶 死 了 很 明显 他们 早就 料想 过 这个 问题 以 贪字 的 贝 做文章 但 实在 是 太过 牵强 了 在 万字 上 方向 没错 但 使 的 劲儿 太大 了 到 后面 已经 有种 孤木 难支 的 感觉 了 如果 在 万 贪和源 三个 点 一起 下手 也 不至于 到 最后 有种 后劲不足 的 感觉 了
2397777276,回复 : 然而 逻辑 才 更为重要
2397779338,回复 : 是 的 不过 主要 也 因为 对方 是 外国人 中文 不强 再 正常 不过 了 要是 用 英文 辩论 还 不 知道 又 会 是 怎样 的 呢
2397791741,回复 : 讲真 辩论 的 时候 女生 不 应该 忌讳 这些 吧 我 觉得 就是 因为 她 的 水平 不如 马来亚 的 和 讨论 强 j 无关
2397793707,回复 : 辩论 水平 和 标题 正反方 无关 我 觉得 反方 的 逻辑思维 就是 比 正方 强
2398555105,回复 : 我 也 喜欢 逻辑思维 方式 思考问题 所以 想 了 一下 正方 从 逻辑 角度 去 说 的话 有 致命 缺点 真的 用 逻辑 方式 思考 这个 辩题 正方 完全 没有 优势 那 既然 是 一场 比赛 他们 肯定 要 选择 能 让 自己 赢得 方式 简单 来说 就是 反方 表现 稳定 我能 想 出 他们 会 用来 进攻 的 论点 但是 正方 给 到 我 惊艳 的 感觉 因为 我 想不出 他们 居然 可以 用 这种 方式 来 辩论 眼前一亮 吧 无所谓 爱国 情怀 单纯 就事论事 虽然 其实 我 本身 是 支持 反方 观点 的
2442129700,回复 : 不是 强 jian 的 问题 是 一辩 的 发言 因为 政治 敏感 而 删减 了 很多 ( )
2443218605,回复 : 哦 哦
2509207972,回复 : 我 记得 她 有 一句 很 经典 的 论点 万恶之源 恶 反方 观点 一直 就是 万恶之源 就是 恶 前面 也 有 例举 说 为什么 有人 用钱 行善 用恶 之源 开出 善之花 也 一直 围绕 这个 点 攻击 正方 我 当时 看 的 时候 觉得 蒋舸 这个 点 很 犀利 直接 将 反方 的 大部分 论据 推翻 但 很 可惜 这个 观点 只是 提了 一嘴 就是 这里 删掉 了 虽然 我 不 知道 为什么 删 了 但 我 看过 很多遍 记得 很 清楚 蒋舸 也 不是 说不上 话 一辩 在 自由 辩论 环节 只能 站 起来 三次 而且 一辩 的 作用 是 引出 论点 需要 强大 的 逻辑 整理 能力 队友 的 辩论 都 是 围绕 一辩 的 发言 进行 的 辩论 场上 的确 最 出风头 是 攻击力 最强 的 二三 辩 但 辩论 是 团队 协作 各方 都 需要 相互配合 不站 起来 不是 插不上 话 站 起来 是因为 没有 必要
2562485102,93 复旦 吊打 全场 哈哈
2590140988,回复 : 我 只 觉得 一句 话 就 能 击倒 对手 就是 好 逻辑
2687096904,回复 : 世界 上人 数最多 的 是 大众 提高 大众 的 思维 品质 更 有 帮助 吧
2752335294,回复 : 可 这 和 那个 女选手 有 什么 关系 吗
2752337063,回复 : 不 知道 你 的 这个 杠精 是不是 有 所指 ... 如果 是 先前 那句话 不过 是 提出 一个 疑问 是不是 这 是 你 眼中 的 杠精 吗
2816209675,回复 : 手段 罢了 在 气势 上能 压 就 一定 要 去 压 对面 这招 对于 心态 不好 的 对手 可谓 屡试不爽 望 客观 望 全面 望 理性
2831569487,居然 是 辞藻 华丽 的 错 心惜
2831585617,再说 一句 辞藻 华丽 本身 是 一种 主观 证明 有人 直接 说 对 辩论 没有 帮助 我 不 认可
2883553871,回复 : 辞藻 华丽 本 没有 错 重点 在 逻辑推理 的 欠缺 个人观点
2986865716,回复 : 本身 感觉 正方 队伍 的 论证 点 走 偏 了 感觉 后面 几个 辩手 不 知道 是 之前 准备 没 做好 还是 做错 了 选择 后面 完全 是 在 强行 用 言语 强行 压制住 了 对面 但是 压制 的 时候 选错 了 方法 吧 不 应该 重复 解释 一个 字用 文字游戏 来 压制 对方 的 完整 逻辑
3028818394,并 不是 现在 的 辩手 越来越 弱 而是 比赛 越来越 多备赛 时间 越来越 短 赛程 越来越 密集 有时候 一周 要 打 两场 外赛 平均 三天 备 一场 比赛 辞藻 的 华丽 语言 的 流畅 自然 比不上 那 时候 而且 辩论 技术 也 有 更新换代 拿 十几年 前 的 技术 打 现在 的 比赛 获胜 的 可能性 也 微乎其微 同样 现在 的 技术 也 不 太 符合 当时 的 判准
3041372627,只想 看 中国 的 选手 互相 battle
3064132349,说 辞藻 华丽 的 问题 那个 时代 有 那个 时代 的 打法 且 每个 队 也 有 每个 队 的 风格 所在 武大 另 一场 比赛 以 成败论 英雄 是否 可取 也 非常 精彩 可以 去 看看 当然 现在 辩论 辞藻 华丽 的 辩手 不太多 见 更 多 的 是 逻辑 理性 的 辩手 但是 并 不能 否定 辞藻 华丽 的 辩手 可以 看到 老友 赛里 周帅 和 袁丁 都 逻辑性 很强 非常 有 说服力 和 个人 特色
3337756856,喷子 和 杠 精多 了 辩论 反而 少 了
3409511411,回复 : 有 段时间 没看 了 有点 忘 了 凭 记忆 回答 哈 就是说 单纯 用 完整 逻辑 来 思考 的话 我们 都 可以 得到 万恶之源 始于 贪欲 这么 一个 结论 这点 无论 正反方 都 能 想得到 但 既然 这是 一场 比赛 需要 分 输赢 的话 正方 的 论点 本身 就 处于 劣势 那么 与其 在 最 正常 的 逻辑 线上 被动挨打 还 不如 另辟 奇径 将 辩论 点 从 金钱 乃 万恶之源 转移 到 单个 字 上 这 本身 已经 是 无奈 之举 了 本身 其实 从 我 个人 角度 来看 的话 这个 题 从 出来 我 就 已经 觉得 反方 稳操胜券 了 他们 一句 万恶之源 非 金钱 而 实为 贪欲 就 可以 吊打 正方 正常人 碰到 这个 题 已经 绝望 了 但 正方 能 从 万字 上 另 做文章 并且 能 做到 有理有据 的 地步 单从 处理 难题 的 思维 方式 而言 个人 认为 已经 是 胜过 反方 了 而 这 是 一个 辩论 比赛 比 的 不是 谁 的 运气 好 选到 的 题目 更 有 优势 而是 比拼 的 辩论 思维 口才 的 能力
3418559528,不 对 我 感觉 这个 东西 从 理论 上 开始 的 博弈 还是 能够 有 的 没有 说 反方 是 必胜 的 国家队 失败 的 原因 还是 因为 太 过于 咬文嚼字 了 理论 上 有力 的 证据 拿 出来 的 太少 就是 死 盯 着 一个 万字 上面 做文章 拿出手 反驳 都 很 厉害 但是 自己 作为 理论依据 的 论点 不足以 支撑 起 自己 建立 的 城堡
4012846377,回复 : 纠结 在 万 贪源 为啥 不 把 钱 转换成 欲 和 利钱 就是 利 啊 天下 嚷嚷 皆 为 利往 把 私利 作为 万恶之源 来 打 是不是 比钱 更 容易 站稳脚跟
4637340640,回复 : 妹子 本身 就要 矜持 一点儿 后面 反方 提 的 黄暴 那些 论点 你 让 妹子 去 辩 的话 我 感觉 她 可能 会 不好意思 毕竟 是 01 年 那 时候 女生 应该 还是 偏 保守 的
4978591081,回复 : 现在 对比 周玄毅 和 胡渐 彪 的 发言 还是 胡渐 彪 更 有 攻击力 一些
5001666663,回复 : 事实上 没有 逻辑 而空 有 文采 的 语言 只会 让 我 感到 烦躁 这 可能 是 理性 和 感性 的 人 的 不同之处 吧
5002668588,回复 : 你 只是 习惯 贬低 别人 了 而已 烦躁 也 是 一种 情感
5003233906,回复 : 怎么 就 贬低 了 你 这么 说 是 你 这么 想 的 吧 没有 逻辑 的话 就 像 没有 推导 过程 直接 给出 个 结果 中间 卡死 的 每 一步 都 会 让 我 很 头疼 于是 得到 的 结论 我 就 无法 判断 是否 合理 不是 说 他 表达 的 我 听不懂 是 说 我 得 一步步 完善 逻辑 才能 得到 答案 很累 并 没有 贬低 吧
5003358118,回复 : 我 懂 了 你 的 意思 是 我 因为 空有 文采 而 毫无 逻辑 的话 感到 烦躁 是因为 我 有种 优越感 才 会 贬低 其实 你 默认 了 我 认为 理性 ( 逻辑 ) 高于 感性 ( 文采 ) 我 才 会 有 优越感 才 会 贬低 后者 但是 烦躁 是因为 我 得 把 他 的话 化简 去 繁 得到 关键 信息 而太多 的 修饰 话语 会 使 这个 过程 延长 于是 我 得到 这个 结论 的 时间 通常 会慢 于 普通人 表现 出来 就是 反应 慢 呆板 懂 了 吗 烦躁 不是 对 别人 是因为 我 理解 得 没 别人 快 所以 我 十分 喜欢 精简 有 重点 的 谈话 你 就 直接 根据 我 的 一句 话 忽视 未知 因素 擅自 揣测 我 的 意图 最后 得到 一个 你 自己 喜欢 的 答案 这 不 合适 吧
5005409983,回复 : 你 这 不 也 是 根据 一句 话 得到 你 喜欢 的 答案 吗
5005434831,回复 : 你 缺乏 对 文字 剖析 解读 的 能力 应该 提升 你 对 文段 的 理解能力 而 非 强行 要求 别人 迁就 你 你 说 的话 也 十分 繁杂 缺少 主干 元素 过于 空洞 以至于 你 都 很难说 清 你 的 观点 与 你 的 文辞 之间 是 何 关系
5243388264,回复 : 我 现在 想想 钱 是 利 但利 不是 钱 医疗 福利 是 利 绑架 医生 为 自己 治病 与 钱 无关 算是 一个 反驳 观点 吗 没 参加 过 辩论
5519386846,回复 : 我 觉得 可能 反方 三辩 一直 有 在 提 男性 性侵 女性 所以 她 不太好 发言 所以 其他 三个 男生 就 更 激烈 发言 了
5678843961,步步高
95008036704,我 太 喜欢 马来亚 的 总结 了 听 完 以后 听 武大 的 总结 已经 心不在焉 了
128498983488,哎 吃喝玩乐
128525985984,谢谢 你 的 科普
129646895792,回复 : 同 看到 有 弹幕 说 正方 四辩 的 发言 有点 像是 空洞 的 优秀 作文
129666850320,为什么 你 的 头发 会 变色
130425028608,回复 : 综合 实力 马来西亚 更强
131041792992,回复 : 辩论 可以 看 稿子
131649431632,的确 我 看 下来 的 感觉 就是 正方 很会 说话 但是 逻辑 方面 马来 队 真的 更加 严谨 更能 说服 我
131712270608,感谢 这场 辩论赛 进行 的 时候 我 还 没 出生
132348028304,回复 : 跟 这个 没有 关系 不 知道 你 打 没 打 或 辩论 一四辩 属于 陈述 辩位 二三 辩 属于 攻防 位是 自由 辩 的 主要 发言 方 正常 来说 一四辩 在 自由 辩 环节 都 是 不用 多 发言 的 一个 团队 自由 辩 环节 有 两三位 辩手 主 输出 就 可以 了 剩下 一二位 主要 负责 转结 战场 都 打 到 这个 地步 了 哪里 还有 什么 不好意思
132642647280,这是 辩论赛 要 的 不是 辩倒 对方 而是 通过 自己 的 表达 来 积累 印象 跟 分数 逻辑 跟 文采 都 是 加 分项 但 在 正方 逻辑 站不住脚 的 情况 下 只能 通过 诡辩 跟 文采 来 求胜 而 反方 只 需要 抓住 万跟源 两个 逻辑 点 就 可以 稳操胜券 如果 辩题 互换 你 看 两个 队 风格 是不是 也 换 了
132664422400,感谢 科普 真的 太精彩 了 看得 我 热血沸腾 这 几场 辩论 当时 大 一打 辩论赛 的 时候 我们 蹲 那 教室 小 角落里 反复 看 从 逻辑 从 辞藻 从 仪态 感觉 真的 无可 指摘 至今 仍然 有 源源不断 的 人来 考古 是 有 道理 的 再说 到 老国辩 已 死 我 真的 好 伤感
133317398448,你 字 多 跟 你 混
133619729168,回复 : 你 要 知道 你 重视 逻辑 这 一点 或许 就 是从 这场 辩论赛 传开 的 因为 逻辑 取胜 导致 人们 的 观念 趋向于 内核 逻辑 结构 而 非 辞藻 的 阐述 但 如果 最终 奖 颁 给 了 武汉队 辞藻 和 牵强附会 的 份量 或许 更上一层楼
133637742416,用心 了
133662169888,回复 : 那 也 挺 好 的
133683710672,回复 : 是 的 这场 马来亚 从 准备 到 发挥 真的 亮眼 有 惊喜 结果 14 才 是 正常 的 武大 从 准备 上 就 没 弄 好 可能 也 是 觉得 胜券在握 所以 轻敌 大意 了
133686469488,回复 : 不得不 说 因为 人 的 的 主观性 正方 的 语言 辞藻 其实 很 占优势 的
134469691424,回复 : 那个 年代 风气 比 现在 保守 很多 就算 是 现在 的 女生 也 会 有意识 地不接 黄腔 的 话题
134907465616,看 弹幕 说 正四输 在 逻辑 但升 价值 确实 是 四辩 要 做 的 反四 只有 逻辑 也 失去 了 很多 辩论 是 意义 正方 确实 有些 逻辑 没有 拿 出来 打 一直 被 反方 牵着 走 一辩 没有 界定 清楚 确实 有失 先机 或许 可以 打恶 由 钱 激发 而 非 钱 可 产生 恶恶 不是 为了 钱 而且 是 钱 激发 了 恶
134989659760,感谢 热评 科普 结果 出来 是 有点 不服气 的 哈 可能 个人 觉得 辩题 之所以 成为 辩题 就是 因为 没有 确切 答案 所以 语言 文采 很 吸引 人 而且 在 自由 交锋 时间 正方 屡屡 作出 精准 定论 的 抗辩 这种 快速 的 反馈 怎么 又 不 反映 逻辑 能力 呢 所以 我 也 不 认为 正方 的 逻辑 能力 被 反方 压制 了 反观 反方 被 评委 称赞 逻辑 更胜一筹 实则 在 自由 辩论 中 反复 限于 性侵犯 漩涡 感觉 在 淤泥 里 挣扎 这是 逻辑 好 吗 而且 反方 在 一些 偏 概念 的 拆解 中 过于 复杂 了 就 好像 一道 普通 的 一元二次方程 被 开方 平方 N 次后 得出 结果 不 利落 干净 没有 辩论 的 气势 更 像 在 写 论文 口头 和 书面 是 不同 的 作为 比赛 的 观众 我 不想 在 繁复 的 步骤 中 晕头转向 更 有 框架 更 有 层次 的 表述 会 更 吸引 我 所以 个人 觉得 正方 更稳 更 精彩 反方 的 水平 则 起伏不定 有 亮点 但 有限 而且 我 也 有 恨铁不成钢 之 嫌 反方 的 拆解 推导 能 看 出来 有些 点 他 能 提出 来 但是 没有 在 有限 的 时间 里 讲 的 更 透 反而 总花 时间 在 初步 探讨 上 比如 万 还有 性 如果 把 挖 得 深 的 多 讲 两句 我 才 服 他 个人 觉得 在 有限 的 时间 观点 深度 发展 不 充分 是 辩论 技能 不 成熟 的 体现 奖杯 应该 颁 给 技能 更 纯熟 的 一方 还有 评委 的 评词 给 我 黑幕 之感 好 的 陈词 应该 着力 于 夸 胜者 的 优点 而 不是 提 败者 的 瑕疵 这样 更 有 说服力 因为 没有 队伍 是 完美 的 以 瑕疵 论 成败 真的 无法 说服 作为 观众 的 我 怪气 的
137468995376,回复 : 有没有 可能 女生 语言 能力 上 天生 就 强
137751128560,其实 看 这么 精彩 的 辩论 反而 觉得 比 那些 综艺节目 有意思 多 了
138534836576,回复 : 这个 辩题 对 正方 本来 就 不利
151314483040,回复 : + 1
155308608256,8 年 了
165394479040,评委 讨论 胜负 何尝 不是 一次 辩论
186937346720,说实话 我 个人 觉得 除了 正方 一辩 过于 堆砌 词藻 输出 观点 较少外 其他 三位 辩手 的 实力 和 效果 都 不错 反方 的话 四辩 陈词 很 有 逻辑 但 总体而言 不如 正方 有 感染力 所以 没 看 结果 前 我 还 以为 正方 赢 了
217872988848,回复 : 是 的 我 感觉 正方 选到 的 这个 角度 本来 就 不好 辩论 一般 人 都 不会 认为 钱 是 万恶之源 但是 能 辩论 成 这样 感觉 很强 从 辩论 的 角度 我 是 认为 正方 赢 的
217873857904,回复 : 不看 辩论 我 也 同意 反方 观点 反方 这个 选题 逻辑 太好 说 了 关键 我 认为 正方 在 拿到 一个 不利 选题 的 情况 下 做到 这样 很 厉害 了 从 辩论 角度 我 觉得 正方 强
241273191953,回复 : 都 有 吃亏 占便宜 的 时候 半决赛 武大 赢 的 辩题 是 不以 成败论 英雄 也 占便宜 了 真正 的 辩论 是 最 重要 的 是 看 逻辑 反方 逻辑 输出 正方 就 很少
258948079585,真的 都 很 厉害
23896907,厉害
23896400,贪欲 是 万恶之源 这 真理 谁 都 明白 反方 关点 是 钱 不是 万恶之源 就 包含 了 其他 东西 可以 是 万恶之源 真理 本 就 在 他们 的 观点 之下 这个 辩论赛 从 一 开始 就是 偏向 反方 的
174578703232,你 要 不 先 了解 一下 什么 是 辩论
174581946672,回复 : 要 不 你 了解 一下 什么 是 挖坟
174582012912,回复 : 8 年 的 评论 也 能 挖出来 真有 你 的
23895454,果然 万恶 淫 为首 才 是 正确 的 2333333333333333333
23895241,看 完 了 我 竟然 看 完 了 ( = = )
23895188,看到 渐彪 男神 就 进来 了
23894187,( ) 说白了 不 就是 扯淡 嘛 谁 扯 得 过 就 谁 赢 嘛
23894176,看 了 弹幕 和 评论 深刻 感受 到 了 国辩 的 小众 希望 大家 首先 了解 辩论 的 意义 和 目的 辩手 在 辩论 时 的 一切 观点 不 代表 他们 本人 只 为 驳倒 对手 国辩 的 规则 和 每个 位置 辩手 的 任务 一二三 辩 交替 发言 自由 辩论 四辩 陈词 总结 发言 结束 一分钟 前 响铃 提示 自由 辩论 按 单方 用时 计时 等等 请 坚持 理性 思考 不要 简单 地以 撕 逼 色情 等 形容 精心 准备 的 辩论 员 同时 看到 弹幕 中有 不少 人 颇 有 见解 真心 希望 B 站 有 更 多 辩论 的 视频 也 希望 观众 不要 为了 看 吵架 撕 逼 而是 为了 看 思维 与 逻辑 点 进来 食用 w
23894119,弹幕 被 清 了
23893904,妈蛋 看 完 我 都 不敢 说 我 参加 过 校内 辩论赛
23893855,比赛 始终 只是 比赛 看看 娱乐 就 好 不要 认真
23893567,不 自觉 的 就 双膝 跪 地 了
23893468,首页 上 我 是 这样 断句 的 辩论 史上 最 经典 的 战役 进来 才 发现 是 辩论 史上 最 经典 的 战役
23893479,( ) ! ?
23892925,其实 我 根本 没 时间 停下 来看 弹幕 ( ; _ )
23892445,快 来看 学长 学姐 和 别人 撕 逼
23892429,万恶之源 明明 就是 圣杯
23891851,我 在 看 首页 后会 撕 逼 不
23891817,正方 其实 也 不是 绝对 弱势 关键 是 对 万 的 理解 只要 把 它 理解 为 大部分 然后 就 可以 和 对面 打嘴 炮 了 正方 二辩 就 说 出来 了 但 接下来 正方 被 反方 3 辨 最初 的 诡辩 迷惑 住 了 没有 坚持 这个 观点 导致 后面 一直 处于 被动 状态
23891446,正方 二辩 好萌 哦 2333
23890527,真正 的 撕 逼 不是 正方 反方 好 反方 正方 好 吗
23890368,( | | ) 只有 我 觉得 10 年前 的 大学生 和 现在 的 比 起来 感觉 更 优秀 一点 呢
23890669,比较 当年 的 国辩 是 整个 华语 辩论 圈 最 顶级 的 赛事 决赛 的 队伍 肯定 不是 一般 人 啊 | | 不过 辩坛 风气 一直 在 变 现在 主流 的 风格 和 当年 还是 有 不同点 的
23889383,523 楼 没有 钱 的 情况 下 生活 不能 继续 产生 的 恶 肯定 是 以 钱 为 中心 如果 没有 钱 这种 一般 等价物 人类 无法 发展壮大 也 和 动物 无异 这种 情况 的 所有 行为 是 适者生存 自然选择 不算 恶
23888244,年度 撕 逼 23333
23888048,100 块钱 都 不 给 ( 口 ) (
23887732,当年 加入 辩论 队时 老 队长 给 我们 看 的 第一场 比赛 好怀念 那段 时光 经常 通宵 研究 辩题 有事 为了 找 对 自己 有利 的 解释 素材 跑遍 整个 大型 图书馆 哎
23887279,思品 课上 老师 给 我们 看 的 T - T
23886665,楼下 当初 我 看 的 文字版 一度 好想考 复旦 啊 当年 被 那句 引用 顾城 的 结词 震惊
23887234,黑夜 给 了 我 黑色 的 眼睛 我 却 用 它 寻找 光明 确实 不能 再赞
23886604,我 个人 觉得 国辩 比较 精彩 的 几场 是 99 西 交大 对 马来亚 01 的 两场 半决赛 和 决赛 03 的 墨尔本 对世新 还有 两场 半决赛 和 决赛 05 的 电子科 大对 马来亚 能源 05 后 就 不怎么 关注 国辩 了 不过 07 的 决赛 武大 对 马来亚 还是 稍微 看 了 下 觉得 也 是 蛮 精彩 的 尤其 是 武大 成功 复仇 不能 再爽 另外 个人 最 喜欢 的 几个 辩手 是 93 蒋昌健 95 林正疆 97 王慰 卿 . 99 路 一鸣 99 和 01 的 胡渐 彪 . 03 和 05 的 黄 执中 还有 03 的 陈晓欢 和 陈锦添 尤其 陈晓欢 和 陈锦添 虽然 在 01 也 都 有 出场 但 跟 03 比 简直 都 不 像 一个 人 无论 台风 还是 辩论 技巧 都 进步 了 不止 一点点
23887259,武大 复仇 我 好象 记错 了 应该 是 10 年
23886576,人性 善恶 是 大学 组织 行为学 老师 放 的 蒋昌建 五官 一直 没 啥 变化
23886245,其实 人性本恶 那场 以 现在 的 眼光 来看 才 真是 不怎么样 当然 我 蒋昌健 男神 还是 不错 的 不过 那场 才 叫 真 撕 逼 了 尤其 是 台大 三辩 四辩 而 复旦 在 自由 辩论 的 时候 也 有 几次 冷场 和 结巴 甚至 连 不是 我们 不说 而是 对方 不 懂 就 出来 了
23885509,公认 的 是 人性本善 恶 那场 不过 这场 也 很 好看 啊
23885484,这个 那个 额 那个 那个 这个 额 这个 那个
23885378,强烈推荐 芒克 辩论会 21 世纪 属于 中国 吗 看过 书 超级 喜欢 基辛格 基辛格 万岁
23885290,政治 老师 给 我们 看过
23885221,色情 辩手 23333 另外 的确 很 精彩 我 觉得 单 这个 辩题 反方 比较 占优 反方 逻辑 清晰 一环扣一环 正方 措辞 优美 气势 方面 胜 了 两边 都 很棒 啊
23885192,那些 说 几句话 就 搞定 的 别 吓 我 你 当 人家 这么 多年 吃白饭 的 你 说 的 那些 方法 人家 没想 过 不要 太 高估 自己 了 你 想得到 别人 同样 能 就算 你 明确 的 指出 了 对方 的 漏洞 人家 也 会 在 下 一轮 里 各种 混淆视听 把 你 耍 晕 把 原本 目的 忘 了 所以 这 就是 嘴炮 + 扯 脑洞 的 一场 大战 咱们 平常人 看看 就 罢了 没 必要 撕 逼 无聊 不
23884915,奖杯 和 万恶之源 笑 尿 _ ( : 3 ) _
23884392,求 搬运 93 年 狮城 舌战
23884366,我 居然 在 b 站 看 辩论
23882984,当年 还有 个 京城 四辩 现在 个个 都 是 boss 啊
23882490,好 高能 的 样子 不敢 看
23881975,辩论 这种 东西 发 b 站 的话
23881286,公认 最 经典 的 不是 人性本恶 的 那次 吗
23880741,看 一群 小学生 不 懂 辩论 就 瞎 BB 我 也 是 笑 了 你 能 跟上 人家 的 思维 再说 吧 小学生 滚 粗 B 站
23880737,我 觉得 反方 假设 没有 钱 的 情况 下 恶会 怎样 应该 会 有 比较 好 的 落脚点 不过 太 喜欢 强奸 了 他们
23880617,评论 里面 一群 傻 逼 我 记得 初中 时候 看过 一个 美是 主观 感受 还是 客观真理 De 也 很 精彩 不 知道 有没有
23879966,这个 辩题 如果 从 哲学 上来 阐述 几句话 就 能 搞定 了
23879356,忽然 发现 如果 你 真的 想 看 视频 是 没 时间 注意 弹幕 的 ... 因为 他们 语速 好快 ... 而且 你 还要 理解 他们 说 的 是不是 符合 你 自己 认为 的 那样 这时候 还 能 看到 弹幕 只能 说明 注意力 不 集中 ...
23879288,评论 区 也 各种 撕 逼
23879222,第一 辩手
23878661,精彩 ~
23878316,因为 被 选中 参加 学校 的 辩论 来取 取经 看后 瞬间 压力 山 大
23877574,( ^ ^ )
23877548,辩题 就是 有 问题 的 过去 到 现在 一点 长进 都 没有 的 中国式 辩论 ( )
23877310,啊啊啊 啊啊啊 渐彪 我 的 男神 给 我们 学校 辩论 队 讲座 真人 更帅 另外 这 毕竟 是 电视节目 要 照顾 效果 的 真的 很 经典 我 看过 七八遍 了 在 B 站 看到 很 开心 辩论 很 有趣 希望 大家 多多 了解
23876811,把 辩题 翻译 一下 钱 是 / 不是 大多数 恶行 的 来源 如果 给 辩题 再 加上 时代背景 就 可以 换个 辩题 了 ( ) 说 倒底 钱 就是 一切 物质条件 的 化身 远古 人 没 钱 但 衣食住行 其实 都 归属于 钱 只是 概念 罢了 下面 我们 来 举例 脱离 物质 的 恶有 多少 便 可以 反向 论证 得出 结果 1 神经病 杀人 真正 完全 脱离 2 夜神 月 小 本子 杀人 成神 之路 3 因为 爱情 同归于尽 只有 真爱才 脱离 物质 想 不 出来 了 来源 不 受 物质 影响 的 人类 精神 产物 想来想去 也 就 只有 千百年 歌颂 的 真 爱 了 对 了 诸葛亮 骂 死 王朗 ( 雾 ) _ 不 对 准确 地说 应该 是 网上 互喷 导致 死亡 精神文明 总结 人 无法 脱离 物质 而 生存 所以 物质 来源 的 恶 多于 其他 恶是 显而易见 的
23876380,03 年 以前 主打 逻辑 啊
23876000,( )
23875733,确实 不错 但 还 不至于 是 史 上 最好 的 辩论赛 各方 辩手 都 有 扯淡 而且 扯 得 太 明显 的 地方 不过 辩题 也 确实 有 问题
23879557,若论国 辩里 最好 的 还 真 就是 这 一场 了 我 当年 就是 看 了 01 国辩 迷上 辩论 后来 补 了 各届 的 国辩 和 全辩 结果 还是 最 喜欢 这 一场 当然 我 最 喜欢 的 队伍 是 99 年 的 那 只西 交大 毕竟 有 我 男神
23875636,我 听 过 的 最 精彩 的 辩论 是 一场 关于 是否 需要 对性 犯罪者 进行 化学 阉割 的 那场 也 是 听 了 那么 多次 辩论 唯一 一次 看见 中国 代表队 赢过 国外 的 一场
23878204,哪里 可以 看到
23875314,小学生 表示 钱 是 万恶之源 但 并 不是 一切
23875268,辩论 这种 东西 说到底 就是 无限 偷换概念 和 避开 对 自己 不利 的 观点 所以 发 弹幕 的 同学 们 也 不要 太 认真 了 反正 又 不是 为了 真正 地 解决问题
23874932,来看 前辈 大神 的 表演
23874917,看 完 感觉 辩论 除了 要 好 口才 严谨 的 逻辑 和 应变能力 丰富 的 学识 也 很 重要 啊 排去 准备 工作 中 找到 的 资料 谈吐 言语 也 可 看出 一个 人 平日 的 知识 积累 这些 人 都 好 厉害 想 我 辩论 时 状态 简直 不能 比
23874904,刷 了 两遍 第二遍 才能 跟上 思路 感觉 自己 就 跟 一辩 妹子 一样 被 吊 着 打 ...
23874844,默默 的 看 完 了
23874811,封面 像 麻花 藤
23874807,金钱 辩 新闻 价值 辩 都 好 精彩 当时 陈铭 还 来 我们 学校 讲 新闻 价值 辩 那场 是 怎么 准备 的
23874753,( )
23874330,反方 : 色情 才 是 万恶之源
23874314,抱 着 学习 的 态度 前来 围观
23874178,辩题 太蠢 没什么 辩 的
23876286,辩论赛 又 不是 看 辩题 一 锤子 打死 的 就是 要 看 双方 拿到 辩题 后 围绕 辩题 进行 的 一系列 辩诉 过程 看 辩手 的 辩论 技巧 和 应变能力
23874043,好评 赞
23874004,让 是 / 不是 美德 av1870128
23873869,怎么 看 都 觉得 好 有 道理 呀 2333 第一次 看 辩论赛 好 精彩 www 赞赞赞
23873604,好 厉害
23873471,豆腐脑 必须 是 咸 的
23873882,不甜能 吃
23873351,当年 周帅 正 年轻 啊 当然 现在 也 很帅 不许 提 头发 的 事 23333
23873141,"看 了 那么 久 还是 看不懂 .. 于是 我们 来 讨论 下 吧 , 豆腐脑 是 甜 的 好吃 还是 咸 的 好吃"
23872955,标普 突然 就 正义 加 好听 了 怎么 回事儿 几个 粤语 小哥 说话 太笑场 了
23872465,高 一时 语文 老师 放过 给 我们 看 真的 超 叼
23872453,看得 我 泪流满面 我 的 嘴炮 技能 原来 才 LV1
23872179,呃 突然 发现 连 弹幕 都 开始 辩论 了 智商 跟不上 啊
23872112,可能 是 辩 着 辩 着 就 搞 上 了
23871746,笑 看 小学生 弹幕 大谈 空论
23871530,反方 其实 可以 用 部分 儿童 会 无意识 地 虐待 小 动物 来 做 论据
23871060,金钱 辩
23871297,不行 我 憋不住 了 弹幕 里 说 大专 的 都 什么 啊 大学生 专业 大学生 专业 大学生 专业 大学生 专业 大学生 专业 大学生 专业 大学生 专业 大学生 专业 大学生 专业 大学生 专业 大学生 专业 大学生 专业
23870763,辩论 怎么 会 跑 到 同志 交友 网站 来 ^ _ ~
23870445,住口 我 从未 听过 如此 粗鄙 之语
23870238,他们 说 的 都 好 有 道理 我 一直 无言以对
23870100,这 也 太 简单 了 假设 钱 是 万恶之源 的话 那么 钱 产生 之前 就 没有 恶 了 吗 这个 命题 被 证伪 了 吧
23874066,金钱 或者说 货币 只是 一种 交易 媒介 即使 你 举出 这个 例子 正方 也 可以 用 货物 与 货物 交换 产生 的 暴力事件 来 反驳 因为 本质 上 是 一样 的 辩论 说白了 就是 比 谁 更 能 扯 只要 有 一点 相关联 的 就 拼命 往上 套
23870049,关 弹幕 看 比较 好
23870044,辩论会 的 精彩 之处 不 就是 各种 偷换概念 和 诡辩 吗 为 毛 弹幕 各种 不 理解 ~ ~
23870023,几乎 没有 非黑 即 白 的 东西 反方 的 回旋余地 比 正方 大多 了
23869751,我 想起 了 韩寒 和 郭敬明 该不该 在 一起 的 辩论赛 哈哈哈 还有 那个 辩题 正方 当 反方 比较 好 反方 当 正方 比较 好 哈哈哈 哈哈
23869727,这才 是 真正 的 嘴炮 ( 口 ) (
23869518,( ; _ ) 感觉 欲 才 是 万恶之源
23872367,我 也 这么 觉得 初中 的 时候 看 这场 辩论赛 感觉 命题 特别 SB 都 没什么 值得 辩论 的 现在 大学 了 看 依然 觉得 命题 很 二
23875345,回复 : ( ; _ ) 欲望 或许 也 不能 算作 万恶之源 比如 种族歧视 带给 其他人 的 优越感 但是 也 不算 是 欲望 也 不算 是 钱 万恶之源 不是 此世之恶 吗 233
23904057,回复 : 所以 这个 命题 有 可辨 性 但是 钱 是不是 万恶之源 的 命题 没有 可辨 性 就 像 我 把 命题 定为 平面 上 两条 平行线 能否 相交 一样 就算 再 NB 的 人 抡 圆 了 吹 NB 也 不 可能 让 平行线 相交 的
24172092,回复 : ( ; _ ) 我 突然 想起 一个 事情 诸葛亮 骂 死 王朗 是因为 钱 吗 ( ; _ ) 明显 不是
23869448,看 哭 了 觉得 自己 的 嘴 炮弱 爆 了
23869322,( 看 完 觉得 应该 正方 赢 的 就 我 一个
23869017,欲望 才 是 最大 的 万恶之源 ~
23868898,顿时 觉得 新番 里 的 各种 嘴炮 弱 爆 了 这种 节目 现在 还有 木有 ( )
23868709,我 没 钱 就 看看 你们 如何 辩
23868585,妈个 鸡 我 就 看到 了 七个 古美门 一个 小黛
23868393,正方 的 思维 不错 只要 将 万字 界定 成 花样繁多 而 不是 涵盖 一切 就 不会 被 反方 举出 的 许多 与 钱 无关 的 恶行 驳倒
23868029,辩论 才 不管 真理 是 什么 也 不管 它 到底 说服 了 谁 最 重要 的 是 看 你 场面 好不好 看 临场 应变 如何 思维 是否 严谨 理论 的 点 如何 说话 语言 技巧 之类 的 与 真理 无关 啦 ~
23867724,高三 的 时候 语文 老师 一直 给 放 着 看 确实 是 作文 好 素材
23867672,70 萬出 君
23867631,万恶之源 不是 蓝蓝 路 那个 视频 么 ~ ~ ( ) ~ ~ ~
23867608,那个 年代 是 反方 优势 大 换成 现在 会 怎么样
23867563,此片 可 鬼畜 ( ( # )
23867157,心中 有 了 恶念 就 像是 清水 里 泛起 了 污秽 这 污秽 之源 到底 是 湖水 本身 还是 外部 的 杂质 呢
23868457,你 丫 的 够 了 ( 口 ) (
23866746,居然 在 B 站 看 bl
23866693,我 还 看过 一个 韩寒 和 郭敬明 该不该 在 一起 的 辩论 看醉 了 都 _
23866647,贩毒 队 和 强奸 队
23866590,这才 是 真 撕 逼 以后 弹幕 撕 逼 都 学着点 ( )
23866207,楼下 好多 人 都 在 说 什么 o ( -_- ; * )
23865909,私有制 才 是 万恶之源 说 钱 是 在 拉 客观 说 人 是 在 拼 主观 私有制 是 在 生产力 不 发达 的 情况 下 受到 资本 影响 的 人 的 作用 下 资本 畸形发展 的 产物
23866649,同志 你好 ( = = )
23865850,钱 只是 工具 人类 自身 才 是 万恶之源
23865704,高中 的 时候 语文 老师 给 我们 放 了 两三次
23865648,希望 多发 点 这种 辩论 不 喜欢 看到 弹幕 辩论 因为 每次 弹幕 一 辩论 一大 坨 一大 坨 的 就 飘 出来 了 看 都 看不清 而且 有些 毫无 逻辑 在 后面 就是 各种 骂人 小学生 什么 的 飘 出来 一点 质量 都 没有 还是 喜欢 看 这种 有理有据 的 辩论赛 弹幕 可以 吐槽 或者 指出 哪里 有 漏洞 什么 的 但 不要 发表 你 的 一大 坨 观点 因为 及时 你 发表 的 一大 坨 观点 是 正确 有 逻辑 的 后面 也 会 跟着 出现 一大 坨 毫无 逻辑 的 许多 坨 垃圾 观点 还 影响 别人 正常 观看 一句 话 你 有 啥 观点 放在 评论 区 说 别发 弹幕 里
23866300,原来 是 高仿
23866389,差点 扔 了 大师 球 ( ( # )
4387371199,谁 看 弹幕 谁 4
23865599,这些 人真 厉害 以后 应该 都 是 做 律师 的 吧 要是 我 也 能 像 他们 这样 就 好 了 碰到 不 顺眼 的 直接 嘴炮 焦作人
23865404,我来 总结 下 人才 是 万恶之源
23865399,这 是 场 辩论赛 本身 就 不 代表 两方 选手 的 个人 意见 双方 只是 为了 在 创造 吸引力 和 所谓 的 可信度 上面 进行 了 一定 的 争论 目的 其实 就是 证明 自己 的 立场 自然 避重就轻 围点打援 这 类 手法 必然 会 出现 放宽心 他们 说 的 本来 就是 极端 这个 命题 也 没有 对错 之分 中庸 的 去 看待 这个 问题 才 是 成熟 的 做法
23865186,我 竟然 在 b 站 看 了 将近 一个 小时 的 辩论 还是 01 年 的
23865174,钱 是 中性词
23864986,要 真的 咬文嚼字 的话 万恶 源 都 能 作为 利用 点 所以 这场 辩论 的 胜负 关键 不 在于 智商 知识 而 在于 想象力 脑洞 啊
23864914,233333333 嘴炮 王者 的 世界
23864912,万恶之源 当 人类文明 最早 的 恶 出现 时连 语言 都还没 吧
23864749,我 被 吓死 了
23864277,不得不 说 这场 辩论 很 有 水平 虽然 一 开始 就 猜 到 反队 会用 色情 这个 例子 = = 感觉 自己 以前 班里 的 辩论会 都 弱 爆 了
23864254,正方 单从 钱 是 ' 万 ' 恶之源 却 不 一定 能 引出 恶行 弹幕 里 某位 所 提出 单以 正方 所 定义 的 万来 从 这个 角度 辩论 胜算 还大点
23864088,我 一 看 这 视频 我 就 先 看 评论 去 了
23863791,如果 是 经济学 背景 深厚 的话 这个 辩论 就 很 有 优势 单单 对 钱 是 什么 的 论述 就 能 直接 辩晕 对手 基本上 两方 对 问题 本身 的 理解 水平 就 太 低
23863479,高二 语文 老师 放过
23862823,另外 这个 主题 倾向 反方
23862571,哲学 的 说 善恶 并非 由人 创造 而 所谓 的 源 并非 指 尽头 而是 源源不断 永无止境 因为 善恶 一直 都 存在 就 好像 牛顿 发现 并 定义 了 地心引力 的 时候 人们 并不知道 地心引力 是 什么 同样 的 善恶 只是 由人来 定义 而 并非 创造 如果说 人 创造 了 善恶 那 创造 人类 的 宇宙 又 是 谁 创造 的 呢 庄子 说 过 把 一样 东西 每次 分 一半 是 永远 也 分 不 完 的 同样 追寻 根源 是 永远 也 找 不到 的
23862056,说好 的 打架 呢 尼玛 看 了 五十分钟 说好 的 打架 呢
23861802,能 不能 他妈的 别 再 弹幕 里 说 你 的 理论 你 他 妈 懂 什么 叫 辩论会 么
23861729,我们 学校 的 辩论 队 似乎 就 在 周帅 的 带领 下往 诡辩 之 路 一去不复返了
23861373,正方 完全 被 反方 牵着鼻子 走 啊 反方 一只 在 说 三点 1 . 钱能 带来 善 2 . 还有 其他 能 带来 恶 3 恶是 在 钱 还是 在 人 正方 完全 可以 去 同意 前 两点 并且 指出 前 两点 和 辩题 一点 关系 没有 只要 证明 善 和 恶 不 冲突 钱能 带来 很多 恶 就行了 万恶之源 有 其他 恶之源 并 不 影响 他们 是 并列 关系 这样 正方 只 剩 一个 观点 就 这个 辩题 辩 下去 不会 吃亏 还 能 牵 着 反方 的 鼻子走 结果 正方 把 时间 和 思维 都 用 在 前 两 跑题 的 点 ( ) 上 了 而且 这两点 根本无法 反驳 不输 才 怪
23861507,估计 反方 也 想到 了 这种 情况 而且 还 怕 这种 情况 最后 竟然 说 出来 你 同意 我 的 一个 观点 就是 你 输 了 这种 完全 没有 根据 的话 正方 竟然 上套 了 对 反方 的 每种 观点 进行 反驳 明显 是 被 智商 压制
115043581376,作为 正方 首先 同意 第一点 的话 钱能 带来 善 那 万恶之源 带来 善 符合 逻辑 么 带来 善 的 万恶之源 怎么 叫做 万恶之源 呢 第二 你 说 前 两点 无法 反驳 因为 正方 观点 钱 是 万恶之源 本来 就 无法 从 源头 上 解释 钱 就是 一个 客观 物品 是 由 那些 人为 的 主观因素 来 让 钱 能 做好事 又 或者 因为 钱 做 坏事 所以 正方 只能 避开 这些 问题 找 反方 其他 的 漏洞 带 偏 论题 让 反方 不 知道 自己 在 论证 什么 我 觉得 正方 前面 做 的 挺 好 的 就是 四辩 结辩 是 只是 堆砌 词藻 没有 什么 有 说服力 的 证明 才 会输 的
23861171,要 怪 就 怪 这 辩题 太 偏 反方 吧
23861053,诸葛亮 住口
23860506,真是 经典 的 辩论 说 难看 等 乱七八糟 的话 的 真是 真 暴露 年龄 啊
23860491,只想 说 这些 人太吊 了
23860420,弹幕 里 怎么 这么 多 小学生 各种 刷 辩论 结果 的 秀 智商 在 那里 乱 分析 的 手机 不能 举报 真是
23860373,blh
23860304,我 想 说 评论 辩论 的 时候 自己 不 应该 思考 题目 而是 听 他们 说 而 思考 少 在 一邊 用 个人 观念 判断 了
23860235,看到 现在 明白 了 他们 不是 在 争钱 是否是 万恶之源 他们 只是 在 争 对 万 这个 字 的 理解 他们 所提 的 所以 论证 都 是 围绕 着 这个 万字 是否 代表 所有 的 意思 正方 举 了 历史 与 当今社会 种种 因为 钱 的 恶行 就是 想 说明 他们 所 理解 的 万 不是 所有 的 意思 而是 极多 的 意思 反方 就是 各种 找出 与 钱 无关 的 恶行 来 推翻 正方 对 这个 万字 的 理解 反方 认为 万 就是 一切 代表 了 所有 恶 不过 我 比较支持 正方 因为 万恶之源 这 是 个 词 有 它 整体 的 意思 万 在 这个 词里 也 只是 一种 概括性 的 说法 没有 说 是 每 一个 恶行 或者 是 所有 恶行 其实 没有 必要 争个 对错 都 有 自己 的 道理 这个 辩题 其实 可以 简化 成万 是否 代表 一切
23861213,咿呀 辩论 辨 的 不是 对错 是 展示 各自 的 逻辑性 谈吐 和 文化底蕴 机会 从 对方 谈吐 的 不 严谨 中 发挥 考验 对方 的 观察 和 思维能力 当然 大部分 时间 是 瞎掰 的 你 让 他们 换个 正反 的 牌子 马上 能 说 得 一样
23861921,但是 正方 明显 被 智商 压制 强行 否定 钱 的 善 强行 把 反方 的 例子 都 往 钱 的 方向 拉 一直 被 反方 牵着 走 他们 完全 可以 指出 和 辩题 无关 举 几个 例子 很多 例子 是 钱 引起 来 的 所以 钱 是 万恶之源 来 自己 带 节奏 如果 正反 队员 反过来 毫无疑问 还是 马来西亚队 能 赢
23860153,竟 说出 如此 粗鄙 之语 狗 逼 我 从未见过 有 如此 厚颜无耻 之 人
23860065,325 题目 都 不 看 的 智商 有 问题 还是 忘去 看 眼科
23859849,如果 钱 是 一切 罪恶 之源 的话 正方 根本 没 得 反驳 不过 万恶之源 的 万 到底 有 多少 其实 在 人 为什么 需要 钱 的 问题 上 撕 逼 正方 就 显得 劣势 了 在 万字 上 撕 逼 没什么 意思 我 的 观点
23859548,辩论 的 主题 一般 都 有 两面性 是 和 不是 都 是 可以 理解 为 正确 的 辩论会 只是 看 谁 能 跟 好 理解 表达 与 反驳 所以 纠结 谁 对 谁错 本 就是 可笑 的 事情
23859505,太 屌 了
23859205,我们 政治 老师 给 我们 放过 这个
23858929,这种 辩论 到 最后 很大 可能 会 变成 诡辩 毕竟 思维 的 表达 是 多方面 的
23858821,直接 说 钱 可以 带来 罪恶 但 钱 并 不是 万恶之源 钱 只是 利益 的 一种 而 获得 利益 并不一定 通过 钱 钱 是 交易 工具 罪恶 只是 人为 的 自由 意志 罪恶 的 产生 可以 是 为 利益 或者 其他 用钱 做 代表 真是 就是 偷换概念
23858729,正方 最 重要 的 观点 万恶之源 并 不是 恶 本身 居然 在 总结 陈词 中才 出现 有点 晚 啊
23858665,这场 看过 好多遍 了 第一次 在 B 站 首页 见 简直 是 享受
23858592,可快 拉倒 吧 看 这 弱智 辩论 话题 怎么 还 再 辩辩 你 大爷 能 不能 换点 新 的
23858343,因为 弹幕 看不下去 了 心累
23858184,嘴炮 简直 不要 太 屌 这 思维 逻辑 我 也 是 瞎 了
23858113,说 他们 口音 的 有 考虑 过 他们 是 马来西亚 大学 的 吗
23857918,一个月 前 老师 还 在 课上 给 我们 放 这个 简直 棒
23857780,我们 高中 那年 学校 也 组织 过 一次 我们 草虐 正方 我 是 当时 反方 的 队长 我 默默 在 台下 吃 着 午饭 看着 我 的 队员 们 吊打 对手 ( ) 后来 他们 都 说 我 是 他们 的 精神领袖 T _ T 不提 了 都 是 泪
23857756,撕 的 好多 了 最少 没有 粗说 不过 就 骂
23857478,这才 是 辩论会 啊 天天 看 何以 笙箫 默 这种 小 言 狗血 剧 我 都 快 忘 了 自己 是 个 法科 生 了
23857126,卧槽 槽 槽 B 站上 有 辩论 视频 看来 我 还 太 年轻
23857016,93 年 最佳 辩手 两千 奖金 到 了 01 年 就 只是 多 了 个 奖杯 而已 莫非 奖杯 大有 玄机 ( = = )
23857010,才华横溢 辩 的 很 精彩
23857462,恩 如果 正方 把 钱 拓展 一下 往 广义 的 资源 的 方面 打 应该 会 好些 吧
23856326,老师 给 我们 看过 w
23856061,我 想 看 97 的 舌战 狮城 _ 是 叫 这个 吧 好久 以前 看 的
23855695,世间 有太多 的 灰色 地带 是 无法 让 人 完全 信服 一方 观点 的
23857957,辩论 就是 要 找 这种 暧昧 的 命题 这样 才 有 对抗 的 余地 你 难道 非 要 其中 一方 把 黑 的 说 成白 的
23855628,要 撕 逼 的 就要 朝 这个 水准 撕
23855165,为 这种 东西 吵 半天 他们 是 有 多 无聊
23855013,我 的 天 打开 弹幕 真是 智商 被拉低 了 不 知道 多少
23854943,我 看见 好多 小学生 把 辩论 和 撕 逼 混为一谈 ` ` ` ` `
23854475,我 太紧张 了 看 不了 了 心脏 要 爆炸 了 / A \
23854350,我 居然 在 B 站 看 完 了 辩论会 辛苦 了
23854238,看 完 了 发人深省 啊
23853899,有些 弹幕 好 二 啊 问 正方 你们 来 参加 比赛 不舅 是 为了 钱 么 太 搞笑 了 这 明明 只是 一个 题目 即使 你 赞同 反方 的 观点 你 也 只能 证明 自己 的 观点 是 对 的 这 才 叫 辩论
23853522,弹幕 里 突然 就 涌现出 一大堆 键盘 辩手 了 总 觉着 自己 一句 话 就 能 完爆 各路 辩手 真正 让 他 去 辩 在 台上 半句话 都 说不出来 思路 跟不上 对方 语言 组织 不好 半天 憋 出 几句话 还 表达 不 清楚 ( ) 弹幕 用来 吐槽 别 用来 倒 垃圾
281795534,打破 139 赞 0 回复 惨案
1129169244,打破 293 赞一 评论 惨案 顺便 挖坟
1132202458,说真的 我 觉得 这些 人 可能 根本 就 没有 参加 过 辩论 比赛
1138599240,2018 年 赞同 你 我 当年 初二 了 被 这个 惊艳 到 了 如今 大一 了 更 觉得 自己 的 辩论 能力 跟 他们 相比 简直 不敢 想象 是 可以 拿来 比较 的 真的 特别 厉害 以为 长大 了 可以 变成 他们 那样 的 我 真是 太天真
1142574599,啥 也 不 说 了 反手 就是 一个 赞
1173441392,深入 思考 过才 知道 他们 的 角度 多么 优秀
1188759697,就是 看 弹幕 就 感觉 生气
1290540741,正 所谓 坐议 立谈 自 以为 无人 可及 临危 应变 百无一能 者 也 哈哈哈
1482417078,嗯 的确 总是 能够 抓 到 两方 的 弱点 逻辑 漏洞 但 要 我 上台 如此 快节奏 表达 准确 的 攻击 又 是 万万不能 了 真的 是 太 厉害 了
1504669982,挖坟 我 的确 跟不上 他们
1664407114,真理
1664679087,感觉 这样 的 视频 可以 对 两方 的 口才 以及 内容 做 适度 吐槽 但 如果 就 这个 主题 说事 自己 表明 自己 对 这个 话题 的 一些 感动 自己 逗乐 别人 的 睿智 观点 那 就 很 睿智 了 也 可以 理解 为 不 尊重 别人 的 劳动成果
1677094324,回复 : 我 现在 准大一 了 感觉 自惭 形愧 啊
1677817336,私 以为 你 讲 的 是 那个 红 字
1689104672,看 弹幕 真的 emmm 比较 影响 心情 吧 毕竟 人家 的 语言 组织 能力 临场发挥 能力 脑子 的 反应 能力 以及 大量 的 阅读 和 知识 积累 都 是 大部分 人 比不上 的
1699411274,能 上 这个 的 决赛 的 人 是 这些 键盘 侠 能比 的 吗 能 比得上 的 占 万分之一 有没有 都 是 个 问题 哦
1699637502,以前 高中 也 打过 辩论 大学 现在 也 打过 两次 不过 到 现在 都 感觉 自己 嘴 不 利索
1702730666,辩论 比 逻辑 比 知识 积累 真 不是 一般 人能 玩 的
1703752285,赞 一下 面对面 撕 键盘 辣鸡 怎么 敢 呢
1706168129,听到 30 多分钟 的 时候 我 晕 了 到底 钱 是 万恶之源 还是 万恶之源 是 钱
1712905081,挖坟
1721133484,2019 年来 赞同 你
1726231276,我 虽然 不 喜欢 辩论 但 这个 视频 和 这 几个 学生 是 真的 佩服 不过 看 完 这个 对 我 自己 学校 的 辩论赛 是 真的 看不下去 像 泼妇 吵架
1789650041,他们 的 口才 和 文采 还有 反应 能力 真的 很 厉害 我 听 他们 讲 都 有点 懵 要是 我 自己 上 可能 话 都 讲 不 出来 语言 组织 根本 没 这么 清晰
1866115563,2019 年 支持 你
1876422958,因为 弹幕 吧 小破 站 核心 文化 正在 消失 辉煌 正 湮没 既然 有些 人 存心 破坏 弹幕 秩序 想 搞垮 小破 站 我们 就 合力 举报 吧 不想 小破 站 走下坡路
1876433078,因为 就算 你 去 跟 他们 撕 那些 人 也 不会 看到 了 反而 影响 后来 的 盆友 影响 气氛 还有 想 问 现在 b 站入 站 不 需要 考试 了 吧 什么样 的 人 都 混进来 了 不 懂得 珍惜 来之不易 的 入 站 机会 想 我 当初 进站 很难 的 也 很 幸运 赶上 小破 站 最后 的 辉煌 那 时候 弹幕 不是 这样 的
1916381701,不认 打破 4444 赞
1942606576,回复 : 有些 参加 过得 反而 失掉 了 辩论 的 能力 只会 抠字眼 和 人身攻击
1986736781,法学 大
2019310196,反方 太笨 老 纠结 一个 万字 其实 源才 是 突破点 钱 源于 欲望 产生 人才 是 万恶之源 证明 这 一点 正方 不攻自破 反方 利于 不败之地
2053265738,来自 2019 的 赞同
2064132142,原来 15 年 就 有 键盘 侠 说法 了 嘛
2066492166,回复 : 我 初一 看 的 语文 老师 放 的 现在 高一
2085963277,因为 弹幕 键盘 侠 只在乎 自认 黑白 不在乎 辩论 的 魅力
2096411700,就是 有些 弹幕 辩论赛 规矩 都 不 知道 瞎 bibi 真的 是 给 我 整笑 了 无时无刻 不想 显露 自己 的 无知
2108863583,2019 来看 还是 想 说 这场 比赛 我们 正方 漏洞 真的 比性 善恶 那场 多 正方 完全 可以 以 同因 异果 非 一一对应 和 钱 是 客观 的 人 是 主观 的 先有 外物 人才 能 做出 恶 的 反映 来 反驳 反方 钱 可 做 善事 和 性恶 的 两个 中心 论点 但是 在 本来 辩题 不 占优势 的 情况 下 一味 只顾 着 阐述 自己 观点 举 的 例子 也 没有 说服力
2108864512,回复 : 我 也 不 知道 我 这 算不算 键盘 侠 但是 我 觉得 我方 的 论点 真的 没找 好 啊
2109138755,反手 就是 一个 赞 2019 考古 回来
2191795105,真 要是 用 打 键盘 的 我 还 真想 跟 他们 练练 因为 打字 慢 也 没有 计时 可以 慢慢 思考 上场 就 不行 了 先 不 说 有 密集 人群 恐惧症 再 加上 计时 才思 有 的 敏捷 没点够
2198153393,回复 : 19 年 的 我 也 很 惊讶
2346474464,回复 : 请问 你 上 哪个 辩论 节目 了 发出 来 看看 否则请 您 不要 口出狂言 您 的 本事 可能 都 没有 在座 各位 大 呢
2355994589,回复 : 宁在 逗我 吗
2370401972,因为 我 不 需要 临场发挥 我可以 慢慢 的 去 查去 反对 我 只是 在 说 他 的 论点 可以 不 可以 推翻 而 不是 我要 去 获得胜利 既然 我可以 慢慢 的 去 查 为什么 还要 临场 我 又 不是 选手 我 只是 觉得 他们 说 的 有些 方面 可以 用 一些 观点 推翻 而已
2405371536,辩手 辩论 就 像 舌战群儒 是 读书人 之间 的 有 深度 有 内涵 的 语言 游戏 盒 逻辑 博弈 键盘 喷子 撕 逼 就 像 两条 汪在 垃圾堆 里 抢食 谁 吃 过 的 翔 多 谁 就 赢 了
2434530614,所以 关闭 弹幕 保 智商
2459875991,上场 比不上 但是 作为 不 在场 的 旁观者 确实 也 可能 提供 更 冷静 更 理性 的 思考 合理 的 有力 观点 也 可以 发吧 自以为是 的 就算 了
2460264644,回复 : 不 知道 但 听 完 以后 有 一点 我 确信 不疑 我 是 真的 没 钱
2481196595,2020 年 看到 这个 视频 的 赞同
2483984084,是 真的 有 的 人 可能 上台 看到 那么 多人 连话都 说不出来 但是 在 弹幕 里 但是 能够 指点 天下
2500540528,2020 年 赞同 你
2501218674,恶心 说 别人 哪里 不好 就是说 自己 能 完爆 自己
2506883796,2020 年 的 来 了 太 赞同 你 这段话 了
2537955118,弹幕 和 他们 根本 的 原因 是 在于 弹幕 可以 暂停 弹幕 有 思考 的 时间 所以 弹幕 发表 出来 的 看法 往往 也 更为 准确 因为 那 是 经过 一些 人 深思熟虑 后 的 看法 可以 补充 双方 的 不足 我 是 顶部 逼 逼 了 半个 视频 的 黄字 ( 没学过 ) 所以 我 感觉 在 这方面 我 应该 是 有点 发言权 的
2537954864,还有 如果 我能 把 划水 正一 给 替 了 哪怕 组织 语言 的 能力 不行 但 我 在 弹幕 发表 的 看法 全部都是 在 视频 暂停 后 最 多 三秒 开始 打字 的 所以 我 哪怕 在 自由 辩论 方面 不行 稳住 一二三 的 局 还是 多少 有点 自信 的 如果 正一 没有 那么 水 这场 比赛 胜负 未可知 还有 一件 事 反二是 垃圾
2537971513,还有 我 很勇 的 起码 在 发完 评论 以后 给 自己 点赞 这 一件 事上
2537990661,顺带 一提敢 问 您 要脸 吗 用 脑子 吗 吐 槽 的 定义 是 什么 那 便是 发表 自己 的 看法 你 仅仅 凭 一席话 就 否定 了 弹幕 中 那些 人 冥思苦想 所得 出来 的 看法 你 资格 呢 ? 老八胃 里 ? 你 怎么 知道 弹幕 里面 那些 人 的 看法 就是 错 的 呢 你 仅仅 因为 他们 发表 出 了 自己 的 看法 就 说 他们 思想 是 垃圾 还是 那句话 你 凭 什么 ? 凭 你 那用 了 五年 时间 熬 上来 的 等级 ? 凭 你 那 无脑 乱 喷 的 键盘 本领 ? 还是 说 你 知道 弹幕 里面 的 那些 人 觉得 自己 一句 话 就 能 完爆 各路 辩手 ? 他们 如果 真的 能够 发表 出来 有理有据 的 看法 那 就 说明 他们 不会 连 自己 和 真正 辩手 的 差距 都 不 知道 用 你 这个 家伙 来 这里 提示 吗 所以 请 恕 我 不能 同意 你 的 看法 既然 这 是 在 辩论 视频 的 下方 就 请 你 以 辩论 的 方式 带上 你 的 尊严 来 反驳 我 删 评论 什么 的 我 也 尊重 你 的 选择 毕竟 不是 每 一个 人 都 拥有 高等 人类 的 智商 也 不是 每 一个 人 都 拥有 坦言 自己 失败 的 勇气 比如 删过 了 这个 评论 之后 的 你 如果 你 连 这个 评论 都 看不懂 那 对不起 请 当 我 什么 都 没有 说
2537995631,回复 : 嗯 以上
2570168778,回复 : 这 才 是 大 学 生 感觉 自己 弱 爆 了
2659454121,2020.4 现在 疫情 快 结束 了 过来 看看 弹幕 已经 屏蔽 了 各位 辩手 太 神仙 了
2661676096,回复 : 你 是 基于 你 的 角度 来讲 的 层主是 对于 他 五年 前 所 看到 的 弹幕 情况 来 发表 感想 的 你们 跨 时空 怎么 交流 还有 我 感觉 你 是 真的 迷 之 自信 你 觉得 你 会 比 正 一 表现 的 好 你 在 屏幕 前 产生 的 想法 和 在 比赛 决赛 现场 的 表现 能 一样 吗
2664742136,回复 : 行 您 是 天才 我 就是 智障 我 说不来 您 您 赢 了 不过 希望 您 下次 说话 放 尊重 点
2780060527,我 赞同 你 的 观点
2797438489,回复 : 同 初二 同大一 复读 了 一年 嘿嘿
2889524238,回复 : 看到 这个 回复 兄弟 挺 你 一下 别碰 这些 杠精 谁 知道 键盘 后面 是 什么 nt
2915681308,2020 的 初二 学生 赞同 你 前段时间 看 了 一个 关于 辩论 的 电视剧 来看 国辩 真的 被 震撼 到 了
2955367593,是 的 没错 笑 飞 了 自己 上台 估计 半天 憋 不出 一句 话
3064423583,2020 的 朋友 前来 赞同 你
3130110771,我 最 没有 想到 的 是 那句 万恶之源 不是 恶是 那 时候 听 她 说完 之后 想 了 很 久 才 理解 说实话 双方 都 非常 的 有 水平 只是 弹幕 一直 在 耍 刷 什么 偷换概念 感觉 除了 这个 就 没什么 别的 可以 说
3209342206,回复 : 说 不过 人 就 摆烂 破罐子破摔 就别 站 出来 说话 有点 好笑
3220015556,是不是 要 开启 0.25 倍 速度 方便 我 思考 跟得上
3220866257,回复 : 好 的 呢 您 说 得 都 对
3223242295,给 你 点赞 的 都 是 点赞 对 都 是 支持 你 的 如果 有人 发 一个 和 你 意见 不同 的 也 会 有人 支持
3235491808,回复 : 自信 点 把 可能 去掉
3366716589,你 也 可以 发 弹幕 啊
3561524879,2020 前来 点赞
3770424326,同意
3782914929,低能儿 看不清 局势 到 现场 估计 自己 第一句 话 都 会 说 不 明白
3783563097,回复 : 啊 这 这 不是 在 给 反方 反驳 机会 么 人 是 主观 的 钱 是 客观 的 恰恰 证明 了 钱 不是 万恶之源 人才 是 啊 正方 的 论证 和 观点 已经 非常 全面 了 你 不能 光看 自己 说 的 有理 没理 也 得 顾 着 不能 让 对方 轻易 找到 你 的 漏洞 并 反击 啊
3783641891,回复 : 我 记得 辩论赛 开始 之前 无论是 反方 还是 正方 辩手 都 是 需要 站 在 宏观 立场 上 思考 对方 会 怎么 反驳 自己 对方 可能 会 抛出 什么样 的 观点 有 什么样 的 的 立论 并且 内部 做 充分 的 辩论 准备 你 用 一个 小时 想到 的 他们 台上 几分钟 给出 的 答案 可能 是 他们 争论 好 几天 而且 寻找 大量 资料 来 完善 的 观点 你 深思熟虑 后 的 想法 可能 是 他们 早就 想到 并 排除 的 会 被 对手 抓住 漏洞 有 风险 的 论述 我 觉得 你 应该 去 好好 思考 一下 为什么 他们 会 这么 说 为什么 他们 不 讲 你 的 论点
3783638106,回复 : 回复 : 我 记得 辩论赛 开始 之前 无论是 反方 还是 正方 辩手 都 是 需要 站 在 宏观 立场 上 思考 对方 会 怎么 反驳 自己 对方 可能 会 抛出 什么样 的 观点 有 什么样 的 的 立论 并且 内部 做 充分 的 辩论 准备 你 用 一个 小时 想到 的 他们 台上 几分钟 给出 的 答案 可能 是 他们 争论 好 几天 而且 寻找 大量 资料 来 完善 的 观点 你 深思熟虑 后 的 想法 可能 是 他们 早就 想到 并 排除 的 会 被 对手 抓住 漏洞 有 风险 的 论述 我 觉得 你 应该 去 好好 思考 一下 为什么 他们 会 这么 说 为什么 他们 不 讲 你 的 论点
3793685650,2020 年 我 出来 赞同 你 的 观点
3823280402,因为 弹幕 大家 打字 发出 来 的 东西 都 是 再三 考虑 以后 发出 来 的 真 让 你 用 嘴 立刻 说 的话 必定 卡壳 我 没有 参与 过 辩论 但是 我 参与 过 对抗 式 的 无 领导 讨论 因为 你 需要 在 对方 说完 以后 立刻 抢 话头 就要 一边 找 对方 漏洞 一边 组织 自己 语言 往往 会 嘴 跟不上 脑子 嗯 啊 这种 口头语 特别 多
4303760712,回复 : 又 是 一年 都 不 知道 你 用 不用 b 站 了
4329559730,回复 : 时隔 五天 我 才 看见 我 一直 再用 而且 很爽
4483133449,回复 : 现在 毕业 了 嘛
4491381855,回复 : 没 呢
4523608921,回复 : 您 来 了 呀
4600512831,是 这样 以前 我 也 觉得 自己 潜力 无穷 加入 辩论 队 以后 我 觉得 自己 菜到 不行 队友 经常 扶贫 我
4630585215,这 骂 的 不 就是 我 吗 哈哈哈哈 简直 不能 再 赞同 了 每次 在 台下 听 都 觉得 自己 很 牛 逼 一旦 上台 了 却 只会 阿巴 阿巴 阿巴
5004406479,2021 现在 的 b 站 高 学问 多
5189669447,笑死 了 就是 这样
5340659437,还 在 吗 六年 了
5387364069,支持
5576681085,对人贵 有 自知之明
5634016323,回复 : 毕竟 都 是 大佬 上面 的
5805186304,今天 参加 了 辩论赛 才 知道 他们 有多强
5809900187,思维 各个方面 要 迅速 不是 在 这里 吵闹
94668971632,来自 2021 的 赞同
96371404528,回复 : 我 和 你 想法 相悖 正方 举 的 例子 我 觉得很有 说服力
97364943120,2022 前来 支持
98639996080,我试 了 一下 一句 话 都 说 不 利索 ( )
99897063472,管 他们 干 啥
109469901312,好 爱
112072351664,2022 年 考古 觉得 你 的 看法 是 正确 的 中肯 的
113837286720,回复 : 我 准备 参加 辩论赛
114284035360,2022 赞同 你
119175610448,真的 建议 看 的 时候 关 弹幕
119188757936,放到 现在 依旧 适用
119239514800,2022 冒个 泡
121382705712,您 的 评论 放在 2022 年 也 赞同
122540531968,我 觉得 你 说 的 太 对 了 很多 时候 人 总是 站 在 制高点 上 侃侃而谈 好像 看着 很 简单 自己 上 很 容易 但 其实 一旦 自己 上 才 会 发现 根本 不是 那么回事
126783199088,来自 2022 的 赞同
128485387088,这个 裁判 是 来 总结 一下 然后 给 你 一大 嘴巴 子
128498902928,物质 攀比 要 鳥
128888608640,众所周知 最强 的 的 辩论 场 是 网络 的 评论 区
129172615440,2022.09 . 07 来 提升 一下 脑力
129569700672,2022 年 赞同 你
131023643360,2022 年 赞同 你
131125721392,说实话 我 一直 不太 理解 辩论赛 的 意义 说 是 为了 辩论 命题 的 正确性 但 实际 就是 比 谁 反应 快 嘴皮子 利索 比如 这场 辩论 结果 的 倾向性 就 很 明显 这 过程 中 就 必然 会 存在 狡辩 现象 而且 经常 一次 说 一大堆 一次 抛出 那么 多 观点 与 论据 试图 把 对方 绕晕 理性 成分 大大 下降
131220986208,2022 年 赞同 你
131339658960,2022 年来 赞同 你
131483639792,哈哈哈哈 我 看见 倒 是 想着 打 起来 打 起来
131493366592,现在 看 仍然 是
132934285760,他们 根本 就 像是 完全 没 了解 过 辩论 的 小白 自以为是 大神 一样 在 这里 发疯
133012163184,22 年 我 依然 跟不上 这个 速度
133284321744,确实 啊 哪怕 站 在 上帝 视角 来看 给 我 花 数倍 的 时间 我 都 想 不 出来 这种 临场 见招拆招 或许 真的 人外有人 至少 绝不 是 百分之九十 以上 的 键盘 侠们
133529567168,我 的 互联网 嘴替
133530208512,7 年前 的 评论 你好
133700557760,说 的话
133816884928,22 年 满怀 崇敬
134114720608,时间 真快 啊
134183649968,回复 : 长大 了 更 佩服 了
134204749424,回复 : 加油
134870178960,22 年 赞成
135094873552,回复 : 源 是 万恶 之钱
135274989408,最后 一句 话 我 就 听懂 了
135494388176,大一刚 打过 辩论 的 人 真的 能 感受 到 他们 有 多 厉害 普通人 完全 无法 企及
136104253664,确实 弹幕 键盘 侠 没有 必要 花 几分钟 去 反驳 别人 花 几秒 想 出 的话
136558646272,支持
136891277184,2022 也 赞同 你
136954965296,七年 了 过去 了 赞 你
137635862080,01 年 我 还 没 出生
137887063760,2022 来赞 你
138557690048,回复 : 关 弹幕 保 智商 啊
138882950288,确实 现在 随随便便 有个 键盘 就 什么 都 敢 说 了 只能 说 越是 无知 的 人 发言 越是 勇所 无畏 不 经 大脑
139129327232,真的 我 没 看 完 一个 人 说话 还要 关 了 声音 想 两分钟 他们 反应 能力 真的 好快
140427972464,回复 : 按 你 的 观点 你 又 有 什么 资格 来 否定 我 对 弹幕 的 吐 槽 呢
146963703808,弹幕 的 观点 都 好 片面 戳 不到 重点
159813346672,哈哈哈哈 哈哈哈哈 哈哈哈
166931331504,的确 知识 匮乏 之 人 总是 觉得 自己 天下无敌
174007676416,支持
192098105920,我 这 看 的 津津有味 一看 时间 竟然 是
197443653360,回复 : 你 这人戾 气 咋 这么 重 ? 不仅 把 楼主 骂 了 还 对 武大 的 辩手 有 这大 敌意 你 生活 过得 不如意 吗 ? 楼主 的话 是 你 的 真实写照 吗
197443721008,回复 : 确实 说大话 谁 不会
198852774016,因为 弹幕 是 弹幕 评论 是 评论 视频 发出 来 之后 观点 不同 的 人 就是 可以 发表 自己 的 看法 因为 这是 评论 / 弹幕 发表意见 是 人之常情 只要 和 视频 相关 不 就 好 了 难道 评论 只能 认同 别人 的 观点 吗
198853368816,别人 发表 一下 观点 说 自己 比 的 上 辩手 了 吗 我 觉得 我们 作为 评论者 还是 有 资格 去 评价 的 因为 它 是 视频
220763322896,是 的
228139629472,商业化 思维 而 有 的 钱 这样 动植物 人 就 可以 按照 这个 变成 钱 筹码 商品
278321590193,2025 年 赞同 你
288350662528,回复 : 只要 坚持 努力 练习 积累 你 也 一定 能 变得 更好
288350608976,赞同
23853327,av1899453 传说 中 的 10 年 复仇 之战
23856485,疯狂 撕 逼
23853274,我 居然 看 完 了 嘴炮 好 厉害
23853200,看过 太精彩 了
23853032,好 了 看 完 说白了 其实 还是 反方 好辩 一点 毕竟 客观 的 东西 不能 拿来 作为 主观 来说
23852743,正方 大多 时候 是 在 玩 文字游戏 决定性 的 东西 太少输 了 正常
23852665,有些 同学 要 搞清 一个 基本 事实 我 发现 每次 看 辩论 无论是 学校 里 现实 里 还是 网上 看 这些 视频 总 有人 搞不清 一个 辩论 最 基本 的 东西 而 在 那 喷来 喷去 或者 不能 理解 选手 那 就是 辩论 本身 就 不是 为了 说服 对方 的 你 也 不 可能 说服 你 也 不能 被 说服 本身 就 不是 为了 真正 决出 一个 对错 的 这类 比赛 选题 就是 要 有 争议 的 才 辩得 起来 辩论 真正 要说 说服 也 是 说服 评委 辩论 真正 比 的 是 你 在 这个 过程 中 展现 出来 的 语言 和 思维能力 看 哪边 说得好 特么 至于 争论 的 这个 问题 到底 是 怎样 其实 根本 就 不 重要 我 在 学校 的 时候 经常 碰到 有些 人 第一次 参加 辩论 各种 气急败坏 甚至 情绪 失控 各种 觉得 对面 不可理喻 就是 走进 了 误区 你 本事 就 不是 为了 说服 对面 的 不要 去 纠结 辩题 本身 而是 要 展现 自己 强大 的 嘴炮 和 撕 逼 技巧
23853804,明白人 ( 笑 )
23870318,我 感觉 网上 撕 逼 也 是 这样 啊 网上 嘴炮 蛮 多 时候 也 说服 不了 对方 最 重要 的 是 说服 观众
24180730,观众 被 说服 了 只能 说 观众 太 naive 评委 也 是 绝对 不 可能 被 简单 的 说服 的 评委 只是 客观 的 看 你 说 的 水平 如何 至于 观点 不 重要 只要 你 说 的 有 道理 有 逻辑 有 水准 评委 自身 保留意见 也 会 给 高分
24186706,其实 主要 看姿 势 水平 / /
115570044,最后 一句 重点
1715451160,我 当时 在 观众席 看 TM 差点 气死 恨不得 撸 袖子 现在 想想 我 就是 个 弟弟
1829880690,回复 : 老哥 你 是 站 哪 一边 的
2014740060,其实 是 大部分 看不懂 本质 一个 说 钱 不是 万恶之源 说 对 的 另 一个 说 钱 是 十万百万 千万 的 恶之源 也 是 对 的 没 对错 只有 胜负 看 的 就是 口才 纠结 对错 都 是 看不懂 的
2460840350,建议 读读 武汉大学 的 公开课 辩论 是 以 说服 为 目的 的 其它 都 是 抬杠
2989848967,说 的 对 这种 话题 本来 就 没有 绝对 的 对错 不然 还 辩论 个 屁 啊
4125620786,回复 : 额 不过 这 一场 比赛 比赛 嘛
4726640129,不 赞同 你 前面 说 的 不过 最后 一句 没错
128499067568,哎 什么 时候 可以 发现 生活 乐趣
133392155568,一针见血 的 既然 一个 辩题 能够 拿 出来 就 说明 它 处在 灰色 地带
133820512144,我 打 辩论 就 喜欢 看 对面 急越 急 越 不会 说话 这时候 你 再 补充 一句 看来 您 方 辩手 十分重视 本次 辩论 但是 还 请 您 方 注意 辩论 纪律 友好 交流 基本上 就 躺 赢 了
134240627104,确实 很 有意思 要 以 拼了命 的 态度 看起来 说服 对方 其实 心里 都 知道 绝对 说服 不了 说白了 就是 展示 和 你来我往
192911306128,没错
204624614720,辩论 的 意义 在于 争取 中立 的 听众 而 不是 说服 对方 因为 那 几乎 是 不 可能 的 想 对方 的 改变 立场 就 必须 先 改变 对方 的 利
205255477504,为 辩论 而 辩论 不 为 说服 而 辩论
252779580528,so u admit it &# 39 ; s a clownshow
23852597,卧槽 我们 政治 老师 课上 放过
23852192,校 辩论 队 常驻 一辩 给 各位 解释一下 实在 看不下去 弹幕 了 首先 辩论赛 中 你 不 可能 把 对方 说服 就 像 对方 无法 说服 你 一样 大学 具体 不 清楚 高中 辩论 联赛 中 我们 一个 小组 为了 准备 一场 比赛 经常 是 前 一个 星期 就 各种 熬夜 了 逻辑 体系 构建 最 重要 的 是 哲学 依据 和 唯物辩证 依据 必须 要 弄清楚 这些 都 是 最 最最 基本 的 包括 考虑 各种 突发状况 基本 一场 比赛 下来 整个 人 都 虚脱 了 以上 只是 很小 的 一部分 只是 为了 证明 辩论 不是 那么 简单 的 前期 准备 累死 人 什么 条理 都 没有 直接 讲 叫 骂街 不 叫 辩论 这样 得分 绝对 不会 高 大家 只会 觉得 哪来 的 野狗
23852076,反方 一辩 就 开始 说 定义 导致 辩论 命题 变成 辩论 定义 的 正确性 还 浪费 大半 时间 用 网络 流行语 来说 我 也 是 醉 了
23851836,便论 ( _ )
23851746,我 以前 居然 看过 这场 辩论
23851715,就是 复旦 的 那个
23851681,up 能 不能 搬 那个 人之初 性本善 / 恶 的 视频
23851541,说 的 好 有 道理 我 无法 反驳
23851527,那个 19 几 几年 那个 复旦大学 和 台湾大学 的 辩论赛 也 很 经典 呢 不过 真的 想 看 有 字幕版 的
23851003,大专 辩论 = = 简称 是不是 叫大辩
23850904,经典 到 不行 四辩 甚牛 & lt ; : 彡
23850742,恋童 也 是 钱 导致 的 吗
23850605,假定 物质文明 极大 富裕 即 金钱 可以 满足 人 的 无限 欲望 之时 恶 存在 么 存在 证明 金钱 不是 万恶之源 不 存在 反之
23850597,膜拜 大神 ( = = )
23850314,感觉 b 站 的 观众 才 是 最 吊 的 辩手 平时 看 视频 弹幕 简直 屌 飞 了
282058076976,哈哈哈 幸好 我 关掉 弹幕 看 的
23850085,最后 一次 正方 辩论 要是 能 把 生命 之源 的 水 拿 出来 会 让 自己 的 说服力 变得 不可 撼动
23850429,水是 生命 之源 但 水 不是 生命 钱 是 万恶之源 但 钱 不是 ( _ ` )
23849636,下面 吐槽 突破 天际 没 必要 的 其实 大部分 人 只是 在 表述 自己 的 浅薄 观点 根本 就 不是 在 针对 辩论 体现 的 逻辑 水平 因为 他们 听不懂
23849605,年度 斯逼 大战 233333
23849393,辩论 本来 就是 各种 偷换概念 喷点 在 哪里
23849207,准备 辩论赛 是 超级 累人 的 小朋友 们 以为 直接 站上去 打嘴炮 就行了
23849114,同 觉得 题目 就略 有利于 反方
23848712,看个 辩论 疯狂 指点江山 看起来 bilibili 是 全球 的 政治 哲学 物理学 数学 中心 了 中国 也 是 太 tm 触 了
23848136,不能 更 带感
23847350,( ) 在 题目 上 反方 就 有 优势 了 说到底 钱 是 死 的 人 是 活 的 看场 表演 罢了
23847352,这场 比赛 我们 语文 老师 给 我们 看过 当时 我 的 辩论赛 的 胜利 很受 这场 比赛 的 影响
23847272,反方 自带 优势 如果 武汉大学 是 反方 的话 一样 能 赢
23847095,_ 鬼畜 区 的 新 题材 吗 我 有 这种 预感 了
23846998,三分钟 时限 对 正方 不利 有 同意 的 吗
23846707,如何 喷人 第七层 人身攻击 例 艹 你 妈 小朋友 级别 贴 吧 及 匿名 留言板 第六层 偏见 不 理会 对方 的 论点 直接 攻击 对方 的 身份 或者 能力 例 喂 你 还是 中学生 吧 中学生 也 敢 说 自己 这中 二 言论 正确 么 哈哈哈 哈哈哈 贴 吧 及 匿名 留言板 论坛 第五层 恶意 态度 不 理会 对方 的 论点 以 无关 的 事情 或 直接 使用 质疑 对方 的 态度 和 口气 例 你 生气 了 笑 你 恼羞成怒 了 笑 所以 我 赢 了 贴 吧 及 匿名 留言板 论坛 第四层 观点 矛盾 列出 相反 的 论点 但是 不 使用 公认 证据 或 不加 证明 例 我 认为 相对论 是 错 的 因为 我 同学 说 那 是 错 的 论坛 第三层 理据服 使用 相反 的 论点 并 使用 公认 的 证据 和 文献 加以 证明 例 我 认为 上帝 是 存在 的 因为 圣经上 是 这么 写 的 辩论 团体 第二层 驳斥 用 引导 的 方式 指出 了 对方 的 疏漏 和 自相矛盾 问题 辩论 团体 优质 论文 第一层 反驳 对方 的 论点 确实 指出 了 对方 重点 的 错误 优质 论文 另别 在 网络 上 尝试 恶意 态度 以上 的 等级 你 只会 浪费时间 另 另 这 是 我 从 一张 图上 手 打 下来 的 非 原创 ( = = ) 观众 老爷 们 看看 乐呵乐 呵 就行了 ( )
23848304,对 了 还有 第零 层 全心全意 帮 对方 证明 对方 是 对 的 ( )
23851178,网络 上 第二 等级 可以 用 结合 第六 特牛 ( )
23872386,住口 粗鄙 之语 无耻 之人 是 什么 等级
38845876,想到 了 少爷 的 反驳 的 八个 层次 ( )
115918442,第三层 的 例子 圣经 不算 是 公认 的 证据 和 文献 吧
215179845,回复 : 爱因斯坦 的 量子力学 理想 试验 吗
1962978269,到 了 第四层 就 不管 用 了 网络 上 我 还是 最 喜欢 用 最后 的 三层 比较 爽
2489136711,还有 阴阳人
2519674070,都 是 喷人 了 岂能 讲道理
2612556651,果然 一个 饭圈 阿姨 直接 过来 指 我 身份 第六层 呵呵
2721474000,回复 : 第二层 吧
2724977525,层 层 恐 惧
2939211208,回复 : 最高层 是 鼓励 他 表扬 他 让 他 坚持 自己 的 观点
2952896391,老 千层饼 了
2964128469,回复 : 负 七层
3366111692,诸葛亮 对 王郎算 第几层 感觉 他们 都 在 人身攻击 耶
3608821614,简直 了 最烦 那种 不 听 对方 观点 的 了
3902853372,那个 时候 就 有 千层饼 吗
4785239376,第一层 不是 那么 容易 做到 的 毕竟 对方 不 一定 会 露出 重点 错误
5243419936,回复 : 他们 论 的 就是 人生 观念 和 实践 啊 这种 辩论 到 最后 就是 为了 否定 对方 人生 的 辩论 我 甚至 觉得 人生 攻击 都 是 轻 的 ...
5596419154,上帝 是 存在 的 因为 圣经 是 这么 写 的 那么 对方 辩友 是不是 也 觉得 圣经 是因为 有 上帝 才 存在 的 呢 我方 认为 对方 辩友 循环论证
94872299008,六年 转逝 时光 巡礼 望闻 安好
103033357968,这里 都 能 有 黄嘉琪
130596755616,2022 再 看 这条 评论 感觉 很 有意思
131273686720,真牛
134009231424,回复 : 啊 对 对 对
140583451616,回复 : 举例
168170727152,我 评论 反驳 别人 一般 都 是 找出 对面 错误 说 出来 也 就是 第一层 可惜 现在 很多 人 看 完 回复 开骂 你 这样 认为 如何 如何 错误 你 站 xx 立场 当然 会 这么 认为 然后 就是 污言秽语 最后 拉 黑 唉
292046490128,在 今天 您 总结 的 这 一段话 可以 被 简化 为 五个 字典 急蚌乐 孝
23846158,辩论 的 双方 都 知道 不会 有 结果 他们 自己 都 不 一定 信 这 只是 场 表演 罢了
23846034,求 搬 2013 和 14 星辩
23845866,强 X ( ; _ )
23845788,双方 都 好 精彩 最后 评审团 也 印证 了 3 票 对 2 票 反方 最后 四辩 我 觉得 赞
23845420,我 已经 听 的 迷失 自我 了
23845380,为何 一个 辩论 三句不离 强 X 真是 好 羞耻 ( 口 ) (
23845272,关于 辩论 的 意义 很多 辩手 都 在 思考 于 我 而言 辩论 最大 的 意义 是 学会 理解 每个 人 的 价值观 都 不同 与 你 观点 相反 的 人 不 一定 就是 毫无道理 的 处世 最难 之事 在于 理解 他人 这 也 是 为何 撕逼会 存在 吧 另外 我 也 很 喜欢 一个 前辈 说 的话 能 让 观众 在 看 完 一场 比赛 后 对 某个 问题 有 一点 思考 一点 收获 就是 辩论 的 意义 吧
23846050,辩论 命题 是 确定 正反方 也 是 确定 假如 自己 本身 对 所属 命题 不敢苟同 那 终究 只是 一场 文字游戏 要 赢得 比赛 就是 呈 口舌 之能 辩论 命题 总是 分 正反两方 世事 没有 那么 多 清清 与 白白
23846143,真正 的 理解 应该 是 建立 在 自身 所 认为 是 真理 的 基础 达到 求同存异 绝非 当下 辩论 所 真正 提倡 的
23846799,关于 辩手 对 自身 立场 不 认同 的 情况 实在 是 太 多 了 就 如 你 说 的 世事 不是 非黑 即 白 别说 是 辩手 常人 都 不 可能 会 认同 一个 太过 绝对 的 观点 所以 辩论 不是 一个 观点 的 交锋 而是 一门 说服 的 艺术 我 的 一个 前辈 说 过 你 讲 的 东西连 你 自己 都 不认 你 就 根本 赢 不了 辩手 要 做 的 是 找到 一个 合理 的 角度 去 论述 己方 观点 另外 我 个人 觉得 想 在 辩论赛 中 找到 真理 是 一个 很 无聊 的 行为 辩论 不能 告诉 你 哪个 是 对 的 它 只能 帮助 你 从 两个 相反 的 角度 去 思考 从而 接近 真理
23847459,辩论 有没有 意义 我 个人 认为 是 有 的 但是 辩论赛 和 辩论 是 两个 概念 大家 觉得 辩论 无用 我 个人 觉得 可能 是因为 现在 辩论赛 的 赛制 很难 让 辩手 在 有限 的 时间 内 表达 有 价值 的 东西 出来 导致 很多 的 辩论 沦为 了 大家 所说 的 逞 一时 口舌 之快 安利 一下 今年 新国辩 周玄毅 先生 和 黄 执中 先生 的 哲理 辩论 犬儒主义 是否是 精神 解脱 之道 不 知道 UP 主 有没有 搬 只有 两人 对 辩 有点 类似 于 当年 苏格拉底 与 他人 进行 哲理 辩论 的 形式
23844643,人类 为何 要 用 辩论赛 折磨 自己
23844087,看到 弹幕 里 有人 说 果然 文科 玩 语言 理科 讲 逻辑 的 我 就 补充 一下 武大 二 三四 辩 都 是 人文科学 实验班 的 人文科学 实验班 要求 是 文史哲 兼修 四辩 周玄毅 现在 就是 武大 哲院 的 老师 一般 学 哲学 的 逻辑 上 可以 吊打 大部分 理科生 和 工科 生 何况 是 坐在 这种 级别 赛场 上 的 辩论 大神
23845323,感谢 你 的 补充 大家 都 知道 双方 都 是 很 有 实力 与 逻辑 的 只不过 单从 这场 辩论赛 侧重 表现 出 正方 在 语言 技巧 上 的 优势 以及 反方 思维 逻辑 更为 缜密 罢了 我 想 弹幕 中说 的 文科 玩 语言 理科 讲 逻辑 之类 的 只是 相对而言 罢了
23845664,回复 : 关于 这 一点 我 也 很 乐意 分享 一点 看法 我 觉得 正方 更 注重 语言 而 反方 更 讲究 逻辑 其实 跟 这场 比赛 中 他们 所持 的 立场 有关 周玄毅 老师 在 给 一场 辩论赛 点评 时 曾经 说 过 其实 任何 一场 辩论赛 到 最后 就是 男性 思维 和 女性 思维 的 对决 男性 更 注重 逻辑 女性 更 注重 感情 拿 金钱 辩 来说 如果 单从 逻辑 上 分析 其实 反方 更为 有 优势 但是 正方 更 容易 在 感情 上 达到 共鸣 这 可能 就是 为何 大家 会 认为 正方 更 注重 语言 技巧 而 反方 更 注重 逻辑 的 原因
23844043,不敢 去 东南亚 大学 了
23843345,万恶之源 不 想要 都 给 我 得 了
23843215,说 的 好 可惜 我 没 钱
23843090,最 经典 的 不是 狮城 舌辩 吗
23842651,不是 主办方 偏袒 而是 反方 的确 理论性 更强 正方 一直 在 绕弯子 但是 正方 有 一点 说 的 很 好 万 不 代表 全部 明明 能 用 这点 继续 反驳 而且 觉得 这场 双方 实力 都 没 露出 来 啊 各 有 各 牵强 也许 是 题目 太 变态 了
23842329,評論 真是 精彩
23842096,钱 是不是 万恶之源 没钱 拿 谁 去 辩论 啊
23841988,辩论 到底 是 怎么回事
23841708,放心 我 不会 吐槽 画质 的
23841568,我 理解 的 论点 是 : 正方 : 不 否认 钱 的 正面 作用 但是 钱 同时 也 导致 服 非常 多 的 恶 反方 : 钱 不是 所有 恶 的 源头 其中 的 正面 作用 不可 忽略 所以 在我看来 正方 反方 辩 的 不是 同一个 万恶之源 但是 在 结尾 意见 却 达成 了 一致 非常 精彩
23841503,总 觉得 这个 和 钱 没关系 单纯 是 和 生产力 的 问题 ... 不 同意 勿 喷 OTL
23841440,我 觉得 视频 题目 可以 在 加点 叫 钱 与 性 的 碰撞 钱 与 性 谁 才 是 万恶之源
23840916,视频 辩题 钱 是不是 万恶之源 弹幕 辩题 武大 是不是 名校 ( )
23840675,这 题目 也 真 TM 蛋疼 反例 太好举 了
23840648,都 别 bb 了 来 开盘 lol
23840073,这个 论点 有点 偏向 反方 啊 辩论 的 论点 应该 是 模棱两可 才 是 这个 是 主办方 偏袒 啊
23839764,反方 的 观点 更 容易 证明 有 先天 优势 逻辑 中有 一句 很 经典 的话 一万只 白羊 也 不能 证明 羊是 白 的 一只 黑羊 就 可以 证明 羊 不全是 白 的 反方 的 策略 就是 抓住 黑羊 不放 武汉大学 关于 万 不能 代表 一切 也 很 精彩 说明 他们 是 有 充分准备 的 但是 没有 在 一辩 就 提出 来 是 一个 失误 国内 教育 不 讲 逻辑 如何 反驳 别人 都 不会 所以 只有 喷子
23839482,其实 反方 都 是 b 站 深部 成员
23838828,我 晕 看 了 下面 的 一些 评论 那些 逗比 难道 以为 评论 赛 可以 自己 选 正反方
23838709,太精彩 了 看 这个 绝对 不 开 弹幕 从万字 突破 实在 是 牛
23838678,小学 班主任 给 放过
23838506,B 站 看 有 争议 的 视频 习惯性 先关 弹幕
23838406,都 好 有 才 啊 ( )
23838210,嘴炮 太牛
23838099,暂停 笑 一会 三句不离 弓 虽女 干
23837584,学霸 膜拜
23837461,还 辩论 我 B 站 键盘 斗士 分 分钟 教你做 人
23838149,( 口 ) ( 还有 反方 为 毛 多次 提到 性欲 啊
23837267,来 就是 来看 撕 逼 的 ( )
23837044,键盘 侠 一定 很多 所以 我 都 不想 看 了
23836817,其实 细 想 一番 这个 辩题 就是 有 异议 的 万恶之源 主要 在于 欲望 钱 只是 载体 明显 对 反方 有利 啊
23836676,语文 老师 在 教室 里面 放过 - -
23836588,话 说 如此 高 的 奖金 决赛 命题 居然 是 要 不要 钱
23836537,( ` ) 无论谁 输 谁 赢 正方 有种 不 拿 一万元 奖金
23836424,为何 不 打 一架
23836416,此 视频 一 出来 我 就 知道 会炸出 一堆 键盘 斗士 ( )
23836233,傻 逼 辩论 大赛
23836172,全程 看 弹幕 看 得 离不开 眼 233 色情 辩论 队 简直 太 233
23836085,字典 狂魔 VS 色情 辩手
23836027,满分 作文
23835575,能 用 严密 的 逻辑 推出 正误 的 命题 也 不 需要 辩论 啊 钱 是 万恶之源 这种 命题 本 就 不是 科学 的 问题 辩论 就是 玩味 文字 难道 你 听 了 50 分钟 被 正方 或 反方 给 说服 了 吗
23835339,我门 学校 刚刚 辫 完 这个 而且 我门班 第二 反方 一直 说 强奸 没 办法 _
23834985,喜欢 正方 的 语言
23834874,正方 更 精彩
23834223,辩题 本身 就 对 反方 有利 所以 正方 很多 时候 只能 诡辩 显得 逻辑 较弱 但 这 也 是 没 办法 的 事 辩论 往往 都 是 这样 避重就轻 往 对 自己 有利 的 方向 说 即使 明知 是 错 的 也 要 说出 朵 花儿 来
23834045,这场 辩论 的确 精彩 但 到 自由 辩论 时 就 没意思 了 感觉 都 是 自说自话 不顾 对方 问题 一味 强调 自身 观点 我 认为 还是 按部就班 一步 一步 推理 论证 将 问题 直白 化 条理化 的 好 然后 确认 逻辑 前提 是否 有误 有 问题 再 直白 指出 给出 推理 证明 这样 到 最后 就 变成 前提 之争 了 前提 是 公理 定理 就 有 结果 了 有些 实在 无法 解决 的 前提 自然 就 没得解 ( 如 是否 有 死 后 世界 唯心 唯物 什么 的 ) 我 想 只有 这样 才 是 解决问题 之道 可惜 这些 辩论 本 就 不是 为 解决问题 而 存在 的 我 说 这些 也 是 废话 了 ~ ~ ~ 但是 想着 打 了 这么 多字 还是 发出 来 吧
23834171,你 说 的 很 有 道理 但是 辩论赛 真的 打 起来 就 不是 我们 想 怎么样 就 怎么样 了 打着 打着 就 铺 不开 一直 撕 了
23846654,你 说 的 那些 没 解决 的 问题 大多 是 哲学 角度 的 问题 那些 牵涉 的 内容 太多 太 复杂 了 根本 不 可能 由 学生 在 这么 短小 的 一个 时间 场合 来 研究 讨论 哲学 选修课 的 老师 说 过 真正 难 解决 的 问题 大多 是 哲学 问题 相 较 而言 学校 辩论赛 那种 只是 闹着玩 罢了 仅 代表 那位 老师 的 言论 不喜轻 喷
23834000,我 从未见过 如此 ......
23833281,这么 多年 我 都 没有 发现 原来 我 是 墙头草
23833280,最低 端的 辩论 永远 不 可能 有 结果 的 撕 逼 战斗 诡辩 天堂
23833213,发 下 端的 傻 逼 么 都 是 谁 想 看 你 的 P 话 弹幕 吵架 的 为什么 不去 死
23833127,200 楼 的 那场 是 狮城 论战 挺不错 的
23833085,个人 还是 更 喜欢 舌站 狮城
23832679,可惜 了 万恶之源 不 一定 说 钱 本身 就是 恶 的 啊 但 它 的确 是 诞生 恶 的 源头 ... 之一
23832598,( = = )
23832480,字典 狂魔 VS 色情 辩手
5653746475,精辟
5854749986,啊 这 啊 这 为什么 要 这么 说 啊
138586061872,确实
138791963904,回复 : 他 这 是从 内容 上 小小 概括 了 一下
150242627312,无法 反驳
191756268624,精辟
208798128640,回复 : 反方 总用 性欲 强奸 等等 例子
216901048752,哈哈哈哈 哈哈哈哈 哈哈哈 哈哈哈 哈哈哈 哈哈哈
224426556016,回复 : 反方 一直 提 qj 很 明显 因为 在 qj 案上 很少 冲钱 去 大部分 是 人 本身 的 恶 而 正方 对于 这个 点 找 不到 驳倒 对方 的 点 反方 看 出来 了 所以 一直 纠着 这点 正方 强调 字典 我 感觉 也 是 为了 框定 万恶之源 的 定义 定义 万 的 区间 但是 感觉 他们 没辩 过 反方
253493307953,这 就 叫 色情 没学过 生理 课 吧 是不是 还 觉得 牵手 就 会 怀孕 啊
259651257857,回复 : 很 明显 开玩笑 的
259651264049,回复 : 而且 楼主 2015 的 评论 那个 时代 和 现在 还是 不 一样 的
268577983216,回复 : 就是 概括 视频 内容 啊 好 莫名其妙
268578615056,这种 玩笑 竟然 要 解释 我 是 妹 想到 的
273823784305,回复 : 就是 各 挑 了 个 最具 代表性 的 东西 玩 了 个 抽象 而已 别太 应激
23832472,正方 辩 的 太好了 各种 意味 我来 帮 一个 忙 以 一 抵万 都 是 可以 的 因为 我们 可以 将 钱生 的 恶 和 其他 恶用 单射 对应 出来 然后 两边 都 是 无限 集 所以 确实 是 万恶之源 ( = = )
23832465,一个 比 一个 吊说 的
23832464,卤 煮 加油 ( ) 辩论 真是 不能 再 叼 话 说求 问 那个 人性本善 / 恶 的 那场 在 哪里 可以 找到 真的 有 这场 么
23830744,说到底 双方 就是 对 那个 万字 的 定义 不同 个人 觉得 辩题 不是 很 好
23830127,不会 就是 狮城 舌战 吧
23830093,搜 了 一下 竟然 有大 B 站 简直 惊呆 我
23830059,求 up 传 婚姻 是 / 不是 爱情 的 坟墓 那年 的 也 超级 燃
23829867,有生之年 竟能 在 b 站 首页 看见 高三 老师 给 我们 放过 的 视频
23829103,我 整个 人 都 被 强奸 了 2333333
23829062,辩论 员 的 员 字 为什么 没有 贝字 啊 字幕 都 打 出来 了 是因为 年代 关系 还是 真的 胡扯 呢 有没有 大神 解释 ( )
23829006,看 都 不用 看 就 知道 弹幕 要 撕 逼 了
23829217,( ) 我 也 这么 想 的
23828900,真不知道 为什么 那么 多人 在 视频 里发 自己 对 论题 的 观点 这么 浮躁 至于 么 这些 问题 不能 私底下 自己 去 讨论 么 弄 的 好像 其他人 没有 自己 的 观点 一样 还有 发 这种 弹幕 的 到底 几个 懂 辩论 的 啊 发出 来 的 东西 根本 只顾 自己 的 主观 思想 毫无 说服力 但 却 强加 虚无 决断力 可笑
23829406,所以 呢 又 不是 撕 逼 这么 和平 的 现在 几乎 看不到 了
23830264,那 这种 视频 干脆 不发 弹幕 了 没有 撕 逼 和 互骂 已经 很 好 了
23833907,额 你 可以 不来 B 站 看 你 也 可以 不 开 弹幕 看发 弹幕 当然 是 表达 自己 的 观点 难道 要说 正反方 谁谁谁 好帅 观众席 谁谁谁 好丑 吗 而且 发条 弹幕 肯定 是 尽量 简短 难道 为了 说明 观点 发 一大 段 内容 刷屏 吗 到时候 反感 的 肯定 更 多 难道 7W 观众 都 要 懂 辩论 才能 发言 吗 去 辩论 现场 的 观众 我 敢肯定 也 不是 全都 懂 辩论 的
23835261,回复 : 是 丫 你 说 的 真 对 ( )
23835928,回复 : 我 所发 的 评论 本身 就是 我 的 主官 表达 发言 时 没有 过多 考虑 其他 因素 所以 我 发言 的 同时 就 已经 在 说 自己 了 惹 你 烦 的话 真 不好意思 我 所发 的 这句 话 并 没有 表达 我 所 想 表达 的 东西 带有 太 多 负面 情感 本 就 单薄 的 文字 加上 烦躁 情感 的 渲染 以至于 我 发出 了 奇怪 的 噪音 在 看到 你们 的 评论 后 我 发现 我 所说 的话 产生 了 目的 以外 的 意思 具体 的 失误 在于 我 的 主观 理解 在 此道 个 歉 但是 我 话语 对准 的 对象 本身 并 没有 变 还是 对 某些 过于 主观 且 无视 辩手 话语 的 鲁莽 发言 感到 反感 懂不懂 辩论 那句话 我 撤销 但是 我 还是 希望 某些 人 可以 在 读懂 辩手 的话 之后 再 发言 并且 希望 某些 人 不要 直接 用 自己 的 言论 否认 这场 辩论赛 的 意义 ( = = )
23842390,回复 : 和平 交流 一直 是 我 评论 的 原则 想 说 的 只是 我们 也 不必 过于 担心 观众 只会 是 枉作 小人 点 进来 看 辩论 视频 的 一般 有 两种 一种 是 希望 借此 提示 自身 水平 或者 感受一下 思维 的 冲击 第二种 是 纯粹 看看 热闹 对于 前者 相信 他们 大部分 自有 其 判断力 不会 轻易 被 正反方 所 动摇 更 不用说 弹幕 上 的 只言片语 而 对于 后者 也许 对于 他们 而言 逻辑 技巧 什么 的 并 不是 最 想要 看到 的 弹幕 对 他们 的 吸引力 可能 大于 视频 本身 而 对于 那些 乱发 乱 喷 的 弹幕 个人 也 是 比较 讨厌 在 这 较为 正经 的 视频 里 确实 是 会 显得 尤为 突兀 但 我 相信 观众们 远比 我们 想象 地 聪明 哪些 是 好话 哪些 是 戏言 大家 是 心中有数 的 我 也 不是 那种 慎言 慎行 的 人 对于 我 的 鲁莽 发言 还 请 见谅
23846281,回复 : 我 感受 到 了 久违 的 和谐
23867571,( _ ) 2 年间 我 在 b 站 看到 这么 和谐 的 交流 还 只是 第二次
36468610,看到 这样 和谐 的 讨论 我 以为 来到 了 知乎
23828691,我 觉得 都 不用 辩 如果 万恶 = 所有 罪恶 那 反方 赢 如果 万恶 = 大部分 罪恶 那 正方 赢 说来说去 就是 在 扣 这个 万恶 的 定义
23828256,相声 说 的 不错
23828231,辩论赛 的 记得 以前 老师 也 播过 我 当时 看 的 感觉 就是 正方 说完 了 然后 我 觉得 真心 有 道理 啊 然后 反方 说完 了 卧槽 这么 一说 还 真是 这么 一 回事 啊 然后 正方 反驳 卧槽 原来 又 不是 这么 一 回事 反方 反驳 卧槽 看来 还是 那么 一 回事 播到 后面 看 完后 我 发现 我 被 玩坏 了 ( ` )
23828435,对 了 我 看 的 那场 印象 最深 的 就是 评审团 里面 有 金庸 大神
23829347,+ 10086 233333333333333
23843367,233333
23844574,++++++
23874818,回复 : 是 人性本善 和 人性本恶 的 那 一场 么 我 也 看过 ( )
23897678,av873508
24186574,完全一致
30252059,( ) ( ) ( ) ( ) ( )
34755435,_ ( : 3 ) _
36430609,同 ( = = )
114494859,这 两年 我 看 了 那么 多 本子 和 里 番 影视 没 找到 你 头像 的 出处 -_- | |
114699249,你 不是 一个 人
115208680,我 的 膝盖 啊啊啊 啊 啊
116492480,卧槽 还 真是 这么回事 啊
122675362,我 也 ( ` )
152797922,你 这个 评论 也 非常 经典 呀
162919312,就算 我 一 开始 站 的 反方 中间 也 被 正方 辩手 的 陈述 迷惑 过 不过 正方 逻辑 有 问题 不能 撑 到底 的 样子 竟然 也 想到 很多 角度 来 反击
194054466,hhh 好 有 画面感
233059582,我 也 是
282350117,哈哈哈 哈哈 没错
282850564,同 ( )
289150387,对 对 对
332462313,一直 很 喜欢 武大 这支 辩论 队 超会 打 嘴炮 听 他们 balabala 举栗 都 是 议论文 素材 啊 hhhh
355396105,封面 好评
397979584,那 看来 你 的 思辨 思维 和 知识面 还有 待 提高
398928396,对 对 对 我 也 是 ( )
429103098,考古队 ( _ ` )
458526934,nibus
458527147,你 不是 一个 人 抱紧 我 ( )
476606191,看 了 93 年 那个 新加坡 辩论会 感觉 台湾大学 那帮人 跟 骂街 泼妇 差不多 复旦大学 的 都 是 高材生
509322775,okok 一样 的
514422299,层主 我可以 * * 一脸 吗 滑稽
516908586,所以 这 就是 * * 一脸 的 原因
561672828,emmmmm 觉得 辩论 不问 观点 是 怎样 只要 站 定 自己 的 立场 赢 了 就 行 _ ( : 3 ) _ 像 李狗 嗨 里 说 的 那样 在 战场 辩论 场上 胜利 即 是 正义 最后 心疼 你 hhh
615748619,是不是 93 蒋昌建 复旦 对 台大 那场 ( )
638431687,容易 被 洗脑
798391354,同 啊 同
822770818,回复
825761581,应该 是 98 年 大专 辩论 人性本善 还是 本恶 复旦大学 赢 了 最强 大脑 主持人 蒋昌建 获得最佳 辩手 称号
825752702,回复 : 搞错 了 93 年
830630077,2999 赞助 你 破 3000
830901664,3000 赞助 攻 ( )
868560827,回复 : 你 暴露 了
891188130,首先 要 有 自己 的 观点 站 在 某 一方 反驳 另一方 就 会 发现 对方 的 逻辑 漏洞 ( 就是 找茬 就是 杠精 )
930444363,一模一样 啊 哈哈哈哈 但 最后 我 还是 更 倾向 于 人性本恶
937118218,同感
938110769,ID 好评 ( _ ` )
1034190246,回复 : 九三年 那场
1049712814,身份证号
1156945463,回复 : 金庸 过世 了 QAQ
1162647811,哈哈哈哈 看 完 我 觉得 都 有理
1166259066,回复 : 老先生 去世 了
1180881292,回复 : 唉 我 也 是 很多年 以后 来看 这个 视频 唉
1187049070,回复 : 台大 虽然 很 激动 但 辩词 接地 气 贴近生活 这 也 是 他们 的 优点 不要 带 有色眼镜 看人
1203193363,我 我 也 是 一会儿 这个 好 有 道理 啊 一会儿 那个 说 的 好 对 啊
1210044157,这个 话题 正当 不 占优势
1230328876,对 了 对 了
1245595660,回复 : 那 就是 蒋昌建 那届
1252513120,对 呀 我 真的 就 墙头草 两边倒
1253405973,当时 我 看 得 很着急 怎么 还 没 动手 打架 记得 我叔 还 逗我 说 有 一期 打 起来 了 被 主持人 拉开 了
1401832349,复读机
1469611151,回复 : 哪 一场 ? 辩论赛 有 金庸 ?
1481399637,无法 反驳 * * 不是 恶 ( )
1482412445,其实 要 把 自己 当做 两方 的 敌 对方 来看 而 不是 有 一个 鲜明 的 旗帜 的 倒 向 某 一方 要 客观 的 用 自己 的 价值观 批判性 的 看待 问题 汲取 营养 辩证 思维
1484528806,93 辩论
1510491144,回复 : 估计 是 93 年 蒋昌建 那 一场
1510696300,+ 1
1524900868,回复 : 求 av 号 哪场
1602052211,结合 ID 我鸡动 了
1633924714,回复 : 是 蒋昌 建三辩 好像 是 人性本恶 还是 本善
1639584403,刚才 说错 了 是 性本善 和 性本恶 那场 正方 感觉 没 说服力 啊
1663278918,这个 也 有理 那个 也 有理
1666194910,me too
1670615983,名字
1671235528,笑死 我 了
1673255982,哈哈 好好 哈哈哈哈 哈哈哈哈 哈哈哈 哈哈哈 我 也 是
1685352805,真实
1705461215,这个 7 我 就 不 给 你 改 了
1708661574,来来回回 恍恍惚惚
1711356628,回复 : 四年 了 居然 没 改名
1715327128,极善 则 极恶 极恶 则 极善
1718949172,哈哈哈 简直 看到 了 我 本人
1719835681,你 名字
1719835904,回复 : 还有 你 头像
1720054815,我 想 对 你 做 你 ID 叫 我 做 的 事 ( = = )
1724142864,好像 是 那么 一 回事
1725303322,+ 1 哈哈哈 哈哈
1730396287,一天 就 知道 卧槽 就 不能 倒 过来 念 吗
1757232103,前任 每次 看 完 奇葩 说 都 会 来 评价 我 一番 你 看看 别人 这么 有 逻辑思维 别人 的 这 辩论 能力 你 就 没有 这种 能力 大概 是 每次 我 那 面瘫 般的 平静 的 面容 没有 让 他 找到 想要 的 效果 吧 我 小时候 哥哥 学 长辈 们 弄 来 蛐蛐 逗 两只 蛐蛐 从来 都 未 让 他 失望 用 生命 演绎 着 自己 的 立场 他 激动 的 每次 都 大喊大叫 还 出汗 而 我 就 喜欢 吃 着 好吃 的 或者 喝 着 果汁 平静 的 看着 他 激动 的 陪 着 两只 蛐蛐 斗 大概 就是 这种 状态 总是 让 别人 不 舒服 吧 有人 爱演 有人 就 爱看 别人 演 的 目的 就是 希望 有人 关注 有人 看 都 去 演 了 谁 来 配合 他们
1760134627,回复 : 槽 卧
1769954885,哈哈哈 哈哈哈
1788796354,竟然 在 这 发现 了 你
1830911291,你好 可爱 ( = = )
1855876094,回复 : 感谢
1958828952,惊 了 没 回复 hhhh
1987995879,回复 : 讨论 人性本恶 的 话题
1988678287,请 停止 偷窥 我
1993759206,太 真实 了 哈哈哈 哈哈哈 哈哈哈
1994058439,+ 1 啊 hhhhhh
1995298263,墙头草 1
1998165082,回复 : 画手 了解 一下
2011643918,哈哈 你 要 笑死 我 吗
2019305677,反方 太笨 老 纠结 一个 万字 其实 源才 是 突破点 钱 源于 欲望 产生 人才 是 万恶之源 证明 这 一点 正方 不攻自破 反方 利于 不败之地
2024190911,就 这个 论题 站队 武汉大学 先输 一半
2068764818,真实
2100741711,回复 : 啊 性本善 恶内场 评委 都 是 神仙 级 人物 啊
2102402826,hahah
2122834887,牛 逼
2125027532,我 觉得 都 以为 正方 要 赢 了 结果 输 了
2129639107,辩论 双方 就是 在 拔河 我们 就是 中间 那个 标志物
2140899226,回复 : 能 搜到 视频 吗
2154918522,正方 的 题面 有 问题 的 我 认为 的 逻辑 是 这样 的 钱 是 人 创造 出来 的 恶 也 是 人 创造 出来 的 两者 的 源头 怎么 说 也 是 人 啊 同样 的 道理 如果说 钱 是 万恶之源 的话 等价 的 命题 是 没有 钱 的 地方 就 没有 恶 打着 打着 字 发现 三辩 最后 也 是 类似 的 看法 可惜 可惜
2164204786,哈哈哈 我 也 是
2169216356,我 赞成 你 的 观点
2191819734,辩论 选 的 辩题 本身 就是 有 辩论 空间 的 不 可能 出现 一方 有 压倒性 的 优势 这种 场子 上 的 都 是 各国 辩论 界 的 扛 把子 想 在 辩论 上分 个 输赢 太难 你 要 让 他 有 6 个 评委 都 不 知道 会 有 多少 平手 的 情况 发生
2362821114,回复 :
2392963561,93 年 人性本善 / 恶
2420792038,回复 : 性本善
2444331830,这 一层楼 全是 大佬 瑟瑟 发抖
2476627810,你 不是 一个 人
2478764798,辩论 是 一场 愚弄 听众 的 游戏
2478827397,哈哈哈哈 哈哈哈 哈哈哈 哈哈哈
2480863290,就 和 你 现在 的 头像 一样
2531555933,完全 一样
2560028431,哈哈哈哈 哈哈哈哈 同 上
2608511882,+ 1
2645336433,回复 : 我 去 居然 在 这里 遇到 了 之前 关注 的 画画 up
2654911279,真实情况 我 哭 了
2687081636,回复 : 那 这么 快 就 没 了 你 还 怎么 看 呢
2761698761,回复 : 我 想 知道 是 哪 一场 B 站 有 吗
2791431251,我 从 最 开始 的 哇 妈妈 他 说 的 对 哇哇 哇 好 厉害 我 怎么 没有 想到 看好 后面 哈哈哈 哈哈哈 哈哈哈 哈哈哈 哈哈哈 哈哈哈 哈哈哈 笑死 我 了 反方 辩手 日常 黄暴 hhhhh
2878802602,哈 现在 2020 感同身受 的 我 报个 到
2923873574,回复 : 我 也 是 怎么 想 的
3025541666,昵称 涉黄 举报 了
3033326936,这 就是 辩论赛 的 意义 并 不是 非 要 讨论 出个 结果 所以然 来 而是 在 看 辩手 的 逻辑 和 思辨 反应 能力 以及 说服 能力
3055832958,我 始终 同意 反方 不过 正方 辩手 偷换概念 回避 问题 很 厉害
3409845579,回复 : 我们 小学 六年级 的 时候 老师 也 给 我们 看过 那 一场 耶 真的 是 被 玩坏 了
3455276232,太 真实 了 而且 他们 辩论 正 对手 说完 了 这边 立刻 就 有人 能 站 起来 反驳 要 我 可能 要缓 好久
3474036922,完全一致
3481541283,回复 : 人性 辩 应该 是 印象 深刻
3520362921,哈哈哈哈 一 one
3559232369,回复 : 我 才 从 那个 过来
3584935211,回复 : 害得 我 回去 查 了 下台 大 论据 到 逻辑 到 态度 没 一个 拿 得 出手 的 整个 一 胡诌 就 这 也 有 道理 我 怀疑 你 记错 了
3916495701,回复 :
4125271361,我 原来 是 墙头草
4214298664,回复 : 妙 啊
4527173661,回复 : 这么 狠
4662811834,+ 10086
4982551705,我 变成 了 墙头草
5416017039,我 也 是
5517951404,太 真实 了
5532710252,这 名字 再 加上 这 最后 一句 话 ....
5539068421,只有 观众 受伤 的 世界 完成 了
5640870502,回复 : 有 链接 吗 给我发 一个
5712714702,其实 他们 本身 辩论 的 问题 就是 没有 界定 清楚 万恶之源 正方 理解 是 万种 恶 的 源头 而 反方 是 认为 万恶之源 就是 恶 本身 他们 的 争吵 基本 就是 再 争吵 这个 到底 是 本身 还是 一个 数量 的 恶
93842291072,他们 整体 上 其实 已经 不算 是 辩论 因为 万 这个 字 本身 就是 一个 bug 其实 只要 辩证 万是 全部 还是 大部分 就 已经 可以 了 就 好比 左方 极力 拒绝 说 万 是 全部 的 意思 这是 为什么 呢 只要 万 代表 了 全部 右方 就 可以 举例 说 在 古代 没有 权钱交易 的 时候 为什么 智 人 还要 去 杀戮 呢 为了 的 是 更 多 的 生存空间 可 资源 而 不是 金钱 如果 万 代表 大部分 那么 右方 完败 因为 其他 的 例子 可以 不 参与 只要 说明 大部分 的 金钱 例子 就 可以 了 其实 说到底 选择 的 大部分 问题 其实 都 源于 金钱 但 古代 或者 贫困山区 没太多 钱权 交易 的 地方 那 就 不 一定 了 只能 说 环境 造就 情况 右方 只要 多 举例 没有 权钱交易 的 地方 或 年代 就行了 而 左方 可以 说 只要 极力 反对 万是 全部 如果 成功 那 他 就 赢 了 小偷 为什么 要 偷钱 更 多 的 是 没 钱 其实 还是 金钱 所迫 钱 导致 了 人 的 资源 的 不 平等 如果 人人 资源 平等 都 能 享受 富裕 谁 又 会 去 偷钱 呢 环境 决定 需求 现在 更 多 的 是 钱 导致 的 问题 只要 辩证 万 到底 是 全部 还是 大部分 就 能 判断 谁 赢 了
94619525376,我 反复 横 跳
106392612016,实属 是 反复 横 跳 了
106558368960,23333333 我 也 一样 哈哈哈哈 哈哈哈
106558489744,居然 没有 课 代表
111597179584,回复 : 哪场
112146664832,你 形容 的 好 真实 是 我 本人 没错 了
113879364928,哈哈哈 哈哈
118315635472,重点 是 被 玩坏 了
121057128288,一 开始 我 也 这么 觉得 但是 后来 我 发现 他们 其实 基本上 所有 辩论 都 是 这样 本质 上 还是 各执一词 因为 对 万 的 理解 偏差 始终 不能 达成 共识 讨论 半天 都 不是 一个 东西 其实 相当于 鸡 跟 鸭 讲 当然 这 不是 他们 的 问题 而是 辩论 本身 的 操蛋 形式 如果 对 概念 做 完全 清楚 的 界定 就 没有 争议 不能 讨论 了 或者说 每 一个 辩题 只是 一个 表面 的 东西 背后 真正 的 争议 点 才 是 真正 的 辩题 他们 强悍 的 地方 在于 丰富 的 知识 以及 言辩 能力 各种 有 说服力 的 事例 信手拈来 语言 组织 上 和 逻辑 上 都 很 完美
121980391616,这 一场 关于 金钱 的 辩论 属实 是 精彩 我 的 观点 反复 横 跳
122770875328,我 是 墙头草
123039365312,他们 所说 说 的话 反应 他们 的 逻辑思维 如此 强大 的 逻辑 与 思维 怎么 不成 大事
124402671008,回复 : 请问 那 是 哪 一场 啊
124428958080,哈哈
128485456080,看 完好 有 道理 我们 该 怎么 用 他们 滴 思维 来 看待 世界 呢
128498882352,这种 生活 不过 有意思
128501709120,太 真实 了
129188096496,这 就是 我 在
129371584560,哈哈哈哈 哈哈哈 戳 中 我 了
129406296336,我 觉得 冠军 应该 是 武汉
129565196640,加一 各有千秋 吧
130927516304,哈哈哈哈 哈哈哈 哈哈哈 强者 的 压制
131090014640,我 随意 评论 下 还 没 看过 辩论赛 但 我 有 个 想法 是不是 因为 楼主 当时 的 知识 储备 不足 无法 用 全局 观去 看待 辩论赛 或者 被 该 赛事 的 nb 程度 所 蒙蔽 而 削弱 了 自己 的 主观 思考 能力
131282715216,哈哈哈哈 对 我 也 是 这个 感觉 太叫 人 痴迷 了
131767326736,一点 也 没错 生动 反映 了 我 当时 的 心理 状态
132393515152,回复 : 所以 说 你 这个 昵称
133011850496,对 就是 这样 关键 是 我 最后 回过 神 又 跟不上 脑子 了
133143770736,哈哈哈 哈哈
133365454416,哈哈哈 哈哈 好 真实
133529553056,7 年前 的 评论 你好
133606208896,我 觉得 双方 都 有 很多 的 故意 逃避 和 偷换概念 但是 有时候 还是 能 给 我 骗 的 一 愣 但是 暂停 一 研究 就 等 明白 漏洞 还是 有 的
133679822400,智慧 的 人能 同时 存有 两种 矛盾 的 思想
134001163664,对不起 我 是 墙头草
134106503744,这 就是 他们 的 魅力 所在 吧
134112002672,回复 : 对 对 对 当时 我 还 问 我 爸 这个 查良镛 是 谁
134112602944,回复 : 不过 金庸 好像 是 1993 年 那场 的 评委
134163392288,辩论 墙头草
134409840976,最 主要 还 都 能 明白 什么 意思 不像 有些 大学生 绕 着 绕 着 别人 都 听不懂
134711873760,我 也 是 我 觉得 谁 说 的 都 有 道理
135585228960,哈哈哈哈
135585286656,我 也 是 都 说 的 超有 道理
135885305344,钱 确实 不是 万恶之源
135885309664,钱 是 恶 的 一种 但 不是 所有 恶
136383257520,回复 : 这场 辩论赛 真的 是 我 最 喜欢 的 一场 辩论赛
140344198304,感同身受 呐
142275134992,加 1 哈哈哈 哈哈
142574522816,加一
144174596496,滴 现在 已经 距离 你 发出 的 评论 七年 了
147283390480,我 也 是 反复 横 跳
153454991280,回复 : 或许 ... 是 个 ... 涩 情番
155988535024,俺 也 一样 最后 只 剩 捧腹大笑 这 是 我 见 过 牛 掰 又 有 娱乐性 的 一场 辩论赛
161925637088,"你 跟 gpt 聊天 看看 , 会 发现自己 特么 的 永远 是 无知 的 那个"
174003454768,说明 你 没有 自己 主张 的 观点
186427190368,我 倒 是 从头到尾 都 是 反方 观点 正方 虽然 经常 说 得 有 道理 但 总 感觉 怪怪的 可能 这 就是 我 不合 适当 辩手 的 原因 hhh
220764878752,辩论会 就是 这样 的 甚至 对手 也 会 觉得 对手 说 的 有 道理 啊
262557780576,一样
287435574144,我 也 是 哈哈哈
290619643729,wc 秀 我 一脸
23828151,我 发先 看 视频 的 时候 我 完全 变成 了 墙头草 . 都 觉得 他们 讲 的 很 有 道理 啊 ( )
23828057,决定 把 up 主 上传 的 一个 一个 全 补完 的 只有 我 一个 人 吗
23827788,( ; ) 太 屌
23827786,吐槽 主持人 口音 的 是 傻 逼 吗 这 主持人 是 新加坡 的 不是 CCTV 的 普通话 口音 当然 跟 大陆 的 不 一样
23830537,( )
23827585,这场 我们 语文课 放过 ~
23827320,我们 物理 老师 给 我们 放过 ( ; ) 简直 不要 太 屌
23827310,挺 过瘾 的 仔细 一看 up 主 还 上传 了 不少 辩赛 呢 有空 要 好好 补补
23833956,2014 年 表演赛 那场 实在 太 好看 了 一定 要求 看看 哦
23827213,看 标题 知 结局
23826923,我 就 信仰 一种 观点 就是 人之初 性本 无 一切都是 后天 原因 造成 的
23826774,av881903
23826740,辩论 真的 不是 要 结果 就是 看 过程 讨论 个 先 有 鸡 先 有 蛋 也 能 给 你 辩个 把 小时 二者 交换 一下 立场 还 能 再 给 你 辩个 把 小时
23826528,我 竟然 在 B 站 看 了 1 个 小时 的 辩论赛 ( )
23826369,各种 霓虹 中 枪 倒地不起 啊 _ ( : 3 ) _
23826337,一辩 蒋舸 如今 已 在 大洋彼岸 读 博士 成为 人妻 有 了 自己 幸福 的 家庭 二辩 袁丁 在 南方 集团 做 着 一名 仗 笔直 言 的 记者 三辩 余磊 当年 武大 校 辩论 队 队长 现在 是 天风 证券 董事长 四辩 周玄毅 任教 武大
99410977,百度 说 一辩 回国 在 清华大学 任教 了
517967670,南方 集团 的 记者
1297858357,所以 说 我 觉得 不 以 成败论 英雄 的 二辩 说 的 最好 的 混 的 最差 咯 唉 以为 过 刚易 折 的 三辩 居然 混 的 最好 不 懂 怎么 说 我 有点 为二辩 抱不平 明明 说 的 那么 好人家 都 是 ceo 大学 任教 为何 他 却是 个 小 记者 况且 过去 这么 多年 了 难 有 出头之日 了 吗
1300556888,回复 : 这个 确实 遗憾 但是 学历 并 不是 衡量 成功 的 唯一标准 而且 说不定 人家 也 挺 开心 的 呢 反正 不管 如何 辩论 历史 上 总会 有 他 一席之地
1342943480,回复 : 其实 他 想 混 你 觉得 混 不 起来 吗 他 想 做 仗 笔直 言 的 记者 吧
1384019480,回复 : 每个 人 追求 的 不同 啊
1472994029,回复 : 也许 还是 比 你 我 强 1000 倍
1477937377,回复 : 在 我们 想当 记者 的 人 的 心里 这个 记者 称号 很 神圣 无 分 贵贱
1498087390,回复 : 南方 的 记者 啊 当年 的 南方 新闻周刊 可是 汇集 了 大半 中国 纪实 记者 的 地方 我 觉得 他 是 真正 没 那么 在乎 名利 的 人 我 很 佩服 他 的 决定 也 不 觉得 遗憾
1512003641,回复 : 每个 人 都 是 独立 的 个体 可以 不去 理解 他 但 要 尊重 他 的 选择 也许 思想境界 和 追求 不同 看到 的 是 两个 世界 去年 我 和 我 外公 关于 为什么 中国 明星 收入 比 科学家 高 做出 辩论 因为 我们 两个 都 是 肚子 没有 墨水 的 人 只是 把 自己 看到 的 了解 到 的 说 出来 过后 没有 结果 于是 我 仔细 一想 也许 是 他们 之间 从 追求 方面 就 分歧 了 两条路 明星 就是 为了 钱 而 科学家 为了 更 多 更 多 的 东西 明星 只能 作为 小团体 的 人群 认可 而 科学家 那会 是 世界 公认 的 想 说 好多 没 文化 说不出来 祝愿 那些 为 国家 科研 奋斗终生 的 科学家 身体健康
1543944049,回复 : 所以 说 不以 成败论 英雄 嘛
1544956955,回复 : 可 我 希望 他 过 的 更好
1570501015,回复 : 你 所说 成败 是 以 金钱 为主 分 贵贱 那么 马克思 穷得 一 逼 他 是不是 贱 我 老师 就是 9 几年 原本 在 北京 开 公司 当 董事长 赚 了 几百万 现在 在 乡下 教 语文 每个 人 追求 不 一样 好 嘛
1662812804,回复 : 做 记者 应该 是 他 自己 想法 吧 你 想 他 是 这么 会 讲话 反应速度 这么 快 肚子 墨水 那么 多 的 人 还有 什么 场子 应付 不来 了 所以 怎么 可能 会 混 不 起来 啊
1664374906,回复 : 不 以 成败论 英雄
1667073615,回复
1669550517,回复 : 每个 人 追求 不同
1675407961,回复 : 我 不 同意 你 的 观点 但是 我 捍卫 你 说话 的 权利 所以 也 请 你 尊重 爱 你 捍卫 二辩 的 选择
1696785216,回复
1705335747,回复 : 不 知道 你们 什么 想法 在我看来 记者 的 社会 地位 就是 要 比大 公司 老板 低 好多 看来 我 也 成 了 金钱 的 奴隶 了
1706851392,回复 : 那个 时候 的 记者 可不是 现在 仗 笔直 言 这 四个 字 是 很 重 的 担得 起 的 大多数 早已 倒 在 了 路上 他们 的 危险 不比 战地记者 安全 而且 那个 时间 真的 是 拿命 去 写文章
1715591322,关掉 弹幕 看 我 好爽
1718526243,回复 : 如果说 是 他 想 呢 ?
1718721231,成为 人妻
1721145220,回复 : 淡泊名利 也许 我们 都 不 懂
1722921287,回复 : 一个 小 记者 你 以为 是 那些 娱乐 记者 吗
1743291940,牛皮
1743293273,回复 : 他 的 立场 也 是 不以 成败论 英雄 这 难道 不算 最好 的 论据 吗
1780708756,回复 : 这 应该 不是 只能 / 是 我 想
1809060329,回复 : ( ) 要素 察觉
1811152434,回复 : 都 说 了 不以 成败论 英雄 混 的 好 或者 混 得 不好 是 地位 和 金钱 就 可以 决定 的 吗 成为 一名 正义 的 记者 未必 比 一位 高高在上 的 CEO 低贱 价值 取决于 自己 本身 而 非 外物
1816743371,回复 : emmm 可能 人家 喜欢 那个 年代 能考 重点 大学 的 能 参加 辩论 的 能 有 这种 修养 的 家境 不会 差 他 要 发展 早 发展 了
1945572604,事实证明 口才好 混 的 差 不了 啊
1959616145,回复 : 你 又 知道 了
1975123374,来自 9102 年 的 回复 他们 都 好 厉害 啊 听 谁 都 是 对 的
1989434372,回复 : 做 记者 很 失败 ?
1990878785,回复 : 你 希望 的 好 对 他 而言 或许 不是 那么 好 呢
2040187241,不 以 成败论 英雄
2060328974,nice
2060858676,回复 : 我 记得 还有 一场 是否 以 成败论 英雄 的 辩论 你 可以 去 看一看
2064508613,为啥 女生 就要 说 成为 人妻 男生 怎么 不说 成为 幸福 的 人夫 呢
2088194868,回复 : 我 真的 非常 讨厌 你 说 的 为何 他 确实 个 小 记者 和 三姑六婆 多管闲事 没有 本质区别
2094531829,很多 武汉大学 毕业 的 在 南方 传媒 所以 武汉 以前 被 黑 的 体无完肤
2120250734,16 年 的 时候 是 南方 + 客户端 首席 执行官
2121548078,周玄毅 是 马薇 薇 对象 不
2149216726,回复 : 钱 是 万恶之源
2149583043,回复 : 明明 是 对 前辈 婚姻 的 祝福 为何 你 偏偏 展露出 和 这种 祝福 背道 的 感觉 呢 ? 不 讲 其他 男性 辩手 可能 只是 单纯 的 不 清楚 而已 女性 最后 有 的 可以 称作 归宿 男性 则 是 找到 自己 的 幸福 难道 讲 这 两句话 的 人 都 是 带 着 眼镜 讲话 的 嘛
2179919909,回复 : 他 自己 也许 觉得 这样 很 好 呢 好 到 不 需要 更好 了 呢
2199507700,回复 : 记住 不 以 成败论 英雄
2220528557,回复 : 当 记者 咋 就是 混 的 差 了 说不定 人 就 喜欢 做 记者 呢
2311354999,回复 : 我们 语文 老师 说 她 原来 的 梦想 是 做 第一个 揭露 地沟油 的 记者 在 世俗 的 认知 人们 的 刻板 映象 中 记者 确实 比不上 CEO 或 大学教授 但 它 何尝 不是 一种 伟大 的 职业 呢 或是 说 你 理解 的 记者 意为 狗 仔 亦 或是 其他 呢
2328494384,怪不得 武大 现在 还有 金秋 辩论 天风 证券杯 呢
2371742639,回复 : 我天 呐 你 这 第一个 揭露 地沟油 的 人 后来 怎么样 了 吗 精神病 不 负责 qnmd
2423610023,纯 讨论 不 同意 这个 观点 记者 为啥 就 小 了 为啥 就 比不上 CEO 和 大学教授 了 看来 这位 同学 就是 受到 钱 是 万恶之源 的 影响 了
2423607707,回复 :
2432040488,回复 : 哈哈哈 某些 人用 马斯洛 需求 曲线 底层 的 想法 去 思考 别人 自我实现 的 行为 xswl .
2432122353,回复 : qmnd 是 敏感 字 打 不 出来 没错 就是 骂人 的 那种 字 我 在 赞叹 他 的 勇敢 呢
2437535328,回复 : 呵呵 自己 实现 不了 生命 价值 来 取笑 实现 自我 生命 价值 的 人 笑死 我 了 自己 是 什么 ACD 数 自己 不 明白 夏衍 还 做 过 揭露 包身工 的 记者 呢 某些 人 认为 记者 就是 一个 底下 的 职业 只是 因为 他 是 屎 底 之 蛆 啊 蛆 只会 吃屎 怎么 会 思考 实现 自我 价值 这件 事 呢 你 说 是不是 啊 蛆
2437532044,回复 : 你 有 毛病 啊 你
2437528267,回复 : 对线 对 傻 了 吧 你
2437548328,回复 : 啊 你 不 知道 我 说 的 什么 吧 搁 我 面前 装 精英 呢
2439382780,回复 : 人 总是 或多或少 有点 毛病 总比 蛆 只 知道 食粪 好
2439428031,回复 : 不管 是 什么 人 都 要 知道 要 尊重 别人 的 职业 我 只是 说 了 一句 记者 也 是 一种 很 好 的 职业 能够 实现 自我 价值 你 搁 这 叭叭 什么 呢 不过 按照 你 这种 功利主义 我 这种 普通人 说话 也 算不上 什么 不过 我 也 不会 跟 蛆 生气 的 跟 它 说话 只是 教导 它 不要 食屎 了 要 实现 自我 价值 不要 看不起 任何 一个 职业 但是 想来 蛆 也 是 听不懂 的 只会 qnmdqnmd 的 叫唤
2439434430,回复 : 唉 蛆 又 再 叫唤 了
2439579005,回复 : 犯贱 呢 你 我 说 的 我 是 在 夸 她 呀
2439612621,回复 : 为什么 要 跟 听不懂 人话 的 人 交流 呢 没有 必要 对
2439637308,回复 : 别 删评 啊 我 等 着 你 被 举报
2495206489,回复 : 你 认为 的 好 不是 他 认为 的 好
2510471662,回复 : 也 是
2513969757,周玄毅 呵呵 微博 臭名远扬
2522356120,回复 : 对 我 也 想 说
2533124210,某辩 键盘 侠 如今 还 在 疯狂 输出 一时间 竟 不 知道 到底 谁 才 是 那个 追逐 真理 的 夸父
2577347349,周玄毅 没想到 还有 这 段 往事 呢 ...... 现在 怎么 变成 这样 了
2599022271,回复 : 每个 行业 都 有 高低 手 顶级 的 记者 地位 和 收入 不会 比 企业家 低
2599534510,回复 : 其实 现在 也 是 大 环境 一直 没变 过
2661032666,回复 : 只要 是 实现 自己 心中 所愿 的 都 是 幸福 的 人 当 一个 职业 能 贯彻 你 自己 所 认为 的 你 能 给 这个 世界 带来 的 最大 价值 时 它 就是 最好 的 职业
2662695284,当人妻 遗憾 啊
2682786971,回复 : 你 这 说 的 职业 之间 不 平等 吗 记者 怎么 了
2716424334,回复 :
2716492905,回复 : 他 用词 确实 让 人 误会 但 它 传递 的 意思 是 前辈 结婚 了 并且 很 幸福 我们 大多数 人 难道 不是 以 最终 获得 事业 和 家庭 的 圆满 作为 幸福 的 标准 吗 至于 你 所说 女生 最终 回归 家庭 的 思想 是 你 内心 戏太 丰富 了 吧 而且 我们 大多数 人 未来 都 不是 要 成为 丈夫 或者 妻子 吗 我们 既 是 一个 独立 的 个体 又 是 这个 家庭 一份 子 这 没什么 问题 综上 他 用词 应该 解释 清楚 更好
2717197532,回复 : 这是 部分 老一辈 人才 有 的 吧 和 咱们 年轻人 有 啥 关系 男女 各有 选择 我爱你 你 爱 我 不香 吗 ( 没找 见 狗头 奇 了 怪 了 )
2730542392,回复 : 什么 懂事 长 呀 教授 记者 之流 都 是 职业 称呼 人当 记者 大部分 人 都 说 是 混得 最差 得 已经 变相 以钱 衡量 了 正好 跟 这 辩题 很 贴切 哟
2742125546,回复 : 记者 这 一行 不差 吧
2789016540,回复 : 你 希望 他 过 的 更好 但 他 终究 不是 你 他 的 一生 终究 是 他 的 一生 你 所谓 的 过 的 好 在 他 心里 就是 好 吗 请 思考 下 这个 问题 每个 人 的 追求 是 不 一样 的
2806184170,这 评论 下面 的 价值观 输出 好 可怕 记者 就是 混 的 最差 的 提女 的 家庭幸福 就是 歧视 周玄毅 反正 也 是 被 喷子 埋汰 惯 了 还是 余磊 的 钱 重要 ps . 蒋舸 是 清华 的 副教授 这 两年 在 知识产权 法 这块 论文 发 的 飞起 将来 会 很 有 成就 的 感觉 而且 还是 那么 漂亮 就是 我 怎么 记得 在 哪里 看到 她 好像 没 结婚 呢
2811936288,回复 : 你 所 认为 的 过 得 好 就是 赚 很多 钱过 得 很 富裕 吗 你 希望 他 过 得 好 和 他 觉得 他 过 得 好 过 得 充足 是 两码事 吧 他 喜欢 记者 这个 职业 他 觉得 的 精神 很 充实 就行了 呀 就 好比 你 有 了 你 理想 上 的 职业 可 你 的 父母 确认 为 这个 职业 不像 别人 CEO 那么 赚钱 你 觉得 如何 呢 没 混 的 差不差 这一 说法 吧 只有 过得开 不 开心 这一 说法 我 觉得 有 自己 发展 的 地方 就是 过得 开心 了 非要 拿 自己 和 别人 比比 不 过来 的 比 自己 有钱 的 人 那 是 太多太多 了 干 自己 想 干 的 就行了
2928201259,本 还 以为 他们 中间 如今 能 有 一两个 当 律师 的 看来 想 多 了
3026908584,回复 : 你 的 希望 不 一定 是 他 的 追求 啊 朋友 就 像 有人 忙 绿 一生 追名逐利 有人 满腹 学识 卓尔 超群 却 甘愿 把 一生 奉献 于 乡村 支教 在 非洲 难民营 当 志愿者 什么 时候 追寻 梦想 遵从 本心 变成 了 要 被 世俗 的 权利 地位 金钱 来 嘲笑 的 时候 那才 是 真的 悲哀
3155081483,回复 : 你 认为 的 记者 应该 是 流量 八卦 类 的 吧 那些 狗 仔真 把 记者 这个 职业 带 歪 了 其实 记者 本身 是 一个 个人 素质 与 知识 要求 极高 的 行业 只是 现在 变得 各路 没什么 本事 的 小编 乱飞 搞 得 记者 好像 混 的 很 差 一样 其实不然
3213237343,蔣舸現 在 是 清華法 學院 教授 怎麼 就 人妻 一詞 一筆 帶過
3376216417,回复 : 二辩 不以 成败论 英雄
3504988807,蒋舸 现在 是 清华大学 法学院 副教授 博士生 导师
3566016684,回复 : 人家 想当 记者 怎么 啦
3573124689,回复 : 太对 了 我 当时 看到 的 时候 也 是 这么 想 的
3577586314,回复 : 南方 系 的 应该 都 很 厉害 叭 ... 南方 系 不是 向来 以刚 著称 嘛 而且 有 的 人 并 不在意 金钱 你 眼中 的 赚 到 钱 或许 和 他 眼中 的 写出 一篇 好 文章 是 一样 的 满足感 呢
3579468362,回复 : 发现 有 很多 朋友 在 下面 讨论 这个 问题 有 的 朋友 说 我们 对 强调 女性 幸福家庭 这 一点 太过 敏感 所以 我 借 回复 这位 朋友 的 机会 说明 一下 我能 这样 评论 是因为 我 看 完 楼主 的 这段话 之后 确确实实 产生 了 不 舒服 的 感受 就是 这么 简单 我 只是 表达 了 我 真实 的 第一 感受 大家 给 我 的 点赞 和 一些 朋友 表示 赞同 的 回复 说明 了 我 的 感受 不是 个例 那么 如果 你 没有 相似 的 感受 你 可以 不 理解 但是 不能 否认 我们 的 感受 如果 强势 群体 比如 男性 否认 嘲讽 或是 批评 弱势群体 比如 女性 表达 的 感受 是 太过 敏感 那么 这 就是 我们 社会 中 存在 的 的 结构性 压迫 和 不 公平 的 来源
3602556898,武汉队 的 吗
3643059994,回复 : 每个 人 的 人生 目的 不 一样 你 认为 ceo 混 的 好人家 就 觉得 当 记者 好 呢 你 的 价值观 是 追求 金钱至上 为 混 的 好人家 价值观 认为 梦想 更 重要 呢 最后 你 怎么 知道 人家 是 小 记者 呢 怎么 知道 他 难 有 出头之日 了 呢 照 你 这么 说 我们 这些 学医 的 不如 学 金融 的 混 的 好 咯 学医 才 赚 多少 钱 啊 但是 没 我们 你们 还 能 接受 医疗 吗
3661887289,等 一下 为什么 特意 要 说明 一辩 的 婚姻 情况 难道 其他 三位 没有 家室 吗 还是 说 婚姻家庭 情况 也 是 评判 女性 有无 成就 的 标准 吗
3676450904,回复 : 也 是 清华大学 法学院 副教授 人家 结婚 就 结婚 呗 这 都 多少 年 了
3702497363,回复 : 是 的 原配 大骂 马薇 薇 是 小 三
3756790580,回复 : 看到 和 我 想 的 一样 的 评论 了 我 也 觉得 很 奇怪 蒋 老师 在 学业 上 非常 优秀 不 明白 为什么 要 单独 只 说 她 成为 人妻 其他 三位 都 没有 说 家庭 相关
3756787103,回复 : 赞同 你
3756792318,回复 : 在 叙述 他们 的 成就 的 时候 对 其他 三个 男性 都 没 提 家庭 情况 所以 很 奇怪 而 不是
3756801417,回复 : 当然 区别 很大 婚姻 对 男女 的 价值 并 没有 不同 既然 在 叙述 男性 的 时候 他们 不 被 定义 为 人夫 对 女性 也 不用 定义 为 人妻 蒋舸 老师 在 学术界 有 很 优秀 的 成就 也 有 自己 的 职业 发展
3760423473,回复 : 这话 说 的 我 越 想 越气 宵小 鼠辈 眼中 只有 名利
3793400755,回复 : 不 明白 您 对 混 的 好 和 差 的 区别 定义 是 什么 您 的 定义 是否 具有 普世性 呢
3965356955,回复 : 你们 认为 记者 就是 不 成功 那 只是 你们 自己 世俗 的 判断 殊不知 好 的 记者 对 社会 的 推动力 也 不可 小觑 啊
3966806499,回复 : 各人 有 各人 的 追求 打个比方 我们 这 一届 分班 有 个人 理科 几乎 满分 但 他 从小 想 学法 最后 上 的 文班 不 以 成绩 或 事业 作为 出头 的 标准 活成 自己 想活 的 样子 最好
4097930873,回复 : 真的 吗
4141266507,回复 : 并 不是 什么 娱乐 记者 是 南方 新闻 的 记者 是 有 良心 为 人民 办事 的 记者
4381853786,回复 : 子非鱼 焉知 鱼之乐
4943784706,好家伙 周玄毅 翻车 了
4968447858,四辩 今天 被 处分 了
5147151480,回复 : 不要 用 你 的 价值观 强加 给 别人
5258830894,回复 : 他 的 存在 是 为了 让 人民 过得 更好
5519408004,回复 : 也许 在 他 心里 那 就是 自己 想要 追求 的 东西 呢 集团 记者 也 是 很 好了吧
5641437298,那 马来亚 四个 人 呢
5667956719,另 一个 抬杠 为什么 只 提到 一辩 姐姐 有 了 幸福 的 家庭 因为 她 是 姐姐 吗
5668450240,2021 了 周玄毅 用 他 的 行动 证明 钱 是 万恶之源
98092471504,周玄毅 那个 色情 男 老师
100339570880,你 说 的 是 姜丰
101786599040,回复 : 不 以 成败论 英雄
103543656752,为什么 女性 要 特意 说明 一下 成为 了 人妻 这 是 什么 成就 吗
103625310400,emmm 这个 &# 34 ; 成为 人妻 有 了 自己 幸福 的 家庭 &# 34 ; 吓 我 一 跳 还 以为 这么 有 才华 的 人 当 家庭主妇 了 呢 那 可 太 暴殄天物 了
103936976064,回复 : 不是 你 发言 真的 很 迷惑 诶 这 都 能 扯 到 公平
104167199200,所以 为什么 对 女性 的 介绍 就是 她 成为 了 人妻 我 还 以为 她 直接 当 全职太太 去 了 其他 几位 男 辩手 没有 结婚 吗 还有 人 说 女性 有 了 归宿 是 好事 但是 为什么 在 提到 婚姻 时说 这是 女性 的 归宿 却 不 说 是 男性 的 归宿 我 认为 这么 一个 说法 本身 就 含有 婚姻 是 女性 人生 终点 的 意味 还有 说 其他 提出异议 的 人 是 打拳 的 你 是不是 只 懂 这 两个 字来 反驳 女性 你 以为 说 我们 打拳 是 戳 到 痛处 吗 姐 就是 女拳 也 是 女权
106905276896,回复 : 职业 无 高低贵贱 再说 了 那 是 他 自己 的 选择 啊 你 不 觉得 袁丁 性格 很 活泼 么 这个 性格 真的 不 适合 做 老板 他 的 煽动 能力 也 不是 盖 的 啊 做 记者 这 不是 很 合适 么 一个 机灵 活泼 会 说话 的 记者 当然 要 比 尖酸刻薄 或者 普通 记者 受欢迎 多 了 啊 而且 还 自由 一些
107451734224,都 是 人 中 龙凤 啊
110345684976,周玄毅 塌 了
112012725264,做 自己 本来 就是 一种 大 智慧
112146340032,这是 一个 跨越 时间 的 评论 我 看到 你 的 这条 评论 的 时候 已经 是 七年 后 这种 感觉 真是 奇妙
112146563744,所以 说 我们 所 看到 的 惊艳 的 辩论 视频 说不定 只是 人家 在 业余生活 中 的 爱好 学霸 总是 做 什么 都 会 出类拔萃
112147248000,可惜 现在 周玄毅 塌 房塌 的 彻底
112808774304,回复 : 你 所说 的 成败 是 为 金钱 论 的 成败 如果 按 你 的 标准 看 马克思 恩格斯 切 格瓦拉 等等 很多 人 都 是 实打实 的 失败者
121980301696,以钱 为 驱动力 以 兴趣爱好 为 驱动力 不正 反映 袁丁 同学 的 高尚 吗
123984703616,回复 :
124056329520,成为 人妻 对 女性 的 成婚 的 介绍 就 只能 是 以为 人妻 在 介绍 男方 已 结婚 的 时候 会 把 他 称之为 已 为 人夫 吗
125484310896,回复 : 呵呵
126934375408,这是 辩论赛 你 接到 什么 题 就 得 打 什么 题
127057490800,感谢 科普 特意 去查 了 一下 那个 天风 证券 的 是 真猛 2000 年 公司 成立 这 就 相当于 人家 在 大学 期间 就 已经 开始 创业 了 且 注册资金 66.66 亿真 乃 神人 也
127148009264,回复 : 真的 吗
127849988400,回复 : 人 的 追求 不 一样
127850173728,当年 意气风发 的 少年
128498613408,好烦 呀 感觉 无法 适应 生活
128498709968,都 怪 还 没能 坚持 自己 隐居 多好 呢 可惜 不能
128499403104,哎 不顺
128499528688,流放
128870395392,为什么 要 把 结婚 生育 列入 女性 的 成就 当中 去
128923697456,回复 : 我 说 我 是 爱 你 的 只是 今夜 不太爱
129646646064,回复 : 没有 只是 两个 字 lz 用 的 是 仗 笔直 言
129676889136,论为 人妻
129996785376,回复 : 就 压根 没说 只是 你 无中生有
130107402816,回复 : 我 那条 评论 是 对 楼 内 某位 评论 说 他 是 记者 觉得 他 混 的 不好 而 惋惜 的 回应 不是 对 楼主 评论 的 回应 评论 的 时候 没有 点击 具体 对话 造成 的 不是 我 无中生有
130669303664,我 靠
131067376528,一辩 在 清华 教书 能 不能 别 把 重心 放在 她 的 家庭 上无语
131315206832,这场 比赛 哪方 赢 了
131317046352,回复 : 万一 人家 就 想 做 记者 呢 每个 人 都 有 自己 的 追求 不是 说 地位 越高 挣钱 越多 才 混 的 好
132694444448,回复 : 记者 是 个 超棒 的 职业 好 嘛
132776740304,回复 : 为什么 你 会 觉得 记者 这个 职业 差
133074549952,对面 的 现在 在 做 什么 呢
133341555184,周玄毅 塌 房 了
133542873296,二辩 三辩 四辩 都 成为 人夫 了 吗 家庭 都 幸福 吗
133754400816,回复 : 你 希望 又 不是 他 希望
133761147536,回复 : 起码 别人 到底 现在 怎么 过 你 管不着
133798613856,正方 三辩 太强了
133860963664,回复 : 注意 仗 笔直 言 是 夸赞
134140437632,其实 正方 一辩 说 金钱 是 一般 等价物 的 时候 已经 输 了 金钱 不是 万恶之源 欲望 才 是 超过 本份 的 欲望 才 是 即 纯粹 的 非分之想
134477443024,我 早就 说 土匪 头子 不会 打不赢 小小鱼 潭 之役
134601063488,2022 年 考古
135022917072,现在 是 2022 年 你们 过得 怎么样
135077671888,回复 : 正确 的 辩论 队 本身 只是 文体 队 校内 的 社团
135322748080,为啥 要 单独 说 一辩 是 人妻 啊 除了 人妻 她 也 有 很多 更 值得 说 的 点 啊 你 咋 不 也 加 一句 余磊 已 为 人夫 家庭 幸福美满
135878913824,回复 : 有些 人 不是 混 的 是 想 做 就 去 做 了 你 觉得 他 混 的 最差 你 这 辩论 就 根本 没 听 进去
136482210224,女生 的 成就 是 家庭幸福 的 人妻 6
136531838032,回复 : 我 很 抱歉 你 有 这样 的 想法 其实 不是 这样 的 但是 现在 太晚 了 我 明天 再 反驳 你 可以 吗
137452848112,周玄毅 出事 了 乱搞 男女关系
137581599568,我 在 22 年 刷 到 你 七年 都 干 啥 了
138207477952,回复 : 职业 不 分 高低 但是 人会 因为 职业 而 先入为主 看待 人
138324114976,回复 : 我 刚查 了 一下 原来 是 他 呀 有 一阵 就 上 了 热 搜 的
140506688608,现在 蒋舸 成为 了 清华大学 教授 博士生 导师 了
142058954512,回复 : 只能 说 不以 成败论 英雄
143756749024,回复 : 别 把 世界 看 得 如此 狭隘 比赛 辩论 中 的 观点 并 不 代表 他 自己 所有 的 观点 和 生活 的 态度 更何况 就是 用 这个 来 衡量 他 也 很 不错 了
143756998256,回复 : 一场 辩论 是 在 语言 逻辑 团队 思辨 等 各个方面 的 锻炼 看看 这些 无论是 台上 还是 生活 工作 中 都 是 优秀 的 人才 令人 敬佩
145335307328,回复 : 都 认为 记者 就是 一个 失败 的 职业 吗
145337503488,回复 : 不是 这个 是 他们 曾经 成名 的 辩题 打 得 非常 好
146614050944,2023 年 天风 证券 凉 了
147326516800,回复 : 不是 你 以为 的 好 才 叫做 好 的
147742260304,只能 说 每个 人 的 追求 不 一样 没什么 贵贱 之分
147888035712,余磊 是 我 语文 老师 的 朋友 这个 视频 语文 老师上课 给 我们 看 的
150688234224,回复 : 你 之所以 这么 觉得 是因为 钱 是 万恶之源
153224379408,回复 : 辩论 题目 是 抽签 来 的 不是 自己 选题 目的 ....
154090272416,周玄毅 好像 和 女 学生 有 不 正当关系 可惜 可惜
154090373872,回复 : 他 可能 忘记 了 这场 辩论 的 主题 吧
154486815424,周玄毅 已经 凉 了
156882276000,蒋舸 原来 还是 我 校友
156999664976,四辩 出 大事
166411536384,我 不 信仗 笔直 言
167642689968,回复 : 楼主 说 的 是 做 了 一名 仗 笔直 言 的 记者 我 认为 这句 话 没有 透露 出 鄙视 记者 的 意思 反而 在 这个 语境 中有 褒扬 的 感觉 也 可能 是 你 我 观感 不同
176588289248,这话 听 着 真 不 舒服 别人 都 事业有成 唯独 强调 一辩 成为 人妻
178806156160,回复 : 2023 年来 告诉 你 这个 国家 没 记者 了
180194537568,回复 : 我 老师
186351685248,对于 一辩 人生 的 总结 真是 荒谬 至极
190841417584,到 现在 武大 的 金秋 辩论 都 是 叫做 天风 证券杯 有 一种 很 感动 的 感觉
204988260864,回复 : 可能 人家 就 喜欢 做 一个 正直 的 记者 这 是 他 的 追求 吧 追求 自己 所 热爱 的 一样 能过 的 很 好
209296165440,回复 : 记者 咋 了
212541979792,回复 : 本来 就是 歧视 不是 提女 的 家庭幸福 就 等于 歧视 而是 这么 多人 中 只 提女 的 家庭幸福 他 的 逻辑 就 在于 衡量 女性 的 价值 很大 程度 在于 是否 成家 是否是 成为 一个 好 妻子 好 母亲 而 男性 的 价值 评判 标准 中 没有 这 一项 男性 评判 标准 中 只有 事业 和 社会 成就
220764724544,回复 : 你 说 的 不 可以 吧
222778972784,回复 : 当然 可以 这样 讲
223370104352,回复 : 有没有 一种 可能 只 提到 她 成为 人妻 拥有 一个 幸福 的 家庭 不是 因为 歧视 而是 因为 这个 人 只 了解 了 这 一方面 的 信息 又 觉得 当时 这样 一个 优雅 大方 的 女性 值得 一个 幸福 的 家庭 所以 就 这样 说 了 呢 说白了 你 是 觉得 这个 人 是 在 精挑细选 中 把 成为 人妻 作为 了 唯一 评判 的 标准 这 本身 就是 一个 莫须有 的 帽子
224377601616,回复 : 难道 女 的 会 成为 别人 的 丈夫 吗 丈夫 和 妻子 的 定义 是 什么
224468956464,回复 : wow 在 女权 思潮 还 没有 完全 觉醒 的 年代 你 居然 就 能 表达 出 这样 的 观点 了 很 佩服
226223934096,回复 : 刻板 印象 一直 有 幸福 的 人妻 这种 说法 真的 让 人 生理 不适
227088080800,你 还 挺 能 概括 的 一句 人妻 就 概括 完 了
240718589729,哇塞
242275094561,回复 :
242274950129,回复 : 你 也 是 个 人才 了
242394548577,回复 : 你好
243047068768,回复 : 看看 如今 的 新 赛道
243692948864,其他 三位 成为 人夫 了 吗
245925156560,回复 : 是 的 介绍 女性 的 时候 总 喜欢 强调 她 最后 也 只是 成为 了 别人 的 妻子 哦 好像 结婚 的 女性 就 不再 有 光辉 像是 成为 了 其他人 的 附属品 是 被 占有 了 而 介绍 男性 时 几乎 不会 看到 他成 了 丈夫 父亲 就算 结婚 了 也 不会 有 任何 影响 这种 差异 真的 让 人 不适 说 是 男女平等 其实 女性 地位 想要 与 男性 持平 还有 很长 的 路 要 走 有些 观念 还是 根深蒂固 难以 拔除
248532507040,回复 : 真正 的 男女平等 实现 那 可太难 了 平等 只能 做到 在 法律 意义 上 和 人格 上 的 平等 而已
248534542912,回复 : 并 不能 说 不如 啊 本身 各自 擅长 的 领域 就 不同 再 加上 思维 方式 的 差异 以及 社会 的 影响 很难 也 没有 必要 分 个 高下 分类 的 标准 不 一样 又 怎么 去 界定 贡献 呢
248534783392,回复 : 确实 很难 但 这 几年 女性 独立 的 浪潮 也 在 扩大 影响 范围 虽然 有 的 时候 免不了 激烈 的 斗争 但 总归 是 离 平等 更近 一步 的 这 是 好事 并 不是 说 很 难 实现 就 不 去 争取
248536286176,回复 : 没有 什么 擅长 不同 除了 不能 生 孩子 别的 都 一样 的 可能 你 心里 接受 不了 而已 你 可以 列举 几个 男女 本来 就是 不 平等 的 怎么 可能 实现 平等 呢 完完全全 的 平等 其实 有些 可怕 的
248542394208,回复 : 力量 的 悬殊 思维 方式 的 差异 社会 对 女性 的 期待 还有 很多 都 是 影响 因素 而且 你 为什么 会 将 生 孩子 排除 出去 呢 单 这 一项 也 是 很大 的 贡献 到底 是 谁 接受 不了 男女平等 呢 是因为 自己 能力 不足 怕 被 超过 所以 自卑 吗 如果 男女性 的 价值 能 你 一句 话 定义 那 也 不必 需要 研究 两性 的 学者 了
248542705856,回复 : 平等 也 分 绝对 和 相对 男女 本来 就是 有 别的 不是 完全 做 一样 的 事 就是 平等 这 反而 会 导致 更大 的 不 平等 出行 真正 的 平等 是 在 尊重 男女有别 且 各有 缺陷 的 情况 下 相互尊重 的 相对 平等 这是 完全 可以 实现 的 你 觉得 不行 不 也 是 你 自己 无法 接受 吗 现在 这个 便利 男性 的 社会 你 作为 男性 当然 安于 享受 了 你 当然 会 觉得 丧失 一定 特权 下 的 平等 社会 可怕 了
254407671024,回复 : 点 了
279221177120,祝 你 成为 人夫 哈 还有 这楼 里 觉得 这个 评论 对 蒋 女士 的 评价 没有 不 公平 的 祝你们 都 找到 自己 的 幸福 成为 人夫 相妻 教子 哈 至于 事业 无所谓 啦
278356116225,不用 特意 强调 一辩 成为 人妻 这个 事 我 认为
280256283952,回复 : 评论 区 有些 人 真是 脑子 坏 了 哪怕 说成 妻子 也 比人妻 这词 好 人妻 这词 一般 出现 在 哪里 这群人 脑子里 不 知道 吗 驯化 罢了
282517722208,2025 回来 考古 周玄毅 乱搞 男女关系 被雪藏 了 余磊 行贿 被关 局子 了 挺 令人 唏嘘 的
280720934593,更新 一下 三辩 已经 进去 了
280806426209,2025 年三辩 进去 了
280918952705,2025 年 考古 三辩 年轻 时 的 子弹 正中 他 的 眉 心愿 其他 辩手 裁判 和 观众席 上 的 你 我 明白 不择手段 获得 钱 真是 万恶之源
281003521073,可是 三辩 余磊 今年 进去 了 也 是 实践 了 真理 我 当时 最 喜欢 他 了
281324852081,然而 三辩 已经 以身 入局 证明 钱 是 万恶之源 了
283509096768,回复 : 像 这样 厉害 的 人 做 什么 都 会 成功 的 只是 他 选择 了 成为 一个 正义 的 记者 这 很 厉害 啊
281634071089,回复 : 这个 浮躁 的 年头 没 意义 啊 都 是 成功 了 才 会 有人 愿意 去 听 你 的 故事 不 出名 没有 能量 没有 人会 停下 脚步 听 你 说
283767144240,回复 : 但四辩 早 在 4 年前 就 证明 了 色 也 可以 生恶 ~ ~
284471661968,2025 年 截止 武大 教授 周玄毅 与 多名 女 学生 有染 被 辞余磊 因 贪污 落网
286137289536,但是 现在 余磊 因为 经济 问题 进去 了 ....
286786655136,3 遍 现在 进 局子 了
285755782609,余磊 证明 了 自己 的 观点
286424603585,回复 : 现在 看来 颇为 讽刺
286672607553,于磊 现在 被 抓 了
286681086865,余磊 正中 眉心
286957486065,回复 : 看到 关键词 要 开始 哈气 了 吗
287324723601,每个 人 的 前途 都 一片 光明
287725012961,三辩 铁窗 泪 了
288361159425,于磊 已经 进去 了
290605517648,三辩 已经 进去 了
288591050513,25 年三辩 经济犯罪 被捕 了 好像
290959730464,三辩 现在 进去 了
291175996672,余磊 已经 因为 贪污 进去 了
290262209841,三辩 如今 进去 了
292767333280,余磊 因为 钱 进去 了
292797351312,回复 : 事业 的 价值 并 不是 由 换取 酬劳 的 多少 衡量 的 人 的 成功 也 不是 由 身价 决定 的 记者 是 揭露 不公 宣扬 善 与 美的 职业 并不比 ceo 更 低 一等 他 成为 记者 很 可能 出自 热爱 勇敢 追求 心中 所 想 就是 他 让 人 敬佩 的 地方 能够 在 自己 热爱 的 领域 发光 就是 他 的 价值 的 体现 也 是 他 的 成功
290614306241,11 年 后 考古 余磊 被 抓 了
291373636673,挖去 11 年前 的 古人
291390522033,现在 余磊 也 因为 钱 进去 了
294247326384,回复 : 余磊 被 抓 了 唉 回头 看来 真是 讽刺 辩题 还 恰恰 是 金钱 是 万恶之源 吗
292935473857,回复 : 我 喜欢 你
292935680145,一辩 蒋 女士 在 清华 当 副教授 就 非得 叹 一句 人妻 家庭
295579846960,遥在 2026 的 今天 已经 物是人非 余磊 已经 进去 了
295690542176,回复 : 从余磊 的 视频 来 的
23826327,这比 我们 学校 组织 的 辩论赛 屌 多 了 只不过 这场 辩论赛 后 你们 的 水表 还好 吗 特别 是 那个 色情 三辩 笑死 我 了 2333333333333333333 ( )
23826013,口 胡 万恶之源 明明 是 我 狄 阿 菠萝
23825745,所谓 撕 逼 只是 大家 的 戏称 而已 bb 这些 的 人 难道 都 认为 观众们 心里 没 数
23825703,斯比 真的 是斯上 三天三夜 都 斯 不 完 啊
23825462,大家 好 我 是 墙头草 ( )
23825415,说 起来 我 又 想起 一场 世界级 辩论 题 正方 反方 是 对 的 反方 正方 是 对 的
23825357,那年 央视 挑 主持人 的 节目 就是 撒 贝宁 那 一届 的 视频 有没有 人 搬
23825355,这么 多人 一起 看 撕 逼 好爽 啊
23825262,反方 每次 开始 辩论 就 吧 万恶之源 的 万 从 形容词 理解 为 副 词语 死早 正反 则 不断 纠正 对 反方 对万字 理解 其中 针对 反方 一位 说 的话 纠正 辩论 这 很 厉害 而 不是 看着 稿子 其实 万恶之源 的 恶 分 很 多种 比如 七宗罪 里 就 有 7 中恶 正反 没有 定义 金钱 引起 的 恶 是 哪些 反面 而 让 反方 牵着 到 万字 上 做文章 就算 反方 承认 万 是 形容词 也 可以 拿 淫欲 暴怒 的 恶来 反驳 贪婪 的 恶 另外 万恶之源 的 源 也 分 很 多种 比如 水是 生命 之源 水 也 被 说 着 万物 之源 但是 做 为 形容词 万 只 限于 人 的 认知 宇宙 是 万物 之源
23825175,这 也 能 经典
23824906,我来 设计 个 辩论赛 正方 当 反方 比较 好 反方 当 正方 比较 好 你们 怎么 看 ( )
23824782,B 站 见到 了 国辩
23824571,好 厉害 啊 弹幕 也好 厉害 评论 也好 厉害 我 整个 人 都 精分 了 ( 口 ) (
23824126,有 本事 你 去 贴 吧 辩辩
23823701,嘴炮 的 胜利
23823618,"其实 很想 知道 , 辩论 有 什么 意义 ? 不如 来个 辩论 , 标题 就是 : 辩论 到底 有没有 意义 ."
23824403,辩论 到底 有 什么 意义 确实 是 个 很 经典 的 问题 事实上 真理 是否 越辩 越明 就是 一点 非常 非常 经典 的 辩题 我 个人 的 理解 不用 把 辩论 想 得 太 高大 上 视频 里 这种 竞技 式 辩论 的 意义 其实 和 足球 篮球 比较 类似
23825238,回复 : 真理 是否 越辩 越明 饱受 诟病 好 吧 中国队 也 是因为 做 了 反 方才 输 的
23823397,这种 辩论 看上去 你来我往 十分 精彩 实际上 空洞无物 根本 看不到 能 让 人 信服 的 证据 性极强 的 数据 或者 案例 甚至 连 给出 的 一些 论据 都 让 人 怀疑 其 真伪 这种 辩论 从 本质 上 来说 不过 是 一种 在 规则 内 的 打 嘴炮 不仅 缺乏 逻辑 也 不 注重 实事求是
23823386,大家 可以 看看 av873508 也 是 一场 很 经典 的 辩论赛 有 蒋昌建 哦
23823319,史上 最 经典 ? 爱因斯坦 vs 波尔
23823081,受不了 反方 就 没有 正面 回答 过 正方 质问 来来去去 那 几句话 还 动不动 扯 到 性 的 上面
23823044,咱 觉得 这 意思 就 偏 了 啊 钱 只是 一个 媒介 而已 贪钱 的 本质 还是 贪物 抱 着 钱 有 什么 用 不过 是 一张 纸 而已 就 比如说 战争 时期 大家 都 以物 换物 了 钱 本身 就 没什么 用 了 啊 但是 在 战争 时期 还是 抢劫 事件 频发 这时候 大家 抢 的 是 物资 而 不是 钱 说白了 其实 不是 钱 而是 贪欲 作祟 而已 还 不如 七宗罪 概括 的 全面 呢
23823036,好 老 啊 咯 啊 咯 啊 咯 啊 老 啊
23822964,弹幕 以及 评论 撕 逼 毫无疑义 毕
23822387,正方 咬住 万指 很多 但 不是 指 一切 所以 大部分 因钱 而 起 就算 赢 反方 的 那 只算 另外 一小部分 反方 认为 只要 有 一部分 不是 因为 钱 那 就 不能 说 钱 是 万恶之源 就 跟 吵架 一样 打人 打脸 骂人 揭短 咬住 一点 猛攻 就行了 任 你 花言巧语 我 就 说 强奸 ( ) 所以 不要 老是 说 正方 总提 万 反方 说 强奸
23822718,顺便 鄙视 一下 弹幕 类似 慈善 不是 恶 正方 死 的 家伙 把 你 放 正方 你 也 这么 说 正方 说不定 更 擅长 反方 观点 呢 换 你 正方 你 要 等 死 吗
23822382,反方 钱 是 什么 我们 不 知道 但 我们 知道 性
23822058,QAQ 万万 没想到 我会 在 B 站 看 辩论
23821945,终于 在 看见 B 站上 看见 辩论赛 的 视频 了 两天 的 时间 5w 的 点击 量 和 这个 弹幕 密度 真的 挺 让 人 吃惊 虽然 弹幕 里 吵吵闹闹 键盘 侠 和 一些 对 辩论 一知半解 的 人 一直 在 撕 逼 但是 相信 很多 像 我 这样 对 辩论 有 感情 的 人 应该 更 多 的 还是 感到 欣慰 比较 看到 这样 一个 小众 的 游戏 正在 慢慢 重新 回到 大家 的 视线 中 更 欣慰 的 是 还有 像 蓝字 君 一样 的 人 一直 在 总结 选手 的 发言 和 梳理 比赛 内容 帮助 大家 理解 比赛 辩论 是 一项 很 有趣 同时 也 很 复杂 的 游戏 想 理解 辩论 的 意义 感受 辩论 的 乐趣 并 不是 一件 简单 的 事情 所以 无论是 弹幕 的 嘴炮 撕 逼 还是 最近 奇葩 说 这个 节目 里 的 种种 虽然 大家 还 一时 难以 理解 辩论 虽然 大家 还 对 辩论 这种 文明 的 撕 逼 形式 不甚了解 但是 我 相信 真正 对 辩论 有 感情 的 人 还是 欣慰 与 现在 有 这么 多人 开始 关注 辩论 尤其 是 看到 视频 结尾 一条 弹幕 问 还有 没有 什么 别的 精彩 的 比赛 当时 真的 是 感到 非常 的 开心 这个 视频 的 up 主 搬运 了 很多 非常 精彩 的 视频 对 辩论 有 兴趣 的 同学 可以 去 看看 辩论 和 足球 篮球 一样 都 是 一个 可以 让 你 为 之 狂热 的 游戏
23821877,文科生 看 得 轻松 理科生 看得 蛋 疼
23821843,我觉 的 双方 可以 说 的 再 深入 点 正方 一切 表面 上 不是 有 金钱 引发 的 问题 例如 性侵犯 暴力 的 发泄 复仇 等 但是 事实上 呢 为什么 会 发生 强奸 暴力 因为 教育资源 的 不 平等 社会 资源分配 的 不 平等 归根到底 还是 钱 反方 如果 钱 是 万恶之源 那么 去掉 钱 难道 世界 没有 战争 没有 争执 钱 只是 人类 物欲 的 体现
23821660,别人 辩论 拿 钱 我们 辩论 拿 满足感
23821868,人 的 绝大部分 动机 都 是 满足感 钱 也 是 满足感 的 一种
23821312,還有 反方 一直 往性 那 方面 帶 懷疑 反方 滿腦子 意淫 女主 根本 是 詭辯
23821172,為何 大家 都 說 反方 有 邏輯 ? 反方 的 念頭 和 工具 分開 這個 結論 沒錯 但是 他 都 不 回答 正方 的 質問 一直 轉進 結果 正方 卻 被 說 沒邏輯 ?
23821001,楼上 + 1 那场 比赛 蒋昌建 还是 辩手 答辩 得 相当 精彩 还有 评委 里面 有 金庸 先生 所以 印象 特别 深刻
23820908,蒋昌建 偶像 辩论 狗 永远 的 标杆
23820692,1994 还是 1996 的 一次 大学生 辩论赛 半决赛 貌似 是 南京大学 对阵 香港大学 题目 是 性善论 和 性恶论 那场 辩论 也 很棒
23820222,辩论 其实 就是 嘴炮 谁 材料 多才 反应 就 赢 了
23820573,没有 辩论赛 经验 就 不要 说 了 辩论赛 的 材料 准备 固然 重要 但是 辩题 本身 肯定 会 尽量 均衡 双方 材料 量 的 光是 材料 也 远远不够 取胜 临场 反应 朗读 速度 台风 时间 卡位 辩论 礼仪 都 很 重要 正规 辩论赛 和 嘴炮 吵架 差远了
23821409,辩论 根本 的 目的 是 为了 求知 解困 说 打 嘴炮 的 人 肯定 没 好好 打 过 辩论 并 不是 为了 打嘴炮 通过 辩论 你 可以 知道 自己 是否 真正 了解 一个 事物 至于 反对者 在 以色列 决策层 中有 一部分 人 的 职责 就是 提出 反对 意见 哪怕 正方 的 观点 再 正义 再有 道理 因为 并 不是 所有 时候 多数派 是 正确 的 所以 需要 有 反对者 站 出来 为了 反对 而 反对 保持 决策 的 清醒 性执 中学 长 的 一个 视频 很 好 的 解释 了 你们 对于 辩论 的 傲慢 与 偏见
23822060,_ 你 TM 辩论 过 么
23849858,回复 : 你 tm 还用 问 么
23819855,色情 辩论
23819435,辩手 留名
23819328,时臣 万错 之源
23819141,何为 恶 不同 价值观 的 人 有 不同 的 理解 没有 善恶 之分 只有 立场 的 不同 但 如若 你 违背 了 大势 违背 了 主流 价值观 就 会 被 世人 攻击 被 妖魔化 那 你 便 成为 了 他们 口中 的 恶
23818425,弹幕 好 精彩 某 黄字 把 我 吓 飞 了
23818328,人家 撕 逼 有 奖励 有钱 ~ ~ 你们 撕 逼 图个 什么 说 辩论 没意思 的 右上角 没人 逼 你 看 每个 人 都 有 自己 的 想法 能够 说服 一个 人 的 只有 他 自己 ~ 辩论 或者说 辩论 比赛 永远 大概 是 语言 的 艺术 和 逻辑 的 碰撞 觉得 这个 没有 意义 的 我 也 是 醉 了 ~ ~ 说 着 不 撕 逼 我 还 在 这里 嘴炮 我 已经 醺 了 ~ ( 苦笑 )
23818101,B 站 键盘 侠 上场 估计 紧张 的 连话都 说不出来 ( _ )
1046744835,惨案 三年 都 没有 人 回复 ( _ )
1213490698,好惨 我 也 回 一个
1248987784,好惨 我 也 回 一个
1284556143,( )
1297409429,辩论 过 的 表示 是 真的 私底下 感觉 能 喷死 对面 的 上台 了 讲话 了 我 要说 啥
1416085382,四年 了 ( = = )
1465697079,19 年 回 你 一条
1529131626,回复 : 早有 了 我 4012 年 好像 在 贴 吧 就 见 过 了 ( )
1558959776,你 你 你 你 胡说
1661942806,惨 阿
1663136219,4 年 后 也 是 如此 ( )
1663424051,惨案
1665834779,大佬 还 在 吗
1666939591,现在 总算 不惨 了
1670334611,嗯 你 是 我们 也 是
1692998663,惨案 填 一楼
1695055485,反正 我 是 真的 不敢 也 没 的 说 不过 总 觉得 辩题 对 正方 不 公平
1696070223,我 只能 在 双方 掀起 的 狂风 中 凌乱
1702335296,4 年 了
1702583531,wocao 四年 前 就 有 键盘 侠 了
1704058165,好惨 我 也 回 一个
1705989134,真实
1706227448,好惨 我 也 回 一个
1707514752,好惨 我 也 回 一个
1708999740,好惨 我 也 回 一个
1709119289,我 也 来
1709341800,太惨 了 吧
1709339987,平均 一年 7 评论
1714315007,回复 : 生动 形象 ( )
1715148199,我来 世间 凑数
1717784134,回复 : 12 年 就 有 了
1717789690,回复 : 三分钟 前
1717878166,回复 : ?
1724370257,2019
1729690715,我 就 有点 不 一样 了 上场 后 紧张 的 要死 叽里咕噜 一大堆 话 说 出去 也 不管 有没有 用
1749486118,回复 : 其实 10 年 就 有 键盘 侠 了
1784404832,好惨 我 也 回 一个
1823540829,回复 : 同感 真是 悠久
1975171428,我 只会 说 : 对 对 对 ( ) 是 这么 个理儿
2019310665,反方 太笨 老 纠结 一个 万字 其实 源才 是 突破点 钱 源于 欲望 产生 人才 是 万恶之源 证明 这 一点 咬 死 这个 源字 正方 不攻自破 反方 利于 不败之地
2020983921,是 真的 每次 赛前 准备 觉得 信心 满满 一上场 慌慌张张 惨惨 戚戚
2022135612,回复
2027080702,回复 : 私下 喷死 人 上台 说不出 + 1
2048189231,这个 辩题 正方 没有 反方 有利 的 万恶之源 这个 东西 大家 默认 就是 一切 恶 的 源头 了 不 多 说 了 毕竟 我 也 是 辩论 新手 个人 意见 不喜 勿 喷 谢谢
2051366291,绝对 打 过 辩论 的 都 明白 咋 回事
2055301838,回复 : 我 也 是 啊
2064124762,原来 15 年 就 有 键盘 侠 的 说法 了 吗
2127630546,回复 : 哈哈哈 哈哈哈 哈哈哈 我 曾经 也 确实 参加 过 一场 还 能 再 菜点 吗
2131235809,19 考古
2152271718,回复 : 其实 啊 正方 最 有利 的 辩句 是 一辩 所说 的 钱 作为 一般 等价物 可以 替换 物质 世界 的 一切 这样 将 钱 这个 概念 变为 物质 而 一切 的 恶 无论是 贪 还是 欲 其实 都 是 对 物质 的 追求 所以 钱 是 万恶之源 总结 来说 就是 万恶之源 是 物质 而 钱 可以 换得 目前 能够 得到 的 所有 物质 所以 钱 是 万恶之源 我 觉得 这是 正方 辩论 唯一 的 胜点
2160822806,回复 : 哈哈哈 哈哈哈 哈哈哈 哈哈哈
2193185659,参加 过 就 知道 了 很 考验 自己 的 知识 储备 还有 应对 预言 组织 能力
2220530533,哈哈哈哈 对 啊 一群 只会 在 背后 指指点点 的 臭 键盘 侠 罢了
2275607141,我 就是 四 辩手 站 在 台上 真的 不 一样 感觉 背地里 能 喷 死 他 真的 打 比赛 时 脑子 都 会 变慢
2294814665,啊 已经 2020 了 呢
2322253701,他们 好 厉害 啊
2339005073,五年 了 五年 了 啊
2339010836,回复 : 头孢 醒酒 岂 不美哉
2370403525,因为 我 不 需要 临场发挥 我可以 慢慢 的 去 查去 反对 我 只是 在 说 他 的 论点 可以 不 可以 推翻 而 不是 我要 去 获得胜利 既然 我可以 慢慢 的 去 查 为什么 还要 临场 我 又 不是 选手 我 只是 觉得 他们 说 的 有些 方面 可以 用 一些 观点 推翻 而已 我 只是 为了 自己 将来 变得 更好 同时 看看 自己 在 可以 查找 的 情况 需要 多少 时间 推翻 他们 的 观点
2370403749,回复 : 这个 词零 几年 就 有 了
2403281762,回复 : 很 早就 有 了 大概 就是 qq 出来 不久 的 时候 那个 时候 有人 打字 特别 快 还 喜欢 在 网络 重拳出击 就 有 了 这个 词 不过 在 网络 重拳出击 这个 嘛 就是 后来 人 提出 的 只不过 更 细节 化 了
2428448842,大佬
2429454750,2020 的 前来 考古
2479595968,回复 : 过于 真实 ( 别问 我 怎么 知道 )
2502555584,人 在 蒙古 刚下 航母
2503156327,估计 已经 拉 了 裤里
2506839220,打扰 了 来 挖坟 看 辩论 觉得 两方 都 有 出彩 的 地方 高高兴兴 打开 弹幕 硬生生 被 那些 站 定 一方 观点 就 无脑 踩 另一方 观点 甚至 啥 都 不 说 就 无脑 捧 的 言论 快气 到 窒息 真不知道 一局 辩论 为什么 会 有人 评价 我爱你 快 ko 对面 这种 诡异 的 言论 蹲 一个 劝 我 关掉 作为 弹幕 网站 特有 功能 的 弹幕 的 小鬼
2507437853,古老 的 五年 前
2519942277,五年 了
2537998440,这个 冰箱 不 制冷 你 制冷 吗 你 自己 又 不 制冷 你 有 什么 资格 说 这个 冰箱 不 制冷 ? 我 上网 查 过 资料 了 我 有 说 出来 关于 这个 冰箱 不 制冷 的 原因 还 说出 了 他 应该 怎么 制冷 但是 你 不会 制冷 你 有 什么 资格 说 这个 冰箱 不 制冷
2538843718,我 不是 键盘 侠 但 我 感觉 我 上去 也 什么 都 说不出来
2558213706,好惨 我 也 回 一个
2562478921,回复 : 真实
2620288351,. d
2621817738,5 年 过去 啦
2700082218,我 也 回 一个
2705948007,回复 : 真的 我 当时 被拉去 参加 辩论赛 我 是 2 辩 真的 一句 话 都 说不出来 啊 哈哈哈哈
2767028364,5 年前 键盘 侠 就 这么 猖獗 吗
2767353781,回复 : 键盘 侠 这个 词老 早就 有 了
2863512168,私底下 感觉 自己 妙语连珠 逻辑 无懈可击 上台 后 大脑 一片空白
2900992747,辩论 选手 和 码字 喷子 还是 有 很大 的 区别
2923431205,真的 在 台上 能 准确 表达 自己 的 观点 其实 很难 关键 还要 随机应变
2960365192,妈呀 5 年前 就 有 键盘 侠 了 吗
2968692483,回复 : 我 不是 冰箱 当然 不 制冷 但 它 既然 是 冰箱 它 就 必须 得 制冷
3004213223,2015 年 B 站 就 有 键盘 侠 了 啊
3009012743,这 说明 压力 限制 了 你 的 能力
3120536128,回 一个
3130126352,说实话 我 第一次 参加 辩论 的 时候 也 是 这样 非常 的 紧张 但是 因为 已经 有 参加 辩论 的 意识 才 没有 说 说不出 话 但是 真的 非常 的 紧张 在 台下 我们 可以 根据 自己 的 理解 非常 好 的 说 出来 但是 到 了 台上 真的 就 不 一定 其次 整个 弹幕 都 在 刷 什么 偷换概念 以及 什么 乱七八糟 的 说实话 双方 辩手 的 水平 都 非常 的 高 至少 比 我 高出 几十倍 吧 但是 马来西亚 那群人 真的 一直 在 开车 这 是 我 记得 在 规则 上 好像 不能 说 这些 吧 反正 我 打 的 辩论赛 是 这种 规则 总体而言 双方 辩手 水平 都 非常 高 如果 看不懂 就 不要 硬去 掺和 很 丢脸
3183940300,五年 了 啊 啊
3223238829,哈哈 垃圾
3223247885,你 咋 知道 他们 说不出 话 来
3245420346,真的 是 这样 呜呜 呜 一上场 贼 紧张 我 第一次 上场 的 时候 真的 被 对面 说 到 一句 话 都 反驳 不了 完全 打乱 阵脚 脑袋 里面 一片 空
3245960084,我 也 有 这种 感觉 平时 跟 朋友 说话 还是 挺能 说 的 但 一上 辩论赛 就 很 紧张 说不出 话 话 来
3289645429,我 觉得 键盘 手 估计 上 不了 场 吧
3366718360,呵呵 你 怎么 知道 你 当 弹幕 是 摆设
3482801698,参加 过 几次 不 叫 辩论会 的 辩论 真的 是 必须 想 好 再说 有 好 几次 我们 这边 明明 说 的 挺 好 对面 明明 也 不是 特别 高明 结果 就 被 人家 带 偏 了 差点 帮 对面 赢 了
3581462280,这 就 我 和 人 吵架 一样 开始 支支吾吾 吵 完 了 晚上 睡觉 顿时 智商 up 满腔 话语 想要 倾诉 ( )
3600519271,回复 : 人 说 的 是 临场 反应 你 在 这 纠 有没有 资格
3608632530,20 年 的 大 一 新生 明天 就 有 辩论赛 了 希望 自己 心态 能 稳住
3642889242,是 这样 第一次 当时 还是 校级 辩论 上台 超 紧张 还好 准备充分 + 队友 给力
3708987882,来自 2020 排 楼上
3741649449,回复 : 哈哈 人家 也 没有 一直 纠结 于 万字 啊
3770445547,同意 打 过 一场 辩论 直接 白给 看见 我 队长 我 就 虚
3912008826,回复 : 我 有 一次 就是 的 准备 好 一整套 完整 的 盘问 体系 结果 到 场上 和 我 预想 的 有点 不 一样 整个 思路 都 乱掉 了
3955882694,回复 : 看 你 这么 多赞 就 知道 多 真实 了
4385787832,b 站 人均 你
4637356882,回复 : 我 自己 觉得 在场 下能 想到 一些 反驳 对方 观点 的 逻辑 但 不能 支撑 起一 整场 辩论 因为 需要 的 知识 量 太大 了
94507249600,21 年 回 你 一条 很 可惜 大二 了 也 没 参加 辩论赛 现在 才 体验 到 辩论 的 美 但是 还是 不敢 上去 说 心中 点子 倒 是 挺 多 的
99211021056,2022 年 回 你 一个
103625359360,没 辩论 过 但是 答辩 一分钟 提醒 那个 铃响 的 时候 是 真的 吓 我 一 跳 大脑 有 一瞬间 空白 结巴 了 好 几句
120222197904,回复 : 学校 辩论赛 开始 前 都 说 稿子 背 的 烂熟 无比 逻辑 理 得 畅通无阻 开始 之后 全员 变 呆头鹅 我 一个 四辩 只能 瞪 着眼 干着急 结果 因为 对方 违规 了 我们 才 晋级
126130773488,回复 : 一点 都 没错 这群 键盘 侠 就 为了 搞 人 心态 就 会 反驳 让 他 发表 个 观点 就 跑 的 无影无踪
128498938400,该 学习 时 不 学习 滴 悲惨 后果 等到 你 学习 时无语 人非
129027095824,回复 : 七年 了 哈哈哈
129042265456,回复 : 已经 大学 了 哈哈哈
130955444320,回复 : 是 啊 私底下 就是 无 逻辑 的 喷脏 但是 上场 了 就要 破 对面 的 论 并且 自己 还要 讲清楚 道理
131263404224,上场 之后 估计 说 的 还 没 那个 老外 说得好
132360936064,完 了 完 了 我 明天 下午 要 要 去 当 这个 辩题 的 正反 一辩
133123622544,何止 我 上场 激动 地尿 都 会 滴出来 几滴
133578925680,我能 哭 啊 你 不能 诽谤 我
133617380512,2022 年 不请自来 俺 也 一样 说不出 话 来
133753551904,不 一样 如果 你 要 批判 我 在 大众 前 的 抗压 能力 的话 我 确实 做 不到 但是 他们 一 开始 也 做 不到 我可以 通过 训练 达到 所以 这 并 不是 你 可以 用于 指责 的 但是 在 逻辑 上 我 确实 可以 指出 他们 所在 的 不足 这才 是 看 辩论 视频 的 意义 而 不是 许多 像 您 一样 无脑 称赞 或者 你行 你 上 之类 的话
133820021952,回复 : 辩论 本身 就是 演讲 形式 喷死 他 不至于 可惜 高中 没有 大型 比赛 班赛 一 穿 四
133874863552,回复 : 我 是 第 1453 个赞 精罗 落泪
134765468416,我 也 回 一个
136765285152,2002 年 前来 考古
139209071920,我 也 是
140325046336,哈哈哈 确实
140428345632,回复 : 你 连 冰箱 都 没用过 我用 过 冰箱 说 他 能 制冷 你 偏 说 不能 请问 到底 是 谁 对 呢
141060748592,2022 年 了 没想到 还有 这么 多人 在 看 ( = = ) 就是 大家 都 不怎么 用颜 文字 了
147851109568,回复 : 因为 当时 只有 颜 文字 可以 用 ( )
216530617600,确实 没有 键盘 我话 都 说不出来
263801983520,10 年老 登
263803569600,回复 : 小登 给 我 磕个头
263805525152,回复 :
263819481488,回复 : 居然 还有 人
263819491936,回复 :
287319454401,好惨 我 也 回 一个
23817532,金钱 辩 算是 最 经典 的 一场 比赛 了
23817463,( ) 異議
23817462,面对面 辩论 好 拿 键盘 辩论 傻
23818388,的确 听过 我 室友 的 辩论 有时候 就是 明明 觉得 他 有 错 但是 因为 语速 快 气势 凶 就是 半天 憋 不出 一句 反驳 的话 和 网上 打字 差太多
23816659,都 是 在 以偏概全 一本正经 胡说八道 钱 是 什么 一般 等价物 驱动 人 贪钱 的 本 因 是 什么 物欲 凡是 被 钱 所能 购买 的 都 是 商品 万恶之源 无 他 欲望 而 已知 节欲 克己 者 吉 不知 节欲 克己 者 凶 这辩题 明显 偏向 反方 正方 无奈 只能 强堆 辞藻
23816630,122l 我 也 是 醉 了 u can u up
23816496,好 无聊 一个 万恶 淫 为首 攻破 一切 看着 烦 这娘 炮 的 辩论 看着 更烦 修辞 有 鸟用 直接 正面 刚 就 赢 了
23816429,而且 这个 辩题 明显 偏向 反方 对 其 有利 _
23816391,吐槽 辩题 模糊 的 肯定 没 打过 辩论赛 _ 辩论赛 的 辩题 就是 这么 模糊 不定 的 左右 都 对 一半 不然 怎么 站 在 平等 的 立场 上 辩论 _
23816372,( 口 ) ( 必须 闭屏 弹幕 才能 看
23816349,最强 嘴炮 ... 这题 正方 根本 没得 辩 万恶之源 这种 论题 只要 找出 一个 与 钱 无关 的 作恶 反例 一出 这 论题 就 破 了 根本 没法 辩 只能 绕
23816335,毒品 队 vs 强奸 队
23816091,文科生 跟 理科生 的 辩论 这场 辩论会 上 我 谁 都 没 支持 但 觉得 双方 都 欠缺 一点 正方 一直 用过 多 的 词汇 去 形容 一个 句子 然而 却 没有 回答 本质 问题 没有 逻辑性 直到 最后 总结 也 并 没有 说 出钱 为什么 会 是 万恶之源 而是 总结 出 如何 去 克服 这个 万恶之源 反方 本身 也 略 占优势 因为 钱 的 善恶 不是 所 能 衡量 的 不能 一字 概括 钱 就是 万恶之源 所以 一直 往万上 打 字眼 不过 跟 文科生 玩 文字游戏 还是 占 下风 的 23333 反方 逻辑性 强 这 是 一定 的 但 多 辩手 都 是 往性 方面 扯 实在 是 过于 牵强 不过 最后 无论是 哪 一方 胜利 我 都 觉得 没有 关系 因为 钱 本来 就是 一个 中间 的 东西 而且 辩论 真的 很 精彩 已经 弹幕 上 的 辩论 也 十分 精彩 2333
23815970,很 好奇 b 站 有 多少 打 辩论 的
23815847,( | | )
23815840,我觉 地 吧 出个 AV 会否 导致 青少年 性犯罪 的 辩论 在 天朝 应该 挺 有 辩头
23815773,看 完 : 日本 人输 了 人性 之 欲 欲 之 善恶 由人 所 辨 我 呵呵
23815643,我 觉得 这 题目 出 的 太差 了 辩论 出 这种 含义 模糊 的 题目 没意思 吧
23815607,反方 笑死 我 了 一直 在 说 性侵犯
23815378,辩论 的 目的 就是 这样 能 说服 在场 的 裁判 就 能 赢 三寸之舌 胜过 千军万马 在 武力 平等 之下 还 能 依靠 什么 靠 嘴 呗
23815190,"問題 本身 都 有 問題 , 為 什麼 要 一定 扯 錢 是 萬惡 之源 呢 .... 說 它 是 部份 的 惡 不好 嗎 , 這樣 胡鬧 的 題 目真 不 喜歡"
23818182,说 它 是 一部分 还 辩 什么
23815158,好看 的 不行 ( )
23814951,感觉 正方 在 辩题 不具 优势 的 情况 下 发挥 得 更好 而 反方 论点 明明 可以 更 多 阐述 可以 更 翔实 回应 可以 更 正面 有力 如果 是 我 我会 投 正方 一票
23814912,正方 被 单方面 蹂躏 啊 这个 论题 反方 太 有利 了
23814777,卧槽 一直 聽 兩方嘩 啦 啦 的 說 話 完全 沒時間 來 得 及 思考 啊 我 果然 是 個 笨蛋 啊啊啊 QAQQQ
23814619,要 我 说 钱 代表 着 世界 的 生产力 钱 所生 之恶 都 是 生产力 不足 的 后果 然而 生产力 若 是 无穷 那么 所有人 都 将 得到 无限 而 平等 的 财富 届时 就 会 实现 传说 中 的 共 产 主 义连共 产 主 义 都 实现 了 还 会 害怕 世界 上会 有 恶 的 存在 吗
23814525,( _ ` ) 看 他们 撕 逼 好 逗 啊
23814111,反方 我管 你们 什么 我 就要 谈性
23813693,还是 认为 正方 不错 万恶之源 不是 恶万 不是 一切 逻辑 上 没 错误 啊
23813452,最后 的 反方 主辩 的 会心 一击 听 完 就 确认 了 我 的 立场 了
23813258,别说 钱能 行善 我 觉得 自欺欺人 你 要 行善 得 要 有钱 钱 不是 赚 国家 的 是 赚 别人 的 有些 人会 被 你 弄 的 没 钱 没钱 的 就 会 有 恶 万物 都 有 轮回 善恶 也 不过 一线 之隔 当然 行善 总 比 直接 行恶 好 可怜 之人 也 必定 有 可恨 之 处
23812933,霓虹 人 在 篡改 教科书 上 真是 不遗余力 啊 都 11 年 了 ......
23812721,比利 哲学 才 是 BILIBILI 中 的 王道 俗话说 的 好 哔哩 哔哩 比利 比利
23812389,酣畅淋漓 正反 双方 都 做 得 很 好 了 论题 不 重要 重要 的 是 论证 论题 中 的 逻辑 和 语言 能力 弹幕 中有 很多 人太 在意 论题 的 正确 与否 了 其实 就是 一个 正反 都 有理 的 论题 才能 做 辩论 的
23812296,连续 在 几个 视频 的 评论 区 看到 同一个 键盘 侠
23812247,老师 给 看过
23811711,方法
23811163,真特 么 有意思
23810822,当年 看过 这场 直播 记得 这 一年 有个 大学 的 辩 手拿着 一把 扇子 说话 慢条斯理 的 印象 很深
23810714,在 辩论赛 里 的 键盘 侠们 显得 更 可笑 了
23810436,以前 老师 给 我们 看过
23809741,反方 四辨 比 正方 四辨强 好多
23809288,评委 很 感动 正方 的 言辞 然后 判 反方 胜利
23808937,看到 标题 看成 大辩赛
23808636,他们 说 的 都 好 有 道理 我 竟然 无言以对
23808416,看 了 很多遍 很多 地方 都 能 背 了 经典
23808245,没意思 反正 大家 都 爱 钱 没什么 好 bb 的
23805993,反方 好辩 正方 太 绝对 了 不好 辩 正方 已经 发挥 很 好 了 反方 逻辑 更好 点
23805915,看 完 我 支持 正方 无论 在 辩论 之中 还是 谈理 之中 但是 这场 辩论 的 命题 一 开始 就 对 正方 不利 只要 有人 这个 品种 或者说 只要 有人 活在 这 世上 当然 都 不会 承认 钱 是 万恶之源 因为 人 的 本性 承认 了 就是 打 自己 脸 肯定 不 承认 的
23805348,这个 俺 上 初中 时 在 电视 上 看过
23804873,看 完 表示 不会 再 爱 了
23804558,我要 顶上去 造福 世界 ( ` )
23804446,也 是 这个 比赛 蒋昌建 那场 就是 最强 大脑 主持人 年轻 的 时候 他 那场 也 是 相当 好看 求 UP 主 上传
23808508,"黑夜 给 了 我 黑色 的 眼睛 , 我 却 用 它 寻找 光明"
23803602,说 正方 只是 语言 华丽 的 我 也 是 醉 了 如果 武汉大学 是 反方 有利 观点 的话 呢
23803596,键盘 侠们 又 要 开始 发威 了 ( )
23803641,在 评论 里 已经 屏蔽 里 许多 了 233 感谢 UP 为 我们 丰富 了 屏蔽 列表 鼓掌 ( )
23803407,钱 这个 东西 更 像是 一种 权利 拥有 他 就 有 资格 得到 他 能 买 到 的 一切 钱 可以 买 到 一切 数量 的 问题 比如 长生不死 的 方法 如果 用钱 买通 打手 威胁 你家 人 生命 你 肯定 会 去 做 实验 体 如果 家人 对 你 不 重要 那 一定 有 你 需要 的 东西 这个 绝对 可以 用钱 来 买通 权利 才 是 最 重要 的 钱 只是 一种 让 其变 简单 的 程序 没有 钱人 也 势必会 互相 夺权 人 的 欲望 才 是 根源 但 这 是 本性 从古至今 无一例外 无法 改变 不 分 善恶
23799398,如果说 世上 本来 没有 善恶 的话 道德 就是 万恶之源 咯 ( )
23799121,正方 其实 论题 太 劣势 了 只能 渲染 情感 玩 诡辩 其实 整个 比赛 下来 我 认为 最 精彩 的 还是 反方 的 几个 反驳 可是 正方 的 言语 太过 华丽 现场 加分 太多 不然 评判 结果 会 更 难看 ps 钱 是不是 万恶之源 这个 论点 在我看来 是 个 定义 题 主要 看 人们 对 万恶之源 的 定义 了 如果 将 万恶之源 理解 为 诱发 恶 的 具体 事物 并 将 万 理解 为 多数 的话 这个 命题 是 成立 的 但 如果 谈 本质 说到底 还是 人 本身 所 存在 的 恶 或者说 是 天性
23798025,想起 当年 xjtu 的 路 一鸣 了
23795958,辩论赛 的 选题 本来 就是 没有 绝对 答案 的 不 存在 黑白分明 的 对错 通过 对 一个 问题 的 辩论 从而 展现 辩手 的 口才 逻辑 技巧 以及 引发 听众 的 深度 思考 这 就是 辩论 活动 的 目的 所以 这 不是 没 意义 的 事情 啦
23794621,我 建议 大家 去 看看 av873508 我 感觉 比 这个 经典
23794000,精彩 的 辩论赛 我们 在 看 的 是 如何 对攻 如何 拆招 可惜 现在 辩论 日渐式微 如果 看见 的 辩论 都 是 瞎 xx 辩 我 宁可 退出
23793919,我 把 简介 中 的 不 容错过 看成 不服 来 辩 了 怎么 破
23793675,我 觉得 48l 说 的 是 对 的 辩论 纯粹 是 为了 胜利 而 不是 所谓 说服 别人 的 时候 辩论 的 意义 已经 偏移 了 真理 越辩 越明 开玩笑 你 问问 正方 反方 他们 的 答案 是 什么
23792283,去年 金秋 的 表演赛 真的 让 我 见识 到 武大 这些 师兄 师姐 的 厉害 所在 这 一场 里 的 最佳 辩手 如今 已经 是 天风 证券 的 董事长 了 真的 是 很 有 才 的 一个 人
23792275,( )
23792263,以前 搞 这个 的 时候 也 是 反复 看 了 很多遍
23791639,看 的 目瞪口呆 _ ( : ) _
23790167,真 厉害 啊
23789251,作为 WHU 的 毕业生 过来 支持 当年 我 也 上 过 金秋 还 赢 了 比赛 我会 乱说 23333
23788149,古人 说话 要 谨慎 啊 看 给 现代 的 这些 学子 留下 了 多少 的 坑 wwww
23786525,弹幕 里 一堆 有 先见之明 的话 我们 不会 觉得 你 一句 话 说 出来 就 比 视频 里 的 人 博学 话 说 就 像 我 之前 在 up 主 这里 看 的 一个 辩论 里 评委 说 的 双方 没有 在 一 开始 就 把 各种 定义 达成 共识 的话 这样 辩 起来 一点 都 不爽 啊 ( )
23786236,记得 还有 一场 性本善 性本恶 也 很 经典
23786221,看到 一半 想到 万恶 淫 为首 我 都 要 精分 了
23810746,哈哈 所以 反方 四辩 最后 总结 了 万恶之源 不是 恶 所以 万恶 淫 为首 也 没错 啊
23785670,辩论 比赛 的 目的 就是 比 辩论 技巧 ~ 至于 辩论 内容 的 正确 与否 根本 不 重要
23783809,楼下 辣个 说 辩论 是 说服 人 的 进 辩论 队 第一课 就 会 告诉 你 辩论 的 目的 不是 为了 说服 对方 因为 无论 你 说 的 多么 逻辑 清晰 天花乱坠 对方 永远 不 可能 同意 你 的 观点 而 评委会 抱 着 相对 客观 公平 的 眼光 来看 比赛 所以 只要 你 的 逻辑 技巧 情怀 能 把 评委 说服 就 可以 了
23783692,周帅 现在 完全 不是 这个 样子 了 啊 23333
23783176,感觉 总的来说 正方 一辩 是 最 轻松 的 他 不 需要 在 一 开始 的 那个 环节 准备 任何 背 一遍 老早 以前 就 准备 好 的 稿子 就 可以 了 不用 考虑 到 反驳 的 问题 后面 自由 辩论 也 就 说 了 一句 话 ( )
23785213,其实 蒋舸 自由 辩论 发言 很多 只是 涉及 假球 和 苏哈托 结果 被 CCAV 和谐 掉 了
23782577,挺 有意思 不能 亲身 体验 好 可惜
23782438,从来不 参加 什么 辩论赛 因为 辩论 是 用来 说服 别人 的 如果 别人 不 接受 你 的 说法 辩 了 也 是 白辩 啊
23781735,我 又 想起 了 我 的 舍友 的 辩论 嘴炮 的 力量 真是 不能 小看 啊 ( & quot ; ) /
23781372,赞 一个 支持 UP 希望 UP 能 多 搬些 这样 的 视频 ~ ~
23780546,话 说好 衷情 于 强奸 啊 哈哈哈哈
23780520,理科 文科 的 撕 逼 23333
23780473,卧槽 好 洗脑 我 居然 在 b 站 看 嘴炮 大战 妈 啊
23779843,这 撕 逼 .... 我 恐怕 一次 都 顶不住
23778461,( ) 所谓 的 辩论赛 给 的 命题 不是 黑 就是 白 要么 绝对 白 要么 黑 可惜 啊 这个 世界 上 只有 黑 或者 白 的 东西 太少 了 严格 意义 上 来说 辩论 双方 说 的 都 是 P 话
23779954,辩论赛 的 意义 从来 就 不是 为了 讨论 出 结果 来 享受 的 是 那个 思维过程 啊
23781321,( ) 对 享受 思辨 撕 逼 的 你来我往 跌宕起伏 才 是 辩论 最 有趣 的 地方
23784545,实际上 就是 逻辑 游戏 加嘴炮 大战 啦 只要 达到 获胜 的 目的 就行
23777157,那些 喷 强词夺理 逻辑 错误 的 辩论赛 是 干什么 的 都 没 搞清 啊
23777057,我 想 看 老梁 做 嘉宾 的 辩论赛 有木有
23774256,我 倾向 于 反方
23773750,这 不是 偷换概念 的 问题 啊 偷换概念 说 实在 的 就是 辩论 的 技巧 之一 辩题 本身 就 十分 普遍 地有 一方 符合 大众 观念 有 一方 明显 违背 的 所以 就 只能 各种 技巧
23773008,看着 两边 都 好 厉害 胜负 什么 的 其实 意义 不 大
23772075,另外 武大 的 余磊 是 挺 有 气势 的 另 一场 辩论赛 里面 他 表现 更加 精彩
23772074,两边 都 好 可怕 但是 都 有 偷换概念 的 情况 啊 算是 一本正经 胡说八道 咩 我 没 参加 过 辩论 不 知道 诶 嘿
23772049,哈哈 以前 上 逻辑学 的 时候 上课 老师 给 放过 这个 比赛 没想到 今天 在 b 站 看到 了 - - 感觉 现场 的 辩论 还是 挺难 的
23770861,这个 结果 武大 是 输 了 还是 赢 了
23789288,输 了 ~ ~ ( & amp ; quot ; ) /
23769541,权利 的 无约束 和 滥用 才 是 万恶之源
23769422,这种 视频 好看
23768422,弹幕 里 键盘 侠 多 的 要命 要么 强盗 逻辑 要么 强词夺理 要么 无视 既定 事实 要么 抬杠 麻烦 您们 先去 写 完 作业 好 吗
23966953,私 以为 辩论 为 每个 人 提供 一个 思想 碰撞 的 平台 给予 一个 能够 自由 讨论 的 氛围 才 是 最 重要 的 所以 无论 是否 有理有据 亦 或 强词夺理 当然 损害 他人 除外 都 不 重要
23968281,回复 : 高水平 辩论赛 的 视频 中 偶尔 蹦出 几条 低质量 甚至于 低劣 的 弹幕 实在 很 倒胃口 ( ) 个人 希望 每个 人发 弹幕 的 时候 三思 后行 让 弹幕 的 整体 质量 配得 上 视频 本身
24006935,其实 你关 弹幕 就 可以 了
29572046,回复 : ( ) 正 解
1670356540,其实 你 卸载 b 站 就行了 来自 四年 后 的 劝说
1876261001,b 站 的 核心 文化 正在 消失 就 像 当年 的 内涵 段子 那样 要 被 用户 们 亲手 摧毁 了 唉
1876266637,用户 素质 问题 越来越 严重 了
1941846861,因为 受众 广 什么 人 都 有
2350270759,太 真实 了 我 就是 没 写 作业 在 这里 看
2370409227,我 又 不是 选手 我 只是 觉得 他们 说 的 有些 方面 可以 用 一些 观点 推翻 而已 我 只是 为了 自己 将来 变得 更好 同时 看看 自己 在 可以 查找 的 情况 需要 多少 时间 推翻 他们 的 观点 而 辩论 就是 抬杠 只是 谁 的 理由 更好 更 多 的 诡辩 先 抛开 一下 既定 因素 然后 如果 对方 没 发现 就 过 了 发现 继续 说 自己 之前 准备 好 的 来 应付 发现 后 的 反驳
2538003083,回复 : 又 是 一个 不 知道 自赞 的 仔
2551874290,回复 : 按 你 自己 的 观点 那 你 应该 发 在 评论 区 而 不是 弹幕 里 评论 区 你 可以 推翻 更 多 反驳 你 的 观点 你 将来 会 变得 更好 另外 辩论 观点 这种 事 本来 就 不是 绝对 的 所以 推翻 也 不能 彰显 你 的 成功 人家 还 能 翻 回来 更 别提 是 在 弹幕 这种 时效性 的 东西 里 毫无 交流 性
2839114364,不是 其实 按 你 说 的 那样的话 视频 里 的 选手 也 有 抬杠 行为
4071377477,还有 偷换概念 就是 离题 混淆 概念 就是 水平 不行
113754310144,回复 : 这是 辩论赛 的 技巧 吧
113777877904,回复 : 对 啊
144227476768,15 年 一月 耶 那 时候 我 才 八岁 转眼 翻倍 了
203786364704,哇 兄弟 这句 话 能 用到 现在 哎
238319771456,好笑 最 喜欢 看 喷子 破防
23767861,关 弹幕 保 智商 . 键盘 侠 嘴炮 一大堆 .
23764975,( 口 ) ( 妈蛋 我 简直 就是 个 墙头草
23764449,欣赏 正方
23761926,这个 我们 老师 给 我 看过 还 让 我们 写下 心得 ........ 看 了 3 遍 ....... 但 完全 不会 腻
23761268,( ) ! ? 艾玛 这个 角度 也 太 刁钻 了 吖
23758738,结果 整场 辩论 的 核心 和 焦点 其实 是 万字 的 定义 罢了
23757148,我 在 高 二 的 时候 也 看过
23757397,输 的 正方 可惜 了 辩 做到 了 但 大众 的 理 没 占 到
23760531,他们 少 一个 就是 提升 钱 的 一般 等价 性 其实 就 论题 本身 解成 钱 是 很多 恶 的 源 来说 没 问题 可惜 输 也 应该 毕竟 这 是 大 劣势 论题 反倒 那些 技巧 有点 哗众取宠 了
23756847,( = = )
23755726,前 几个 星期 刚 在 课堂 上 看过 全班 可是 一致 的 在 结束 时 鼓起 了 掌久 不停息 太 经典
23755006,从没 看过 这 类节目 的 表示 听 起来 好 厉害
23754611,初二 的 时候 语文 老师 带 我们 看过 现在 我 都 大三 了
23753058,这样 的 节目 现在 还有 吗 怎么 以前 的 质量 这么 高
23761987,后来 也 有 办 啊 只是 改名 了
23752602,正方 立场 不好 辨 啊
23751878,讲 的 幽默 易懂 又 富有 哲理 表示 看 的 很爽 不过 看 辩论 的 时候 个人 认为 不带 一个 先入为主 的 观念 比较 好 把 自己 当 白纸 两边 都 不信 两边 也 都 信 不要 陷入 两边 的 逻辑 出不来 这 是 很 危险 的
23751427,如果 辩论 完再 交换 命题 辩论 是不是 更 公平 一些 就 像 网球赛 交换 场地 辩论 命题 一 开始 就 有 偏向 会 让 某 一方 在 逻辑 上 占优势 双方 引用 论据 的 涉及 领域 也 会 不 一样 交换 命题 辩论 肯定 更 精彩 也 更 能 全面 考察 辩手 的 才能
23759492,这样 就 会 让 下半场 的 时候 你 不止 要驳 对方 还要 驳 自己 上半场 说 过 的话
25142836,回复 : 那么 对方 也 是 这样
23751030,管 他妈的 谁 对 谁错 只要 我 认为 对 的 是 对 的 就行了 _
23767213,( _ ) 骚年 思想 很 危险 啊
23769471,( ; _ ) 骚年 思想 有点 危险 呐
23750950,不错
23750868,他们 都 说 的 好 有 道理 我 无言以对
23750062,感觉 是 p 图好 素材 ( )
23750030,up 能 标明 是 华语 辩论 么 因为 还有 BP 的 啊
23748806,你们 两方 够 了 谈 QJ 谈得 那么 起劲 都 是 大 绅士 么 ( ` )
23748592,明显 正方 叼 多 了 居然 是 反方 赢 了 ......... 可能 是 价值观 问题
23751467,毫无疑问 正方 的 词汇量 和 气场 的确 比 反方 强 很多 但 问题 是 辩论 不 只是 看 这个 啊 辩论 更加 注重 逻辑性 在 逻辑 的 方面 反方 这群 理工科 的确 强 再者 这个 论题 反方 更 容易 论述 死 抓 一点 以偏概全 就 可以 了 而 正方 命题 太过 绝对化 本 难以 论述 君不见 历史 上 那 帮 老狐狸 都 不 喜欢 把 话 说 满 留有余地 就是 在 谈判 的 时候 更 容易 与 对方 谈妥
23753809,回复 : 的确 像 我们 这些 观众们 肯定 是 听 好听 的 看 谁 的 语言 煽动性 更强 不过 辩论赛 都 是 由 专业人士 评判 的 所以 才 显得 严谨 而 专业人士 他们 就 不会 轻易 给 这种 表面 的 辞藻 所 迷惑 的 逻辑 上 的确 是 反方 更好 尤其 是 最后 结辩 环节 面面俱到 滴水不漏 堪称 完美
23747287,有 文化 的 撕 逼
23746638,( & quot ; ) / 罗 锤子 ...
23746619,高中 语文课 给 我们 看过
23746031,赞赞 赞赞
23743721,前排 ~ ~
23741773,男神
