2198901	132049
2955050	718259
186692	900904
1996070	837698
1230604	530826
4102483	83984
183943	821729
2517177	935757
284538	176901
2953379	53609
4046824	76115
1126338	196126
3621897	435453
2604396	892106
2342674	97523
2495758	381440
634667	1010801
2076980	477394
71882	603288
3499937	651876
4801306	77982
750464	218926
3817993	303065
1769412	319901
2937641	536998
3824102	975308
3557253	536100
4748535	566876
1041668	827661
1659397	934148
4564333	658226
2990134	318102
3782835	275387
3884515	494149
209825	166928
73642	289962
2599117	651883
5119150	987378
3575352	861399
4964344	21293
4875846	909576
2134404	132342
1226078	631456
2888006	718793
2746960	666842
413783	951619,941999
126317	472678
1271630	842772
952996	810418
3969636	921153
1051209	625365
4389091	864761
2909671	709748
3792984	355314
1033131	294604
1784181	895810
1193916	574181
1166235	741189
4691226	854685
911834	628742,455394
921910	217953
3605958	874162
2351085	911979
138277	55930
4962320	670501
171483	436716
5069556	421631
4693323	172392
3529591	233056
3403925	408879
3827783	1007048
3379570	971325
1586417	80162
2314785	80133
3862687	670937
3187232	739793
553281	949554
2546056	990479
3894080	297679
4218030	171600
3028975	572484
1761023	958587
657271	428473
4616652	494002
3867424	197004
876465	443384
2902508	654786
2811974	29123
1903333	204756
1797543	632144
3357970	892302
4372927	221364
3662887	566086
4784818	688014
536811	975714
898645	693175
3414202	274055
5158795	400500
2166472	993010
2966072	53615
3688252	585790
3543603	494161
5111716	742089
4745653	220134
4469829	963279
2504546	329920,15849
1508400	288137
2686248	108018
3891283	397831
3514728	148324
3681073	269195
987143	981151,838108,632817,178579
2343125	218407
477044	225171
1675021	819949
1050941	942960
3973743	693800,650256
4969914	1000950
2974510	383020
2440523	52848
5142417	155264
1032996	712027
1863363	100608
2091174	954478
482464	908690
99657	974096
1425839	955105
1049565	318615
1292516	794048
1919587	477981
4495745	144148
4115427	967439
1467763	928045
1840766	516837
4258478	409479
4703651	787121
794130	615463
3792904	413832
3119486	349140
141839	483913
2509859	603498
4232463	722318
2515418	443934
379409	489332
885650	774458
781936	183079
4111229	441342
1080007	473222
2532611	617906
3652752	994097
4681531	771130
1584	417011
4669870	232803
2235057	882564
3404526	975068
5107113	783330
4731687	26875
3824355	479074
1068371	491
4777971	499663
1730788	303977
2084691	1014382
3087972	475783
4306966	426779
4016122	889585
3734272	55497
347141	494267
3126453	494198
1407817	636291
4137885	91797
2373302	594860
960238	1009843
3006300	528417
2456568	732500
222659	947813
2507314	830556
2456652	376183
727190	292341
1265037	382064
1632606	722516
1462502	620653
304663	659371
3005691	145914
1741645	648052
835424	158219
1355688	32081
3097755	1016200,137205
4996589	918343
881591	525122
853291	633338
4171388	713967
3117543	824577
1234383	721254
4926588	162305
3687538	438708
1214891	873856
3362121	181849
4200288	386124
11150	977435
1066917	468757
1000436	469034
2372914	102131
4315593	441227
706526	101328
3109355	757080
934383	871323,567430
3188996	174092
2544098	426329
419826	633613
5044634	611964
1218066	122028
2087779	20484
2615613	124832
3886182	132384
2463117	882825
4441526	723835
1871816	889415
466011	675111
2700409	766093
3647453	375274
2402279	272508
4229881	521987
4053574	635608
2677961	389591
4458366	347722
1185272	325786
1002805	368795
3501807	55660
1878462	739359
3196784	624270
4407391	190375
2288408	33950
2926964	291002
613880	268766
4463984	29790
1188338	111357
1788482	990244
1974430	145747
165569	965846
5085514	114792
2929648	600009
4711780	989891
4529033	867126
1286678	1001983
358776	576274
1758771	655639
2989844	609027
407777	210020
425065	379093
810425	395102
61719	81656
3070299	130971
2724700	163979
2871051	760501
3163274	21775
5021909	479845
2872409	141418
2456960	218663
2159986	902246
2567305	614692
2249595	27698
2812740	856623
3515350	258959
2661469	256569
554792	898430
2980454	505393
1475973	519627
3355899	676529
1606281	315131
1254862	825736
2698355	294048
4357933	910622
806280	119250
1039908	7212
4514594	394730
3098091	484859
1199800	22395
4476300	579962
64941	956632
4658676	512070
4682305	571073
2283102	795597
5129942	907595
658687	641083
4862819	17630
2482253	940998
4876003	411823
1901566	772614
3481707	661723
2166373	574734
4401533	731940
4300616	938940
1614264	164739
1456800	205571
4401676	120362
4168531	98289
283940	995515
3771886	182138
562184	151960
4217143	3724
2929659	992305
1588147	164806
542872	352063
4439765	381306
2221979	181136,933087
4329846	207705
957274	666913
369963	741247
2953180	991104
956714	825478
3850194	780734
1484795	796792
1945599	602045
2051156	262364
1715248	37380
3778573	559500
395821	947651
879772	136680
3646720	291897
282080	188056
2484493	505578
4857615	101391
416944	46626
2524562	3066
3310414	319087
5035944	446497
1699379	814271
3535686	135664
1363274	471987
2949811	65051
1220546	175374
947422	199748
3633399	459244
4664642	133145
3437717	246833
2990354	78261
175094	181882
1385157	687326
2856010	189333
3766033	807953
3985270	709287
4653833	757203
169642	625455,339532
2982500	230614
2978125	136868
2847386	103
2814470	99837
434364	888186
4513593	938148
218401	142821
2379858	859684
1451667	539091
2002671	277719,273814
4263021	611756
1956973	115889
5148473	175683
3178612	876437
524447	533094
2750198	714453
3157635	824447
226916	478762
394978	559812,582567,844442
8154	173176
428806	818525
674340	400574
2097895	78678
401885	487066,1006033
2013480	661548
2562818	948134
3806791	937866
3596645	82101
1357796	121467
2218528	340747
4591779	172549
561983	815088
537919	311818
4250401	715229
3028847	810052
427335	723972
4138152	526822
4420134	367
3061583	31565
3147382	176221
4313108	147127
3257948	284961
4225012	971308
4943448	878563
1956052	314322
1047068	942292
1744457	577350
2661113	145895
2980223	675509
3151772	759874
907477	770671
2712619	372273
3176467	491480
4687302	785556
4413978	651276
118525	107283
509860	345698
2382755	84138
3974490	376919
2683160	255154,759657
4069270	61441
2134598	63209
676676	21614
1772232	342196
5061916	57213
4885218	724098
1282638	978379
4050274	62330
163431	726110
3732494	476110
4463298	369269
2150596	285639
853905	917554
4533672	991732
3460337	81183
3265956	625821
1503311	486698
1119899	89308
347244	283858
3270859	607070
1408252	21683
4501303	43094
1180356	91376
2103570	137520
3824997	96258
4849148	804548
4873855	364385
3661170	272520
2265102	237722
176859	709142
450737	710246
4331492	296977
2814001	869888
5061479	513290
3822104	52635
3864597	951732
4126038	21269
3416420	896728
3755051	675625
3917723	114853
1096851	551496
4872029	95896
3971554	130539
3900086	663355
3938993	1008842,38380
4746133	291554
4223344	636792
1331305	1010533
557117	870775
2803467	87705
3572816	693984
4873921	739476
2328667	906249
2119249	152680
429708	33661
157894	491487
705547	733202
3398986	525272
2533898	814263
4760849	706211
1561986	170336
1454288	431421
1439195	157174
3941546	167631
843539	865610
5017328	699223
3715576	1017188
383259	297502
4837172	738539
4920539	745986
2856036	157744
314237	107974
199757	111560
2305615	58427
2742924	650874
1944257	624290
3771402	11244
106649	728623
847986	834931
3943467	771203
4352587	983475
2864767	78066
241832	681309
1883901	672527,727889
4554095	680993
3668508	887509
1105838	737139
754545	559580
3964583	627116
2603939	483808,631060
768728	175906
4583642	210212
208024	941974
279675	29627
2986540	130435
2384724	192168
2292610	986066
807564	225665
4821825	121944
1274923	866739
1444906	137566
329909	517475
584940	715717
1286740	436149
2483728	423195
5108114	165089
2946999	705473
4028299	762689
1091128	27203
2482561	409286
253198	187335
1946545	113997
2008703	899107
4283045	89759
783824	812727
1978438	335808
3576735	43370
3900163	881916
2115083	38504
619035	885403
3632956	251003
1351912	620769
4070746	582084
1496473	981305
3551680	817354
2359683	677972
2935823	638919
4763800	817919
3360886	946033
282374	610543
947480	177217
3883484	438255
1707393	378932
3701173	800731
2838850	176303
937137	421926
1971431	954187
4125701	526228
1403028	275540
3138216	798590
2653732	964450
2338156	719198
1491263	330866
3237407	1004901
4230018	655849
1880539	91603
3358223	676559
4572617	213833
5150403	984853
2402114	201849
3151761	974711
3565922	849533
5056880	890505
2226419	982984
4333209	179522
651820	848049
4690335	852006
2869676	949910
1044359	139159
3988846	973969
3117635	888552
1924468	103652
5145742	52284
2997416	885962
527552	95257
2075943	78184
2514857	476433
469212	60378
3375835	208536
2439231	242570
1832420	980585
3665325	640246
4626350	261132
3327324	290730
5069839	810842,354682
4148643	640714
5086702	780198
2305273	84006
4284497	235619
3609815	559015
4431497	784985
2558949	812047
2036294	91838
3251083	585937,458317
574068	258368
3602427	473655
3804742	495196
3333781	295342
1807772	493454
2664280	492725
701392	55459
259824	422123
1741494	390103,1010209
1929890	672987
3180383	450848
4926951	110562
575755	883273
4243243	413235
5100954	94717
2362481	80822
4273655	378922
3501399	645411
3576133	788991
870962	969017
2555913	434451
4929819	47378
1057841	479040
3263741	515453
1948851	828630
2053547	15896
335959	142408
2751559	310697
3605880	525312
557362	748075
4800161	158973
2691022	800186
988034	26052
1563911	949458
4924528	310619
1426098	299817
1190454	254519
4089470	453899
3924895	294028
798318	307593
1224245	236526
2457495	928009
1535299	972678
3198591	8349
2028176	203591
980034	646019
4199070	381059
2023751	951080
1743892	420657
4267906	324738
3459933	741130
794655	674606
4857651	183713
4998965	407057
4154862	444030
2281584	521459
1450116	469261
126368	690212
4233835	504366
3869529	703148
3529838	676535,940248
2988047	478069
2629942	304340
3105638	410742
3542877	729590
1183498	960366
4604112	678403
4337209	225330
88862	347026
4395087	819269
2082965	407877
3803976	353454
1685790	262324
1417441	793559
4541783	92381
247214	785996
222909	422040
5157479	535100
2476694	303378
4082552	632234
391678	347142
916941	314940
1261323	36373
2738626	602658
539641	977956
4667942	53473
4926878	895504,496751
1259045	866890
2342359	949283
31189	693603
971887	884826
3202180	21541
2223052	962660
1805925	673329
3366022	354359
2815020	531080
2120823	971778
1714364	531387
1944488	224161
291699	262940
3893612	65146
4288941	523765
1749171	394181
4379782	356104
277156	174978
4804716	416482
4461227	590757
804851	715647
4776493	708526
3865598	164913
4998415	458329
324302	834637
4330059	418486
2104076	634318
1610253	9629
4404990	144421
3004331	341642
1244438	438916
256065	325191
2533322	812267
1559462	528061
1954700	107765
1121946	400702
982410	12207
238539	772547
3631603	37754
2417026	340387
4117447	80042
16779	23463
4364119	482674
3541546	726475
5095616	531779
3443682	303897
2143413	311146
4614081	283951
5080939	63971
1636994	641788
3671702	985481
4968894	581309
679172	54613
2622749	797172
1775176	436910
438162	1002844
4723378	978097
1316065	562067
3806784	513472
1099373	486039
4835079	710197
4461535	726894
3513998	156684
2597397	628117
4966023	965330
572723	407829
1225044	376643
3220342	737047
2319081	800082
1421365	73200
1293865	873940
2915300	917105
2003555	68506
4083502	632343
264220	125920
563251	494022
4840826	507345
2799827	239226
3767661	207245
2438014	297692
3298028	33880
1429028	313656
3991471	267812
4292832	220597
3272699	231324
4117865	36289
1668773	511050
1581980	282334
2125123	314459
3736054	882046
1606634	108319
3664207	579704
1274101	281332
3838321	790771
4622949	333830
2111579	739452
2101088	254307
2632601	179655
4212197	293349
292674	913440
4361277	986192
3506004	355000
4397331	288752
2904979	334771
1178830	983263
4801221	988672
3948211	627795
2822570	234583
4390057	592587
2004314	565984
4051121	457357
696197	238991
3172162	609072
257756	661962
3234411	729366
3935628	213965
3595350	908508
2799027	882979
1469619	467972
2048923	923978
4177342	225731
1322556	925688
4465193	543356
4190224	917645
783365	480407
1866227	878111
2171375	549099
3640380	783879
2084141	434089
191555	50291
2051985	197127
412731	226418
3386354	863506
1727384	807908
3551871	247899
2078014	318408
2307114	121007
4678366	749879
372420	692412
301639	919679,17747
3115680	1014641
1003640	440936
3250020	398024
2271864	258144
1570159	620663
2477457	380089
1980811	866524
3518779	605302
722072	664837
4090780	857482
2580814	204505
947576	186928
2237994	181795
4228426	46371
4104508	1008439
4997902	304000
2231549	928477
2510523	375812
5015443	664917
3163726	348694
2315243	656617
3419063	613654
510433	958817
1107076	556665
2189110	610661
1179479	130632
142692	191317
3190508	586429
9027	896933
968355	247692,450372
3093362	426372
3685396	402892
242822	84199
2098371	580837
1433689	524922
834515	645067
3137996	927189
1441558	397255
1342543	991065
158440	779978
1059025	440029
1719556	440914
4656308	219340
3947959	556739
1735422	995061
3960190	673124
3470204	627328
1909757	918563
3042319	624537
489900	330802
956343	463023,273967
2648213	362835
2622884	258518
4780142	330579
2641177	303477
3319206	290432
2879419	854147
3727111	259153
1506024	654228
1746613	676645
754608	80098,250501
2142999	905689,202489
4721567	941216
4467207	445892
4561866	92176
2294377	356854
1118171	589580
3685477	847448
1533499	438602
277064	96219
870771	926333
4444426	436921
3207314	975572
3694512	185975
659442	362235
3365399	77998
4806453	237665
3765223	977812
3058198	467210
1250187	357325
4374565	825911
518000	987046
2236337	579955
2519058	249239,349065
4033994	116634
469241	165735
1078022	115217
5047145	626713
2826420	113618
3268830	916473
2777438	675303
4521202	887416
564076	761262
953531	603228
1905067	900967
4997968	733478
2206134	633136
20871	92581
2355915	334112
365637	748500
2340478	51969,784327
251075	267295
5057728	446604
3453986	726209
2770945	589910
3276439	99417
3791635	81915
430137	730056
959629	754024
2031455	571370
772754	117135
2780919	582868
2180146	522264
4443968	284877
4155324	26436
1924875	29871
1508334	184836
1595279	191645
4331816	652605
5059164	437961
3419496	86803
4059462	719534
246091	127062
1679715	742603
3085361	45884,740810
1320301	207768
4973900	701859
2086628	158990
4763785	506336
233905	568547
711461	730604
716569	915705
1893438	161094
2451196	654263
219857	680002
592662	492835
3870992	850279
2731458	484891
2421915	436954
1994120	41261
1776966	295540
950958	683079
1090721	286919
1532964	165397
463005	553687
382797	321763
3009068	784681
2822901	526750
4557678	471109
1103083	759683
1791424	861887
1435397	749294
499628	58293
472917	786136
550080	436781
637178	827856
1907638	355951
1794001	734728
3067343	48755
4513425	228041
975913	137258
3047628	301743
2526241	116382
3106594	497055
2503611	309755
3469419	384377
453516	727334,465819
1497191	911367
2928731	48528
2242714	319992
349914	252273
984023	143715
1501412	318547
1153790	527326
3457869	274789
2275387	290155
2667849	805647
3922464	242817
4542568	812747,406364
3875597	432339
864101	335095
3442128	540297
2796174	633160
4232173	489605
658959	178565
2049939	550085
3233410	913995
3551251	86665
3831593	847643
4872982	146175
4657862	178639
420031	995325
3206313	438508
3615256	274529
1881433	446550
545743	77294
4426749	306093
3986305	583046
3117059	542218
1842926	665842
4777924	520681
2186401	909379
262604	184486
3754186	497126
1828119	517740
533180	379718
3737976	771170
627399	402224
4867591	33466
4831493	207774
1839063	1005016
4214526	82174
15671	965931
2406473	64390
1648449	200700
5094262	187736
1525986	311665
2541862	968053
4068864	7131
1284335	116423
1410938	879352
1169601	810292
2311841	119837
1527357	868758
3733419	601310
743170	309158
2323035	747431
5001275	790641
1195062	597778
4496302	921502
344968	242580
674193	655655,100893
958679	853270
3659832	921543
2161996	682516
766447	470851
841456	48774
1132418	375779
4968315	627815
1425226	203124
319120	945603
4136792	578383
4518532	749122
1274053	1004089
3118191	203566
3711309	509547,90722
3687868	156043
1652350	266665
2030759	151680
256120	767111
2393083	613073
2749262	417199
3577875	679842
1783449	846732
4047182	20425
4242518	703355
298636	641198
552868	146925,690968
2754378	535095
1744123	560799
1109331	490472
3252198	327596
1258202	650610
3932397	487137
3299106	557815,137690
534046	1005269
310060	588343
5156001	955472
5065860	819255
5095319	664411
1567614	274200
2162230	555539
2095291	842413
4503983	747310
3449479	16952
140247	408163
4158473	987500
510936	969757
5139402	181360
3755965	349649
1877036	740004
4002644	466848
1063918	537174
5112261	722900
137827	947719
465810	256911
1857049	405261
4396961	991167
3823109	53199
889283	363167
3407451	741620
4729637	272094
2279428	352556
3543470	221557
3655593	633512
4681748	725064
302980	135975
4417431	744838
3307638	778760,209006
3808159	200436
895499	658311
2976736	915493
3816776	756353
37961	897365
939641	674026
4752657	953948
4054083	503897
3462753	155622
452180	909946
90418	951937
5128743	552922
3163450	529785
2901631	201117
1846746	494375
1046618	587581
4481346	36670
3483705	903374
914844	631479
274113	372142
3980424	367562
39248	5035
821322	861359
3409523	50252
2581037	189123
3755635	964198
4552295	648999
3911761	373641
1793165	942775
951016	17724
1636965	555864
556130	838314
1492840	419598
4197733	911416
4739607	922500
438647	774522
4476010	955592
4963622	904414
2116062	985879
322281	994794
3144361	795589
3775314	918957
173137	532029
2629674	121603
3915343	503755
4705819	402762
1840957	188977
421876	674139
4126537	611938
2283391	98231
3967249	188746
3790245	210309
480495	559983
4491804	13447
1000993	419602
4973485	222154
3083565	822408
3424410	621134
90197	387512
1245420	955137
750769	584070
4310516	751007
15709	470390
1881260	343574
1311101	508308
3982606	253126
1777101	75224
3377293	273063
3368842	540489
4678791	885794
4014755	181208
1892507	736457
4514947	466926
3190191	432520
5085301	588741
2110493	310217
938215	630663
2793036	999428
1407534	367257
4989376	901889
2262363	81656
2499853	393405
4662170	281714
158929	560939
2002819	845416
2627904	581734
4979458	765695
3616943	345913
2325774	673285
2421739	296398
4302889	371493
4555056	57719
3880801	169050
3201091	566052
3882986	378495
4415628	870591
4456317	499469
2017400	160400,272604
1728279	740802
3552898	928477
1879027	89840
449584	157899
823508	681205
4258698	698420
2269018	788566
3464829	4423
4895132	304994
4403814	837241
2828518	806898,858114
2667430	54220
5138775	21435
4045944	48470
3728949	521319
2050551	428123
4907576	188192
2247087	45094
4853493	407233
4132488	410823
4375328	169407
3371222	370448
3628548	818137
4515676	138083
2307169	269152
113638	585514
1442849	860135
1415928	484198
2105374	520049
3651597	249113
324126	914800
1032178	479355
1660355	603401
1195370	211432
29142	863671
3461635	181034
3288072	311261
1960493	542738
1832493	801650
3229981	347015
4826576	80444,431070,534266
3415092	769312
3475964	748806
4410182	302900
2168137	264743
206826	441705
4803083	265835
83898	280611
1079386	1015183
3460113	974302
655501	527655
3935840	402384
2378680	493232
290603	984087
3272857	915575
3654350	254255
1992467	397140
4958327	853268
78977	326870
126508	183917
4320427	975907
4335980	1630
1729915	740398
2148359	970311
1709249	649527
2568049	687262
319993	963307
1377013	254568
2801803	74060
3668874	250512
3997484	898570
2401476	897198
5029574	625179
1423183	722386
4802813	201292
1276697	323672
4335607	553235
1082306	956665
3923281	827429
2145569	429029
3046609	503027
2276498	453303
2467858	804813
4738059	232503
3991945	160293
1527452	34637
2790543	347687
199229	110095
2508818	176636
2692603	662084
1091407	619645
2232388	64151
4155672	595872
3975176	855810
2294546	18821
2131584	245214
4808730	621006
1521447	329967
3611799	807718
5002353	467754
1501342	955882
2819985	615265
984683	929620
1003035	839149
1055751	999639
3777316	961207
213914	949554
4704465	434392
2490911	180314
3951570	732397
1430943	759929
1378597	818920
1477304	482014
4761079	803789
1574261	794498
671147	112337
3799903	335328
2365338	629882
3044203	857978
48260	992843
2310239	379296
4668899	266184
2338453	1011791
4568476	124154
1116221	632925
4051293	587968
2881164	267010
1751563	665101
4810270	790001
2218384	751305
80257	490529
2917133	966185
420321	166822
1095113	376841,769433
4991081	376680
1590858	379044
4423537	325953
3895650	826470
1428973	327485
5121300	907538,808007
838045	330939
1449855	826085
2737698	490005
2672553	766599
2469045	345576
2631192	95952
3769450	358899
1440399	415334
1646304	697843
284376	122347
3622274	435643
1098813	130507
3446520	23345
300106	167218
3708121	249000,64350
1419997	479377
4329365	307342
4217855	956967
1762024	228227
3242496	132444
3721865	422379
3276912	823853
1032288	493570
4558411	756813
3014323	141584
921231	826014
4152963	192573
4823746	835592
4819118	758511
2968100	954396
3765351	178790
3788767	955315
668349	736911
851800	622649
3819966	862437
2056605	245574
1167959	443372
2958042	762279
2621256	325062
2893099	452530
1895751	198747
2473310	796079,594489
1447589	175537
675709	59402
2934103	862830
181761	867632
3102202	806055
2835789	33935
4181787	763914
890832	690247
5061273	108230
2132196	923810
4484855	85319
2092685	513180,921985
1980334	238290
2249449	464946
3840397	124434
2552118	728245
5097771	448710
802644	146512
50917	360165
5110997	411955
4833275	69130
586227	659402
2803636	459957
3660614	428301
145145	438973
3478093	613475
2980032	739169
439691	743535
3626755	475070
2417040	405618
2630320	623564
1220876	424080
1717738	158244
57127	92899
895536	523639
4174985	877959
395366	67188
2068129	561795
609649	519198
830959	898874
4898245	51484
3967487	630639
1546909	71022
2058456	377268
2515355	924835
659291	796778
2966384	588111
4892801	930663
3376344	118077
785198	92334
4808118	531521
3497696	516407
360540	852303
952185	183404
246400	80788
5078899	152323
4245546	565274
511496	640466
3356272	726583
1016239	526200
432810	549623
3991581	387249
4819631	346914
4924278	852712
4078155	77855
3363753	619826
2004798	502147
3798388	310378
4959092	838338
3539734	782708
5130331	650705
4418627	845990
5134272	235469
1694907	6666
1650822	237924
3100846	405260
2962858	450093
3688094	183438
989152	736236
474782	865566
82790	848445
2751089	740789
1523386	876653
167578	865145
81573	996510
1843174	1016063
1380860	369329
2855372	337757
3027046	390377
3434460	841511
4426114	565593
754417	61905
1120109	168670
1399024	579386
1821750	692153
2077361	938294,301458
4915504	716464,713505
3664603	620188
4975814	909278
1083002	232329
1300893	605687
2371692	659194
4519801	369264
3459371	140862
870056	419266
4265555	752859
3652914	485127
18065	11704,113431
267810	625483
986113	723802
3513990	301692
3047529	335811
3264805	748046
3187827	572694
4503422	606361
3607794	738926
1810211	253282
2825874	864419
1242366	328565
3488746	474638
1286843	176241
1820984	10739
3031461	825101
3742060	437648
3783740	107575
4229908	682731
1174210	333569
2971467	266242,944052
240886	614644
816243	467517
2338776	686982
3272329	276331
3166170	724562
2225861	81880
2113845	455359
725828	91690
428071	238661
2079484	185418
793852	180661
453552	883291
504870	458159
1550733	844571
3770731	490155
4433536	364670
3143915	281003
225162	503161
4679455	412537
3474839	689058
3223437	621827
1953024	444871
4991595	597921
1717947	710774
3689671	101607
403935	990178
3211708	655551
1234376	274715
152262	862797
3186015	591272
4172279	276799
2207546	497344
855231	512726
5137660	450238
48125	353894
4230490	655127
920337	768623
288901	718357
4387248	340032
2696540	135848
195753	176630
1679854	905559
2940795	439906
764155	594733,131895
3518151	988098
602770	1007470
2053521	232069
3171004	139158
4695006	388906
2444318	528017
685513	139477
308289	655308
4568993	563039
2723082	177045
3632978	663226
274924	778228
2899794	373241
5090237	677692
2562171	853185
285737	639969
1428188	1015344
3422900	389770
2779601	1017601
1673841	744791
3612664	440390
3850921	735845
1396957	382144
4564681	10450
2124195	553273
1491582	628284
1303809	385968,471392
4417703	411211
4843029	636234
2935409	491928
3799022	562866
2946269	289936
1257780	577354
3818969	825106
3150342	67216
1457948	594927,479562
4068402	282678
5026674	89598
1670923	198504
2070887	376972
1472082	134157
1415135	578010
4871802	305365
3419452	133071
5133976	862441,271072
1926022	410248
3866144	909398
876993	630164
5149779	426995
4071996	673753
2641122	42174
4531065	864500
647823	231851
2633330	80393
3109410	26549
2795838	570846,309764
1243206	129352
3093058	861165
2894757	421503
4740832	299395
4836461	663940
15459	645186
2815086	542892
3149171	413098
2703943	657370
2314778	719773
1622885	916840
4140041	650404
1502970	761239
1321896	672048
4059037	1002041
1509254	674825
2324443	833956
2952491	307281
3657724	259739
1234428	1008329
2120409	50011
2116749	366263
4075842	620056
633226	129341
77819	320519
1132876	226521
170581	880249
3363272	710105
1739312	283967
3404500	522421
151728	817719
4382911	101600
1610808	784347
4222299	239236
3319448	643461
4244376	859194
1203242	1015628
368177	418010
4550048	603893
227777	151530
1788651	1012935
4714086	982309
4987815	573821
1545548	990034
3352089	650777
2871118	1014754
4401760	412938
3040940	961467
3842748	508782
4617309	328212
1642432	39364
2924467	231038
2717634	408017
5093500	430941
1118168	625503
3352544	911276
2775043	228359
298838	394480
350149	314305
1496741	879051
4651783	948560
4607034	796038
1021798	632041
996376	335228
2220806	40325
910048	635574
606480	940193
3269369	582189
1342235	1014795
4803502	229175
1677218	267814
2298612	646936
2568849	878578
591892	803092
1448557	733194
4589967	807282
2976365	918180
3376128	269805
4452687	510361
1398614	798147
1450875	870836
4166991	209436
1312197	148031
1320033	535983
3473885	201178
1301627	516902
1164464	774280
2845418	222621
3008760	285333
79060	818131,666577
3164143	879577
3865048	223810
310820	348224
1987939	533657
104423	999244
3100608	108694
3477881	1010816
3749074	180755
97846	965939
5082195	119773
3938366	867561
3438336	352449
2386209	86786
2789215	167908
3992454	17030
4658948	964674
5136894	32153
2744676	334361
1821387	225711
2140142	497892
1813078	577560
2742029	900089,720675
847971	806381
4532749	759587
2994897	63917
3598126	838667
2688569	261022
5101892	439543
394952	426254
1951198	61474
1573022	65321
4794446	71139,427033
84983	130881
1209655	657103
2215495	1015778
411194	205462
2376136	20930
629276	192394
2668350	76333
239617	186388
66660	644515
613316	951855
4690504	912008
4853354	425984
3888999	493775
3283897	408276
469421	981956
4780791	216207
1054383	566506
3217342	381844
3275009	769229
362605	937374
2901572	728653
4241692	580682
4366498	484073
4738844	196276
4084738	921389
1092749	751011
3271599	811434
4150499	279576
3880009	108927
2092083	21787
3683695	43185
1478312	98845
2324876	10978
2804196	535008
3574241	907647
2965310	616861
3200894	597731
3055760	499823
3519057	70085
4963248	561614
332864	883611
2586511	543103
2368227	398365
1861680	520505
2537436	475685
2831433	661275
658775	146872
1290730	541963
422037	345355
3741739	688656
4426334	931332
4547323	627281
3704235	110878
833657	935147
4917458	921247
627906	607380
1807699	933082
441625	959359
3899533	671184
4945835	743584
238700	889048
3410022	160170
4069153	377289
1197178	881086
350677	185540
3363423	161449
1016709	590835
4565693	895811
3716881	498847
2611103	892524
2254476	153036
334129	153701
1446218	694572
3087657	763331
2813507	132175
4857750	22644
653143	318286
1317903	224153
340645	512670
3881640	949507
4059990	491535
3544989	174209
281502	671150
1116830	865728
2304016	968403
4000194	162854
3314348	798931
4361086	945759
5084773	792526
1962693	360411
2600206	385849
821546	974491
2159634	710650,860890
3403345	470384
1982600	94786
1898390	630623
90304	57403
1237577	152585
4889229	977975
3398726	976827
4216663	768567
2468150	367990
3461796	871247
1238691	456597
4316833	797537
2708225	595961
841298	909909
1689864	701625
4947400	886838
5148576	96998
1557318	75132
3291971	492118
1379789	266585
4494348	699440
2412649	132542
3132746	426705
2064150	537721
5006577	381699
5076806	615696
2134602	433898
3665273	762994
773917	907607
3288997	86178
4015620	55812
1836428	734547
3659715	542693
1689743	307306
680673	903747
3239416	844937
4335911	897408
4634678	153644
2059152	267610
4723943	683255
1718885	489325
88297	902464
4215424	784244
4254173	677972
4647063	343731
3187092	789279
3831964	891578
2725653	21389
4430298	962939
219442	808435
3249073	421107
2726948	651300
329060	52581
3309504	386371
1985302	93449,221172
162504	14372
905600	196858
1801338	268896,756936
4343273	558397
4425483	443826
4810373	832916
3124147	956237
1127595	584101
4511085	709821
4510349	939878
326278	555246
4127211	321772
3222308	956698
4557755	135086
141790	499637
5150285	895675
1141430	175572
125419	42095
1441763	517081
102780	608068
332574	679455
1998546	779573
624903	266394
277956	103329
4936462	179954
3052651	1001550
1227277	61283
3070938	86385
496423	714783
4118466	817612
1328763	560779
1224652	657571
4793786	779727
1929050	729494
4189707	375545
892559	148476
2107284	513505
25197	364256
186843	943381
2610928	868352
4960865	579502
4189417	550074,832817,907396
2224376	675571
3262447	443528
5010640	193694
3615487	277071
2700676	13625
3685293	420052
2430171	750110
2025892	634085
4388494	300818
1709773	723851
4099840	461775
4390181	530323
4224220	634387
4908632	325638
268301	753052
742409	364571
1755464	834717
2126289	134291
177449	26717
4157322	342543
1941687	530783
4352356	130857
1976502	630275
4937038	588902
1583487	121547
842556	969951
2379777	859147
4217918	609234
3168396	275803
2477307	334834
979135	213119
1711622	786779
4283148	1010797
3784389	215027
4926775	857863
4172954	994333
4584908	144470
1626409	454616
3897267	493856
4086372	804552
3629787	713480
3976496	337175
1863103	92727
2362265	27824
4145181	88180
2382979	650031
47692	574036
245674	851492
3042791	415463
3859489	376683
1583704	77671,138845
4832160	174145
4110620	367135
2956033	427585
569745	475111
3116869	440520
3823945	563769
2341222	257353
3638422	493027
1471290	298198
364012	14306
4568153	609389
4974842	133789
600031	26486
2149385	578728
1868041	232087,745297
1997963	761870
4332835	45490
4273626	968430
3968796	862481
3969115	3035
2215675	709817
2462471	1009495
1487509	410251
3739765	245683
272276	970331
5099432	324846
1761085	905149
732402	1003150
3290886	468900
1999958	381298
3475171	533999
3715084	468821
3776708	836317
4117810	899831
2270519	299092
1677746	196175
3253368	97230
201700	908763
4961929	328265
2186713	1010150
3926101	734299
3834262	904679
3700213	890393
3371321	677954
3252734	377734
1742918	535797
1737538	588193
3746417	66617
5006489	341482
2577355	191819
1422506	437011
4880752	512084
413688	895499
4453581	625684
977654	682975
1754412	4293
1954193	421200
1135387	852190
4924780	930904
4230355	35178
922203	914955
3699850	105387
1157460	224486
1187564	709246
4190800	410774
4015961	302638
4595537	80580
1527566	31075
1223985	224795
1428951	174510,130810
5019212	658321
27449	15387
2163187	142769
377058	409115
2929806	162741
4488459	415807
3982147	479868
2378945	909501
2341277	449672
1651386	712413
334422	788268
4480051	970274
4387240	937335
437228	747508
3095445	1000479,562221
5118791	5491
3291890	573507
457981	82584
248457	119801
815198	98579
2329507	214505
3051030	494940
679862	924856
3275580	606133
356176	748115
2213549	421485
4307875	223233
4364045	836049
2863993	666288
3673498	312986
798280	986756
1139857	622670
694221	191671
1023022	109275
507822	133446,424194
1619863	643166
2286893	727898,197095
5136652	672942
1882001	1012657
170057	310528
1901371	967253
567109	564124
3042832	756888
185530	960353
2504528	717818
2578389	615397
3595754	627034
3724039	257039
3561100	377466
2970954	872652
1312274	110536
2063153	710333
3844140	961385,586948
4672548	298702
2444790	155907,833698
181255	768536
203038	600206
4747893	667726
1561010	399591
4268987	248000
1527449	161094
1131325	385506
2539742	508530
2563008	281015
4507019	366070
3398807	108503
1558300	863143
3684535	131031
1250062	423368
2988755	955508
4489434	319354
3701485	191962
1365320	738285
2974129	535690
678425	728018
723561	987271
876762	659312
3332252	394203
430272	267150
2349310	177211
2701761	43233
414982	99005
3872888	190115
4041504	118472
4280563	727353
3454639	538581
1132490	92246
2536963	532482
5142321	37304
1650583	151728
4684930	231537
1779796	784363
2057448	762044
3742666	497802
2430872	442146
3367834	1005709
1311233	51212
5157776	667875
1181328	962918
1815395	320201
3892354	669108
1252277	798631
3413795	332128
1686524	712014
3677883	885130
3656514	431580
1450680	918338
730914	143616
32814	528713
5152698	437112
3650596	914713
3596366	66196
1161326	681522
4219545	862785
4471204	634318
2086455	166630
3946859	372823
3301155	1017143,413313
2163392	802119
4219806	734356
3090840	903287
3822427	91046
776028	313375
199115	298043
2739898	34683,211228
2580018	471937
2601335	576399
3234727	274355,861816
307761	865901
2037215	372898
11561	121991
3538902	280009
3236244	715224
303622	861014
2939995	894914
1349917	357840
2606200	635709
2876962	448390
3915336	35267
1574265	563598
1167537	575185
183202	194709
1074033	478211
3374210	531974,74990
3155611	1002611
956284	899751
5073399	527660
2895655	765054
1445855	640570
4493248	808334
311241	559518
2751335	436715
3176809	797760
295057	718769
4401463	144978
4087564	74369
901361	236944
1074763	751344
288589	498694
2515902	1002675
2484262	282225
4571447	212624
1793613	876009
136392	976858
47344	763477
2305541	639242
1311361	757917
3219939	499105
3975785	352213
4236607	821130
1493764	661321
1254378	493860
3179268	676247
4240864	915009
1095267	453612
1324521	542630
1783261	179378
4829193	931327
1031232	400633
1202612	428914
4715719	680043
1600045	782856
1488708	340234
3157657	789763
4340160	570380
14399	612590
3102756	206328
3100501	1005399
2771568	682831
2135012	280983
386265	515857
4405702	912246
1233922	451740
1884018	255708
683672	382014
3627345	834661
2433471	954944
642040	778639
1758016	224740
3189201	981326
1668751	231457
3217962	683804
2750169	31958
4250427	486323
4496511	723683
997542	474971
1010879	723306
3453256	713377
3891034	278080
29733	582532
1441480	696171
4347684	498559
2486239	214822
4299226	647852,99585
2353304	442069
2778699	908116,973107,677288
2522700	151189
4630054	786853
4694232	308411
3906819	922183
3386424	870297
2011402	711560
1364080	869240
4768159	648007
3677399	698400
4497417	920003
4594583	400386
866334	731013
3404603	93246
1440432	82832
1066843	683732
3168507	455790
3149128	625514
4333182	870809
3745188	459677
734792	265961
975076	926096
801009	713822
665724	859933
5050101	403335
4893530	965988
443359	970636
680240	791469
3636431	300821
3758681	708720
4891958	17432
5059315	747486
3893528	298789
3543915	211171
1641024	904383
1499157	369269
3476136	870692
4823012	263389
3975862	228811
130545	314191
3161588	125871
4083373	174558
3948611	719533
2578741	831583
813468	611763
4033983	162427
3418880	711028
1285138	169415
4254793	742319
665111	241319
4732754	303123
2061027	687776
1071951	109265
3187702	118816
4988357	410889
4144191	791425
5052048	748481
2340834	900243
1841594	403640
1501838	354668
2256302	609876,840054,347674
3324688	919984
3687820	75076
4256432	853659
132495	58271
1935857	409226
4764746	884165
399913	857851,258923
4331375	982275
859639	259588
857570	183042
4344773	556268
939568	220065
1203415	202295
2300515	99422
2862901	348228
1442915	134193
3363470	888946
3696015	12676
1696967	98003
543994	151504
2908766	471495
854315	972107
1378960	634031
3164664	369984
2411695	535889
2221704	906644
4055217	231040
4448187	701178,311189
1941353	293137
2539492	519378
630311	944402
1981272	540870
5056910	868796
2060356	756358
3305573	569118
335401	904462
3088926	875670
4535021	269101
4632023	285751
3827516	752572
2068976	185704
4061205	870442
2356255	829588
3412435	485004
3439568	759418
2063612	709659
1504547	597116
2996051	132639
1668102	795732
2826945	651512
3503155	331948
3206416	205424
1453115	101817
1577158	639971
758251	179557
2694593	272252
3500981	500919
680802	882429
151841	1001334
1325405	439304
2889153	632944,46062
5117174	464926
2708797	998096
2482969	386677
1384200	419381
4169855	561
207023	357975
314402	513880
3179367	157098
573555	803866
343167	500562
3312294	531249
3995732	817452
2640734	22277
1471360	768101
213480	889861
4888341	686810
2442888	893337
685733	793116
4030001	103777,222045
287610	991272
3193110	136055
1912834	743875
4265742	681230
4634399	301713
709921	616347
3230066	877433
4712862	624231
4365390	728740
37338	1009042
2792680	137129
5079973	789241
1232206	381845
2127048	89257
154525	102264
3328839	561185
2043009	20312
4381701	804260
188702	533432
4300641	110812
3185528	178423
458171	4834
248860	727615
2478128	900482
553803	744879
820365	587706
4294229	533873
2356332	306724
5124860	403532
160182	45521
4021197	229652
1622449	186729
1958054	121180
756154	473928
1310339	931447
1217450	285466
5135509	577051
2678768	841912
2818588	378809
1393172	717930
446633	269441
1243404	208836
2476988	533111
3327166	966038
3109641	833989,964304
1045819	977301
3008368	798642
2845377	305661
2625733	162936
2936031	1002909
1409914	579067
3048067	907068
3484478	444982
269757	104110
134534	15956
1439805	306808
1000531	496291
3098143	283107
2541110	708852
2125655	1015614
4835057	360726
2727754	535226
1005235	640953
3582107	431914
4063566	979542
47667	348671
682451	1001019
4979571	37417
4290386	467301
3248773	201575,456950
1492118	726640
2666419	244338
2152059	631672
3018235	390142
3441725	191849
1752843	395939
2422031	23100
3481824	473417
4135337	533117
717195	111777
1588734	1015341
834647	238922,436531
1664744	493919
1129971	320075
4620778	425085
3000191	642395
2111454	811905
841713	267147
2101918	691849
70452	485662
743475	850379
3675665	384824
1663420	600396
4499907	493159
3183302	473111
2715155	447100
3338449	641742
3787090	301145
2769884	350415
988841	228608
3521999	249165
4088510	34827
366850	636343
3301027	176277
3668977	838454
561187	641677
383513	730728
2610385	832659
4764750	634245
4448768	454845
1377410	303014
1819969	337305
954258	405522
136889	21335
233072	946123
78905	304135
3486059	157126
1660121	643040
4104215	505896
957455	823732
940743	691094
3876225	234276
2082368	592267
2818406	975965
248898	575755
3345192	160479
5022767	6973
3292504	3340
1790651	591057
3539456	249039
2078891	33987
3503534	922013
2012286	879761
2987971	653614
3425881	613625
879270	706213
4467626	708158,38270
1115610	744449
2805466	897616,767390
4334797	117403
679805	896857
3571269	851700
3843430	261571
1692326	611948
2287073	770315
4551039	163631
145858	580582
2876732	192113
2980349	231851
3915278	401283
551024	69232
1620943	157980
1076171	257315
4202889	878005
1042273	435920
3113229	114233
412806	144154
4614736	440540
2956287	642108
4361843	871261
1632900	815843
466368	675842
2096206	414878
2325081	587057
4044287	930152
1419510	302976
1423841	516121
318593	342639
1503091	440866
1008231	768447
1722898	1002779
4533318	577520
4035667	825918
3942492	437454
3042008	869034
4407617	544464
2285934	584468,358892
1841984	62313
2069219	267587
2883321	377660
1962782	873192,907517
3294627	767805
3377951	793032
4951075	306247
1029234	575922
1907019	588159,1015050
1540489	928539
2313884	246279
4025073	684189
3579379	866471
1784326	312570
4765634	111489
4600326	681622
3064107	24968
1658551	370225
4246078	476351
4611146	504179
3882833	854742
234293	453493
4611858	276364
4462540	150821
1064170	226368
4183999	777515
4552601	894159
3073347	120532
1945046	592291
1577357	833178
3639798	348872
380532	229123
5044220	393938
355576	819636
1422705	820197
2375077	676651
639577	628428
2627079	622025
1294500	422125
3381156	517811
1144063	416972
3730149	377145
4873779	247053
3380456	913359
779288	246193
2429020	581100
2553633	937490
3730123	980902
3819064	471224
1002659	746599
4042212	964285
2159440	58390
2775583	225670
104248	916223
4913015	650590
4328930	917909
4761326	335450
4521526	545634
4417069	776993
2115770	18109
5057288	316322
976492	561990
4863718	721979
4598973	714716
2467899	958382
4118283	418872
3120276	678781
3504146	16049
2914997	544283
4703726	628992
1804954	515541
4326477	163005
2443538	678836
2842089	137526
1311003	768126,822451
5100629	587576
4050756	355729
2863646	469024
4733990	883485
4988981	786225
2778083	203010
2175442	1009318
4821187	121717
1477598	412796
3012546	96665
4064472	820122
4802935	218715,18466
1131308	68060
3026358	697436
474071	385513
268669	134667
1004961	77255
5061759	594387,1004381
2771349	38480
4214354	442880
4739619	542889
2267141	92825
443330	842156
1232852	122383
1781194	412612
2379396	340864
642643	779405
2421556	857049
391480	998444
3880424	862062
2560262	366921,89978
3305846	37774
3230030	720941
2238754	75313
2780615	726294
2842591	456921
403095	28185
761043	212707
4206375	616517
3015570	485344
3970877	355010
1617158	149061
2759949	225512
1637174	490126
2339514	714677
1013622	498266
2687129	100077
1654647	449878
3513302	26630
2776148	275177
3296797	798518
2165472	369730
1269052	355121
1610045	604128
3307965	847664
5056162	989982
1339012	112382
3551667	759934
4939118	157747
4408236	346529
577109	190802
3230724	960440
2199880	494037
4854880	804282
3507552	629420
490477	305867
3543079	379251
4313336	267705
4223037	980764
4695597	364811
4622270	728683
1555243	198792
10239	339230
23626	484739
3018218	398231
1499183	533811,668756
710429	669119
1672115	416085
1871695	139309
1706562	52447
2212974	392262
561713	974569
3517111	553719
1716525	382483
1913065	999499
1965815	748180
3990057	426602
156113	310879
3186874	961032
877676	9974
3263085	262141
464065	765244
686416	635996
3115160	407069
1150444	907849
2634097	450575
1500526	612004
1061869	417389
3730288	29777
1995207	360607
2486629	876313
267176	185101
2612530	938139
1326344	1015886
4535987	545220
839791	50740
795455	580227
746082	187309
807880	546817
261163	97930
3784034	666848
5138927	911009
2106842	538948
4580893	942501
1830870	132504
3233033	944125,434486
4165779	491634
3993151	204135
3713894	102786
4872066	435069
4361047	491698
812879	746617,495788,177984
3278690	658840
3718110	274200
3571933	7417
137035	294793
3632649	201739
340664	618495
1390255	460320
270190	152395
2979112	426176
4150162	652371
2630057	613789
543272	32953
2266519	987325,208443
4815100	487509
4108798	863172
1196798	194157,758398,174575
1556835	308079
4799921	654480
3666701	350424
1750871	318078
4078684	89296
2066946	903191
4994254	745084,163861
956777	663962,828164
1791043	271316
1449515	819061
4852336	137410
4794351	233057
1757526	115660
4810620	159942
1563141	903887
3268071	868925
3329884	382284
1660550	804161
1475002	79045
332450	411468
865392	863417
1835215	319328
3801744	655606
1132015	11036
1091572	665908
1027368	324542
2700523	492016,487702
1943495	821760
1463908	798954
3936105	487909
988725	826701
4327070	146451
3058430	351251
2622687	693451
2847680	984291
3722265	180183
622920	659452
2706000	649116
2279036	71754
4198298	947255
95089	969406
3840006	968528
3556547	522241
489291	642602
1876168	626494
5050025	130166
1278791	971279
2852008	365349
695502	1011029
4026272	51512
4391998	622074
2279168	908678
3756897	402672
890396	454286
4662054	313181
1077381	661503
2168	31502
1582700	329522
2485172	198530
4492824	883969
3976406	108488,227085
258857	375733
3488299	422137
3753685	909930
2315637	347873
1172125	355000
3028415	434561
705085	934049
952142	722625,203040
3975742	13515
4508259	359884
4775390	984120
1457307	601619
2482317	282038
552935	252092
4921999	41182
1732703	875236
4858701	201040
3588609	446875
2414673	946946
5140937	394545
4667312	324968
217959	953883
4312236	884068
4347645	869081
5140357	541584
3914387	210938
3574826	197352
3103299	81407
448944	31979
3459820	224349
2478008	330479
4615685	170917
4082917	258659
1841269	581266
2452958	12703
1941086	769351
2689680	488302
3850423	864476
2510201	227453
3921934	707590
4521265	125859
3452744	795711
3274995	703818,662212
2506794	513410
1040664	610161
4830109	949099
1840190	47329
138652	10686
757181	51682
4040816	177327
1051107	462007
2522862	1016709
3790392	709661
2359699	344500
2051612	452165
1845247	829295,654009
25617	78246
2610392	543196
2459513	596373,54273
384158	239762
310737	330816
951428	387464
2024698	934796
582125	308083
954801	605536
3508454	790471
4923076	383638,63761
4879674	974562
2116980	497894
1787596	481657
1086156	580455
3557878	131671
4729010	42331
4502459	164740
4424300	807875
3198406	894443
1227700	824637
168114	575662
1320973	745833,926618
1095396	460222
2963034	139768
5100522	343853
3276090	652543
4505421	790434
2738146	961159
1265614	700030
620658	596507
4077515	932905
2612039	870010
3619936	244982
4983944	947967
1674337	153828
4263844	877959
2421248	407504
639522	140739
2680614	382188
3399229	471792
4281693	117270
4374001	337821
368790	631154
43253	574402,782012
5094960	763100
419683	502408
4977684	724881
3064004	35920
209392	635718
4633869	661072
3751052	168504
1062554	779215
675331	996461
120895	421392
650394	600309
4514629	996510
3988450	679207
2004737	548909
73485	430429
4601998	264716
730324	6143
4259829	275503
1005647	849726
3639321	700745
175840	375829
1643191	547567
4871308	710910
2508419	321438
1711579	379264
3647054	432666
2979875	394685
3768847	690971
3009201	946705
1546454	746298
1963691	758952
1282880	470559
1308553	937717
179675	550035
4321986	886147
3251639	109741
5082060	893768
4700932	738361
4201682	352884
2903366	760321
3350918	31029,82351
210189	733866
2671319	786641
2011348	492199
512634	174637
3500575	156210
3717410	631666
303270	660939
751709	313119
234352	523689
419838	873302
4173806	215087
2068115	768162
3859240	749066
105865	165915
1680266	247615
2129524	848207
1758501	631989
3347345	657510
2355354	439112
624078	285757
1042152	203766
1049580	24232
4788792	361089
2053694	428258
1036054	315572
4071421	928486
2331370	924960
1403546	578782
5151467	937629
895537	292597
4876800	807228,625458
3382399	519775
4428069	807932
788044	300101
4598030	710438
4315235	694916
3656599	631740
740947	567430
1428079	407204
3559102	92066
2903300	598191
2836145	307400
319132	358095
1361358	720554
2355608	615055
2510887	689512
4981410	225548
4674943	491082
4349771	76315
591978	34857
2874712	147194
268115	97012
1820817	16888
2283660	133897
4505689	592504
3379421	263296
1468567	375539
4658956	154939
1262079	33402
3758965	443410
2528556	190132
497719	886910
4057472	940819
2314661	156693
3794565	444337
1201865	991306
1109112	132215
2958656	354624
3182272	950525
2850806	446507,19653,984384
4690493	349630
4965540	809641
2021839	958007
3497631	737495
768783	452271
2549078	203692
2699463	717129
3875194	579526
126769	670974
3043812	169945
889284	889074
950081	259376
5021252	339815
3826350	430250
2119419	195559
3371487	254494
2139082	811245
3523297	463716
4997550	489233
2485352	192192
3512345	605312
181205	128620
855636	628837
4438446	630620
3224589	632766
1762418	265521
3514835	436840
3861948	362662
414411	252393
2613238	470916
4063028	702615,962447
193811	667367
2190113	914362
2667082	900185
371769	849176,480589
2277845	190135
3448471	174459
3611466	760135
4775219	629633
1514848	528131
2712263	246363
3120852	911703
845923	84353
436749	634975
3962971	643825
5122009	69649
458275	976596
2680470	630569
2846463	729066
2063019	349762
1605917	360141
2387610	962807
2138074	427206,461758
2842643	526147
3370482	810839
3339164	193269
4822771	6245
4035733	389200,368770
2213953	965116
4808632	567595
628184	908588
3488325	936077
1648831	865137
2882654	977634
3500403	651421
2840825	286717
211553	221572
1004488	961177
779460	690715
2046746	863587
82113	448793
61990	302609
1978262	264699
3376624	363714
280245	86747
2955752	810508
1122423	272991
1504485	885352
3748665	367764
260496	130658,51094
920880	388238
484412	463457
3420657	286088
4374232	224922
1883319	468888
2348460	498519
67431	527708
3329950	644236
3333397	401203
2902938	973410
1397159	668701
4494947	434502
1761093	333775
2185038	135828
2504202	397908
729678	353107
705081	178893
1193205	376198
708107	276357
4628878	943772
841248	108041
1786591	838538
4168507	656732
3235956	495972
2872156	979033
2563801	620769
2351240	393488
2278017	19924
3838542	649759
65727	659158
4230374	653825
1516354	388980
347571	797857
5145493	47420
4943944	104585
3916738	463543
3120937	645477
4597338	247645
2009309	762967
2709733	923963
1449793	970957
957217	321655
4063266	105282
480515	656215
324163	1001679
4509139	441775
3584667	946064
4195868	107658
2589566	666811
4205936	359711
4405864	328123
4975426	299017
185319	155910
4836419	102715
3727523	999244
2890839	1016930
2916533	565770
3841605	935164
4029983	534724
5118763	896499
3066248	629441
4080203	279347
4894844	58380
1983309	647971
1188591	517198
4293599	299302
3431789	545712
1303284	109164
1120964	112082
455805	858369
83451	183429
327870	659505
4597789	429989
1726913	504452
3648099	327588
4221042	353601
4515824	977247
4321890	160148
3797829	655892
3682666	974911
1951595	397404
3440365	1013976
4330306	328130
5111045	18234
4728509	546138
5083146	47871
4075355	528847
3949495	223313
1880862	9552
2077072	175748
3233811	97994
4362206	161151
3113591	400631
3370600	499578
831755	629866
1555694	844160
3086312	735675
3622950	817961
5084767	4523
4604814	593581
1739760	17572
2454835	936133
542781	653161
2440894	306574
1994613	464988
3583354	206360
2112441	458854
3271813	165381
3844581	405037
2127991	541515
1118738	975138
2883857	40442
3827391	334588
316320	732070
3354815	298472
2300482	1001332,40432
462405	958100
2364679	163696,50771,127338
2471647	234137
577398	135621
3246332	857453
2591965	779346
3550677	155426
3386072	914633
4731189	148619
2989636	340881
2797507	549828
1519995	660243
1117157	930837
4904585	979202
1552725	655719
4550052	330780
4390212	6636
1707879	148825
2168945	250992
3694267	436474
367382	839666
872910	136782
5147547	799973
1886615	160216
4106129	661304
2684269	565917
3979881	75972
2644922	870541
3232025	608867
2972638	189294
2916786	251977
426232	828627
458095	950350
3624288	200947
2284595	7916
73812	528333
2885781	370868
3403629	799612
1558044	463832
4145391	486392
3716622	660160
519501	286754
4145582	77349
3290953	308420
5065887	608899
4627529	113939
2735826	370987
1361534	304698
981696	870170
2487905	386358
4517583	429865
2870796	263556
3899581	984904,146290
2315105	996699
1418755	682314
5041577	329897
964891	991132
3013118	540925
1926339	334017
1666244	149350
4363827	844898
2061039	226112
4321072	803393
3221997	324627
4160161	183210
2053258	643943
4065910	136343
4552696	292177
3749017	602530
761113	860986
2480146	797080
4971091	957653
1961590	582099
794120	123783,481032,142020,5734
287167	914633
2882096	387073
1741804	45095
486171	688195
4008717	398910
4665981	587695
830457	601201
2786301	66963
5047902	195665
3066222	234508
764714	693545
2492143	581326
2504327	985905
3939092	67721
2903285	267635
4680704	693499
3942867	876652
3006594	237014
1604013	46538
2144682	147436
204289	49514
1132815	827495
927535	195385
2671601	511944
1674674	894060
3760164	171774
387201	961057
2787775	654332
3107871	348017
3918691	701932
4536434	91440
64308	748591
257841	185107
1138	592267
4015290	427369
5035163	964450
645176	110221
907834	417755
3445810	67638
3499332	395872
2870275	163453
2090772	388424
4172104	323291
1005654	482012
1084565	358770
1977654	823342
272082	846959,317267
3459006	899163
956418	234102
2295867	759229
4029727	343897,257088
2255515	905816
329935	763784
3565068	36143
1720588	454005
2541467	155038
1230131	672891
4560936	756035
1654133	616909
2653979	850720
2305186	912836
827923	300603
1191753	89655
1947459	211218
1127648	723667
4884199	928986
2498578	133223
1883850	591205
1691842	852416
5114954	782982
5001786	984214
5103352	701609
1647944	340826
4907977	253282
3400174	956510
3071837	44123
1763763	100567
1946982	16235
4252709	468966
4211249	210810
1903224	441476
188545	462756
3330905	808127
1526218	942486
2531802	850475
3406697	630465
640975	418314
2615889	363005
3806819	549137
4360325	487478
3407173	913750
294824	606244
680014	640033
2412730	777243
907841	650113
3730516	333990
2438804	82150
3532530	31538
1795649	7294
2039261	471562
333091	166994
62962	145672
3084376	303470
1714549	666611
3039367	854217
1125770	3991
4182808	991825
3513812	591500
3403584	212299
70897	830972
2942365	360002
660991	847102
3823579	970034
36792	124617
822559	704211
3633169	318290
3768069	154970
2706796	610478
203244	278745
2217663	860048
2445055	964133
4310256	956581
3402576	817855
1188151	851650
3745017	332741
3349493	449770
854642	704931
1196596	935143
3581239	654702
3155711	112965
1139645	149055
4189616	816278
3710576	194573
33658	801893
4203581	722886
4822485	209322
3157218	214408
5119870	625723
4156740	722774
5085207	309845
3611730	419272
2859421	613187
1957425	482933
2412972	245075
52259	677427
3349923	475992
3007009	498707
1871369	431460
4206995	947711
128495	678337
5828	276577
2831155	600270
3480314	810652
3868370	903949,946351
3883434	965517
699003	822861
643192	780311
4168154	625638
2809958	624236
2843949	746305
1679693	346680
1030588	908662
3439433	927
4584714	232240
4371354	358761
467046	1013305
3798378	218704
1375247	921119
2202157	519745
428072	990313
3500014	537826
3095424	579115
3818313	172821
429378	313526
1166287	828627
4718270	152721
639122	663403
4569085	167813
2127481	434467
3991043	800083
414756	995080
4141391	532117
2555169	579907
1305697	286927
5015206	931634
2706646	218757
2182985	106159
1852423	749727
2940282	135301
1252689	388967
4331798	71722
3617909	839255
4215395	399203
980149	827757
1014043	740322,1005308
4549197	759851
324299	707645
1913906	780665
4589308	19140
4870761	151859
4931008	373713
3802473	449103
1154789	531963,217609,402900
490583	459485
3274614	835951
4926493	660436
3503181	65789
2418699	67647
1151508	731502
3777100	205057
3454731	282615
782413	168359
3411853	358327
293346	779060
5009650	762557
59335	578116
2626768	381965
3311056	132397
4942114	269972
2009293	29645
3404619	844414
2947322	54987
297504	565101
1633923	482211,948451
407091	157980
970425	558315
4716797	436320
2112302	212143
4469987	2955
80335	761464
2245134	1001754
3006448	584366
2208317	176364
2426890	995803
365256	763107
2582963	971527
899313	604723
1569796	258320
2636297	595556
51412	298360
4120598	586398
4568080	172942
1186825	18429
1269878	1003108
5054597	545440
43675	238624
4787832	680539
1314691	259525
2723692	90385
38354	271367
1507738	552890
1276812	456347
5102373	7366
4061408	450354
3218384	302378
2483	279678
557848	503363
2746598	2070
2427235	265620
3148234	719043
3106522	239365
992766	539575
2133231	62382
1386654	428140,574597
4301775	349536
3732914	217811
1691886	441574
2599752	256636
1890623	938666
4155505	371997
2909669	381833
3184656	618865
2036985	493671
4271409	630327
84162	613205
3487713	431777
4745108	962729
828788	989630
2647811	273320
2810237	977232
3224479	931481
2603529	945709
4691410	428456
4912326	474909
3204279	615629
164833	50782
1609799	503653
3155674	685847
568143	875302
749805	344597
5046545	626914
3001157	27425
853131	629858
2103289	214638
3044802	175331
1091176	1009955
462096	629919
5114143	867503
1491510	255556
2959253	18223
2360808	38455
1849731	146348
3459028	558991
3650399	138646
3282365	591300
398003	425776
1970475	342950
141094	706969
2266306	503195
3726753	34324
2505067	668987
3034696	860138
935918	577306
4201561	417798
4207897	1007429
1546520	821322
3242677	1012495
1060013	384684
3481245	4714
4504273	518618
2730285	534982
2631766	959162
2343074	251487
861763	627717
928345	43367
782486	887781
555185	325284
2839690	260076
1177892	651177
4995608	529475
2495160	441908
2806478	213393
2412796	40051
2598205	815789
5115995	981447
3365370	589585
2306389	675975
3329480	38872
53601	680030
1547015	156828
709977	787533
3195913	372223
1728199	146293
206845	983978
4490022	984056
206199	644433
2992999	491783
182804	398709
237843	816189
863149	573186
4751943	552418
5103198	585030
574403	879828
1864347	586322
1634135	837666
3121251	299395
662120	439652
2268117	468375
4105571	427775
2524343	320569
1546744	767377
4353916	418815
2467217	343159
4895610	710411
2136388	244391
5075927	11899
336616	427026
616693	286742
3280459	45745
1241234	21604
1951551	298076
2551444	379004
1475358	382967,99
1271231	897817
5033158	309157
4045361	491051
786938	258087
4165339	445624
5057075	145936
1800547	235081
2248092	237966
1643393	133784
2857566	69778
3371906	272129
1970945	177526
346570	129570
74860	1000814
3393689	546914
312232	625981
3913155	1003960
434886	930954
2468078	522719
350711	670853
1205168	130001
4446784	879960
5102627	173652
2512397	442557
1163439	677277
2746150	421649
4959398	262072
3401726	130206
1359681	928238
2375224	659392
3211558	365105
1163512	752520
4313570	701596
2351064	384544
5035002	500486
1801951	966274
1934945	628648
2480494	341486
1450788	27943
654637	908281
1471882	82811
4900101	711953
1252124	77100
5157971	1011318
2696802	228166
3447672	785793
549223	431443
3599308	203834
2535248	452739
4030570	445130
2721544	432214
943342	149601
2314045	911163
4533729	950777
687905	955239
4219216	997874
2157637	298814
1812067	865464
4658280	821497
4734258	548498
1666581	329147
3365363	949017
1006710	760347
3080248	596917
1919137	934175
573336	153801
4610350	803558
1742984	544186
3169413	243450
2501889	325899
2438217	266497
3645434	293310
3762441	784491
2797422	784208
1890832	515067
3379609	186076
853876	394613
670851	850645
2828948	652855,887478
1568410	590220
4288384	233100
3874854	178300
2013074	649509
134098	200481
2496682	170379
983827	594644
1596787	153716
781519	926708
1284765	806402,201564
567216	939656
4054657	937319
3639394	177861
5099756	188421
1968425	605416
2941650	420698
389027	623297
4024263	592034
1123453	853988
1367844	497133
3793524	576653
1560007	144688
2397051	281746
3361129	814562
3543589	18563
1119881	560374
2371143	553559
488456	61833
4389474	908520
5056966	916290
3825533	534409
2886650	232902
3780669	514123
3307309	94932
760471	795984
624100	1000808
1141732	137265
3136505	807855
4781225	917333
3506577	621061
1583022	477157
391260	162440
5070496	128065,794786
2485895	215142
1620217	672129
3844053	844617
1984229	292479
348866	282467
1449269	810728
449127	16237
5120216	584273
3371788	483027
4947728	474044
2906299	197090
1142975	702793
162442	664098
4503852	304350
523498	194453
1395623	155757
3220545	221866
1504074	719728
349988	452233
1316040	913453
4386093	67376
3204000	462424,139087
107405	105789
1169462	273138
3950923	469166
2252208	103707
2254026	227274
1112178	352911
4193899	881734
4587881	381984
3372804	379835
3864954	400288
353332	682255
85592	812869
1914048	704079
1779728	747810
4068241	584817
3103219	576219
866111	695531
3003830	66971,317369
680256	47697
4386460	353772
2104613	400310
3409128	471047
4606966	641359,890084
3205298	945124
3154714	694154
2131794	79354
3277114	625669
2204577	816411,487942
3368575	295046
3819963	904770
1511232	499872
1136613	279014
1143514	69612
4502367	715121
3375616	628145
2941034	600836
63303	517662
4455393	109017
1146425	526343
1298555	560713
4523296	41866
1591401	405222
2977338	756905
929041	621441
4067284	616931
5057846	344507
2194311	764988
2118289	863280
816390	206379
2247990	516846
1155797	808329
2786532	808578
1688534	768129
3345901	545455
4312133	793614
3937043	405270
2510560	843203
3231369	41700
2180510	787325
2347915	290718
4204818	660721
3649650	661948
5107334	475325
2461394	200477
3682141	870080
895580	822492
4869525	196709
3918563	537705,467627
2761782	333084
5055741	9984
168172	288544
4059148	907648
340954	164402
1913414	688018
956568	31101
4288454	114184
2429325	214527
1328588	205833
2007460	186285
1396444	46083
650691	110934
2104165	989298
2403626	669435
2457207	666225
3713531	158646
4491401	523427
2426865	618512
1892478	728462,391498
4142929	951657
1993344	919581
1547327	747080
2022076	718302
2510865	444555
670451	729218
3668794	830706
4369267	396988
1625489	314285,792766
1164094	351602
5129932	398181
4555299	249644
4191622	26126
4144288	646538
2353954	343959
1911559	702282
1808305	217018
1462172	783794
2153680	372439
3577605	736498
299403	795312
3413143	925761
1209700	776711
2033876	123108
965393	148022
1297763	531152
3486422	708101
2924387	343416
4297119	324481
3213945	154406
1506117	611226
2228157	499583
4550306	680273
3498005	1008949
194371	380100
2620414	690699
4105058	888726
2474929	338746
1270054	209397
3729741	104266
2647206	358143
3755753	550001
766628	517265
2133121	845538
2025178	917643
1618218	178277
214879	397793
4079711	30228
646540	302807
4843349	844514
65385	371389
4878556	529949
772498	471228
4245253	53291
1976136	614217
4584538	352896
673609	854133
3475118	653313
4271904	212874
4950243	956581
3168717	386091
5052522	333216
4952366	267575
1986960	649311
2847398	89417,104578
3910912	640944
5020215	559129
4453465	1006587
2790724	856773
3748191	441558
1956288	276731
371178	622389
3946052	176291
1413637	384858
3242806	118930
3394217	564102
5026330	972690
1022389	56660
4215869	858076
679434	898047
3346160	446521
4014543	804277
4324552	465749
1082824	267852
2055047	417918
103427	987473
1966184	166506
686034	342611
1789635	184354
3636131	993069
4246247	63620
3767567	348706
1482879	508661
906282	573527
2330498	620711
1064185	815195
2708358	864199
1477194	786834
4225181	534230
1721406	524100
4655182	732932
2386125	496382
3523697	888447
1603838	257812
2061699	535795
3222811	270728
4968367	139558
1688567	830575
5050090	885808
3349879	190478
376751	483121
2473391	915997
4983878	735625
807073	70218
2003163	109309
3091453	617489
2940055	969997
2929432	1014590
1692623	215863
1074360	633341
3030399	711447
1192336	70037
4234921	674936
85956	326148
4519765	249382
1087146	408833
4024836	312600
3058889	125487
1277930	720238
3915414	396663
638378	223374
3440530	181584
4544013	374268
2127694	870654
4898965	1006742
2950557	766274
4268151	268584
942804	50133
4240924	997992
2284551	28128
2521928	81860
3917896	566196
3610182	116738
3233653	782486,238544
2660380	280879
357442	798893
1934776	980890
409868	225627
1931803	793833
244315	327036
1795564	121974
1960252	998891
946473	352102
2992687	296212
3538121	639936
4735938	612717
5026569	20134
2584433	110189
4890271	962930
4299157	232760
5161341	273632
3965204	842466
4312878	740503
4345247	249776
587591	721860
5114473	613909
2824768	918397
2061475	462100
1193380	941248,684219
322455	391343
5099668	126032
4634635	70420
500578	56808
789328	465861
1157605	739097
892200	172236
1571601	427003
4300518	72282
4070710	318696
2408920	718052
3930749	229750
3998985	331207
3550989	350205
4076594	450987,671917
3028022	331872
3251198	374496
511831	472785
2576212	268909
4616642	966117
3900083	566694
4690471	582310
4314490	770627
4678484	280176
1012614	570802
3936123	121078
3435664	851054
438512	541208
2308909	418640
3978998	230081
4886942	762400
3462233	699634
3246255	488437
4786941	774543
2038114	925896
3368355	415418,800273
3040662	310860
214846	643
1317210	510510
899764	340661
983771	502014
2923496	881921
5103059	80621
1639543	877627
2252398	797102
1165675	991869
1046428	578145
3850265	971095
3806370	453050
1940551	957998
2677885	852728
2130078	336983
4385368	731763
1256502	52699
3497066	697652
1103367	101972
1364078	88478
2049507	292607
327371	223019
1683522	812998
1124197	425119
966192	871649
3196459	561328
4626061	36379
4740914	34500
214747	963762
4722844	1001065
1867357	218048
1588610	754141
2397660	779439,173320
5047054	390762
2366956	453796
5046497	22463
2319017	654037
181850	887794
1101570	349072
3424763	631887
4848915	140206
3701824	34857
3228185	172815
1329868	302906
2471607	555862
5142205	818321
649495	889059
1073925	1004699
4492978	409973
1053479	313517
5004176	653668
4541715	356550
3901789	726903
1165099	4871
491328	961128
3482286	91164
484331	819292
4811492	949324
3840589	560812
2471481	187335
2252509	355129
1185853	19156
3862864	714488
174960	283820
1344014	343939
1382926	724561
4663426	811291
2352605	644491
860487	255483,335975
3249805	266312
1276397	342559
3473387	923728
1104173	109548
4142426	38632
53766	537528
1537324	138586
810653	1015614
2156416	331801
3198750	68338
1500449	461966
3989752	360086
3131162	456999
3078414	546448
2052558	50872
44526	686752
585854	386331
4708590	259379
1094627	683547
3679842	49464
3662392	30517
5149761	316677
702776	858807
4291755	147507
1900995	50915
743241	307521
3700287	474498
532809	171054
2307618	216992
829792	649418
1101691	903803
911842	212809
1407498	960697
4428638	804474
411137	442013
1860527	563230
86065	828367
1848228	244488
617225	361646
651308	13627
3789325	280214
122259	1012272
192054	271808
1803377	688082,263372
3696096	981641
4966024	439774
1941259	777763
621417	971419
2939864	410257
5043579	794661
4519486	692945
3670218	762363
3915748	440937
2086632	944823
3744290	871369
301980	364500
2637430	447972
2322820	899540
2555712	580628
3507	840399
4920730	477131
3130789	232036
967007	462531
3614960	570476
4156285	646768
1732886	330369
263437	756377
94095	1007247,214385
1926504	980349
4730717	81592
1471673	137365
411728	875232
2087574	121759
2140484	324361
2266375	286064
248740	73043
4230668	616203
4707638	19672
1712374	784136
3504483	846694
2970009	295098
4150694	311972
2940154	315905
379938	15781
2401345	139752
637058	635349
531309	114748
1983590	732879
3566348	921486
3645229	682120
4932717	980964,1001173
4182374	340462
2998861	722627
4666384	529526
131095	205969
3538455	40648
4965009	726215
4542239	358323
1927923	741019
3784551	384090
2108118	629308
3091633	23989
4915446	537524
1420343	467024
1292894	633338
4279184	117417
4098301	102381
236820	1005224
2577176	457834
3040970	357440
788877	602871
1729585	375444
3873626	760458,186848
2058927	510895
4242283	493423
1386449	988892
1953791	381956
1670645	915397
2530632	166993
1549402	806540
1909534	997143
2257531	770464
3445135	31796
4552818	471317
976151	120533
3748720	281050
255186	325313
468869	728987
4133512	567213
2106622	363611
4769252	457511
3971500	760982
849013	357175
1994664	699856
2856572	144145
1674582	491660
1504041	38238
1099679	727380
1924902	351025
2266760	292802
236875	14358
117653	653536
1014627	238669
2091843	96253
4551028	617611
1689047	222328
3244484	668608
4324428	698496
3932431	687129
2325595	1016541,469475
4597044	411233
2902853	114099
1624701	875420
2639245	42854
289686	576475
1082769	702091
1611273	769374
2157985	842693
5155573	524789,619736
3341985	394463
3589370	625121
4472958	465973
4765252	492033
3863520	186718
1981835	857480
3869801	484856
1054061	514866
3130334	932047
4099885	619007
2643161	325308
1073228	271983
4886106	322805
261831	394936
242397	422812
2711310	593329
2321430	264420
3624556	515535
2972719	250245
138964	3987
1931733	309014
2017023	522763
284641	376015
5053167	946658
4723258	265648
1838988	562717
3912767	525239,145746
3100663	456191
364581	931976
820829	453621
678323	843670
4453274	908759
207208	585947
2474309	354267
2154935	176347
3237415	335068
4701012	652630
1776215	351405
3880035	505438
4996674	635192
3355412	154533
1033774	241942
3435804	772879
2176692	283046
2471753	799326
3666338	253113
912216	662710
657438	55362
4397442	956412
2780662	147796
758931	337508
4623866	441002
3122784	1003021
2647309	472782
4696408	955632
3520504	444931,266726
1334671	556605
4936317	536458
2706628	307773
566879	375883
1325189	604738
307898	704922
3785181	1007595
1261489	88979
1792048	869723
454408	720030
2153068	916307
4431355	865658
3560272	308827
3625014	581763
187092	896093
1383350	361438,478190
745115	931946
3702061	511839
4904710	190159
2618781	649358
4304932	245056
2098266	707986
2391879	136608
746002	695959
295289	299324
2784482	324076
4633458	524030
1708135	667184
2425538	897398
584567	964971
4172030	576499
2412183	1016409
698479	165421
4275658	292868
112722	129510
1323657	428583
1945332	353372
348044	237397
2109492	837466
2034495	483713
4798010	925089
3339894	19749
116546	1014979
3360355	494008
3991256	356224
649019	579955
465433	954001
502639	47109
4465062	726245
5079303	906935
1098308	598580
4885350	885715
4883169	942618
5117641	385874
4148288	446652
669314	310241
431498	798465
4495089	777498
119691	948989
927979	335684
3173847	850332
2905852	546451
180659	985326
149090	932200
2092862	269180
4406740	809293
2654723	364312
382141	554082
1217613	756466
2147704	776663
261996	380979
1705972	430425
4099753	228196,466431
4479997	967658
2942949	36309
154610	115869
4335541	796714
2409936	832916
572368	540901
2651852	330195
2277364	487956
4994892	285643
2958252	903554
3053305	442824
1607566	273618
1635161	790507
2935020	502890
1929107	424032
562031	869613
5017329	242117
4523164	304902
45262	196894
656693	899530
195424	635601
4381566	911299
4806337	786357
3885850	636546
3458283	968080
3051736	820232
1362315	536808
5015819	276912
1530204	48833
436925	999224
4200487	332200
543841	862271
2454552	585429
74402	34742
2537734	204299,439704
3912352	34970
1919944	320329
4272523	470978
2902651	611189
3996792	32531
3692526	764269
3814173	267955
4305180	738170
1714509	303687
3638159	310954
432862	781817
736762	461699
3913962	386703
3887441	884746
408834	455279
2642010	691050
1238542	611759
1112109	771439
3122135	880835,690384,172091
1070320	917587
936984	936062
3006495	873626
2635036	788902
4249480	355996
2961645	936132
4896358	729699
4928466	827845
46810	636680
5163006	164870
3602512	760251
3530466	856927
3310503	667345
4845127	669041
900152	201802
2326413	540221
2813757	948197
4192263	453444
192355	986437
220221	311163
137637	165668
4404449	385258
4769326	31113
998009	248862
74927	724169
3590424	794615
215160	886475
2329162	890349
4111196	791944
2823088	222433
1567864	794634
3636083	598965
4614886	910495
4203871	87315
2554612	546290
2031896	1008024
2490237	996297
2066450	170741
129573	179105
775141	873287
2146130	96113
180945	607801
4525122	173422
463435	393237
40757	696174
1321208	648002
2443509	667112
1143682	564127
4842898	202671
3146713	859840
933655	525823
3250586	1015075
4814895	680748
1039413	1001802
2087079	621701
1314390	318941
2673496	864619
5053523	540603
788088	932681
2076413	314630
1330569	32925
1950374	370195
2710416	975106
1695512	33785
4824090	701989
2958197	84461
1769307	534399
4817818	206389
4971888	21838
297126	265880
2158843	554263
1612182	476259
3599836	53689
3371656	364114
2787911	992396
1658892	335739
2861949	524034
4714799	101066
4364141	411195
2811931	367055
1010564	866865
2509834	754693
4022368	1010109
276714	747637
4689224	543470
1533555	628947
4866573	311919,318317
1160964	740126
766411	784665
2369492	112772
3916125	149022
2411391	766567
289455	883951
3673536	997260
907584	136797
2978180	354167
70574	842751
2307504	882006
4659524	806989
303755	637802
3377603	897965
4080933	143637
2908664	1007630
3627595	958734
4863828	568766
4847929	155746
258372	534889
1029803	556562
525856	579003
1804217	395485
2819281	805999
3912437	487093
4800889	786113
1894319	775104
1753258	677915
396409	986202
42164	881800
387465	796096
1759319	512759
510416	494799
1204358	594108
1836685	200967
3777397	780061
4705793	118581
1798769	646646
1648123	322747
1755256	327523
345867	68061
3452795	516580
4397424	506954
4045237	134689
2398823	960806
1151162	698079
3553159	515872
1997645	85062
3379153	752054
3575728	186384
3155906	872546
16259	278048
2972513	786247
4912366	703659
3387907	254779
33911	906739
3108803	743605
3579977	133152
1063144	149801
2642807	337500
4824487	945367
255894	509037
4748275	852214
2356890	597737
2352876	314885
2514553	748394
4780220	416964
423820	660198
1069117	338488
4984251	664189
1545949	130383
1806475	153583
791275	91503
3151054	487000
3652676	604351
44508	592094
800151	406909
4360347	115750
390153	958783
1333616	30641
1435390	981903
4616044	639986
1706409	129288
1194873	23447
903467	120110
1219211	966013
5089849	404901
4445002	135577
2028522	769678
3305262	205861
1175124	197343
1821968	637816
245451	675166
2967742	730040
2049749	125162
3005953	628150
3846404	248920
206562	273287
2652783	617819
3090694	104825
1068358	99553
3962209	104180
4722547	469804
2383214	393549
213409	664280
89200	811262
1602279	882778
1788906	966864
2370982	815383
2346590	345454
3918101	24040
3225616	679608
3894988	1005050
3337290	180339
2090325	1011577
5015220	310608
4458903	290180
3078777	52120
4664728	438520
1708975	52882
1802204	12079
3969031	747870
2109401	972900
3449517	49880
3781387	327726
4096721	124152
4419276	200640
769072	746267
2918960	132389
3181620	540239
406513	682773
478714	329989
3883591	460831
2320918	512902
3647193	136894
4942080	388444
2565270	239043,783505
600209	802847
60692	922152
2653829	798143
2314540	528283
919453	60316
2775202	171809
4719914	921578
529045	65496
961148	399721
4158272	92015
4173857	198371
198522	229507
2027792	637852,537421
153433	65321
1361934	614235
3616144	863753
2212817	657876
4089053	953443
4846094	747001
1616843	701109
2599129	311469
3739117	263703
45600	581993
1781972	741165
1109714	589083
209323	491605
4840434	819840
848540	84249
2149115	425854
1377634	246862
376153	540292
1483685	569202
4460391	464790
508457	596713
763690	823263
3379931	341087,86569
3693109	47105
4660805	159671
3264611	694065
2611519	39008
4295366	51167
4478	725499
3648950	7054
158951	538980
4584875	663246
4253188	722994
3185099	236131
1672584	903287
1526867	588845
1717573	909084,438072
1164931	169471,845026,133182
651773	490151
4861844	759070
2942644	565077
3578239	444348
1525594	503067
3529299	399802
1524836	235474
2366280	476348
4823934	129416
1569965	989705
1200725	174248,146780
2669286	595824
1775522	349109
4353082	54949
3272751	955044
2409550	34963
1015620	658080
296723	724592
91452	715798
1278322	879150
4652569	402893
1672885	203946
4405219	438441
1884224	265411
3016179	637570
841219	1016296
1637031	328907
3497525	48459
1958543	871653,874990
4684292	156583
3307132	874162
1235235	273608
2885080	121671
3627243	350323
2424232	659011
1827430	116558
4817432	316182,337958
3970495	396818
2270280	336119
2424683	800810
2296219	67852
5092508	791724
430750	1012423
4267590	765804
4776560	366920
3307334	457960
90671	955116
3572273	245809
1301631	226331
1572264	978283
4275188	944610
2248405	393535
2674482	466904
1910309	602487
837229	728925
1876212	737227
766125	175319
72921	570189
2662030	666389
578810	925999
1078148	861187
3535005	560197
2467451	1008568
4217643	590157
1430735	315393
1540988	677122
4267602	373595
2782419	410162
698592	533385
3234573	529997
1808873	249243,70748
2026498	815522
4443059	454247
1412690	940729
4650996	424329
2470521	696668
3717164	365767
1430427	659400
1979164	976078
3879004	339417
1169459	220703
36624	797699
4104109	178236
3890287	280549
3550684	316884
5146047	978360
625475	176969
3037417	208252
4511196	840990
4485897	286374
957220	447485
731336	449175
4834743	142823
2808861	301126
1811268	108855
3685995	973954
3316886	184169
1290306	17992
4974832	897951
573820	455198
373190	752355
2884597	357738
4582150	192397
4638914	729382
3800978	394816
383069	886001
3853697	684830
1378389	695067
3624431	686187
2153255	364925
72107	784553
367690	368219
1014296	669501,674465
493751	809836
1615329	790220
524231	26813
5111041	95118
830516	334618
1998341	128436
1541365	55562
1068211	845680
714924	180187
189241	174124
4726143	927195
3967228	519521
4750931	258846
1731445	132563
1235851	943059
4613508	694230
4935848	140316
2595107	654872
3104344	841963
5065454	58626
962020	939520
4022430	268616
2868889	717346
3183581	744976
2333424	540237
758304	318062
2912085	444442
2650118	919723
4483598	123579,694836
3169541	227940
4157103	772325
1375489	838731
2663787	228785
3856186	89304
2614631	67538
2697795	51989
1757276	270897
169111	85534
2563030	1003595,532930
947151	903003
2881668	537075
3355870	865230
2178717	371184
635559	579053
1282381	846209
61099	97856
3821357	203778
3948946	219143
1076513	600389
3890162	805276
3613303	884368
1412214	183957
3869056	557724
3749068	864667
4511563	352415
4090910	703462
1402604	679210,942709
1208659	851477,12787
1382074	993659,679763
50796	1000310
4176379	71109
1299828	888015
550632	841281
4130814	818108
817146	403483
373987	447949
2847893	186257
4637069	48604
2531901	719889
3844824	717783
4168569	663404
2080315	179620
4162552	894790
559897	762917
2563250	295830
3763846	782591
2332261	772542,17640
2669558	199250
2032347	598345
3945440	540364
4764578	901271
947148	761628
2305799	585473
5120201	504430
3718176	205775
763423	787293
2332195	72136
1410597	646940
4939114	294569
4674518	254430
4605888	675704
1189068	744471
432334	113201
2874639	593698
4147001	611482
2936993	502123
4137552	324340
25400	721144
2151206	602705
205536	244139
4495728	336759
4828362	100709
1030698	905063
4850910	237415
3486529	13172
647303	93733
4621431	286523
5089159	702508
736663	923736
703939	347360
1217495	777516
1536011	172339
589520	488906
2688463	632807
1149688	46799
3695235	445310
126589	415683
899573	201082
4126615	361087
3367369	134767
229185	221969
2606252	483724
354503	587537,881206
2617419	935092
1546792	363311
791353	613630
776411	890834
3758030	62568
1749371	964450
1903801	846247
1895885	288446
2310233	543904
3163144	992832
2786294	543078
3916427	1015742
4776239	205890
1862258	825915
904975	17868
1279973	879030
2083818	996567
4221238	339091
1444258	488865,407432
3438088	579743
276142	442107
3327263	390373
5033236	574879
513698	583076
2488819	908127
4148719	604564
2213121	347456
1212958	264955
4712343	269384
2936635	142538
4676652	690848
2529129	726352
4024048	887769
1252349	956831
3723883	184230
1214295	135696
1702747	624418
2409049	892874
1640083	608161
4286868	669133
4622370	396474
1500938	533999
1861316	710806
4981305	636771
5121988	570308
3997963	300741,155782
855079	668827
27971	556414
4402422	42764
2015561	733007
335593	567498
1767009	307655
1304646	141870
2686880	553547
3279065	647117
1158214	47918
2783905	857968
3680232	685969
5157264	621600
4515520	664931
2090351	338873
2763118	937055
3079445	741934
4230463	579450
2900353	7763
2577764	38304,621747
3184730	97251
4782890	328189
3450318	969946
2747482	465047
1187173	78628
4692607	275306
2819037	34858
4132963	68356
4334989	879345
684080	265770
1694318	582027
3025776	272931
2153964	773232
3052239	36258
2055231	975245
1704833	86253
110365	953872
578895	657499
4235417	915937
2005753	277726
1144468	50628
898452	411342,1288
3482669	115338
1639203	556391
3175152	925328
762610	854221
282006	182939
1364589	871240
4036463	211919
2407018	406803
3571479	944978
2825454	199293
143893	689857
3304941	691911
3237034	701926
40552	865906
4665351	788876
1511732	913164
356493	467847
3689882	904165
3643408	1015187,302692
3427154	462732
274081	772520
5071201	982762
4859138	684455
4762096	265144
3524596	901063
3705458	322681
2557759	909365
1990016	399998
325121	711093
5112065	820348
2690511	214167
397704	1194
1499830	349890
3041804	643111
1536658	626524
4363721	567407
2432281	626523
1039898	273606
5134278	334387
4850191	651301
2477664	189919
2856805	944864
1914991	720200
2992020	177168
3105379	590115
3354283	871706
115678	729158
3613472	732805
1883309	944220
1212154	43599
1639133	335519,262840,846909
2667139	3106,547229,315432
1492673	989308
410034	908525
2643625	418891
1376373	636948
2545912	566556
1062643	342621
832834	460728
317102	772496
678287	862838
71451	166295
242471	700707
4143024	832640
4637129	524625
5045640	573090
3374605	85906
234173	680101
1153176	577224
2934284	485329
1010385	955994
3074011	659504
4210652	639523
3230031	353058
2651068	9831
4815277	148508,164937
2573720	669998
1050734	684188
2197003	93191
3500305	741472
1098495	868962
176567	89892
2790729	690327
1013869	785536
548670	584530
325763	415117
4329880	765777
163378	387374
3137929	191083
180380	678376
2895345	348650
4507916	673907
1003282	199045
3362769	190683
823645	314767
3846276	412105
3732816	554982
3128570	259502
655352	681427
4578378	160708
3998957	183835,264624
1103269	995254
1580134	458442
2792352	595683
2325097	841532
3754742	56041
2642983	663193
5056684	533996
672564	442563
4395261	794325
1885677	793729
881058	582651
4316523	439336
3889172	984295
3245802	803500
3964684	946003
640022	100397
2948199	857440
386858	725962
3230974	413085
1128103	142620
4700155	325426
916455	710783
5004254	1008077
4836904	868103
1368956	591666
4741596	248689
1925889	435372
418452	215989
2006497	924738
1714256	533828
272348	164530
121226	476918
4672586	484060
630218	564689
3032611	378914
1723324	160315
53150	315395
4108780	136827
1791554	198948
1518621	170289
4879925	684880
3308956	147785
3268674	22279
358848	223216
140359	55818
3156555	497277
1212015	978306
4009322	311191
746061	864272
191098	344907
2004561	511461
1683853	39921
1510922	306139
2336255	578910
4591876	541764
3853335	545829
976721	127752
674508	480025
2024035	434930
5059191	576457
3806023	533988
4082554	274636
2861942	393998
3676943	406810
1879568	852156
4861889	166402
759405	457411
5029103	862882
1943555	323320
3782202	941398
4004350	563131
2064761	726512
4734813	583283
4158057	198103
4918912	466375
2815910	712066
1684032	408462
35194	724396
4154592	284040
1120910	89276
5026636	753403
4664336	567318,394440
4703994	970419
757560	845265
335432	340319
3521359	404501
1435777	110588
2901145	396030
5035531	714785
2228154	221983
4888996	412117
5024278	726020
2580595	219095
89267	109474
1205026	760472
4748269	51133
1328262	719812
704511	816236
1438619	50528
2220235	605196
4173465	584527
2238209	951908
4772709	112740
3444733	460500
1394443	748820
3921230	172485
1570087	968076
2187282	650767
1090958	706148
2083142	441564
4496708	777743
1705551	679760
1260948	263235
4088387	392674
2088811	986943
3896565	726587
1495702	498996
736477	42012
4383840	444433
4863887	224675
1424865	888363
401234	141048
4636560	310950
883438	1003668
3881880	813810
2259167	944380
1337073	726465
323923	232254
84428	156148
4139342	221067
4782605	643528
3812473	175553
971184	704537
3900510	172054
3857441	106222
1017696	977204
2424978	639150
3801796	672790
677866	665580
180850	753649
3804627	24156
4626327	482227
1358913	879178
2446905	109698
823957	400803
2454733	609583
3890783	113191
5100893	504753
2981761	126624
468297	96155
4230049	206030
2424996	600286
551803	621830
1080797	603175
995850	269845
1424814	937325
3312160	656949
909804	872619
4014207	209214
4139834	974245
223470	646859
3632741	500554
1787821	82496
2864736	538302
4744265	893914
691495	401813
4375513	286914
3729717	634999
1009802	570846
1159516	857823
3060863	796833
4578727	932023
968287	982026
1131455	355255,453902
3724745	475144
1628430	825367
5128613	992517
4534231	377525
4268086	237190
2136525	793113
1643956	128110
4736400	542869
4554006	44168
2309077	352380
1291315	70560
4368285	535724
2510682	658555
2344175	212108
4651228	58531
603670	965806
896160	503774
2243195	16137
3846599	555430
2477022	145874
3130881	98139
3548268	105257
4203362	398750
695114	562012
2525161	516775
4390624	753927
1481471	925757
4997371	956007
3858178	207479
3528039	528487
5098367	752393
3734869	647827
1395521	602031
3766875	566953
4009106	679046
615217	814412
4162579	958126
3764110	944443
4037585	605495
4350282	971264
4015794	672962
1563032	426133
239402	671344
1763243	279835
4227290	76257
4287557	349698
3773358	311607
3924233	446951
315782	220412
613071	424900
5110980	39303
444376	358111
2312657	895911
2207243	123832
139140	232021
746128	570254
3427727	240803
1762392	723543
1398861	580825
4996143	219844
1994041	641442
2107561	173290
2221045	801596
1796665	863210
955773	738088
1757626	817748
2520513	247612
1747425	386821
1738162	726227
3477139	484452
4756886	723821
2315858	1005419
2447124	551897
511531	709243
139261	627405
4124236	910845
4550307	373443
5039609	209456
521435	748788
1567483	83401
3528824	141618
2272250	960618
1317068	164062
33879	641665
1680854	612191
1548178	184608
4636638	809541
3997640	413655
3306004	533390
2820475	295586
4280194	284365
1910915	227282
3402111	502897
1631643	39003
2990198	46974
3269792	921439
1054969	572138
1571914	157807
2111074	168377
407610	696398
1470284	206580
1684542	698893
4125754	407134
1343957	213736
3324628	20824
435051	846732
926825	788541
3365940	578063
4342326	243308
1514728	96703
2202518	222823
755119	774119
2986883	1011341
3045341	910154
2767774	962524
405139	832372
3758188	389528
2000855	614297
5158324	569119,36273
4298054	38108
3623787	766773
894045	410744
4553331	31587
981183	917817
3066939	22570
4475275	946969
675013	299104
5021073	532432
4441142	683979
2793845	26009
244804	66118
1996270	222739,605269
4483544	904511
3738520	914278
3787955	844002
2704564	25636
1470824	267936
4532163	686009
1535723	166417
4839491	39647
3980499	992146
1156454	478732
4893286	815320
340834	634995
4683065	647859
3518450	480889
4018096	491239
3640166	786049
4940726	317363
2769020	180225
4171261	86238
2488088	880933
4352699	938893
2157939	1009083
4190680	695882,467822
1439953	144906
3272907	410162
958266	788331
4304959	653347
4486433	65920
3059542	822104,201317
1551020	536288
2033770	674314
4779825	931295
2922636	173940
2173823	478423
3440065	537405
717748	1007725
2510925	716610
2435622	368473
1957859	700935
2971887	617541
4325268	973832
4678401	521084
74876	502533
1459665	387802
3607903	913606
2787831	792916
3567474	425681
4920173	632594
2411628	664359
3418196	508445
3408715	838582
3579204	946844
182782	845064
4880369	740717
1039234	880624
5006205	201515
3243370	133502
1678907	657854
2782607	967526
4513717	116313
2351681	925784
3695283	978380
3149492	599949
751191	601583
2623326	550205
517496	495147
2693518	71174
3768899	91455
3737093	393206
1941238	1015862
4160838	253978
4291385	859108
5016141	617760
5124749	634642
1287116	636730
1973530	891538,208112
4831363	159320
1987474	590925
1525438	863646
744144	281720
2545581	223813
4540160	228686
1087008	334965
5097245	484033
4421250	854255
664262	415249
100670	919460
628053	216757
1636552	280908
4028338	556511
2592820	378372
4013529	688153
3131835	656990
1174502	933976
2156864	434776
257772	1009575
3473913	824264
1464568	555575
333346	456933
4458456	225340
3932865	488960
4712130	390145
79679	856420
3293472	124175
3750133	656957
991571	296177
4981099	96235
1209594	721209
1293511	453512
4915979	489409
4907963	557574
1556520	916017
4587772	978751
586940	423969
2154381	1017242
3370447	605881
89245	985050
5120327	378898
2822400	592532
2818539	199738
72463	312952
3972894	970549
5088078	913594
397117	522772
5082982	250900
2469175	255018
3002735	680318
4179827	290058
1991842	390571
3991727	25622
4182126	651248
2702371	938204
503509	145835
2143473	378232
869247	85239
4031459	548884
890416	212669
3294529	740533
4475855	737146
4103912	349932
4790536	921787
3106691	4572
1517532	880150
3059414	564158
3026546	897129
4886440	72755
1375879	563910
3330337	115051,700837
2045786	893466
4591890	852097
3049033	443637
4987167	722456
2821267	175156
243678	114610
3674882	130927
866790	189583
1378698	222578
2888286	359083
4660824	359068
914523	45497
68620	70841
1279470	346861
4856304	51746
4243986	54211
1397707	279804
3070037	987500
4211374	415393
823025	143639
1355231	740868
4244679	200781
4325217	213774
3774953	828374
2073716	812780
3773578	608008
5038442	541939
3549951	622804
2254573	393301
2329787	680573
4267089	304182
3301630	948017
1900509	390509
3162378	524245
4301244	172864
1523553	942166
2643434	286619
697817	745184
637422	189299
4935522	29610
3804795	717386
2741631	607089
643667	489121
1353747	777513
5040816	484488
3175747	863281
646479	862457
5086810	314270
777063	615864
866909	80450
4816270	564271
4700434	780446
134150	1017871
2662754	733669
4853628	612866
1433951	548130
4147842	25358
2834504	295246
1005905	52287
1889413	306899
3778205	862270
2784498	600301
3787441	852628
553089	260728
4969365	52491
1141036	846055
4814801	496621
2197465	303025
574668	145532
3562114	260206
4548645	528695
2113854	498450
2078739	679210
3938456	352121
95909	617470
2815606	594656
4041131	681049,781141
4522344	590441
934466	264206
2812229	137360
3465956	458213
4992668	607297
3430617	304665
5022629	379212
1935631	577710
4894838	312731
2107620	1012528
2400440	938888
603050	105182
639846	353653
2500063	936173
3754236	460448
3941526	55800
1396382	404315
4386113	789280
3478642	429969
257475	440905
2865890	14580
5129717	831590
1324967	1002930
1612440	884607
3582105	227304
202505	695130
1795118	224419
3896763	512915,673414
1305548	294844
2493493	806068,927583
1055441	216249
4442404	380309,702447
1544060	81807
110813	402048
3548228	958291
3821956	792053
478043	678143,624862
2432612	16621
4613824	525599
2839141	929180
1313163	536406
2221526	286760
3267516	744929
709897	924343
183295	331070
1682250	329468
4184649	387654
337335	289379
993779	208677
1357981	670768
3609901	263158
475628	888618
4344771	221938
3671890	46672
3454071	199309
1613049	910626
2937500	858927
1813380	84905
923866	235901
4524148	583851,983360
1852343	682931
3396557	1000168
3165557	787253
418962	529624
5134469	392080
1830824	227787
3577305	330564
2574640	718950
4843445	571155
296548	243740
3818831	942647
2462037	390182
2019701	952954
1357211	12820
2296377	255010
3881235	263074
3846834	41365
31561	153566
3092217	411888
1406953	176774
1833812	340576
2455305	11641
2543947	614838
3524938	397556
410272	576610
3231843	738138
1644436	615618
4203447	583327
1528639	434795
1957709	359757
2506094	706886
4416171	402741
98115	661289
1021462	367659
637374	781411
3854406	148744
4239860	26318
1989476	262943
2937067	479922
1248649	337283,727838,613237
602556	1000278
5054543	218488
3778535	67188
2131425	991036
448662	413248
317649	590305
237529	724796
329819	574628
1997297	582779
1190401	488942
2196163	858945
3977716	691662
3003680	635006
4193643	830153
4635868	552188
590057	3455
407713	38743
266305	55814
3360143	65410
541587	242255
2479772	162265
965967	572560
4880093	497231
1770218	1002299
2867610	680871
1345009	13260
4527455	905897
4462882	55014
4636513	124663
4955418	579524
3906181	807833
2264536	966939
2564245	362553
2039123	569110
699026	942609
306153	450567
363376	1016383
4408134	60921
2672364	542604
681092	865829
4726962	995467
2999092	295560
3586024	630813
72977	152705
1679492	550943
1005024	629124
10108	982573
2093545	119614
3359211	212138
2826510	801127
390697	503064
3079591	707652
1025008	700780
64671	532920
2240071	26383
351771	779191
16968	389019
4395540	670332
1206335	604106
4064943	494651
788629	486150
1447903	829633
4786685	348770
4083225	714705
3600434	742828
1351943	156784
3409158	613495
3470341	60614
2057471	904189
2233196	474700
1970858	541712
286813	323478
3183557	549229
583002	334616
2353009	516675
4073754	364369
4485645	370614
4248770	960091
1319107	911851
986313	609787
3121395	699044
2274410	917305
3039566	141112
2404660	478350
2478632	937905
93606	883687
1711929	809117
1253724	85311
2238487	257848
2629904	77351
568126	89440
3184635	469193,842362
3949405	771551
2771074	78081
3650103	674349
2188144	485508
706061	637565,190215
1911691	74110
166308	740454
1597903	359280
870971	208022
147783	671116
2391245	164325
2287481	507487
3699144	729623
1238026	115488
571096	62226
3022025	187238
1512748	430536
4596147	343385
2330400	513915
4631174	750826
460918	346016
530884	768974
12157	792566
2886152	224253
2115658	127399
1945593	393582,804168
1118467	97949
2454319	361340
5097564	732748
1495449	602983
1081042	643580
3541746	498974,712325
331391	724553
4284073	687082
3446108	205706
2563112	441222
37013	114882
2527350	953979
4226448	913336
791119	603422
5063273	1001339
443621	10129
2314619	881566
2487740	200637
2719711	807993
592345	762687
1595956	321939
454841	615931
2804448	418558
329983	97930
4095581	585096
3574445	946682
646288	961799
3220906	1400
2323330	887774
4344948	910681
4044303	199158
457587	191981
2907514	220607
1723397	872534
1448001	908174
2022073	582567
4809054	708425
2680390	810504
4590013	725090
3355574	718084
3780945	111263
3262588	989817,591411
1938609	355459
632542	838991
2053930	259852
3690305	852898
1083848	110878
178228	780829
179881	309939
5141308	538827
2817666	59775
2742489	618030
1365539	19932
1631834	946724
4543640	407431
258311	561065,890524
2788487	778632
230577	13838
3138885	285799
17220	836489,69799
2263890	131431
1521247	520437
952271	974415
3362013	376638
1237209	163180
849843	244982
2248101	361813
745989	263637
1779020	805458
2322418	88867
4022372	121001
1274815	167906
2110301	855501
1086436	224323
1121298	703044
3586853	1003255
718367	982759
1474251	512726
864217	44106
1492299	677013
3338791	584865
811637	393816
2345617	384481,394061
823391	672845
3371040	968654
708940	162817
4846910	259951
1702853	947878
1776414	866157
535148	600681
5131866	830326
4162858	69918
1213607	323413,483471
3473667	465778
253633	743999
396600	629617
2598932	599740
4792725	907427,344145
1295289	94590
169453	480772
997665	797377
3356931	229640
3886298	612080
588498	330944
3000506	858307,465497
2887571	755677
2376387	405035
1383645	57725
2215082	313377
264134	127773
3366259	61312
3447006	475295
1594511	1000610
572369	89582
3289622	879846
3074914	622667
4329073	405134
1758146	531443
3395600	201643
340786	398457
1205176	388411
3181665	45762
4399283	878601
4589848	560762
188054	39764
4796163	567745
381930	600327
2016151	588067
1490642	355262
2644428	411726
854207	1017545
3427282	996311
2316532	749338
1029408	224365
1958672	90299
5051027	607954
3508705	182654
4601812	500021
1615751	433387
708881	732514
1029606	60864
493444	399097
4308702	884510
3024173	228201
3005224	867099
2754226	592511
3636008	382248
4697134	89821
4139368	786364
5094143	33204
4680734	352825
191502	321846
1054323	8860
1610835	6795
2434706	279977
4717436	988915
4354880	848646
549510	786096
482066	375393
5146080	760279
31921	680387
4848299	485518
1482179	237348
1096585	793616
5107830	915391
1298585	473961
2874636	813071
1113026	60353
4914017	721536
3210271	893095
4340724	265320
1969603	32152
1494271	183434
4667739	81264
1431685	603374
1328608	174136
2856386	434898
1225075	168056
4731832	411800
2390413	507140
3804179	903503
716938	458107
2599261	629007
685661	255456
3065211	734081
1665387	504577
3867220	541349
1342769	737046
4153834	110141
4940337	851289
2457387	394400
1817935	441427
1263396	374566
2888642	169338
4847258	679297
1082678	301341
3740596	125800
4378167	948929
2277703	51262
4672506	489506
3037018	857017
3036970	448638
2269742	14880
3965634	300169
590413	650444
230489	783074
4102272	620536
1338302	995892
3617007	659123
1132294	513351
248491	17663
2437914	89345
742436	591561
725370	775341
3402452	922237
2231947	383216,458444
3106376	223399
444813	122436
4553959	50824
110985	986435
6778	96399
4885304	26452
4948407	865323
872757	897514
2915544	925318
3575754	584387
4067968	622948
1813241	1011456
3755934	89546
1765263	944262
1639959	566652
2114925	859871
3771015	645498
1959549	494173
956217	680108
903248	624496
3491609	466835
4580285	1006516
266620	29239
3209181	62228
3573330	2650
624211	349999
5123869	726890
1803631	705543
4337988	89427
3880649	967262
1740668	1011764
4421757	796823
3531093	113297
3165193	333604
5114809	86290
42000	24764
3746293	597027
1248762	611082
1334463	534033
2419422	962933
9825	384146
2571319	975927
4456634	736795
3918209	694386
3729867	292608
3655797	419890
2166731	231112
3715112	754966,11140,678549
1054440	332684
1495687	289432
1505234	977898
1712559	128786
1131286	476741
2879666	596126
2420152	776254
2569693	490946
2564759	455995
819453	1011723
136761	600065
85380	252255
714660	115868
4254351	105479
821522	879786
523084	786460
4786638	343130
2914877	924535,119895
653116	643606
709710	337132
1691766	400945
3374524	933010
4342010	632474
3286807	199014
4022769	270175
1484588	1005533
2637262	379453
2416287	927337
2128047	1000116
3054677	490328
4980601	540692
986805	816724
2073789	644968
1910706	792747,122294
4029999	347691
921082	265498
3878631	987871
1809699	693344
3008193	640501
5070237	700515
2505163	764649
3769445	326979,954879
5001314	939172
1787465	709632
2238443	702539
3853485	508823
1628838	349440
245768	672822
5059698	806231
4961831	33168
3778366	364697
2147796	484734
3804359	806003
3331037	586140
2373234	89723
254490	375065
1295634	185394
4028947	111263
136758	526580
1137493	734137
1719778	556161
1805343	307117
4870681	802312
2070940	877948
555094	294193
2016261	116101
4978239	968377
4385020	523395
2936114	704099
4648514	921578
3194061	898733
4940979	726163
797355	920197
1395660	731211
2920429	21866
2719135	431874
2090799	474579,536819
2157535	226452
1501726	902167,633490
4265726	817106
213747	637927
4748959	30037
1951215	174906
3586596	976120
4770677	634670
1272086	752421
709949	365678
2282819	146373
1084247	473781
24239	847995
3814343	351416
2712257	187686
4472519	474117
2367792	983131
1348282	47918
4692052	733362
561075	771295
5104446	972635
3466267	41751
4274573	193131,11955
4984289	911026
1729308	717936
4007977	578963
4001461	919624
1716562	801912
3340130	463032
3395909	915037
3758614	193632
5077243	286947
1156528	371035
4922788	85735
1580909	837589,60087
201342	467725
1789948	633098
2285524	790275
1183159	883438
4859673	21150
3205570	145933
2963574	954513
3289460	144362
3488407	542546
3209596	624355
2857567	706404
4060206	869303
606428	297640
496362	147616
1051375	24511
2904104	540467
2883960	25127
4984131	256773
324953	175093
1406564	894628
1849127	969276
341028	664122
3338182	476655
4747095	815967
4256551	448942
4036162	888868
3560619	405743
3967317	706178
1454484	38213
5124936	1002891
3772397	788635
1130795	14205
3029442	222663
2329882	644865
469382	285907
4465966	813463,821663
4944814	113355
2513263	376833
425331	773247
3376900	208243
1807037	632756
4153793	643515
5104398	461580
4459996	452789
4898584	116320,687208
3178955	841125
881498	468123
4736620	744294
1604179	650460
1222102	720066
4066875	192067
3790191	166337
3344116	23927
3147410	335974
3176902	724434
3344321	475625
3027972	961564
2958529	438577
3608481	1016484
3946192	242190
2204817	550264
1028351	773826
433945	21984
764410	350915
4011857	959204
4357535	4525
4061173	911969
3696431	985863
2846864	897482
3451102	797718
1696781	248838
1676659	132954
3109500	610701
1110122	412332
1880438	476142
2439024	805513
272726	440636
4210575	88445
5060058	418527
3032185	281427
4600983	436727
1259018	413639
2780506	112289
3103414	886879
1961504	81977
4977319	586168
2398284	684050
1425826	929665
1922637	197685
2066631	313138
3502680	707215
4831987	397688
3396395	877516
4613435	588602
352970	891404
2045694	575769
2933834	204618
2850227	265173
4207571	446524
1242991	947646
1642650	757290
3841206	434723
2424383	950777
1855687	903224
1623998	454409
342784	71155
1787740	819483
2247265	365446
2745646	287686
2085661	15103
3654822	165731
3096480	474976
499556	1001583
895163	315904
372392	888668
1106921	922045
1194698	619642
1508222	286252
3834400	518918
4368308	1017768
3429482	158459
4099013	129504
2787893	686513
3574870	841119
1853289	35281
3030617	438866
4238063	383538
2663946	830615
4109349	332174
2898014	797174
1699197	137241
307183	897399
428826	460687
3318687	132621
2694823	608188
5117910	147983
2710079	162654
4762287	213851
3751512	360641
3756139	870886
890823	779388
2356253	7721
523697	895401
3282759	387023,365378
2213899	597014
1033508	667035
706377	347337
1296792	502313
4210957	785656
448369	982750
3749780	527689
1623705	90032
799591	130125
3859931	7579
941547	490102
2724283	786533
2459293	400982
4105796	305156
2573272	173347
3600173	687221,96219
5083158	407649
1217618	213305
296771	186957
1077973	654118,46008
2929518	723185
2949619	72938
3583528	99035
2661210	77183
2950503	49361
255206	886625
3605170	689043
1891122	380998,295961,35634
2052456	477302
1903067	703983
2508148	416794
971540	510499
4455680	586055
4020587	781166
1324545	445545
4628725	590641
4171621	963441
2277134	656119
2688996	261940
1437122	483096
4863117	739879
2502818	625172
3542534	774886
289449	961903
2303637	352429
654472	464866
4555087	827350
712291	241767
3001712	172139
1855401	825155
2713746	260080
2682033	100509
731465	655141
317069	362263,759169,645973
3050684	131338
2889607	263832
3272114	634997
369774	98263
2447836	322164
3620032	400591
296401	309852
4988898	791130
1609466	150511
2608622	582645
3618198	583835
3948338	350729
3351064	291813
2684226	562859
2311359	127997
3779125	223980,679600
2213943	866466
3908819	571430,987252
4101763	873189
4516161	381252
2930552	620839
4018775	281424
2849735	668785
2386188	643233
2117924	582695
2467375	385522
4992015	3782
617842	541631
4274735	898437
5067020	346694
3154304	959834
2372200	660931
421812	80662
3587656	863728
1557877	934673
320252	981823
2836883	338828
1060799	563819
4140821	419146
18771	889595
83470	139403
1315576	995300
2261537	825470
4958974	356923
4467906	302195
5014352	230573
4456069	905687
4321484	289258
1409817	258800
919113	178999
1055449	380945
4225410	740250
1887118	492498
3465934	782760
4995117	1006250
4435426	790306
4649427	222739,701533
2546436	849997
4020503	140284
2590972	859980
4719636	722778
23928	366814
371076	444339
2966430	832684
2080279	94584
2485357	763899
4221175	346907
3590931	106446
5065987	355208
2940250	339322
1434516	617340
4475675	57459
4281298	673300
2378455	517000
2961565	753570
2010227	135756
2359087	786372
507611	404307
3161391	153322
1745409	619054,884597
2456173	314205
614553	422066
2206282	649647
1177747	38124
3928905	447735
2505879	143309
399126	101964
3334825	235443
4671152	451271
2798013	313723
2069131	434360
4108285	848408
5138546	747737
2332460	491307
1306215	433779
633770	636620
2604028	616155
531937	708931
808112	919542
239288	464729
2107705	253889
4171562	377143
795030	624496
1784488	585293
1211285	477728
2596222	25182
3991433	889467
719203	943225
3926459	777680
4589073	607277
5129067	175446
3448678	187611
3071728	625968
4138550	14612
449388	114628
1273719	266962
689966	406529
1981902	312094
155377	385645
3591231	539142
3056330	103442
4533982	801068
1507809	739811
3293003	876782
3196892	435386
1294376	858114
4963628	687245
2496511	844350
2726245	482165
406411	752001
4686509	968547,218606
3037252	816866
5091504	99832
3155055	730553
3114069	590706,44335,994125
3746635	914980
3582893	310900
2976565	593786
2077833	793753
4132215	692499
595106	501145
1546150	9292
4268750	360471
2695523	125532
4292012	572788
3384545	385156
4799056	636381
2751465	785055
1932878	646548
4059952	692173
1533101	813403
881245	937405
892737	342784
4090702	868096
3172087	36288
5058312	650677
1980071	808363
4685261	309965
454809	487188
1827824	333393
3933491	434057
3317723	10656
4190394	254027
2392338	743327
5026427	132992
4299936	422125
4891981	445178
1318586	586104
2109608	72256
4987185	691411
1227514	870076
1885707	118003
3711813	233045
3792414	952961
4736826	637354
264846	486458,684637
4404527	97271
4151050	499738
1774948	702398
4336297	149420
683627	368625
4201379	276023
3984349	762276
2469652	5561
3796182	854817
3698286	690691
1153741	969018
1376634	84982
76038	254894
4658205	67494
3222276	315702
1808771	901245
596763	533502
3957581	417499
1341555	989790
2052786	231734
5036903	880345
909679	651743
4419039	583352
2246617	577323
4179595	682567
1914298	328623
847074	149409
1723753	549056
769532	3992
2029425	679134
1780895	222609
1872785	208843
4267027	975893
3749726	1003168
3257205	931252
3662188	825185
2973830	990991
3648038	208425
1286430	131766
3879041	787248
2768470	69311
3121186	994464
4438759	445909
4105312	991411
2785396	189061
992044	566819
2653396	316688
2979003	749973
590068	116246
1121049	127724
4109268	1017188
525277	306556
788852	397493
2971425	300130
3803842	147319
1626407	840683
2718105	649778
1843396	708769
3039591	924106
3376544	629543
4230104	660819,106532
4484596	671845
1759558	375858
4048086	260307
2059792	408945
4931229	733921
1547775	850828
1880379	713284
5045806	12324,168501
984333	354083
668541	482013
2848150	881630
812175	131363
2487553	537024
911968	947556
1424579	786261
4945338	269029
1576724	169741
4676678	438062
4798705	974752
774581	536655
3836655	303205
1982994	119356
2555027	759687
1329715	393910
306069	872639
4159678	597236
3175666	338745
2387970	823546
3671025	1005897
4391261	429942
72753	851918
1149333	95079
4981044	990550
1822548	225064
4305673	550945
515784	686441
699653	882185
1258684	180958
2034313	187203
2997575	19169
1714047	222861
263959	765800
2460149	435319
1128495	153224
1947544	366634
646578	626447
1223150	874067
1720105	117598
4886338	473268
3781391	569831
5044786	555299
3153655	539365,140264
2453446	449671
1612	513087
2429571	855901
1829396	885672
1611744	504249
1538920	357076
4870531	728866
1604139	792925
2684277	982207
487470	514883
1175099	584538
1638176	1004285
2863144	602351
2176125	543509
2221313	615487
3696428	655305
4999380	178600
3917035	442880
1369935	447549
2566052	329421
653347	335829
2444037	675701
1083411	124916
3018581	194566
4266954	584402
3884850	354051
1469150	12541
1285525	210150
1906628	398512
275817	77645
1720802	156574
1797813	551542
3146020	782247
2738811	549157
1497171	743396
4562711	192627
499383	258147
1202588	285391
5058983	45560
5123296	193744
371627	26487
4125839	450774
5096527	1004964
4694645	565370
2362656	560792
4435099	328118
1723760	135822
2819008	705151
1180460	736542
5145476	281620
482415	291421
2121525	980305
2536495	230965
2305154	385848
723817	773417
4777742	173851
334167	598423
2261519	191752
101569	850509
4977704	967692
399922	415664
1320123	733964
4705196	69329
1187702	868068
3437366	375234
4707129	729889
3902835	463274
847368	609976
1915075	877806
3816554	186794
4007492	747540
3396267	272269
4229021	847983
4717894	734315,106
2787806	385549
345691	382612
636517	328909
1636453	189994
680118	175421
4395775	264091
749347	1007149
32339	956934
4985312	255404
4684363	834210
3169087	652333
4175195	276452
1874082	830230
3561641	869601
3806786	64233
1673106	770385
1793310	590815
3777707	575194
4196840	552713
116033	896857
3685189	751789
37321	62659
1137390	166872
373357	537375
4452623	43930
5155512	191407
4922021	756212
4832416	350525
973164	494969
1496237	732940
456142	873222
4614568	370452
874740	148041
1593099	486344
2110899	133610
3045440	508286
3956588	444573
746054	216060
3087460	477953
2185909	222804
2998994	200212
4954152	619455
299781	934083
3038392	778195
3712542	740511
3936993	956480
4211473	312844
3175295	169540
1914533	30587
3760880	971636
2241986	416576
1294798	217080
4505862	526437
4102133	586148
4631604	999181
1197653	541693
2260224	147137
2341664	544939
2770815	309655
3349780	685080
2009441	209529
3334285	491933
4033329	711740
2261955	650649
4315508	8066
2199610	977835
1369230	307418
108146	956829
3644401	630590
3969982	611781
5054374	798408
1339413	243051
3991385	806175
3100404	1010120
3039511	339166
478535	27340
3146691	882605
117841	201669
3050725	677419
2596534	911106
1621145	449500
2828527	769691
2657822	292288
644646	65555
3866025	464097
3063877	459184
1855658	267581
1110409	697135
4583886	744588
3985618	441846
790217	429392
193618	530540
2842053	632728
1001604	111840
1461969	386096
2821308	133020
2311795	318098
3893962	356984
3606689	349241
2907323	360870
1922020	860119
1110629	583737
105055	185551
3269550	575389
1609705	614562
4251565	953675
636065	260558
566854	325523
1745155	489875
2618009	228913
1983786	731827
1126794	31986
3309582	429672,895939
4003892	468604
2610221	72733
4890614	398287
402914	643162
3399475	660431
5117921	887783
1913327	602033
4500201	298953
117401	698267
738567	689152
1444027	139745
3919220	954497
1808317	556696
4140898	290424
1235672	692143
3897371	315920
2468901	336104
361891	289304
4022949	990102
1691083	127764
4121299	352450
5051449	28876
4512455	362883
3881411	30149
5012769	334584
837989	1015497
3045587	378299
1290255	669541
3388772	757552
4954725	79984
4185477	168765
2970406	528443
2414506	87878
4355915	27274
3427040	222951
1339262	390254
1899753	625994
2898560	533996
2821898	414159
1338548	630643
2544580	375551
3328301	263752
3826065	47619
2337627	940807
2574064	200802
3781201	147692
900036	845684
3356171	446767
1675746	579426
1700305	631302
4599506	800629,159452
2361211	972198
4193173	125388
945723	750360
1866647	981285
4872863	435519
942852	232411
3543542	234919
2088356	162226
3494743	924680
1160404	395681
4266987	735610
111928	221505
4270661	443066
4284862	365421
2364096	379728
1153099	536812
2094483	315146
756299	293721
4070692	372937
2484808	514438
2237523	781417
4244965	1005267
5140860	1008333
4823476	587596,827115
353890	542710
1659979	422463
2127002	465475
4870843	833067
4835301	459913
3418596	273704
4938903	365575
299363	706811
186504	900380
2237570	277719
3868371	566130
4047559	634722
1009464	663798
1612792	256707
1495313	88904
2991306	856042
763897	925078
1132016	936157
2446138	970739
1384543	496430
2446006	652755
1640333	545175
518501	946935
1491074	172278
4388159	398419
4172079	242787
2639415	306845
34388	1005746
64804	16240
5087466	42675
4159094	442789
5118962	541640
2979069	465037
2138354	281586
180935	296645
756578	1014009
2665841	230761,206137
1878134	596292
2129671	6954
1713295	293655
1819353	729023,135369
4131463	455404
3334667	737095
1326129	697494
1812684	213903
4531940	600506
3206319	260827
2497567	700240
4554941	372907
393355	940438
898009	29893
5158629	476781
3438217	77108
2398035	240895
3710001	811423
728814	672569
4474759	818722
4625579	224335
4788430	144646
4818470	278444
540454	614882
2332633	952563
2623373	501205
4753098	682507
2800480	666818
153955	430944
2593384	430427
2565165	673442
2820307	825679
1557499	114493
4409355	821779
466284	245791
5065620	737441
355591	250039
2646118	480833
2436348	345012
414915	585909
894357	488672
1645051	311112
3818695	859188
3216916	419594
206390	187323
2840822	617985
1362231	165359
1546598	21588
3919004	191495
5113532	252812
474542	150534
1560129	861264
4187626	556595
1712768	677213
4591304	770022
4169967	142524
2899675	499288
3351259	835840,206622
1520543	89572
4070050	1001940
1415809	100044
2009944	698046
188267	17468
1800625	573560
1519857	627314
1571129	109497
338358	21192
3140217	95064
671017	762616
2138185	150065
1508204	799577
4350455	491104
1989692	110072
4221098	422112
2427052	586234
2236445	875748
4060040	611712
559847	819439
210205	365770
911076	171741
1635867	924559
3888601	667276
3307375	880656
3450493	293009
2847399	966425
4724502	541348
333111	503808
742326	657790
5120099	796116
664372	325327
2835585	230405
5076833	425772
3579060	205424
4071246	970335
4884886	54993
1620654	795952
683124	58393
2187019	446800
316493	184482
2957054	755005
4294160	525959
2452027	975240
4362085	758838
834216	623628
4387033	225983
1065349	318848
2380708	706942
2399256	203501
3294507	21251
1788327	366433
1374937	854928
3632370	605308
1672721	1016293
3815308	554103
4078638	434965
3136755	464740
2820468	863463
4192338	942470
3079009	1005022
2278388	763326
2993773	795675
4052292	987384
482723	919524
4789112	483378
3451593	695762
1603802	565249
3249028	680967
3606241	583376
1731952	406952
4968049	740718
2716305	889841
1985098	533260
674331	613358
2287834	52123
216038	881576
2665463	620312
295158	104918
2395960	966890
1462511	597360
3497027	736529
3836291	898153
3981591	306437
987677	267326
1832231	49830
2153238	446165
875602	196751
3165450	949741
1055904	333651
893789	835146
4437189	563090
5074329	917535
1344099	165984
4458180	697352
779670	304550
3240559	1006804
4294700	1006108
3515033	171573
2263630	46688
2963226	796035
2272742	1007628
2918389	933240
1789962	582907
1458507	317441
3976010	519381
4320605	984621
2984665	187912
3588569	918623
2716440	770468
1331259	629849,16701
2853105	72459
4554619	175836
1070435	702325
2686792	780964
2600772	352380
1275702	534317
2192262	676648
2866998	532900
3244508	560485
3363319	563889
4136967	543013
2353614	169295
334369	890064
5063284	665350
4147181	398685
2285630	929361
4336954	896252
639273	698796
4729118	982035
1413773	527765
2898777	928504
4348412	587117
4560690	58987
4167459	801041
598615	97377
2558051	662677
3883615	308132
4514471	464954
950626	610789
4560830	610614
5126479	751222
1449570	703738
4154556	910124
2678517	218151
4502775	544534
4616313	73540
1437302	443564
1717736	129449
2862190	80718
687281	870184
3278093	54886
1016868	482472
3562749	240705
721811	415858
3318643	337132
3364525	257077,666068
232472	584750
1731758	626916
1154991	555324
3367146	872591
2562915	36376
2982755	99038
717601	882219
2871938	579484
2252704	817122
3912236	118023
4281005	652535
5139356	923606
3753422	585839
745468	402991
4057415	352826
3952496	244483
2393151	574245
2083678	428318
5000306	717118
2575171	902045
5056413	754301
3186967	126186
510662	653006
4381325	650317
1446946	799980
4396181	1017007
2562078	500673
1391381	501409
811680	407017
179614	482708
3720572	494959
899156	741279
4348360	12297
1946019	685107
868091	752009
4086525	62083
4872991	112078
1900376	561301
1049262	971672
4784229	852194
1344778	1005829
895280	522657
2844158	478991
494926	41478
2468471	110694
4671329	361488
1762873	269383
3799475	1013319
818823	106831,154721
1742930	682101
3362170	950408
1253760	991648,824704
2154370	508369
3547450	778750,19388
647869	590414
4342737	858349
968533	711814
1869235	377443
2647306	306359
2815994	994694
806815	301625
3294381	807039,959109
58881	225261
4990839	342985
4718804	395666
4155917	224243
4438708	398734
2409287	148684
1468656	36742
3529689	864694
2673211	942919
1951985	338989
949862	11794
4545590	258060
961479	565814
318161	413583
58511	264752,86280
4187325	459890
2457303	551914
4979207	526102
4781057	393076
1799	211315
1566079	493734
648008	675939
1653614	684802
215983	785596
3324378	237328
2606433	955194
3067617	521942
3834103	444904
3292372	156362
571706	816128
3760660	946954
553214	263469
1084823	666802
596114	447207
1790571	947540
660127	320542
4600118	602539
4401058	18751
3763168	689747
1732960	552227
14232	479597
1758094	261725
1882135	976918
1418114	151794
1162934	786136
1897531	336544
2061535	226369
2428637	213979
4349053	255315
2926331	412001
2491473	628291
2021054	582500
1521830	1015755
4439073	1017482
431338	64705
993607	942095
2759924	388110
523356	254566
3525410	157837
1609907	655589
2826118	305833
3438752	3328
4913908	456553
1482032	2634
1700961	53167
3031863	452336
1134557	235970
630119	916748
4296005	25728
3685736	79823
4784720	706814
1983416	390539
3514245	958780
3360620	315260
133744	125191
2804910	1011241
4076599	344709
483140	620019
669623	515437
3049642	1015646
3938041	847622
1980831	83254
3004506	271657
462468	870019
637019	98361
3950597	1016357
2847029	693102
2732505	901204
4083574	293514
4618411	85296
2934711	777764
2588556	6692
3388117	345147
553109	680811
3356183	772283
2481552	471842
3222196	568572
4047886	440571
2748220	593080
202065	820147
543483	236897
3994231	924602
1272506	1003363
2510324	966763
722116	566489
2094408	503250
356168	883118
2427109	408575
4256354	142639
2632516	595835
1523080	419161
2668115	103992
3496849	1007139
1465265	950670
3529257	338599
1375018	289857
766725	308887
1456230	777845
2600649	860104
3979014	249633
2005075	865797
2246904	428738
5051417	313119
2917745	143586
441558	211986
3633244	591251
3694173	214029
4180918	322738
1781592	728007
3679352	531607
3413600	835248
582354	525554
202872	706141
1928591	523036
145764	482902
2146264	55362
3635040	896247
1399544	400237
1952529	488674
1340126	145129
1039543	261004
3883850	835908
2456541	684050
3172033	624840
3036520	314171
5151230	88073
3512170	14896
2987254	557213
626342	359276
4609082	184118
3017266	652835
77340	966188
318287	567
5006158	601830
4002360	437365
2450631	644532
366530	187062
3081133	729260
4427947	695646
2043019	2428
4692295	536452
178070	952252
5128232	486045
2106466	531631
1147145	376740
351372	760040
4872109	668264
5063719	203064
2489992	377371
3328397	654216
3234708	203479
282575	528823
4322390	888029
2029884	362443
4040069	1009403
155356	499313
2721443	215129
1581271	177002
2063996	572807
4713550	193717
522840	649666
2247266	972948
5086624	541184
4986501	295822
3677266	1009711
837285	926649
863345	619113
3091862	848911
3854700	673954
2755150	653810
1300650	709763
993596	485829
1563110	437839
86591	587980
633966	143966
3474225	517811
529333	259737
2271658	470452
1027652	559273
1438458	762590
2819302	998766
2407767	539406
4531101	439874
578500	173435
3275026	574137
793547	272829
4587230	869681
1853873	837369
3246422	495751
3267179	78534
4554568	802025
3100742	164651
4992191	438991
4995349	771790
3994635	281406
1022464	410308,312881
3949864	438346
4808168	324221
3571021	907619
5162490	756609
2171792	919888
2916267	89133,19637
5141136	604245
829406	49455,953448
3884778	606306
1363479	203323
5161750	953531
2692125	501027
4791211	81804
1735649	763132
5103736	872919
2690318	658466
2349573	674947
1356453	463693
730517	130011
2171598	717336
2899195	26304
5135625	8036
711574	684816
3336347	757288
1795584	937838
4463936	150067
2043103	538661
4789472	16239
434400	897643
1494283	224874
64470	935119
1845160	184519
1657754	1013303
4392678	586770
780464	756241
4847332	739712
4574386	720822
1613806	424858
1992741	179212
661499	831525
4382143	570769
122598	980501
4320583	773320
4877847	927633
3077132	999090
2771703	308341
342576	222243
3263014	480578
1689393	658817
1185224	539450
2380055	871521
3483960	420185,499040
3567831	938976
1062644	546430
2534366	470222
1073622	787947
3267209	588950
554894	273080
1303341	665875
836927	967598
85022	216720
5079044	901211
1643795	649128
2205976	614047
264667	156059
1954541	501565
5158604	163709
3752653	490965
4229895	391387
467183	145851
1834652	211728
3183022	296266
651166	29229
3609326	242283
4245608	78316
3196075	860822
1427458	648443
3261298	308837
4439694	46666
4021570	628419
2380165	659283
3387666	138063
3137999	984949
436284	824352
4602238	161855
1853022	382106
2322877	423023
1939838	67721
3557186	714785
2286162	223777
812990	133767
4219801	183859
5271	448949
4954609	753073,721347,524803
4446870	925078
811249	231137
3533904	885803
1232663	520857
2513910	393387
4331613	905076
745201	491248
802023	467818
3437983	481314
951136	642424
139453	76336
749072	330455
4296244	489521
4686740	570788
313327	62681
4838246	150446
2737738	631924
902413	638828
4517152	760618
2190874	68685
4895788	647927
4354908	546202
403677	604339
3508742	482695
4298073	972167
1721129	784850
4289042	386551
3624745	529439
2087392	171674
501827	198741
950418	463497
3328614	453605
2393879	419269
4310779	373077
1993904	785935
2129272	920396
2856505	444614
3095217	880818
1582995	898473
4670864	481445
4970474	332238
1998170	384905
545591	413401
4171839	652866
4478202	791112
1935243	593875
2636365	934909
3531490	273151
1478179	506489
1584579	519819
1162238	489583
3900207	101810
3851550	906132
1122546	8573,412703
4525506	556394
3757012	599126
4200294	762650
4655522	144761
3075156	328379
2072987	12782
3084172	423674
1538819	719906
3909967	674230
2427732	430351
371253	366411
369537	116326
2548028	285978
1981099	276967
1103893	467554
979729	409777
3843179	293492
75937	325353
3171142	672006
4324316	717181
4324682	806037
4702639	133839
1386722	881109
52851	851233
916885	488194
3835725	565598
2339314	473429
2032668	198278
2822672	97568
552144	783905
931365	300690
2515413	3839
3319120	802559
3824952	506621
2852376	806638
792494	647410
4858376	387812
2888577	259879
3438195	521084
4097591	530708
3928047	95414
3169819	866326
847428	587951
2136324	780363
3392136	482905
176803	753248
119873	367204
1409719	230983
3212227	402629
566202	446879
4194803	497662
3381330	259718
3412713	994375
1494221	887652
4137903	548091
533297	799052
2247123	451889
3144027	289120
4967625	745290
3941358	457807
4794045	57635
1104344	649974
4865637	844879
1658564	114397
3318666	623435
4628601	726675
598476	647359
3572275	395653,826131
681039	841807
1721286	186239
1360692	345584
3297745	456473
1061544	898570,563230
1675648	533172
51788	983875
1142386	609219
2277762	730406
4577091	581229
4533451	32531
2928873	616495
1211738	997702
230314	390434
4733497	870637
4335293	437527
493382	636135
1122762	933835
3232474	249337
4061266	228791
497221	797705
1840901	118920
724590	1012032
4773549	528476
4976432	711028
1297093	612353
3011954	138833
4466964	727594
487325	985195
3894249	486585
3788865	98426
4508118	476958
3599005	386321
4044076	933070
4366428	273800
199594	872884
414581	898410
2301889	617531
1691396	88301
2725986	456249
2333392	324838
1502775	23612
4330890	921130
791310	786184
5096685	932366
4911660	842923
1198240	336678
3869872	544794
406049	590104
4548491	962208
3798552	189588
1875473	787375
1275442	1013076
1209771	552179
1311676	984305
3953414	648280
4321621	745534
692237	563529
4993754	578184
1324869	631950
1407944	552111
799248	445364
362446	54542
937712	443410
2559064	460058
2211902	579772
3194936	482363
3766308	639799
2505403	60622
4378733	656659
3943220	20015
4417540	908168
4844249	91512
3274418	25030
3305705	240712
3634139	85496
2702622	987047
4048384	220446
1301570	371382
1273118	38870
4217461	632447
183238	738518
3837334	213803
2439447	257723
1813965	415676
410736	281404
4218657	712304
22065	45877
2770283	434972
3200093	452954
3515672	244613,951248
1358635	89491
214859	757293
583212	35768
853551	81054
118256	415142
2327232	613372
4990609	882039
2526064	838761
24306	295804
2128187	814775
4267600	366223
3199874	63939
958388	479805
2938216	941537
3568593	584202
70176	238281
2851397	767529
4697014	563363
888744	186168
4150212	503214
298855	586817
4611706	732812
2635618	433409
1543828	137745
4692615	350770
2547515	787000
3412269	454457
1935236	54640
58938	808745
3963082	239955
1139177	444238
3800639	905980
1364340	613164
4217337	992197
3616887	582430
4367377	82311
2647897	580314
1557360	541870
4301762	822277
3157384	266372
1257570	536030
2582943	499647
689992	425317
2528019	655524,967318
586545	587479
762204	363875
2415371	91737
2480052	296031
2942323	528483
2979334	931196
1686644	318881
3591405	159533
1185686	538984
803453	306374
2794685	262102
3255754	169649
3278825	314383
3421395	351759
1979229	310208
2752962	663008
4585746	383182
2297669	518848
160509	356163
1534620	52275
578335	320070
3044891	256452
5128955	393160
3654449	220419
480029	129619
4078693	283039
2657702	35391
1240950	895950
1682879	409482
4752029	970318
3067823	63652
2195530	578869
2160837	460348
936924	751561
898031	251
4130155	847817
3668594	164747
415083	765704
1578851	497361
4942291	641112
797176	999139
2004474	677894
4256949	146060
1662792	606980
2165988	561196
4784934	866615
1535294	933100
1319140	206245
330410	149443
410640	110940
1932479	496461
3564032	909944
868430	314048
3117069	371389
1413543	983959
2833519	391664
125465	654346
4165597	540410
1877262	443823
2389724	881100
287459	981435
2195460	563699
5037314	679039
4927944	293154
2101968	591114,467242
702943	471158,737776
4990490	173947
3255457	982802
3474478	284167
563306	933681
3556255	49417
2799503	214486
5066798	748249
3635055	439839
3294841	288024
3133911	839920
3164623	891022
4142574	765051
4654246	600776
4655184	40654
3798211	840022
2709991	15880
2357219	524479,726287
4405514	617259
475137	192330
705755	7111
3958822	359832
2267309	586412
894842	280457
3849409	374069
4375253	1002047
5126568	911430
1079367	683472
3009067	450465
4933088	728996
4594946	248479
2233894	384697
760983	860135
810130	455338
4255104	326335
1303734	105744,412054
4032149	376516
1801791	840974
4332966	444090
1393047	983841
2179408	921389
4920068	928161
2846407	799687
3213213	231467
1203362	802161
4976076	487331
4091373	45368
143829	724258
3894160	862527,326345
52459	807796
1840725	160314
4035805	834841
625228	642541
1847768	724878
1134862	672573
217410	666403
1647546	856472
439735	983172
3720100	118078
982208	924354
2138241	999616
4332878	1008146
4106596	632737
2628445	90649
2795705	362636
3893680	434973
3855789	218442
3935315	681657
3514518	659416
409873	593570
2738236	799098
1459442	390514
662478	254421
4930805	859260
1954156	1004027
4324455	800690
452620	281281
4364844	26637
3503617	168185
1371304	50953
703962	440455
582930	680386
5109110	805128
979912	374731
4562154	430715
1674618	688014
1306612	771047
1437156	42346
4816558	679697
2066038	827943
1546621	505812
2206111	954966
4514913	301423
3709921	483097
4439375	425445
4636264	530611
2680513	348268
136964	986873
2195156	143274,870881,107411
122521	934028
1793131	13773
2306343	144276
1880006	886172
2682085	432962
263527	223673
1949389	2652
2000940	343823
395424	351843
1014247	710891
3243661	948483
3100805	589298
716685	826691
338083	875020
2692620	214036
420133	559305
5126292	360983
3605326	21331
4378043	482036
2571323	536279
4845389	372635,570980
3435651	708772
2681107	548848
3033004	996789
571552	868747
2505708	999600
1995263	199319
2054705	519783
3270058	732258
286894	1013978
2070068	597035
3242341	52522
1776419	287865
560468	816555
3623957	427235
3958877	561056
3197384	341462
419986	216165
4373523	459381
4028504	444125
100851	366961
4575156	845576
215364	876090
755064	199018
3687434	712048
1822189	900949
2638099	219558
1669740	181557
3161936	145639
2308741	961543
4610774	756481
2938117	645151
2605613	1003175
102996	512465
2256972	192564
1527103	499276
106916	118892
3523181	113974
530427	437794
1783990	676246,317862
841990	186413
2885233	963853
2218824	638094
4551433	788635
2014037	930199,647077
3417761	615785
4603965	567222
2551585	834192
2267738	913365
3273509	92045
3233336	697995
2742798	754806
909100	1006186
3352833	27392
789087	784425
3198480	486922
1452524	477421
2939345	283324
1532457	901229
1403092	983426
3364115	19763
575633	172586,769108
2505894	770704
2884250	336975
2344848	45217
1436162	458794
3183873	492855
3416049	494323
1796619	664741
1364700	334430
849451	318071,307596
1189279	78889
3732060	581451
2711048	304078
3423119	57364
1023315	373150
3677109	844494
4391208	462300
878781	311070
1759977	43093
2028612	773982
2062214	833341
271300	245242
726505	970244,220052
364433	401283,449507
3378062	220274
542127	509462
3967905	613561
3638058	500087
1875756	247626
1520382	143950
1124937	701899
812392	253969
4968619	1000077
1166652	436526
432556	27027
2023798	247681
2805938	607663
1042356	618317
4299276	162154
4364118	1006134
457067	311037
5092182	230305
1854236	54713,162377
4475830	160889
2347362	932471
4502938	424983
2723016	762682
14563	942270
3997216	298378
3978604	924156
4137433	304392
2608205	266680
709971	21182
4020771	346974
4848531	79725
425604	694151
4479636	671445
2909209	246253
2690262	775029
1878380	107774
1789637	423495
793602	849661
29468	978473
1560823	127376
1452939	154066,783178
1677330	5659
1053763	14133
3984672	317132
2484702	763706
3545141	119536
690587	358095
4087901	448848
4186482	45310
14053	243972
3560719	474672
180437	46322
1868712	297739
1787150	686810
1806932	903282
2097986	313131
4294345	906757
3943037	420494
1852050	932161,780891
2051870	558680
1868880	637696
3622787	916838
761625	668496
823686	260647
1155704	891537
1340702	446789
4666588	850720
4685332	638968
2399518	269923
3463243	435017
45114	775972
2236280	439897
4552915	756150
2809893	442736
4662203	304681
2796566	968743
4101742	159237
612592	818547
3959735	955731
2933640	700300
156717	301055
3591221	754828
1666994	173885
4972689	488460
1550846	978005
347133	968619
3284905	897295
178100	195196
2754124	6064
308219	35050
5109639	983160
4755482	424339
1524944	22562
1405674	718608
2974564	265805
2058444	778037
2811801	563290
2342589	732575
4944389	356496
1023553	118446
3413134	851589
4066740	230457
707144	318355
2837409	244280
3691417	343314
1363648	483204
3762766	850798
4217689	530218
3153227	124609
3001580	351928
3990741	287263
3576862	603485
1327273	306803
2531260	493813
4148091	29565
4375749	47212
3135179	716210
2453542	538803
1227081	269800
5026721	567998
135981	976841
4673782	511161
3232508	470900
4707764	357841
2576368	518850
377725	839277
2883785	337041
1854830	656226
4166550	630212
1245009	721543
1414166	208095
4390948	43862
2978120	972057
437807	430286
4007527	721713
4570148	600196
4055906	33826
2161188	658974
3294739	813136
3307024	582673
2398641	214982
17937	388768
1841421	190022
2092130	314144
4137848	36215
3440987	33799
799105	595368
1403409	686810
4620957	1002137
676639	243578
3149538	207509
584693	535943
233074	193510
1688983	57820
1963129	460001
1903941	557347
2534692	355056
4370146	626279
4376573	175043
4843772	559603,67027
2761193	652202
170816	965552
232011	652116
4093092	523744
3705741	576810
4364558	701326
752953	956931
3832160	62801
913666	917435
2918584	973858
1463472	775263
214103	156205
2281374	686544,32218
4994649	361247
1039172	560709,129038
4439672	486837
805774	194766
1110820	487029
1158497	687141
3831394	465502
2715613	536027
4865211	238320
1445072	103785
4076578	35391
3312521	661827
4534793	405082
2571947	193818
738395	104083
4113684	111036
3159045	845425
3521055	664189
1578576	381972
2951509	208089
1271592	420310
4689626	9929
3493541	219396
3563390	351736
2389856	894748
1459938	598414
2554797	259088
5088291	817356
1415219	83075
5001869	497492
1249845	570157
933606	555862
3970662	473738
896080	221361
1222183	790045
1684107	275513
958733	962337
1297365	733689
394427	772339
5079370	18061,517556
2119758	881013
2581597	743889
2558409	531714
2938333	465821
78565	481492
1592271	891096
493489	747437
3525646	275873
1663463	45358
1618520	502600
2888188	928049
3174570	943218
3459851	612628
2184347	634910
3647683	1006639
4263046	836865
4621958	883670
3656814	575426
4046962	395148
2461712	767938
420250	474874
2074541	583744
3972804	198236
3239653	286550,465137
2004294	574005
4066018	428961
945915	857582
4567676	204093
4168527	736109
615922	36091
450112	546494
4472761	781102,1013225
688551	562157
544943	440531
600081	491634
892569	380600
1586489	895045
102703	210339
1890339	265204
1074025	7694
1027270	343880
5146195	334979
2184794	564020
4048274	442742
752740	265162
1555737	963365
3684068	847781
4497119	535099
1156477	985718
2551592	292223
557952	882227
1120731	510344
1333247	269676,993042
2430996	237556
2339149	947432
1917232	492445
674255	545158
2898051	520443
1776279	967642
3390024	904208
4151257	743282
1053606	600786
1785864	338563
2618192	187880
2889079	777566
2394414	314053
117666	915560
4173891	783837
4059337	862544
787324	804121
581588	130412
1436405	596131
2426346	626173
654246	29584
4738113	831854
3979483	220627
751608	660759
2425349	206130
1042202	730759
1831598	493885
5074795	935581
4635083	24566
934229	428686
2632174	271783
3414627	569727
278695	915709
2365344	114029
2534300	159697
4449752	450675
376951	912734
4499212	358708
3322810	339293
1255459	876828
1732547	451111
405763	63516
633591	863856
3613745	355223
483505	44411
386466	861866
4935619	121805
1182430	929933
3064435	324662
1411101	469435
986329	443973
3482707	728365
1661652	310373
3227308	407733
3461609	886423
1671390	312112
1901554	174976
2533563	327350,229390
190245	515363
4429530	201459
1428628	635608
3753588	219072
433711	769132
594498	660420
1269058	767821
3042376	347573
737123	490622
3270036	378684
426333	297731
2887473	855468
5142562	957887,516310
15072	580496
778348	736833
2072275	888318
2518258	186122
3007018	318342
78800	854473
539428	821305
2389452	589163
7376	496209
972168	520259
4929531	311927
4973819	387310
1239927	143835
3076472	259242
2341467	397227
1955957	313805
1276146	904016
2170623	10539
5023773	935178
3434922	50069
449455	236827
2833074	201125
3828758	355402
3595771	128732,344147
1203861	907761
2652837	38363,353531
3638740	766041
3203214	507617
2481222	89220
1989808	379555
526341	653928
3774095	918178
633258	133726
3018564	419454
1907747	742606
1279471	954971
2240425	665044
3444873	385287
2625604	806783
2216143	679450
10240	656718
2951893	213710
916339	98746
2134681	267833
1142595	758774
1535661	123040
3385037	749306
3263913	273958
1314345	474241
4529807	941848
5133627	238551
247015	752982
2233513	1014017
3867364	736373
4533334	159044
3421766	128113
4476640	391201
239061	584092
2528352	906919
3456108	466011
3170196	973138
4484788	818001
3096533	955860
1381347	347452
2824209	195266
572579	1014560
1184689	717409
4908147	273379
3814160	375612
4781128	797437
1425115	571701
665514	369375
2863013	458599
2111835	152662
4218598	268565
2154643	924980
1406873	833408
3036333	602971
3154727	373602
5018137	416328
1281342	371281
3289083	515294
1323174	758762
4743823	628585
1507871	6071
4000351	418037
1422585	181613
874594	145825
3366450	161976
3843506	622502
2999431	88324,52654
3616890	358221
4962004	869188
480502	75668
1835125	345457
3941787	561817
533408	287167
1747077	703241
4666933	291063
3149930	676464
2386978	973550
670398	897591
2204964	829419
2535510	809893
956195	651752
2712159	603080
3332860	51809
4908352	509621
1500050	459912
4527944	385639
324400	883261
2430604	197280
3338448	20493
2531958	886575
947223	696059
4517446	351297
2560716	711019
1414360	643487
2634730	364789,806485
4241718	985401
1071550	1017404
2230312	757547
4166327	955157
3533683	100530
1961211	716685
683921	256929
1536361	196256
2952319	79823
3139964	532782
405260	597107
2767001	128209
954535	770357
3453765	604770
3274700	194650
692101	1015326
1118116	903803
2584442	626121
4827158	679210
389953	98868
393921	471440
1344159	539873
1652515	557304
2176177	217293
346907	773423
50082	808722
4652608	74511
4968912	269377,526626
3132462	383753
700204	459252
1613901	72608
2996979	218459
1341035	645570
2404845	479506
2704822	796694
3677116	773973
207994	684659,346165
3215086	686106
2060766	276423
2014664	431989
3359935	222924
1602868	385454
3207566	943692
3523453	31910
3835615	532759
1833244	995731
129612	364857
1206464	606122
4896224	113868
1014126	687801
3376453	693740
2945843	375327
4311600	231800
600184	309534
4608324	543517
2343267	610868
4893937	727383
2368846	492509
3987529	971564
2548905	736830
1751683	623066
3804444	708271
1315320	944826
204287	719161
3007072	5770,288969
1592503	19209
3150594	487586
1794264	511521
2136926	409234
1962777	835379
4661260	124495
4536278	747369
2067938	899361
2129386	286527
347302	618626
2485295	978671
2038743	536387
329023	725947
1337470	425538
1413561	984152
3758295	356937
2601044	674812
5006800	154454
713415	922452
1591252	427232
4818314	182146
1383220	652799
2633395	1004758
4084102	986885
837733	586721
5040361	590662
2249033	420329
4347449	975665
2462717	301357
1349666	888088
1903149	971175
3996439	911163
1105161	168243
4457283	191702
176029	182104
1570048	154244
1242626	754606
222342	551409
2423846	349111
464210	874962
2963094	566349
3850539	886457
1907145	835492
476134	122909
2084049	716396
1319515	349644
833399	681290
3767433	482883
1212896	605564
494585	91818
2709555	204101
2851852	894736
717701	67062
1738787	427413
2805156	317992
2355316	652519
3140621	925266
65178	324615
1762085	794123
333156	493950
4907641	700604
2853780	16820
2976955	936069
2894705	525621
4330094	847636
4819106	447324
1083537	938954
3796976	156055
4739686	1005214
3481195	966670
355589	151822
709216	356935
1584777	129336
4383618	1015063
105991	212042
3305770	937677
4288382	268964
807464	136062
3020794	444262
3044062	453222
3215156	498447
4218554	892832
4853221	180176
3490160	58824
189173	537443
3129888	795683
1823351	23583
3874706	666904
3276045	656367
3988647	327244
364741	733921
3002318	112181
1912873	564024,161831
1465199	645578
4964640	41143
4990267	334994
1767761	543886
825992	464297
1057349	265647
2500325	682203
4009873	911030
1282347	396120
477773	756045
3324676	538338
3524960	1011726
3637376	313914
3197487	126317
420669	910563
710603	87336
4686539	416012
5007728	746129
3819448	790091
4682520	986153
1851310	302337
1136945	473333
1732495	45779
3397177	868882
4371202	1008081
4951040	302550
4142479	221418
2560536	265646
2600476	626801
4624036	79804
3192280	170686
4159675	30235
1861551	202686
4281981	627209
61185	473726
1490724	73908
5083191	820256
2491786	841747
3061326	410956
2413113	734485
1521585	454346
3762498	236323
2901520	880440
2096035	553491
895931	347655
1892971	301520
4312135	442724
4586413	832962
2683288	257713
1179371	510203
3792899	998075
1588869	425982
1533759	34579
1739931	324968
459227	912642
2557459	576319
440047	817588
3726971	612542
3694214	186612
98039	887258
2777217	944268
4411263	993027
2751954	15559
960208	838075
2184927	143927
124868	249199
2815481	241459
1441528	499583,319535
967081	411813
740989	99628
1764582	713908
384743	452217
162426	616005
3489412	378727
2956135	485464
1435606	107278
2576537	613189
362901	83488
4645394	921086
987274	218214
591884	671883
346639	189483
623673	353701
927966	411996
2677197	154718
1326078	722471
4790081	95766
2535635	394486
4277816	419251
1934260	816780
2100882	274376
4449587	735517
4462443	28150
2292958	373245
3232027	451068
3493181	177447
1010229	107847
1160371	567576
4174126	127554
67451	530656
175703	46638,194241
2968073	471311
562132	585783
2137163	671961
3235154	169107
1602185	185194
4703555	316722
1613031	534759
16620	426506
4471603	664101
468841	850555
4795978	503166
38789	13545
3681278	875556
5066060	487797
743764	911376
2886733	110003
2340099	231243
3497336	594331
1905936	255878
4324459	773924
1501730	782988
3011279	178035
4569450	218594
83431	941218
1487838	939278
4011799	787568
2640957	409479
4292046	45493
3513315	278526
4460290	951079
3810003	224501
1227863	415424
1472874	1011579
30495	472057
3636467	6090
5142056	925318
3733825	1010266
340398	11093
4123544	212540
4642319	913348
3410773	564864
1471239	131778
2960206	152458
4644265	679138
887666	104734
3074690	740169
2299355	91975
4266382	682484
4305836	937860
1904726	985439
2648652	680805
4645512	654934
2862335	803730
797033	126606
1470777	888941
484344	705481
1199469	245628
755516	1008230
645460	315385
2558896	616243
2247549	223726
94714	354084
161645	679811
2290512	390559,336805
4052004	117465
957644	346325
4268447	123996
243862	704842
3178765	931941
4511073	817141
551961	211746
2285884	410894
2654824	363812,568805
1939962	279246
840171	422311
3729871	927578
3814263	362125
3856603	197663
3665269	578248
953589	990087
4714261	706866,669686
4451924	558074
1125398	866033
705557	65810,486388
3118774	968859
3931094	1017515
3401335	944845
3671484	674021
3642866	540116
3694030	343778
2852608	814078
3995449	373935
5161901	371650
3401320	384727
2159710	658778
5157966	78581
372320	844002
3548720	201635
2124338	335246
3090953	911489
3949347	109584
2571411	82170
2729014	329015
1139104	911892
1834513	697596
3725721	640647
52554	557053
4759006	770986
372074	22757
2103078	137026
1834759	558472
4426854	598026
2955208	246267,173861
612824	115058
3481591	80612,824233
3399652	372916
3551838	955212
4832761	23736
3899888	501805
443651	264268
3328885	414708
1823649	736011
2155655	731474
1351265	919621
2172272	918513
853254	513424
271205	445763
661778	611513
3081544	64723
949867	927521
250682	769229
4756124	929484,134137
225341	224355
991837	488450
844157	404352,738677
2412336	380530
3934813	10625
4023796	190977,31696
1145804	739732
3293396	108099
1608613	232024
2311415	33016
4919929	268085
647631	356174
736221	407313
2126611	513965
3435534	302228
1400619	36739
936344	781938
3528847	154490
190894	832329
2129896	646409
849305	503318
3074229	572740
2641019	393045
3346977	352786
3585655	637434
2158290	369774
3324515	41453
2859111	413895,861972
228766	1000085
2944655	920478
2100604	749437
4900613	152657
2171422	934475
3913708	898595
1516062	47488
4145881	691426
204892	1008181
2423754	655177
2303234	517154
261976	980782
5054038	932228
2126699	919938
3921392	207590
307874	254776
2522622	478979
4773596	663686
2734599	967030
2868612	305963
2766118	258683
104242	872840
2485211	678305
693928	981009
4681909	418961
280793	457351
4858688	720156
5046848	1005470
2916348	901991
2914470	34260
4713789	846409
4480135	195595
4831980	723100
1509749	304585
2976151	126886
2239962	178939
3647397	940771
1158390	514194
2352078	813720
1531001	950606
4999819	426292
3691086	614016
3800888	46861
3797665	268537
3840558	758382
1363134	697362
4946105	852221
1691136	996655
184345	931919
3269915	287115
176278	732494
3248989	203150
3849070	629378
2414206	816592
3920968	601425
1093408	795382
3884066	298624
857250	997794
2857957	416068
1683209	809359
3070496	909715
3233457	983869
4725988	124510
3473606	799493
1236652	208727
2063750	834114
2925034	526910
3079677	677553
3120025	254676
1029298	231584
1245621	470109
735415	964334,555376
783515	204710
3988078	364150
4074246	980263
4168266	609517
499858	247768
4821534	839707
2897553	760497
648607	191095
3485441	1004701
4027617	614692
858842	478168
199903	834785
3511889	171427
3769116	757280
2334607	411056
3247937	539173
1220233	662506
3332211	129419
2748451	501697
319541	989854
2814972	552549
1836342	782584
4990788	99935
4299775	699674
4073414	487483
1036148	966639
3115188	731279
3110316	400065
3892937	725031
3943969	431263
2462672	352261
3128436	233633
597956	315499
3905893	987969
4699782	54971
4777028	435632
3194778	90993
2403176	183286
1510082	845944
1998020	210769
3655053	471700
2919787	221385
1728241	759019,77845
3920744	676581
633456	894116
5119924	879919
2935727	963523
2896761	326129
5047474	677641
603147	987254
4488018	569310
3183778	912707
1173227	532150
2016523	343985
4491953	628942
483046	640701
2158346	272354
3734363	150771
2745881	803153
566796	52625
3286899	439546
1325271	670999
1141840	894008
1423087	113772,170301
4050079	136460
1262954	259059
360983	21777
4368136	1004729
3503404	266920
3755494	175696,973680
4166686	591975
3452588	898448
887446	587944
152191	971230
3282943	573504
1889216	361965
648823	780594
154715	242316
208933	806903
4417812	832814
266650	184046
2136070	702465
582699	63004
4301270	336104
1705857	621112
3618584	825319
3682408	551245
59894	258158
804700	116241
835841	720554
5017514	543069
2022269	513599
3031354	294623,372315,694443
983241	245100
4682201	566546
3401526	175832
4643158	156064
1010368	319891
1029423	865915
3681935	552344
2886593	582854
2472136	346872
1541734	363143
2199057	697889,357904
1639046	602019
3018450	355987
4591606	843660
3132907	982731
4680199	453142
4351369	602892
2367481	707630,909465
4860115	629742
4379925	910605
4826759	473530
3721486	175227
4613252	234085
1261292	663582
5069768	209205
4879081	472051
1275970	1006613
2857498	992636
3478357	102665
2192935	195001
3053082	432072
4629396	612500
4949805	235280
4211339	376137
1663863	473411
272448	437087
4511297	257961
750331	583210
1823494	220483
1796192	999335
5075848	588032,419902
2156285	240738
4441334	323322
658518	129428
2331035	92146
4682850	926272
44003	631518
3731218	360393
4854637	454423
3552457	314264
4616431	200469
1966205	267811
5133245	533608
3158697	537402
272833	327914
3172279	876654
980187	868002
2386354	813668
2926817	684056
2250068	285246
2474985	85628,371187
3289784	425744
2244593	492387
4760990	440388
427929	94863
4011539	19611
3727565	640916
4845590	791644
2243082	251794
2996759	706995
1016869	949638
4858314	426779
2067509	543827
315280	979687
2988875	749712
1151616	741935
4844605	126398
3524274	677601
1078094	452336
186901	298234
314548	455681
2941887	162289
2677939	284614
693373	668995
4775576	240580
419894	711113
3584775	967179
4708354	837556
820416	675680
4515264	310379
1270357	745832
2964774	278822
1445700	515857
936645	607701,943381
1341806	668754
3436447	581575
2691582	355626
4284995	263840
3885926	256493
1486895	941537
2158265	628952
1485201	351209
4326013	42213
3778576	749554
5109118	970782
2296705	292390
4637845	605055
2351062	20653
211298	314804
1200693	886161
2669453	160063
1087933	799980
2856181	616664
1151249	971934
3412544	878309
2997558	26873
3962618	338476
85008	181289
4660829	266558
4630651	76011
3196615	637980
4049154	117552
714797	990791
1189756	309646
4390588	993598
3996156	990447
670970	855917
4997497	854290
601541	673682
4641318	747309
3499349	343470
4331363	606791
5039022	648965
496235	679759
646036	816506
1066897	719367
4149247	517887
5074564	931158
1711489	587247
127812	217950,67160
561935	529738
1543219	100383
4430547	81334
610114	339132
3716477	651383
4792803	902785
22887	48114
906527	382107
99773	190880
112973	956587
1263944	43798
3905501	866286
3003777	762701
1914651	557206
2950287	947557
3082435	39715
3148551	348786
3160803	58318
1438964	614724
3765336	290453
4446405	883125
217054	42080
245457	771461
3990660	794942
3493071	54005
4940440	88026
455087	900836
4672194	403593
4491854	15457
2414118	632169
458181	37355
1494977	32618
1731744	37683
4678413	423015
4239069	1010019
2359022	1005095
3524876	875418
4593581	321110
2982022	282015
3519845	922333
938001	522658
4884623	455112
2482120	902331
711824	226764
1106001	747000
1041700	918049
4448113	320569
3143660	793946
1692397	922242
4381403	856637
4496473	89858
440380	619
3072322	551029
2180750	120984
222371	549823
3580108	655140
4779422	756207
2447866	233329
2458624	983530
2366341	938366
2176140	451427
1965633	275860
2539925	431259
4438646	766784
3882659	715946
3146670	456791
474716	739162
4895487	722682
3829285	766596
1251693	431494
3265159	259954
2117363	271206,220877
1705365	461721
2570861	524725
1908344	528384
1216474	91468
2576225	999910
4852598	316098
2525151	267104
4980550	93317
694642	489312
3716408	630838
1044710	903366
4099861	707984
2211469	858766
3866327	817452
2570418	46408
1957607	479110
1857260	758109
1258858	187369
2886810	665877
3167354	916304
1973179	918410
1275192	110564
1776385	634092
4543094	1011761
1585936	467043
1315515	6187
180705	905299
4427844	936154,409680
1629791	253242,85471
1838487	962296
134702	823068
4612802	20852
3815312	117554
3795623	272764
2029727	557355
1103963	331864
3135050	276172
2634532	731130
483028	575270
91869	41453
3878908	468735
4257524	838085
3676438	688838
2871472	1003791
1958853	66000
2915941	23874
2408195	1008439
1654450	460728
4046966	592612
1875800	431846
2385023	16240
1551351	560951
1335942	424822
1732958	263308
853973	480308
2461451	446048
4663989	639883
1598127	959064
4158939	29325
3072876	39088
2863736	675694
3655402	405148
2867204	500100,722129
3560887	497984
1805241	627288
4143281	338511
3032711	499722
2053715	272810
123409	60870
2494547	17882
110601	837453
2514353	460043
1987732	867930
1400215	57751
1503068	769575,431070
921285	534234
38888	632104
3341190	645636
4827260	343578
2295894	543771
2046230	821093
766879	1006554
3786027	646978
1850096	132413
3116570	534661
3819529	974775
1039103	78713
2403228	741796
538023	124547
1808446	398519
3185475	716198
2084045	622068
752568	439694
4755365	965786,414925
2438086	991850
1269638	734152
4809257	146782
768462	864670
3096177	531659
2958650	1014815
3661834	864780
3004381	47408
2970131	746218
2291814	497619
1227720	332900
1393182	510300
1684440	864902
4875290	419984
5017822	675401
232161	769924
2120921	1005600
4410134	335512
190197	235535
4169238	932713
4360480	404749
3736086	687304
1410360	197544
1775609	689927
1308551	247459
4810369	97407
1139629	713383
863848	209299
2509322	178987
3112280	507125
971318	468565
356362	684998
3759953	376714
4785652	751542
1980124	880236
4847967	259189
4578250	948644
3046406	385988
4234347	7390
2273964	76778
983744	481415
3192075	354582
2061110	68768
3345844	251366
309898	60977
3949923	891532
975996	284556
4827121	485647
4031478	391530
2791033	457663
2603039	549531
4223053	873247
2367317	464164
901540	412325
1387392	951409
3897534	92953,518488
4671586	972740
4810516	152527
4928882	651007
4850509	148630
2573578	519382
3028769	420718
2100192	590925,557708
1818739	331764
77418	519269
867176	457550
1575683	918191
2940259	786053
1268655	949023
3372211	988779
2773293	867813
3136976	239637
4977734	577754
4328785	291367
3370316	179307
3914451	15444
100572	44971
3310369	32212
2869998	93404
1437134	286045
3343835	19178
463572	913252
3107727	364631
252314	196640
1772855	319877
3018524	931239
1030458	462175
398287	794566
1638544	168337
927195	3898
1581073	795321
4332199	585841
2291847	23002
3559988	467547
191709	160067,875459
2564268	991487
4795196	694428
3629812	434813
4694826	350379
4411483	24449
4920109	121487
3799362	973479
23341	227746
4452147	187839
4780989	75502
929135	1010667
2136962	843222
2745874	60247
436703	287740
1117173	989681
3803766	144907
454208	222517
2011900	463902
4823514	224853
542516	949433
398904	258320
5034708	651013
1915784	430971
4556353	685316
1599135	966552
240540	238457
4673551	928450
2757581	951691
2571877	684279
903821	908383
1877402	404081
865145	707231
3150701	225701
3388586	574267
2043833	46825
3460145	247657
535196	1008115
1185620	518280
1019002	244840
4255849	1015475
3396257	69440
240184	857161
4365720	772314
4303577	23958
2232563	340871
2738702	386110
2285455	110007
3912280	404208
1319629	549998
3150950	825016,243167
1808329	83482
3760500	298010
1269579	127004,665695,284893
4078554	559631
1624042	848546,686876
693818	61803
3752008	322061
4383210	694466
3329776	819429
3593168	410066
4444281	494439
3424303	941552
908316	296976
2118438	868351
3958712	982686
2737921	228234
2118775	706132
5100047	758063
4867301	185174
1260684	136635
3633468	306081
1438634	344369
362549	448594
3999416	931475
3689036	438463
4957424	210268
1564580	853638
2409725	605915
3972598	301928
4389304	513678,651720
238402	904634
4287929	889871
3737278	288286
2538560	890847
4915583	553262
2437508	613805
1943204	275481
4379264	322205
429992	354518
1852663	619589
1166964	962716
4348956	207725
310632	439938
2461389	136437
1203461	754146,816999
3821924	175922
1674720	354892
4585096	772610
4908125	1011309
4803170	303075
4595558	337619
4992816	43646
111019	771046
2881710	723953
2156487	675225
291849	978953
3964975	307241
1619400	785333
4904169	581392
3453189	223491
1648242	146467
3044239	274666
2307539	222658
260528	97280
2486906	645548
1877079	979355
3292380	650582
5064114	1007528
1566083	259531
3873091	296274,666231
138302	912266
761779	439248
332775	931741
1542155	337417
2621574	405994
4810813	439564
4482005	979366
3246958	323146
3880525	357192
4069291	335401,545175
3657543	767876
3444789	670730
725401	538827
1755636	614120
1945286	157856
3473055	201626
1678519	452440
5054764	908753
2484177	120400
303540	389732
3065979	638256
943975	97545,482064
164820	917042
2319033	802241
291658	28429
1688811	916089
3799263	739482
1705963	565705
1380243	115200
2025187	932274
3420806	898262
5091783	688740
2016482	719262
764752	24106
3957256	279710
1251749	903650
1769392	215364
2435476	497937
4510249	70541
3124432	567046
890475	281329
3054946	657261
1552668	31846
1030230	730998
3754486	790533
372144	81212
1374871	883667
4360363	340057
2881695	473307
1934165	595295
3626626	230367
3147349	599554
1047955	145871
3618852	623222
1411563	666306
1301138	719440
4510069	174299
836787	126168
4150674	291960
88285	398943
688962	854011
2308411	651380
2183603	342244
955895	314289
3359913	909825,146405
4903582	730333
2339633	1012312
2953264	7539
3352536	446443
2982796	482111
5018229	884421
602351	355416
645592	263779
558362	495658
1756790	584097
4552951	633116,831913
3399971	333275
2072873	823233
46438	784749
501067	103291
4282175	526429
3196468	130355
3762289	557114
1168203	441479
4741568	883291
3111108	335693
2591314	625983
619243	487168
724202	18624
5013587	996071
4280386	409730
1689621	249231
609622	756878
4974155	771940
974892	985910
1094290	152160
1141190	251905
2292730	620632
2764127	461709
687624	608079
3551133	979795
4427194	716276
2912234	396937
4341340	151189
681578	585330
3865766	364186
2857238	843679
638604	747863
3305194	450910
4304802	1009764
343470	215540
550054	309616
4398034	521223
3049357	758092
1567019	371705
4453441	717715
3900188	825207
4970845	301644
3885764	95528
2957312	929690
4568853	62965
1516507	527538
1579735	206330
4616677	866206
3666769	342071
63316	212373
1286372	475788
512739	740891
4390335	954877
1869229	961233
577165	310188
5036221	257870
4742037	877347
3103756	856368
192155	504569
4556988	367764
4113233	603420
4752340	498064
1749831	818598
1856780	351115
3114136	857825
2726532	237341
1318572	375904
3606051	567177
453731	367032
293245	123354
1342322	851230
2856479	178093
582659	889448
2337257	99268
2435223	762285
298635	290028
4124468	31343
3181310	230910
5049777	751761
3790398	871148
1395155	294048
1069467	495250
4483916	404957
3594129	30995
796975	113848
3002325	599761
2822478	667967
1388148	83198
3431853	733707
2723265	717276
4163247	853846
3462451	529764
4454761	309757
2561562	716986
5104920	86117
2333257	962850
1922407	933218
3823081	772775
4942361	625446
816022	180404
3134820	917433
1839370	586324
4190395	530716
3538882	154683
1599902	492994
1114255	185319
776878	6997,330769
2104343	322986
1883005	67822
1860503	555465
3069304	819197
1941051	122829
923221	192961
59982	55458
4551110	859846
4955657	52551
4918506	153031
2603497	120087
1119803	659181
2490884	880194
3218177	669455
1395562	954265
1296573	447258
3798666	134216
5064129	674645
2311745	643769
3488444	279127
3047979	1000159
3312738	158600
2653636	141260
668362	657362
5051145	861431
661059	777394
1079646	591587
69703	112763
4094871	240705
1655903	524057
4158003	628742
3386371	554709
4881521	548869
4796627	233081
4704776	721919
4160442	491597
296831	567682
4388897	190192,949683
3793247	914099
2458033	233036
712939	930300
170500	47240
1817891	768699
3621595	38175
3504111	759938
1483995	49412
3063382	39958
4848245	591034
2702141	173640
1883474	360850
4338487	688684
2111912	270915
3289795	885164
4102893	407711
2930777	51786
3950877	376683
4147036	57834
1336910	376058
590795	10641
4736317	829395
2758032	447634
961780	422008
1672593	160117
3700557	638117
4923849	697577
861093	215759
444939	159494
4772038	19010
3728548	607996
3274708	85340
4078150	926558
1041171	65145
3335706	244134
3197502	153617
3122676	101543,369411
1149730	539356
4289765	612040
947861	581100
1911755	677519
3244134	346476,603064,161064
894615	125954
3677846	512457
1989686	637298
2693140	522146
3895062	965703
5158093	991220
2453685	124181
924464	729018
4296868	122606
4024742	657556
2342259	551872
3845720	318384
4072321	154949
4987957	81372
3049474	290313
3112556	821710
3933588	494585
3907983	914003
3550158	119022
2350858	697096
3255813	724258
251250	551361
2414709	934976
4505717	955194
3808246	323615
3665184	854861
766798	824913
1775689	560718
1665359	651069
4280027	633866
2840191	467498
557828	860208
4612750	456368
3103990	543671
3913872	212861
1948344	914490
1748151	631115
1644679	152808
3763484	361232
3827511	869277
719659	440844
3379926	184548
2888537	236845
1429155	882970
4216486	699412
3707354	148510
582901	800551
4889455	969308
386172	538201
4895780	558352
1526146	2459
1410485	911316
4733192	369500
1196190	904724
345557	327834
2359572	367759
2070387	503016
4761481	923670
2940563	426723
4988279	544467
