200109,1
573151,1
858274,1
452290,0
917586,1
239312,1
912318,1
17028,1
64615,1
925004,1
310486,1
76942,1
634982,1
251912,1
450575,2
691662,2
180892,1
639150,2
670146,1
576547,1
977317,1
650610,2
997832,1
192989,1
954015,1
863492,1
656663,1
795102,1
733292,1
899510,1
569118,2
458935,1
462271,1
993979,1
482259,1
123383,1
541347,1
450292,1
91558,1
653741,1
388007,1
867526,1
762645,1
962591,1
175476,1
477888,1
565972,1
203137,1
691589,1
1002588,1
126317,2
871394,1
110873,1
332662,1
396947,1
162526,1
939656,2
877958,1
341415,1
651556,1
602253,1
138985,1
828006,0
743787,1
72201,1
386478,1
487719,1
353999,1
1012484,1
331827,1
863771,1
680468,1
669089,1
901211,0
868486,1
966357,1
98748,1
70753,1
667890,1
863636,0
814113,1
92313,1
260242,1
356550,2
46509,1
520982,1
303831,1
514550,1
53464,1
499712,1
288619,1
368911,0
363088,1
401845,0
601164,1
455169,1
727444,0
755692,1
587026,1
394640,1
3465,1
725152,1
327000,1
374073,0
117403,2
936408,1
142043,1
552321,1
324481,2
215417,1
14612,2
824248,1
760834,1
445610,1
212795,1
957795,1
293891,1
640093,1
846732,0
403513,1
833745,1
480932,1
340418,1
227142,1
972819,1
897956,1
297327,1
583015,1
713797,1
394262,1
105347,1
91008,1
856779,1
665526,1
351326,0
706100,1
900771,1
101747,1
686477,1
720966,1
495198,1
266648,0
928836,1
636753,1
343064,1
771999,1
925617,1
296803,1
130743,1
222251,1
690669,1
171414,1
274850,1
439244,1
104805,1
175854,1
650904,0
796040,1
100742,1
61483,1
925888,1
325178,1
760049,0
945754,1
378187,1
970295,1
286613,1
211053,1
302706,1
328016,1
489937,0
107129,1
661676,1
663429,1
718134,1
511658,1
559580,2
210959,1
297202,1
77253,1
574101,0
213664,0
54957,1
83960,1
93864,1
507789,1
561990,2
419602,2
88172,1
590392,1
158107,1
275239,1
264044,0
269896,1
156828,0
726609,1
601719,1
778491,1
799256,1
797173,1
827661,0
594822,1
488653,1
906575,1
619967,1
717001,1
582799,0
391128,1
243647,1
201557,1
208428,1
529785,2
826914,1
558129,1
583466,1
351791,1
108324,1
148481,0
442956,1
751322,1
86413,1
999496,1
568212,1
1006591,1
503774,2
940045,1
490597,1
45991,1
260705,1
87432,1
696850,1
489845,1
611307,1
815396,1
752473,1
616553,1
436696,1
190316,1
12207,2
193751,1
163413,1
369101,1
316253,1
323305,1
192336,1
741301,1
80091,1
277615,1
637802,2
347413,1
925154,1
820145,1
968931,1
745114,1
681164,1
766007,1
739452,2
437011,2
970310,1
810418,2
867409,1
224943,1
563574,1
7535,1
275503,0
538996,1
393485,1
360005,1
510000,1
802383,1
101875,0
664022,1
846350,1
908261,1
730840,1
935047,1
5438,1
556552,1
860923,1
41140,1
597032,1
102715,2
518848,2
99565,1
406996,1
217408,1
956923,1
627494,1
720573,0
59800,1
156215,1
763239,1
722205,1
594015,1
278964,1
27320,1
166317,1
14865,1
563145,1
866187,1
945981,1
71905,1
133496,1
195283,1
337982,1
837466,2
566052,0
884019,1
552493,1
805049,1
513939,1
967394,1
923736,2
231176,1
230036,1
631451,1
418359,1
964971,2
692847,1
936664,1
1009514,1
8628,1
493365,1
970864,1
494267,2
15466,1
613844,1
89519,1
778411,1
976055,1
944016,1
188009,1
108393,1
397027,1
512060,1
125480,1
600200,1
702834,0
403928,1
886530,1
361714,1
669485,1
222244,1
920069,1
669353,1
707208,1
399906,1
550279,1
833969,1
303439,1
782599,1
95837,1
480411,1
218768,1
716686,1
608266,1
322854,1
688453,1
832546,1
436678,1
957407,1
365369,1
835284,1
616645,1
984904,2
203562,1
716378,1
868956,1
603140,1
135627,0
410201,1
852849,0
486237,1
241935,1
334925,1
403924,1
344131,1
104665,1
431604,1
258816,1
320926,1
299387,1
312194,1
780061,2
937335,2
146638,1
348766,0
87652,1
349392,1
86130,1
401339,1
70261,1
151908,1
756385,1
322825,1
135696,2
984544,0
770671,2
203030,1
32090,1
30360,1
515959,1
247324,1
634564,1
498454,1
499862,1
134093,1
326872,1
1003361,1
28196,0
159951,0
578109,1
824640,1
255556,2
967934,1
145802,0
386588,1
397357,1
288534,1
355010,0
938208,1
712400,1
424200,1
496294,1
463911,1
910826,1
470133,1
700234,1
534112,1
748685,1
756349,1
20549,1
229195,1
521459,2
609072,2
694515,1
952468,1
188621,1
294540,1
413673,1
312257,1
912075,0
999999,1
654009,2
500669,1
31358,1
239172,1
169507,1
209355,1
154668,1
240082,1
739827,1
641564,1
950525,2
105747,1
992581,1
666611,2
792378,1
696201,1
958587,2
904540,1
420060,1
130974,1
259721,1
322850,0
658786,1
484891,2
637321,1
173199,1
407609,1
447171,1
561745,1
932473,1
448657,1
733061,1
119416,1
123967,1
966188,2
221328,1
88958,1
21777,2
985952,1
100870,0
235011,1
187095,1
442563,2
986535,1
384968,1
21230,1
123761,1
535715,1
987606,1
945244,1
312536,0
116905,1
726256,1
869135,1
707824,0
1006265,1
177027,1
406138,1
535957,1
202569,1
330455,2
867016,1
611886,0
198000,1
478610,1
582759,1
791733,1
814429,1
17482,1
906025,1
311069,1
564968,1
28064,1
931043,1
910385,1
130347,1
74203,1
543727,1
926283,1
906784,1
547129,1
501963,1
747758,1
379317,0
979186,1
214269,1
695787,0
873804,1
261940,2
363723,1
645814,1
442248,1
623355,1
595089,1
256212,1
85306,1
281586,2
599104,1
144834,1
636474,1
35857,1
263560,1
527673,1
878111,2
750846,1
647834,1
819330,1
16977,1
1006706,1
218687,1
216663,1
81272,1
159063,0
226277,1
5911,0
214412,1
776563,1
745385,1
824086,0
680321,1
607081,1
82174,2
911537,1
224455,1
136062,2
525848,1
835031,1
956581,0
501659,1
679811,2
504070,1
564014,1
608006,1
569727,2
601425,2
686851,0
271848,1
336017,1
400631,2
467210,2
199702,1
389077,1
764342,1
924076,1
1014905,1
251798,1
518396,1
788043,1
1006537,1
522519,1
439248,2
736310,1
146362,1
8330,1
674960,1
847469,1
556303,1
454616,2
266956,1
181020,1
513564,0
300968,1
221290,1
334554,1
78676,1
959735,1
130589,1
629335,1
359164,1
325284,2
773322,0
548867,1
371687,1
843942,1
158837,1
492247,1
574596,1
157300,1
713173,1
66235,1
420486,1
106205,1
703772,1
776178,1
845416,2
177375,1
118206,1
436311,1
900430,1
35002,0
632937,1
46824,1
86354,1
357922,1
652069,1
813570,1
936462,1
722450,1
368625,2
130835,1
804628,1
370756,1
467908,1
592945,1
776127,1
259930,1
15206,1
133537,1
14249,1
227920,1
161730,1
604732,0
901992,1
481786,1
582667,0
811213,1
723767,1
10209,1
580052,1
87050,1
319582,1
953443,0
536796,0
190411,1
57174,1
459381,2
119492,1
446006,1
167361,1
25205,1
90182,1
976958,1
920461,0
799836,1
386870,1
313841,1
909424,1
94524,1
969437,1
43597,1
438944,1
551632,1
521040,0
832502,1
854135,1
932709,1
253543,1
155760,1
739405,1
330077,1
344539,1
456614,1
871170,1
858726,1
224253,2
484392,1
780869,1
436531,0
129341,2
235190,1
739900,1
344025,1
580191,1
802222,1
582708,0
535395,1
583727,1
786096,2
774932,1
846585,1
647470,1
541208,0
872634,1
547268,1
655981,1
1001330,1
264547,1
706405,1
619578,1
601201,0
542791,0
378693,1
16999,1
491730,1
177980,1
475750,1
286693,1
481492,2
254474,1
512053,1
929811,1
699134,1
240864,1
750817,1
228370,1
812805,1
14300,1
46691,1
917869,0
445001,1
82666,1
703783,1
895051,1
868002,0
842729,1
520252,1
202507,1
414216,1
673060,1
446020,1
143888,1
756400,1
14113,1
199650,1
174079,0
222721,1
340692,1
506821,1
39817,1
770796,1
428123,0
435835,1
815958,1
134673,1
904214,1
786261,2
443377,1
691431,1
818560,1
632085,1
842923,2
848602,1
581677,1
412430,1
1008021,1
972738,1
630663,2
712602,1
287108,1
601638,1
985435,1
719043,2
355711,1
245913,1
632441,1
737245,1
778037,2
448257,1
199188,1
693671,1
694151,2
673211,1
68468,1
504445,1
609373,0
610665,1
870809,2
146263,1
281535,0
17101,1
230395,1
371199,1
924539,1
711740,2
432902,1
853916,1
840749,1
246363,2
566331,1
323114,1
398262,1
984999,1
226262,1
1008281,1
796415,1
400202,1
721439,1
172701,1
611868,1
155816,1
950246,1
415147,1
302287,1
841889,1
661926,1
217293,2
958606,1
916938,1
496096,1
759058,1
810395,1
98193,1
29337,1
294283,1
512347,1
443021,1
466451,1
17640,2
886273,1
484062,1
1009059,1
495693,1
465887,1
154983,1
155812,1
41852,1
638351,1
285388,1
847953,1
539498,1
516101,1
626916,2
190693,1
860288,1
643247,1
67809,0
339111,1
479655,1
972903,1
363312,1
284475,1
648750,1
327936,1
256575,0
308847,0
487586,0
499040,2
179920,1
60138,1
488558,1
16313,1
365615,1
637200,1
380894,1
398530,1
10296,1
964836,1
103158,1
384960,1
167651,1
160667,0
913960,1
405290,1
663928,0
6666,2
685399,1
515137,1
542546,2
959588,1
804433,1
520520,1
243331,1
377289,2
102755,1
239165,1
43047,1
378257,1
862026,1
294687,1
650210,1
422059,1
897295,2
906975,1
108258,1
625159,1
567758,1
704946,1
268583,1
709550,1
477084,1
444451,1
397999,1
454308,1
367990,2
607801,2
321930,1
736141,1
254386,1
889614,1
628118,1
677417,0
672977,1
820215,1
751418,1
552581,1
183781,1
429465,1
947576,1
131843,1
134291,2
684284,1
127219,1
835123,1
954242,1
794761,1
485225,1
817875,1
578156,1
866907,1
815785,1
73190,1
554727,1
845203,1
266178,1
894748,2
581604,0
518844,1
13772,1
774657,1
1014017,2
505839,1
304340,2
436296,1
879501,1
444084,1
959973,1
48235,1
505307,1
340072,0
549798,0
164858,1
67173,1
292788,1
220419,2
307277,1
408617,1
356136,1
57105,1
97608,1
402244,1
533111,2
517117,1
308083,2
756150,0
721916,1
642752,1
335522,1
785015,0
951096,1
957869,1
445272,1
320636,1
724665,1
562739,1
20167,1
275594,1
795241,1
128410,1
1011029,2
100162,1
219549,1
352147,1
294566,1
348906,1
853185,2
583114,1
77448,1
677916,0
254430,2
508445,2
389877,1
720005,1
900845,1
48910,0
996277,1
170691,1
15187,1
866370,1
137360,2
301547,1
844220,1
833341,2
806574,1
929484,2
562669,1
118257,1
460769,0
446615,1
91125,1
315135,1
208112,2
793559,2
680824,1
883825,1
180371,1
293664,1
77257,1
241337,1
299219,1
243034,1
133999,1
15880,2
46974,0
115764,1
727745,1
186366,1
374228,1
563273,0
531296,1
792840,1
452203,1
151607,1
331735,1
823650,1
107617,1
16159,1
808668,1
274920,1
403575,1
695633,1
931241,1
157854,1
1002694,0
425311,1
496966,1
767488,1
918543,1
522577,1
961440,1
841335,1
877455,1
503239,1
499264,1
665519,1
862099,1
793896,1
455693,1
267597,1
1003776,1
305338,1
352327,1
631880,1
363686,1
131025,1
652861,1
478793,1
453303,2
813343,1
886545,1
102021,1
602572,1
803696,1
956798,1
903224,2
710787,1
461942,1
1005330,1
200699,1
77004,1
66958,0
537580,1
1003611,0
206330,2
106263,1
869939,1
349529,0
57163,1
376938,1
353427,1
456081,1
357023,1
80477,0
392950,1
824457,0
990947,1
667249,1
165590,1
343853,0
181941,1
805647,2
444260,0
902175,1
216858,0
422066,2
131362,1
359021,1
509790,1
812618,1
526159,1
609971,1
905314,1
269919,1
928645,1
746203,1
669881,1
501985,1
885580,1
579700,1
85995,1
462756,0
503484,1
496210,1
897644,1
862888,1
121466,1
441962,1
956831,2
625357,1
178442,1
750868,1
622332,1
695149,1
684860,1
690889,1
441559,0
294122,1
328254,1
67027,2
401856,0
941761,0
332314,1
459404,1
646473,1
524560,1
506531,1
797980,1
403285,1
263069,1
698265,1
124568,1
817002,1
114932,1
995544,1
312660,1
189071,1
714945,1
384681,1
804664,1
935490,1
507095,1
505211,1
437330,1
281249,1
733007,2
833271,1
120450,1
451338,1
927608,1
504412,1
307680,1
750112,1
1005918,1
200394,1
663773,1
993069,0
737748,1
201663,1
987385,1
272629,1
454939,0
200637,2
683371,1
247779,1
405148,2
757302,1
217848,1
759726,1
788117,1
210834,1
772835,1
616861,0
171674,0
247430,0
453482,1
253242,2
339368,1
846912,1
497619,2
841412,1
696829,1
982351,1
669940,1
346889,1
859022,1
296645,2
190062,1
589079,1
1002331,1
448781,1
512222,1
527196,1
820259,1
90649,2
878100,1
625720,1
333627,1
517986,1
378495,2
684475,1
516439,1
821696,1
217477,1
594488,1
843872,1
322979,1
396910,1
181273,1
277611,1
949174,1
355209,1
866190,1
606037,1
174736,1
210694,1
232555,1
271066,1
1015685,1
244927,1
579524,2
805999,2
357409,1
597737,2
805944,1
141112,2
127864,1
454810,1
463904,1
388575,1
569488,0
223083,1
195438,1
6714,1
415136,1
591272,2
777168,1
208897,1
234490,1
317427,1
934721,1
249575,1
899477,1
699604,0
642781,1
908603,1
37961,1
285722,1
375041,1
376684,1
268536,1
410528,1
851169,1
587873,1
669470,1
999533,1
722616,0
13615,1
40716,1
786511,1
507345,2
883623,0
893967,1
142524,2
118165,1
180809,1
439479,0
895183,1
849386,1
70085,2
223399,2
639624,1
323866,1
314820,1
472719,1
889302,1
1002258,1
343314,2
662790,1
716059,1
514165,1
159977,1
807447,1
182142,0
327624,1
142623,1
742603,2
746603,1
764328,1
577566,1
36025,1
591357,1
517230,1
726249,1
15899,1
991306,2
341554,1
911294,1
961239,1
621016,1
408169,1
884312,1
178093,2
17868,2
387134,1
74713,1
998091,1
758736,1
507891,1
857017,2
912707,2
703064,1
735313,1
689993,0
647232,1
678340,1
715762,1
786229,1
732875,1
958495,1
916747,1
73660,1
83227,1
944896,1
833349,1
383552,1
13545,2
513131,1
380777,1
393951,1
569484,1
433727,1
311256,1
69164,1
361813,2
40125,1
634795,1
941134,1
906249,2
381426,0
122867,1
485966,0
89896,1
280035,1
929884,1
155276,1
638520,1
177218,1
695288,1
867607,0
75909,1
770037,1
653862,1
909570,1
839790,1
25568,1
284974,1
502355,1
923945,1
728221,1
537834,1
601157,1
403777,1
787989,1
681230,0
160784,1
215204,1
592974,1
561154,1
60992,1
550943,2
422624,1
890993,1
498847,2
715887,1
910330,1
624334,1
281483,1
454010,1
718248,1
106627,1
114958,1
173412,1
869935,1
509927,1
869755,1
807223,1
132950,1
931634,2
261207,1
415048,1
753991,1
740454,2
348517,1
937603,0
869601,2
757104,1
961268,1
509662,1
716213,1
24013,1
29638,1
459279,1
693613,1
17882,2
954653,1
992842,1
805364,1
418971,1
854407,1
668264,0
658577,1
284585,1
545927,1
687063,1
137555,1
268947,1
134413,1
875761,1
314596,1
81991,1
982106,1
118907,1
547459,1
843267,1
596273,1
785536,2
130905,1
27885,0
293154,2
542773,1
335595,1
578383,2
507253,1
911009,2
183419,1
14490,1
162430,1
722744,1
718817,1
344953,1
549178,0
285407,1
353247,0
764650,1
868116,1
539971,1
694669,1
913164,2
871758,1
7564,1
779346,2
317108,1
666170,1
204101,2
975476,1
932503,1
376516,2
596439,1
85841,1
814179,1
912769,1
914851,1
229438,1
805988,0
371339,1
261841,1
523750,1
866466,2
562559,1
45173,1
360089,1
901886,1
796646,1
2428,2
248824,1
674825,2
864901,0
403010,1
802248,1
300193,1
899451,1
257723,2
224374,1
350170,1
75273,1
583462,1
887090,1
100269,1
392554,1
229559,1
868549,1
461146,1
412562,1
891532,2
49283,1
43890,1
212256,1
803623,1
634245,2
225463,0
140009,1
805654,1
553498,1
473781,2
302159,1
404352,2
474034,1
941116,1
357195,1
626985,1
895404,1
778565,1
821517,1
127545,0
82020,1
15521,1
289065,1
915489,1
565228,1
459451,1
713294,1
428200,1
758611,1
514969,1
472384,1
323220,1
698533,1
945909,1
356224,2
721846,1
264679,1
124957,1
267733,1
361509,1
821737,1
836689,1
229052,1
12724,1
258904,1
887748,1
417530,1
1004593,1
66899,0
297206,1
796811,0
555779,1
574817,1
787703,1
189776,1
421649,2
167945,1
449672,2
637358,1
750619,1
593638,1
395007,1
667968,1
517946,1
681205,0
651516,1
769046,1
977409,1
578927,0
201825,1
139308,1
360243,1
732255,1
695417,1
499143,1
439538,1
208945,1
997391,1
715696,1
677013,2
188694,1
845401,1
657103,2
18429,2
786225,2
677152,1
821692,0
879307,1
41757,1
442619,1
564292,1
515470,1
548944,1
783138,1
276258,1
909970,1
246279,0
916714,1
609304,1
917593,1
948089,1
740803,1
1492,1
290867,1
931957,1
918338,2
468912,1
756419,1
736138,1
27203,2
417581,1
574181,2
302856,0
674139,2
393203,1
270670,1
625915,1
23519,1
844073,1
40165,1
680806,1
482680,1
756426,1
893592,1
990550,2
650621,1
963864,1
124193,1
515119,1
329398,1
806479,1
911849,0
47609,1
916369,1
606547,1
765053,1
311748,1
498663,1
547990,1
917708,1
671848,1
128579,1
1012312,2
232618,1
358354,1
985527,1
321882,1
894366,1
1016525,1
59918,1
534266,2
184977,1
72894,1
719704,0
822837,1
885522,1
828633,1
49276,1
728137,1
899059,1
1002580,0
431431,1
956105,1
847164,1
793434,1
355814,1
678069,1
923307,1
584742,1
211905,1
854777,1
722535,1
175696,2
780825,1
275088,1
572231,1
187309,2
1008935,1
197946,0
781910,1
786980,1
147529,1
726894,2
832623,0
391458,1
561796,1
968696,1
890120,1
918019,1
40136,1
636771,0
1008117,1
250085,1
249315,1
89717,1
103668,0
836898,1
139014,1
354688,1
567581,1
85731,1
201311,1
501758,1
437859,1
100368,1
282040,1
182799,1
655460,1
243272,1
752734,1
529947,1
993627,1
404587,0
955573,1
399939,1
204299,2
339900,1
941552,2
838991,2
280985,1
498186,1
515294,2
656814,1
394817,0
63382,1
721079,1
226901,1
871956,1
558316,1
964964,1
235088,1
398299,1
168784,1
46394,1
452379,1
189417,1
269423,1
629111,1
451484,1
763943,1
72579,1
830016,1
137629,1
819873,1
285117,1
641450,1
741891,1
1012848,1
260693,1
635679,1
797537,2
295707,1
769831,1
1009220,1
409621,0
865560,1
1001738,1
723187,1
67357,1
137690,2
705620,1
993997,1
48594,1
549002,1
29821,1
424105,1
284204,1
295864,1
767844,1
676467,1
210317,1
927732,1
486039,0
612520,1
123321,1
588298,1
364702,1
828857,1
155782,2
482945,1
798794,1
500911,0
579704,2
475208,1
375250,1
249605,1
543103,2
325523,2
801405,1
57307,1
1005518,1
641575,1
475219,1
629515,0
575414,1
361556,1
907932,1
731809,1
37767,1
694526,1
981354,1
974053,1
390358,1
393467,1
885782,0
325589,1
354930,1
377164,1
721802,1
770080,1
223061,1
789033,1
329787,1
594965,1
151306,0
532271,1
635172,1
689634,1
864181,1
162085,1
124432,1
854223,1
403913,1
279880,1
53295,1
1002016,1
449496,1
755726,1
151753,0
780311,2
151555,1
608633,1
799531,1
735430,1
203302,1
505314,1
223876,1
429865,2
927325,1
463364,1
190855,1
621423,1
176132,1
132958,1
125800,2
513641,1
871790,1
101101,1
250683,1
654591,1
93868,0
622192,1
700311,1
987954,1
318680,1
454087,1
807993,2
225250,1
923068,1
583235,1
208608,1
449834,1
305066,1
366252,1
598103,1
675334,1
292579,1
49100,1
518488,2
77091,1
406185,1
492119,1
325978,1
765981,1
924380,1
962867,1
640109,1
152431,1
36748,1
456489,1
522562,1
923699,1
976187,1
606851,1
328379,2
240655,1
436773,1
453648,1
38760,1
347640,1
762014,0
234043,1
877994,1
2259,1
302739,1
724809,1
599409,1
146605,1
443018,1
757290,2
588595,1
32872,1
171054,2
250346,1
269632,1
350729,2
457079,1
947907,1
591742,1
427232,2
453633,1
542032,1
748120,1
369871,1
587965,1
124403,1
648604,1
62565,1
827155,1
264866,1
831747,1
27661,1
257668,1
571814,1
315179,1
106861,1
160230,1
897196,1
180661,2
308993,1
474485,1
888781,1
700586,1
227528,1
497923,1
713243,1
341202,1
804848,1
892496,1
749194,1
501769,0
760313,1
196963,1
863533,1
314677,1
19932,2
558532,1
971025,1
624631,1
545824,1
576671,1
109314,1
417585,1
508203,1
110859,1
834841,2
519973,1
442776,1
740957,1
278061,1
119155,1
546799,1
37774,2
1014064,1
401108,1
602808,1
217040,1
618030,2
346100,1
327503,1
579902,1
504809,1
75167,1
344117,1
128681,1
846024,1
301606,1
628859,1
359711,0
128175,1
932907,1
98667,1
656858,1
783879,2
582043,1
220792,1
880150,2
357915,1
104049,1
762917,2
709129,1
892191,1
202686,2
602381,1
132965,0
40448,1
61106,1
290386,1
89742,1
593678,1
1002698,0
404381,1
269207,1
384818,1
628907,1
634975,2
650335,1
841584,1
715539,1
969206,1
501699,1
221001,1
826701,0
438973,2
313199,1
499958,1
86057,1
811161,1
188489,1
77444,1
660228,1
693415,1
860589,1
346951,1
975106,0
560766,1
741352,1
532947,1
855033,1
56386,1
138893,1
349264,1
957579,1
479479,1
219545,1
329138,1
530820,1
279576,0
553029,1
288002,1
404620,1
66293,0
834863,1
383178,1
45467,1
1002247,1
468604,2
985482,1
659813,1
266633,1
597461,1
603881,1
497662,2
134071,1
19660,1
690694,1
139979,1
890315,1
880895,1
910602,0
492155,1
803003,1
493729,1
115841,0
174387,1
33792,1
552684,1
510895,2
94854,1
984012,1
768614,1
417985,1
476355,1
932077,1
850359,1
106429,1
327268,0
577427,1
384388,1
20479,1
44059,1
51969,2
832997,0
181718,1
905208,1
367495,1
353717,1
381440,2
431365,1
958297,1
309316,1
606543,1
854685,2
817365,1
608505,1
933177,1
248251,1
475295,2
21267,1
576983,1
501534,1
86952,1
191166,0
365736,1
714585,1
436649,1
633046,1
895150,1
498711,1
157917,1
104180,2
786496,1
30126,1
816056,1
896621,1
111661,1
304036,1
84257,1
20707,1
428516,1
640916,2
653183,1
737575,1
617947,1
579153,1
753313,1
594330,1
240608,1
588874,1
393511,1
189817,1
328445,1
506740,1
165033,1
381833,2
820794,0
888363,2
732992,1
998613,1
982153,1
129246,1
512457,2
491943,1
765798,1
121451,1
501178,1
322986,2
31097,1
433947,1
885720,1
483586,1
689289,1
433550,1
264873,1
848026,1
263803,1
86552,1
473840,1
631228,0
752888,1
937148,1
177034,1
766506,1
332589,1
65663,1
176242,1
704623,1
264848,1
532,1
411642,1
186612,2
902982,1
439343,1
31101,2
764427,1
820255,1
79307,1
609465,1
907213,1
282554,1
857938,1
261665,1
566302,1
804161,2
48150,1
20307,1
283324,2
466231,1
824417,1
298177,0
556248,1
851763,1
828501,1
454627,1
638094,2
381055,1
224561,1
513935,1
572536,1
25373,1
677002,1
531443,2
204970,1
607218,1
388399,1
732093,1
31075,2
745059,1
449159,1
679338,1
452023,1
652616,1
327745,1
909831,1
167141,1
983187,1
548092,1
238571,1
612542,2
573896,1
907701,1
528388,1
465388,1
528535,1
480022,1
968872,1
360456,0
565716,1
888051,1
684280,1
23276,1
738051,1
453361,1
40880,1
309565,1
618841,1
797199,1
132741,1
620187,1
492151,1
493570,2
309697,1
610016,1
749712,2
142609,1
828057,1
456870,1
433279,1
977588,1
67599,1
438269,1
208787,1
35787,1
243636,1
297781,1
965880,1
589886,1
298148,1
385925,1
592707,1
760261,1
466352,1
153872,1
944618,1
36160,0
539061,1
456933,0
640909,1
922728,1
897813,1
695493,1
766997,1
957131,1
888480,1
98656,1
176936,1
774866,1
685160,1
111368,1
273875,1
545769,1
723525,1
376615,1
405243,1
164942,1
344890,1
978710,1
488598,1
218757,2
834009,1
723488,1
896247,2
443795,1
806273,1
861784,1
389231,1
915951,1
572583,1
352121,2
235613,1
680695,1
815994,1
134189,1
421506,1
697352,2
623209,1
5412,1
555140,1
281696,1
310835,1
498216,1
956039,1
799333,1
254243,1
373245,0
81393,1
392851,1
433228,1
221779,1
349062,1
343691,1
525891,1
977034,1
805038,1
875420,2
201733,1
686370,1
794893,1
437260,1
655215,1
821524,1
941237,1
476326,1
991724,1
437961,2
795704,0
563174,1
755744,1
564450,0
862525,1
511034,1
877617,1
97251,2
963307,0
864552,1
232489,1
535494,1
591034,0
316176,1
842585,0
869627,1
716183,0
204790,1
574509,1
483238,1
944911,1
449919,1
818722,2
951283,1
105181,1
120513,1
101248,1
191023,1
482325,1
717409,2
237240,1
528029,1
306566,0
657969,1
970064,1
407227,1
246059,1
64383,1
779412,1
578798,1
736006,1
983121,1
789437,1
288446,2
202183,1
465014,1
142032,0
139498,1
420329,2
426444,1
31350,1
673479,1
883722,1
440738,1
924021,1
792583,1
541105,1
912978,1
765307,1
19330,1
86846,1
411994,1
414605,1
386331,2
125943,1
698137,1
48389,1
540739,1
287306,1
803957,1
847076,1
872546,2
69638,1
400055,1
58230,1
627795,2
924535,2
149516,1
22389,1
7384,1
837657,1
299093,1
166908,1
917799,0
938204,2
998129,1
180045,1
156707,1
251394,1
134684,1
323712,1
565738,1
473998,0
155430,1
516952,1
540056,1
234362,1
897244,1
352466,1
879163,1
899118,1
802284,1
353805,1
773120,1
683782,1
42002,1
388061,1
3270,1
597939,1
213660,0
189299,0
827809,1
144995,1
804811,1
164050,1
555250,1
857482,2
81074,1
910378,0
761831,1
835471,1
352077,1
372244,1
311737,1
708906,1
677288,2
879637,1
923277,1
114073,1
389907,1
76894,1
501376,1
1017768,2
194022,1
666703,1
805793,1
56272,1
877426,1
562096,1
908445,0
496841,1
594657,1
947646,2
939120,1
937669,1
717346,2
587943,1
410281,1
250041,1
926926,0
917645,2
803171,1
504577,2
1010101,1
312844,2
955731,0
863306,1
266394,2
344726,1
223777,2
221203,1
911489,2
567864,1
838694,1
185101,2
492009,1
166775,1
36292,1
159346,1
278197,1
528245,1
476719,1
47065,1
782595,1
355223,2
814018,1
539450,0
132132,1
526973,1
430782,1
491136,1
212744,1
482905,2
528443,2
149350,2
911063,1
967718,1
31501,1
1915,1
373308,1
611475,1
922995,1
2358,1
595218,1
900104,1
676999,1
384429,1
125239,1
448561,1
584511,1
175704,1
60211,1
276364,2
144353,1
714493,1
421308,1
455969,1
255860,1
957887,2
329013,1
421733,1
734095,1
834661,2
307989,1
67933,1
92140,1
656395,1
603786,1
597836,1
379250,1
445287,1
141835,1
940151,1
628738,1
843047,1
964418,1
720779,1
539850,1
204989,1
794619,1
337278,1
465267,1
952648,1
668763,1
765390,1
164913,2
507617,2
309994,1
295031,1
217459,1
982447,1
768984,1
724371,1
15370,1
929091,1
510510,2
277071,2
641744,1
15,1
155874,0
176679,1
514895,1
659464,1
1007853,1
778316,1
936635,1
122812,1
60589,1
353092,1
131616,1
944687,1
1001491,1
152417,1
212898,1
775580,1
857053,1
230326,1
99334,1
347549,1
987473,2
800073,1
788917,1
79978,1
884231,0
928483,1
385965,1
546494,2
534545,1
483193,1
842105,0
950426,1
552875,0
1007703,1
560722,0
644361,1
708681,1
408356,1
497941,1
487344,1
31538,2
925565,1
985684,1
390992,1
896805,1
756466,2
68475,1
217727,1
893534,1
133816,1
1478,1
757595,1
37488,1
407829,2
411107,1
425692,1
602983,2
82930,1
421931,1
585680,1
594459,1
357599,1
358424,1
390680,1
964281,1
24446,1
144562,1
53549,1
554686,1
887865,1
207812,1
538567,0
246833,2
988100,1
272991,2
990103,1
990190,1
345796,1
796925,1
276306,1
582766,1
673053,1
971292,1
554103,2
653480,1
70834,0
922298,1
1001617,1
155188,1
767118,1
693352,1
304182,0
878724,1
569536,1
871024,1
596581,1
990877,0
460831,2
731096,1
720661,1
113997,2
543022,1
885933,1
561125,1
169190,1
676764,1
40330,1
909002,1
765589,1
219501,1
59293,1
623410,1
3373,1
214108,1
680707,1
157531,1
151816,1
35141,0
945563,1
390284,1
558972,1
840312,1
98818,1
9991,1
743875,2
36278,1
490139,1
886093,1
721123,1
654702,2
690580,1
947125,1
631712,1
247306,1
191511,1
248860,1
140423,0
430386,1
926618,2
600909,1
105743,1
329123,1
413398,0
173519,1
1011443,1
463155,1
370451,1
349675,1
400510,1
534152,1
460192,1
772592,1
29986,1
149336,1
49548,1
652476,0
546571,1
843458,1
666604,1
616582,1
45515,1
587190,1
791139,1
847784,1
28204,1
972543,1
339166,2
574031,1
891301,0
358761,2
613884,1
806402,2
281766,1
301187,1
677060,1
629041,1
573038,0
87223,1
931902,1
910705,1
218999,1
238139,1
938761,1
80084,1
917344,1
444660,1
14072,1
289917,1
817699,1
204923,1
750806,1
879846,2
747369,2
389183,1
61197,1
70580,1
31376,1
885951,1
566489,2
271510,1
749727,0
948463,1
773090,1
931939,1
1012763,1
204233,1
864534,1
491598,0
947080,1
981262,1
216818,1
417497,1
52551,2
598693,1
460428,0
866389,1
544276,1
33594,1
312297,1
128421,1
332347,1
324863,1
943925,1
593069,1
638968,2
372820,1
186692,1
808705,1
546223,1
515966,1
509707,1
753999,1
422389,0
338620,1
504753,2
568766,2
156222,1
46574,1
257088,2
131193,1
514271,1
220190,1
398156,1
884767,1
428952,1
704443,1
691299,1
42475,1
5360,1
303248,1
661140,1
884129,0
477051,1
322061,2
731940,2
53868,1
962243,1
89397,0
895488,1
935377,1
128898,1
743916,1
53615,2
170765,1
191889,1
405511,1
546249,1
540207,0
466275,1
716125,1
95778,1
506399,0
236526,2
866705,1
998400,1
304061,1
204505,2
939748,1
446516,1
575898,1
254360,1
353360,1
879761,2
265632,1
531571,1
825106,2
1003042,1
520348,1
1006122,1
60868,1
34760,1
90656,1
832010,1
125950,1
571076,1
899532,1
254779,2
137809,1
528803,1
283566,1
173133,1
718288,1
456191,2
731162,1
145017,1
914132,1
44606,1
950859,1
620800,1
898410,2
75691,1
797489,1
973584,1
69300,1
820204,1
128483,1
431857,1
535209,1
1004520,1
269863,1
706827,0
565770,2
747813,1
229056,1
845690,1
369820,1
789279,2
788960,1
787725,1
537849,1
294793,2
723477,1
396107,1
307181,1
571351,1
843182,1
611570,1
680549,1
730998,2
988896,0
156684,2
477066,1
942403,1
325857,1
604167,1
334228,1
935542,1
430427,2
203009,1
715748,1
1002647,1
989585,1
289304,2
377689,1
291545,1
919104,1
176819,1
786908,1
191287,1
689469,1
51037,1
308300,1
700058,1
520593,1
92683,1
894395,1
274715,2
483414,1
599577,1
696843,1
159232,1
459228,1
509691,1
549978,1
53640,1
638083,1
300755,1
680035,0
7960,1
412287,1
63702,1
867038,0
572598,1
677985,1
184119,1
860509,1
928319,1
962951,1
977148,1
221067,2
701084,1
427485,1
832311,1
64505,1
561514,1
587301,1
841210,1
259042,1
94829,1
599548,1
11312,1
788902,2
798248,1
561998,1
804660,0
193021,1
315399,1
964968,1
914080,1
710868,1
304388,1
534406,1
571447,1
578145,2
769608,1
251527,1
580016,0
677255,1
33880,2
264686,1
685582,0
578149,1
652227,1
312815,1
297679,2
691181,1
996493,1
668576,1
215644,1
111302,1
140089,1
340153,0
792444,1
173786,1
251905,2
742867,1
876391,1
674047,1
882750,1
105611,1
649311,2
371827,1
4646,1
489478,1
331089,0
683728,1
181170,1
834782,1
6028,1
708326,0
121514,1
181846,1
828493,1
980298,1
10319,1
614346,1
213422,1
776703,1
869821,1
878272,1
200460,1
846941,1
164490,1
141871,1
878999,1
977834,1
777634,1
34324,2
193032,0
203551,1
262817,1
39530,1
435192,1
101406,1
320070,2
443308,1
614838,2
966137,0
617998,1
343189,1
53563,1
756136,1
178530,0
884385,1
211916,1
596369,1
114752,1
350075,1
931292,1
498003,1
311957,1
535414,1
478423,0
919595,1
53167,2
220059,1
754479,1
653073,1
966580,1
602004,1
31343,0
96665,2
540878,1
651941,1
218698,1
442853,1
332828,1
630546,1
332802,1
457042,0
108870,1
301635,1
339937,1
978086,1
1011157,0
859631,1
401467,1
376538,1
197483,1
393580,1
51408,1
228066,1
531319,1
865476,1
946968,1
117182,1
308058,1
530761,1
694940,0
977360,1
1004641,0
671558,1
486626,1
131799,1
911544,1
863713,1
540375,1
931865,1
9805,1
373443,2
544717,1
96166,1
108694,0
694793,1
352400,1
362098,1
964674,2
201267,1
309895,1
464196,0
922823,1
410018,1
815026,1
200116,1
453493,2
715850,1
537445,1
822752,0
454065,1
176301,1
983884,1
215244,0
33826,2
48110,1
310497,1
1001507,1
179425,1
276416,1
78133,0
917535,2
793126,1
654874,1
576598,1
892041,0
803751,1
650364,1
722490,1
537661,1
46806,1
235004,1
968795,1
170772,1
26804,1
23324,1
468343,1
373689,1
991339,0
343729,1
290467,1
263209,1
783406,1
741682,1
191137,1
451550,1
770426,1
146395,1
487542,0
167934,1
361802,1
975337,1
445081,1
353313,1
298782,1
703659,2
48727,1
105923,1
260080,2
122294,2
575784,0
673530,1
64970,1
539182,1
173438,1
360984,1
280523,1
736123,1
381363,1
239770,1
965419,1
492463,1
892694,1
767525,1
150161,1
990804,1
984658,1
254610,1
586429,2
999775,1
268862,1
628653,0
858807,2
721244,1
219420,1
267128,1
919412,0
130783,1
639969,2
178082,1
125125,1
801676,0
758325,1
494913,1
817842,1
206389,2
246367,1
149420,0
972866,1
589905,1
255549,1
403942,1
809739,1
515012,1
208695,1
981039,1
869326,1
481618,1
729864,1
603728,1
981042,0
87656,1
308960,1
753045,1
282437,1
205274,1
441595,1
306177,1
49001,1
415558,1
702180,0
770921,1
308883,1
988081,1
577162,1
719605,1
195412,1
653499,1
184184,1
635709,2
252957,1
653217,1
404598,1
513906,1
628220,1
988915,2
415091,1
932356,1
799854,1
613561,0
774734,1
177229,1
302636,1
534295,1
476748,1
676537,1
19080,1
585956,1
131050,1
970549,2
752213,1
994363,1
263308,2
739782,1
107620,1
249803,1
807380,1
6589,1
288109,1
585376,1
322674,1
535524,1
777182,1
632559,1
431538,1
253668,1
681894,1
866848,1
380601,0
310178,1
829638,1
830470,1
276452,2
2299,1
60721,1
37147,1
666417,1
542238,1
237020,1
897145,1
705341,0
377894,1
169734,1
199544,1
424710,1
150422,1
829425,1
214221,1
821854,1
492016,0
679293,1
287937,1
994480,1
584508,0
295732,1
965055,1
354538,1
366773,1
211189,1
765622,1
950084,1
515896,1
829652,1
973625,1
545758,1
269195,2
626237,1
302342,1
880598,1
16867,1
971788,1
564689,2
1008821,1
89988,1
188012,1
576620,0
637314,1
574688,1
994796,1
373270,1
413677,1
63225,1
484569,1
732101,1
412591,1
503008,1
210621,0
946414,1
367770,1
563039,2
430544,1
228682,1
796455,1
482813,1
199904,1
659402,2
683481,1
689216,1
392998,1
782724,1
50340,1
52416,1
66378,1
135975,2
209502,1
824376,1
241230,1
358718,1
892030,1
83252,1
176338,1
664228,1
862543,1
922243,1
288916,1
970303,1
984782,1
733964,2
430713,1
870676,1
670531,1
36982,1
134563,1
955218,1
896728,0
882956,1
451811,1
175205,1
347871,1
618845,1
352646,1
1000120,1
758938,1
205832,1
209205,2
1008759,0
821072,1
338837,1
949655,1
757735,0
144830,1
356727,0
944742,1
191852,1
493952,1
359391,1
250357,1
665320,1
231594,1
923031,0
466327,0
868163,0
69799,2
1003152,1
519591,1
549406,1
36692,1
470276,1
816717,1
502234,1
151218,1
150404,0
463878,1
995731,0
894605,1
28688,1
40183,1
509057,1
117270,2
620466,1
913913,1
501912,1
640332,1
274322,1
118840,1
830360,1
121547,2
537746,1
481434,1
173742,1
405878,1
619200,1
293756,1
411293,1
369130,1
121316,1
556945,1
517487,1
595683,0
170020,1
67973,1
134776,1
381606,1
633570,1
917502,1
711560,2
63757,1
246767,1
265771,1
61223,1
411404,1
107602,1
225537,1
140915,1
205748,1
738257,1
823962,1
794527,1
7131,2
72726,1
484961,1
357335,1
1001877,1
111489,2
209652,1
147602,1
249337,0
134358,1
804260,0
367617,1
997227,1
212036,1
600196,0
993564,1
229724,0
809555,1
749316,0
946535,1
468361,1
726487,1
821047,1
807700,1
230601,1
260929,1
78966,1
937793,1
906469,1
980034,1
977232,2
106762,1
882684,1
79897,1
61748,1
397731,1
586380,1
907440,1
316837,1
513348,1
364247,1
501956,1
119456,1
540614,1
579003,2
52081,1
315586,1
161529,1
259329,1
878540,1
766715,1
584698,1
201564,2
417219,1
847102,2
812603,1
638450,1
953036,1
854571,1
594950,1
814171,1
451561,1
554499,1
399942,1
639936,2
269599,1
602837,1
387538,1
365909,1
783680,1
827070,1
903554,2
370536,1
796202,1
128308,1
647478,1
829362,1
1017456,1
390204,1
613815,0
885449,1
271158,1
448891,1
345576,2
900830,1
282190,1
769079,1
287793,1
969220,1
264309,1
321262,1
357940,1
423137,1
157326,1
892173,1
661955,1
106788,1
832061,1
119720,1
36678,1
162434,1
674285,1
560645,1
749338,2
694386,2
238050,1
716514,1
988225,1
125499,1
438885,1
809782,1
384924,1
770000,1
849232,1
987918,1
105295,0
422426,1
795623,1
157759,1
267571,1
415330,1
754501,1
435512,1
189820,1
340315,0
705220,1
839406,1
801999,1
114190,1
381781,1
711751,1
237226,1
207610,1
593997,1
279602,1
452643,1
189424,1
591702,1
1010806,1
256007,1
136246,0
333072,1
579443,1
887094,1
721053,1
855734,1
741264,1
899055,1
683045,1
626732,1
635606,0
58391,1
222365,1
284516,1
780902,1
855044,1
476960,1
602862,1
810652,0
384692,1
57732,0
162236,1
591430,1
991276,1
125859,2
479699,1
571296,1
612256,1
220990,1
215659,1
225838,1
312855,1
747839,1
453112,1
467254,1
881320,1
882909,1
212373,2
206187,1
890292,1
754794,1
839208,1
143374,1
625632,0
334235,1
875949,1
611071,1
649546,1
515937,1
516354,1
116523,1
998987,1
953106,1
666802,0
100151,1
779423,1
914019,1
1005741,1
176198,1
506186,1
1003402,1
200802,2
139432,1
264514,1
929246,1
158990,0
710042,1
382188,2
919816,1
619244,1
915533,1
236812,1
281050,2
85056,1
259754,1
214728,1
198536,1
95800,1
184771,1
574134,1
812944,0
226530,1
249546,1
244002,1
299941,1
573357,1
692043,1
900423,1
908881,1
816724,2
8987,1
997238,1
276331,2
565370,2
954833,1
903374,2
123996,2
440822,1
285333,2
313173,1
354578,1
744300,1
561419,1
540492,1
562724,1
723396,0
915878,1
227524,1
452580,1
929947,1
471842,0
53637,1
154066,2
574079,1
935744,1
60527,1
674630,1
233215,1
563204,1
910873,1
255945,1
46923,1
931289,1
970251,0
794497,1
708425,2
569495,1
393272,1
464589,1
631084,1
716459,1
829993,1
568674,1
318813,1
1008230,0
262794,1
515207,1
118077,2
563703,1
708609,1
971175,2
130013,1
121965,1
124076,1
323011,1
730040,0
96629,1
940771,2
45827,1
502029,1
405456,1
400279,1
470669,1
86956,1
469759,1
811260,1
317162,1
351209,2
299222,1
263832,2
10539,0
190301,0
741844,1
630164,2
299493,1
1012657,2
610331,1
1005554,1
867430,1
941383,1
275925,1
450960,1
720427,1
502432,1
780883,0
427016,1
332013,1
861689,1
324562,1
999001,1
918518,1
605308,2
557418,1
264819,1
914297,1
123743,1
157007,1
54542,2
946957,1
842772,2
222952,1
642514,1
776156,1
653990,1
97383,1
829737,1
935337,1
67038,1
993612,1
83605,1
853361,1
467162,1
919742,1
872971,1
34683,2
828156,1
252652,1
7579,2
608703,1
684637,2
831952,1
849397,1
811925,1
357265,1
822451,2
117395,0
1014787,1
99448,1
124175,2
699736,0
380461,1
175711,1
967031,1
887476,1
793009,1
968182,1
622361,1
644093,1
260143,1
523710,1
594990,0
289906,1
724559,1
456940,0
784425,2
482619,1
265878,1
92599,1
573225,1
765314,0
72245,1
867137,1
246639,1
728092,1
808507,0
530695,1
1009727,1
887256,1
518073,1
105123,0
479002,1
307927,1
94010,1
19004,0
368632,1
939906,1
371331,1
735038,1
65641,1
501079,1
20134,2
371287,1
710105,2
876854,1
349309,1
465982,1
825652,1
825319,2
472898,1
20659,1
680992,1
738958,1
848778,1
144504,1
1004227,1
546366,1
768591,1
947040,1
859228,1
338271,1
437022,1
532150,2
152321,1
467889,1
128025,0
598345,2
9629,2
467713,0
892038,1
780443,1
588904,1
38713,1
671327,1
538545,1
743552,1
744737,1
425850,1
1010747,1
77235,1
767701,1
434618,1
911393,1
638256,2
304418,1
979993,1
31130,1
841317,1
20772,1
87968,1
854726,1
659105,1
252384,1
913043,1
685281,1
70683,1
750916,1
912776,1
96276,1
797184,1
545659,1
277152,0
215406,1
191298,1
278058,1
224521,1
404103,1
861432,1
45610,1
740238,1
90616,1
73675,1
62899,1
725967,1
961903,2
461399,1
79394,1
413655,2
963783,1
877136,1
661052,1
1000388,1
550330,1
262996,1
691835,0
722292,0
560939,2
451462,1
396073,1
479237,1
706148,2
485508,2
862385,1
77381,1
362388,1
274979,1
152527,2
367062,0
847292,1
482828,1
514066,1
650258,1
937203,1
473994,0
683845,0
3340,0
569301,1
950738,1
924106,2
231338,1
137636,0
277608,1
933159,0
719531,1
844617,2
573162,1
494719,1
51338,0
860637,1
417747,1
160560,1
496320,1
677996,1
86295,1
464431,1
741404,1
124609,2
682392,1
385734,1
374183,1
950040,1
419598,2
638791,1
791322,1
36050,1
623780,1
388256,1
451488,0
867078,1
70191,1
151096,1
982054,1
624826,0
585806,1
289810,1
757665,1
405647,1
704814,1
28640,1
23508,1
55697,1
106249,1
529507,1
668756,2
452959,1
112372,1
962580,1
570718,0
401698,1
763271,1
921778,1
319447,1
587400,1
185835,1
338194,1
604835,1
52287,2
672294,1
824608,1
765897,1
118815,1
199250,0
496144,1
26712,1
629889,1
270641,1
853585,1
663450,1
997685,1
798581,1
254148,1
31545,1
343204,0
368100,1
113106,1
172763,1
961330,1
478180,1
698904,0
616106,1
839255,2
723110,1
762689,2
644475,1
953737,1
2086,0
145871,2
615145,1
746218,0
732446,1
4525,2
718710,1
714699,1
169862,1
786247,2
577797,1
421201,0
436197,1
219989,1
498854,0
238946,1
650441,1
265508,1
9595,1
251347,1
107547,1
403476,1
226039,1
333197,1
956482,1
376604,1
341642,2
864512,1
107613,1
328225,1
583172,1
968832,1
541383,1
895499,2
904511,2
735115,1
261339,1
151878,1
973793,1
821322,2
301569,1
520443,2
427221,0
902832,1
834159,1
313618,1
684541,1
769725,0
920182,1
884727,1
496823,1
883898,1
252193,1
820079,1
207643,1
623090,1
3241,1
220921,1
190620,1
265276,1
645498,2
418711,1
389019,2
761321,1
314846,1
351971,1
31251,1
653565,0
366032,1
563769,2
772314,2
654746,1
902678,1
350923,1
992369,1
559603,2
441148,1
148717,1
574879,2
888840,1
769251,1
932730,1
925473,0
819220,1
574967,1
438735,1
587004,1
455954,1
341103,1
620136,1
358208,1
404297,1
554877,1
252890,1
1007024,0
51990,1
705561,1
380681,1
113803,1
176558,1
860039,1
311469,2
359069,0
487395,1
684017,1
930109,1
680923,1
942942,1
529624,2
890847,2
1004249,1
357298,1
490072,1
591683,1
635040,1
3784,1
272849,1
543040,1
12908,1
760409,1
766355,1
570589,1
611189,2
319227,0
567538,1
790471,2
296359,1
300818,2
56742,1
86996,1
1006184,1
996057,1
218195,1
6974,1
807737,1
751036,1
841180,1
77183,2
962221,0
513953,1
873088,1
37037,1
702562,1
269555,1
624859,1
960674,0
618625,1
278315,1
451271,2
944030,1
417482,1
653965,1
290937,1
812492,1
755939,1
311920,1
355531,0
2707,1
689630,1
581769,1
540713,1
62965,2
792213,1
69201,1
493820,1
831769,1
251369,1
37495,1
125118,1
72256,2
1008135,1
1001682,1
370914,1
743020,1
714563,1
310101,1
661870,1
208930,1
985574,1
261302,1
799733,1
680574,1
613033,1
110264,1
151254,1
63801,1
347284,1
460075,1
693950,1
725460,1
9724,1
752037,1
566092,1
285597,1
171766,1
592215,1
864501,1
229768,0
502593,1
711498,1
261214,1
743860,1
482013,2
386269,1
1003255,2
82273,1
996530,1
307992,1
980463,1
174152,0
559988,1
924139,1
768607,1
377847,0
664727,1
189769,1
946913,1
366289,1
1010952,1
965767,1
990129,1
302081,1
367077,1
318509,1
578570,1
867199,0
102946,1
491543,1
86277,1
931065,1
879178,2
765516,1
47098,1
877147,1
79725,2
583624,1
976628,1
857974,1
937827,1
986131,1
132480,1
123578,1
749895,1
969796,1
640541,1
778958,1
258896,1
424325,1
622222,1
109772,1
742830,1
565709,1
730594,1
830885,1
540302,1
930071,1
546788,1
241135,1
477565,1
4491,0
90461,1
378914,2
347545,1
897365,2
90319,1
648189,1
994781,1
313089,1
689652,1
363859,1
424974,1
348685,1
484246,1
487029,2
516824,1
165260,1
11899,0
304447,1
519449,1
971281,1
609832,1
625669,0
351319,1
437419,1
797739,1
890832,1
508706,1
238506,1
310208,2
103976,1
733850,1
765358,0
677215,0
193355,1
326274,1
63386,1
238649,1
502487,1
839707,0
528230,1
656883,1
560740,1
118367,1
833095,1
683577,1
986153,2
859132,1
211769,1
314956,1
946751,1
992329,1
741961,1
51910,1
729604,1
121918,1
780018,1
807719,1
1011791,2
642990,1
450975,1
851048,1
10447,1
191441,1
349415,1
875684,0
612733,1
26873,2
496148,1
655428,1
377865,1
458421,1
820413,0
437866,1
948580,1
139366,1
924755,1
781129,1
123318,1
628770,1
164281,1
954080,1
105475,1
287148,1
475992,2
674872,1
465553,1
714442,1
865418,0
74342,1
576653,2
876249,1
946410,1
560065,1
833617,1
452104,1
815275,1
599922,0
30827,1
394097,1
1017481,1
52269,1
412959,1
429898,1
762971,1
149060,1
968971,1
162298,1
632771,1
626927,1
809144,1
1009187,1
29274,1
794310,1
596149,1
633174,1
846842,1
795476,1
609377,1
559027,1
15095,1
872157,1
851723,1
958327,1
311627,1
530611,2
29425,1
462972,1
582050,1
911551,1
691707,1
790394,1
647027,1
11309,1
541457,1
986762,1
18065,1
418968,0
641083,2
404301,1
683911,0
815756,1
868585,1
507536,1
933126,1
569833,1
162265,2
872476,1
562566,1
492672,1
371283,1
676276,1
210687,1
475831,0
486860,1
114338,1
282334,2
382904,1
202202,1
569040,1
175832,2
781547,1
236159,1
180225,2
896306,1
295538,1
938563,0
98003,2
208486,1
841676,1
481827,1
580519,1
448594,2
426969,1
715593,1
887227,1
821245,0
609704,1
180658,1
101989,1
76289,1
455198,2
948144,1
522599,1
200141,0
893325,0
991382,1
298962,1
684721,1
250852,1
866286,2
512970,1
678894,0
992549,0
444477,1
855408,1
298548,1
586586,0
984423,1
1000814,2
41232,1
222578,2
187062,2
154419,1
982355,0
904070,1
230139,1
836179,1
554749,1
602037,1
70797,1
934729,1
543260,1
1005374,1
333494,1
851947,1
685795,1
523637,0
100452,1
153322,2
415367,1
159580,1
428637,1
192325,1
753052,2
971308,0
186061,1
7366,2
647056,1
879611,1
245993,1
375980,1
224165,1
244280,2
405771,1
845885,1
632900,1
1009815,1
376930,1
404958,1
286088,2
741257,1
835464,1
114033,1
265324,1
955988,1
779735,1
910525,1
126698,1
730536,1
1009947,1
620697,1
5878,1
303031,1
667847,1
589949,1
872597,1
887700,1
65146,2
483380,0
578134,1
766917,1
781462,1
552068,1
552930,1
774099,1
547011,1
432986,1
68082,0
907154,1
677831,0
945530,1
947819,1
543895,1
896382,1
194411,1
67852,2
148203,0
680039,1
567707,1
404312,1
809614,1
625353,1
540463,0
483924,1
85258,1
293929,1
660198,2
659251,1
580548,1
821087,1
32762,1
399300,1
93615,0
890270,1
438441,2
207768,2
1008953,0
605634,0
118172,1
663193,2
840518,1
540489,2
748737,1
91701,1
448118,1
398592,0
915555,1
402509,1
421450,1
123068,1
482255,0
899107,2
428677,1
985835,1
503844,1
522508,1
224554,1
398512,2
890153,1
435284,1
500951,1
608769,0
474874,2
657268,1
499022,1
473228,0
882743,1
312172,1
850069,1
27966,1
121808,1
491701,0
390963,1
105387,2
199812,1
44455,1
993674,1
797162,1
1000641,1
239297,1
179069,1
867085,1
891073,1
9081,1
182285,1
360519,1
331948,2
179407,1
273493,1
400785,1
338136,1
403003,1
175157,1
993762,1
895019,1
705246,1
722212,1
959258,1
159038,1
431626,1
448969,1
692175,1
21667,1
1007365,1
820905,1
966254,1
397485,1
305495,1
492739,1
740278,0
74724,1
15491,1
193344,1
46666,2
786357,2
638616,1
355997,1
81809,1
734679,1
911892,0
950271,1
644534,1
425898,1
150455,1
632243,1
326281,1
36670,2
996743,1
213411,1
706786,1
596688,1
968186,1
609076,1
781947,1
747637,2
86570,1
784010,1
389451,1
818241,0
204196,1
602590,1
172653,1
28615,1
447744,1
211817,1
228752,1
328247,1
512729,1
38500,1
871181,1
8066,2
413248,2
806765,1
219086,1
392635,1
269269,1
712569,1
122511,1
725365,1
462363,1
813189,1
376633,1
313742,1
740351,1
916017,2
17875,1
795531,1
954110,1
725417,1
934075,0
999603,1
883395,1
780025,0
207977,1
833697,1
180269,1
103730,1
579469,1
648002,2
175807,1
611512,1
637196,1
462150,1
61124,1
842893,1
442718,1
938659,1
77345,1
954158,1
250919,1
280901,1
48011,0
142890,1
637354,2
789169,0
943077,1
944416,1
956332,0
376057,1
902256,1
488569,1
418883,1
832256,1
283973,1
940096,1
629412,1
317184,1
58906,0
202572,1
783659,1
684189,2
1017588,1
542869,2
605157,1
699325,1
231349,1
541516,1
50740,2
627344,0
896988,1
774264,1
333784,1
77305,1
207144,0
200839,1
833129,1
158422,1
820325,1
911030,2
581662,1
85874,1
854179,1
911034,1
589787,1
752217,1
671264,1
364412,1
391337,1
941200,1
491480,2
32407,1
493170,1
1000205,1
342492,1
573625,1
309646,2
781903,1
1006089,1
767257,1
733388,1
140195,1
450366,1
580690,1
749309,1
711304,1
867364,1
26408,0
273608,2
347839,1
644857,1
131090,1
529547,1
1002470,1
90281,1
11154,1
585248,1
99370,0
89739,1
359722,1
510808,1
685454,1
392925,1
521679,0
335973,1
305154,1
890399,1
35989,1
872355,0
339753,1
685883,1
749880,1
514781,1
48370,1
285124,1
19749,2
432029,1
270296,1
245458,1
740810,2
321655,2
364382,1
154950,1
307608,1
892416,1
6053,1
15800,1
789503,1
480389,1
11943,1
165668,0
340898,1
920597,1
628510,1
1016664,1
591027,1
836865,2
288783,1
332831,1
623722,0
756888,0
285300,1
898153,2
913281,1
300388,1
787248,2
58821,1
155353,1
614669,1
479871,1
841320,1
13196,1
865245,1
723569,1
202998,1
297594,1
341547,1
308524,1
322740,1
78991,1
744076,1
868068,2
905406,1
866495,1
40954,1
764269,2
281256,1
122089,1
543671,2
201094,1
256553,1
410308,2
474287,1
588320,1
35505,1
24475,1
447542,1
426206,1
334804,1
387248,1
634722,2
57673,1
751454,0
297455,1
256953,1
285751,2
949013,1
194114,1
616773,1
1004285,2
634986,0
963695,0
191467,1
391425,1
768533,1
503653,0
236672,1
889595,2
444408,1
471288,1
378172,1
73099,1
123905,1
770491,0
85199,1
695170,1
528333,2
655640,1
693011,1
219978,1
345958,1
588470,1
689913,1
464633,1
808363,2
464321,1
216090,1
133919,1
763008,1
170453,1
447340,1
903880,1
484257,1
931447,0
295970,1
672980,1
797760,0
974383,1
721798,0
202264,1
790149,1
515793,0
955621,1
145835,2
378011,1
151809,0
230351,1
940533,1
177548,1
551933,1
302012,1
602080,1
983624,1
579634,1
828200,1
732952,1
517395,1
143583,1
291329,1
53992,1
92779,1
609517,2
80778,1
100184,1
643180,1
723293,1
546289,1
173320,2
200181,1
32821,0
599005,1
801841,1
390145,2
74632,1
33789,1
166294,1
20596,1
346177,1
423706,1
534927,1
260206,2
295064,1
285571,1
62143,0
729233,1
224334,1
324401,1
299130,1
123222,1
652975,1
356279,1
473738,2
821814,1
116028,1
1382,1
180155,1
341309,1
552196,1
237299,1
47483,1
157436,1
191540,1
398200,1
205553,1
760841,0
984412,1
365299,1
68868,1
566371,1
483403,1
247049,1
827845,2
618566,1
403135,0
786665,1
108070,0
900218,1
181882,2
360430,1
530431,1
568296,1
585163,1
509549,1
149442,1
169352,1
393801,1
740656,1
318152,1
537405,2
294393,1
903419,1
727158,1
96610,1
231499,1
701936,1
850825,0
880529,1
935964,1
545398,1
759667,1
560821,1
317690,1
458748,1
398981,1
233633,2
938574,0
285759,1
908540,1
665580,2
781349,1
768764,1
648039,1
292733,1
52045,1
118084,1
499378,1
417978,1
101651,1
131021,1
733418,1
343585,1
840040,1
49566,1
814997,1
846633,1
452339,1
539443,1
450230,1
66000,2
700384,1
708205,0
275811,1
538912,1
42989,1
272702,1
80444,2
586993,1
185541,1
22172,1
712880,1
939359,1
123240,1
87315,2
391917,1
898931,0
42321,1
815594,1
994055,1
409904,1
546535,1
501651,1
570189,2
314611,1
455055,1
919676,1
239950,1
400657,1
569965,1
352826,2
535917,1
576635,1
482534,1
517854,1
998392,1
367150,1
264000,1
409184,0
439545,1
792554,1
423368,0
682884,1
416085,2
632041,2
216982,1
1005763,1
452515,1
378062,1
30757,1
660491,1
403197,1
246752,1
290555,1
935241,1
561301,0
409940,1
701987,1
6156,1
905688,1
350552,1
686510,1
672566,1
205696,1
847025,1
1008090,1
492379,1
834511,1
654214,1
682374,1
767866,0
845298,1
913252,0
116277,0
223315,1
549912,1
374008,1
435574,1
549828,2
903837,1
923695,1
329435,1
313375,2
335379,1
357328,1
676724,1
398181,2
29850,1
610786,1
563699,2
936774,1
1011502,1
51800,1
702030,1
580863,1
10414,1
344461,1
578963,0
464255,1
299017,2
624352,1
303608,0
662710,2
349536,2
745606,1
434302,1
525587,1
218867,1
690463,1
780050,1
949581,1
43872,1
652351,1
178035,2
384539,1
358163,0
548724,1
702195,1
199823,1
884154,1
420626,1
668987,2
923798,1
126492,1
181567,1
732879,2
542410,1
628947,2
806149,0
676603,1
469270,1
854609,0
512013,1
47135,1
249010,1
922375,1
69946,0
125529,1
669566,1
904272,1
391670,1
393669,1
820082,1
195089,1
151698,0
943646,1
126629,1
649913,1
89647,1
971054,1
154518,1
273329,1
97783,1
797049,1
196460,1
339115,1
252678,1
384858,2
214063,1
325956,1
745998,0
261423,1
686341,1
83674,1
776538,1
556387,1
536998,2
105688,1
75806,1
265313,1
646936,2
696663,1
969253,1
460431,1
894890,1
214137,1
836384,1
353438,1
370367,1
954187,2
480602,1
168975,1
391850,1
978978,0
423195,2
423261,1
450726,1
954525,1
408554,1
609380,1
1007967,1
888679,0
665551,1
891008,0
47850,1
806934,1
321772,2
820644,1
844752,1
894425,1
532400,1
627359,1
524333,1
595834,1
976370,1
541963,2
980544,1
563310,1
363671,1
816959,1
521260,1
688325,1
843528,1
381660,1
763202,1
868545,1
666365,1
956486,0
236896,1
898018,1
895026,1
920128,1
722076,1
754204,1
889904,1
440419,1
1004010,1
649898,1
783905,2
163152,1
770657,0
17442,0
615402,1
387864,1
401137,1
282507,1
160807,1
575160,1
873693,1
75189,1
368269,1
313203,1
523523,1
816016,1
320173,1
963578,1
569062,1
373494,1
740322,2
105501,1
633516,1
961745,1
827757,2
768313,1
127479,1
709752,1
739056,1
346342,1
466635,1
784007,1
725097,1
480367,1
433161,1
148856,1
962566,1
291347,1
920090,1
455701,1
430801,1
694984,1
762054,1
54227,1
744157,1
446497,0
216036,1
958118,1
1011579,2
92830,1
388201,1
438364,0
151713,1
609780,1
227814,1
796532,1
374121,1
136969,1
802130,1
468310,0
335298,1
817141,2
360140,1
932921,1
914895,1
587327,1
307163,1
91947,1
257316,1
967262,2
988038,1
946609,1
310556,1
99437,1
543785,1
141075,1
949181,1
660121,1
286510,1
393937,1
976022,1
349268,0
58777,1
183286,2
255181,1
340799,1
899150,1
651512,0
701367,1
751542,2
552079,1
77514,1
346221,1
407744,1
484309,1
276100,1
425568,1
660664,1
529235,0
909556,1
551771,1
113520,0
159533,2
809063,1
126298,1
640031,1
972356,1
680013,1
604868,1
813703,1
685450,1
38001,1
63005,1
725707,1
335401,2
800709,1
793720,1
100357,1
32362,1
568829,1
873903,1
574956,1
809096,1
859664,1
729941,1
34265,1
654739,1
1000113,1
939054,1
283184,1
405618,2
404169,1
601645,1
832454,1
1001833,1
694809,1
861649,1
465054,1
70218,2
193333,0
617840,1
509567,1
925972,1
239444,1
1009495,2
290397,1
630238,1
329842,1
750611,1
882109,1
453790,1
925165,0
29021,0
751854,1
240680,1
349220,1
667964,1
65164,1
103,2
302236,0
499169,1
122038,1
768074,1
669104,1
337175,2
886475,2
760863,0
766692,1
624396,1
143514,1
173885,2
253143,1
634142,1
107367,1
72777,1
975780,1
802372,1
66583,1
364038,1
777050,1
434559,1
409973,2
359270,1
436234,1
65018,0
414399,1
589747,1
592732,0
308865,1
36120,1
182270,1
304681,2
685641,1
737326,1
201799,1
285351,1
733498,1
123501,1
905237,1
424604,1
64354,1
317908,0
995056,1
381668,1
988537,1
617730,1
835354,1
319003,1
650775,1
718615,1
915151,1
350105,1
1008337,0
88370,1
560113,1
601469,1
425854,2
644505,1
177137,1
952563,0
275040,1
814535,1
958213,1
291303,1
275606,0
204255,1
718611,1
212296,1
759803,1
754024,2
979021,1
583576,1
728595,1
110095,2
364694,1
422950,1
207382,1
956992,1
542795,1
1005264,1
569059,1
218625,1
751289,1
164432,1
959401,1
973591,1
26228,1
231040,2
72469,1
23463,2
153036,2
55716,0
92562,1
89409,1
104977,1
176040,1
676485,1
330631,0
816023,1
535461,1
203636,1
768261,1
398619,1
683038,1
142784,1
718725,1
56551,1
180126,1
495598,1
242675,1
168979,1
943617,1
233082,1
334011,1
226479,0
222237,1
980324,1
158701,1
145824,1
596189,1
567721,1
182003,1
40895,1
637637,1
901871,1
731980,1
644956,0
166588,1
170406,1
570882,1
182193,1
170189,1
253107,1
86156,1
598752,1
102131,2
637927,2
544823,1
936352,1
828130,1
511607,1
302867,1
479112,1
996640,1
323950,1
313760,1
254746,1
1007574,1
407274,1
961107,1
883131,1
227054,1
4088,1
661162,1
70951,1
152439,1
218096,1
308270,1
125187,1
473224,0
223483,1
315733,1
408987,1
451378,1
460365,1
557601,1
603933,1
983862,1
470900,2
124018,1
632948,1
108184,1
32953,2
832751,1
401911,0
12915,1
622772,1
68211,1
642037,0
748193,1
317070,1
321758,1
348007,0
477961,1
810722,1
772406,1
140892,1
526232,1
184272,1
200042,1
284141,0
666691,1
53596,1
422084,1
710145,1
180515,1
265320,2
330529,1
267575,2
277655,1
509754,1
620194,1
271983,2
435112,1
652964,1
731827,2
152769,1
817208,1
215509,1
234450,1
392080,2
697312,1
367646,1
480888,1
634997,2
373971,0
573254,1
271073,1
681135,1
838937,1
770165,1
741620,2
322681,2
748513,1
125334,1
250353,0
622640,1
807597,1
264792,1
72696,1
67119,1
137768,1
444132,1
789932,1
4466,1
446725,1
970068,1
67331,1
717908,1
415462,1
350949,1
933757,1
678986,1
435248,1
539597,1
988944,1
253642,1
227274,2
71130,1
128418,1
558301,1
325710,1
638021,1
679767,1
934695,1
24699,1
223726,2
899958,1
579344,1
729677,1
452119,1
929590,1
590228,1
936062,2
135649,1
261441,1
141211,1
293514,0
997289,1
221599,1
883296,0
708931,2
43296,1
640152,1
692241,1
848448,1
172107,1
809173,1
456427,1
818652,1
667913,1
4293,2
199144,1
592163,1
651783,1
912853,1
877091,1
988243,1
226417,0
1006636,1
360607,2
306900,1
417428,1
174039,1
426110,1
439240,1
250276,1
165565,1
861678,1
7054,2
506876,1
182216,1
213260,1
27801,1
195892,1
528131,2
779573,0
464956,0
124719,1
55363,1
962247,1
412537,2
958194,1
321648,1
644057,1
918286,1
585431,1
580603,1
154943,1
198712,1
189549,1
1014549,1
589039,1
859121,1
320045,1
117971,1
271022,1
784560,1
485610,1
664404,0
573504,2
940896,1
590422,0
159739,1
121671,2
97262,1
69751,1
426176,2
769688,1
136437,2
401283,0
587778,1
672247,1
863728,2
292359,0
278571,1
416254,1
334543,1
764724,1
429737,1
774316,1
926511,1
509893,0
497732,1
358996,1
592666,1
74317,1
77653,1
500272,1
852416,2
673637,1
539689,1
972051,1
642084,1
330866,2
735519,1
585589,1
52786,1
706412,1
976297,1
248684,1
390002,1
319780,1
125598,0
94384,1
530886,1
7308,1
931175,1
982605,1
595845,1
559067,1
50711,1
406082,1
706371,1
923978,2
867119,1
625049,1
472388,1
184951,1
907756,1
924681,1
209931,1
861359,2
884877,0
265805,0
687243,1
1000278,2
576099,1
50890,1
548809,1
211633,0
434771,1
353195,1
632104,2
84312,1
754307,1
391388,1
26510,1
894300,1
131018,1
138787,1
99260,1
954877,2
684295,1
838548,1
719810,1
78713,2
757180,1
414847,0
475783,2
64233,0
164634,1
64464,1
487139,1
939278,2
385055,1
805409,1
633145,1
405445,1
667014,1
7719,1
713922,1
400099,1
199269,0
213734,1
297976,1
258203,1
396770,1
870522,1
255006,1
369842,1
275011,1
773605,1
525239,2
260008,1
458784,1
259879,2
896841,1
836432,1
216388,1
236393,1
211626,1
619343,1
885492,1
213774,2
170336,2
349884,1
129419,0
666068,2
71523,1
51682,0
106711,1
838085,2
624840,2
555830,1
269067,0
956439,1
18223,2
698423,1
31534,1
630605,1
744461,1
127747,1
65667,1
971186,1
786184,2
352022,1
267975,1
96409,1
219802,1
363709,1
882967,1
138729,1
741,0
232144,1
753027,0
229144,1
129800,1
212836,1
721006,1
231019,1
449948,1
680101,2
76319,0
752341,1
360966,1
710204,1
941853,1
626200,1
434357,0
393809,1
46343,1
632764,1
878283,0
430001,1
683320,1
213022,1
717386,2
319285,1
264408,1
737014,1
241627,1
632782,1
298254,1
459697,1
535616,1
606426,1
235936,1
226916,1
828853,1
434096,1
920003,0
943778,1
531410,0
120252,1
973331,1
23287,1
174831,1
108595,1
821803,1
778084,1
990004,1
510459,1
400954,0
898542,1
841229,1
640714,2
252821,1
40510,1
457952,0
548214,1
522658,0
727628,0
805276,2
306247,2
973027,1
1005095,2
150488,1
192604,1
403593,2
299233,1
393481,1
488671,1
633002,1
895396,0
178071,0
574905,1
629441,2
14751,1
203566,2
945141,1
455279,0
723518,1
240123,1
252601,0
974497,1
509505,1
179719,1
357706,1
568843,1
70364,1
375904,0
940672,1
267759,1
574303,1
817952,1
515610,1
327914,2
495518,1
770943,1
453886,1
773407,1
713214,1
715513,1
196806,1
438919,1
958903,1
159672,1
30966,1
954129,1
678546,1
876179,1
739067,0
245744,1
13996,1
29777,0
734547,0
954396,2
407418,1
895682,1
180702,1
447498,1
97549,0
1004090,1
881926,1
969789,1
124630,1
608314,1
941927,1
975304,1
968139,1
759447,1
467409,1
516846,2
465861,2
449610,1
280332,1
601634,1
460219,1
530813,1
504511,1
142106,1
459891,1
626215,1
336482,1
403696,1
322890,1
974468,1
35028,1
555470,1
965840,1
21160,1
649322,1
248747,1
702537,1
25182,2
272434,1
491451,1
796448,1
948775,0
71776,1
470658,1
20530,1
360111,1
605623,1
595922,1
847807,1
967167,1
623818,1
106971,1
414700,1
187323,2
891602,1
248174,1
827096,1
305862,1
458238,1
962177,1
217617,1
526504,1
676926,1
815088,0
276012,1
106997,1
415822,1
819851,1
147785,2
679000,1
149648,0
652197,1
844701,1
799711,1
951034,1
92540,0
461557,1
340869,1
502010,1
140034,1
706218,1
684640,1
868251,1
469407,1
221371,1
430313,1
258683,2
154301,1
87847,1
902209,1
199203,1
482592,0
664716,1
261962,1
722157,1
45962,1
995302,1
495826,1
518529,1
163703,1
235990,1
172312,1
649436,1
706265,1
855150,1
819107,1
717892,1
786779,2
645807,0
10450,2
22686,1
911566,1
107686,0
451862,1
354116,1
196798,1
984621,2
76818,1
267050,1
928241,1
783930,1
628891,1
633640,1
342834,1
455547,1
585101,1
388333,1
264385,1
645649,1
1005709,2
616506,1
168520,1
305921,1
33914,1
572297,1
142355,1
520094,1
434412,1
138574,1
863195,1
231437,1
91176,1
930765,1
105075,1
515540,1
190899,1
258995,1
400738,1
349976,1
337403,1
22150,0
661731,1
575755,0
769178,1
865829,2
343266,0
12159,1
721703,1
909398,0
825924,1
507341,1
816276,1
91440,2
944104,1
925613,1
254625,1
431280,1
6185,1
747486,2
817578,1
1002885,1
828145,1
861487,1
859792,1
890920,1
366766,1
883670,2
721394,1
182410,1
118055,1
415727,1
746892,1
959841,1
424046,1
526809,1
230715,1
533034,0
143183,1
112581,1
190150,1
838108,2
956237,2
470452,2
996266,1
228785,0
470782,1
858182,1
799098,0
229063,1
834067,1
535968,1
520308,1
752176,1
287140,1
808682,1
959584,1
473932,1
545211,1
841342,0
660950,1
962728,1
766469,1
785235,1
72784,1
992291,1
82170,2
645407,1
314071,1
540229,1
972862,1
997928,0
305293,1
632760,0
744829,1
559878,1
110062,1
299817,2
42860,1
981497,1
1012811,1
173838,1
783996,1
811323,0
116170,1
793764,1
998910,1
653080,1
724335,1
561000,0
165624,1
427470,1
699743,1
228301,1
628419,2
960678,1
513351,2
111610,1
529583,1
186388,2
693213,1
702508,2
179234,1
327282,1
314578,1
557795,1
889027,1
860394,1
738701,1
815316,1
500919,2
771489,1
379207,1
294140,1
396781,1
481335,1
185912,1
995515,2
1004887,1
470845,0
527163,1
252436,1
60901,1
958983,1
267065,1
952240,1
463658,1
863496,1
196930,1
178332,1
569022,1
514019,1
979087,1
210016,1
981208,1
523295,1
778198,1
735962,0
316183,1
348483,1
421674,1
241869,1
333553,1
679297,0
319535,2
131535,1
306317,1
391795,1
893893,1
253282,0
111265,1
601946,1
25795,1
50245,1
668547,1
620279,1
748612,1
875479,1
387916,1
267315,1
802013,1
604233,1
716019,1
680387,2
619798,1
572462,1
182593,1
302676,1
614940,1
738518,2
551496,2
511533,1
455899,1
33947,1
660095,1
485948,1
602943,1
148779,1
12874,1
270072,1
757247,1
330213,0
1016895,1
634395,1
765453,1
933863,1
919672,1
175461,1
25050,1
575487,1
314842,1
493754,1
517351,1
649960,1
362883,2
295156,1
715542,0
419015,1
96746,1
827115,2
291156,1
324661,1
450476,1
916039,1
49133,1
229382,1
516310,0
921473,1
906795,1
508838,1
740681,0
518246,1
514518,1
668701,2
127538,1
282459,1
190880,2
426602,0
772233,1
534435,1
200776,1
111456,0
899693,1
620271,1
326498,1
67951,1
391249,1
750226,1
101879,1
230674,1
51855,1
75226,1
459668,1
24769,1
508764,1
529925,1
438812,1
226886,1
270645,1
688545,1
950730,1
669331,0
55459,2
80279,1
816849,1
301008,1
939160,1
819943,1
959162,2
643210,1
801515,1
415338,1
361240,1
537771,1
905149,0
63353,1
672717,1
699857,0
770473,1
989817,2
877433,2
474658,1
865733,1
12382,1
807681,1
81827,1
732831,1
273967,2
882691,1
643111,2
407160,1
74856,1
538226,1
450616,1
391575,1
812261,1
3733,1
124315,1
200211,1
685847,2
42530,1
956765,1
331706,1
611482,2
372916,2
409115,0
236045,0
686066,1
158004,1
145046,1
684031,1
593124,1
745712,1
845618,1
682679,1
148713,1
994569,1
772637,1
545828,1
613518,1
719171,1
814256,1
831365,1
479688,1
223810,2
480532,1
13974,1
271161,1
664440,1
122504,1
652799,2
706742,1
767873,1
955812,1
712709,1
899918,1
203133,1
534035,1
895543,1
574174,1
989372,1
529293,1
614328,1
768210,1
210133,1
949981,1
959074,1
460875,1
215934,1
4682,1
489629,1
537261,1
645847,1
238010,1
497475,1
476539,1
197472,1
673446,1
239921,1
815415,1
807498,1
717005,1
695130,2
723840,1
527453,1
699941,1
136095,1
690034,0
371445,1
397221,1
663403,2
162173,1
889191,1
424530,1
883300,1
136712,1
418821,1
184706,0
249146,0
232162,1
309158,0
638436,0
710930,1
340777,1
561635,0
902645,1
779041,1
285432,1
644446,1
285036,1
638058,1
680318,0
271590,1
251215,1
407586,1
477451,1
344348,1
844396,1
891404,2
514844,1
415705,1
950004,1
436535,0
207793,0
696814,1
177728,1
947484,1
341084,1
631770,1
621830,2
313526,2
691860,1
34856,1
763118,1
766274,2
942960,0
909549,1
181691,1
298108,1
781686,1
111012,1
250001,1
42204,1
696634,0
231110,1
709330,1
975245,0
518392,1
278638,1
610467,1
76421,1
980221,1
19202,1
750053,1
120946,1
746081,1
280208,1
210650,1
360827,1
540360,1
747255,1
45926,1
786210,1
941017,1
845232,1
612249,1
11268,1
587950,1
295284,1
68329,1
707266,1
635150,1
418832,1
80660,1
542847,0
647948,1
100409,1
731519,1
964340,1
901897,1
156813,1
976561,1
221119,0
104089,1
577779,1
354233,1
331797,1
268631,1
655127,2
672892,1
69593,1
659897,1
724434,2
235495,1
734947,0
703406,1
85346,1
736471,1
77671,2
792587,1
48558,1
536921,1
944496,1
960593,1
573973,0
38504,2
351928,2
977856,1
362476,1
879750,1
596666,1
1007435,1
865186,1
980863,1
855293,1
377025,0
544067,1
708696,1
165804,1
213851,2
832447,1
460174,1
605645,1
775034,1
373719,1
971894,1
682558,1
759818,1
449177,1
629508,1
960209,1
308050,1
189765,1
588159,2
390471,0
626956,1
488914,1
350390,1
975762,1
374305,1
798178,1
168755,1
748175,1
465139,1
807069,1
948034,1
892302,2
1008777,1
351391,1
970358,1
168337,2
990400,1
36373,2
242422,1
628040,1
461182,1
601755,1
876182,1
71754,2
440851,1
797126,1
172154,1
379926,0
692469,1
567622,1
684879,1
743170,1
45551,1
17615,1
537852,1
626020,1
473268,2
959786,1
926980,1
700098,1
75471,1
453970,1
978321,1
888668,2
349932,0
882284,1
864655,1
254269,1
916626,1
941750,1
869681,2
310758,1
389246,1
300898,1
793045,1
729882,1
387871,1
38669,1
29128,1
867728,1
925381,1
703097,0
718127,1
63768,1
822785,1
752161,1
703134,1
564447,1
171517,1
560553,1
535795,2
978622,1
941794,1
426723,2
46538,0
975748,1
254676,2
845070,1
983602,1
987129,1
489944,1
149460,1
839149,2
889940,1
671183,1
777380,1
83131,1
464097,2
307211,1
17916,1
599629,1
7333,1
536804,1
914400,1
654265,1
779988,1
179748,1
245197,1
584566,1
125477,1
560197,2
403319,1
648097,1
161903,1
348355,1
154,1
917164,1
957791,1
190709,1
548717,1
261049,1
381587,1
225027,1
185442,1
495671,1
167109,1
425281,0
462022,1
957726,1
732251,1
633031,1
239246,1
572918,1
749129,1
176617,1
494902,1
188650,1
54993,2
1010938,1
564461,1
967138,1
15594,1
47560,0
970644,1
959889,1
435372,0
285898,1
814498,1
200167,1
436414,1
568689,1
992619,1
558994,1
562041,1
85009,1
940838,1
726546,1
176969,2
646077,0
348571,1
205421,1
100786,1
309617,1
21652,1
36146,1
122243,1
476645,1
133980,1
239415,1
885658,1
976305,1
244170,1
193883,1
425087,1
378932,2
802750,1
689142,1
419451,1
224675,2
87201,1
978097,2
382229,1
275055,1
418098,1
70908,1
637853,1
270807,0
293433,1
590381,1
963365,2
382207,1
443528,2
430412,1
13783,1
338433,1
451954,1
618555,1
794145,1
8051,1
138619,0
470559,2
86574,1
500360,1
761886,1
52991,1
342573,1
474698,1
990466,1
314486,1
723679,1
433789,1
325200,1
428372,1
1002041,2
225225,1
57725,0
811914,1
950095,1
115540,1
568982,1
676320,1
724926,1
784979,1
550316,1
551566,1
686752,0
387361,1
76854,1
882648,1
723459,1
802604,1
757478,1
737605,1
77855,2
695574,1
445188,1
921389,0
686697,1
18546,1
496672,1
407344,1
702492,1
868596,1
286084,1
270957,1
734099,1
575571,1
91547,0
745132,1
105761,1
75138,1
540870,2
433004,1
101824,1
347251,1
847216,1
1006742,2
729703,1
10971,1
986021,1
438243,1
728108,1
526485,1
759634,1
435750,1
926867,0
17060,1
996853,1
290180,2
777887,0
554518,1
744359,1
225647,1
902898,1
882541,1
744609,1
900177,1
967439,2
187686,2
844514,2
218896,1
242107,1
503260,1
956934,2
861887,2
85092,1
826091,1
651053,1
875897,1
856591,0
849977,1
676049,1
683203,1
448011,0
747390,1
173632,1
705356,1
581130,1
509794,1
357070,1
925943,1
397478,1
323781,1
393775,0
752840,1
946946,2
313452,0
841151,1
653907,1
827856,2
23874,2
579241,1
273130,1
11158,1
882574,1
500643,1
505105,1
483638,0
486585,2
138688,1
267487,1
232210,1
78591,1
183880,1
906171,1
725806,1
986946,1
173339,1
97545,2
634799,1
631213,1
781554,1
527776,1
94869,1
598026,0
317074,1
706591,1
623791,1
6585,1
814157,1
62330,2
738271,1
524861,1
172936,1
183426,1
635671,1
607423,1
358736,1
449537,1
371739,1
20398,1
517025,1
1012495,2
130857,0
741800,1
6071,2
995643,1
444811,1
965518,1
530688,1
925895,1
195001,2
430999,1
964274,0
691138,1
549615,1
78364,1
946755,1
650937,1
157890,1
848228,1
227139,1
65920,2
213800,1
580720,0
444404,1
842170,1
677468,1
445757,1
317243,1
729930,1
684945,1
305499,1
181790,1
510426,1
824725,1
879280,1
761262,2
356022,1
211864,1
152905,1
131205,1
948427,1
157821,1
933111,0
33143,1
231521,1
318071,2
804576,1
1012301,1
983550,1
317522,1
532161,1
473411,2
979308,1
123581,0
107484,1
622442,1
452375,1
876652,2
255097,1
805236,1
817633,0
749011,1
443531,0
490964,1
214713,1
853581,1
231866,1
312965,0
349440,0
214944,1
71174,2
868204,1
768782,1
542171,1
643162,2
103242,1
217950,0
888774,1
1017584,1
329468,2
44411,2
485342,1
622592,1
214397,1
1003167,1
315131,2
439897,2
231851,0
531597,1
564641,1
50528,2
282745,0
438889,1
255512,1
855301,1
494681,1
384465,1
924090,1
451583,1
93343,1
621434,1
373744,1
539575,2
188485,1
165583,1
895536,1
767558,1
87205,1
616502,1
541640,2
319061,1
871130,1
825421,1
71435,1
1013805,1
257161,1
182939,2
18751,2
348205,1
233570,1
63328,1
428802,1
60101,1
610452,1
949831,1
679965,1
380678,1
404309,1
780315,1
567545,1
361314,1
490759,1
701309,1
752569,0
1006445,1
1008333,0
291589,1
601018,1
45779,2
268778,1
476230,1
26800,1
629027,1
832245,1
295222,1
20237,1
896438,1
785349,1
717731,1
464105,1
970211,1
54692,1
926463,1
189923,1
235370,1
716929,1
617257,0
49830,2
350468,1
824042,1
665360,1
525374,1
983767,1
655442,1
909930,2
652432,1
141060,1
331434,1
502252,1
700153,1
70647,1
720889,1
933625,1
838782,1
868967,1
423188,1
604211,1
364195,1
657833,1
797203,1
190851,1
505332,1
28783,1
641788,2
87843,1
793591,1
351003,1
585684,1
143929,1
630623,0
543088,1
667201,1
696700,1
947943,1
842156,2
284622,1
222648,0
863302,1
1009448,1
531351,1
169338,2
178435,1
27838,1
817754,1
221364,2
829836,1
812441,1
439938,2
590925,0
927578,0
769501,1
496258,1
525422,1
594859,1
887726,1
954297,1
607313,1
369501,1
735797,0
368360,0
358174,1
372167,1
194352,1
588207,1
535128,1
263715,1
773414,1
695941,1
472678,2
806802,1
445041,1
910235,1
408246,1
780557,1
974941,1
771823,1
379940,0
631693,1
291806,1
316693,0
684802,2
461267,0
393526,1
462008,0
549688,0
228767,1
659181,2
570747,1
53893,0
139894,1
381190,1
436410,1
214173,1
366069,1
347332,1
107576,1
968935,0
342177,1
612289,1
329046,0
467265,1
224602,1
72605,1
213954,1
449702,1
505387,1
367066,1
162919,0
509303,1
627670,1
208390,1
788469,1
460699,1
130343,0
859587,1
408851,1
213903,2
258959,2
265537,1
738576,1
627883,1
965877,1
524803,2
871677,1
218904,1
424196,1
265207,1
507190,1
268925,1
372893,1
842457,1
616946,1
780681,1
134556,1
446141,1
764078,1
627245,1
548526,1
2611,1
103224,1
612715,1
209704,1
888015,2
1008872,1
162658,1
590341,1
48282,1
821384,1
899664,1
394181,0
765167,1
490454,0
904335,1
637501,1
269508,1
743604,1
103190,1
209128,1
986696,1
20648,1
335519,2
267865,1
456665,1
234539,0
460790,1
558338,1
367187,0
203739,1
492881,1
800781,1
888426,1
624190,1
592563,1
698511,1
662604,1
937489,1
685575,1
723411,1
416328,2
532282,1
596204,1
328559,1
409089,1
196149,1
116585,1
225683,1
798417,1
711719,1
894568,1
128238,1
921936,1
347691,2
286363,1
551409,2
70151,1
600376,1
367257,2
711814,2
923291,1
804440,1
585365,1
100625,1
479831,1
702672,1
860475,1
978967,1
86284,1
577470,1
606415,1
369673,1
979968,1
344605,1
819635,1
1005323,1
832094,1
880268,0
387123,1
44352,1
880198,1
985181,1
130468,1
958727,1
902692,1
66381,1
227894,1
126166,1
273185,1
188221,1
648651,1
752859,2
742346,1
819705,1
1015050,2
421157,0
833965,1
96250,1
570006,1
115760,1
57053,1
439204,1
911276,0
337094,1
334473,1
8976,1
172345,1
453761,1
98935,1
561723,1
562683,1
693594,1
659691,1
377935,1
361424,1
281281,2
379728,2
387141,1
811716,1
467290,1
623359,1
515591,1
137265,2
954455,0
58560,1
693293,1
977999,1
953289,1
127970,1
6259,1
79266,1
358868,1
428211,1
811815,1
471464,1
373641,2
597913,1
618243,1
406097,1
940016,1
734459,1
274197,1
365446,2
571410,0
659750,1
38108,0
68493,1
606804,1
959423,1
637534,1
871299,1
742948,1
844444,1
502737,0
189185,1
854238,1
813710,1
206150,1
633824,1
324067,1
389408,1
826422,1
701459,1
903668,0
449977,1
725046,1
623652,1
711692,1
698027,1
417798,2
600787,0
745297,2
982696,1
679455,2
3748,1
681227,1
935935,1
171106,1
356664,1
273307,1
422011,1
190459,1
629276,1
38328,1
309378,1
746155,1
464475,1
173760,1
247852,1
414322,1
554297,1
258144,2
309965,2
170534,1
603283,1
539278,1
716547,1
67236,1
767730,1
933984,1
515775,1
912428,1
565918,1
301950,1
791494,1
700861,1
262680,1
609164,1
442916,1
231000,1
864167,1
218214,2
977379,1
655369,1
936925,1
691006,1
654760,1
496119,1
7777,1
586472,1
656182,1
472333,1
638146,1
890197,1
16955,0
146601,1
860732,1
583327,2
813996,1
428178,1
611846,1
115140,1
753317,1
299747,1
1002137,2
177276,1
874067,2
301705,1
517876,1
359249,1
889409,1
279826,1
1005815,1
606121,1
85779,1
953883,2
748795,1
443902,1
100988,1
125628,1
444037,1
518936,1
472425,1
353210,0
894670,1
870900,1
844510,1
670090,1
109725,1
684219,2
501112,1
983796,1
1015513,1
74629,0
601708,1
630960,1
907396,2
664880,1
343552,1
480419,1
73804,1
113234,1
368038,1
617473,1
383013,1
897398,2
172837,1
569091,1
758376,1
986216,1
930134,1
745231,1
388227,0
872850,1
272427,1
554745,1
295824,1
266064,1
586708,1
413611,1
901930,1
881449,1
519386,1
520928,1
35622,1
659365,1
732622,1
995933,1
332152,1
329622,1
904261,1
299299,1
153920,1
207229,1
677567,1
114264,1
281869,1
843825,1
942807,1
938479,1
415576,1
292872,1
658382,1
316536,1
168605,1
24923,1
876326,0
356990,1
951313,1
790857,1
689201,1
1008605,1
1005804,1
928524,1
130725,1
43490,1
107510,1
131083,1
420280,0
740762,1
672962,2
926236,1
772431,0
464376,1
149882,1
498047,1
219035,1
602169,1
973973,1
164029,1
169558,1
693800,2
353137,1
103808,1
379203,1
791135,1
669555,1
1000883,1
266864,1
402662,1
638117,2
733722,1
617246,0
546340,1
740256,1
401973,1
764999,1
929716,1
997340,1
101817,2
260305,1
791744,1
766560,1
257844,0
53383,1
849342,1
502872,1
1012620,1
308072,0
639529,1
516361,1
224349,2
513513,1
375074,1
49412,2
746779,1
433396,0
748502,1
545761,0
107976,1
90913,1
667807,1
633783,1
751887,1
359483,1
239613,1
616579,1
215608,1
456357,1
735845,2
909794,0
945211,1
243405,1
484819,1
488514,1
510154,1
655556,1
655141,2
274362,1
197960,1
913928,1
584782,1
392543,1
464479,1
615864,2
810164,1
661654,1
729486,1
319087,2
277817,1
181347,1
275873,2
892328,1
95873,1
59785,1
654191,1
787116,1
960829,1
769145,1
884165,2
808099,1
310714,1
5474,1
779265,1
895950,2
109640,1
133393,1
772116,1
713500,1
411888,2
633963,1
269236,1
3069,1
631154,2
337557,1
257125,1
185200,1
471923,1
9922,1
290669,1
405115,0
431860,1
333513,1
881566,2
978222,1
530053,1
206932,1
401203,2
273860,1
705426,1
752114,1
980357,1
250621,1
280369,1
115629,1
388069,1
169741,2
12591,1
901648,1
32726,1
814432,1
790307,1
811547,1
1010934,1
129510,2
640442,1
486211,1
439882,1
289678,1
517263,1
846769,1
389385,1
188254,0
87285,1
272276,1
662640,1
749668,1
579054,1
920708,0
751270,1
587983,1
177236,1
841511,2
305091,1
30786,1
634197,1
294610,1
819859,1
239990,1
435729,1
903752,1
350174,1
591360,1
888998,1
280457,2
58348,1
189310,1
272357,1
184580,1
384153,1
483920,1
143253,1
190132,2
1004821,1
909941,1
491011,1
633637,1
862484,1
631190,1
217077,1
906854,1
823397,1
510341,1
556413,1
814836,1
605436,1
563879,1
974321,0
969675,1
968076,2
772882,1
289593,1
402729,1
180339,2
924476,1
684457,1
452382,1
720357,1
907048,1
87333,1
251439,1
683944,1
958965,1
655097,1
340157,1
133603,1
10678,1
206785,1
528847,2
156259,0
115735,1
200530,1
425681,2
815084,1
603900,1
929161,1
30261,1
496393,1
494007,1
741396,1
365516,1
33998,1
721787,1
659505,2
320874,1
426705,0
209612,1
850810,1
665566,1
668507,1
895668,1
86031,1
131722,1
932129,1
711836,1
419161,2
268491,1
469245,1
345668,0
282341,1
940669,1
753937,1
805148,1
317955,1
489515,1
305242,1
237857,1
637284,1
508324,1
730752,1
474522,1
243434,1
117098,1
888767,1
589174,1
996956,1
644219,1
849195,1
65791,1
419709,1
522533,1
68893,1
861748,1
15756,1
241124,1
687052,0
885962,0
320401,1
795586,0
695475,0
932103,1
653161,2
399377,1
838577,1
312642,1
12184,1
213961,1
858106,1
173951,1
249186,1
343600,1
335159,1
208248,1
913685,1
813369,1
446879,0
940290,1
163435,1
124979,1
573629,0
884693,1
724258,0
78555,1
513520,1
267766,1
473370,1
291637,1
34827,2
428651,1
527538,2
971627,1
523215,1
34500,2
786533,2
717470,0
727932,1
979355,2
547338,1
390082,1
182179,0
497347,1
451965,1
414795,1
602969,1
190752,1
171410,1
421740,1
329523,1
49331,1
741110,1
633028,0
917861,1
418106,1
441908,0
249300,1
523622,1
840701,1
259262,1
160513,1
490418,1
409834,1
951702,1
980441,1
778378,1
408514,1
108735,1
909486,1
365945,1
417608,1
824633,1
58249,1
128557,1
899558,1
782452,1
872344,1
358428,0
908591,1
659417,1
456119,1
126658,1
298081,0
283988,1
303710,1
680390,1
86046,1
682815,1
490102,2
341419,1
376152,1
936011,1
936587,1
28185,0
972448,1
930369,1
971355,1
718259,2
620536,2
175043,2
435453,2
773906,1
349969,1
453923,1
342159,1
97659,1
210757,1
928131,1
386221,1
886909,1
235316,1
416052,1
946065,1
154169,1
381194,1
370785,1
594091,1
756587,1
146814,1
56665,1
353324,1
669764,1
142050,1
868505,1
782218,1
909288,1
501761,1
445838,1
432571,1
433312,1
803230,1
922001,1
715722,1
878265,1
382500,1
752235,1
578130,1
618434,1
706878,1
586234,2
675338,1
287834,1
113201,2
679,1
366168,1
488341,1
822484,1
243199,0
838731,2
294126,1
929253,1
41478,2
148599,1
665937,1
145457,1
475710,1
259527,1
110943,1
64079,1
227384,1
532796,1
901453,1
934435,1
54971,2
754068,1
443641,1
952604,1
307332,1
382089,1
929671,1
574684,1
256740,1
970893,1
767529,2
257444,1
344829,1
152390,1
864219,1
295420,1
320236,0
407245,0
476692,1
209517,1
821906,1
85735,2
507037,1
384766,1
343299,1
130453,1
793074,1
635529,1
453644,0
819914,1
489614,1
576019,0
661962,2
73888,1
442053,1
284167,2
669313,1
771551,2
562591,1
139377,1
565408,1
277497,1
154448,1
423023,0
533805,1
1002548,1
278748,1
928326,1
840639,1
891440,1
500229,1
227902,1
101644,1
213484,1
537133,1
945967,1
36157,1
953432,1
890883,1
597304,1
276382,1
1006045,1
758824,1
821454,1
502667,1
600871,1
382030,1
590815,2
109057,1
827658,1
985167,1
254636,1
304384,1
994345,1
164289,1
260819,1
960894,1
292597,2
509806,1
498517,1
623337,1
129433,0
905974,1
601791,1
739526,1
110282,1
870881,2
292638,1
495415,1
380670,1
109497,0
204677,1
619237,1
281003,2
225298,0
647827,2
267010,2
31424,1
910510,1
397687,1
246587,1
643610,1
363330,1
1008652,1
159452,2
960887,0
508016,1
982333,1
111599,1
136183,1
32704,1
649865,0
346728,1
653800,1
246510,1
601502,1
602026,1
111966,0
312503,1
417471,1
344517,0
817871,1
426217,1
711124,1
361222,1
254717,1
285836,1
432197,1
731393,1
167963,1
231998,1
565958,1
257187,1
88671,1
380689,1
644310,1
372718,1
274311,1
180445,1
32818,1
449346,0
95840,1
664239,1
172620,1
583004,1
70360,1
113560,1
679653,1
261210,1
88301,2
826129,1
985215,1
795807,1
440914,2
614371,1
204552,1
56764,1
732871,0
675682,1
824589,1
406581,1
46138,1
487564,1
267146,1
333274,0
825696,1
336842,1
242316,2
619042,1
541776,1
823467,1
561381,1
642602,0
391131,1
830591,1
649227,1
501028,0
490186,1
163358,1
603357,1
567097,1
461524,1
629218,1
706203,1
781459,1
444796,1
261452,1
337649,1
629386,1
523615,1
194433,1
466190,1
692153,2
572484,2
156592,1
600637,1
397207,1
398383,1
738833,1
644699,1
200967,2
9324,1
733050,1
794493,1
555085,1
531300,1
908665,1
528861,1
756752,1
268657,1
366285,1
17277,1
482064,2
245054,0
696531,1
682066,1
67247,1
816173,1
841665,1
570729,1
797225,1
649193,1
976161,1
302195,2
612308,1
223443,1
376189,1
909684,1
99385,1
342511,0
611248,1
702809,1
66022,1
824930,1
138901,1
719906,2
987172,0
28952,1
1002405,1
907727,1
57006,1
136635,2
413567,1
238711,1
393409,1
1007325,1
939869,1
376556,1
33671,1
104140,1
70438,1
901626,1
646066,1
197087,1
963174,1
165543,1
332248,1
299046,1
992732,1
13439,1
519841,1
920829,1
330176,1
136268,1
857509,1
543998,1
801016,1
430481,1
887128,1
354284,1
135274,1
2028,1
818829,1
351627,1
560128,1
188805,1
257190,0
105035,1
540236,1
1011869,1
176664,1
658272,1
5504,0
186168,2
782584,2
76333,2
74672,1
729468,1
1007860,1
726135,1
914558,0
538765,0
127035,1
365592,1
1002191,1
747460,0
279037,1
881519,1
3638,1
175553,2
906670,1
975007,1
60765,1
158099,1
977247,2
169462,1
963640,1
324463,1
789763,2
462792,1
727594,2
669746,1
855037,1
589105,1
108298,1
307387,1
57219,1
160395,1
789161,1
41052,1
723873,1
732949,1
943059,2
1000252,0
837066,1
192138,1
387071,1
582979,1
313995,1
348780,1
165381,2
29894,1
385132,1
289913,1
488484,1
630344,1
861755,1
727734,1
737124,1
629933,1
260558,2
425605,1
508973,1
60024,1
78823,1
540254,1
907877,1
183400,1
241142,1
366531,0
323378,1
34283,1
586638,1
548885,1
800576,1
163909,1
67353,0
714783,2
1009194,1
978215,1
111357,2
511933,1
852214,2
908812,1
48833,2
615901,1
568744,1
998756,1
561033,1
943271,1
654290,1
163581,1
331599,1
690250,1
808994,1
123354,2
583084,1
934196,1
405294,1
156460,1
816067,0
527075,1
825586,1
450601,1
376424,1
390152,1
386717,0
760188,1
581758,1
537603,1
352026,1
317478,1
900328,0
161059,1
137676,1
896122,1
48271,1
84466,1
263076,1
19796,1
261856,1
157212,0
974387,1
249263,1
800330,1
536811,1
99804,1
651435,1
339005,1
287588,1
373935,2
604262,1
164216,1
256061,1
139740,1
9166,1
841544,1
974248,1
128315,1
999962,1
63775,1
1016091,1
632089,1
815752,1
901718,1
110411,1
999254,1
542843,1
516523,1
615736,1
143341,1
738899,1
775104,2
442648,1
909097,1
560627,1
954734,1
215516,1
540287,1
489690,1
45676,1
322436,1
608497,1
377447,1
370561,1
865285,1
39060,1
149790,1
91400,1
945604,1
265126,1
452926,1
295839,1
609300,1
456368,2
112750,1
332291,1
713049,1
20790,1
698948,1
377836,1
491066,1
316613,1
59514,0
944610,2
434973,2
79215,1
216964,1
484433,1
725750,1
257008,1
988988,1
463401,1
565091,0
889559,1
448121,1
546689,1
239363,1
937984,1
705161,1
871640,1
646088,1
127828,1
644798,0
57820,2
494164,1
397881,1
813273,1
577306,2
974482,0
327381,1
21579,1
233970,1
510877,1
75497,1
938123,1
684071,1
917395,1
1007149,2
279194,1
247290,1
682154,1
479875,1
782463,1
733171,0
38911,1
609847,1
75736,1
182506,1
137430,1
979953,1
678641,1
424699,1
41207,1
176253,1
865391,1
375137,1
905828,1
536873,1
1014754,2
851837,1
114954,0
314581,1
271370,1
406512,1
696975,1
452739,0
178893,2
117120,1
397551,0
996215,1
289748,1
439336,0
650757,1
100180,1
367480,1
226163,1
393533,1
765130,1
229852,1
820552,1
905170,1
431105,1
444701,1
63364,1
990176,1
167244,1
464493,1
7788,1
180823,1
901417,1
174493,1
396187,1
43876,1
820109,1
68501,1
263755,1
122438,1
667924,0
746045,1
927541,1
80880,1
36652,1
499268,1
144489,1
15763,1
16049,2
181307,1
31314,1
923769,1
165455,1
564876,1
1008432,1
41375,1
973874,1
680882,1
817707,1
567321,1
559294,0
996149,1
651248,2
947617,1
151797,1
440455,2
483263,1
139913,1
404840,1
702045,0
705080,1
696784,1
954480,0
527192,1
303662,1
486280,1
106803,1
466668,1
794754,1
946234,1
289472,1
259916,1
227102,0
286602,1
519078,1
368438,1
66118,2
118657,1
439064,1
151111,1
275132,1
897523,1
929437,1
834041,1
186766,1
600365,1
807461,1
212348,1
293198,0
116071,1
805012,1
9353,1
506252,1
257033,0
849151,1
517740,2
311616,1
623733,1
902582,1
814634,1
624994,1
972147,1
651824,0
827430,1
875471,1
277105,1
971230,2
78081,0
926382,0
872054,1
62738,1
504199,1
446420,1
949600,1
168153,1
868934,1
17758,0
593964,1
674931,1
578387,1
79699,1
958,1
237413,1
22822,1
284295,1
98274,1
428710,1
169381,1
611028,1
859194,2
117513,1
602161,0
676533,1
431127,1
384759,1
396158,1
378884,1
961356,1
547859,1
316598,1
129091,1
338499,1
539821,1
646844,1
65924,0
239004,1
462279,1
928807,1
629683,0
799681,1
218926,2
63335,1
134633,1
398732,0
370987,2
785055,2
80466,1
952622,1
889944,1
65810,2
617936,1
53145,1
499037,1
988191,1
139627,1
588067,2
909714,1
813057,0
415271,1
285560,1
1015634,1
189013,1
221034,1
514976,1
458513,1
84569,1
710677,1
38126,1
432913,1
644082,1
227634,1
423540,1
913557,1
523585,1
106113,1
216249,2
931568,1
996567,2
751737,1
211699,1
22228,1
936730,1
886420,0
629915,1
342980,1
704395,1
613808,1
948492,1
96078,1
429777,1
942818,1
695879,1
824105,1
378451,1
484132,1
826671,1
924960,2
375566,1
863760,0
550606,1
220224,1
519775,2
647544,1
269885,1
112509,1
350424,2
160964,1
908236,1
523824,1
560968,1
242774,1
425153,1
522650,1
914785,1
57064,1
244310,1
628507,1
572194,1
113542,1
584346,1
344546,1
1003053,1
877330,1
299365,1
909255,1
282015,2
963318,1
558352,2
172789,1
956453,1
897321,1
225191,1
247768,2
935036,1
427977,1
209193,1
710446,1
985879,2
206660,0
360584,1
62840,1
778400,1
985916,1
411433,1
788678,1
273718,1
586458,1
183260,1
465300,1
995937,1
637079,1
488194,2
863247,1
33466,2
107385,0
275242,1
547495,1
645678,1
163776,1
564146,1
265720,1
399205,1
845816,1
23283,1
71912,1
607694,0
809148,1
915067,1
951580,1
329897,2
636335,1
929859,1
965624,1
274355,2
546513,1
541262,1
421003,1
400282,1
649281,1
118323,1
650746,1
71152,1
205704,1
134516,1
729534,1
38629,1
75398,1
403810,1
822165,1
951937,2
296418,1
135069,1
224491,1
661768,1
879079,1
953102,1
228312,1
548485,1
60659,1
508867,1
357500,1
1003398,1
827908,1
593270,0
460086,1
324229,1
374048,1
39006,1
8143,1
357977,1
529822,1
394280,1
300557,1
677619,1
657118,1
631723,1
459808,1
957289,0
251747,1
98560,1
985905,0
907918,0
559537,1
315711,1
654625,1
761479,0
384146,2
40907,1
294199,1
499921,1
121716,1
805016,1
188551,1
751311,1
449030,1
908508,2
392620,1
448080,1
163347,1
283603,1
800741,1
14205,2
109017,2
89023,1
943103,1
282374,1
989273,1
597410,1
672100,1
728683,2
770022,2
313728,1
694126,1
347204,1
490117,1
129484,1
288486,1
486691,1
782760,2
289685,1
590305,2
39222,1
565921,1
547477,1
646150,1
938277,1
559500,2
447395,0
990763,1
342665,1
192446,1
319018,0
486633,1
659549,1
538828,1
327657,1
148735,1
88011,1
976693,0
729828,1
26488,1
537629,1
84118,1
388726,1
550844,1
385066,1
486361,1
978343,1
416379,1
902168,1
953337,0
37954,1
530398,1
574497,1
933328,1
178064,1
201575,2
334525,1
414296,1
526591,1
554785,1
459220,1
167031,1
200028,1
99499,1
822349,1
787079,1
833709,1
383538,2
857453,0
845221,1
399649,1
1009136,1
942575,1
590822,1
647357,1
801335,1
199180,1
94418,1
296935,0
998569,1
287339,1
179212,2
989666,1
155746,2
560476,1
984665,1
870962,1
944001,1
292582,1
577595,1
674267,1
347772,1
228701,1
920380,1
340032,2
927424,1
773315,1
998770,1
272364,1
55341,1
799171,1
779867,1
946780,1
234380,1
708630,0
183084,1
865410,1
26653,1
269845,0
261470,0
763132,2
292641,1
278098,1
824772,1
131818,1
89456,1
401614,1
267524,1
268095,1
794655,0
97640,1
970152,1
915162,1
166863,1
34481,1
106502,0
1009837,1
559540,0
284390,1
9827,1
206679,1
507899,0
329086,1
917333,0
503378,1
828893,1
496782,1
717753,1
483076,1
19374,1
653536,2
397988,1
96155,2
888918,1
109556,1
546917,1
921844,1
2662,1
870669,1
289751,1
67191,0
292102,1
266622,1
24688,1
364775,1
802677,1
545905,1
341925,1
527765,2
246701,1
494799,0
279125,1
110495,1
243614,1
770723,0
783505,2
988188,1
770642,1
941615,1
799025,1
345671,1
662655,1
86280,2
998349,1
543518,1
622695,1
164641,1
284134,1
513469,1
445375,1
934475,2
896562,1
414832,1
324430,1
587590,1
858348,0
473459,0
26983,1
895826,1
691747,1
206730,1
990730,1
1011935,1
984070,1
554554,1
749220,1
315890,1
906700,1
90571,1
63793,1
778660,1
85720,1
44103,1
67647,0
865153,1
726384,1
176642,0
168278,1
410755,1
162980,1
80000,1
308674,0
859147,0
439794,1
217929,1
745774,1
750211,1
872003,1
789686,1
766818,1
951522,0
660419,1
54593,1
305011,1
154271,1
88734,1
334624,1
560003,1
334961,1
298995,1
739995,1
598242,1
889812,1
418520,1
811558,1
442266,1
46945,1
584717,1
225540,1
1016484,2
494832,1
613356,1
632728,2
96654,1
16409,1
888628,1
297965,1
880055,1
660066,1
738022,1
504430,0
276254,1
304971,0
639008,0
38045,1
1002775,1
916277,1
495767,1
372839,1
758020,1
971780,1
578068,1
273200,1
364809,1
474306,1
880202,1
923916,1
722454,1
132792,1
128890,1
916794,1
288013,1
632126,1
224066,1
442637,1
707178,1
589633,1
952747,1
298360,2
25340,1
388157,1
812250,1
574420,1
593274,1
693451,2
632265,1
341811,1
719623,1
799212,1
193337,1
911287,1
292018,1
410557,1
31020,1
562548,1
704924,1
971623,1
843285,1
547954,1
525628,1
599049,1
800217,1
411693,1
243012,1
462026,1
683265,0
570802,2
499444,0
905211,1
634546,1
264444,0
529066,1
1008568,2
192585,1
947587,1
930640,1
794013,1
78764,1
114099,2
143231,1
940371,1
857871,1
549192,1
69582,1
61373,1
263054,1
1001954,1
597391,1
714035,1
110309,1
904298,1
519650,1
755953,1
76043,1
623429,1
4000,0
32083,1
60255,1
928751,1
500449,1
191632,1
695754,1
997546,1
68912,1
968432,1
1010266,2
400419,1
757816,1
870980,1
442347,0
1009532,0
956611,1
642583,1
707813,1
374004,1
358729,1
872667,1
652847,1
763972,1
1015344,2
395087,1
31853,0
951375,1
587576,2
411400,1
797603,1
916358,1
381507,1
862194,0
464790,2
785459,1
935362,1
107543,1
385514,1
183404,2
76458,1
518921,1
742544,0
114484,1
354853,1
404866,1
508041,1
959768,1
336383,1
518792,1
177984,2
656586,1
998286,0
757045,1
243070,1
38991,1
85485,1
249704,1
901332,1
246187,1
449500,2
992138,1
102656,1
850917,1
120829,1
3670,1
940731,1
941101,1
233163,1
754901,0
250122,1
81122,1
410744,2
989354,1
465821,2
526049,1
35725,1
832487,1
92977,0
949592,1
74760,1
483274,1
544467,2
327646,1
784553,2
639224,1
291813,2
609876,2
797690,1
330855,1
401144,1
545486,1
955548,1
715791,1
262046,1
849045,1
303592,1
170761,1
415969,1
505699,1
397034,0
558044,1
528483,2
838218,1
628590,1
326689,1
719050,1
481962,1
781055,1
222024,1
179319,1
634072,0
491884,0
608347,1
618867,1
391641,1
724067,1
855792,1
237817,1
651149,1
320775,1
142175,1
654908,1
518040,1
525161,1
581871,1
370220,1
47142,1
554264,1
835592,2
1003266,1
706959,1
682899,1
958404,1
497802,0
748285,1
592828,1
652931,0
713405,1
110172,1
802941,1
228099,1
244244,1
749657,1
432520,2
14319,1
50872,2
106223,0
145431,1
365105,2
457383,1
776464,0
443759,1
967570,1
44132,1
666570,0
20329,1
212245,1
16265,1
645201,1
132639,0
114525,1
510419,1
307101,1
744117,1
637875,1
121473,1
386045,1
682921,1
272764,2
124788,1
98616,1
485632,1
881052,1
914099,2
991492,1
107293,1
739122,1
944320,1
666178,1
939410,1
242363,1
89911,1
19653,2
296850,1
610933,1
628781,1
408327,1
217349,1
550309,1
951041,0
318185,1
35390,1
209726,1
458715,1
659123,2
369321,1
331500,1
442024,1
642716,1
670825,1
715861,1
406680,1
762979,1
539142,2
100335,1
229045,1
407432,2
418032,1
143547,1
630212,2
771151,1
412001,2
441290,1
585417,1
780076,1
667560,1
586861,1
35336,1
771856,1
987961,1
106692,1
748102,1
454234,1
538435,1
225481,1
338873,2
343985,2
647342,1
867496,1
186803,1
30108,1
495961,1
342621,2
483678,1
994639,1
354750,1
614016,2
732633,1
446178,1
172639,1
156402,1
828208,0
61304,1
51558,1
919199,1
379690,1
815730,1
969701,1
825450,1
440242,1
333007,1
979971,1
605443,1
834962,1
501574,1
944342,1
996729,1
419271,1
854168,1
92221,1
914040,1
489045,1
875556,2
811,1
71655,0
538479,1
272214,1
414238,1
82765,1
349756,1
100863,1
823654,1
888206,1
671150,2
452393,1
342126,1
650863,0
67966,1
260804,1
209722,1
20963,1
572095,1
193351,1
934516,1
954709,0
855907,1
318981,1
622527,1
344436,1
514778,1
164333,1
719825,1
410993,1
558675,1
408462,2
292087,1
51316,1
262934,1
691042,1
175571,1
88613,1
129011,1
39497,1
220411,1
769468,1
52922,1
56375,1
448932,1
58708,1
867445,1
90993,0
468163,1
334943,1
410667,1
378147,1
46718,1
360397,1
554709,2
128065,2
207331,1
232203,1
188977,2
167181,1
838298,1
533005,1
617558,1
642264,1
136217,1
660242,1
652502,1
997913,1
161756,1
689359,0
814076,1
571678,1
875413,1
78944,1
349613,1
152680,2
403612,1
57996,0
209322,2
531311,1
67151,1
609520,1
511908,1
859767,1
858876,1
165026,1
662318,1
508577,1
898124,1
577959,1
857064,1
777560,1
737047,2
41768,1
970570,1
434243,1
896467,0
85313,0
325486,1
471967,1
745411,1
450876,1
643081,1
350857,1
489834,1
562643,1
366645,1
709246,2
796426,1
579450,2
433914,1
21304,1
442813,1
980908,1
910576,1
366436,1
606565,1
781411,2
611082,2
124708,1
226369,0
320720,1
120807,1
414627,1
882567,1
864372,1
535278,1
718790,1
220125,1
245791,2
597197,1
696968,1
595878,1
99642,1
481610,1
26448,1
682859,1
112167,1
611226,2
384418,1
216861,1
5364,0
329534,1
118327,0
346551,1
213381,1
438313,1
616436,1
621393,1
313412,1
660459,1
928964,1
63643,0
896584,1
556909,1
787637,1
740872,1
721138,1
753980,1
134839,1
900397,1
856629,1
910080,1
867782,1
46677,1
491895,1
318042,1
397991,1
692102,0
212050,1
858319,1
509453,1
626794,1
261346,1
972198,0
658155,1
110774,1
934901,1
7212,2
544816,1
802552,1
286107,1
858502,1
40804,1
480833,2
948276,0
427658,1
954983,1
155313,1
979865,1
885148,1
986157,0
1005419,2
33048,1
590514,1
311128,1
611332,1
864141,1
485661,1
551474,1
291468,1
600619,1
929385,1
733333,1
585277,1
386456,0
115317,0
631907,1
724474,1
920197,2
900137,1
52728,1
217811,2
518972,1
939942,1
480503,1
243456,0
459851,1
595126,0
139281,1
610661,2
206716,1
191276,1
686891,1
514466,1
234142,1
319546,1
739881,1
272632,1
179018,1
449614,1
626277,1
775951,1
751700,1
786863,1
447634,2
986777,1
769013,1
694852,1
195096,1
599827,1
182920,1
406952,2
93240,1
259093,1
381217,1
822118,0
738925,1
36803,1
394680,1
830027,1
174299,0
845001,1
476465,1
357621,1
642983,1
814593,0
807953,2
561477,1
773223,1
727334,2
500140,1
372680,1
586829,1
790956,1
837862,1
908984,1
647360,1
702827,1
669133,2
854928,2
1566,1
784850,2
425869,1
898780,1
651163,0
823140,1
421861,1
42460,1
124832,2
579575,1
289238,1
384087,1
195122,1
873796,1
376714,2
778811,1
982553,1
806710,1
407007,1
583352,2
548405,1
191966,1
487942,2
213066,1
911056,1
414021,1
353243,1
978376,1
354596,0
516394,1
415389,1
624488,1
164546,1
729387,1
236016,1
283155,1
75255,1
23412,1
330484,1
721291,1
509938,1
377733,1
308836,1
168135,1
331801,2
11451,1
169660,1
362689,1
372358,1
450380,1
316309,1
400804,1
676852,1
3414,1
175087,0
46772,1
508823,2
590525,1
411367,1
897578,1
1002353,1
624646,1
487418,1
112082,2
87164,1
193744,2
283793,1
706672,1
575120,1
887315,1
937056,1
62624,1
873448,1
338994,1
47872,1
119250,2
40044,1
334859,1
776501,1
964179,1
681274,1
739760,1
800253,0
489595,1
183679,1
489591,1
517175,1
88026,2
896412,1
613653,1
291068,0
247694,1
202136,1
528450,1
394545,2
957252,1
817354,2
920931,1
150994,1
280163,1
559555,1
236140,1
439886,1
652333,0
707013,1
52823,1
905945,1
969239,1
856533,1
678506,1
645186,2
658889,1
223216,2
742393,1
1016305,1
311784,1
169576,1
84217,1
348216,0
26525,1
127082,1
856306,1
69982,1
130109,0
649292,1
516802,1
109196,1
695284,1
542630,2
589321,1
755777,1
191353,1
940287,1
834207,1
330370,1
209120,1
116105,1
158059,1
248802,1
587206,1
71109,2
864761,2
763477,2
75615,1
58069,1
418582,0
498641,1
806189,1
620253,1
638539,1
383802,1
695989,1
206558,1
694265,1
214236,1
419594,2
187129,1
837143,0
593975,1
955313,1
974479,1
859848,1
615039,1
393551,1
32740,1
992783,1
773663,1
943840,1
475035,1
996611,1
221991,1
714112,1
975308,2
567765,1
794321,1
952185,1
944834,1
997700,1
138178,1
972590,1
652168,1
591346,1
788630,1
615585,1
8565,1
519210,1
969936,1
878973,1
128748,1
265467,1
737146,2
944845,2
225782,1
796231,1
35651,1
833301,1
332651,1
1004740,1
996868,1
919984,2
388737,1
988272,1
130383,2
185262,1
193821,1
221078,1
121220,1
513472,2
64817,1
609670,1
196035,1
945424,1
934219,1
739973,1
272838,1
136987,1
675008,1
455774,1
659215,1
98458,1
826411,1
798655,1
219592,1
752741,1
601612,0
818784,1
95367,1
409470,1
249102,1
979795,2
142920,1
918862,1
783178,2
730606,1
251608,1
875042,1
795645,1
287258,1
82318,1
181750,1
308487,1
309987,1
954356,0
56041,0
770925,1
473000,1
384979,1
808048,1
218870,1
174978,2
292982,1
333461,1
407267,1
35178,2
771793,1
22271,1
354200,1
889225,1
772978,1
538112,1
791047,1
119742,1
681531,1
206396,1
99356,1
214302,1
333054,1
810447,1
378796,1
745305,1
702948,1
395681,2
153061,1
361828,1
854061,1
308876,1
190433,1
644240,1
479178,1
305547,1
806640,0
302382,1
887182,1
102605,1
497277,2
125899,1
712066,2
1003707,1
1016851,1
961066,1
159122,1
631961,1
175421,2
793030,1
509619,1
554741,1
890524,2
347361,0
461407,1
974262,1
226545,1
16085,1
778282,1
1016293,2
85852,1
907356,1
257154,0
140555,1
856368,2
790817,1
515580,1
539472,0
786298,1
329262,0
221012,1
720012,1
557957,1
694067,1
438991,2
428402,1
541350,1
157025,1
308447,1
5885,1
704931,2
203500,1
308670,1
771849,1
622116,1
387310,2
737579,1
839721,1
799391,0
74683,0
592992,1
423133,1
252425,1
271602,1
763587,1
775191,1
11503,1
96386,1
184371,1
173434,1
458450,1
469014,1
856768,1
214203,1
390134,1
783923,1
804121,2
902494,1
265162,2
301055,2
882185,2
893769,0
58744,1
983518,1
54050,1
293844,1
185291,1
327411,1
838306,1
507631,1
986652,1
271114,1
188195,1
772226,1
695626,1
1003372,1
697392,1
223337,1
164719,1
987121,1
722209,1
310893,1
150969,1
683991,1
552189,1
375393,2
131380,1
206073,1
413097,1
575737,1
660312,1
214544,1
152413,1
505640,1
679183,1
682484,2
861234,1
246550,1
875468,1
778866,1
827012,1
13538,1
941897,1
251824,1
74511,2
903822,1
383020,2
630766,1
921631,1
592039,1
676452,0
676896,1
4675,1
203962,1
930453,0
165176,1
190154,1
971997,1
55132,1
677237,1
227854,1
50953,2
978057,1
41632,1
946278,1
827988,1
674708,1
259471,1
585570,1
528384,2
213246,1
173489,1
178556,1
880264,1
117890,1
518657,1
389433,1
904339,1
31703,1
913472,1
137030,1
996053,1
408903,1
126584,0
323008,1
214919,1
652157,1
734242,0
980210,1
946902,1
787141,1
150752,1
786111,1
134615,1
855642,1
167662,1
721684,1
975645,1
956930,1
524700,1
357416,1
769828,1
305583,1
564784,1
243247,1
327370,1
901978,1
266192,1
535175,1
90928,0
927695,1
799810,1
232254,2
593582,1
301312,1
253499,1
967853,1
650874,0
397519,1
674414,1
469377,1
940009,1
509255,1
95646,0
529745,1
31530,1
433008,1
1588,1
385077,1
391391,1
989754,1
893574,1
678535,1
210481,1
274403,1
377993,1
407733,2
815745,1
961543,2
47755,1
493428,1
718787,1
363275,1
882046,2
867313,1
529118,1
956556,1
879358,1
254962,1
1014909,0
618980,0
59990,0
623502,1
101530,1
151041,1
96793,1
462107,1
794116,1
748421,1
633097,1
697822,1
275143,1
780472,0
355274,1
186223,1
754806,0
480907,1
717276,2
225665,2
180005,1
565705,2
905703,1
740340,0
67188,0
390413,1
508782,2
264260,1
726531,1
767451,1
393805,0
10458,1
384652,1
726946,1
11260,1
131014,1
216443,0
952893,1
443971,1
69388,1
504580,0
733340,1
816980,1
732127,1
366814,2
160117,2
440907,1
127215,1
400587,1
705624,1
548430,1
510088,1
271136,1
845650,1
375034,1
761291,1
560762,2
785770,1
770271,1
708399,1
10982,0
732497,1
311308,1
138170,1
506418,1
404723,1
283694,1
525279,0
980063,1
17787,1
466480,1
976121,1
257848,2
614933,1
670472,1
122647,1
541497,1
878849,0
436395,1
860167,1
542135,1
911870,1
745480,1
638843,1
385705,1
933618,1
292436,1
418751,1
848198,1
463405,0
288310,1
104250,1
1011128,1
1008883,1
216241,1
956707,1
416830,1
448154,1
861319,0
65803,1
325769,1
84381,1
870272,1
863180,0
397812,1
575007,1
383149,1
50252,2
763914,0
110279,1
483917,1
852027,1
66907,0
197212,1
112684,1
585064,1
751120,1
328298,1
918631,1
212209,1
944735,1
631253,1
357393,0
609113,1
458854,2
53945,1
829029,1
288626,1
512640,1
774712,1
674722,1
136444,1
540104,1
656197,1
311539,1
622068,2
411103,1
870757,1
603038,1
157762,1
735933,0
992031,1
70614,1
316143,1
821843,1
998224,1
8356,1
768342,1
496430,2
144511,1
587253,0
930152,0
573412,1
178479,0
202536,1
47575,1
97673,1
1000348,1
316044,1
258371,1
432586,1
70940,1
800190,1
741246,1
479354,1
683841,1
254368,1
412919,1
572668,0
808345,0
393045,2
52519,1
397001,1
523839,1
155959,1
447872,1
148768,1
171737,1
808745,2
665753,1
247728,1
848862,1
886116,1
872164,1
920502,1
678711,1
948683,1
795711,2
390086,1
70870,1
424475,1
760618,2
687665,1
397504,1
473107,1
587675,0
954352,1
616931,2
813222,1
939557,0
215677,1
632180,1
816937,1
787482,1
40730,1
306081,2
347552,1
353533,1
789389,1
362773,1
985332,1
595287,1
78012,1
321101,1
408833,0
565352,1
184519,2
985439,2
130439,1
899301,1
679936,1
424208,1
903293,1
153458,1
444008,1
628129,1
391292,1
714064,0
814546,1
135227,1
1000410,1
310321,1
231378,1
106421,1
532998,1
1012459,1
651949,1
83241,1
649450,1
180056,1
227146,1
777513,2
74108,1
94135,1
669629,1
999203,1
711490,1
173250,0
20417,1
817196,1
232610,1
419756,1
549196,1
1012709,1
764614,1
354167,2
755164,1
577100,1
976514,1
781385,1
775555,1
926371,1
782669,1
175333,1
636368,1
1008131,1
404565,1
148508,2
373403,1
395726,1
401742,1
238490,1
536819,0
660653,1
657213,1
833246,1
771478,1
637967,1
304586,1
844550,1
318387,1
656894,1
148559,1
726366,1
1010637,1
587217,1
302540,1
590624,1
808334,2
749066,2
451327,1
746599,2
326795,1
510903,1
683360,1
971069,1
634498,1
957946,1
961080,1
456984,1
914965,1
130813,1
631840,1
334965,2
279224,1
664000,1
698247,0
94777,1
397526,1
576752,1
714831,1
942270,2
737043,1
137566,2
140845,1
519092,1
540269,1
958217,1
93280,1
139403,2
1007196,1
969866,0
464729,2
448547,1
490575,1
977298,0
456496,1
207467,1
189857,1
445427,1
300939,1
541651,1
854586,1
315982,1
996240,1
661948,2
393636,1
544683,1
474294,1
899455,1
104258,1
655420,1
979216,1
544320,1
106520,1
201234,1
815606,1
288541,1
841881,1
489144,1
416041,1
793261,1
890542,1
213965,2
403043,1
430522,1
815532,1
666141,1
619901,1
868299,0
275921,1
898627,1
780117,0
313339,0
959070,1
248039,1
767448,0
710783,0
520681,2
335126,1
480671,0
385639,2
930086,1
667487,1
173119,1
689689,1
253969,2
303790,0
386629,1
717849,1
83267,1
51363,1
271657,0
263296,0
262222,1
520193,1
378642,1
634869,1
818865,1
300311,1
483748,1
190118,1
835167,1
630182,0
33044,1
233981,1
558444,1
600046,1
740931,1
323264,1
549952,1
828134,1
63908,1
917465,1
946656,1
980526,1
886211,1
349077,1
923941,0
146373,0
332060,1
126665,1
271495,1
889757,1
282286,1
343046,1
779405,2
273497,1
148922,1
871369,2
70856,1
359630,1
507822,1
934673,2
222626,1
182560,1
878335,1
605733,1
273291,1
800110,1
551074,1
257110,1
52988,1
841119,2
109336,1
201168,1
206305,1
532668,1
528429,1
557355,2
932161,2
488716,1
190161,1
439659,1
272676,1
588621,1
389532,1
748788,2
219747,1
472304,1
936972,1
221999,1
204343,1
351278,1
773065,1
320317,1
32227,1
480088,1
445852,1
331690,1
45500,1
675019,1
312961,1
263807,1
5863,1
58869,1
736446,1
823409,1
215350,1
573467,1
252517,0
626790,1
388238,2
576026,1
1007475,1
977566,1
946748,1
15781,2
578226,1
107990,1
223021,1
607070,2
887418,1
458351,1
150587,1
389572,1
697411,1
798093,1
573779,1
774334,1
866224,0
655934,1
585963,1
706346,0
412618,1
496805,1
290111,0
25003,1
817398,1
369949,1
1016172,1
699280,1
826491,1
575270,2
335739,2
138031,1
893677,1
119276,1
902472,1
830706,2
849115,1
3568,1
506483,1
370107,1
647353,1
1011278,1
598293,1
111030,1
573984,1
201113,1
409889,1
1874,1
81577,1
470827,1
9995,1
114297,1
499404,1
503129,0
623575,1
350989,1
761464,2
714127,1
242583,1
520483,1
361431,1
240512,1
806783,2
480404,1
327569,1
964454,0
144195,1
910051,0
338848,1
685256,1
725846,1
910495,2
693385,0
78889,2
863261,1
754893,1
829179,1
541248,1
863346,1
869593,1
562977,1
78511,1
405731,1
10322,1
749660,1
610364,1
960366,2
667351,1
854957,1
317728,1
862693,1
317056,1
1001466,0
130802,1
167820,1
681292,1
321956,1
429407,1
297381,1
622354,1
455972,1
361718,1
667780,1
567475,0
36337,1
251794,2
861579,1
422345,1
752055,1
161796,1
151038,1
888183,1
933287,1
220011,1
364746,1
581699,1
152093,1
50069,2
356161,1
414928,1
365570,1
906894,1
672229,1
113319,1
52614,1
539726,1
273167,1
747398,1
145747,2
332516,1
1010879,1
10913,1
945262,1
991782,1
154114,1
266079,1
188885,1
522793,1
360294,1
197359,1
188137,1
856915,1
449515,1
3627,1
570196,1
156574,2
838313,0
737700,1
855770,1
756932,1
729820,1
895275,1
214045,1
694533,1
757632,1
305844,1
858197,1
535018,1
160315,2
208082,1
557311,1
348689,1
301840,0
488356,1
669852,1
86585,1
185259,1
45368,0
706995,2
210496,0
488576,1
892184,1
514594,1
765189,1
518668,1
147796,2
371364,1
893703,1
247184,0
481496,1
223601,1
31266,1
612791,1
598965,2
917597,1
789507,1
262538,0
298111,0
982160,1
86233,1
664543,1
279972,1
543444,1
599995,1
447531,1
625397,1
13619,1
687834,1
643317,1
359964,1
367833,1
828736,1
237446,1
569228,0
960472,0
389121,1
349855,1
959508,1
99268,2
525312,0
724881,2
712404,1
739591,1
923897,1
601935,1
95066,1
392550,1
385693,1
885353,1
814542,1
525198,1
515940,1
82259,1
297668,1
154260,1
319216,1
695677,1
457035,1
1013951,1
46857,1
273138,2
54249,1
643401,1
586168,2
874816,1
875189,1
471846,1
654694,1
298265,1
525378,1
1002852,1
352701,1
990253,1
611721,1
537496,1
140177,1
355762,1
385008,1
8587,1
404125,1
509060,1
241106,1
258988,1
569202,2
410377,1
850872,1
490957,1
429575,1
225801,1
896393,1
666879,1
567046,2
874290,1
22451,1
188041,1
193131,0
523413,1
633116,0
695981,1
230168,1
874243,1
73565,1
884327,1
62491,0
832021,1
1007581,0
244031,1
629878,1
30214,1
906160,1
42794,0
555324,2
445746,1
502649,1
264745,1
816999,0
823342,2
315120,1
797317,1
1010152,1
842303,1
693756,1
842071,1
1015436,1
635374,1
427368,1
102894,1
805908,1
807689,1
563996,1
947392,1
416199,1
976990,1
735614,1
505820,0
186957,2
175935,1
108702,1
579520,1
793070,1
881500,1
802329,1
865506,0
314501,1
32692,1
533896,1
357984,0
561,2
870591,0
415686,1
649759,2
806989,2
321178,1
332684,2
628833,1
383666,1
838812,1
638924,1
270135,1
433062,1
315128,1
60123,1
271781,1
382133,0
377443,2
544665,1
784414,1
614386,1
874771,1
960469,1
826246,0
382140,1
200868,1
266497,2
207849,1
911207,1
211651,1
47997,1
240053,1
216252,1
496621,0
717089,1
811062,1
473231,1
671808,0
891022,2
979362,1
798857,1
690302,1
624231,2
562467,1
583994,1
58380,2
537643,1
776714,1
533629,1
874687,1
1009282,1
575542,1
431989,2
643038,0
836982,0
136895,1
3106,2
133258,1
959092,1
102164,1
348641,1
471336,1
442945,0
965422,1
147550,1
109545,1
280549,2
809940,1
76186,1
1000795,1
387802,2
68615,1
603636,1
294948,1
906333,1
999504,0
895811,0
200640,0
354523,1
804877,1
114026,1
108786,1
6064,0
676519,1
872359,1
120942,1
721185,1
220341,0
340171,1
716624,1
957638,1
402332,1
936763,1
475897,1
15488,0
8602,0
284790,1
549163,1
335643,0
199838,1
454201,1
282778,1
403483,2
352282,1
474184,0
669276,1
131230,1
298757,1
109677,1
730730,1
753375,1
870364,1
818711,0
862899,1
143752,1
42806,1
491239,2
669401,1
47737,1
404594,1
161976,0
871622,1
680273,2
511122,1
155203,0
457912,1
865050,0
370202,1
687254,0
581365,1
727044,0
231525,0
955511,1
977180,1
991225,1
392587,1
676283,1
907741,1
905659,1
449735,1
881016,1
186799,1
10054,1
570769,2
378727,2
203908,1
794534,1
938666,2
475369,1
107253,1
517887,2
191625,1
505772,1
351759,2
511742,1
309503,1
395300,1
232702,1
633006,1
658559,1
625166,1
335063,1
891462,1
784652,1
836818,1
791528,1
1008722,1
876942,1
476267,1
433448,1
263418,1
668488,1
360944,1
494968,1
641234,1
405463,1
739162,2
259718,0
773267,1
521558,1
37792,0
927945,1
249205,1
598125,1
690151,1
528582,1
467405,1
376215,1
131524,1
97211,1
297345,1
878434,1
198987,1
673453,1
956824,1
927992,1
502890,2
253440,1
542957,1
86321,1
605564,2
141383,1
747743,1
483935,1
690519,0
901042,1
698771,1
853846,2
827559,1
802611,1
552901,1
759216,1
332857,1
955221,1
19084,1
946351,2
30742,1
719380,1
177434,1
613011,1
768610,1
940306,1
387996,1
420909,1
548368,1
393449,1
52522,2
797562,1
863867,1
398923,1
339694,1
715784,1
540911,0
28295,1
77349,2
215626,1
93170,1
245171,1
715946,2
844961,1
427775,2
826675,0
791267,1
167248,1
785491,1
672470,1
660792,1
791359,0
846208,1
128029,1
584221,1
129507,1
476432,1
396099,1
203258,0
803458,1
566694,2
991841,1
250922,1
638090,1
679374,1
902755,1
842714,1
1010868,1
653558,1
582865,1
442835,1
934468,1
235440,1
295549,1
718813,1
478991,2
885764,1
369604,1
386481,1
823797,1
195595,2
721585,1
481445,2
889676,0
1004205,0
690544,1
662930,1
225148,1
356011,1
19095,1
189747,1
266585,2
543235,0
817046,1
65160,1
953872,2
274612,1
731984,1
462529,1
402097,1
738055,1
686855,1
201605,1
718321,0
121150,1
245784,1
200879,1
274278,1
681186,1
226718,1
780960,1
829395,2
64299,1
375199,1
377193,1
629856,1
373869,1
411822,1
2288,1
134875,0
67816,1
37543,1
927277,1
161190,1
110543,1
399858,1
200497,1
269070,0
932374,1
861931,1
926214,1
944713,1
237152,1
945006,1
146223,1
40972,1
467393,1
905538,1
522922,1
133636,1
897839,1
100218,1
44976,1
215802,1
454865,1
643580,2
310417,0
56126,1
283254,1
15987,1
99770,1
865407,1
434834,1
546003,1
1002650,1
624415,1
20882,1
871240,2
974552,1
712646,1
819121,1
393779,1
178769,1
563064,1
981527,1
442691,1
106678,1
247690,1
151430,1
308164,1
473961,2
184221,1
440660,1
979825,1
505578,2
1247,1
587202,0
432384,1
210137,1
905071,1
304285,1
59260,1
658870,1
804091,1
191962,2
932532,1
20754,1
909024,1
871057,1
288255,1
254324,1
312066,1
197425,1
586436,1
680046,1
942212,1
259956,1
822286,1
370891,1
838625,1
485335,1
272562,1
276731,2
750974,0
486996,1
872791,1
213198,1
275235,1
876168,1
509105,1
572969,1
825641,1
380531,1
794615,2
738235,1
46189,1
817013,1
779016,1
652755,2
78496,1
637787,1
750691,1
909754,0
810139,1
350970,1
286477,1
921572,1
820813,1
580511,1
604721,1
375779,2
92379,1
74988,0
882020,1
239833,1
617880,1
530545,1
388784,1
866462,0
279804,2
414850,1
682165,0
39897,1
10377,1
730547,1
314053,2
43469,1
754828,2
346779,1
157744,2
824901,1
624084,1
87029,1
255064,1
851356,1
687441,1
577654,1
4947,1
220660,1
35482,1
243100,1
274762,1
179315,1
210096,1
160689,0
361927,1
18700,1
486570,0
899341,1
627281,2
738440,1
75941,1
966100,1
761251,1
536444,1
768658,1
276919,1
433837,1
590965,1
939975,0
14021,1
939520,0
860138,2
201869,1
587491,1
512291,1
507125,2
195933,1
754039,1
317467,1
305378,1
972709,1
624419,1
196949,1
146128,1
871127,1
18821,2
441085,1
357838,1
441775,2
9104,1
272537,1
99628,2
261555,1
334822,1
497567,1
413703,1
849816,1
24783,1
740227,1
480026,0
863324,0
864707,1
871574,1
768632,1
906605,1
377924,1
57097,1
220448,1
414708,2
528061,2
781316,0
119672,1
816236,2
681719,1
552420,1
860358,1
253059,1
821102,1
571689,1
967372,1
189839,1
945509,1
579535,1
12030,1
704766,1
367088,1
247746,1
932378,1
110866,1
631529,1
645157,1
22400,1
58094,1
325703,1
917160,1
944052,2
884466,1
965330,2
379654,1
818050,1
209490,1
884954,1
842266,1
68318,1
825535,1
824233,2
406251,1
407711,2
40936,1
759751,1
160216,2
537027,0
718406,1
21528,1
562067,2
397434,1
655662,0
524814,0
202451,1
700685,1
899767,0
869274,1
778624,1
332615,1
567222,0
630289,1
81944,1
593454,0
46549,1
238201,0
379580,1
374914,1
798277,0
789334,1
196497,0
608468,1
253213,1
397577,1
8910,1
499305,1
63379,1
567468,1
219219,1
402325,1
814663,1
687599,1
41665,1
501145,2
882039,2
700399,1
394398,1
563244,1
298739,1
629470,1
429942,2
246206,1
859080,1
975924,1
548533,1
823405,1
907231,1
135528,1
734631,1
1007116,1
122177,1
638425,1
111658,1
772387,1
660969,1
37330,1
543936,1
494531,0
495440,1
546175,1
933607,1
653129,1
424329,2
21182,2
774279,1
755814,1
803656,1
537687,1
410388,1
583547,1
232977,0
318361,1
443193,1
751344,2
534963,1
938893,2
151676,1
617738,1
908717,1
727316,0
783255,1
880190,1
154253,1
324771,1
51107,1
763899,0
29113,1
662303,1
1001404,1
578248,2
87319,1
846079,1
365622,1
241784,1
331764,0
106715,1
911067,1
617770,1
610320,1
27485,1
911100,1
644758,1
389730,1
72403,1
880451,1
30401,1
624862,2
669108,2
298702,2
994925,1
975160,1
354291,1
304539,1
162731,1
657499,2
896643,1
889115,1
42343,1
637039,1
110594,1
2482,1
586520,1
771203,2
557513,1
131058,1
427724,1
403241,1
722498,1
311917,1
496647,1
677835,1
490223,1
426367,1
450982,1
329350,1
174406,1
785404,1
310013,1
547833,1
430250,2
948676,1
37404,1
389279,1
1016370,1
783097,1
803249,1
212861,0
371650,2
960847,1
435541,1
637468,1
850186,1
157098,2
682763,1
485908,1
728904,1
245216,1
662570,1
432072,0
12676,2
313878,0
744964,1
89294,0
130156,1
437628,1
192611,1
54483,1
60750,1
599016,1
858270,0
632346,1
118440,1
866110,0
763091,1
40154,1
994301,1
85559,1
763198,1
220877,2
382052,1
252201,1
876829,1
630751,1
56438,1
774327,1
549714,1
790457,0
380748,1
386504,1
474445,1
739599,1
213833,2
1005488,1
491,2
188056,2
906373,1
42064,1
310608,2
2927,1
143639,2
481104,1
127691,1
699413,1
96027,1
640501,2
426118,1
804529,1
860372,1
90722,2
539847,1
731324,1
30980,1
194833,1
260602,1
788836,1
964597,1
329930,1
306885,1
243328,1
799773,1
991797,1
236445,1
1013991,1
912909,1
215930,1
131432,0
315656,1
907080,1
389459,1
425982,2
188049,1
186311,0
214984,1
351454,1
808547,1
937188,1
199661,1
243779,1
12728,1
428318,2
208541,1
936833,1
361303,1
591331,1
86893,1
773575,1
739195,1
637512,1
656597,1
884910,0
195481,1
989277,1
307570,0
602936,0
245454,1
429582,1
474140,1
1004898,1
383718,1
964593,1
29649,1
601179,0
763594,1
622402,1
624165,1
936880,1
889478,1
652605,2
958275,1
85588,0
677277,2
368232,1
346625,1
1016121,1
350592,1
168094,1
264774,1
750772,1
767796,0
396231,1
500445,1
430757,0
516905,1
600974,1
131506,1
440213,1
215208,1
961815,1
542902,1
234102,2
601803,1
196974,1
338745,0
618360,1
870654,2
113216,1
336677,1
573269,1
20291,1
166137,1
898733,0
182975,1
230887,1
205715,0
337300,1
594183,0
997025,1
387512,0
355546,1
297745,1
116101,2
42101,1
856283,1
862271,2
893648,1
1000818,1
33235,0
625188,1
998444,0
1015847,1
744799,1
34643,1
66136,1
442831,0
904504,0
504629,1
65759,1
169697,1
972815,1
441342,2
643515,2
265254,1
962173,1
306724,0
568902,1
283339,1
760973,1
218159,1
332714,1
674700,1
656957,2
122588,0
105020,1
439211,1
30849,1
90175,0
80224,1
476931,1
476638,1
964450,0
1013052,1
861256,1
488415,1
363433,1
483094,1
822091,1
153418,1
193670,1
666280,1
348384,1
322164,2
409977,1
490692,1
559577,1
581835,1
286994,1
748270,1
892874,0
889074,2
122959,1
398871,1
127075,1
721860,2
991742,1
628150,2
2974,1
373755,1
397908,2
814715,1
620312,2
1015692,1
515067,2
75897,1
540632,1
119515,1
178222,1
229137,1
550257,1
431835,1
517216,1
931304,1
177951,1
678791,1
782041,1
809397,1
409467,1
660631,1
92166,1
229452,1
565543,0
462660,1
25502,0
339074,1
20046,1
455910,1
873840,1
43054,1
704263,1
120043,1
525213,1
636236,1
441108,1
114961,0
163156,1
204758,1
638007,1
597670,1
732424,1
190040,1
119603,1
909307,1
878456,1
495862,1
791975,0
104676,1
531645,1
128050,1
19019,1
125848,1
208167,1
852771,1
751836,1
998891,2
567310,1
73550,1
627454,1
150121,1
1012389,1
24284,1
992585,1
223997,1
422008,2
954462,0
757823,1
345352,1
337784,1
857967,1
229250,1
325538,1
849849,1
983172,2
884309,0
406927,1
512376,1
62228,2
120766,1
236908,1
944162,1
175898,1
985718,2
414201,1
507914,1
687658,1
874085,1
981956,2
795564,1
155672,1
226783,1
371382,2
609829,1
456775,0
896357,1
818553,1
689458,1
795898,1
843384,1
453581,1
1001257,1
683067,1
495242,1
333230,0
744791,2
77767,0
868882,2
924494,1
726634,1
992101,1
973933,1
543639,1
627667,1
533500,0
59576,1
992747,1
53291,2
954400,1
717379,0
441676,1
81049,1
858113,1
368412,1
706588,1
894887,1
570446,1
12236,1
31846,2
117414,0
666644,1
103150,1
128568,1
981329,1
556170,1
872315,1
724728,1
356921,1
303938,1
1008634,1
315274,1
201997,1
370239,0
24295,1
910550,0
746012,1
387684,1
1002672,1
953407,1
326979,2
676559,2
627209,2
276423,2
156893,1
209850,1
665119,1
904580,1
984991,1
336622,1
880624,2
251970,1
175638,0
154451,1
904137,1
265144,2
364870,1
297143,1
347655,2
44419,1
713908,2
401357,1
400004,1
966511,1
1000186,1
339089,1
65436,1
839497,1
456151,1
29539,1
60383,1
274186,1
843670,2
198792,0
224837,1
892012,1
502018,1
386782,1
1438,1
865906,2
435992,1
945680,1
98579,2
96258,0
183008,1
175227,2
39244,1
225269,1
415518,1
321303,1
185464,1
207522,1
195900,1
24956,1
771078,1
588977,1
610878,1
938934,1
655589,0
859015,1
198918,1
256414,0
573009,1
725725,1
362289,1
127846,1
281425,1
813769,1
597777,1
916718,1
91327,1
113135,1
739386,1
864619,2
6938,1
870184,2
618012,1
949479,1
898311,1
92074,1
266509,1
919313,1
780997,1
549552,1
711807,1
199382,1
720504,1
912596,0
978240,0
23100,2
215112,1
642613,1
533074,1
569763,1
311267,0
238281,2
240475,1
976136,1
455338,2
168359,2
930981,1
796495,1
71145,1
441687,1
917807,1
801353,1
97255,1
326003,1
971142,1
1006489,0
886457,2
618317,2
948977,1
928450,2
117285,1
80176,1
37778,1
601036,1
955984,1
878005,2
551999,1
935164,2
350882,1
727990,1
85115,1
51679,1
803865,1
614919,1
8349,0
46291,1
773094,1
172433,1
64860,1
689807,0
231734,2
542432,1
1014938,1
42688,0
687904,1
298999,1
24527,1
761901,1
2291,1
447674,1
857930,1
794123,2
928847,1
104166,1
770033,1
87216,1
980599,1
583815,1
155328,1
962559,1
470030,0
459400,1
976918,2
776244,1
294690,1
506146,1
464996,1
787134,1
658148,1
421814,1
764977,1
133959,1
686187,2
720809,1
674249,1
1003185,1
200273,1
443663,1
101145,1
515904,1
981376,0
951900,1
365435,1
946502,1
500562,2
780476,1
365394,1
62084,1
863463,2
915955,1
557656,1
398266,1
658739,1
304135,2
534684,1
22848,1
106931,1
449199,1
839365,1
533045,1
250016,1
264136,1
126254,1
267755,1
685623,1
493648,1
871680,1
544070,1
1008667,1
295354,1
954550,1
461704,0
488271,1
602620,1
360614,1
739166,0
980782,2
816250,1
613161,1
539906,1
685759,1
536099,1
5724,1
865953,1
923215,1
1017089,1
442824,2
319627,1
754758,1
620019,2
576312,1
845694,1
362090,1
159683,1
296502,1
465711,1
770419,1
903686,1
205506,1
234113,1
106968,1
92045,2
426727,1
451709,1
833682,1
506322,1
418003,1
679763,2
650034,1
310347,1
867632,2
1005433,1
440932,1
719616,1
426385,1
702573,1
315465,1
806460,1
445544,1
707651,1
867067,1
691358,1
51484,2
184423,1
988016,1
342496,1
352389,1
609483,1
7667,1
83957,1
196530,1
753782,1
254401,0
1001543,1
74603,1
663517,1
42868,1
728580,1
875622,0
967790,1
91499,1
503279,1
464082,1
687874,1
388906,2
584070,2
213059,1
1008854,1
951481,1
1014347,1
419091,1
404709,0
688082,2
422745,1
897482,2
513087,2
845265,2
343699,1
482956,1
313805,2
653008,1
460930,1
642459,1
988298,1
700300,0
217833,1
430944,2
178167,1
102483,1
670197,1
610397,1
622042,1
974372,1
813541,1
132316,1
860578,1
908753,2
679925,1
852133,1
737850,1
447780,1
48671,1
689748,1
34438,1
745084,2
165059,1
41580,1
534479,1
906935,2
159386,1
51734,1
790622,1
169415,2
380773,1
735070,1
1001550,2
452180,1
214294,1
70698,1
473004,1
400455,1
676137,1
784744,1
451536,1
415019,1
490865,1
142593,1
598415,1
20787,1
116970,1
746629,1
927211,1
252270,1
1006317,1
99084,1
317511,1
698830,0
872630,1
625665,1
531917,1
909295,1
321017,1
768218,1
320195,0
143950,0
233057,0
363268,1
393081,1
215233,1
475552,1
83630,1
477686,1
133610,2
224749,1
54553,1
669537,1
280666,1
799344,1
518305,1
166955,1
38940,1
999728,1
893398,1
682019,1
828817,1
342221,1
823298,1
563020,1
980137,1
556365,1
775320,1
674032,1
462532,1
316796,1
759274,1
1005808,1
362443,2
264932,0
937346,1
276023,2
990349,0
389770,0
104892,1
81973,0
381936,1
402893,2
776332,1
333670,1
257598,1
566629,1
91877,1
272661,1
54832,1
339562,1
332482,0
876616,1
8781,1
815679,0
798017,0
505413,1
151580,1
358185,1
421197,1
848921,1
480895,1
531098,1
719858,1
565,1
187921,1
943125,1
705693,1
654346,2
640659,1
232698,0
626523,2
870768,1
508353,1
881577,1
49519,1
100397,0
226053,1
859800,1
614265,1
300315,1
209388,0
48749,1
674465,2
988629,1
798981,1
39604,1
925169,1
469344,1
991995,1
260606,1
316480,1
422554,0
105417,1
97068,1
232577,1
142359,1
294456,1
958536,1
163695,1
905057,1
64350,2
865520,1
654478,1
255691,1
1008146,2
473110,1
1017324,1
478591,1
893952,1
733278,1
654126,1
380964,1
592402,1
213785,1
844738,1
901424,1
19297,1
311205,1
717423,1
845283,1
629180,1
437026,1
869014,1
31563,1
698731,1
451389,1
12438,0
661137,1
98308,1
86350,0
972910,1
186597,1
239411,1
651934,1
137698,1
84664,1
765244,2
558286,1
845944,2
383754,1
428817,1
848099,1
896515,1
868493,1
777090,1
933070,2
630296,1
366296,1
21487,0
55800,2
647746,1
179887,1
437349,1
386096,0
681443,1
690467,1
295233,1
786049,2
191306,1
72939,1
161448,1
632470,1
39839,0
1015894,1
83249,1
698371,0
443131,1
671716,1
764779,1
760845,0
133368,1
557304,2
106414,1
441588,1
156905,1
786771,0
481580,1
710772,1
265779,1
543217,1
253121,1
935953,1
787611,1
780094,1
958381,1
34023,1
136312,1
271910,0
476351,2
496607,1
771764,1
328643,1
774143,1
101680,1
277321,1
517773,1
804646,1
973393,1
806691,1
571344,1
945534,1
452195,1
367712,1
768962,1
571373,1
922452,2
404873,1
817912,1
834203,1
832315,1
304722,1
568678,1
797511,0
163200,1
422143,1
792055,1
445364,2
703468,1
201117,2
439398,0
563105,1
686660,0
784289,1
334994,0
552291,1
486828,1
732196,1
1007288,1
928238,2
20318,1
713511,1
73426,1
771724,1
26077,1
531890,0
671062,1
58351,1
738657,1
361860,0
701253,1
461450,1
828431,1
445728,1
767969,1
547172,1
889690,1
853534,1
981431,1
1010732,1
792565,1
543206,1
775621,1
543172,1
795689,1
334231,1
859572,1
891558,1
401643,1
392459,1
850829,1
105068,1
288024,0
53336,1
465825,1
558143,1
763994,1
758927,1
444349,1
779243,1
706519,1
733762,1
162654,2
737256,1
38492,1
395322,1
366362,1
529004,1
879251,1
126764,1
405250,1
513333,1
137313,1
175836,2
585608,1
669320,1
763543,1
685913,1
85816,1
385899,1
689113,1
893549,1
134002,1
669753,1
169918,1
11932,1
663791,1
822125,0
701701,1
550987,1
20824,2
393218,1
683812,1
777997,0
675701,2
909413,1
663340,1
485232,0
148148,1
728357,1
904218,1
83234,0
246260,1
307028,1
482949,1
777391,1
204710,2
794471,1
108405,1
719007,1
328409,1
333216,2
367536,0
735405,1
703329,1
82442,1
324155,1
511210,0
543356,0
337245,1
29117,1
381628,1
911797,1
235033,1
525554,2
924656,1
242518,1
627986,1
432810,1
447762,1
340971,1
854197,1
92739,1
106597,1
322762,0
1013225,2
399296,1
148199,1
943947,1
625672,1
969473,1
364959,1
55613,1
425120,1
51819,1
121271,1
249421,1
324508,1
396206,0
488617,1
279741,0
338914,1
15620,0
707817,1
3546,1
891727,1
439200,1
241319,2
713809,1
329244,1
239866,1
510855,1
456584,1
793016,1
412111,1
78856,1
514756,1
566621,1
97387,1
328434,1
557450,1
651747,1
588111,2
802152,1
341264,1
193902,1
395351,1
805591,1
955137,0
607809,0
176583,1
185394,2
376923,1
534167,0
581952,1
381972,2
632966,1
591500,0
121848,0
130428,1
810340,1
373700,1
885302,1
17097,1
456092,1
204208,1
711780,1
458241,1
623076,1
227810,1
229254,1
407704,1
321846,2
280109,1
519962,1
348872,0
760126,1
904892,1
1003718,1
35864,1
634094,1
70155,1
472865,1
497710,0
299754,0
981435,2
811224,1
150525,1
986968,1
84653,1
121554,1
541394,1
584449,1
192622,1
843681,1
418447,1
230216,1
753812,0
822408,0
840990,2
748751,1
800172,1
749422,1
88198,1
762616,0
148331,1
131076,1
410362,0
956871,1
675675,1
890939,1
695181,1
59932,1
330712,1
978017,1
957003,1
699112,1
909475,1
759344,1
98025,1
830937,1
7865,1
269283,1
619233,1
427603,1
760735,1
530600,1
539333,1
269805,2
828417,1
734356,2
554345,1
960935,1
17842,1
459583,1
268572,1
383042,0
558404,1
393944,1
599621,1
558594,1
353548,0
1011289,1
643357,1
231628,1
911214,0
251743,1
782265,1
280608,0
639000,1
975351,1
451206,1
208677,2
1012925,1
321600,1
551272,1
237703,1
623630,1
722777,1
599317,1
696579,1
256366,1
416012,2
235477,1
59392,1
624800,1
811862,1
842930,1
346988,1
82299,1
178321,1
670649,1
17619,1
1687,1
6244,1
846963,1
136664,1
603573,1
45045,1
970633,1
171454,1
271392,1
597674,1
127376,2
289359,1
249410,1
648956,1
491851,1
786834,0
2549,1
467661,1
113939,2
50098,1
295545,1
66459,1
616575,1
774859,1
35439,1
119614,2
963523,2
112251,0
636948,0
785268,0
196185,0
524993,1
650272,0
374268,2
223968,1
930622,1
671936,1
221694,1
273413,0
775566,1
777337,1
182395,1
716602,1
954547,1
181673,1
401371,1
780344,1
936396,1
314475,1
743505,1
475299,1
794024,1
777564,1
56287,0
880194,0
743974,0
322249,1
627704,1
769875,1
897343,1
47399,1
912912,1
261566,1
642675,1
553708,1
582018,1
849669,1
771845,1
687012,1
715197,1
119775,1
764771,1
274447,1
161433,1
286408,1
249355,1
389851,1
593230,1
540250,1
936176,1
497109,1
95150,1
105332,1
742629,1
432935,1
519027,1
309819,1
807506,1
709987,1
788090,1
951258,1
340021,1
508661,2
868079,1
754141,2
996761,1
512497,1
739793,0
887249,1
271367,2
185707,1
955409,1
253015,1
824860,1
13512,1
131388,1
857116,1
35820,1
231305,1
397793,2
14032,1
199283,1
193410,1
159573,1
849009,1
266659,1
387152,1
313306,1
371643,1
363914,1
422822,0
716367,0
908874,1
70841,2
240761,1
965532,1
716918,1
170787,1
202910,1
338345,1
443571,1
254063,1
872939,1
586788,1
485647,2
383714,1
527174,1
925091,1
315205,1
636360,1
990976,1
911595,1
122258,1
443263,1
343574,2
718769,2
726362,1
787071,1
238627,1
818308,1
621397,1
761578,1
397261,1
837231,1
582179,1
188067,1
746889,1
809261,1
181912,1
38470,1
201748,1
893776,1
771180,1
648523,1
202606,1
392381,1
465047,2
286918,1
314112,1
840495,1
267858,1
206367,1
47212,2
759649,1
897817,2
42882,1
437701,1
737069,1
666842,2
279671,1
88811,1
135281,0
661827,0
646961,1
130174,0
489236,1
886376,0
905299,2
1010109,2
706247,1
801375,1
971913,1
90032,2
328283,1
333153,1
1000568,1
170860,1
1011726,2
120601,1
231228,1
511621,1
384557,1
90777,1
597377,1
632386,1
981901,1
771522,1
701932,2
43094,2
278755,1
826055,1
322539,1
833077,1
975890,0
680871,2
491660,2
936693,1
992743,1
687232,1
161330,1
1005213,1
852728,2
517223,1
755890,1
492012,1
155074,1
655615,1
865616,1
939964,1
492177,1
970109,1
243357,1
422125,0
609234,2
329949,1
15697,1
167923,1
355326,1
149208,1
454906,1
962294,1
488686,1
427405,1
886406,1
294085,1
723073,1
591812,1
911430,2
431802,0
62176,1
716426,1
491954,1
644288,1
941244,1
777872,1
726953,1
892331,1
493354,1
386229,1
911823,1
980764,2
983635,1
465667,1
453512,2
168579,1
100892,1
57358,1
303233,0
613903,1
442875,1
375496,1
597557,1
561440,1
967435,1
22239,1
370136,1
447502,1
885966,1
810311,0
990132,1
94340,1
816793,1
176455,1
1016709,2
688127,1
772938,1
311818,2
528902,1
442116,1
579766,1
739892,1
289436,1
920102,1
846314,1
450007,1
870250,1
641160,1
210339,2
779191,2
548683,1
59701,1
655310,1
357508,1
807539,1
517135,1
673758,1
653114,1
504379,1
194709,2
829670,1
444635,1
623205,1
136323,1
612010,1
504500,1
404749,2
154161,1
765163,1
224125,0
384490,1
489580,1
15745,1
59396,1
97949,2
640516,1
884826,2
903741,1
970497,1
280244,1
704175,1
945024,1
289821,1
69065,1
921543,0
271576,1
662060,1
57769,1
886879,2
817149,1
367709,1
265173,2
352213,2
1948,1
272515,1
62657,1
758846,1
586542,1
106818,1
533049,1
800378,1
88569,1
991661,1
581934,1
915009,2
465124,1
219105,1
59073,1
506058,1
847429,1
514866,2
130963,1
12496,1
364489,1
235590,1
224572,1
326120,1
782591,2
548229,1
165888,1
808338,1
872465,0
256957,1
213958,1
458388,1
26602,1
225867,1
243959,1
690478,1
491367,1
963112,1
794581,1
560755,1
392026,1
126739,1
493453,0
411543,1
511371,1
360720,1
346977,1
116941,1
734510,1
604288,1
151757,1
56661,1
480349,1
361196,1
55660,2
466521,1
365178,1
297653,1
308829,1
400606,1
444936,1
672375,1
464039,1
268859,1
299655,1
985769,1
498638,0
476128,1
93703,1
241506,1
286914,2
770316,0
58285,1
132983,1
88033,1
12629,1
15473,1
492023,1
964285,2
976961,0
195665,0
362784,1
471530,0
621265,1
901082,0
659806,1
42552,1
632144,2
217451,1
998323,1
577126,1
273372,1
972844,1
82101,2
268844,1
558107,1
760753,1
298207,1
634656,1
814968,1
37514,1
289432,2
982616,1
150840,1
321332,1
820482,1
219215,1
651839,1
930820,1
516578,0
123592,1
743992,1
898762,1
776013,1
75923,0
907617,1
127024,1
56382,1
576590,0
4925,1
453222,2
329372,1
143866,1
366072,1
629849,2
123783,2
587282,1
866033,2
679697,2
935924,1
215989,2
527024,1
350471,1
963417,1
485595,1
759359,1
21560,1
1010648,0
147202,0
121000,1
996758,1
944045,1
1016271,1
10656,2
569804,1
396800,1
64707,0
628727,1
598022,0
371636,1
95165,1
990664,1
949897,1
5775,1
627201,0
889771,1
450854,1
969190,1
101794,1
406710,1
375078,1
923787,0
637170,1
151999,1
228686,2
202352,1
1017849,1
717540,1
678366,1
659905,1
328577,1
451943,1
324713,1
141556,0
740887,1
201524,1
21007,1
548595,1
623850,1
505806,1
508940,1
502506,1
506917,1
608387,1
640673,1
955173,1
78386,1
675301,1
678502,1
876036,1
580834,1
792422,1
250900,2
562588,1
537375,2
964304,2
81225,1
332549,1
675983,0
250665,1
584092,2
254519,2
917656,1
993920,1
386687,1
52470,1
365475,1
857109,1
387659,1
940706,1
720805,1
903664,1
503808,2
616869,1
417192,1
609267,1
966885,1
9591,1
701855,1
729871,1
814638,1
139605,1
471659,1
863739,1
959757,1
234234,1
360393,2
829403,1
296380,1
214706,0
495392,1
1017470,1
986407,1
737007,1
594587,1
467452,0
871589,1
921246,1
92647,1
649182,1
183323,1
428406,1
680703,0
335724,1
845636,0
911786,1
382199,1
124597,1
54007,1
830562,1
837653,1
1002328,1
134079,1
416001,1
914833,1
119863,1
253606,1
980492,1
160241,1
153443,1
368782,1
763792,1
371526,0
62187,1
128403,0
536815,1
833781,1
308795,1
134688,1
906131,1
63195,1
650027,1
420387,1
171340,1
78261,2
804925,1
154763,1
669863,1
920890,1
757805,1
411631,1
945725,1
112934,1
671815,0
671543,1
441786,1
175201,1
359337,0
588261,1
951478,1
868329,1
959207,0
343996,1
400642,1
174215,1
168249,1
640046,1
894883,1
13105,1
900731,1
660033,1
796833,2
992475,1
94494,1
409056,0
376996,0
583022,1
31589,1
659699,1
636298,1
703075,1
221951,1
453266,1
59550,1
725006,1
266060,1
821883,1
391681,0
22242,1
987815,1
484073,2
82446,1
796628,0
275385,1
821010,1
89133,2
793614,2
575117,1
22165,1
51286,1
301932,1
684754,1
339489,1
167790,1
1014222,1
728276,1
699482,1
961323,1
897226,1
712664,1
901831,1
212711,1
827328,1
152912,0
955607,0
149307,1
283739,1
297297,1
402259,1
299835,1
344571,1
106483,1
440763,1
187268,1
17747,2
834900,1
376680,0
542506,1
464497,1
395829,1
647702,1
881955,1
601722,1
283056,1
832832,0
739809,1
153018,1
72850,1
680347,1
64912,1
50292,1
638160,1
610283,1
588845,2
913388,1
225720,1
315186,1
348656,1
973669,1
379519,1
102399,1
308472,1
619651,1
351212,1
147062,1
817659,1
427793,1
549185,1
463845,1
27434,1
870584,1
927189,2
1001983,2
528487,2
401904,1
409180,1
744135,0
165378,1
236834,1
676702,1
283735,1
762557,2
76429,1
113131,1
464398,1
100111,1
245098,1
882927,1
104104,1
198884,1
17068,1
541934,1
434467,2
140290,1
462891,1
694016,1
393577,1
557476,1
116538,1
506087,1
782991,1
831442,1
852155,1
506678,1
27889,1
447506,1
816731,1
287115,2
83726,1
753386,1
1005712,1
940584,1
662097,0
163060,1
119991,1
580591,0
724830,1
519397,1
450238,2
600277,1
471109,2
554624,1
368492,1
516585,1
268143,1
110606,0
387523,1
1010923,1
671891,1
47058,1
472487,1
807854,1
310093,1
192787,1
192578,1
264268,2
395883,1
178541,1
588551,1
834144,1
9052,0
409005,1
61362,1
656311,1
371056,1
325545,1
24482,1
713023,1
575348,1
314266,1
498681,1
774961,1
855349,1
749796,1
757867,1
39280,1
170460,1
899015,1
542069,1
146502,1
983903,1
1001583,2
723015,1
274483,1
326597,1
381455,1
943738,1
880925,1
935762,1
1015304,1
399876,1
634960,1
879817,1
377065,1
451374,1
68509,0
701822,1
298977,1
256160,1
193458,1
678403,2
476388,1
962955,1
160711,1
586447,1
564102,2
628998,1
483098,1
951962,1
713720,1
881654,1
333391,1
439130,1
914929,1
486879,1
497185,1
130284,1
184474,0
228572,1
577559,1
582535,1
235381,1
321105,1
284479,1
1014248,1
819561,1
671066,1
549358,1
490344,1
979263,1
1011777,1
995254,0
272269,0
1007817,1
258797,1
585909,0
676012,1
691028,0
980401,1
142946,1
22088,0
735595,1
970949,1
836007,1
297572,1
832645,1
31860,1
887678,1
522607,1
7018,1
655978,0
399014,1
723862,1
911690,1
85496,2
86237,1
397515,1
153304,1
865773,1
395939,2
463690,1
944823,2
322205,2
718464,1
477327,1
369468,0
839927,1
227304,0
260411,1
562717,2
49225,1
956174,1
606019,1
233868,1
481119,1
908092,0
54887,1
241513,1
218827,1
690595,1
170626,1
811385,1
691314,1
982216,1
980302,1
391744,1
192691,0
223586,1
449409,1
532929,1
13677,1
666736,1
294276,1
447609,1
64390,2
721828,1
936848,0
38357,1
150888,1
760027,1
938101,1
788876,2
421241,1
1008164,1
181648,1
585255,0
639242,2
663733,1
48459,2
923332,1
341488,0
677057,1
737090,0
88004,1
468035,1
948265,1
321435,1
171986,1
88062,1
384546,0
309345,1
533793,1
474056,1
374330,0
506395,1
264091,2
568072,1
816694,1
658232,1
948258,1
224778,1
355890,1
970318,2
578707,1
182865,1
814942,1
34038,1
513403,1
1001381,1
799458,1
621180,1
345774,1
884062,1
469201,1
619938,1
634744,1
132815,1
854270,1
749914,1
277130,1
12580,1
16768,1
917337,1
459972,1
798325,1
41261,2
99080,1
718608,2
905013,1
647599,1
21124,1
185174,2
592291,0
41955,1
575883,1
41845,1
374990,1
519827,1
146098,1
990147,1
850403,1
603485,2
995661,1
440723,1
991027,1
816555,2
222109,1
49155,1
836476,1
618665,1
152747,0
720720,1
737278,1
862437,0
917982,0
473286,1
347611,1
967707,1
787714,1
681391,1
831170,1
185974,1
782195,0
368607,1
61117,1
100537,1
195298,1
475325,0
304902,2
842031,1
159782,1
809324,1
133386,1
654243,1
23746,1
174644,0
269038,1
470702,1
360728,1
260040,1
980409,1
407436,1
581718,1
488697,1
998873,1
676625,1
568641,0
670890,1
512747,0
817321,0
41188,1
592376,1
309297,1
747431,0
532738,1
630270,1
12782,2
694775,1
959900,0
934167,0
94807,1
96364,1
11811,1
137526,2
807850,1
351142,1
915922,1
195867,0
584218,1
512354,1
46215,0
104757,1
131832,0
69311,2
543679,1
635165,1
90689,1
578934,1
344917,1
686811,1
460138,1
371052,1
961103,1
363396,1
518918,2
532918,1
660073,1
384458,1
71413,1
863973,1
390509,0
676070,1
601058,1
790028,1
602705,2
33987,2
238348,1
962375,1
616209,1
265647,0
790846,1
795010,1
532862,1
117498,1
321394,1
967457,1
383985,1
599782,1
302937,1
43263,1
495044,1
404341,1
655655,2
470713,1
534992,1
915038,1
312,1
897347,1
207500,1
628550,1
95118,2
549574,1
366241,1
631903,1
164094,0
973739,1
2329,1
345363,1
607739,1
987378,2
691505,1
237288,1
851107,1
559999,1
164513,1
286095,0
317313,1
4558,0
868057,1
337872,1
91503,2
824648,1
145893,1
561480,1
448796,1
821425,1
797016,1
899367,0
530071,1
338114,1
407490,1
450847,1
829854,1
633732,1
179201,1
137041,1
815385,1
685799,1
309198,0
286954,1
612487,1
660363,1
835893,1
869645,1
93318,1
891213,1
146997,1
664312,1
907543,1
433118,1
797438,1
405643,1
115108,1
899433,1
998657,1
921385,1
347280,1
937119,1
454373,0
741884,1
310464,1
671507,1
315146,2
287427,1
384090,2
586153,1
328573,1
616168,1
174538,1
536774,1
316884,2
234461,1
219776,1
700458,1
7007,1
635583,1
146209,1
317504,1
75082,1
491631,0
605681,1
707927,1
840686,1
696072,1
847982,1
41225,1
435017,0
602305,1
200071,1
727657,1
745594,1
223740,1
760298,1
261661,1
264716,2
128289,1
832814,2
730873,1
282484,1
29542,1
285216,0
244475,1
310219,1
453376,1
420871,1
572345,1
456247,1
160719,1
285971,1
223344,1
831516,1
835390,1
182847,1
397067,1
1006892,1
798112,1
377803,1
730767,1
25058,1
426033,1
498447,2
820262,1
864398,1
3296,1
29689,1
319766,1
940966,1
398020,1
350318,1
404796,1
426987,1
308616,1
843708,1
191702,2
762300,1
502982,1
45184,1
782698,1
268903,1
698324,1
971036,1
703196,1
978794,1
694782,1
911177,1
124942,1
758952,2
942355,0
406471,1
262390,1
254328,1
415510,1
187488,0
719818,1
449870,1
285113,1
266655,1
482134,0
626318,1
509523,1
699901,1
640208,0
202671,2
44819,1
519694,1
3292,1
560829,1
527655,2
151317,1
566243,1
612872,1
553719,2
472414,1
182711,1
663326,1
926096,2
886992,1
599166,1
666046,1
373993,1
933100,2
219938,1
669041,2
669489,1
863210,2
1000436,1
234762,1
148742,1
308171,1
705334,1
901372,1
543789,1
786023,1
26738,1
700560,1
481092,1
771713,1
500434,1
488367,1
930189,1
969264,1
915742,1
143338,1
603775,1
447865,1
46071,1
274821,1
843652,1
23302,1
273523,1
786159,1
466011,2
288688,1
180610,1
608295,1
71688,1
34537,1
424057,0
305763,1
111984,0
973180,1
531249,2
236430,1
986560,1
837374,1
858766,2
539090,1
848015,0
460860,1
179766,1
863995,1
503895,1
418458,1
165781,1
737490,1
61032,1
658988,1
890641,1
304737,1
546432,1
367620,1
621306,1
826936,0
866686,0
222442,1
540364,2
805984,1
359649,1
587679,1
677031,1
880954,1
578549,1
350031,1
352620,1
460736,1
357636,1
959243,1
1014486,0
1001961,1
647070,1
159731,1
759836,1
957065,1
858326,0
238494,1
895341,1
332174,0
203834,0
84268,1
342559,2
364485,1
13325,1
202419,1
52250,1
415334,2
947833,1
196376,1
952299,0
246561,1
862000,1
671051,1
1014718,1
16559,1
175542,1
816049,1
100221,1
844480,1
57970,1
587958,1
13057,1
256029,1
947983,1
215846,1
370008,1
978549,1
130871,1
735636,1
142029,1
683687,1
149475,1
730862,1
58531,2
574523,1
434089,2
776336,1
876197,0
70566,1
817776,0
117465,2
380700,1
649315,1
489423,1
343530,1
476890,1
901783,1
478555,1
123406,1
991793,0
1006621,1
710886,1
687801,0
146182,1
432685,1
18917,1
961415,1
874908,1
1017254,0
980133,1
618584,1
825726,1
497901,1
694742,1
750585,1
479181,1
524645,1
830111,1
883043,1
2963,0
60200,1
980203,1
900243,2
904243,1
561826,0
615185,1
914004,1
286374,2
917803,1
610001,1
519269,0
787361,1
453079,1
58139,1
927475,1
186928,2
570138,1
44264,1
945783,1
901064,1
426554,1
443384,2
408004,1
844235,1
785103,1
415664,2
981402,1
555254,1
99822,1
562841,1
390167,1
766421,1
20923,1
224763,1
741914,1
723792,1
681182,1
314695,1
204725,1
248468,1
236845,2
393500,0
565628,1
76315,2
458993,1
468123,2
360591,1
428992,1
709392,1
957182,1
845441,1
649128,2
1017717,1
196101,1
439747,1
944900,1
272151,1
27225,1
696230,0
882431,0
482460,1
469472,1
115261,1
345147,2
136459,0
103785,2
338004,1
519052,1
717218,1
977793,1
444011,1
400125,1
835248,2
266336,1
445489,1
336516,1
866598,0
1005455,1
528278,1
171209,1
114183,1
225261,2
694070,0
585633,1
361307,0
853703,1
531737,1
909798,1
1000906,0
423283,1
652483,1
740843,0
310372,1
534754,1
963853,2
1015106,1
768760,1
97732,1
723118,1
291060,1
305161,1
558943,1
951584,0
754482,1
750637,1
914437,0
77231,1
708311,0
719186,1
995140,1
742896,1
940948,1
159382,1
784234,1
765938,1
97116,1
837037,1
414829,1
24981,1
230069,1
723848,1
49522,1
853662,1
597582,1
355238,1
483601,1
67265,1
899091,1
295769,1
215251,1
310280,0
687214,1
903943,1
335610,1
368393,1
756044,1
285472,1
733113,0
352774,0
599610,1
749866,1
924362,1
1526,1
957029,1
480,1
660723,0
381965,0
868787,1
297077,0
599081,1
362553,2
455392,1
992130,1
376053,1
552336,0
221409,1
306948,1
66260,1
4217,1
394581,1
481595,1
569749,1
146777,1
109644,1
60622,2
852221,2
570897,1
992394,1
211846,1
724229,1
690371,1
842222,0
871208,1
841038,1
964050,1
742445,1
856584,1
859033,1
549754,1
359083,2
180184,1
220297,1
136055,2
201616,1
733575,1
604813,1
866565,1
1008193,1
127446,1
224213,1
312943,1
127417,0
735526,1
676302,1
225580,1
128209,2
707835,1
777810,1
422617,1
927130,1
837253,1
826590,1
720687,1
139362,1
316235,0
775881,1
739229,1
916307,2
448356,0
1012921,1
50333,1
759418,2
119801,2
527541,1
76377,1
836685,0
449412,1
200604,1
1006551,1
578967,1
483913,2
871897,1
619365,1
821472,1
1011715,1
105527,0
26279,1
1008869,1
439839,2
468530,1
931946,2
23382,1
969260,1
650463,1
677442,0
736457,2
213389,0
246099,1
374804,1
131285,1
1016327,1
140371,1
325280,1
766436,1
286569,1
511867,1
566892,1
716808,1
336680,1
711832,1
831156,1
152651,1
316745,1
407326,1
50319,1
798185,1
415323,1
559632,0
668785,2
967446,1
205168,1
891264,0
683753,1
103620,1
144625,1
865069,1
659846,1
542711,1
165789,1
327866,1
388483,1
657444,0
707226,1
633280,1
734709,1
301121,1
422040,2
765105,1
730451,0
540467,2
988573,0
666398,1
15642,1
8558,1
772424,1
205571,2
271866,1
674560,0
952684,1
856492,1
889746,1
150594,1
886398,1
393519,1
133023,1
726780,1
214654,1
233963,1
588247,1
749510,1
974251,1
863522,1
848239,1
581592,1
999081,1
1269,1
984214,2
354145,0
984104,1
244053,1
419521,1
1013203,0
119045,1
1006665,1
691266,1
680178,1
161998,1
983154,1
169639,1
913924,1
944401,1
205252,1
16038,1
621827,2
164175,1
191034,0
802798,0
134680,1
160414,1
361930,1
642426,1
208549,1
91712,1
413813,1
776097,1
132770,1
741019,2
618580,1
764041,1
916428,0
852188,1
437958,0
333359,1
764173,1
491169,1
337894,1
448851,1
566049,1
395872,2
682561,1
559797,1
507987,1
1005484,1
545475,1
439860,1
112703,1
359832,2
365024,1
171902,1
861245,1
972921,1
898832,0
154664,1
768122,1
925455,1
39967,1
134361,1
350673,1
354970,1
249630,1
850975,1
69656,1
837349,1
907572,1
174145,2
292777,1
950341,1
921855,1
268921,1
526775,1
425131,1
453145,1
980265,1
734352,1
757438,1
602660,1
1016103,1
888929,1
2208,1
579502,2
203591,2
39538,1
163170,1
158253,1
785954,1
97112,1
624594,1
899697,1
465557,1
645964,1
700490,1
161554,0
575997,0
383017,1
614191,1
24156,2
28222,1
49797,1
34409,1
540801,1
997784,1
33514,1
747912,1
346016,2
446288,1
12298,1
1004946,0
851198,1
976352,1
240057,1
353218,1
6398,1
90898,1
145310,1
637167,1
142681,1
189453,1
905846,1
484488,2
30331,1
453060,1
792624,1
737193,1
161800,1
122467,1
256818,1
988474,0
511717,1
470739,1
695017,1
712033,1
166290,1
275536,1
661379,1
784498,1
650115,1
301907,1
121396,1
650346,1
111838,1
911922,0
154811,1
680747,1
881665,1
1011458,1
884095,1
620840,1
586605,1
758413,0
486428,0
90359,1
72267,1
571072,1
678036,1
909060,1
192035,1
428589,0
207508,1
595577,1
196916,1
72285,1
582304,0
173115,1
47285,1
378929,1
622178,1
662262,1
169345,0
841988,1
515672,1
193818,2
152585,2
235356,1
430199,1
752558,1
529800,1
858120,1
572639,1
605142,1
761417,1
550264,2
569947,1
583620,1
855572,1
530406,1
177948,1
553249,1
179557,2
557755,1
669841,1
217385,1
95462,1
216322,1
177526,2
247973,1
507590,1
272669,1
915078,1
1159,1
697510,1
80895,1
93262,1
305084,1
561118,1
565851,1
994015,1
984492,1
459385,1
370206,0
543095,1
515328,1
956394,1
772916,1
483418,1
884510,2
521323,1
52108,1
398060,1
683434,0
1009066,0
190190,1
342849,1
611552,1
502179,1
840370,1
359223,1
663674,1
729699,2
938802,1
718695,1
227986,1
325471,1
673783,1
165172,1
927949,1
584973,1
657895,1
790747,1
127314,1
156435,1
467287,1
240156,1
558279,0
666600,1
806343,1
694339,1
653936,1
60615,1
607089,2
171876,1
995467,0
86178,2
988779,2
769057,1
823922,1
979373,1
384120,1
187099,1
413361,1
583646,1
724562,2
497361,2
173302,1
268983,1
486608,1
598055,1
442758,1
41111,1
955694,1
506593,0
540603,2
568007,1
966298,1
479424,0
1001554,1
519298,1
451334,1
753492,1
24970,1
91084,1
839109,1
870775,2
941985,0
702151,1
900162,1
163141,1
253572,1
536693,1
879839,0
479570,1
675525,1
47296,1
903972,1
24637,1
570086,1
805324,1
440859,1
941318,1
833734,1
748076,1
121770,1
808550,1
966504,1
456999,2
702793,2
315050,1
230638,1
908463,1
270348,1
729439,1
907293,1
61803,2
610236,1
338176,1
450340,1
278869,1
78272,1
525646,1
540397,0
413970,1
493839,1
718732,1
444624,1
504933,0
1013023,1
894560,1
99866,1
221474,1
855275,0
460552,1
90010,1
975018,0
81665,1
1294,1
658368,1
269856,1
769552,1
341624,1
524292,1
8653,1
733362,2
341462,0
381059,2
932705,1
29627,2
720335,1
756279,1
656263,1
450579,1
8309,1
81405,1
861014,2
58568,1
322311,1
33785,2
957784,1
602033,2
762740,1
874317,1
448741,1
449991,0
455792,1
391135,1
495947,1
340719,1
396796,1
436128,1
603199,1
551643,1
324867,1
294148,1
530303,1
900261,0
496643,1
505725,0
479390,1
953531,2
498539,1
709763,2
3579,1
341880,1
674681,1
499660,1
559155,1
438775,0
218243,1
230120,1
103929,1
782988,2
950507,1
376765,1
931054,1
1002397,1
473118,1
397775,1
458539,0
540089,1
214988,1
677471,1
529914,1
23005,1
242125,1
797313,1
660286,0
581134,1
262394,1
442321,1
261290,1
774543,2
916280,1
489881,1
960117,1
719465,1
364988,1
895048,1
178468,1
365020,1
799032,1
579810,1
974060,1
888770,1
743688,1
428871,1
750358,1
267326,0
753683,0
959254,0
190026,1
896492,1
235749,1
426752,1
976455,1
707358,1
1013188,1
863753,2
210937,1
555874,1
804419,1
518008,1
444583,1
462925,1
273244,1
677105,1
555885,1
451198,1
167794,1
581802,1
239044,0
124986,1
514877,1
632944,2
712587,1
5313,1
224080,1
571029,1
708432,1
507316,1
566573,1
516981,1
410506,0
65836,1
883586,0
147194,2
141204,1
1006250,2
901248,1
5247,1
271183,1
587419,0
879233,1
209586,1
234692,1
575274,1
95257,2
407652,1
646646,2
753166,1
997054,1
961749,1
270090,1
720823,1
819309,1
808602,1
269827,1
536851,1
41812,1
887652,0
167105,1
377315,1
960168,0
421469,1
596280,1
265070,1
860336,1
218500,1
187929,1
170981,1
19763,2
35024,1
620734,1
665485,1
613297,1
815190,0
300872,1
940632,1
238586,1
445342,1
597061,1
719847,1
787860,1
397225,0
928997,1
474276,1
414997,1
674274,1
914738,1
744605,1
474052,1
250115,1
734422,1
433565,1
630025,1
734796,1
156626,1
911625,1
805926,1
672841,1
370628,1
56357,1
864695,1
341628,1
293569,1
34728,1
130967,1
811734,1
259325,1
923963,2
292807,1
698489,1
17468,0
881126,1
356477,0
184599,1
588526,1
918228,1
526827,1
568821,1
41001,1
914147,0
734231,1
901251,1
631660,1
931410,1
260,1
827173,1
535575,1
815525,1
361882,1
898722,1
233123,1
596291,1
844646,1
261878,1
629063,1
250937,1
469513,1
238021,1
699358,1
995870,1
971605,1
535869,1
684747,1
603250,1
181350,1
651383,2
233552,1
144409,1
221526,1
488796,1
242503,1
423694,0
815587,1
871093,1
280431,1
482963,1
945406,1
153249,1
611806,0
888521,1
637523,1
793658,0
178596,1
562838,1
865979,1
484033,2
589244,1
14322,1
910268,1
513227,0
758390,1
7539,2
573610,1
652737,1
847818,1
291688,1
82897,1
662927,1
802846,1
972404,0
975829,1
174486,1
871453,1
93680,0
1016118,0
76131,1
773256,1
172880,1
225731,2
598048,1
635965,1
88363,1
839666,2
712198,1
794325,2
722906,1
797995,1
253880,1
635037,1
824637,2
122074,1
217080,2
956266,0
988768,1
897534,1
872098,0
439754,1
900320,1
741165,0
111775,1
355968,1
305114,1
655648,1
701859,0
721901,1
274766,1
320034,1
410436,0
495972,0
277927,1
752532,1
160171,0
295721,1
719773,2
747141,1
993902,1
901350,1
715993,1
603368,1
924913,1
847003,1
18953,1
42174,2
241920,1
504452,2
438508,2
296597,1
438104,1
638609,1
842952,1
199140,1
286202,1
1368,0
994550,1
171645,1
437411,1
783725,1
452944,1
359010,1
555371,0
868758,2
132503,1
107411,2
238076,1
606921,1
266680,2
791461,1
868101,1
55107,1
343912,1
441771,1
582443,1
679114,1
179472,1
827793,1
858241,1
532194,1
840587,1
925356,1
1003417,0
272463,1
665904,1
978516,1
136587,1
993252,1
850616,1
264837,1
961998,1
277563,1
283951,2
635084,1
400888,1
368995,1
886688,1
539102,1
836399,1
70948,1
438030,1
442428,1
798893,2
849173,1
364122,1
368001,1
681593,1
647896,1
156842,1
882970,2
905460,1
218313,1
792224,1
632746,1
687250,1
291923,1
231994,1
46688,2
223249,1
294782,1
469322,1
302713,1
238902,1
590770,1
553744,1
720562,0
618717,1
162548,1
511155,1
337821,2
724878,2
88910,1
160704,1
844051,1
132396,1
937838,0
480062,1
783552,1
158954,1
573276,1
111320,1
269676,2
371922,1
958228,1
813776,1
273273,1
1012000,1
910701,1
700780,2
541967,1
822914,1
370147,1
489966,1
310581,1
834717,2
870966,1
600655,1
873833,1
896225,1
1004234,1
734330,1
285362,1
120418,1
76964,1
229353,1
473880,1
770202,1
911360,1
568553,1
704968,1
856683,1
31086,0
885081,1
530574,1
597502,1
700935,0
668994,1
947370,1
487557,1
633512,2
410894,0
2589,1
18872,1
661537,1
846189,1
218496,1
109237,1
938945,1
616171,1
646635,1
654786,0
600710,1
795502,1
912556,1
48507,1
163097,1
396738,1
308425,1
196479,1
570233,1
427342,1
821663,2
129374,1
818201,0
789338,1
887292,1
1148,1
930839,1
346694,2
389910,0
461872,1
434210,1
642231,1
237556,2
837408,0
81669,1
518484,1
213239,1
316686,0
171319,1
995298,0
128113,2
456500,1
96720,0
600251,1
928986,2
794578,1
974604,1
842163,1
440767,1
743237,1
424138,1
435695,1
778260,1
122580,1
126508,1
661016,1
532954,1
711414,1
891774,1
884462,1
582205,1
202808,1
774,1
629104,1
794358,1
531146,0
430827,1
322322,1
471619,1
673266,1
315472,1
347354,1
139090,1
736109,2
510415,1
24112,1
626725,1
17886,0
44796,1
670355,1
980151,1
940827,1
568201,1
586931,1
563729,1
414872,0
418340,1
332497,1
605520,1
747163,1
593616,1
319043,1
575216,1
660907,1
984434,1
544874,1
270032,1
32153,2
102315,0
241168,1
88073,2
303505,1
602143,1
633446,1
22419,0
83494,1
27027,2
12412,1
554826,1
540896,1
412940,1
192659,1
451309,1
616751,1
993139,1
441878,1
169125,1
834328,1
850502,1
953472,1
1014637,1
987367,1
444125,2
595775,1
823353,1
318956,1
789965,1
672155,1
349345,1
205186,1
53684,1
810058,1
546274,0
563442,1
369237,1
933218,2
872230,1
183004,1
669636,1
114697,1
77392,0
101233,1
152332,1
335904,1
380755,0
314541,1
573797,1
848738,1
82985,1
571047,1
858799,1
402079,1
695093,1
239697,0
352088,1
644149,1
65359,1
305969,1
94252,1
223193,1
296355,1
183150,1
649777,1
71211,1
942153,1
12764,1
332541,1
471468,1
555302,1
16706,1
362083,1
505992,1
710512,1
346207,0
710226,1
625548,1
367484,1
740964,1
240523,1
381110,1
378374,1
757643,1
782081,1
239037,0
414069,1
804888,1
405151,1
598767,1
224381,1
669005,1
817736,1
579777,1
958114,0
811994,1
969022,1
374169,1
931014,0
520542,1
176282,0
846981,1
611938,2
96074,1
955416,1
340076,1
567732,1
860761,1
668404,1
558037,1
899873,1
899686,1
877752,1
657187,1
932657,1
869483,1
345639,1
377542,0
765853,1
53648,0
318893,1
882219,0
398024,0
612193,1
4606,1
910734,1
838360,1
267890,1
202727,1
705532,1
955830,0
740098,1
207566,1
1014174,1
894087,1
32531,0
741011,1
930295,1
779878,1
205153,1
683173,1
153223,1
866660,1
143246,0
842413,2
436843,1
580317,1
686488,1
981688,1
77440,1
171300,1
97736,1
13112,1
722586,1
279246,2
285391,2
941075,1
864314,1
711113,2
966038,0
589974,1
701462,1
796792,2
555430,0
125532,2
786180,1
698078,1
767859,1
706016,1
146906,1
340429,1
641388,1
655464,1
801357,1
982762,0
878089,1
857718,1
933665,1
68215,1
394934,1
888716,1
19503,1
122056,1
1004597,1
752727,1
329989,2
933911,1
922621,1
636728,1
635080,1
261133,1
597458,1
331207,2
63760,0
550400,1
1007677,1
247034,1
411565,1
568146,1
249506,0
782555,1
859624,1
509372,1
497596,1
182146,2
269180,2
400154,1
670274,1
516369,1
412108,1
466848,2
689366,1
570530,1
815804,1
196743,1
251424,1
807256,1
531216,1
608442,1
370158,0
200592,1
207269,1
641689,1
830001,1
565077,2
635309,1
964795,0
912493,1
583473,1
639055,1
562915,1
996358,1
305594,1
909178,1
233406,1
466110,1
995849,1
1004917,1
531605,1
667476,1
917667,1
266266,1
176815,1
116549,1
142252,1
451785,1
309918,1
154749,1
798013,1
912138,1
165293,1
1003644,1
759487,1
880345,2
493387,1
6828,1
16621,2
717926,1
281090,1
48125,1
1009572,1
861010,1
320661,1
825241,1
363345,1
88727,1
151463,0
388711,0
472278,1
988746,1
404129,1
379005,1
17082,1
418432,1
116406,1
616157,1
223564,1
396785,1
984148,1
948980,1
433932,1
484859,2
443975,1
226112,2
349084,1
162250,1
945828,1
445074,0
30591,1
255824,1
860941,1
870195,1
526687,1
833594,1
300292,1
485357,0
87564,1
973955,1
474753,1
552523,1
958804,1
711270,1
802875,1
635745,1
145608,1
174248,2
768159,1
991272,2
861890,1
1001370,1
513410,2
172664,1
310259,1
821171,1
770312,1
306456,1
122775,1
458883,1
866206,2
323044,1
998389,1
562331,1
295794,0
586928,1
902986,1
647085,1
408125,1
909501,2
301341,2
252469,1
82905,1
687449,1
988937,1
958815,1
894656,1
85108,1
87366,1
141163,1
822709,1
717148,1
935898,1
130288,1
635349,2
554176,1
97941,1
161293,1
149149,0
408055,1
72568,1
151728,2
368863,1
99,2
69472,1
535560,1
141541,1
745679,1
495606,1
355333,1
564043,1
1017298,1
355513,1
976888,1
665908,0
196307,1
810719,1
494656,1
155584,1
1008546,1
989691,1
38904,1
359582,1
949299,1
196541,1
270010,1
594239,1
16137,2
255699,1
474621,1
688350,0
331184,1
298247,1
370745,1
99022,1
928719,1
716635,1
166937,1
9001,0
326748,0
218287,1
482776,1
512112,1
49427,1
801441,1
427706,1
720294,1
437976,0
193373,1
491213,0
304410,1
635613,1
13813,1
450061,1
694676,1
355755,1
637846,1
490281,1
841926,1
65414,1
925709,1
467485,1
526625,1
311322,1
137250,1
218933,1
514433,1
59491,1
191038,1
498894,1
303075,2
686484,1
249696,1
587745,1
904195,1
267685,1
453442,1
715883,1
6882,1
290155,2
366993,1
332703,1
237109,1
579065,0
375508,1
646873,1
221904,1
24897,1
896096,1
439710,1
175351,1
784681,2
404602,1
653763,1
721589,1
944074,1
961169,1
498274,1
123868,1
282477,1
336479,1
443160,1
337373,1
913241,1
608068,2
554125,1
624305,0
510437,1
743750,1
937885,1
903675,1
676900,1
392462,1
686345,0
100331,1
633383,1
591717,1
615545,1
492148,1
951195,0
535982,1
806464,1
422316,1
696171,2
14777,1
168946,1
542528,1
953997,1
279617,1
895015,1
726227,2
949475,1
133184,1
115122,1
741819,1
160267,0
131850,1
513678,2
481089,1
643166,0
566364,1
973661,1
240732,1
227865,1
799649,1
282239,1
94395,1
95275,1
530710,1
247588,1
866150,1
300380,1
559379,1
270175,2
851918,2
807803,1
806394,1
897765,0
942252,1
860725,1
660293,1
172392,2
871064,1
358402,1
611725,1
879516,1
825993,1
711528,1
436708,1
727965,1
894498,0
925653,1
10506,1
613495,2
997407,1
324306,1
500441,1
433480,1
201476,1
312914,1
874430,1
257518,1
989592,1
1010387,1
199038,1
66088,1
989060,1
290328,0
175340,0
357775,1
452210,1
574402,2
798820,1
728607,1
1017265,1
12371,0
632423,1
57431,1
115889,2
234968,1
906513,1
988672,2
275495,1
19969,1
556394,2
175906,2
216490,1
446604,2
181589,1
264840,1
546597,1
645784,1
133027,1
887883,1
189123,2
841375,1
322528,1
79336,0
179065,1
472391,0
741947,1
109721,1
269140,1
708461,1
824549,1
983929,1
397870,1
686293,1
352019,1
198925,1
362117,1
291413,1
117135,2
661919,1
900232,0
539506,1
63427,1
29292,1
437862,1
304311,0
389819,1
362524,0
678124,1
836164,1
946737,1
698393,1
432377,1
674670,1
841360,1
550815,1
151405,1
129437,1
714145,1
922717,1
534824,1
369729,1
754538,1
856382,1
308564,1
942609,2
463654,0
146175,2
721347,0
678315,1
464332,1
218184,1
57886,1
69773,1
726209,2
562562,1
397607,0
257767,1
146780,2
186227,1
175766,1
315014,1
133629,1
375306,0
496988,1
906234,1
20842,1
230872,1
295431,1
966834,1
845863,0
343208,1
963343,1
922775,1
112343,1
410865,1
509758,1
518961,1
334730,1
743783,0
231709,1
971209,1
230124,1
653448,1
397137,1
74519,1
302757,1
310860,2
726197,1
629481,1
928539,2
689395,1
973151,1
788920,1
1017199,1
683823,1
170428,1
491194,1
761082,1
609090,1
694173,1
844202,1
978769,1
795924,1
971135,1
399278,1
991977,1
469681,1
598851,1
631316,1
239961,1
822396,1
299181,1
150114,1
721156,1
48334,1
448848,2
627098,1
474863,1
626453,1
234627,1
246282,1
698874,1
608116,1
600725,1
996424,1
761637,1
842879,1
910770,0
111933,1
368005,1
687371,1
794226,1
555870,1
291897,2
868035,0
733348,1
833808,0
923567,1
414377,1
558701,1
754897,1
906230,1
127365,0
910723,1
450740,1
345224,1
443564,2
730275,1
793735,1
379962,1
870467,1
210005,1
986876,1
958961,1
604406,1
66026,1
284387,1
355627,1
153979,1
296234,1
963192,1
217327,1
965062,1
649050,1
591724,1
731849,1
891037,1
610801,1
857806,1
361163,1
370448,2
205281,1
419367,1
941732,0
199603,1
920638,1
44,1
152721,2
727385,1
1002452,1
480925,1
534446,1
248479,0
161785,1
116039,1
407340,1
62547,1
31615,1
753023,1
697271,1
397140,2
177852,1
425744,2
477345,1
1011520,0
7157,1
666192,1
941974,2
406714,1
604082,1
526540,1
314798,1
113355,2
597014,2
829531,1
925785,1
904775,1
50061,1
1004546,1
879028,1
559629,1
18131,1
893457,1
104159,1
93578,1
388168,1
819507,1
55268,1
417842,1
962881,0
383479,1
817174,1
234065,1
333029,1
160681,1
312921,1
787204,1
366410,1
675370,1
726465,2
791333,1
231466,1
147910,1
729435,1
52654,2
950228,1
420875,1
109684,1
1004212,1
933272,1
873040,1
41416,0
438360,0
372273,0
307295,1
722715,1
578534,0
766784,2
752572,2
35468,1
231554,1
327091,1
122078,1
62095,1
975586,1
259611,1
977654,1
403098,1
289014,1
486684,1
916439,1
756602,1
225218,1
46626,2
695912,1
908199,1
639316,1
558561,1
241678,1
263395,1
938655,1
311821,1
373333,1
996075,1
258159,1
74746,1
367,2
324838,2
8752,1
954811,1
335573,0
900089,2
431464,1
19950,1
444220,1
724801,1
234087,0
597429,1
292704,1
653866,1
749738,1
968865,1
580229,1
106014,1
162111,1
170817,1
609256,1
370709,1
929341,1
75769,1
147282,1
58388,1
786122,1
540092,1
723972,2
31064,1
616759,1
214283,1
450388,1
208743,1
346481,0
217598,1
542212,1
1015326,2
616517,2
2750,0
646408,1
631480,1
203607,1
649465,1
872733,1
756459,1
15796,1
243665,1
785660,1
896137,1
990114,1
100247,1
656113,1
650467,1
771908,1
805144,0
44521,1
75431,1
437899,1
263469,2
326920,1
924986,1
725280,1
907745,1
13127,1
215949,1
327253,1
11976,1
83436,1
228664,1
612539,0
664473,1
991386,1
358941,1
577320,1
696249,0
901189,1
28354,1
68390,1
74508,1
305172,1
517139,1
584089,1
174637,2
982979,1
852782,1
286396,1
862837,1
172808,0
950187,1
976932,1
933742,1
241296,1
132213,1
504416,1
394284,1
461506,1
777715,1
620653,2
894832,1
720867,1
188379,1
831475,1
956970,1
296212,2
197663,2
271206,2
510594,1
720287,1
195559,2
438111,1
285267,1
372534,1
692542,1
990507,1
683999,1
27519,1
21751,1
867218,1
413699,1
454751,1
930354,1
676247,2
625919,1
145516,1
699934,1
138226,1
176507,1
254757,1
360364,1
590833,1
764863,1
325626,1
380979,2
416449,1
757984,1
5537,1
623902,1
751087,1
822448,1
948742,1
223128,1
656674,1
450267,1
306757,1
102139,1
171609,1
592695,0
702757,1
155379,1
942292,2
134141,1
310307,1
650317,2
929293,0
328265,2
484734,0
966247,1
641157,1
119849,1
309239,1
669027,1
679004,0
338543,1
628554,0
505828,1
114628,2
257961,2
230869,1
1016084,1
214328,1
399230,1
772071,1
665706,1
385811,1
910172,1
920281,1
560638,1
700865,1
997902,1
41122,1
122771,1
150169,0
379393,1
588588,1
259068,1
189141,1
270887,1
531579,1
722542,1
933980,1
196002,1
614595,1
414634,1
624080,1
307204,1
916237,1
269687,1
537764,1
650760,1
804004,1
669496,1
242190,2
535025,1
871428,1
610313,1
106759,1
356040,1
926452,1
276056,1
784076,1
323408,1
461168,1
705282,1
810380,1
817145,1
552842,1
349565,1
748186,1
928003,1
165767,1
23401,1
395102,2
874481,1
735812,1
447050,1
967893,1
476348,2
540735,1
648927,1
1003923,1
2093,1
500694,1
781084,1
66767,1
176774,2
916457,1
429429,1
665915,1
744212,1
1005228,1
383079,1
619516,1
1006926,1
630058,1
224099,1
404044,1
944089,1
401959,1
166919,1
957704,1
606561,1
414373,1
771052,1
818131,2
1014343,1
907503,1
493446,1
9984,2
776361,0
376574,1
960931,1
955632,2
1014145,1
653653,1
329783,1
264400,1
1016617,1
164373,1
447616,1
910154,2
61597,1
1010082,1
125396,1
317841,1
613073,2
97280,2
94810,1
974509,1
388450,0
507246,1
168281,1
543477,1
296186,1
777528,1
829975,1
712048,2
971641,1
271316,2
680912,1
904812,1
38870,2
219006,1
476304,1
619736,2
915757,1
415749,0
75523,1
289531,1
350284,1
928865,1
638384,1
935128,1
135047,1
435417,1
765695,2
220961,1
457688,1
15103,2
44804,1
765710,1
408147,1
187796,1
290661,1
308652,1
903583,1
877293,1
490135,0
510888,1
560799,2
817442,1
334143,1
786694,1
355645,1
695064,1
997120,1
864075,1
528490,1
657370,2
967817,1
689517,1
171719,1
364096,1
465942,1
711920,0
827052,1
185457,1
156152,1
814263,2
194389,1
387732,1
734785,1
845577,1
763389,1
452771,1
725581,1
863625,1
95033,1
72733,2
367044,1
68439,0
101057,1
687481,1
831138,1
293745,1
906450,1
184647,1
693499,2
532709,1
838706,1
1000748,0
407649,2
582249,1
375706,1
1007471,1
313573,1
24226,1
260099,1
30991,1
972062,1
608079,2
633563,1
718963,0
572206,1
896933,2
311740,1
171333,1
352598,1
306573,1
209436,2
649418,2
28251,1
236827,2
188272,1
986843,0
642103,1
47076,1
617657,1
178307,1
525903,1
661294,1
227322,1
362263,2
623869,1
776871,1
202635,1
808183,1
450465,2
132136,1
631833,1
1010336,1
222673,1
730709,1
446152,1
202811,1
641366,0
476829,1
272863,0
476098,0
12177,1
34896,1
295046,0
772806,1
508331,1
32245,1
719719,1
152365,1
153807,1
426183,0
155173,1
873819,0
901358,0
464578,1
271840,1
695516,1
1016260,1
266123,1
181864,1
564124,2
566478,0
436656,1
1011539,1
642686,1
388883,1
498164,1
658555,0
532785,1
240501,1
751810,1
132444,2
169,1
446208,1
110077,1
138273,1
947444,0
74526,1
343130,2
258731,1
54014,1
635752,1
545325,1
985460,1
444323,1
1017188,0
740197,1
207056,1
298009,1
149765,0
47546,1
576286,0
648901,1
64475,1
413303,1
74126,1
190998,1
562218,0
374,1
811631,1
28457,1
411800,2
732578,1
786320,0
109460,1
524858,1
815848,1
569529,1
756015,1
145640,1
862037,1
215288,1
292014,0
963178,0
409052,1
963170,1
690368,1
451958,1
524678,1
914312,1
18535,1
641696,1
300692,1
571795,0
669258,1
284824,1
480983,1
629155,1
118297,0
140739,2
138897,1
814506,1
557935,1
18410,1
8118,1
762906,1
210591,1
569110,2
355542,1
695820,1
226684,1
362979,1
642,1
88712,1
483465,1
911005,1
580085,1
824992,1
787006,1
968986,1
601359,1
661115,1
986373,1
147990,1
666116,1
380887,1
266835,1
6750,1
468747,1
684468,1
1001679,2
259376,2
730118,1
86882,1
873895,1
730657,1
888378,1
781444,1
669845,1
286521,1
332200,2
1016990,1
759762,1
417237,1
911834,1
292223,2
955702,1
660819,2
880767,1
74559,1
379757,1
240200,1
811657,1
70504,1
958734,2
811697,1
302904,1
545303,1
163527,1
1011171,1
819840,2
369406,1
178600,2
585839,2
725215,1
306603,1
444800,1
762120,1
292740,1
508896,1
137746,1
695655,1
343897,2
537122,1
962342,1
139795,1
914800,0
681308,1
463830,1
531825,1
110334,1
89595,1
145761,1
547037,1
465502,0
765057,1
726890,2
140508,1
489768,1
832791,1
923714,1
408914,0
75387,1
252557,1
469227,0
260961,1
23771,1
285469,1
944962,0
577683,1
63306,1
421050,1
496580,1
833796,1
282965,1
413633,1
308685,1
305282,1
440936,2
903488,1
759241,1
650188,1
397456,1
704278,1
567141,1
146872,2
230986,1
149109,1
824266,1
579971,1
1317,1
633662,1
87593,1
515243,1
643728,1
110741,1
916897,1
246954,1
989280,1
518349,1
157050,0
474801,1
522690,1
859862,1
207195,1
760489,1
577012,1
804282,0
393713,1
677435,1
856654,1
847656,1
652630,0
905897,2
929620,2
938248,1
631819,1
969143,0
850344,1
733865,1
695842,1
395579,1
297150,1
216326,1
163486,1
887766,1
123750,1
179230,1
6813,1
863687,1
682396,1
929950,1
327367,1
631352,1
743167,1
359113,1
91455,2
529121,1
470478,1
363143,2
747893,1
683180,1
3120,1
232805,0
119126,1
48499,1
991533,1
863889,0
711953,2
23980,1
899381,1
505736,1
880129,1
147507,2
96827,1
295772,1
381246,0
596057,1
726670,1
514356,0
247845,1
2596,1
240013,1
949017,2
363367,1
323459,1
305789,1
586182,1
366861,1
514932,1
48950,1
348975,1
746276,1
335328,2
541361,1
826286,1
815169,1
865230,2
531799,1
902773,1
792877,1
359854,1
483245,1
246253,2
961873,1
783794,2
207427,0
730958,0
318615,2
65957,1
466800,1
724254,1
987202,1
808194,1
278391,1
235044,1
1004083,1
139083,1
580092,1
778419,1
755858,1
763888,1
951878,1
236137,1
579854,1
188092,1
214562,1
885324,0
919119,1
455958,1
689821,1
321732,1
853446,1
32142,1
617415,0
456522,1
19536,1
177258,1
854186,1
65975,1
556615,1
861469,1
741796,2
166966,1
895800,1
599537,1
416683,1
505817,1
166052,0
791209,1
185930,1
622684,1
496218,1
407777,1
946003,2
794758,1
810292,2
58762,1
103000,1
134109,1
490146,1
244134,2
64442,1
829160,1
688219,1
876487,1
384212,1
402611,1
272225,1
907510,0
390482,0
599933,1
457725,1
95488,1
19169,2
242947,1
276911,1
980973,0
540081,0
771698,1
532202,1
312349,1
91286,1
342478,1
1005088,1
424901,1
83399,1
138174,1
525190,1
511056,1
641700,1
771940,2
664040,1
22062,1
809463,1
867786,1
745190,1
1002144,1
902854,1
22921,1
288428,1
368456,1
165194,0
665357,1
75428,1
92496,1
755311,1
618911,1
139252,1
876795,1
567365,1
246521,1
394406,1
112181,2
562195,1
617903,1
480712,1
163145,0
678993,1
935205,1
65399,1
806806,0
640729,1
994370,1
321097,1
661276,1
15455,1
413372,1
497835,1
363,1
936488,1
786728,1
108232,1
660837,1
246642,1
1005624,1
145567,1
243049,0
911038,1
112659,1
102418,1
757786,1
288017,1
401955,1
583136,1
547653,1
510499,2
843506,1
938769,1
864769,1
79082,0
1014295,1
990484,0
496573,1
903682,1
21656,1
280248,1
418872,0
148489,1
926492,1
298753,1
741488,1
801122,1
731474,2
181251,1
952390,1
93949,1
375812,2
959690,1
259189,0
293426,1
85955,1
607199,1
282709,1
504438,1
51653,1
602147,1
655093,1
722678,1
293091,1
312437,1
226453,1
617819,2
836292,1
478063,1
787659,1
423687,1
502414,1
276357,2
924395,1
943888,0
244343,1
803153,2
674340,0
316792,1
886024,1
941644,1
528601,1
581970,1
734433,1
632489,1
163604,1
672140,1
177533,1
334947,1
773043,1
576943,1
282572,1
520663,1
389642,1
811125,1
878009,1
448242,0
549109,1
81735,1
626244,1
659064,1
15444,2
67489,0
763716,1
889184,1
371698,1
184999,1
513018,1
857978,2
848770,1
162151,1
502708,1
514987,1
14047,1
731977,1
532448,1
567116,1
223520,1
744179,1
312770,1
911449,1
258247,1
600776,2
463434,1
252560,1
873433,1
630748,1
806314,1
1003857,1
770738,1
35992,1
257129,1
224073,1
570835,1
452070,1
426503,1
286741,1
487296,1
856849,0
550107,1
555683,1
335430,1
286873,1
926559,1
887429,1
144470,2
885393,1
89427,0
672845,2
792606,1
179021,1
929606,1
74885,1
391069,1
867456,1
997414,1
998521,1
556875,1
34742,2
468233,1
815477,1
720438,1
746841,1
796169,1
181619,1
350079,1
863948,1
371519,1
418517,1
225757,1
869047,1
497736,1
84033,1
972635,2
944423,1
265852,1
797191,1
540551,0
374583,0
797551,1
829065,1
285799,2
20930,2
582098,1
973159,1
365482,1
846563,1
751007,2
226710,1
66440,1
828666,1
314280,0
391645,1
499477,1
87160,1
420284,1
376901,0
504038,0
913278,1
89834,1
757698,1
720030,0
585945,1
807315,1
607085,1
1008542,1
457039,1
150367,1
286668,1
763987,1
62961,1
202099,1
103110,1
630465,0
705008,1
545648,1
206639,1
384193,1
878207,1
796895,1
583851,2
226060,1
289120,2
238025,1
214540,1
556329,1
927633,2
1005903,1
584474,1
709040,1
778121,1
561507,1
512185,1
916149,1
441801,1
191959,1
106799,1
366304,1
393038,1
984030,1
164476,1
831802,1
211192,1
526614,1
942304,1
375551,2
567541,1
735805,1
592365,1
379555,2
199045,2
358024,1
732244,1
676874,1
968939,1
400972,1
743240,1
370411,1
907785,1
462484,1
262570,1
951427,1
489162,1
874261,1
993010,2
140353,1
884606,1
911416,0
203690,0
618416,1
264051,0
590220,2
229951,0
651831,1
497127,0
672195,0
593135,1
892632,1
182326,1
15859,1
336538,1
732824,1
54429,1
78177,1
655431,1
79729,1
645414,1
369545,1
99903,1
21810,1
59114,1
935564,1
556651,1
792925,2
304395,1
799520,0
98289,2
402109,1
999364,1
412577,1
968403,2
923633,1
711447,0
190022,2
835967,1
303556,1
439219,1
606789,1
629056,1
103660,1
880657,1
693976,1
661548,2
81724,1
491844,1
854281,1
894443,2
769691,2
402266,1
675121,1
141130,1
678788,1
513975,1
723851,2
83649,1
221823,1
482163,1
211754,1
37004,1
394556,1
862198,1
832685,1
51253,1
751333,1
488099,1
317991,1
155757,2
751384,1
976572,1
383798,1
744784,1
934952,1
591070,1
628363,1
906993,1
267719,1
190943,1
865858,1
714839,1
252157,1
419855,1
876722,1
793445,1
478306,1
80796,1
512633,1
144342,1
815789,2
131036,1
703662,1
868028,1
538215,1
585273,1
398516,1
832869,1
621812,1
772325,2
402868,1
528458,1
411510,1
2831,1
122654,1
102612,1
236335,1
486192,1
435482,1
672607,1
627029,1
384638,1
801041,0
525668,1
548540,1
206408,1
819961,1
416562,1
149714,1
909112,0
827683,1
461193,1
677640,1
716396,0
697194,1
812210,1
224745,1
702683,1
819709,1
673329,2
961385,2
737292,1
859675,1
522834,1
276049,1
513836,1
25696,1
754006,0
242444,1
630946,1
892537,1
109439,1
278667,1
25094,1
885672,2
797595,0
544647,1
676489,1
443410,0
208596,1
256609,1
395483,1
576433,0
110723,1
97512,1
479901,1
412856,1
3171,1
814751,1
658173,1
330392,1
899110,1
373179,1
560975,1
373924,1
205146,1
441155,0
414645,1
131887,1
753272,1
573067,1
259192,1
458825,1
528807,1
267098,1
469142,1
541097,1
998437,1
663355,2
179168,1
900074,1
629940,1
651013,2
746283,1
614562,2
486831,1
181417,1
909909,0
801801,1
450054,1
314934,1
300087,1
810627,1
448349,1
39996,1
498531,1
855495,1
346434,1
964102,1
389929,1
5485,1
256065,1
887278,0
35927,1
672540,1
423100,1
151504,2
571014,0
640420,1
376482,1
596068,1
23434,1
749792,1
819257,1
213653,1
67980,1
348296,1
713195,1
878379,1
877590,1
129352,2
516875,1
503477,1
536514,1
546957,0
385114,0
687265,1
731041,1
132554,1
190381,1
580195,0
264411,1
16427,1
303776,1
971373,0
139490,0
511566,1
567318,2
242004,1
486134,1
926272,2
935168,1
786760,1
173940,2
599126,2
950606,2
735188,1
147668,1
391498,2
801540,1
999371,0
858465,1
270542,1
443142,1
98708,1
260169,1
665951,1
206,1
130406,1
305437,1
2204,1
166614,1
816838,1
470922,1
724856,1
811943,1
273974,1
903282,2
748810,1
310534,1
644064,1
636148,1
406798,0
394215,1
632269,1
509897,1
284761,1
178251,1
776695,1
485654,1
865887,1
1013533,1
258236,1
178981,1
722582,1
167813,2
862529,1
48774,2
750581,1
453585,1
682158,1
709796,1
641436,0
712921,1
665012,1
594848,1
688192,1
748047,0
814601,1
1013577,1
63720,1
292201,1
125440,0
779236,1
811990,1
452250,1
749484,1
461663,1
260367,1
767051,1
644509,1
753599,1
277057,1
784117,1
567930,1
175528,1
762090,1
600248,1
317706,1
980551,1
965433,1
965206,1
752624,1
777450,1
618041,1
60967,1
877862,1
696517,1
382658,1
1012400,1
864237,1
606392,0
141479,1
158459,2
952750,0
965851,1
158547,1
126184,1
130927,2
657510,2
731434,1
821135,1
461490,1
280321,1
33701,1
232760,2
361893,1
489409,2
488693,1
10212,1
549303,1
902759,1
707156,1
424897,1
675767,1
617532,1
987037,0
398750,2
1003060,1
937717,2
418678,1
160708,2
344050,1
3201,1
674759,1
814319,0
834210,2
573438,1
438577,2
270623,1
802992,1
315821,0
77051,0
280428,1
962933,2
996071,2
229838,1
790941,1
624345,1
451260,1
873826,1
36520,1
865982,1
566081,1
248945,1
36780,0
961396,1
674799,1
379933,1
351843,2
682507,2
664084,1
940346,1
435747,1
883931,1
895914,1
67416,1
943037,1
533515,1
677538,1
515577,1
795744,1
427049,1
680266,1
136514,1
713731,1
722890,1
614140,1
79406,1
591760,1
20552,1
146348,2
263652,1
647852,2
793977,1
821850,1
38012,1
944643,1
282727,1
502384,1
38632,0
281315,0
434180,1
680534,1
498506,1
710776,0
328467,1
303574,0
701602,1
147756,1
15044,1
662945,1
487483,2
1008443,1
665643,1
38438,1
429791,1
861278,1
387390,1
244442,1
737832,1
889467,2
919621,0
417963,1
496797,1
404950,1
794691,1
246862,2
511944,2
257077,2
475729,1
851477,2
205322,0
235165,1
100320,1
782012,2
650959,1
952585,1
902513,1
956608,1
741279,2
160292,0
790208,1
742937,1
795597,0
587367,1
623469,1
96863,1
380568,1
12324,2
477936,1
765192,1
440866,2
518554,1
220433,1
309712,1
238696,1
404910,1
821340,1
507132,1
354299,1
592941,1
843935,1
946429,1
667362,1
701,1
86105,1
801728,1
979395,1
522405,1
39626,1
592336,0
215240,1
661728,1
712550,1
993058,1
271224,0
743530,1
18102,1
26129,1
118826,1
809067,0
267351,1
889793,1
80822,2
148537,1
636922,1
338062,1
634124,1
189064,1
299783,1
755546,1
471611,1
884749,1
900610,1
484594,1
535542,1
77998,2
393588,1
988470,1
198510,1
509277,1
816548,1
804950,1
634289,1
796738,1
54344,1
241942,0
536503,1
963413,1
799436,1
945417,1
502157,1
763077,1
217734,1
858520,1
916806,1
621203,1
920436,1
223762,1
55888,1
512556,1
796778,2
487168,2
354398,1
12720,1
12540,1
866642,1
692575,1
890090,1
700498,1
141082,1
514235,1
63852,0
895675,2
782867,1
598448,1
107716,1
301491,1
893523,1
797984,1
13002,1
864369,1
538516,1
49625,1
719609,1
415943,1
525235,1
773762,1
72755,2
636306,1
634906,0
577236,1
796884,1
400921,1
25490,1
148324,2
890975,1
290636,1
898902,1
224419,0
369831,1
641043,1
644897,1
557894,1
669119,2
800628,1
527589,1
305833,2
431116,1
656535,1
402178,1
772156,1
189703,1
282646,0
132385,1
204093,0
176550,1
247119,1
137849,1
525099,1
15293,1
182267,1
886288,1
221782,1
883278,1
982490,1
136150,0
452229,1
958583,1
590671,1
398714,1
656010,1
953502,1
562951,1
30144,1
24765,0
783538,1
317753,1
214430,1
420185,2
334620,0
705543,2
57167,1
800613,1
704575,1
74445,1
101002,1
55235,1
791469,0
211615,1
797823,1
92290,1
162078,1
37907,1
96650,1
1015007,0
562236,1
469380,1
620635,1
280251,1
429029,2
736570,1
715638,1
400114,1
634670,2
604354,1
267814,2
609935,1
308418,1
516835,0
73103,1
813930,1
223502,1
66617,0
33345,1
362975,1
556295,1
311043,1
695273,1
406640,1
811334,1
567394,0
3090,0
102803,1
345613,1
1096,1
220044,1
555922,1
620419,1
119009,1
678821,1
337715,1
708638,1
812478,1
129921,1
135759,1
894696,1
69377,1
551397,1
871406,1
603401,2
902571,1
699141,1
753559,0
302647,1
521217,1
580984,1
934761,1
53703,1
340058,1
678836,0
647038,1
226648,1
492199,2
607272,1
929756,1
935454,1
233329,2
66888,1
501475,1
254027,0
686826,1
963677,1
554947,0
708553,1
307219,1
348054,1
120524,1
7164,1
419572,0
645920,1
233266,1
574981,1
1012466,1
963406,1
373362,1
748249,2
1002357,1
867203,1
44389,1
400231,1
130435,2
640273,1
925400,1
1001327,1
748744,1
106623,1
716415,1
3924,1
927527,1
584984,1
839251,1
423812,1
81915,2
268004,1
368346,1
867126,2
723756,1
689058,2
513029,1
934028,2
912732,1
662677,2
277277,0
541068,1
484576,0
701301,1
999188,1
739221,1
712998,1
178714,1
639598,1
256076,1
788300,1
687816,1
146418,1
791487,1
384719,1
136617,1
829186,1
976040,0
916509,0
753746,1
954682,1
129110,1
291017,1
524245,2
421571,1
456980,1
273097,1
20589,1
486321,1
868406,1
605605,1
553542,1
643526,1
455716,1
651075,1
124094,1
714677,2
266372,2
860905,1
564472,1
291192,0
512435,1
419381,2
515771,1
157807,2
898047,2
355605,1
366263,2
282202,1
721468,1
363767,0
241322,1
78184,0
8811,1
394886,1
768265,1
570956,1
266806,1
778338,1
988885,1
176349,1
1000670,1
818539,1
1012781,1
667726,2
144423,1
130691,1
722373,1
153128,1
916460,1
560571,1
996497,1
874962,2
258283,1
687089,1
174527,1
423409,1
680248,1
700605,1
468152,1
868431,0
318413,1
262648,1
771559,1
155038,0
485742,1
55312,1
675066,1
630777,1
214265,1
182692,1
739676,1
478515,1
633648,1
197685,2
15675,1
131795,1
73734,1
207063,1
171436,1
617444,1
767385,1
254005,1
247757,1
78111,1
385507,0
277578,1
714372,1
913359,0
161752,1
156875,1
772879,0
126320,1
260466,1
674083,0
731063,1
957333,1
345415,1
764988,2
114792,2
525954,1
785624,1
934570,1
488440,1
329967,2
1010666,1
526041,1
117645,1
103400,1
139304,1
3898,0
234887,1
197090,2
973889,1
746555,1
791124,1
935018,1
636724,1
951863,0
651453,1
192244,1
826972,1
382144,2
793287,0
948357,0
115944,1
616164,1
993083,0
363147,0
135807,1
299174,1
3216,1
698647,1
244277,1
430052,1
453615,1
47018,1
456371,1
373612,1
372493,1
104768,1
977137,1
169242,1
624491,1
779955,1
548522,1
763646,1
472319,1
108041,2
900115,0
76003,1
291901,1
778253,1
355245,1
156064,2
38926,1
191317,0
334590,1
781279,1
505611,1
259295,1
620851,1
298904,1
888983,1
844077,1
857963,1
528531,1
173948,1
163028,1
396,0
121370,1
197421,1
153366,1
780704,1
377535,1
425887,1
779092,1
911445,1
55154,1
352279,1
465689,1
882725,1
707318,1
340234,2
569642,1
186076,2
69762,1
456409,1
234120,1
205890,0
453604,1
582894,1
783259,1
807087,1
971171,1
43953,0
182469,1
707215,2
560876,1
600703,1
130060,1
674021,2
687809,1
495484,1
633464,1
300025,1
22628,1
398457,2
706115,1
465865,1
736806,1
287746,1
136440,1
548984,0
806101,1
850818,1
820358,1
846387,1
787262,1
203870,1
351201,1
629742,2
612902,0
726421,1
38283,1
673846,1
931641,1
547921,1
57549,1
469193,2
981864,1
430595,1
991485,1
826198,1
748025,1
336006,1
596251,1
120256,1
501688,1
605186,1
388146,1
556747,1
661045,1
768430,1
739944,1
884925,1
226839,1
84473,1
698757,1
773924,0
374459,1
889382,1
87054,1
629423,1
187264,1
610478,2
825388,1
634715,1
624804,1
953979,2
782812,1
145497,1
825667,0
37598,1
399384,1
331108,1
595159,0
6592,1
276742,1
194455,1
789770,1
398303,1
546685,1
32043,1
924498,1
949659,1
176734,1
657918,1
738154,1
1000168,2
668936,1
528058,1
454285,1
774183,1
29216,1
211020,1
308821,1
884183,1
793254,1
795751,1
731207,1
909369,1
386371,2
84576,1
837730,1
1006108,2
740432,1
523893,1
264206,2
408172,0
60453,1
549707,1
859840,2
1003750,1
732299,0
884194,1
848646,2
751058,1
105729,0
53211,1
103051,1
25069,1
932994,1
728991,1
80246,1
231800,0
754071,1
802963,1
494054,1
599672,1
40983,1
125752,1
327668,1
548515,1
703974,1
471204,1
882930,1
581266,2
406042,1
448187,1
346852,1
195463,1
981031,1
338488,2
953238,1
602019,2
95279,1
794109,1
577188,1
936583,1
22099,1
546568,1
979843,1
357089,1
466590,1
859884,1
113289,1
279998,1
993311,1
612773,1
416694,1
713012,1
799128,1
283610,1
969448,1
198121,1
390479,1
1004964,2
971821,0
123637,1
47616,1
257220,1
995955,1
82486,1
851785,1
776648,1
981831,1
152662,2
81555,1
904937,1
447906,1
509354,1
517982,1
579814,1
514811,1
752301,0
655149,1
597348,1
893413,1
946384,0
717016,1
295622,1
714501,1
907150,1
1001019,0
135971,1
333546,0
83333,1
519687,1
460215,1
5470,1
351898,1
889434,1
711014,1
494281,1
553506,1
965709,1
353896,1
450487,1
818902,1
118697,1
800444,1
763107,0
513289,1
410007,1
582597,1
223432,1
988892,0
208707,1
995371,1
749437,2
784667,1
191427,1
96849,1
33990,1
945093,1
386551,2
237945,1
168241,1
89276,2
766612,1
865766,0
1011612,0
185897,0
642334,1
994367,1
943536,1
854278,1
770675,1
940496,1
923754,1
658618,1
163684,1
360290,1
953234,1
196684,1
308285,0
149226,1
728290,1
476986,1
596372,1
650672,1
18997,1
247809,1
4264,1
120106,1
680967,2
830159,1
641197,1
31893,1
260921,1
553674,1
996655,0
540621,1
728467,0
679433,1
7359,1
42754,1
197799,1
211721,1
647115,1
688684,2
590426,1
323792,1
991254,1
977812,2
654526,1
520795,1
658023,1
34863,1
401724,1
399825,1
875020,2
929260,1
894517,1
364225,1
492232,1
376592,1
215648,0
660734,1
558819,0
872531,1
309051,1
782856,2
342625,1
899125,1
611318,1
761273,1
394901,1
37165,1
219659,1
809283,1
999199,1
131003,1
967970,1
326670,1
810197,1
401005,1
427452,1
576055,1
371496,1
529572,1
424794,1
48114,2
475691,1
224459,1
647908,1
781040,1
1016396,1
607463,1
175319,2
572907,1
146447,1
723994,1
788348,1
505846,1
841423,1
188746,2
940885,1
86068,1
529224,1
1012194,1
905633,1
723260,1
555173,0
385848,2
818780,1
839897,1
567130,1
536114,1
783413,1
123842,1
652807,1
791142,1
168344,1
440642,1
241979,1
58847,1
778279,1
147712,0
472076,1
162427,2
232599,1
790413,1
485379,1
722971,1
741495,1
123574,1
525664,0
829807,1
927417,1
413156,0
531722,1
370929,1
904577,1
211523,1
716187,1
992248,1
449878,2
565312,1
478173,1
346793,1
303123,2
207247,1
956967,2
151584,1
664411,2
510008,1
112288,1
581574,1
556354,1
756936,2
184764,1
381062,1
236078,1
252160,1
79732,1
315043,1
482695,2
752345,1
22459,1
65029,1
444433,2
111081,1
335834,1
98139,2
499297,0
648527,1
879828,0
423669,1
565961,1
161246,1
879691,1
54054,1
312408,1
963149,1
1005022,2
520638,1
595368,2
586692,1
545372,1
231840,1
153003,1
503202,1
279819,1
324940,1
284556,2
723327,1
438346,2
800239,1
999115,1
391348,1
80260,1
539036,1
895594,1
399102,1
873507,1
91918,1
113634,1
251071,1
31776,0
427478,1
588005,1
138060,1
35435,1
161477,1
797643,1
813071,2
838511,1
190907,1
539007,1
777461,1
171487,0
461612,1
912266,2
190220,1
522155,1
990862,1
445870,1
356859,1
600390,0
413666,1
52603,1
610614,2
871527,1
534941,1
806068,2
223755,1
633127,1
116402,1
535391,1
860262,1
504463,1
39185,1
107491,1
945938,0
11792,1
768647,1
413105,1
62077,1
212388,1
165202,1
724012,1
288680,1
187880,2
598569,1
948849,1
969943,1
81056,1
995812,1
600648,1
589163,2
714417,1
310226,1
747350,1
264925,1
639635,1
861571,1
72869,1
617217,1
614764,1
975300,1
614463,1
491217,1
539465,1
662912,1
746298,2
856474,1
568450,1
607191,1
934909,2
986759,1
315296,1
472681,1
105439,1
727154,1
982663,1
979366,2
99165,1
143257,1
605399,1
954994,1
666288,2
534871,1
961037,1
312231,1
780274,1
196053,1
750747,1
415444,0
335713,1
881580,1
582997,1
225595,1
943590,1
969169,0
652795,1
738741,1
609432,1
452236,1
681832,1
546429,1
936480,1
352349,1
853424,1
626585,1
62646,1
35321,1
728841,1
674234,1
318600,1
399227,0
977210,1
149783,1
12621,1
716316,1
707486,1
88228,1
354680,1
617727,1
580838,1
908052,1
758109,2
679950,1
137908,1
769659,0
236665,1
904016,2
532286,1
161228,1
630524,0
729835,1
16126,1
869726,1
679594,1
824406,1
650452,1
653660,1
896298,1
340319,2
942993,1
169550,1
617026,1
132389,2
214595,1
549101,1
245120,1
750493,1
472748,1
19716,1
43252,1
96397,1
997483,1
457787,1
206958,1
713416,1
83821,1
401702,1
823919,1
766131,1
74621,1
177184,1
211923,0
223263,1
37873,0
377069,1
196303,1
134394,1
738088,2
840859,1
289542,1
300979,1
353306,1
364214,1
619776,0
624150,1
109581,1
792451,1
964692,1
183859,2
301286,1
583657,1
877000,1
349983,1
429366,0
181574,1
184915,1
537757,1
47524,1
398336,1
576198,1
153931,0
495701,1
769240,1
286947,0
123039,1
323969,1
420718,2
507217,1
434254,1
195140,1
970244,2
742614,1
959995,1
343909,0
454612,1
205861,2
617705,1
874218,1
536107,1
723800,0
930860,1
901123,1
748777,1
374422,1
828747,1
545541,1
530361,1
448660,1
957634,1
494571,0
796664,1
557340,1
542968,1
110895,1
194558,1
994682,1
133690,1
687302,1
1001015,1
768119,1
558202,1
836803,1
942296,1
589729,1
981002,1
907129,1
107433,0
639235,1
780854,1
910507,1
715586,0
228451,1
645340,1
827405,1
376527,1
783615,1
423218,1
827782,1
373571,1
812621,1
410131,1
579245,1
854593,1
29902,1
646859,2
1004407,1
533988,2
887531,1
645858,1
249113,2
308076,1
81089,1
778495,1
22279,2
359663,1
56849,1
762160,1
572125,1
4862,1
807476,1
409287,0
740913,1
204585,1
909343,1
1015380,1
253561,1
401621,0
925338,1
553692,1
511838,1
200464,1
877019,1
17266,1
752880,1
467676,1
460046,1
188801,1
465410,1
271558,0
565080,1
954880,1
950239,1
532217,1
646019,2
818586,1
105479,2
884073,1
488158,1
431996,1
350648,0
215017,1
879967,1
853659,2
73994,1
839886,1
437819,1
328195,1
942076,1
555405,0
303897,2
287081,1
312095,0
1009392,1
527527,1
244677,1
201292,2
304432,1
669892,1
506223,1
941703,1
45823,0
413369,0
628532,1
435446,1
672045,1
883348,1
493813,2
959834,2
526115,1
522427,1
342775,1
101600,2
673259,1
1004524,1
225478,1
494021,1
380560,1
958969,1
74919,1
255875,1
672911,1
982674,1
831794,1
823335,0
393405,2
10850,1
853589,1
73293,1
263762,0
613749,1
9881,1
271532,1
908588,2
684596,1
91099,1
101376,1
297734,1
602569,1
615622,1
609069,0
935605,1
269580,1
422756,1
218283,1
409698,1
31619,1
320687,1
179388,1
623678,1
592431,1
11411,1
673101,1
400565,1
916648,1
652337,1
733579,1
546010,1
1007798,1
998774,1
90469,1
65391,1
17255,1
484796,1
726157,1
245887,1
616814,1
513821,1
777179,1
317371,1
156886,1
178871,1
397805,1
934255,1
591438,1
144672,1
350783,1
565598,2
405522,0
833484,1
78782,1
479923,1
586751,1
733029,1
171869,1
243353,0
163963,0
612825,1
437455,1
664837,2
138967,1
290177,1
30393,1
274010,1
619615,1
881504,1
737601,1
146894,1
1015498,1
150008,1
980771,1
234920,1
25403,1
337436,1
976132,1
254973,1
491323,1
89892,2
357111,1
432582,1
689755,1
793669,1
502014,0
663582,2
783938,1
264738,1
54120,1
1001451,1
772109,1
484385,1
747651,1
521367,1
990033,1
529738,2
580841,0
580540,1
841782,1
109192,1
965385,0
77631,1
155801,1
302199,1
104368,1
316392,1
119948,1
567783,1
13596,1
68031,1
767723,1
364830,1
83575,1
175748,2
272508,2
281153,1
592677,1
221937,1
198451,1
405665,1
495077,1
375683,1
660051,1
7557,1
854502,1
625698,1
629690,1
178897,1
807186,1
510491,1
976837,0
562360,1
42226,0
175384,1
311193,1
803407,1
783163,1
849999,0
184694,1
229566,1
515599,1
862033,1
580496,2
891334,1
406736,1
215688,1
645061,1
534145,1
763880,1
316110,1
20592,1
770246,1
59914,1
307655,0
441144,1
447131,1
25818,1
347824,1
668367,1
953740,1
186384,0
153674,1
995393,1
150639,1
281209,1
924447,1
719340,1
812698,1
468839,1
609788,1
862077,1
787299,1
595074,0
933573,1
46897,1
880370,1
588427,1
673185,1
521114,1
815150,0
223407,1
457086,1
266039,1
701774,1
339980,1
524791,1
761505,1
522092,1
154275,1
77400,1
92478,1
797111,1
672221,1
572796,1
109897,1
706676,1
175843,0
520399,1
342379,1
519382,2
455804,1
605803,1
708766,1
740894,1
851341,1
1009602,1
738297,1
864673,1
918066,1
128414,0
183077,1
326678,1
1006207,1
581372,1
93549,1
803267,1
1002779,2
259424,1
43429,1
493633,1
625199,1
736622,1
218588,1
56250,1
201993,1
636074,1
194275,1
66286,1
491686,1
252395,1
650449,1
331551,1
133522,1
642279,1
495738,1
893578,1
262141,2
744270,1
304429,1
200233,1
521187,1
688776,1
696960,1
256542,0
588375,1
236508,0
192394,2
681072,0
816940,1
478229,1
672162,1
267946,1
155555,0
59884,1
179289,1
791263,1
701899,2
220183,1
440844,2
303295,1
80217,1
941248,2
517179,1
823683,1
513278,1
767408,1
589585,2
804910,1
578578,1
1015319,1
1015407,1
406112,0
718820,1
366777,1
26433,1
66631,0
583642,1
255163,1
38261,1
995760,1
6277,1
31916,1
313012,1
723613,1
493860,2
760243,1
532411,1
970060,1
182373,1
820251,1
805621,0
831457,1
171399,1
178806,1
373241,2
709077,1
380506,1
174893,0
528524,1
186216,1
132954,2
816467,1
13574,1
569349,1
676122,1
926834,1
994169,1
64284,1
183576,0
20493,2
115290,1
163453,0
565756,1
498337,1
650580,1
277680,1
853284,1
980889,1
474672,2
887872,1
859422,1
443535,1
163644,1
424640,1
213305,2
545138,1
582733,1
366634,2
699806,1
263609,0
761053,1
192192,2
259501,1
619648,1
867276,1
129392,1
560058,1
846909,0
73444,1
495730,1
97523,2
44859,1
555467,1
354460,1
928696,1
309763,1
152707,1
588092,0
512585,1
557153,1
316495,1
834922,1
860699,1
653444,1
679671,1
644273,1
997146,1
398149,1
539818,1
817482,1
686657,1
491907,1
645557,1
198895,0
962386,1
720760,1
849900,0
732882,1
527897,1
383369,1
251512,1
514194,2
269096,1
545163,1
78562,1
95826,0
989790,2
523031,1
217770,1
720849,1
972011,0
55088,1
272148,1
338183,1
26275,1
124685,1
49056,1
493406,1
372875,0
78155,1
454421,1
637666,1
580030,1
113432,1
803968,1
186050,0
167996,1
71457,1
781671,1
388366,1
173041,1
181208,2
43205,1
495019,1
781921,1
431460,2
753294,1
164524,1
24754,1
177045,0
108764,1
73998,1
150675,1
517054,0
545538,1
380388,0
1016312,1
756499,1
733898,1
232049,1
171179,1
213480,1
248549,1
74085,1
140526,1
11785,1
604824,1
334352,1
362157,1
951908,2
69153,1
842486,1
401360,1
582854,2
138662,1
418645,1
34474,1
250519,1
77727,1
753584,1
218809,0
777773,1
996226,1
749554,2
518282,1
597029,1
980074,1
1014431,1
725064,2
352415,2
410351,1
474566,1
530497,1
263355,0
839369,1
134981,1
217048,1
428208,1
452214,1
451422,1
342948,1
584768,1
322656,1
285704,1
178574,1
33958,0
670861,1
565495,1
722429,1
419044,1
998374,1
556677,1
91785,0
506836,1
147983,0
341,1
935719,0
664055,1
336291,1
285777,1
726142,1
81052,1
635631,1
264624,2
396628,1
131986,1
114103,1
432928,1
486082,1
463023,2
510785,1
282590,1
991104,2
920700,1
779562,1
280611,2
729251,1
775474,1
214100,1
491642,1
474742,1
924007,1
194583,1
269386,1
677934,1
143309,2
464020,1
663876,1
672805,1
320519,2
956860,1
153380,1
471989,1
521084,0
858579,1
149145,1
420310,2
895664,1
485881,1
344021,1
486325,1
853985,1
488547,1
533119,1
99983,1
780810,1
888730,1
917571,1
944753,1
330231,1
801706,1
476924,1
1001932,1
909365,0
65047,0
934387,1
227913,1
320382,1
64824,1
151537,1
463676,1
149152,0
682639,1
536165,0
871336,1
886138,1
299802,1
493475,0
315429,1
738370,1
460329,1
604093,1
690339,1
702056,1
396389,1
254566,2
309293,1
773982,2
797155,1
757049,1
264022,1
43506,1
789565,1
256300,0
390387,1
112772,0
581178,0
597520,1
495987,0
873646,1
222439,1
198125,1
679624,1
7490,1
435677,1
334260,1
853237,1
938787,1
73594,1
1002625,1
42923,1
989127,0
986832,1
738705,1
74610,1
87425,0
966944,1
135898,1
402138,1
412016,1
714453,2
613756,1
21726,1
477756,1
60578,1
905200,1
35262,1
489324,1
786676,1
366083,1
56416,1
86754,1
916831,1
218834,1
380072,1
133115,1
439570,0
518408,1
247878,1
403061,1
54124,1
867654,1
684329,1
290313,2
695482,1
984056,0
997308,1
56148,1
884583,1
351872,1
381202,1
811066,1
137562,1
468460,1
997755,1
802864,1
364793,1
512659,1
227829,1
395418,1
623564,2
894586,1
634560,0
882006,2
589222,1
125954,2
105570,1
395748,1
208927,1
400213,1
547723,1
394574,1
421498,1
286851,1
478140,1
580074,1
461274,1
858443,1
886453,1
389598,1
69722,1
747178,1
640930,1
801650,0
536279,2
1011241,2
635239,1
978446,1
139087,2
131685,1
58021,1
412607,1
564737,1
161639,1
644945,1
399498,1
963567,1
914345,1
19231,1
934875,1
863386,1
339955,1
319476,1
271855,1
427409,1
537001,1
105163,1
22770,1
144537,1
46149,1
256773,2
978714,1
76708,1
330118,0
775845,0
744249,1
3179,1
168670,0
888488,1
904188,1
434049,1
915397,2
118150,1
897776,1
512167,1
671279,1
932228,2
544599,1
560704,1
870537,0
398648,1
667616,1
1002306,1
758398,0
118958,1
60710,1
301484,1
642961,1
778891,1
789976,1
443047,1
123486,1
174567,1
475163,1
10773,1
158675,1
152714,1
780964,2
492115,1
912813,1
926717,1
406963,1
405261,2
163325,1
656289,1
1000542,1
145505,1
329615,1
304986,1
229845,1
726399,1
7971,1
924036,1
795193,1
981273,1
79431,1
858076,2
408815,1
544283,2
443429,1
917168,1
173346,1
204226,1
222592,1
304263,1
155629,1
545718,1
593447,1
878478,1
616571,1
270557,1
415448,1
245494,1
10179,0
51183,1
355803,1
316202,1
226967,0
615725,1
860208,2
495147,2
92353,1
372754,1
159320,0
40639,1
328009,1
187862,1
677354,1
360870,2
579168,1
246536,1
1013838,1
228404,1
307909,1
770910,1
858278,1
676371,1
242763,1
37440,1
712217,1
968582,1
409757,1
54443,1
795362,1
712480,1
887010,1
639363,1
555052,1
664741,2
128917,1
128586,0
545956,1
25957,1
928939,1
822693,1
915940,1
818920,2
236049,1
627458,1
790284,1
300821,2
371111,1
740861,1
671903,0
16034,1
592897,1
29351,1
690092,1
17992,2
237541,1
770660,1
434995,1
795308,1
364162,1
133438,1
789642,1
547550,1
987756,1
122658,1
833264,1
158019,1
422444,1
641766,1
543257,1
501893,0
698566,1
78441,1
33950,2
99451,1
263223,1
1006603,1
616902,1
671961,2
36289,0
317452,1
952754,1
1003761,1
266053,1
29865,1
1012103,0
77239,1
890135,0
673178,1
559812,2
642884,0
170130,1
508470,0
839273,1
387604,1
725691,1
234384,1
690067,1
348153,1
119676,1
175564,1
864909,1
215116,1
994392,1
499583,0
786005,1
822114,1
127802,1
764959,1
202877,1
496382,2
997278,1
860237,1
151151,1
849012,1
940041,1
827485,1
499738,2
748670,1
355894,1
610874,1
1012235,1
632199,1
79666,1
867742,1
40080,1
77202,0
698496,0
336875,1
967318,2
203012,1
669140,1
291299,1
434661,1
49210,1
778228,2
638953,1
766773,2
938545,1
185420,1
440037,1
422293,0
249928,1
745833,2
897941,1
759010,1
225548,2
273956,0
840660,1
710611,1
164010,1
540991,0
353441,1
619589,2
767048,1
133618,1
664709,1
622600,1
570846,0
961781,1
207841,1
804147,1
584191,1
148456,0
368823,1
51987,1
194734,1
787325,2
134299,1
942197,1
298463,1
511643,0
218151,2
205928,1
686158,1
670807,1
160061,0
919320,1
890979,1
162140,1
511401,1
633453,1
508100,1
100401,1
175689,1
652957,1
937405,2
452272,1
102935,1
889449,1
455004,1
371254,1
936077,2
943554,1
988786,1
267872,1
132301,1
173977,1
764694,1
176499,1
321457,1
736992,1
880440,2
731092,1
8154,1
956909,1
977470,1
350233,1
772398,0
799898,1
511625,1
953696,1
498450,2
323910,0
335544,1
630171,1
495628,1
607346,0
18029,1
155654,1
786478,1
648868,0
479949,1
833408,2
950378,0
531692,1
619758,1
1002519,1
792022,1
545556,1
17703,1
570783,1
543576,1
991012,0
576701,1
849661,2
584687,1
560733,1
313119,0
718156,1
823096,1
1001770,1
862792,0
162108,1
87490,1
141244,1
489276,0
893464,1
1014046,1
197715,1
835303,1
936147,1
604941,1
458597,1
519089,1
83146,1
93332,1
137331,1
932037,1
118785,1
249755,1
414223,1
866873,0
591423,1
732725,1
765871,1
313434,1
354208,1
515636,1
170853,1
975832,1
472355,1
727033,1
481654,1
1005400,1
960780,1
913704,1
313504,1
604390,1
519232,1
172521,1
258012,1
427375,1
503488,1
286547,1
1010178,1
594268,1
329064,1
833374,1
385297,1
12702,1
3304,1
648549,1
191584,1
79189,1
177926,1
729372,1
133845,1
931920,1
973290,1
252887,1
851529,1
311315,0
757203,2
198103,2
441614,1
815356,1
714505,1
1002566,1
104346,1
620183,1
896702,1
362719,1
843106,1
421759,1
488198,1
916707,1
354901,0
374286,1
929194,1
908034,0
486284,1
320922,1
732783,1
759964,1
437929,1
523534,1
96999,1
406909,2
494582,0
937397,1
515720,1
482211,2
215909,1
259174,1
55840,0
188492,1
823427,1
143620,1
743651,1
240794,1
194073,1
757717,1
938703,1
553946,1
948041,1
255192,1
33110,1
532260,0
984449,0
334873,1
619460,1
475354,1
1002683,1
499565,1
253235,1
993117,1
665849,1
158095,1
586322,2
10517,1
804286,1
506432,1
38559,1
994206,1
734701,1
725765,1
882897,1
264448,1
32212,2
892731,0
40837,1
308252,1
84,1
134435,1
265988,1
472993,1
604871,1
215952,1
639462,1
657198,1
590213,1
339661,1
235998,1
40620,1
568836,1
684024,1
95345,1
855965,1
927200,1
657587,1
448837,1
517414,1
116109,1
398677,1
964719,1
728070,1
898825,1
382856,1
1008906,1
12775,1
859260,2
883667,2
93530,0
281788,1
536808,2
1008627,1
174219,1
19697,1
888877,1
621250,1
11404,1
186285,2
270476,1
632591,1
967064,1
979542,2
770664,1
168377,2
16588,1
308887,0
422286,0
723408,1
530783,0
48521,0
486545,0
695882,2
936033,1
431259,0
226552,1
373007,1
474339,1
1001334,2
462316,1
144148,2
646833,1
386988,1
548386,0
224323,2
147451,1
597513,1
649267,1
728089,1
813435,1
954808,1
253392,1
381976,1
891147,1
215068,1
825803,1
1003280,1
768162,2
644604,1
886516,1
954228,1
20181,1
649043,1
66686,1
629452,1
564759,1
653396,1
930093,1
963237,1
423618,1
1017423,1
423980,1
647768,1
697055,1
466756,1
622879,1
800150,1
262170,1
176796,1
96368,1
173290,2
443861,0
793838,1
586292,1
861296,1
475244,1
898465,1
950712,1
543697,1
548915,1
600226,1
597135,1
22091,1
577984,1
45203,1
279679,1
697091,1
608042,1
569583,1
509167,1
848855,1
869890,1
503363,2
955508,2
496515,1
523765,2
437675,1
599500,0
329413,1
165147,1
161844,1
62705,1
764092,1
269188,1
792271,0
734998,1
210717,1
842992,1
102106,1
564304,1
252003,1
946869,1
491792,1
763529,1
723709,1
800341,1
826345,0
223139,1
779595,1
196776,1
261041,1
473341,1
554381,1
287753,1
500870,1
778639,2
427272,1
86600,1
674531,1
716473,1
925822,1
857240,1
472245,1
366223,2
158646,2
148683,1
98847,1
526393,1
908452,1
776552,1
181039,1
448260,1
22147,1
153854,1
355391,1
189846,1
479280,1
465872,1
745198,1
114613,1
589185,1
196640,2
119764,0
52276,1
691909,1
483759,0
317005,1
460170,1
640068,1
415392,1
781293,1
177874,0
325824,1
63276,1
961709,1
521826,1
287034,1
280354,1
490700,1
454502,1
175377,1
366872,0
937298,1
318725,1
1012217,1
528351,1
460020,1
846901,1
504805,1
317643,1
978963,1
1017140,1
999669,1
774840,1
9874,1
965426,1
317555,1
73363,1
332420,1
193403,0
442075,1
91389,1
81977,0
280574,1
394622,0
504221,1
103374,1
55569,1
907976,1
692960,1
296274,2
455404,2
846882,1
475116,1
707233,1
643786,1
181116,1
786364,2
423481,1
916871,1
438463,2
186322,1
78339,1
422767,1
634117,1
498733,1
717728,1
131638,1
948713,1
883212,0
124960,1
740355,1
418010,2
280879,2
805919,1
648280,2
793610,1
206693,1
926269,1
63081,1
585545,1
673068,1
697583,1
911247,1
763462,1
804158,1
731353,1
886820,0
527934,1
60662,1
983426,2
79042,0
264213,1
41841,1
261045,1
882453,1
537999,1
95213,1
590543,1
337230,1
848008,1
571597,1
208648,1
939920,1
945152,1
69887,1
114738,1
241160,1
677446,1
743527,1
984870,1
121664,1
541329,1
647782,1
738712,1
86747,2
112053,1
760038,1
267667,1
989989,1
730264,1
890102,1
544632,1
848224,1
372439,2
343017,1
526580,2
529385,1
504786,1
123772,1
908690,2
562012,0
1007071,1
468981,1
823717,1
863856,2
124968,1
355300,1
970541,1
822202,1
154594,1
666952,1
491051,2
501248,1
913803,0
780829,2
1010208,1
340308,1
689674,1
737663,1
594866,1
911779,1
475941,1
771441,1
191184,1
967585,1
921792,1
18234,2
265049,1
258599,1
563750,1
797647,1
690247,2
930567,1
658647,1
269441,2
560784,1
475101,1
191078,1
782445,1
128814,1
393650,1
815323,0
445591,1
939762,1
363404,1
755825,1
374066,1
427867,1
894472,1
979535,1
629919,2
55741,1
762670,1
100584,1
284868,1
301639,1
931814,1
592413,1
267748,1
761284,1
142131,1
93196,1
319696,0
409360,1
883135,1
213491,1
221838,1
440202,0
583499,1
81816,1
172422,1
149985,1
512761,1
972107,0
360434,1
86817,1
479680,1
451697,1
211589,1
766755,1
786317,1
889841,2
789723,1
660998,1
369365,1
483733,1
61557,1
305741,1
320753,0
530291,1
357096,1
741080,1
1015719,1
325637,1
317441,2
777223,1
681212,1
252490,1
285270,1
377421,1
341408,1
687221,0
785785,1
935649,1
60369,1
737593,1
702735,1
643661,0
364500,0
422866,1
982113,1
353159,1
771742,1
648592,1
241249,1
331070,2
128436,2
716730,1
122984,1
55103,1
257859,1
593726,1
8059,1
167967,1
202334,1
193582,1
7616,1
971726,1
191452,1
373931,1
793995,1
674645,2
2688,1
878313,1
1015755,2
198727,1
90780,1
125422,1
776589,1
580533,1
358581,0
877381,1
715737,1
426877,1
573409,1
284893,2
335805,1
435028,1
139649,0
410157,1
869524,1
382955,1
338598,1
260459,1
319791,1
52625,2
672591,1
733689,2
275415,1
804525,1
859727,1
566188,1
734381,0
891679,1
825836,1
139704,0
501901,1
351623,1
628837,0
228606,1
174060,1
460222,2
351025,2
1001697,1
805805,1
336358,1
751850,1
206055,1
467243,1
132404,1
814461,1
886097,1
968528,2
77422,1
53846,1
174424,1
433602,1
692689,1
367055,2
956835,1
592949,1
940438,2
955243,1
407979,1
508038,1
726245,2
640486,1
161022,1
179223,1
178989,1
520263,1
482079,0
119078,1
362861,0
308263,1
854861,2
161590,1
339805,1
666130,1
544357,1
87469,1
365251,1
762285,2
366366,1
755535,1
556501,1
707732,1
296513,1
578222,1
222475,1
246620,1
387464,2
777135,1
784018,1
312037,1
314299,1
172815,2
856104,1
810175,1
987271,2
725222,1
307596,2
164656,1
610533,0
158572,1
376383,0
618306,1
813358,1
505776,1
764896,1
105956,1
807872,1
241458,1
951122,1
722627,2
631518,2
886501,1
611732,1
436274,1
411558,1
773069,1
622864,1
860707,1
307329,0
305565,1
396727,1
489940,1
22363,1
843425,1
585783,2
367499,0
405683,1
604622,1
904724,2
1006519,1
902447,1
484198,2
2262,1
507408,1
492427,1
137991,1
551481,1
463100,1
921301,1
252373,1
30441,0
57428,0
746544,1
412870,1
2248,1
997968,1
955742,1
562221,2
651060,1
18061,2
786100,1
461696,1
110536,2
16687,1
622152,1
201667,1
249869,1
236881,1
827698,1
10641,0
205410,1
111698,1
1015861,1
808554,1
346937,1
961723,1
93930,1
586117,1
932143,1
748296,1
354468,0
863555,1
675091,1
522838,1
722234,1
628628,1
381532,1
382360,0
592824,1
837943,0
36553,1
580155,1
613169,1
216971,1
76542,1
1006599,1
286792,1
113993,1
421623,1
631950,2
980195,0
997362,1
439453,1
241605,1
978897,1
519023,1
478676,1
49995,1
497783,1
16401,1
98609,0
30995,2
84059,1
271808,2
722773,1
735504,1
1003277,1
46941,1
84426,1
808664,1
662864,1
16988,1
967420,0
81038,1
601418,1
247335,1
548676,1
746636,1
907426,1
219581,1
148812,0
315432,0
218331,1
113913,1
875882,1
454762,0
667953,1
627814,1
575971,1
632474,2
546748,1
318644,1
105798,1
954444,1
287074,1
575142,1
888080,1
5771,1
355784,1
193810,1
897563,1
611985,1
284765,1
422396,1
675613,1
1007941,1
454476,1
996839,1
73246,1
119375,1
492816,1
27698,2
409533,1
586700,1
139766,1
410670,1
715685,1
73943,1
442736,2
354280,1
226093,1
909318,1
941215,1
376978,1
902483,1
514228,1
630007,1
69072,1
917814,1
90098,1
738374,1
344788,1
11495,1
509185,1
936811,0
457556,1
439112,2
850645,2
433000,1
137074,1
725927,0
702764,1
232809,1
863647,1
311146,2
888440,1
361787,0
465601,0
380458,1
775119,1
821359,1
928340,1
682590,1
588423,0
43003,1
398439,1
284684,1
486347,1
677233,1
471163,1
478764,1
407069,2
831776,1
180889,1
749873,1
563017,1
6703,0
75321,1
388391,1
847285,1
360148,1
272786,1
65252,1
704836,1
688288,1
438661,1
54010,1
471486,1
881100,2
134831,1
147279,1
964571,1
998019,1
936154,0
629294,1
924979,1
452269,1
799494,1
720159,1
798787,1
914462,1
113546,0
354530,1
583495,1
960751,0
41218,1
650896,1
733737,1
169657,1
871101,1
498139,1
842402,1
120597,1
40051,2
125884,1
698522,0
218793,0
310842,0
305679,1
438801,1
725453,1
569936,1
785136,1
551841,1
649850,1
965150,1
445151,1
602635,1
751553,1
840936,1
411844,1
310916,1
846626,1
10465,1
708597,1
1014992,1
593252,1
706177,1
805845,1
98263,2
189291,1
470313,1
699608,1
330345,1
999720,1
237633,1
301701,0
144276,2
448682,1
277127,0
914811,1
69649,2
531450,1
890160,1
100852,1
678656,1
492445,2
934611,1
351179,1
544580,1
316642,1
921462,1
132891,0
94670,1
689447,1
1013823,1
121419,1
398552,1
604226,1
996578,1
449940,1
876700,1
41302,1
896838,1
215006,1
637905,1
820996,1
13978,1
33921,1
157609,1
593762,1
142454,1
855558,1
484051,1
421887,1
266893,1
747310,0
19572,1
622732,1
293349,2
453530,1
477260,1
737227,2
230007,1
591746,1
3557,1
223744,1
894029,1
977489,1
43072,0
720544,0
525084,1
930927,1
770385,2
533757,1
236764,1
40671,1
745125,1
292249,1
857769,0
138420,1
448994,1
791425,2
148041,2
461186,1
167457,1
129738,0
251460,1
434081,1
823948,1
178369,1
340252,1
904089,1
560380,1
365006,1
803674,1
876469,1
736428,1
680002,2
969110,1
224161,2
607717,1
397591,1
875295,1
900904,0
183602,1
27191,1
819260,1
904977,1
140081,1
947084,1
405566,1
906311,1
9012,1
764702,1
471707,1
577331,1
954165,1
49919,1
480011,1
446589,1
266237,1
742009,1
339449,0
702371,1
852470,1
719146,1
302405,1
460446,1
833819,1
581219,1
671011,1
843252,1
524564,1
878368,1
927493,1
446875,2
23892,1
263050,0
556006,1
668891,1
29326,1
30768,0
293327,1
327495,1
700403,1
199900,1
822796,1
723077,1
600585,1
698911,1
262578,1
968733,1
385668,0
943381,0
562342,1
72689,1
282877,1
404550,1
510378,1
982223,1
446181,1
937629,2
613187,0
337836,1
426943,1
617877,1
846343,1
448679,1
267546,1
410582,1
968106,0
724272,1
307501,1
578718,1
874162,0
585718,0
740674,1
949002,1
536459,1
178192,1
317632,1
427328,0
60611,1
639808,1
963329,1
479868,2
627876,1
418528,0
476443,1
373366,1
515753,1
429285,1
209876,1
329109,1
813828,1
355928,1
634700,1
595889,1
764915,1
529910,1
316408,1
783765,1
323228,0
952831,1
276096,1
723866,1
603030,1
736776,1
727510,1
170354,1
302900,2
901482,1
284365,2
314383,2
99422,2
277358,1
270256,1
953344,1
868747,2
916303,0
129745,1
605982,1
478863,1
179946,1
418069,1
497149,1
294108,1
888088,2
799326,2
575942,1
97938,1
844440,0
889625,1
452863,1
468057,1
762678,1
1010927,1
121819,1
680860,1
164168,1
745110,0
224525,1
725307,1
155658,1
1000751,1
227256,1
931726,1
124663,2
1005631,1
265427,1
749606,1
601560,1
643760,1
888125,1
7098,1
683768,1
52401,1
471262,1
597894,1
899789,1
888745,1
259691,1
632775,1
766652,1
602172,1
640105,1
136907,1
585013,1
622127,1
357904,2
811121,1
654863,1
296384,1
982124,1
852760,0
275161,1
946935,2
104915,1
815792,1
243654,1
217822,1
102267,1
335885,1
54223,0
394486,2
229430,1
561190,1
850355,1
623605,1
223531,1
178277,2
604321,1
17736,1
713298,1
720944,1
212935,1
523677,1
811114,1
421421,1
542018,1
391201,2
512134,0
260859,1
787875,1
914066,1
36744,1
43575,1
251655,1
538031,1
482428,1
65410,2
231095,1
323330,0
533999,0
270560,1
601094,1
752220,1
210629,1
835046,1
237871,1
315920,2
369329,2
351014,1
246451,1
1013346,1
534060,1
255031,1
538802,1
1010790,1
62686,1
164740,2
446963,1
1010736,1
563886,1
558503,1
594048,1
454245,0
816654,1
735625,2
646716,1
982759,0
774330,1
309004,1
904034,1
678337,2
393816,2
398365,2
569433,1
979238,1
755205,1
622930,1
389954,0
391407,1
883021,1
555481,1
411268,1
608857,1
184937,1
536561,1
987969,2
275374,1
1009859,1
665845,1
614658,1
560267,1
258320,0
789602,1
1005224,2
391278,1
69818,1
233042,1
614258,1
623227,1
586814,1
922045,2
914026,1
994062,1
509699,1
960164,1
588030,1
817035,1
276577,2
20406,1
444257,1
485919,1
581361,1
102458,1
487135,1
952608,1
699684,1
143741,1
427243,1
613954,0
395906,1
959027,1
777539,1
816137,1
417097,1
209472,1
28967,1
315076,1
723543,2
725989,1
90209,1
406035,1
886219,1
242419,1
370268,0
471688,1
995892,2
286550,2
677732,1
124917,0
715740,1
11190,1
194514,1
844716,1
454887,0
890072,1
377876,1
1017504,1
82743,1
653668,2
441298,1
661896,1
271833,1
921396,1
614324,1
366920,0
497909,1
782247,2
496412,1
504481,1
14807,1
165727,1
717360,1
598899,1
609131,1
560278,1
965653,1
264161,1
710138,1
504522,1
940775,1
287441,1
929220,1
248941,1
38489,1
132451,1
316077,1
544937,1
169107,2
494278,1
519746,1
877727,1
524928,1
788795,1
23544,1
509909,1
170196,1
363422,1
872333,1
905420,0
366450,1
550419,1
236944,2
579612,0
530435,1
942391,1
162933,1
685645,1
775489,1
456342,1
693873,1
777913,1
963820,1
82956,1
168106,0
217206,1
434360,2
201355,1
522511,1
538581,0
809089,0
484899,1
479842,0
594987,0
430027,1
162214,1
45104,1
359256,1
731009,1
964414,1
83571,1
671037,1
707284,1
602741,1
98638,1
273750,0
401405,1
157359,1
537838,1
313588,1
842523,1
675712,1
185336,1
807072,1
399010,1
965,0
470081,1
263546,1
935083,0
432887,1
669948,1
953692,1
394219,1
898120,0
860842,1
292245,1
353508,1
344597,0
629838,1
191052,1
192233,1
93523,1
602895,0
409225,1
133632,1
42284,0
815866,1
553450,1
495305,1
757258,1
326311,0
576136,1
84954,1
936132,2
917957,1
311502,1
675583,1
859521,1
973999,1
168513,1
298838,1
144540,1
407968,1
528920,1
844080,1
720948,1
569558,1
701037,1
404628,1
151221,1
919272,1
414564,1
300993,1
512361,1
169073,1
86828,1
292780,1
310619,0
546579,1
580881,1
120362,2
881610,1
578116,2
824868,1
879149,1
671004,1
820053,0
351814,1
490946,2
409162,1
996608,1
381635,1
582645,2
103510,0
211857,1
436715,2
56485,1
175791,1
637570,0
92537,1
100203,1
315395,2
293837,1
960153,1
792907,1
543848,1
431970,0
568935,1
269272,1
152442,1
862785,2
195492,1
746908,1
913223,1
684659,2
719722,1
312015,1
120582,1
218889,1
540221,0
863955,1
908049,1
938318,1
884349,1
450791,1
217323,1
845687,1
123196,1
77220,1
257367,1
676258,1
635907,1
626372,1
783806,1
640570,2
963402,1
357841,0
652241,1
996699,0
429168,1
705473,2
903503,2
819987,1
93006,1
144900,1
691086,1
742089,2
79028,0
915937,2
318941,2
753191,1
469421,1
585790,2
312158,1
662938,1
801607,1
999335,2
87821,1
558774,1
434247,1
139524,1
57538,1
474841,1
652535,2
415587,1
1000553,1
609638,0
820354,1
9254,1
367129,1
577533,1
212524,1
631323,1
980317,1
895510,1
67977,1
830665,1
468215,0
294577,1
835718,1
469678,1
857196,1
400451,1
528476,0
178383,1
473709,1
907884,0
968377,2
507532,1
299453,1
481830,1
675268,1
692443,1
933650,1
833514,1
966823,1
477107,1
158118,0
276409,1
82079,1
523655,1
184933,1
751135,1
549112,1
623634,1
805533,1
411129,1
242011,1
459499,1
263410,1
83292,1
620459,1
576499,2
38643,1
557898,1
663829,1
709826,1
156938,1
161855,2
672757,1
664264,1
108591,1
794677,1
520201,1
349808,1
441980,1
839277,2
608828,1
392206,1
957799,1
972363,1
516916,1
197014,1
705323,1
695637,1
318237,1
845735,1
496016,1
1003435,1
246947,1
835552,1
352202,1
873994,1
426620,1
465535,1
986623,1
474625,1
307042,1
285238,1
36007,1
258368,2
521125,1
780296,1
22231,1
933881,1
818281,1
386188,1
4572,2
872241,1
623421,1
862062,0
356147,1
251170,1
864402,0
712745,1
406945,1
50212,1
245546,1
148104,1
5720,1
641359,0
439783,1
581820,1
575032,1
618937,1
454490,1
710806,2
861209,1
859264,1
897501,1
286059,1
451631,1
777498,2
279639,1
939836,1
944577,1
72517,1
131744,1
473419,1
970204,1
150543,1
121587,1
569235,1
788568,0
701507,1
581028,0
731254,1
735852,1
311726,0
805155,1
430614,1
724555,1
950408,2
814726,1
132172,1
19815,1
971564,2
56470,1
419411,1
1016811,1
912721,1
1003141,1
468222,1
74980,0
468028,1
400356,1
216575,1
693055,1
135762,1
392529,1
116901,1
345529,1
672573,2
441115,1
734000,1
184548,2
972000,1
574310,1
889661,1
774037,1
782382,1
166665,1
976499,1
180386,1
670685,1
57336,0
121462,1
564531,1
308168,1
768126,0
872652,2
913348,2
489621,1
634164,1
291592,0
99837,0
169327,1
597175,1
188382,1
227344,1
343277,1
251909,1
419840,1
555452,1
178262,1
461087,1
499709,1
765864,0
557421,1
28006,1
234256,1
620275,1
132217,1
575021,1
382243,1
224550,1
637417,1
944966,1
521840,1
512420,1
793753,2
317672,1
899576,1
768731,1
304803,1
397621,1
927534,1
535850,1
880448,0
381400,1
409984,1
500100,2
907114,1
184845,1
215486,1
301617,1
715069,1
979065,1
36388,1
509673,1
807726,1
993517,1
22000,0
620826,1
629379,1
244347,1
40543,1
354974,1
861964,1
217132,1
850524,1
264752,2
266505,1
310879,2
167145,1
758798,1
409654,1
639231,1
535780,1
734051,1
419198,1
437154,1
971337,1
11796,1
806684,1
384377,2
132880,1
900353,1
759539,1
970255,1
322920,1
907121,1
818494,1
32836,1
301334,1
79354,2
348560,1
492618,1
186380,1
547565,0
254702,1
716198,2
780971,1
901204,2
540841,1
846956,1
58344,0
815844,0
110635,1
536510,1
619170,0
34382,1
595735,1
723202,1
850157,1
218591,0
423229,1
306845,2
1002764,1
312628,0
240042,1
442013,2
503161,2
137258,2
994125,2
792125,1
521987,2
40312,1
548874,1
647845,1
644772,1
667285,1
222053,1
702728,1
961077,1
965022,1
33741,1
216160,1
1017515,2
220899,1
88158,1
414630,1
651471,0
749147,1
755612,1
469997,1
710970,1
198741,2
201630,1
841690,1
488437,2
735610,2
173207,1
714974,1
537991,1
375603,1
949952,1
614724,2
291002,0
756576,1
191849,2
861832,1
957759,1
302111,1
314181,1
358204,1
621140,1
579968,1
757764,1
953366,1
360522,1
505288,1
281733,1
114565,1
637493,0
107774,2
138240,1
806295,1
828875,0
75325,1
333913,1
780319,1
508849,1
910389,1
679796,1
949718,1
219428,1
865861,1
929899,1
311902,1
402303,1
34885,1
39303,0
886930,1
1000351,1
357834,1
187972,1
476142,2
954305,1
192842,1
813284,1
180500,1
38155,1
735753,1
34339,1
294698,1
243867,1
234546,1
622909,1
60864,2
734675,0
747013,0
267139,1
317489,1
660183,0
673442,2
969462,1
110363,1
51495,1
406956,1
294896,1
346805,1
621977,1
458924,1
47829,0
455965,1
334080,1
819066,0
256638,1
949006,1
348337,1
545941,1
586766,1
46622,1
247793,0
921253,1
509732,1
174945,1
540643,0
638344,1
228811,2
757889,1
799612,2
1009910,1
293224,1
71332,1
666725,1
512387,0
788054,1
588009,1
722007,1
394192,1
229166,1
833943,1
33745,1
431622,0
330815,1
628950,1
736053,1
64772,1
74353,1
244952,1
867331,1
691868,1
594451,1
10436,1
69612,0
178790,2
807050,1
292274,1
699842,0
737139,2
127783,1
405331,1
84242,1
308630,1
951423,1
256274,1
352884,2
20688,1
253855,1
348649,1
991940,1
757793,1
944177,1
557274,1
618694,1
184254,1
200893,1
264396,1
379885,1
434591,1
997524,1
800426,1
431552,1
444741,1
784326,1
134817,1
6655,0
575498,0
405984,1
106829,1
681506,1
946300,1
615318,1
880213,1
267663,1
266930,1
329758,1
284666,1
10197,1
892070,1
295989,1
84459,1
761802,1
919786,1
79868,1
512754,1
690195,1
134428,1
826664,1
439109,0
509600,1
797618,1
825791,1
593766,1
352231,1
540764,1
324221,2
422099,1
765923,1
535964,1
790042,1
941398,2
767543,1
59172,1
490472,2
457846,1
502553,1
552549,2
642154,1
840022,2
611905,1
582355,0
725934,1
70746,1
150305,1
72711,1
703611,1
57013,1
926027,1
2497,1
1007725,2
466370,1
477231,1
131766,2
248853,1
347794,1
908900,1
895309,1
536536,1
630142,1
86684,1
554660,1
666806,1
431846,0
31332,1
499271,1
332923,1
616304,1
463797,1
597249,1
343578,2
695828,1
872461,1
447924,1
977706,0
772350,1
596680,1
848408,2
78001,1
271826,1
361082,1
941589,1
551360,1
615886,1
574941,1
426172,1
477602,0
120087,2
876090,2
1008861,1
572433,1
266468,1
11958,1
83094,1
697547,1
811118,1
944991,1
409618,1
431798,1
53390,1
708733,1
917788,1
604864,1
689043,2
310680,1
796709,1
456919,1
405951,1
976943,1
333605,1
547888,0
97930,0
998983,1
319076,1
537159,1
239253,1
877653,1
502483,1
641605,1
405328,1
849533,2
557708,2
142821,2
487733,1
86325,1
245733,1
143480,1
56247,1
477480,1
686448,1
646697,1
567817,1
625052,1
535333,1
841126,1
637075,1
760371,1
468006,1
519371,1
976183,0
904254,1
739654,1
29645,2
70478,1
1007299,1
317401,1
677266,1
613789,2
29506,0
439523,1
56771,1
452012,1
634003,1
487461,1
823863,0
911151,1
172091,2
619053,1
222688,1
500012,1
768397,1
255123,1
771111,1
673219,1
770789,1
517267,1
391733,1
545952,1
514217,1
702405,1
396888,1
371184,2
1000935,1
422194,1
777230,1
232122,1
652722,1
132848,1
914378,1
798648,1
129529,1
931252,2
325299,1
845573,1
52672,1
111324,1
883535,1
949820,1
811804,1
68060,0
126779,1
300483,1
695112,1
646679,1
109534,1
954774,1
535249,0
961785,1
692021,1
954198,1
824318,1
150671,1
657741,1
572686,1
80334,1
620066,1
427533,1
308186,1
243191,1
721273,1
725031,0
196402,1
222857,1
693675,1
530042,1
451282,1
541318,1
348850,1
842479,1
766586,1
242110,1
620198,1
312091,1
199290,1
659446,1
562078,1
441427,0
264129,1
160373,0
136480,1
536026,1
550198,1
955298,0
93156,1
153300,1
268565,0
15367,1
922500,2
947437,1
51550,1
576507,1
4363,1
270711,1
869759,1
763639,1
733391,1
70030,1
324023,1
80590,1
515706,1
509512,1
709808,1
175913,1
463368,1
953755,1
742027,1
678678,1
792682,1
859451,1
149622,1
381844,2
567882,0
181545,1
147330,1
129466,1
159151,1
133500,1
548063,1
990121,1
909622,1
621441,2
1017669,1
72803,1
891228,1
1015322,1
209124,1
980687,1
126900,0
979920,1
779250,1
655596,1
260033,1
532488,1
939436,1
315755,1
651743,2
534284,1
56878,1
496012,1
731658,1
990374,1
674230,2
342603,1
831244,1
38973,1
569613,1
818425,1
945659,1
193795,1
727022,1
874940,0
438728,1
952688,1
358192,1
445892,2
951409,2
861399,2
990301,1
765659,1
994855,1
80268,0
559463,1
343549,1
618144,1
867427,1
869344,1
23027,1
291509,1
883421,1
910459,0
575168,1
948302,1
478540,1
659383,1
7263,1
310035,1
375519,1
122386,1
328650,1
689403,1
589053,1
718783,1
425465,1
86864,1
408518,0
165367,1
762373,1
247830,1
637578,1
138127,1
497280,1
396088,1
996332,1
197971,1
386441,1
202796,1
958129,1
1005099,1
210782,1
1013892,1
31820,1
23955,1
1005873,1
693480,1
524469,1
917252,1
684971,1
26324,1
28630,1
470527,0
460920,1
835939,1
597880,1
446083,1
1010667,2
1007513,1
411782,1
903287,0
867505,1
9868,1
255157,0
259696,1
265376,0
285433,1
678297,0
217195,1
354971,1
153217,1
185711,1
659564,1
48180,1
651300,2
759840,1
817047,1
127043,1
562871,0
947562,1
54459,1
257478,1
672024,1
80980,1
544189,1
474970,1
886807,1
348125,1
378089,1
396618,1
170094,0
547119,1
307586,1
861624,1
588516,1
892640,1
1003960,0
372348,1
954001,2
365388,1
271977,1
449017,1
188017,1
860359,1
49361,0
524495,1
387780,1
741221,1
582040,1
74127,0
102998,1
306361,1
771875,1
478057,1
132621,2
550885,1
284571,1
314270,2
461202,1
521393,1
713192,1
949407,1
684003,0
159471,1
677553,2
789647,1
480889,2
447213,1
723816,1
870981,1
537028,0
10194,1
447536,0
763317,1
254846,1
567762,0
688018,2
697551,0
457319,1
715925,1
65198,1
430233,1
778272,1
942709,2
982606,1
39315,1
534230,2
890477,1
1005922,1
165133,1
344015,1
438703,1
614211,1
724192,1
18345,1
324552,0
198698,1
76855,1
108545,1
723995,1
346680,2
737495,0
367416,1
798759,1
4474,1
440111,1
702729,1
486759,1
866580,1
772520,2
624735,1
779123,1
31913,1
318571,1
260081,1
713981,1
423273,1
659913,1
675911,1
602995,1
132746,1
908039,1
358568,1
941773,1
171213,1
124738,1
492662,1
64469,1
326990,1
614240,1
494349,1
16772,1
329663,1
69653,1
471700,2
632347,1
869723,2
882821,1
442289,1
575080,1
670231,1
155941,1
431344,1
539187,1
396937,2
626597,1
94059,1
761836,1
843198,0
190683,2
628742,0
425066,1
987892,1
842751,2
517154,2
488302,0
514104,1
68117,1
798465,2
115978,1
875913,1
57759,1
5934,1
284348,0
603633,1
847433,1
83107,1
28429,2
157143,1
226036,1
463695,1
323782,1
361142,1
54080,0
731626,1
327386,0
325993,1
423208,1
76011,2
1015341,2
997873,1
741272,1
396573,1
163223,1
758597,1
664500,1
371075,0
76224,1
802847,2
371871,1
461785,1
744536,1
637539,1
407253,1
718311,1
897087,1
568019,1
653599,1
22951,0
245114,1
81765,1
543199,1
95889,1
603523,1
631067,1
674781,1
731130,2
814341,1
308749,0
1004378,1
702787,1
288175,1
988307,1
719235,1
54323,0
384756,1
945337,1
741081,0
922747,1
806117,1
759518,1
417560,1
635731,1
275177,2
840188,1
491933,2
931327,0
192902,1
606618,1
32723,0
920172,1
285907,2
314205,2
53609,2
338526,1
230983,2
581810,1
688296,1
675661,1
954360,1
696297,1
728996,2
682452,1
903955,1
324057,1
34637,2
304408,1
347230,1
747810,2
350249,1
148871,1
334342,1
541689,1
590441,2
215630,1
227088,1
228166,0
295546,1
713039,1
367544,1
187940,1
309074,1
933163,1
473654,1
668155,1
687882,1
616628,1
174582,1
425914,1
55184,1
156333,1
664405,0
206694,1
162226,2
856420,2
598353,1
884724,0
954489,1
254035,1
62926,1
937992,1
293119,0
844122,1
409637,1
559802,1
693511,1
50697,0
126130,1
693214,1
196421,1
773730,1
862481,2
196366,1
625633,0
158515,1
980042,0
6542,1
345456,1
64230,1
14554,0
118698,1
573684,1
988460,1
1017585,1
256066,1
31696,2
388448,1
96677,1
522534,1
78152,1
859155,0
893458,1
739897,0
328398,1
913242,1
811320,1
207479,2
332553,1
608825,1
934942,1
635180,1
483543,1
306332,1
923300,1
123432,1
484621,1
760336,0
60883,1
846586,1
638734,1
1013691,1
511505,1
825077,1
109946,1
686999,1
137754,1
849512,1
832903,1
885020,1
760578,1
797402,1
912836,2
384194,0
967377,1
358869,1
554911,1
580574,1
21752,0
981292,1
13304,1
677807,1
965911,1
440166,1
570407,1
361803,1
915860,1
731828,1
447415,1
312683,1
173383,1
316665,1
475256,1
32147,0
178414,0
870152,1
295102,1
734137,2
348268,2
485853,1
663686,2
664092,1
216268,1
873584,1
710869,1
954782,1
260078,1
741562,1
739482,2
622627,0
645051,1
879388,1
224375,1
431777,2
536812,2
610178,1
909366,1
286988,1
494921,1
132030,0
75454,1
298006,1
667950,1
723775,1
512726,0
536614,1
287637,1
104255,1
365524,1
110177,1
66812,1
664940,1
818462,1
1017181,0
1007025,1
1009753,1
16589,1
679551,1
722242,1
587041,1
303278,1
775134,1
262230,1
259197,1
459379,1
475601,1
399220,1
333334,1
402285,1
486223,1
67189,1
161933,1
545362,1
371644,1
455375,1
180527,1
100530,2
632611,1
828894,1
493036,1
381591,1
146800,1
870321,1
45219,1
355129,2
163876,1
417249,1
156560,1
772667,1
770254,1
494022,2
612796,1
221361,2
733866,2
832521,0
48452,1
570139,1
740822,1
453227,0
504428,1
913716,0
773921,1
28186,1
429918,1
76484,1
983618,1
252066,1
270341,1
811551,1
726657,1
345698,2
405343,1
646548,2
582190,1
368219,2
119431,1
172412,0
283439,0
578498,1
455401,1
974623,0
20337,1
401358,0
815690,1
155611,1
134579,1
577567,1
490679,1
900024,1
869309,1
790946,1
36891,1
260966,1
195787,1
706215,1
894103,1
1004040,1
375291,0
458242,1
202984,1
836165,1
925672,1
451056,1
250750,0
383928,1
732803,1
144776,1
137365,2
696572,1
396830,1
460931,1
711756,1
887983,1
898815,1
67394,0
662571,1
904280,1
547232,1
718704,1
565133,1
572339,1
908064,1
255490,1
993734,1
852291,1
854473,2
57421,1
466353,1
326686,1
220702,1
697926,1
547371,1
316991,1
834688,1
131910,1
772858,1
976405,1
45567,1
46065,1
907063,1
14150,0
870439,1
90231,1
962729,2
40654,2
206801,1
106462,1
375592,1
665695,2
256844,1
336153,1
841981,1
497506,1
144453,1
907849,2
463369,1
217096,1
299917,1
108457,1
301966,1
170733,0
57737,1
467640,1
690758,1
181968,1
977460,1
434662,1
150511,2
424205,1
920660,1
982309,2
914650,1
469866,1
580765,1
484834,1
640942,1
28175,1
206643,1
341676,1
737709,1
28304,1
748422,1
393255,1
615719,1
502558,0
324439,1
3327,1
219920,1
936092,1
17630,2
598195,1
251230,1
410257,2
945120,1
301140,1
979473,1
58462,1
952935,1
846128,1
698666,1
780936,1
263352,1
268717,1
308880,1
517279,1
61525,1
76282,1
129119,1
1015617,1
96567,0
42319,1
861671,1
234316,1
637818,1
436165,1
969690,1
454668,1
155509,1
491085,1
672956,1
680818,1
496167,1
57719,2
820418,1
508307,1
561849,1
554944,1
1014021,1
946363,1
272486,1
62368,1
219124,1
6913,0
688249,1
617603,1
907863,1
125809,1
104622,1
246577,1
555329,1
258846,2
567296,1
925892,1
515608,1
217258,1
394223,1
621600,2
931660,1
900747,1
633649,1
945517,1
925203,1
315693,1
550504,1
1007711,1
473184,1
946316,1
5244,1
69367,1
456981,1
67772,1
342714,1
714784,1
35601,0
487635,1
85853,1
842609,1
255304,1
845358,1
352489,1
848119,1
870376,1
369788,1
523333,1
591024,1
446861,1
986833,1
50231,0
526699,1
795576,1
693081,1
778229,1
415870,1
433115,1
667000,1
240946,1
932290,1
939624,1
415290,1
138171,0
206537,1
303498,1
291939,1
599105,0
445105,1
515563,0
406502,1
759176,1
235724,1
129962,1
627914,1
463035,1
491544,1
546994,1
53579,1
347113,1
624683,1
613702,1
317677,1
1004488,1
497098,1
866218,1
89417,2
441288,1
204517,1
893337,2
178751,1
305812,1
675111,2
537075,2
815537,1
828663,1
858316,1
532782,2
305269,1
999648,1
897278,1
502859,1
874420,1
127542,1
303487,1
587016,1
962141,1
103016,1
591248,1
63923,0
521544,1
911039,1
403646,1
777019,1
583955,1
674796,1
290240,1
147573,1
884371,1
803679,1
68726,0
957217,1
808478,1
533332,1
662234,1
116678,1
458213,2
125191,2
174906,2
348671,0
249000,2
421921,1
229420,1
860425,1
740679,1
129335,1
156535,1
190555,1
440317,1
276493,1
70248,1
672006,2
428898,1
963135,1
888298,1
646683,1
224096,1
777378,1
400771,1
538201,0
863981,1
422254,1
27882,1
555057,1
9974,2
631269,0
473030,1
242456,1
59162,1
260096,1
418279,1
82854,1
765836,1
531770,1
350348,1
369993,1
97377,2
460348,0
172852,1
891038,1
752434,1
966956,1
171011,1
717196,1
886762,1
607945,1
818459,1
96347,1
771167,1
962237,1
479535,1
985043,1
702071,1
638286,1
555439,1
804382,1
418998,1
794803,1
512946,1
125030,1
667169,1
481439,1
33610,1
978832,0
960789,1
965353,1
311349,1
287505,0
461877,1
841747,2
426430,1
426001,1
429392,2
298640,1
619106,1
618493,1
478732,2
802241,2
971268,1
809905,1
686595,1
747692,0
730184,1
416703,1
540284,1
898525,1
474684,1
579213,1
882003,1
512472,0
254655,1
937974,1
416039,1
315268,1
613287,1
910849,1
715316,1
310795,1
459056,1
137343,1
580093,1
443176,1
761913,1
282467,2
169900,1
639115,1
313028,1
361029,1
518771,1
217148,1
158940,1
130807,1
303704,0
455995,2
347674,2
386703,0
323775,0
822849,1
746064,1
744220,1
987995,1
675863,1
1000808,2
854415,0
984068,1
197701,1
762279,2
485662,2
92505,1
166714,1
617841,0
592425,1
770940,1
297731,2
534300,1
748507,1
168136,1
814613,1
597918,1
688531,1
558386,1
361340,2
58143,1
373275,1
158144,1
504802,1
870703,1
678217,1
425220,1
482560,1
839546,1
528183,1
75818,1
530791,1
54220,2
58514,1
32785,1
296837,1
684098,1
122071,1
982275,2
380859,1
51885,1
122802,1
432363,1
34563,1
929180,2
405068,1
151729,1
437298,1
933761,1
841963,2
624214,1
989630,2
582664,1
684403,1
137417,1
69260,1
959512,1
327805,1
282115,1
752551,1
121115,1
107441,1
271618,1
97076,1
509979,1
689888,1
446582,1
671962,1
850936,1
469444,1
621860,1
301078,1
477577,1
974898,1
758487,1
153466,1
615597,1
121805,2
954786,1
797039,1
725531,1
157653,1
94778,1
944680,1
385364,1
486124,1
149337,1
986264,1
257188,1
577912,1
912278,1
496901,1
47426,0
437713,1
900930,1
12277,1
66779,1
670271,1
8247,1
353156,1
292635,1
637054,1
705100,1
770588,1
134212,1
941513,1
482843,1
187643,1
637740,0
907647,2
630635,1
50268,1
631591,0
283020,1
513976,1
726327,1
888081,1
886319,1
861165,2
355206,1
533453,1
717181,2
658226,2
678781,2
896901,1
39968,1
349027,1
563898,1
101795,1
43778,1
519170,1
465419,1
742204,1
630620,2
120624,1
95995,1
862717,1
247123,1
537266,1
25048,1
599949,2
464010,1
1017729,1
253016,1
326491,1
429884,1
994467,1
505407,1
313424,1
228041,2
337132,0
668045,1
908174,0
92185,1
866195,1
403165,1
687619,1
342611,2
41570,1
581553,1
282137,1
807462,0
1001195,1
232927,1
765351,1
668603,1
779321,0
546671,1
436598,1
463923,1
935932,1
109832,1
545733,0
16644,1
80063,1
203882,1
229123,2
174560,1
972944,1
413814,1
818503,1
975642,1
805662,1
580068,1
748419,0
394021,0
806748,1
929937,1
684571,1
387340,1
634033,1
787890,1
74017,0
832756,1
934256,1
808690,1
1016728,1
586161,1
736858,1
601378,1
248681,1
494242,1
814862,1
300080,0
234587,1
59423,1
307829,1
398450,1
842784,1
490194,1
144941,1
756555,0
63563,1
253591,1
554892,1
259410,1
282786,1
209851,1
711668,1
884805,1
503753,0
738904,1
173068,0
885130,2
560143,1
902671,1
91610,1
978539,1
698864,1
805934,1
80401,1
849075,1
1017541,1
787175,1
490037,1
818606,1
138586,0
78853,1
654912,1
695003,1
692774,1
219623,1
335729,1
536467,1
107232,1
559417,1
767243,1
179693,1
574681,1
272798,1
704800,1
3338,1
87349,1
209099,1
378357,1
465158,1
633490,0
628618,1
279070,1
193147,1
616543,1
274998,1
241066,1
969445,0
765557,1
536995,1
964639,1
133446,2
775765,1
832840,1
202599,1
414796,1
127432,1
385922,1
610307,1
919622,1
555361,1
135158,1
423930,1
455364,1
325403,1
557826,1
243909,1
555060,1
449736,0
614648,1
146873,1
953055,0
479638,1
6737,1
190111,1
663367,1
374940,1
32877,1
774162,1
448180,1
250006,1
806898,2
419108,1
370247,1
14495,1
7859,1
600810,1
218651,1
192007,1
206933,1
502136,1
727151,1
421899,1
354582,2
53362,1
898242,0
680807,1
870266,1
465440,1
131114,1
859933,2
864267,1
402281,0
447819,1
518739,1
345643,1
738492,1
780279,1
957576,1
214545,1
900949,2
966185,2
669219,1
41710,1
580420,1
568756,1
967843,1
930209,1
350461,1
245422,1
984949,2
628265,0
362220,1
889585,2
256095,1
949597,0
701485,1
980219,1
564668,1
772634,1
244223,1
925698,1
859016,1
21235,1
117723,1
707560,1
971781,1
860135,0
654354,1
237454,1
185025,1
29653,1
201125,2
370698,1
463174,1
663561,1
390377,2
238907,1
671999,1
336069,1
636442,1
730573,0
866092,1
668382,1
50752,1
932496,1
746291,1
958690,1
526673,1
836352,1
248157,1
471274,1
504787,1
734063,0
621949,1
10143,1
919109,1
935206,1
202966,1
163209,1
392555,1
877045,1
313181,2
660746,1
560264,1
259502,0
379817,1
416109,1
553554,1
373925,1
256679,1
233238,1
216473,0
105667,1
814271,2
985733,0
397978,1
872323,1
379109,1
707083,1
625109,1
698079,0
346156,1
335813,1
1002710,1
808591,1
99038,0
224111,1
947081,1
719147,1
1011073,1
670404,1
705412,1
170494,1
773756,1
871609,1
632897,1
384822,1
800306,1
858194,1
42780,1
509373,1
130153,1
994353,1
216752,0
677957,1
628412,1
612859,1
251014,1
198302,1
308132,2
482461,1
152007,1
352782,0
831869,1
995233,1
382817,1
200139,1
78871,1
227370,1
323265,1
977956,2
854220,1
865576,1
922237,2
806942,1
210923,1
436910,2
553697,1
413069,1
818792,1
361429,1
487521,1
837823,0
237090,1
868616,1
668805,1
604726,1
443334,1
595688,1
647420,1
320075,2
210082,1
236831,1
732575,2
312962,1
510203,2
477074,0
986660,1
91900,1
989252,1
326943,1
611418,1
366543,1
105490,1
540769,1
719606,1
705111,0
350579,1
361139,1
907717,1
503214,2
858491,0
135822,2
665996,0
922079,1
784990,1
330353,1
383531,1
531459,1
338481,0
336090,1
453957,1
611777,1
919677,1
257621,1
314854,1
847873,1
6436,0
488540,1
634705,1
455360,1
720644,1
381852,1
952076,1
880687,1
527616,1
48371,1
179866,1
621879,1
623374,1
217342,1
935190,1
934083,2
221200,1
629369,1
196429,1
90080,1
57993,1
818613,0
997040,1
97139,1
102400,1
387876,1
204601,1
872576,1
201840,1
953693,1
951747,1
444470,0
69062,1
688913,1
714461,1
100248,1
656433,1
518272,1
554339,1
212352,1
696965,1
303814,1
219029,1
721513,1
1007050,1
136863,1
669934,1
764372,1
125614,1
750487,1
822632,1
332117,1
355624,0
756911,1
805116,0
930898,1
780929,1
951170,1
90352,1
141209,1
149308,1
969573,1
467967,1
47118,0
802029,1
685448,1
279393,1
507214,1
816725,1
609576,1
422676,1
514221,1
732748,2
902462,1
161412,1
773448,1
1010894,0
900457,1
322334,1
183713,2
671148,1
375806,1
771570,1
679643,1
163571,1
780932,1
215605,1
939660,1
406256,1
423952,1
689099,1
362617,1
753031,1
248454,1
483880,1
26184,1
684472,1
781364,1
929933,2
302200,1
54709,1
370225,2
781870,1
768772,1
948244,1
77111,1
900002,1
733891,1
240245,1
535693,1
836008,1
492446,1
629967,1
618732,1
484548,1
899409,1
58341,1
435861,1
214163,0
204274,1
34879,1
820348,0
139675,1
672527,2
316012,1
833481,1
676989,0
656804,1
262102,2
863945,1
822669,1
158221,1
135792,1
242159,1
762804,1
417696,1
673403,1
398098,1
951435,1
57799,1
956807,1
286919,2
816431,0
736795,2
345702,1
49949,1
18682,1
287178,1
897377,1
520891,1
102543,1
743656,1
428117,1
90488,1
136324,1
1010935,1
623268,1
133901,1
57120,1
9446,1
650673,1
400702,2
490642,1
671984,1
1014153,1
293009,2
79814,1
57274,1
224647,1
260676,1
768952,1
67853,1
432763,0
696015,1
796753,1
877599,0
17667,1
66126,1
871124,1
521247,1
58293,2
298934,1
812006,1
251238,1
1015183,2
100509,2
692514,1
442090,1
1001999,1
854884,1
403705,1
955299,1
430163,0
577611,1
819757,1
490176,1
282698,1
433720,1
76503,1
816556,1
288777,1
78619,1
296095,1
922527,1
174609,0
442751,1
921478,1
395529,1
758652,1
92453,1
499063,1
466959,1
348837,1
645525,1
423299,1
815195,2
87228,1
477452,1
611759,2
452927,1
121001,2
179932,1
558937,1
323793,1
397963,1
412879,1
243718,1
226759,1
999200,1
693618,1
986161,0
277890,1
2652,0
451764,0
176049,1
455386,1
764871,1
274253,1
692143,2
610336,1
830325,1
634891,1
62401,1
684171,1
557202,0
5666,1
204270,1
292231,1
62559,1
635489,1
374908,1
103463,1
117903,1
894958,1
183210,2
224874,2
872763,1
913594,2
672523,1
474215,1
273113,1
222924,0
346684,1
624665,1
598720,1
166783,1
225608,1
929988,1
676952,1
379945,1
915651,1
840562,1
693676,1
744664,1
599941,1
794634,2
391862,1
128480,1
488504,1
884108,1
870042,1
414723,0
604047,1
233241,1
881662,1
414884,1
686441,2
770449,1
672897,1
901366,1
136595,1
751796,1
156737,1
585238,1
220625,1
720897,1
450569,1
730232,1
562464,1
347788,1
1673,1
628339,1
848401,1
398700,1
879106,1
560253,0
116799,1
355187,1
274987,1
807073,1
859247,1
966864,2
266355,1
990991,0
13957,1
691836,1
966842,1
576713,1
60571,1
463493,1
465749,0
533255,1
336939,1
20832,1
732025,1
852406,1
90220,1
991659,1
583647,1
59272,1
293261,1
396720,0
13278,1
776454,1
432859,1
933262,1
996403,1
983328,1
195758,1
902965,1
308213,1
44218,1
128620,2
253870,1
226780,1
398847,1
633098,2
697779,1
441002,2
910643,1
238190,1
521203,1
335567,1
596553,1
892688,1
492237,1
19827,0
642922,1
227851,1
712838,1
452233,2
87000,1
776843,1
633476,1
459287,1
896189,1
909025,1
819908,1
217683,1
919930,1
968792,1
506727,1
838882,1
418381,1
212521,1
861972,2
650839,1
865323,2
198371,2
882993,1
350454,1
715224,2
345148,1
947672,1
686016,1
100622,1
512704,1
449633,0
441853,1
128183,1
511259,1
827622,1
512513,1
631771,1
44555,1
281727,1
879487,1
24432,1
535848,1
769685,1
147441,0
507456,1
966233,1
1011664,1
790128,1
665350,2
591145,1
199310,1
914562,1
898448,2
783135,1
411591,1
597943,1
32484,1
539103,1
441600,1
668368,1
824337,1
391859,1
924895,1
229369,1
68531,1
807770,1
691094,2
471010,1
270305,1
665842,2
585377,1
306017,1
327247,1
138014,1
520826,1
277395,1
757552,2
582279,1
664214,1
223338,1
269002,1
662715,1
228416,1
436110,1
371406,1
690457,1
441626,1
449691,1
809545,1
942558,1
762895,0
848724,1
216147,1
106763,1
183548,1
26717,0
359330,1
952407,1
895856,1
142099,1
650677,2
339938,1
445981,1
764303,1
466937,1
795741,1
113679,1
208227,1
671104,1
162817,2
337514,0
459621,1
569221,1
50558,1
393031,1
278918,1
495603,1
905997,1
544765,1
239951,1
771413,0
900200,0
433636,1
215175,1
806638,2
628753,1
247259,1
352999,1
423710,0
50653,1
220889,1
849266,1
676707,1
788675,1
757314,1
6014,1
325308,2
293959,1
11863,0
570601,1
307241,2
725641,1
425400,1
1011327,1
577204,1
925779,1
214486,2
543977,0
289716,1
622649,2
824182,1
285466,2
10752,1
539037,1
862412,1
271687,1
719110,1
828627,0
1013185,1
30846,1
259924,1
520404,1
308121,1
504857,1
583533,1
445934,0
46780,1
834372,1
330805,1
337561,1
533318,1
251278,1
259153,2
916179,1
560660,1
77108,2
760747,1
818158,1
67615,1
762190,1
439524,1
349151,1
130674,1
950375,1
102389,0
312849,1
828784,1
501612,0
938319,1
487084,0
437746,1
347942,1
281756,1
190478,2
924129,1
400591,2
965470,1
18213,1
108996,1
518735,1
323166,1
840368,1
4379,1
158786,1
949674,1
607149,1
866191,0
72543,1
140549,1
815041,1
102026,1
856486,0
977369,1
1017871,2
144417,1
997880,1
744925,1
481141,1
433863,0
45882,1
968143,1
349379,1
418815,2
356504,1
515956,0
561056,2
216815,1
718160,1
597961,1
236321,1
979602,1
837779,1
239254,0
534520,1
746185,1
501315,1
99049,1
681088,1
42384,1
280014,1
937196,1
1012108,1
101010,1
810235,1
77584,1
556414,2
1011411,1
755994,1
728332,1
5909,0
504208,1
941436,1
703197,1
200212,2
173057,1
424876,1
906455,1
491698,2
359925,1
626465,1
400397,1
52835,0
607600,1
494969,2
446179,1
34923,1
293753,1
351202,1
491995,1
891290,1
866584,1
956362,0
1003175,2
600289,1
607390,1
699872,1
728237,1
938113,1
610945,1
544945,1
985326,2
40809,1
157837,2
243204,1
558207,1
969966,1
427930,1
872712,1
740532,1
667349,1
31964,1
275306,2
399132,1
730045,1
359693,1
578010,2
883822,1
21213,1
104893,0
954199,1
324556,1
212363,1
364156,1
281165,1
169526,1
352063,2
489233,2
263271,1
275526,1
35814,1
682104,1
481145,1
494037,2
86803,2
346002,1
191750,1
197004,2
558739,0
873911,1
827350,2
335938,1
671896,1
161937,1
54819,1
945308,1
36433,1
220980,1
856905,1
957590,1
153844,1
871348,1
442124,1
582800,1
720178,1
482876,1
110331,1
126886,2
719033,1
540116,2
729960,1
952432,1
687471,1
859162,1
9420,1
300837,1
195978,1
917323,1
1014227,1
253519,1
118397,1
485758,1
558467,1
150830,1
840742,1
21987,1
376058,2
252660,1
585564,1
133501,1
872257,1
839872,1
170490,1
809718,1
371453,1
869660,1
349698,2
886520,1
472396,1
392559,1
269589,1
201040,2
315738,1
551600,1
952755,1
922949,1
223374,0
996311,2
738470,1
86627,1
421880,1
841134,1
15540,1
562545,1
548769,1
518955,1
961177,2
658974,0
655292,1
909829,1
342244,2
701760,1
991648,2
413216,1
1005438,1
148794,1
727632,1
939697,1
498459,0
458282,1
439429,1
322437,1
816189,2
903342,1
966413,1
629,1
667749,1
811427,1
610082,1
31340,1
352731,1
973248,1
907999,1
75502,2
46906,1
284524,1
629882,2
666942,1
177956,1
839609,0
84654,1
326811,1
717042,0
930230,1
648061,1
975965,2
376281,1
421631,2
113950,1
547096,1
829433,1
1002307,1
747708,1
938322,1
968224,1
166596,1
429723,1
41556,1
1013567,1
375721,1
928084,1
46197,1
209338,1
160451,1
348491,1
530762,1
295472,1
548479,0
5659,2
405592,1
167579,1
332326,0
984291,2
876756,1
801905,1
827600,1
530465,1
464913,1
223330,1
628599,1
380826,1
767085,1
41259,1
836785,1
714447,1
705742,1
874893,1
160624,1
577963,1
965919,1
752034,1
763203,1
293126,1
182594,1
992836,1
13773,2
977538,1
285899,1
955116,0
803602,1
947793,1
567032,1
276916,1
28986,1
26313,1
552436,1
295355,1
882605,2
541692,1
1008077,0
606434,1
210765,1
26052,2
720039,1
48892,1
486157,1
370540,1
591314,1
157165,1
920396,2
991068,1
444614,2
433339,1
597279,0
129504,2
617180,1
953484,1
511291,1
243905,1
68102,1
371493,0
136827,2
652994,1
731736,1
234727,1
855599,0
205848,1
9516,1
794571,1
379651,1
805684,1
981285,2
22306,1
998030,1
602658,2
767980,1
1010645,1
114371,0
673414,2
540512,1
645859,1
810880,1
45493,2
287064,1
250699,1
952252,0
459401,1
774834,1
744631,1
207372,1
7448,1
123674,1
838798,1
865033,1
844328,1
926882,1
932764,1
576346,1
525841,1
170696,1
877830,1
955592,2
657555,1
948240,1
923623,1
368736,1
88478,2
186877,0
687875,1
578623,1
323771,1
676626,1
796302,1
606904,1
453649,1
432051,1
613353,1
78534,2
633722,1
369348,0
505010,1
249217,1
914371,1
507937,1
685107,2
806847,1
946161,1
779622,1
952164,1
6128,0
240296,1
296895,1
848445,2
815566,1
769678,0
583269,1
6795,2
333583,1
70978,1
563018,0
72323,1
975657,1
165959,1
293137,2
570986,0
751848,1
998261,1
32426,1
800643,1
150771,2
245385,1
889446,1
483121,2
660089,1
286331,1
815636,1
781742,1
77878,0
358708,2
218064,1
502206,1
307418,2
322532,0
531073,1
504215,1
1002714,1
752225,1
696000,1
16893,1
905586,1
163861,2
418701,1
570788,2
724651,1
895504,2
915729,1
543177,1
534777,1
331538,1
569937,1
679717,1
802670,1
15937,1
314553,1
894062,1
436620,0
890246,1
651715,1
821819,1
616392,1
1016511,1
993958,1
264038,1
727063,1
488034,1
546415,1
505872,1
117734,0
195886,1
718979,1
652998,1
846722,1
532801,0
616488,1
272398,1
128778,1
143966,2
715730,1
465756,1
768413,1
128642,0
762701,2
694556,1
132214,1
33625,0
357394,1
768200,1
1001676,1
550694,1
898891,1
122967,0
562945,1
238994,0
175257,1
569218,1
357992,1
353699,1
868399,1
228742,1
1015080,1
660184,1
1007139,2
558919,1
161261,0
955882,2
732120,1
874145,1
192193,1
736755,1
181388,1
309636,1
43161,1
401028,1
699667,1
302460,1
468593,1
548358,1
507012,1
829129,1
401479,1
765436,1
395969,1
360486,1
555839,1
448739,1
247442,1
81820,1
142642,1
697636,1
225262,1
113121,1
175958,0
817777,1
241767,2
446524,2
197727,1
696499,1
620908,1
220706,1
677601,2
34802,1
281480,1
735208,1
342897,0
702343,1
676581,2
139891,1
116135,1
9691,1
349140,2
204825,1
171257,1
594357,1
549803,1
100864,1
418037,2
357192,2
193411,1
267947,1
528309,1
478879,1
561089,1
793064,1
385988,2
410770,1
560697,1
461095,0
698589,1
870332,1
353390,1
873519,1
227727,1
720156,2
176382,1
169265,1
636219,1
417942,1
809923,1
139158,2
735640,1
236545,1
892042,1
394685,2
244601,1
92927,1
264137,1
386321,2
760497,2
737587,1
163113,1
128907,1
743836,1
116681,1
726253,1
995097,1
12248,0
891632,0
17351,1
241936,1
122350,1
12996,1
337693,1
350472,1
778672,0
396988,2
762370,1
703898,1
878640,1
973479,2
461998,1
529973,1
594782,1
202573,1
420447,1
600054,1
745353,1
101762,1
1000040,0
285998,1
385849,2
1633,1
812442,1
78750,1
807419,1
886160,1
60106,1
399998,0
622942,1
193590,1
635500,1
465073,1
874743,1
604311,1
976827,0
200003,1
4221,1
391918,1
74354,1
594298,1
670792,0
154687,1
136070,1
976562,1
372582,1
724622,1
314160,1
633160,2
578968,1
546224,1
673322,0
986639,1
470435,1
583504,1
56262,1
149601,2
600993,1
968929,1
310120,1
577790,1
444346,1
471399,1
703355,2
960004,1
981898,1
228580,1
966365,1
408133,1
868355,1
945270,1
29363,1
787810,1
661240,1
179055,1
130197,1
187250,1
28319,1
366921,2
260276,1
483587,0
473229,1
246155,1
73126,1
140732,1
17777,1
358553,1
351455,1
865091,1
265369,1
398513,1
812420,1
609873,1
3345,1
959156,1
366330,1
527490,1
672732,1
809992,1
174579,1
562581,1
1992,1
336535,0
278444,2
878105,1
179594,0
691744,0
817528,1
173196,1
454455,0
1002626,1
984365,1
735141,1
7132,1
1011235,1
919619,1
778078,1
938524,1
905575,1
820047,1
447844,1
771839,1
658714,1
189359,1
647846,1
716683,1
8265,1
475513,1
546385,1
1004730,1
600436,1
199028,1
892718,1
389353,1
549333,1
412406,1
363937,1
497311,1
721616,1
48735,1
82700,1
568473,1
96853,1
296279,1
802681,1
812648,1
926075,1
992146,2
32848,1
542811,1
182572,1
310762,1
935147,2
291249,1
498943,1
868043,1
950001,1
135271,1
373990,1
619296,1
679027,1
574935,1
841460,1
407114,1
637447,1
492093,1
502943,1
130377,1
77672,1
396904,1
618291,1
652433,1
713383,0
814103,1
35520,0
162112,1
416273,1
821994,1
710120,1
781492,1
609583,2
492361,0
910005,1
155240,1
552465,1
835836,0
424858,2
520569,1
510485,1
968015,1
603581,1
56578,1
157727,1
709199,1
245220,1
729814,0
834871,1
8690,1
614145,1
358656,1
233098,1
340286,1
779970,1
431586,1
18356,1
593620,1
290028,0
716261,1
283068,1
686544,2
373077,2
960440,2
86722,1
166718,0
986943,2
445307,1
693195,1
846575,1
592292,1
784323,1
978890,1
694219,1
77834,1
867699,1
863280,0
602173,1
901227,1
58084,1
97047,1
625839,1
826375,1
35355,1
980868,1
367764,0
637171,1
674877,1
877797,1
642830,1
514610,1
123722,1
614680,1
480555,1
890653,0
99555,1
803033,0
81864,1
314630,2
414008,0
13700,1
63772,1
715451,0
205525,1
758762,2
841879,1
471076,1
146521,1
838468,1
274338,1
854657,1
693104,0
45332,1
322019,1
607428,1
554100,1
780811,1
343337,1
927818,1
952117,1
353615,0
195266,2
630903,1
526666,1
590706,2
178469,1
511424,0
953462,1
230639,1
214185,1
5046,1
140471,1
521416,1
872785,1
604296,1
190115,2
760035,1
451427,2
286034,0
477221,1
745191,1
431520,1
629783,1
36642,1
624636,1
986356,1
76950,1
333084,2
558779,1
249983,1
478552,1
805893,1
519428,1
892732,1
588776,1
536742,1
741508,1
220243,0
728930,1
630789,1
755437,1
644274,1
722129,2
490756,0
490965,2
903144,1
134025,1
335570,1
236064,1
271108,1
507559,1
701180,1
812109,1
70497,0
159893,1
273164,1
755279,1
655560,1
156465,1
612099,1
915493,2
808214,1
891537,2
46685,0
976258,1
594108,2
751613,1
338812,1
525445,1
266535,1
582044,1
609819,1
949270,1
494785,1
612590,2
831821,1
367339,1
698901,1
426382,1
943218,2
753842,1
678213,1
1001317,1
840199,1
106628,1
403437,1
662740,1
907144,1
133116,1
246599,0
73742,1
420645,1
609510,1
309977,1
206463,1
928228,1
616983,0
797831,1
130209,1
968859,2
187658,1
572276,1
209554,0
867714,1
140332,1
354722,1
435340,1
443848,1
179936,1
827493,1
890675,1
488195,1
335754,0
739475,1
705423,1
891834,1
908817,1
473555,1
673513,1
74060,2
738706,1
666171,1
149780,1
836026,1
563766,1
452802,1
85174,0
455041,1
497924,1
922431,1
755110,1
484100,1
721472,1
975220,1
797222,1
666913,2
509513,1
478350,2
11838,1
959817,1
50367,1
406829,0
483855,1
202764,1
917374,1
97748,1
920260,1
479458,1
665563,1
244627,1
91838,2
48852,1
61301,1
669402,1
442887,1
903140,1
630110,1
970142,1
144707,1
225226,1
161393,1
59254,1
690509,1
950247,1
863934,1
479252,1
690592,1
577017,1
712991,1
926725,1
441846,2
685914,1
204876,1
865235,1
41295,1
467457,1
574708,1
584651,1
343348,0
552076,1
931976,2
730111,1
152069,1
346842,1
264746,1
83569,1
892336,1
116065,1
118548,1
948989,2
91258,1
100383,0
37683,0
992810,1
238851,1
266443,1
315767,1
857289,1
74552,1
536904,1
43158,1
707784,1
889871,2
417612,1
428355,1
127461,1
260438,0
651883,0
1016166,1
114672,1
412626,1
923641,1
431164,1
423460,1
937288,1
921782,1
284935,1
418349,1
431696,1
945791,1
880614,1
270224,1
630334,1
948020,1
533530,1
652804,1
284939,1
875858,1
21367,1
133288,1
151024,1
45266,1
486700,1
23329,1
51809,0
684737,1
179495,1
694596,1
368842,1
573783,0
183753,1
579907,2
789625,1
531558,1
644791,1
461943,1
75601,1
434736,0
81732,1
615003,1
230055,1
274624,1
771691,1
44915,1
738324,1
834963,1
711712,1
365106,1
963458,1
361171,1
568349,1
765535,1
344907,2
982686,2
83671,1
404548,1
176324,1
35050,2
893256,1
241866,1
189322,1
859108,2
655043,0
753145,1
257838,1
1000363,1
469161,0
248528,1
187728,1
619502,1
100163,1
213382,1
762327,1
327324,1
555284,1
677421,1
750803,1
948963,1
378119,1
862926,1
853737,1
324640,1
92589,1
367724,1
360002,2
823383,1
500369,1
554650,1
557547,1
104868,1
952931,1
626106,0
39238,1
144798,1
751961,1
955105,2
26177,1
156582,1
437643,1
775259,1
711774,1
68029,1
641826,1
32327,1
309470,1
739325,1
759019,2
599402,0
423284,1
1008477,1
127296,1
846355,1
92952,1
235089,1
446249,1
965049,1
604128,2
193510,2
556898,1
788055,1
590115,2
51618,1
553804,1
846377,0
12372,1
732270,1
891096,2
764549,1
916304,2
740701,1
2131,1
1011565,1
616664,2
1005834,1
553547,2
911736,0
676240,1
497160,0
750315,1
647622,1
613962,1
604982,1
720211,1
270851,1
727889,2
817968,1
636141,1
390535,0
980622,1
556399,1
860737,1
734180,1
911299,2
290255,1
914915,1
428917,1
610141,1
1014058,1
916340,0
986118,1
648700,1
579738,1
456842,1
27020,1
948912,1
77368,1
870431,1
867839,1
612727,1
280267,1
975899,1
192414,1
376139,1
694923,1
750490,1
383249,1
792207,1
938711,1
829815,1
463318,1
979880,1
75993,0
580754,1
640708,1
870655,1
553679,1
34251,1
883929,1
927337,2
82917,1
130483,1
71425,1
902709,1
705973,1
905689,2
872617,1
285664,1
695502,1
909887,1
563869,1
999,1
721212,0
167021,1
287828,1
34916,1
917606,1
155585,1
439670,1
674301,1
607527,1
808849,1
128686,1
211432,2
752988,1
887231,1
924800,1
917620,1
522875,1
539954,1
284906,1
94503,1
823806,1
402205,1
819445,1
654413,1
790289,1
11746,1
883107,1
363508,0
832466,1
636974,1
227242,1
507177,1
744903,1
51643,1
621134,2
834538,1
124547,2
832349,1
820414,1
884753,1
522075,1
621864,1
215131,1
110768,1
711594,1
499188,0
925397,1
1011136,1
35003,1
416864,1
549568,1
992274,1
730698,1
554463,1
516902,2
149535,1
398818,1
717516,1
835373,0
20043,1
467109,0
973952,1
320662,1
814231,1
245231,1
692877,1
714762,1
169272,1
41181,0
1005070,1
60216,1
501450,1
219010,1
990926,1
489758,1
334852,1
384727,2
830097,1
674767,1
962563,1
608986,0
888012,1
101209,0
156575,1
160400,2
355370,1
631166,1
231283,1
320460,0
392302,1
977071,1
64072,1
456233,1
557408,1
956289,1
136085,1
263550,1
697672,1
715367,1
203567,1
8078,1
774900,0
474963,1
624537,0
312162,1
122651,0
355073,1
454558,1
750517,1
46825,2
160796,1
114526,1
481545,1
624115,1
638620,1
944772,1
389599,1
877173,1
581414,1
893663,1
93021,1
433409,0
691575,1
64605,1
716610,2
121339,1
446047,1
768145,1
845082,1
886223,1
820890,1
971972,1
941652,1
1002691,1
309845,2
322800,1
374287,1
769575,2
611160,1
783256,1
529306,1
394351,1
938960,1
626898,1
833849,1
322767,1
404049,1
200245,1
186037,1
709580,1
257137,1
84555,0
975004,1
397794,1
187980,1
907724,1
569566,1
409482,2
669435,2
430556,1
341393,1
129940,1
825918,0
141670,1
601914,1
700745,0
206360,0
160907,0
674327,1
860722,1
949348,1
991909,1
872859,1
513873,1
247600,0
711646,1
271940,1
879575,1
588787,1
626524,2
701731,1
582404,1
372205,1
43837,1
486689,1
819221,1
838761,2
39829,1
739923,1
344507,2
159978,1
753383,1
344671,1
139246,1
819034,1
29598,1
584402,2
335523,1
123076,1
124154,2
235504,1
303120,1
435319,2
977053,1
619333,0
228603,0
386127,0
699197,1
496291,2
425855,1
443246,1
824388,1
136247,1
320307,1
669028,1
710696,1
180790,1
802355,0
708462,1
699876,1
699579,1
402050,1
608564,1
696059,2
730973,1
689015,1
521735,1
74383,1
668360,1
32561,1
521081,1
239643,1
1893,1
697995,2
119677,1
299337,1
139257,1
82205,1
23347,1
493223,1
184486,2
806175,2
950081,1
33885,1
895911,2
906532,1
752001,2
405064,1
402447,1
1007351,1
130018,1
130670,1
962820,1
272006,0
111457,1
878512,1
140860,1
385104,1
709717,1
207725,2
156171,1
724787,1
874358,0
672938,1
447837,1
587470,1
637612,0
623257,1
714032,1
37610,1
276453,0
519992,1
208340,1
693775,1
364864,1
133691,1
712379,1
340958,1
299887,1
820780,1
942095,2
362448,1
133453,1
596425,1
669321,1
967982,1
174399,1
399392,1
272978,1
734485,2
766080,1
49464,2
605055,2
602045,2
829293,1
994416,1
232196,1
655719,2
685253,1
542073,1
26793,1
550973,1
610622,1
930300,2
984897,1
662047,1
119750,1
392085,1
342916,1
746134,1
869080,1
429473,1
900570,1
101465,1
323423,1
922761,1
356496,2
570502,0
128770,1
369649,1
994896,1
622528,0
797592,1
540563,1
925049,1
69297,0
346310,1
979411,1
267635,2
119666,1
567113,1
57403,2
1007209,1
345159,1
687372,1
842362,2
284113,1
906514,1
439634,1
388107,1
827215,1
542330,1
415328,1
273351,1
897931,1
538007,1
305559,1
751628,1
431010,1
941582,1
236105,1
403040,1
438163,1
171114,1
670734,1
883668,1
590845,1
55580,0
444030,2
620885,1
1006200,1
72136,2
269941,1
987467,1
665248,1
404584,1
44467,1
920657,1
415463,2
74868,1
490628,1
1002912,1
265765,1
706259,0
732395,1
663301,1
678532,0
589447,0
184170,1
919747,1
890415,1
86007,1
83073,1
629280,1
910728,1
731053,1
541939,2
633252,1
858466,0
416394,0
459070,1
647927,2
456721,1
412105,2
583210,2
808298,1
946954,2
358829,1
835571,1
434390,1
587816,1
109164,2
732861,1
59724,1
659597,1
844243,1
731211,2
689536,1
253188,1
999945,1
690790,1
641363,1
20960,1
418147,1
336872,1
809666,1
320259,1
467691,1
759107,1
791459,1
706097,1
42043,1
823732,2
98202,1
404643,1
770324,1
662557,1
758755,1
135628,0
77966,1
657016,1
375031,1
602661,1
913066,1
594698,1
293427,1
431337,1
736946,1
47701,1
709492,1
448081,1
15870,1
387557,1
117693,1
32826,1
22463,2
111765,0
93120,0
429422,1
330809,1
504912,1
784921,1
762994,2
330768,1
483293,1
392218,1
890969,1
202915,1
947885,1
26368,1
56501,1
586675,1
423240,1
878181,1
978106,1
864623,1
123832,2
473973,1
127193,1
722639,1
688579,1
224056,1
176397,1
264258,1
243585,1
937017,1
964891,0
310047,1
319642,1
255818,1
933835,2
173640,0
376641,1
849589,1
590470,1
52123,2
992029,1
348462,1
403587,1
690916,1
127641,1
536955,1
688836,1
287413,1
168356,1
197925,1
710186,1
825606,1
127997,2
750461,1
733921,0
831443,1
364578,1
92985,1
474790,1
200579,1
246959,1
668092,1
331017,1
119178,1
935062,1
326613,1
100039,1
945975,1
361087,2
427651,1
363005,2
717556,1
166622,1
584750,2
638022,1
887301,1
55739,1
890529,1
331431,1
122721,1
239915,1
612756,1
932735,1
258208,1
260335,1
198809,1
981711,1
821378,1
292792,1
402979,1
338544,0
905773,1
187816,0
875685,1
718612,0
960697,2
412332,2
576191,1
194180,1
692271,1
821880,1
351819,1
798711,1
125078,1
600047,1
728028,1
958508,1
265204,2
417928,1
173578,1
792371,1
607523,0
840445,1
109784,1
723683,2
726110,2
678491,1
642904,1
626355,1
807334,1
536034,1
340613,1
938252,1
480849,1
202584,1
422302,1
440313,1
124525,1
788774,1
271607,1
613654,2
638349,1
553235,2
9372,1
516472,1
807954,1
534942,1
782688,1
718784,0
914258,1
941939,1
462005,1
12930,1
225783,1
799088,1
209675,0
436727,2
76143,1
591714,1
69279,1
981355,1
102381,0
430978,1
964903,1
871315,1
245811,1
433603,1
170090,1
571565,1
837416,1
392452,1
622964,1
772432,1
329131,0
512759,2
43880,1
805501,0
311774,0
442344,1
381834,1
587218,1
1014975,1
705481,2
732799,0
997381,1
63710,1
969757,0
881013,2
157983,1
990225,0
89589,1
106415,1
426973,1
666821,1
323485,1
212914,1
766499,1
748774,1
527128,1
302358,0
519673,1
732986,1
22533,1
294996,1
894480,0
1005533,2
751455,1
151530,2
339024,1
78592,1
303957,1
830648,1
595204,1
64719,1
774526,1
838538,0
912942,1
110940,0
481390,1
844816,1
434776,2
720501,1
633447,1
69044,1
484108,1
230448,1
45248,1
525621,2
562596,1
284285,1
847785,1
724347,1
93733,2
87158,1
105913,1
291670,1
915336,1
943548,1
6692,0
566130,2
1016508,1
771725,1
20964,1
531440,1
643453,1
968639,1
870637,2
954463,1
535437,1
980329,1
856941,1
192113,2
606052,1
333228,1
828861,1
617782,1
180387,1
323478,2
434802,1
651564,0
690248,1
3954,1
755796,1
741188,1
830181,1
777239,1
664122,2
124345,1
950126,1
263484,1
743766,1
940,1
208201,1
630352,1
460663,1
319877,0
870442,2
944853,1
983735,1
926181,1
27718,1
253067,1
479315,1
898408,1
471571,0
846719,1
483378,2
99430,1
445310,2
481608,1
717471,1
239302,1
181311,1
406667,1
499210,1
223019,2
568015,1
765252,1
27482,1
180134,1
643,2
258035,1
582613,1
476110,0
852156,2
249873,1
920198,1
649529,1
855294,1
868906,1
58271,2
511534,1
525328,1
891001,1
612448,1
442337,1
659238,0
738195,1
684252,1
990687,1
95591,1
263235,0
675166,2
421293,1
474673,1
639313,1
494873,1
7532,1
40724,1
13487,1
663781,1
272354,2
895423,1
160356,1
166794,1
517213,1
109546,1
83198,0
988600,1
589858,1
450389,1
590757,2
406241,1
888254,0
85105,1
280560,1
612118,1
698457,1
594030,1
294262,1
894561,1
380734,1
840694,1
916256,1
517642,1
853186,1
150614,1
243347,1
293793,1
654424,1
618482,1
260698,1
341625,1
345397,1
809831,1
509399,1
727221,0
855317,1
645275,1
403693,1
718425,0
203013,1
73342,1
306611,1
398003,1
418118,1
990009,1
379769,1
157587,1
508651,1
620100,1
49512,1
516454,1
407473,1
623613,1
244542,1
778195,2
912458,1
28377,1
433489,1
442212,1
489390,1
993066,1
362499,1
949920,1
350942,1
675694,0
407972,1
250039,2
357835,1
634338,1
106635,1
558078,0
489974,1
345449,1
710795,1
954229,1
636699,1
942965,0
848287,1
768336,1
494286,1
795668,1
403183,1
434743,1
520565,0
769924,0
710670,1
848427,1
710252,1
547522,0
209525,0
790814,1
890862,1
835975,1
613016,1
607424,1
209910,1
530311,1
885549,1
129775,1
454734,1
709346,1
129416,2
671676,1
743579,1
465660,1
813517,1
142404,1
963528,1
482704,1
470105,1
713736,1
961258,1
142183,1
864568,1
626373,1
156715,1
815966,1
636750,1
616701,1
946969,2
828164,0
87275,1
133071,2
574737,1
781096,1
123579,2
470978,2
685705,1
179620,2
296745,1
107577,1
754612,1
560840,1
468920,1
933945,1
173619,1
310700,1
484991,1
988783,1
37126,1
186246,1
362004,1
255696,1
880717,1
855225,1
127630,1
662340,1
825253,0
1012405,0
100523,1
415108,1
123865,1
53957,0
999343,1
183544,1
49262,1
426911,1
767966,1
86407,0
606672,1
245590,1
651678,1
20450,1
332645,1
763409,1
791950,0
267741,1
239540,1
670033,1
251003,2
540428,1
65051,2
241646,1
580314,2
846979,1
127825,1
609880,1
645190,0
183614,1
306574,2
772326,1
869613,2
326716,1
166468,1
855298,1
448492,1
623419,1
174964,1
430413,1
179697,1
687747,1
950401,1
781672,1
262094,1
626494,2
761098,1
814477,1
479447,1
947922,1
995882,1
784363,2
504222,1
64656,0
805871,1
1014829,1
671346,1
122314,1
611447,0
28616,1
740613,1
260500,1
457663,0
927029,1
973721,1
535741,1
632343,2
108336,1
423626,1
310869,1
947962,1
888966,1
680292,1
335347,0
556609,1
258468,1
500516,1
973138,2
363092,1
736784,1
336047,1
910232,0
532140,1
29866,1
392368,1
972430,0
109968,1
407345,1
486230,1
192315,1
74387,1
445783,1
102136,1
697984,1
407705,0
466397,1
867545,1
907041,1
62379,1
635951,1
14444,1
356104,2
882050,1
960415,1
168550,1
699780,1
917873,1
1014979,0
373602,2
344316,1
564125,1
434288,1
687255,1
682580,1
801394,1
680993,2
872983,1
217658,1
677953,1
878563,2
506129,1
688241,1
766165,1
325689,0
835146,2
970274,2
679537,1
226854,1
500615,1
377734,2
617371,1
804948,1
428094,1
782383,1
405688,1
846245,0
979011,1
218152,1
616235,1
812479,1
480779,1
953855,1
747472,1
878996,1
451092,1
650619,1
180604,1
58833,1
274529,2
586712,1
77573,1
405035,2
493414,1
107423,1
374500,1
404401,1
426412,1
18143,1
973303,1
58224,1
272453,1
340176,1
190261,1
950364,1
670888,1
755521,1
464179,1
793244,1
913264,1
315022,1
144053,1
273377,1
698383,1
616903,0
59339,1
136591,1
361887,1
350205,0
529276,1
605701,1
841776,0
442205,1
822515,1
470831,1
727768,1
604094,0
910878,1
949692,1
128774,1
164242,1
845721,1
215520,1
24685,1
322855,1
902055,1
723782,0
967612,1
274055,2
946033,2
617463,1
815984,1
119093,1
478941,1
23648,1
457366,1
447000,1
349962,1
916748,2
850954,1
521218,1
1014560,2
933226,1
135925,1
91955,1
963487,1
183434,0
548200,1
445909,2
237311,1
567865,1
676949,1
436840,2
15191,1
157594,1
839766,1
891085,1
70244,1
471490,0
940101,1
121317,1
77845,2
909957,1
933644,1
798568,1
588060,1
905388,1
155189,1
193448,1
173817,1
539338,0
905418,1
609400,1
140497,1
458943,1
263158,0
324949,1
822988,1
381085,0
774694,1
691407,1
650031,2
475227,1
917954,1
91621,1
633663,1
200472,1
508369,2
495416,1
236284,1
312478,1
578689,1
341728,1
182110,1
395851,1
957624,1
484812,1
501311,1
904578,1
224243,2
810044,1
858554,1
586781,1
775530,1
668995,2
617911,1
100608,2
596384,1
583108,1
483172,1
520334,1
751781,1
77100,2
359125,0
807107,1
618424,1
801068,2
426133,0
855838,1
736557,1
605426,1
459856,0
9831,2
114643,1
771156,1
485093,1
333448,1
632006,1
842920,1
724219,1
366367,1
990863,1
62683,1
582976,1
387832,1
523744,2
279948,1
135275,0
269732,1
932809,1
621035,1
793497,0
617155,1
624203,1
800746,0
918148,1
703476,1
680403,1
802072,0
668753,1
105744,2
63204,0
788062,1
762165,1
770199,1
357695,1
128749,1
160642,1
453612,2
725315,1
357787,1
402571,1
236501,1
872176,1
185146,1
939367,0
909715,0
723306,0
211535,1
319789,1
884173,1
490895,1
110386,1
438923,1
924411,1
81608,1
159130,0
538333,1
871649,2
898565,0
31993,1
46270,1
13979,1
693188,1
779978,2
761788,1
829635,1
890349,2
314285,2
669237,0
124602,1
809772,1
115619,1
477313,1
664944,1
398436,0
140295,1
765377,1
134113,1
114438,1
733202,2
441783,1
739512,1
32026,1
273337,1
878981,1
85170,1
970131,1
323515,1
1006666,1
150782,1
310733,1
48661,1
955901,1
796768,1
141960,1
960385,1
193051,1
463273,0
961823,1
954551,1
665002,1
744976,0
113301,1
386068,1
673744,1
427640,1
629758,1
538762,1
559538,1
335512,2
25019,1
179671,1
731350,1
824263,1
950690,1
149061,2
954944,2
65910,1
63981,1
59816,1
110951,0
414066,1
505263,1
319855,1
537721,2
445545,2
553253,1
315770,1
50088,1
120400,0
741184,1
805783,1
786057,1
614336,1
804001,1
355194,1
351774,1
304550,2
304323,1
19962,1
938623,1
268562,0
403327,1
75072,1
656491,1
17047,1
857263,1
476301,1
462779,1
496824,1
520103,1
523722,1
344077,1
999350,0
833816,1
36363,1
506954,2
492509,2
900259,1
874923,0
719507,1
956597,1
719525,1
432136,1
901964,1
537846,1
903650,2
519039,1
409688,1
228096,1
741085,1
266216,1
751011,2
565250,1
937864,1
362932,0
507849,1
869356,0
272710,1
937082,1
854011,2
702215,1
565984,2
418712,1
584538,2
231056,0
245822,1
113961,1
129140,1
542594,0
108064,1
612561,1
406773,1
439645,1
973552,1
756933,1
178579,2
567014,1
442557,2
242548,1
146433,1
92307,1
445075,1
238950,1
270491,1
710777,1
525218,1
353420,0
84067,1
177424,1
240175,1
249415,1
187607,1
695311,1
630697,1
889680,1
597789,1
102301,1
437591,1
448159,1
495324,0
897748,1
409608,1
8236,1
150690,1
887011,1
990728,1
491191,1
563278,0
93292,1
641884,1
880405,1
437867,1
553491,2
477342,1
641095,0
408508,1
885105,1
545715,1
554382,1
1010807,1
598919,1
671698,1
173468,1
887426,1
787142,0
546206,1
968576,1
809699,1
570090,1
815379,1
300664,1
502561,1
984057,1
892439,0
130560,1
612628,0
318696,2
793028,1
574502,1
217470,1
917341,1
66793,1
893315,1
286184,1
178696,1
330874,1
175374,2
43172,1
728262,1
852372,1
904916,1
437478,1
161070,1
62423,1
661835,0
676464,2
640931,1
585652,1
126192,1
719675,1
696914,1
336711,1
472080,1
521449,1
196083,1
176041,1
817036,1
517811,0
609389,0
146404,1
757208,1
744888,1
249055,1
724259,1
563421,1
623796,1
826470,2
553903,1
337587,1
470174,1
683981,1
698046,2
631115,2
438420,1
122383,2
841860,0
862797,2
910434,1
367625,1
786358,1
110081,1
533949,1
682845,1
466140,1
356984,2
766129,1
1004679,1
905722,1
971279,2
373279,1
537509,1
853498,1
873496,1
538803,2
754447,1
713226,1
955648,1
494499,1
914393,1
603798,0
484915,1
578766,1
535763,1
784305,1
181795,2
211230,1
671063,1
388983,1
570054,1
729494,2
367706,1
347171,1
865473,1
523036,2
725090,2
684535,1
1004026,1
28836,1
885794,2
681404,1
90150,1
801578,1
968668,1
64087,1
271148,1
528903,1
169184,1
152388,0
333466,1
313002,1
795660,1
977790,1
567234,1
674367,0
344781,1
454682,1
148864,1
30758,1
955204,1
613904,1
668768,1
292682,1
401714,0
550573,1
210273,0
101810,2
465062,1
327690,0
889013,1
909708,1
303007,1
225941,1
207600,1
710270,1
533930,1
356566,1
145883,1
363618,1
941216,2
421686,1
837397,1
977563,1
907166,1
710733,1
587827,1
992894,1
557422,1
181131,1
782226,1
149490,1
554948,1
761847,1
855904,1
67277,1
904989,1
159707,1
26166,1
978029,1
318399,1
445538,1
536933,1
921225,1
469804,2
342673,1
567227,1
1013303,2
218329,0
479649,1
907764,0
500981,1
420494,0
76008,1
647013,1
394704,1
224335,2
960091,2
595824,2
147360,1
560374,2
542378,1
833764,1
402777,1
494400,0
372377,1
844922,1
441967,0
444555,2
679210,0
317369,2
652459,1
384008,0
411629,1
987254,2
540879,1
441431,1
455283,1
957172,1
803484,1
538384,1
10183,1
858095,1
824458,1
922314,1
581326,2
769719,1
587702,1
852435,1
490136,0
750810,1
400500,2
456295,0
752522,1
940552,1
832837,1
853454,1
121944,2
165621,1
520943,1
973806,1
408214,1
661237,1
82858,1
280223,1
168800,1
32774,1
575426,0
220151,1
205679,1
966581,1
199280,1
479278,1
740932,1
495470,1
775783,1
836837,1
1006684,1
991288,1
981179,1
687556,1
131936,1
914195,1
15162,1
180255,1
633094,0
37272,1
231746,1
499607,1
754036,0
812974,1
456684,1
986305,1
552344,2
552128,1
380143,1
808650,1
986381,1
826108,1
406340,1
599101,1
885879,1
213504,1
436161,1
902785,2
466636,1
578869,2
532904,0
39003,2
461125,1
357673,1
515057,1
51409,1
167054,1
134458,1
576849,1
35634,2
270815,1
721436,1
984329,1
943526,1
724831,1
287776,1
355961,1
397079,1
860061,1
315055,1
21282,1
982815,1
875740,1
852835,1
641147,1
375680,1
696022,1
763559,0
45310,2
843660,2
130858,1
819115,1
446960,1
184211,1
746578,1
876653,2
382967,2
313516,1
362194,0
405718,1
184482,2
925896,2
154485,0
454341,1
488375,1
513323,1
441592,1
624809,1
805846,1
539671,1
1006222,0
260922,1
193224,0
709236,1
373752,1
984295,2
796687,1
651498,1
14848,1
273902,1
420957,1
315572,2
431090,1
809945,1
17234,1
634011,1
1001335,1
969669,1
908934,1
336124,1
808258,1
564040,1
568048,1
336759,2
382,1
971778,2
600065,2
453036,1
126398,2
784620,1
497366,0
457351,2
219337,1
897281,1
392353,1
148347,1
375365,1
858305,1
700697,1
937831,1
930663,2
149678,1
258721,1
951079,2
609026,1
828829,1
892501,1
352717,1
293452,1
624236,2
586693,1
829370,1
462199,1
102624,1
333569,2
978377,1
794502,1
225992,0
115071,0
736186,1
4063,1
32099,1
543771,2
692723,0
755301,1
379512,1
283989,1
474079,1
741988,1
341009,1
130025,1
49776,1
532074,1
678716,0
471380,1
745140,1
389096,1
69008,0
225082,1
820553,1
352786,2
805882,1
48023,1
880313,1
927032,1
260261,1
943793,0
761506,1
775017,1
396629,1
667378,1
23152,1
520536,1
466148,1
144145,2
333947,1
313390,1
798931,0
541186,1
317082,1
980945,1
377826,1
807855,2
695531,2
549414,1
117837,1
583614,1
672167,1
450675,2
888959,0
96417,1
543173,1
44690,1
295337,1
285525,1
360101,1
80210,1
523384,1
243127,1
306644,1
163069,0
45358,2
224669,1
780121,1
274275,1
592069,1
485127,2
774889,1
543580,1
294215,1
199200,1
98282,1
435807,1
450349,1
85912,1
646834,1
979639,1
53634,1
320240,1
702057,1
1003520,1
106653,1
297126,1
193334,1
220195,1
409516,1
644597,1
1012782,1
19122,1
834116,1
416028,1
885145,1
792137,1
869859,1
375596,1
377660,2
551743,1
96747,1
301089,1
62265,1
741162,1
125973,1
665941,1
287970,1
904057,1
930553,1
235849,0
644733,1
631702,1
395268,1
765087,1
412141,1
464050,1
1004972,1
686753,1
11955,0
9295,1
667235,1
67949,0
702864,1
165915,0
451096,1
589722,1
523395,2
3554,1
783513,1
140031,1
631812,1
585498,1
613533,1
918919,0
564763,1
492383,1
417575,1
505106,1
641198,2
107438,1
243567,1
340907,1
680164,1
867398,1
426258,1
147089,0
725333,1
62757,1
73816,1
244384,1
11669,1
93142,1
428223,0
849295,1
913440,0
278495,1
309922,1
525610,1
796694,2
1001955,1
559673,0
922097,1
324075,1
701955,1
983346,0
101964,0
155721,1
609381,0
596784,1
890408,1
94473,1
485060,1
879072,1
179921,1
678147,1
802649,1
794252,1
329726,1
891584,1
942356,1
859977,1
233902,1
591057,2
641679,1
793509,1
984303,1
228104,1
767636,1
442395,0
557352,1
485237,1
663789,1
142712,1
287839,1
779398,1
445941,0
517631,1
257904,1
271353,1
440199,1
385500,1
74310,1
730849,1
474105,1
951039,1
329421,2
805637,1
158698,1
579426,2
596421,1
780891,2
307960,1
858136,1
484089,1
850312,1
712607,1
623099,0
379240,1
216891,1
8904,1
399044,1
135327,1
329483,1
730409,1
946635,1
986019,1
584318,1
810323,1
238613,1
707391,1
674705,0
803558,0
484845,1
599127,1
460755,0
672648,1
855287,1
1016629,1
157132,1
382640,1
171015,1
572959,1
388763,1
641260,1
567131,1
35425,1
985971,1
108549,1
803918,1
968484,1
123542,1
164804,1
359477,1
152003,1
461800,1
762400,2
937761,1
581252,1
390252,1
672046,1
935635,1
188941,1
463893,1
875212,1
244058,1
984842,1
922596,1
393453,1
735909,1
178050,1
157815,1
93649,1
115200,0
905319,1
879982,1
709195,1
921056,1
12934,1
1007102,1
341052,1
639607,1
410855,1
586918,1
117998,1
753156,1
312881,2
15508,1
398292,1
477151,1
656884,1
284432,1
3147,1
101241,1
264481,1
62889,1
399822,1
375879,1
239566,1
565195,1
374467,1
566086,0
286797,1
715242,1
769795,1
214527,0
947456,1
499595,1
728673,1
921944,1
979143,1
667345,2
533839,1
651832,1
109777,0
460443,1
288278,1
278859,1
344363,1
260151,1
618512,2
745317,1
609499,1
396896,1
526024,1
131008,1
848544,1
974007,1
264515,1
492622,0
64384,1
880849,1
447613,1
581924,0
802359,0
515152,1
567593,1
638488,1
596546,0
148824,1
931367,1
625886,1
41875,1
786967,1
695216,1
10235,1
753992,1
780198,0
809725,1
888283,0
64641,1
25723,1
571073,2
273836,1
906745,1
544769,1
27860,1
731574,1
451940,1
468216,1
80393,0
254024,1
219476,1
923399,1
731662,1
869510,1
208179,0
467754,0
267617,1
297647,1
995325,2
45130,1
56398,1
582415,1
624012,1
577600,1
352283,1
84647,1
883895,1
953734,1
851650,0
604216,1
864939,1
509913,1
829073,1
488991,1
867549,1
74277,1
814220,1
444757,1
627381,1
67592,1
911068,1
423064,1
923946,1
184354,2
957679,1
937945,1
879894,1
930645,1
531473,1
930399,1
377110,1
919013,0
77489,1
699634,2
543629,1
795925,1
942576,1
822067,1
907562,1
961922,1
87819,1
475766,1
861136,0
574780,1
738272,1
922732,1
339633,1
999189,1
174124,0
286951,1
206636,1
631016,1
87073,1
468733,1
644968,2
932049,0
595152,1
1003979,1
714818,1
495643,1
215461,1
872114,1
9413,1
753835,1
175352,1
186228,1
676475,1
553969,1
89192,1
272431,1
486869,0
164198,1
270000,1
517301,1
864667,0
383069,1
582532,2
934061,1
932218,1
825532,1
634297,1
404382,1
47389,1
998632,1
539271,1
567968,1
907023,1
869231,1
360611,1
294604,2
759929,2
390142,2
877005,0
935822,1
778760,2
644094,1
48250,1
314319,1
43653,1
877229,1
826401,1
842238,0
420928,1
201936,1
215803,1
341526,1
734074,1
434130,1
265211,1
269813,1
221163,1
876547,1
361146,1
315206,0
704000,1
526343,2
754223,1
305012,1
788635,0
14455,1
570696,1
807587,1
313934,1
733738,1
757280,2
314263,1
505957,1
360600,1
539242,1
938692,1
82894,1
770492,1
902440,1
79917,1
839920,2
303872,1
529940,1
614644,0
199064,1
464164,0
483833,1
24917,1
825073,1
417609,1
981641,2
51690,1
2964,1
295098,2
1009052,1
308293,1
84243,1
573523,1
284212,1
509722,1
87147,1
206342,1
266597,1
831638,1
233054,1
917532,0
542286,1
961225,1
640315,1
76778,0
539381,1
364149,1
682140,1
873610,1
350902,1
447246,1
970340,1
403491,1
394120,0
1001056,1
14734,1
515897,1
360178,1
173211,1
28942,1
760952,1
613805,2
258659,2
945818,1
259296,1
810316,1
172973,1
592832,1
555390,0
684704,1
467024,2
530461,1
216668,1
790641,2
325931,1
578054,1
847220,1
387326,1
765939,1
801259,1
236747,1
875784,1
362011,0
211418,1
745654,1
592858,1
515453,2
695047,1
432536,1
328909,2
566556,2
472044,1
23071,1
316441,1
745030,1
343506,1
309504,1
994184,0
288032,1
142620,0
1017219,1
687394,1
392775,1
1004444,1
988909,0
487701,1
513305,1
15896,2
733349,1
738980,1
985050,2
789690,1
175381,1
67376,2
364336,1
813564,1
262605,1
17227,1
804195,1
138975,1
46061,0
473027,1
1009449,1
451881,1
751837,1
675023,1
13197,1
608890,1
986804,1
933013,1
196894,2
955460,1
917433,2
444405,1
583786,1
803961,1
662818,1
312827,1
532900,2
98848,1
720813,1
463699,1
301731,1
86788,1
773826,2
716250,1
798502,1
291476,1
237748,1
341357,1
661376,1
196359,1
488735,1
1017482,2
381159,1
865378,1
801130,1
409028,1
419760,1
907595,2
334771,2
466427,1
121485,1
727445,1
597107,2
706886,2
354083,2
183092,1
225064,2
986958,1
434307,1
162813,1
2517,0
38608,1
873713,1
583283,2
617760,2
768699,2
846850,1
977262,1
1016092,1
220801,1
53942,1
932148,1
504776,1
57939,1
554397,1
290329,0
358667,0
491386,1
522992,1
768567,2
614310,1
1013949,1
331736,1
296734,1
246669,1
433849,1
960811,1
257243,1
986150,1
253126,2
275669,1
44261,1
401860,1
892174,1
1005423,1
449006,1
571543,1
991732,2
253889,2
87976,1
129867,0
524253,1
209671,1
153628,1
939499,1
179415,1
900299,1
848049,2
750751,1
944589,1
748804,0
746945,1
219975,1
103775,1
735486,1
546639,1
861851,1
22294,1
34020,1
277212,1
95919,1
169540,2
981931,1
256770,1
362705,1
422870,0
640670,1
259964,1
575194,2
688681,1
530069,1
932511,1
356401,1
129122,1
132261,1
392658,1
886678,1
611513,2
18095,0
786934,1
981340,0
558397,2
717053,0
511200,1
965786,2
804302,1
366796,1
930120,1
831359,1
411427,1
856512,1
30303,1
419126,1
363287,1
188970,1
381298,2
742350,1
7334,1
866647,1
210882,1
90851,1
903614,1
81420,1
659876,1
975910,1
769638,0
23707,1
682276,1
313893,1
229390,2
539309,1
216880,1
473137,1
686456,0
993455,1
577,1
503067,2
904215,0
685877,1
55562,2
609895,1
361663,1
372748,1
285796,1
474534,1
322624,1
525672,1
291069,1
175965,1
272240,1
861316,1
260221,1
380103,1
99005,2
705254,1
539275,1
222858,1
12079,2
592890,1
223918,1
817186,1
588512,1
231584,2
18848,1
639386,1
362437,1
681455,1
1008213,1
944390,1
860623,1
965313,1
17421,1
927106,1
988361,1
913495,1
192326,0
418693,1
215245,1
536126,1
581674,1
767805,2
777187,0
239661,1
111974,1
735321,1
176078,0
179190,1
862302,1
1005016,0
502147,2
374430,1
832646,1
501021,1
527986,1
38879,1
791712,1
79762,1
759169,2
925063,1
324431,0
513639,1
817719,2
300752,1
961544,1
726099,1
167205,0
822104,2
642108,0
275757,1
1007429,2
600135,1
708246,1
892879,1
908743,1
871193,0
583742,1
319521,1
816138,1
701812,1
792977,1
648582,1
494833,1
999262,1
467233,1
314362,1
110221,2
485215,1
694545,1
955743,1
910782,1
980585,2
578917,1
748682,1
624782,1
197950,1
54231,1
21587,1
390630,1
562868,1
873382,1
649664,1
716753,1
910856,1
308301,1
606933,1
734258,0
824876,1
269178,1
385386,1
202885,1
153958,1
114522,1
329506,0
223550,1
533996,0
195020,1
578326,1
584101,0
618406,1
649011,1
465745,1
724798,1
561962,1
578072,1
117851,1
592528,1
974872,0
401017,1
654181,1
823350,1
946187,1
815269,1
673227,1
389874,1
604564,2
857777,1
771978,1
997448,0
39458,1
38743,2
694871,1
911439,1
771879,1
144208,1
403738,1
616532,1
261530,1
706842,1
115927,1
270660,1
569595,1
840566,1
110438,1
160749,1
462038,1
675915,1
351778,1
688164,1
443822,1
497894,2
592612,2
85134,1
460715,1
342354,1
575389,2
341573,1
125746,1
539440,1
768978,1
162101,1
660243,2
53708,1
507151,1
882065,1
876488,1
557213,2
993008,1
488768,1
371028,1
1005214,2
579572,1
599945,1
274840,1
717905,1
25264,1
579084,0
822870,1
694116,1
612510,1
324615,0
522783,0
225042,1
448944,1
646768,2
331680,1
43899,1
231243,2
498558,1
611814,1
228823,1
372670,0
511428,1
391091,1
679610,1
132760,1
33793,1
248627,1
153231,1
20818,1
925485,1
183438,2
564161,1
265046,1
927681,1
59951,1
172416,1
337572,1
593833,1
535983,2
449413,1
929690,2
472525,1
328655,1
939723,1
1001180,1
278792,1
147878,1
499647,2
326947,1
727492,1
147845,1
193873,1
41916,1
211986,2
809956,1
162185,1
909726,1
809251,1
316694,1
873856,0
316290,1
14880,2
127506,1
546378,1
326239,1
661916,1
957246,1
163777,1
506925,1
829419,2
605345,1
610226,1
453351,1
604285,1
497168,1
808096,1
38376,1
857292,1
214039,1
667279,1
509319,1
691876,1
911585,1
720464,1
353538,1
809453,1
739307,1
750953,1
852622,1
710197,2
975848,1
33137,1
307410,1
39920,1
818480,1
242599,1
126163,1
39223,1
719741,1
410976,1
706512,1
913282,1
443792,1
915299,1
668191,1
542884,1
794300,1
407925,1
602214,1
985946,1
178292,1
725535,1
819188,1
598357,0
393905,1
469044,1
708664,1
748613,1
204135,2
199556,1
503081,1
957668,1
49266,0
707058,0
821228,1
314890,1
483048,1
314300,1
954085,1
286966,0
957370,1
815526,0
361391,1
85527,0
44643,1
310490,1
314777,1
679760,2
111905,1
808034,1
464205,1
266920,2
889116,0
304253,1
698831,1
470673,1
421107,2
19577,1
812600,1
813252,1
988497,1
949766,1
685217,1
913532,1
169108,1
510166,1
389085,1
274558,1
578997,1
268537,2
892204,1
155842,0
322778,1
515534,1
943225,2
6506,1
452835,1
661776,1
497799,1
419610,1
479355,0
58536,1
429749,0
414286,1
983629,1
540251,1
1011415,1
154885,1
339192,1
62698,1
18679,1
968749,1
655656,1
459496,1
720,0
544497,1
785607,0
524091,1
880841,1
258020,1
713145,1
491922,1
961159,2
946745,0
255205,1
222663,2
310311,1
572717,1
572283,1
121919,1
933196,1
905234,1
47327,1
738038,1
210989,1
687262,2
105117,1
472961,1
602500,1
627815,2
664188,0
10635,1
270231,0
446711,1
865862,1
328703,1
534315,1
680539,2
708187,1
349500,1
301948,1
687082,2
830615,2
916065,1
372711,1
835883,1
603109,1
929885,1
692224,1
675845,0
126390,1
250790,1
348932,1
31609,1
348770,0
438170,1
163696,2
176070,1
790667,1
742967,1
129210,1
298831,1
260827,2
57751,2
828018,1
601404,1
721010,1
16361,1
194757,1
297816,1
879821,1
459302,1
66346,0
160929,0
403129,1
448144,1
555541,1
480412,1
18921,1
640906,1
748907,1
318289,1
639706,1
169728,1
567351,1
622296,1
199651,1
547188,1
680205,0
1011594,1
321308,1
632060,1
325234,1
816497,1
862838,2
282706,1
916784,1
143654,0
498550,1
479296,1
190742,1
464131,1
157125,0
769634,1
305306,1
425356,1
840416,1
368163,1
549234,1
344451,1
980170,1
34383,1
813939,1
265909,1
983595,1
572290,1
963128,1
646449,1
337040,1
723474,1
772490,1
738834,1
287288,1
917327,1
62382,2
725869,1
12057,1
868447,1
74871,1
530744,0
629361,1
778632,2
159901,0
185205,1
137538,1
854143,1
854008,1
336780,1
132236,1
584097,0
503166,2
1012618,1
963968,1
1013714,1
913918,1
789775,1
474167,1
717930,2
71898,1
963058,1
141931,1
682481,1
664629,1
823145,1
702493,1
159105,1
761960,1
16769,1
814569,0
689224,1
873940,0
975095,0
240517,1
604759,1
773617,1
520921,0
947401,0
910577,1
55298,1
387182,1
630943,1
156946,1
222612,1
501153,1
102323,1
965452,1
905872,1
567403,0
812226,1
656598,1
257434,1
517958,1
285246,2
146925,2
244337,1
254813,1
400555,1
197084,1
77980,1
723386,1
289503,1
189131,1
221879,1
418529,1
577655,1
377525,2
819177,1
846209,2
874149,1
100215,1
519053,1
255535,1
651799,0
509638,1
795349,1
784617,1
987313,1
280142,1
378188,1
502462,1
117293,1
378243,1
406010,1
281213,1
617481,1
472154,1
788716,1
522820,1
777950,1
118119,1
641293,1
699182,1
754678,1
994933,1
601918,1
813377,1
219289,1
762206,1
463725,1
919255,1
307117,2
278811,1
448155,0
569195,1
898473,2
350807,1
444195,0
942136,1
726910,1
414925,2
394153,1
224632,1
170740,0
365678,0
127773,2
421936,1
706020,1
614864,1
263785,1
299069,1
155178,1
889945,1
60744,1
596443,1
920668,0
732450,0
261725,2
946752,1
779185,0
176250,1
656990,2
390524,1
761656,1
501483,1
312452,1
190195,1
229170,1
424032,0
601660,1
751561,2
695421,1
177211,0
129016,1
951310,1
774551,0
247053,2
852868,1
631096,1
267712,1
63912,1
162244,1
61242,1
658839,0
453018,1
775417,1
256972,1
623345,1
955817,0
3943,1
877720,1
210413,1
458246,1
685983,1
608788,1
865228,1
262836,1
69169,1
714670,1
883536,1
751738,1
684050,0
734360,1
736010,1
213119,2
303014,2
131682,1
267055,0
80133,0
824090,1
355037,1
841156,1
628573,1
389573,1
139815,0
353185,1
57601,1
851030,0
550074,2
655979,1
823208,1
781991,1
10660,1
402641,0
688740,2
712027,2
13047,1
621747,2
870673,1
651733,1
154533,2
394586,1
203163,1
558074,2
281525,1
607787,1
394319,1
949223,1
541924,0
709782,1
809893,2
865305,0
41439,1
20120,1
871032,1
538850,1
9482,1
337349,1
565463,1
805354,1
874042,1
314289,2
957459,1
835942,1
506914,1
724817,1
192168,2
897399,2
484739,0
13861,1
337345,1
611472,1
1001089,1
120525,1
132049,0
854327,1
380525,0
707245,1
798069,1
619645,2
223491,2
888519,1
676662,1
224207,1
556692,1
373356,1
615252,1
731556,1
391426,1
445820,1
160646,1
698604,1
564987,1
404133,1
470226,1
539198,1
965874,1
910889,1
570450,1
658482,0
611443,1
661970,1
283046,2
513514,1
572573,1
294776,1
313585,0
709467,1
277678,1
738926,2
195079,1
297999,1
892608,1
590742,1
975631,1
182118,1
293449,1
360824,1
187595,1
154944,1
837166,1
269750,1
26548,1
304950,1
758678,1
993983,1
392548,1
871351,1
378449,1
503207,1
894051,1
830817,1
335790,1
342592,1
248656,1
266726,2
845699,1
406689,1
853227,1
408980,1
663433,1
533600,1
940248,2
404801,1
368387,1
487334,1
382879,1
1001793,1
8038,1
1002350,1
276428,1
494389,1
90899,1
794014,1
2153,1
539282,1
475157,1
979789,1
768101,2
834082,1
264375,1
734081,2
89303,1
867578,1
932988,1
666751,1
43862,2
777037,1
275533,1
435674,0
354454,1
159233,1
536027,2
292477,1
318263,1
337297,1
728365,2
94271,1
620155,1
112740,2
507496,1
499225,1
769810,1
516182,1
635229,1
4229,1
800595,1
816721,1
131594,1
77805,1
68201,0
124091,1
287736,1
696778,1
203112,1
948651,1
727078,1
985960,1
362826,1
979929,1
282096,1
871230,1
313802,1
303403,1
221992,1
897685,1
519329,1
787333,1
510188,1
912850,1
837243,1
807646,1
476129,1
464054,1
779879,1
1012368,1
76396,1
175161,1
4980,1
895188,1
29426,1
999853,1
467262,1
610549,1
549300,0
880533,0
875748,2
98440,1
933093,1
915754,1
495809,1
502910,1
216785,1
559273,2
824898,1
641914,1
635526,1
115204,1
770023,1
358241,1
79249,1
183841,1
267220,1
207509,2
366554,1
212169,1
712133,1
986026,1
613625,0
1005797,0
290369,1
493737,1
376087,1
970678,1
179617,1
512670,0
883161,1
997282,1
914030,1
762925,1
328729,1
705276,1
331938,1
662164,1
325179,1
210769,2
490617,1
331596,0
875399,1
208021,0
995736,1
80335,1
570726,1
3921,1
425994,1
222517,0
704279,1
453667,1
373345,1
261684,1
266432,1
447543,1
964606,1
436954,2
238877,1
399819,1
541292,1
990797,1
831021,1
65668,1
700716,1
912472,1
378232,2
85893,1
1013596,1
692646,1
306721,1
601855,1
392313,1
762709,1
257081,1
227716,1
310597,1
268188,1
310539,1
353530,1
311015,1
381845,2
822793,1
185829,1
179507,1
658365,0
504402,1
697393,1
119835,1
490800,0
532940,1
432950,1
738801,1
872480,1
218570,1
358674,1
277821,1
728134,1
47253,1
993664,1
733305,1
110191,1
374496,0
5471,1
915219,1
733741,1
376546,1
153422,1
514034,1
450932,1
164958,1
234598,1
913840,1
25044,1
274994,1
601888,1
726576,1
981351,1
904383,2
997257,1
1011400,1
274617,1
162934,1
300990,1
393640,1
948031,1
936959,1
167906,2
58415,1
600506,2
635195,1
957653,0
710333,2
434538,1
972753,1
517161,1
368244,1
284531,1
552520,1
502125,1
947236,0
475997,1
724981,1
600850,1
132588,1
263282,1
414668,1
506011,1
65037,1
561676,1
358429,1
90862,1
163139,1
650699,1
125393,1
475818,1
641646,1
262333,1
702853,1
492479,1
862599,0
428076,1
48100,1
536100,2
798476,1
358351,1
963957,1
515806,1
988545,1
241033,1
568183,0
365476,1
242717,1
25165,1
417069,1
401291,1
818598,2
208443,2
360813,1
927513,1
218941,1
625365,2
60766,1
376740,2
983706,1
678583,1
353060,1
512465,2
596380,1
674118,1
644308,1
263419,1
88867,2
968257,1
137486,1
808441,1
150328,1
959538,1
726374,1
845,1
303465,1
399518,1
359990,1
338676,1
139033,1
962152,1
213386,1
556069,1
341999,1
873232,0
887161,1
736564,0
121203,1
368130,1
861701,1
567498,2
902620,1
792515,1
867725,1
438482,1
884522,1
699843,1
314597,1
366613,1
508644,1
482443,1
104798,1
197437,1
762749,1
353981,1
753714,1
624052,1
519736,0
534072,0
715073,1
859746,1
658699,1
142686,1
87466,1
680076,1
660027,1
433779,2
239045,1
868971,1
252730,1
621798,1
797431,1
542529,1
639544,1
401813,2
646944,1
388444,2
623161,1
281510,1
486300,1
253492,1
289741,1
1002538,1
902110,1
698152,1
600957,1
917587,0
776281,1
642672,1
818569,1
477878,1
234583,2
412464,1
602915,1
971888,1
515626,1
305184,1
114078,1
941234,1
335644,1
182888,0
824704,2
423101,0
739981,1
979345,1
863750,1
810444,1
146888,0
760703,1
868472,1
776630,1
353071,1
746633,1
4555,1
573806,1
956212,1
566608,1
132919,1
52699,2
446803,1
258185,1
463945,0
724992,1
117709,1
108314,1
607868,1
690237,0
768233,1
282735,1
453902,2
228081,1
795561,1
701243,1
888889,1
488694,1
590944,1
813803,1
174788,1
1001669,0
974212,1
67875,1
825808,1
573556,1
115817,1
609239,1
196535,1
986477,1
948996,1
321274,1
675984,1
924936,1
535547,1
92828,1
213052,1
232028,1
357406,1
116634,2
715510,1
362778,1
731622,1
400137,1
126761,1
272181,1
571617,0
744271,1
210938,2
990603,1
199596,1
548486,1
792526,0
509058,1
483558,1
763254,1
378654,1
709919,1
261486,1
290288,1
277795,1
894099,1
578245,1
611094,1
94891,1
401691,1
740752,1
295160,1
582253,1
634422,1
577350,2
971095,2
720831,1
687398,1
845024,1
285279,0
171275,1
619542,1
326550,1
1011275,1
628382,1
133152,2
742332,1
170018,1
910409,1
226818,0
207046,1
152267,1
315499,2
809981,1
300693,1
89817,1
724288,1
167270,1
836484,1
724725,1
889127,1
932995,1
167263,1
199505,1
697067,1
405802,1
831898,1
613023,1
2036,1
46050,1
737374,1
166769,0
201547,1
917958,0
893124,1
851092,1
1004701,2
260999,1
246698,1
339318,1
414022,1
572643,1
18620,1
118841,1
671089,0
1010429,0
903797,1
310586,1
30794,1
739684,1
627525,1
833144,1
392221,1
333811,1
823152,1
816390,1
676897,1
84250,1
724428,1
599406,1
551916,1
1015811,1
771765,1
742691,1
511901,1
928224,1
398175,1
13946,1
216286,1
408104,1
451221,1
828777,1
273704,0
456446,1
236644,0
676589,1
19218,1
469099,1
707542,1
968738,1
1002123,1
253937,1
814851,1
647446,1
172944,1
177109,1
811115,1
8665,1
492255,1
247189,1
245770,1
269769,0
195493,1
255018,2
977196,1
557099,1
194694,1
562729,1
549193,1
423226,1
266241,1
998250,1
264753,1
923960,1
88607,1
812431,1
22838,1
334834,2
73191,1
245026,1
474185,1
51456,1
806670,0
361726,1
515541,2
515600,1
591824,1
398645,1
633234,1
89211,1
834262,1
693360,0
944828,1
973831,1
893854,1
616880,1
681804,1
221817,1
295531,1
451676,1
968392,1
529504,1
167737,1
75388,1
833441,1
962255,1
53740,1
514180,1
721157,1
238628,1
67079,1
92365,1
678668,1
291968,1
15489,1
71539,1
966453,1
969995,1
529764,0
738269,1
896673,1
381896,1
697096,2
401288,1
447822,1
33955,1
908127,2
676600,1
659993,1
694916,2
547214,1
744697,0
380998,2
588343,2
362455,1
202827,1
534821,1
765003,1
276923,1
170975,1
636769,1
729333,1
228618,0
404294,0
905638,1
465932,1
295403,1
334588,2
7345,1
595280,1
680106,1
694893,1
826760,0
504219,1
723001,1
293173,1
425932,1
770889,1
998357,1
180446,1
1001173,2
401237,1
85725,1
541597,1
767038,1
709287,2
718689,1
857403,1
22904,1
400973,1
97564,1
284898,1
29518,1
881321,1
240854,1
166417,2
162075,1
639687,0
470637,1
802270,1
986785,1
961629,1
439579,1
959563,1
802719,1
753277,1
941887,1
139477,2
89707,1
9912,1
912425,1
469419,1
129229,0
76826,1
573383,1
819331,1
420003,1
291333,1
346350,1
721678,1
415122,1
143768,1
318755,1
476958,2
391664,2
480614,1
65293,1
729021,1
725366,1
189087,1
291850,1
178227,1
958812,1
296994,1
818374,1
33706,1
917271,1
17678,1
188453,1
954247,1
257812,2
257335,1
853443,1
106228,1
348019,1
807815,0
492354,1
108383,1
526336,1
611252,1
148439,1
16387,1
432815,1
649040,1
570854,1
712269,1
849299,1
699784,1
554867,1
787869,1
589083,2
673058,0
839843,1
546367,0
260856,1
309166,1
1007230,1
108057,1
545634,0
872884,2
589913,1
435520,0
576357,1
649594,1
346996,1
405237,1
478938,1
318106,1
26746,1
781690,1
598588,1
196670,1
799484,1
762499,0
575503,1
1014814,1
851801,1
251890,0
749368,1
526387,1
636860,1
275207,1
887125,1
10080,1
616529,1
561001,1
998191,1
83293,1
222506,1
230572,1
808276,1
66360,1
546279,1
942819,1
876572,1
580189,1
35274,1
334584,2
315895,1
797240,1
659704,1
577765,1
16332,1
202027,1
309452,1
371226,1
844937,2
289833,1
176232,1
921137,1
981854,1
722778,2
250992,2
634103,1
1010209,2
361373,1
946183,1
257317,1
481024,1
39377,1
753406,1
590584,1
508769,1
365120,0
68179,1
114739,1
541278,1
378816,1
540475,1
601507,1
683901,1
882340,1
210046,1
552366,1
85846,1
248304,0
905447,1
220926,1
293104,1
471270,1
378713,1
793729,2
508879,1
106808,1
640821,0
747935,1
225002,1
365872,1
449619,1
607329,1
40849,1
586756,1
227282,0
351804,1
137648,1
752492,1
927568,1
241880,1
91687,1
187335,0
363034,0
316180,1
901719,1
209440,1
997433,1
664485,1
197385,1
273308,0
293492,2
149065,1
490880,0
901461,1
621530,1
29253,1
718292,1
160334,1
917147,1
812291,1
739802,1
514195,1
560709,2
884849,1
908662,2
674741,1
722198,1
635236,1
876639,1
13627,2
511703,1
892028,1
124037,1
116384,1
605525,1
494477,1
767184,1
179954,2
875645,0
201389,1
482708,2
743285,1
807833,2
443217,1
227033,1
240803,2
264313,1
578348,1
234745,1
7253,1
23439,1
324332,1
231782,0
708488,1
7202,1
519783,2
330324,1
870828,1
381753,1
101391,2
644612,1
19724,1
932081,1
283479,1
501142,1
872161,0
669659,1
742527,1
381540,0
613724,1
847011,1
41619,1
228625,1
137219,1
1004848,0
150199,1
265240,1
104842,1
30365,1
551897,2
962828,1
265996,1
684223,1
165984,2
884452,1
310568,1
606449,1
288780,1
300701,0
26375,1
10129,2
22757,2
116131,1
781023,1
282577,1
873427,1
849585,1
64494,1
810073,1
1006288,1
159196,0
889941,1
53296,1
653522,1
947805,0
787579,1
981869,1
815892,1
101968,1
82168,1
380855,1
509014,0
62511,1
373044,1
932393,1
673300,2
46461,1
655722,1
151585,1
445464,1
827989,1
425323,1
381067,1
714003,1
366969,1
119042,1
761216,1
80621,0
486344,2
1001229,1
504882,1
6029,1
209789,1
284887,1
646500,1
79568,1
174971,1
893164,1
347722,2
810275,1
390539,2
963472,1
275540,2
152740,1
641125,1
307748,1
269127,1
782152,1
278822,0
895665,1
792067,1
408940,1
13263,1
106334,1
603651,0
299568,1
57942,1
17715,1
501072,1
47918,0
928767,0
948468,1
496464,1
440904,1
424498,1
961632,1
542693,2
624371,1
694626,1
857296,1
936133,2
814510,1
951442,1
216121,1
811739,1
647237,1
739219,1
1002640,1
831197,1
259436,1
680333,1
557008,1
192627,2
982374,1
722994,2
193738,1
495885,1
955101,1
792694,1
112425,1
346923,1
196579,1
305834,1
969045,1
537901,1
383843,1
464777,1
464740,2
311679,1
834130,1
172034,1
860964,1
267356,1
696271,1
63761,2
177413,1
516395,1
551413,1
488782,1
103632,1
104992,0
727324,1
113848,2
211003,1
43646,2
231038,0
850253,1
254600,1
720747,1
178634,1
403011,1
628052,1
31410,1
594933,0
23828,1
120110,0
719631,0
984152,2
484247,1
667583,1
187023,1
508776,1
743050,1
936445,1
1012272,2
477892,1
214372,1
740169,2
648425,0
619007,2
77225,1
623228,1
188981,1
493638,1
793460,1
999857,1
384606,1
843819,1
722888,1
740635,1
975341,1
54345,1
410859,1
579448,1
235474,0
988295,1
842821,1
327012,1
867897,1
557891,1
728211,1
30149,2
260717,1
802634,1
785290,1
265516,1
745236,1
721256,1
266171,1
710355,1
745889,1
265747,1
788576,1
429914,1
993147,0
669141,1
22940,1
560822,1
193884,0
9354,1
66739,1
125111,1
834053,1
906118,1
474428,1
889109,1
855713,1
461088,1
722925,1
59838,1
745386,1
551417,1
326129,0
906965,1
384000,1
172980,1
1010065,1
833092,1
904002,1
856237,1
222337,1
553084,1
905645,1
337796,1
821745,1
913961,1
606731,1
352203,1
482759,1
200469,2
393387,2
945326,1
977871,1
419973,1
97704,1
970634,1
389577,0
485138,1
162424,1
41471,1
558706,1
920503,1
561658,1
880272,1
270271,1
824913,2
691319,1
7763,2
185942,1
542907,1
624764,1
883763,1
175819,1
253203,1
795844,1
652529,1
264926,0
1000705,1
494260,1
206779,1
983739,1
1000334,1
468209,1
522453,1
174755,1
964693,1
555299,2
893740,1
864960,1
288490,1
135664,2
387355,1
520947,0
354267,2
452989,1
951879,1
709519,1
560792,2
975767,1
546095,1
731802,1
20425,0
495540,1
452846,1
645000,1
787054,1
820997,1
642063,1
451236,1
534652,1
554180,1
988024,1
944655,1
994720,1
21895,1
156281,0
807569,1
481149,1
826063,0
476510,1
791448,1
349522,1
810712,1
315822,1
335549,1
798421,1
248865,1
221387,1
422379,2
911251,1
936173,0
834637,2
53322,1
912249,1
431443,0
832565,1
122516,1
97407,2
221156,1
726815,1
371394,1
409691,1
854246,1
688685,1
439193,1
343935,1
657665,1
411955,2
21334,1
139558,2
533390,2
611256,1
619418,1
822757,1
954456,1
450312,1
572739,1
862287,1
628760,1
896530,0
1017398,1
315774,1
709632,2
81372,0
699450,1
919581,2
884023,1
137732,1
342152,1
137790,1
73144,1
345306,1
334441,1
864227,0
104365,0
202874,1
608942,1
859801,1
196270,1
64432,1
297548,1
650637,1
845684,2
647170,1
869840,1
983720,1
1015781,1
360112,0
451159,1
308561,1
532375,1
389904,1
886737,1
669985,1
892354,1
496299,1
408834,1
721722,1
236897,2
469510,1
119710,1
306053,1
769249,1
460175,0
539682,1
555082,1
857391,1
986437,2
24906,1
367519,1
340341,1
77041,1
960756,1
666348,1
83000,1
196597,1
878237,1
235690,1
38358,1
574597,0
236071,1
911758,1
1008040,1
31986,2
105773,0
647233,1
14345,1
229970,1
842076,1
711899,1
70468,1
22562,2
302017,1
263415,0
291696,1
342347,1
16446,1
287662,1
1006985,1
723739,1
954478,2
383894,1
816376,0
248197,1
950706,1
877878,1
661138,1
997260,2
391826,1
529812,1
272501,1
381306,2
720215,1
61260,1
130616,1
925849,1
24300,1
749151,1
253140,1
588699,1
120242,0
888180,1
919101,1
236835,1
80580,2
369065,1
48430,1
134193,2
1007605,1
355965,1
370452,2
573,1
961184,1
552168,1
788037,1
31715,1
882414,1
611476,1
404290,1
476705,1
671995,1
792687,1
289495,1
47697,2
827435,0
46193,1
146275,1
162280,1
898055,1
112153,1
485329,0
960301,1
406289,0
943728,1
698420,2
443316,1
842906,1
182664,1
328215,1
577343,1
623044,1
486986,0
902536,1
990265,1
24784,1
947768,1
137714,1
994081,1
419269,0
970160,1
616473,1
174924,1
830493,1
219450,1
865059,1
467248,1
239027,1
56486,1
992380,1
87671,1
297324,1
777400,1
932827,1
526402,1
32866,1
973549,0
433096,1
636640,1
225592,1
1453,1
64890,1
307296,1
586525,1
729528,1
733437,0
225655,1
444629,1
661343,1
340404,1
675225,2
751785,1
533879,1
1011305,1
1004653,1
763786,1
401497,1
840089,0
905982,1
583603,1
462647,1
244719,1
243886,1
825301,1
1002927,1
309764,2
198236,2
386383,1
241341,1
518203,1
236406,1
844812,1
424227,0
1008187,1
710164,0
973068,1
79227,1
421624,1
400243,1
52145,1
1000154,1
588277,1
786394,1
708088,0
394249,1
336366,0
423592,1
350443,1
963748,1
733073,1
446821,1
833698,2
539415,1
20238,1
131323,1
262506,0
134380,1
370218,1
215366,1
788969,1
85761,1
857171,1
693111,0
688285,1
417755,2
779060,2
733925,1
252631,1
475656,1
786325,1
811092,1
659832,0
15636,1
879528,1
553598,1
726437,1
208252,2
381397,1
156818,1
257056,1
924576,1
866919,1
114184,2
19140,2
584619,1
219689,1
70152,1
898206,1
913888,1
644906,1
907210,1
197965,1
345584,2
442579,1
771637,1
1005122,1
910573,1
871593,1
469426,0
909861,1
1017068,1
243901,1
33126,1
106473,1
805325,1
627550,1
109678,1
804474,2
68560,1
867930,2
665101,0
446575,1
275478,1
776384,1
843514,1
957925,1
469675,1
289015,1
455599,1
766804,1
487804,1
658648,1
981326,2
812295,1
133109,1
807282,0
870747,1
523164,1
883554,1
960796,1
724255,1
605147,1
796625,1
15768,1
937677,2
168723,1
242805,1
447569,0
357839,1
482241,1
679911,1
944710,1
416310,1
880940,1
16475,1
338805,1
572793,1
584471,1
860986,0
993642,1
5226,1
44423,1
265835,2
57982,1
708118,1
436716,2
714953,1
682940,1
188945,1
296976,2
658923,1
757703,1
172878,1
598650,1
709940,1
7411,1
435865,1
580406,1
365117,1
281015,2
746817,1
516810,1
223998,1
479128,1
80353,1
184659,1
906062,1
525540,1
146444,0
807048,1
966387,1
997990,1
38093,1
465789,1
202658,1
98011,0
826500,1
327621,1
584552,1
83907,1
124019,1
102785,0
862441,2
584226,1
28029,1
628508,1
615087,1
649778,2
642140,1
586561,0
408922,1
543904,2
25309,1
615641,1
593495,1
962718,0
423941,1
411492,1
974058,1
578289,1
883844,1
655469,1
10242,1
849846,1
372898,2
245785,1
365421,2
987276,1
419977,1
925276,1
931653,1
135929,1
340327,0
307344,1
354803,1
496435,1
38082,1
300190,1
232240,2
836396,1
414550,1
269842,1
604106,2
922817,1
311051,1
71083,1
834,1
833771,1
704190,1
645437,1
803954,1
653614,2
385258,2
304756,1
67945,1
341519,1
338306,1
750179,1
1006471,1
981762,1
542899,1
508662,1
665185,1
782592,1
462294,1
522985,1
761465,1
983243,1
855577,1
120264,1
24847,1
267378,1
437566,1
482227,2
146738,1
852714,1
56387,1
654563,1
116241,2
496589,1
746178,1
373190,1
872639,2
882825,2
613195,1
524150,1
58051,1
742002,1
538502,1
723731,1
826070,1
12039,1
653775,1
33041,1
640142,1
9361,1
577754,2
999721,1
459805,1
719558,1
265963,1
641521,1
967421,1
474211,1
838394,1
437078,1
188145,1
686360,1
503900,1
367838,1
921342,1
671849,1
166295,2
996528,1
585340,1
755851,1
853586,1
958001,1
62801,2
146183,1
14194,1
860960,1
803767,1
189821,1
269277,1
904068,1
751484,1
1007528,2
407529,1
348228,2
422463,2
658662,0
451889,2
811445,1
221262,1
423156,1
879340,1
929805,1
838820,1
250938,1
980860,1
491830,1
753927,2
310872,1
1016104,1
68685,2
164381,1
39274,1
543940,1
291454,1
106532,2
243398,1
990702,1
827174,1
992197,2
661718,1
213092,1
132519,1
329777,1
986583,1
788569,1
338108,1
883055,1
803176,1
686728,1
867431,1
14488,1
488027,1
280487,1
632893,1
466764,1
597899,0
924059,1
704253,1
1003791,2
1008415,1
676266,1
763423,1
140211,0
370173,0
1017707,1
749973,2
991640,1
314098,1
865444,1
361946,1
31201,1
762044,0
332850,1
381735,0
589139,1
835018,1
800629,2
352658,1
505179,1
766583,0
479377,2
938791,1
981395,1
120929,1
167472,1
935903,1
407877,2
302868,1
356757,1
620456,1
303418,1
830545,1
277726,2
488409,1
900431,1
562075,0
611858,1
78446,1
184291,1
389126,1
713772,0
239580,1
453120,1
333642,1
542929,0
95452,1
797233,1
719114,1
846975,1
992872,1
55405,1
428036,1
298431,1
953844,1
115725,1
14260,1
105546,1
259645,1
727353,2
16383,1
518441,1
879069,1
995310,1
818752,1
228760,1
207299,1
550056,1
500695,1
92383,1
948820,1
30626,1
809721,1
242687,1
663374,1
214871,0
898341,1
1001445,1
209022,1
967711,0
478244,1
752096,1
758238,1
125544,1
108680,1
217104,1
862676,1
951824,1
535327,1
435982,1
32239,1
959105,1
4001,1
630444,1
439692,0
172959,1
915633,1
1018003,1
44933,1
109993,1
485284,1
974315,1
981939,1
124084,1
462100,0
964059,1
955615,1
568004,1
461709,2
771927,1
861503,1
878284,1
45428,1
27314,1
252312,1
311815,1
233036,2
792625,1
617940,0
403268,1
726059,1
306619,1
346688,1
973343,1
794748,1
179884,1
130843,1
58301,1
302798,1
953066,1
488900,1
642841,1
744550,1
273322,1
1011851,0
967418,1
370566,1
32004,1
402517,1
711701,1
237300,0
242838,1
831773,1
877896,1
521405,1
104464,1
240319,0
795723,1
115839,1
912582,1
755455,1
608502,1
915794,1
415797,1
581506,1
733316,0
255083,1
88904,2
721795,1
617485,1
970054,1
787564,1
681837,1
681444,1
620632,2
1007917,1
249352,0
813403,2
189388,1
971091,1
764479,1
750465,1
19148,1
198375,1
510683,1
854705,1
492941,1
577291,0
982741,1
398384,1
491353,1
567186,1
656022,1
187775,1
198948,2
529115,1
135301,2
127120,1
146316,1
949670,1
360240,1
570836,1
276912,0
497344,2
647581,1
765209,0
116157,1
996931,1
468696,1
195897,1
950449,1
199710,0
91210,1
511105,1
87822,1
106822,1
108127,1
442942,1
1002109,1
61309,1
335068,2
111677,0
932702,1
515578,1
355738,1
247332,1
606980,0
77353,1
523355,1
692727,1
364428,1
402917,1
658453,0
820560,1
104934,1
568572,2
310373,2
411731,0
480724,1
610130,1
584901,1
464506,1
583063,1
84096,1
352456,1
520293,1
98301,1
993529,1
231577,1
298622,1
115101,1
3066,2
790656,1
639434,1
54370,0
127902,1
554771,1
355033,1
110801,1
275665,1
468036,0
563270,1
903269,1
152395,2
246988,1
467846,0
704048,1
17087,1
683042,1
282595,1
178072,1
186770,1
34963,2
66148,1
767144,1
578935,1
216594,1
946862,1
902125,1
267884,1
543108,1
101568,1
896215,1
630569,0
520309,1
133798,0
751965,1
744235,1
727379,1
431436,1
37926,1
197316,1
917239,1
880933,2
786578,1
147368,1
278738,1
682827,1
104882,1
733206,1
746534,1
496570,1
317372,1
644146,1
1004143,1
636886,1
310193,1
2634,2
282225,2
902657,1
948406,1
992616,1
894433,1
294666,0
292738,1
2414,1
779277,1
859908,1
574524,0
783407,0
13447,2
460234,0
172027,1
671519,1
8306,1
910317,0
131073,1
192407,1
724699,1
656367,2
387553,1
394061,2
953477,0
942257,1
544530,0
197206,1
705683,0
131242,1
187984,1
661321,2
697999,1
32084,1
959783,1
740785,1
873287,2
225967,1
405600,1
917264,1
598368,1
902518,1
515354,1
672556,1
856042,2
129991,1
642863,1
699528,1
814033,1
263752,2
425792,1
75186,1
510591,0
271991,1
574124,1
473838,1
898275,1
263907,1
608850,1
943434,1
498554,1
929393,1
245176,1
888661,1
524657,1
477621,1
977413,1
258460,1
252925,1
329270,1
365836,1
616635,1
230415,1
533020,1
692239,1
339361,1
53340,1
205998,1
116326,2
651292,1
366433,0
333419,1
428609,1
709441,0
563825,1
884368,2
523351,0
148303,1
999846,1
17935,1
1011312,1
269659,1
651421,2
322675,1
643820,1
875528,1
65664,1
186848,2
241161,1
788323,1
691652,1
378353,1
805424,1
471193,0
406065,1
356672,1
297500,1
255722,1
749797,1
69440,2
968293,1
762682,2
743164,1
44849,1
159835,1
472617,1
603927,1
70761,1
435623,1
650248,1
706640,1
333624,1
797471,1
28531,1
408276,2
56710,1
761102,1
1005739,1
786028,1
659311,1
799066,1
431494,0
442524,1
194162,1
492725,2
585663,1
949993,1
193341,0
814855,1
829176,1
110676,1
250945,1
234903,1
917554,2
448173,1
387450,1
755936,1
401978,1
168543,0
165265,1
529526,2
93542,1
992186,1
22126,1
393505,1
413942,1
936874,1
479373,1
845578,1
945311,1
509700,1
509982,1
170076,1
967957,1
235841,1
431883,1
535000,1
122237,1
892963,0
513965,2
991192,1
144842,1
513110,1
460821,1
850015,1
994375,2
557752,1
273612,1
60472,1
909777,1
733345,1
820153,1
9615,1
895632,1
955941,1
92581,2
214053,1
688795,0
855816,1
510980,1
723122,1
346776,1
867813,2
811225,1
318072,1
762536,1
866588,1
845255,1
478130,1
566864,1
534238,1
825040,1
206573,1
631313,1
69107,1
880610,1
659135,1
222421,1
1013978,2
812956,1
278745,2
238206,1
278352,1
878460,1
431175,1
40580,1
691564,1
999428,2
747641,1
241477,1
528356,1
491742,1
669857,1
172294,1
38024,1
630639,2
823549,1
686852,1
340462,2
727481,1
984310,1
530355,1
820913,1
528594,1
632585,1
129735,1
311220,1
160080,1
673964,1
252958,1
636680,2
804548,2
9442,1
394443,1
725906,1
314322,0
231353,1
703142,1
191002,1
139709,0
320277,1
487972,1
213636,1
954104,1
263389,2
105120,1
655780,1
126105,1
570245,1
911729,1
847260,1
555468,1
596373,2
600836,0
406810,2
251447,1
295241,1
786460,2
301625,2
304514,1
730456,1
539008,1
550276,1
548057,1
515369,1
73434,1
450910,2
458888,1
234437,1
711235,1
334856,1
648443,2
323320,2
504237,1
379835,2
397909,1
528671,1
760501,2
985094,1
242335,1
415654,1
17858,1
639988,1
658336,1
724406,1
438691,1
167425,1
178083,1
550441,1
210394,1
1006196,1
51607,0
779215,2
916719,1
696943,0
37030,1
673216,0
743450,0
941443,1
485318,1
909773,1
937325,2
81871,1
700862,1
903492,1
152708,1
294372,1
767474,1
741247,0
912960,1
197305,1
1013750,1
76088,1
551570,1
574014,1
712236,1
158441,1
319583,1
909858,1
984482,1
745735,1
946642,1
249004,1
76529,1
880706,1
1012445,1
49732,1
477470,1
15849,2
307472,1
182716,1
323672,2
249473,1
1002589,1
465037,2
190977,2
507580,1
492974,1
307069,1
372263,1
628731,1
532771,1
943845,0
609822,1
500424,0
572995,1
319114,1
432686,1
568785,1
816545,1
219058,1
1005269,2
512902,2
306864,1
65282,1
451456,1
609877,1
229068,1
601242,1
70420,2
1000264,1
199992,1
47602,1
971734,0
697607,1
816729,1
610541,1
898943,1
645961,1
982466,1
801127,0
116894,1
172081,1
408191,1
129430,1
710447,1
721065,1
316401,1
612880,1
417986,1
630910,1
641756,1
464700,1
43367,2
218075,1
702707,1
498954,1
609859,1
434817,1
759738,1
176856,1
525599,2
794773,1
221240,1
405134,2
266582,1
927517,1
840746,1
99339,1
433045,1
1013655,0
435182,1
537868,1
553154,1
769531,0
470938,1
582631,1
796265,1
810679,1
830145,1
27824,2
290453,2
785827,1
181832,1
474585,1
199970,1
697166,1
776249,1
83819,1
244784,1
43819,1
249408,1
328130,2
633715,1
240513,1
263602,0
65789,2
109135,1
581689,1
149153,0
989175,1
664515,1
325890,1
283039,2
540347,1
852369,1
267165,1
179701,1
242595,1
397611,0
663099,1
359462,1
911376,2
553709,1
597587,0
820818,1
446483,1
793369,1
315260,2
495658,2
294798,1
395499,1
92163,1
195097,1
976702,1
397024,1
253276,0
702325,2
285235,1
925797,1
540446,1
622098,1
770636,1
720017,1
788738,1
615164,1
732021,1
817612,2
35605,1
669226,0
479627,1
21257,1
176364,2
379251,2
11074,1
286760,0
324839,1
681062,1
420186,1
400470,0
826519,1
179837,1
910896,0
38842,0
802256,1
434486,2
600649,1
410033,1
874468,0
356559,1
451984,1
176555,1
629633,2
830794,1
402597,0
880555,1
146048,1
597682,1
659773,1
955350,1
14826,1
644829,1
193033,1
771086,1
449655,1
28829,1
512278,1
692004,1
934946,1
147056,1
799125,1
841347,1
741973,1
905520,1
427761,1
101366,1
480661,1
762903,1
832822,1
1001339,2
739181,1
855827,1
442917,1
307281,0
983441,1
761810,0
294769,1
654934,2
926233,1
634169,1
920136,1
674606,2
219021,1
630323,1
22973,1
409680,2
90895,1
931910,1
21389,2
495551,1
473933,1
203453,1
486388,2
11988,1
1000059,1
318887,1
417113,1
564969,0
715121,2
45413,1
556476,1
722730,1
503933,1
865840,1
922600,1
826988,1
824135,1
767940,0
889684,1
149810,1
304646,1
281161,1
211670,1
848207,2
582774,1
418855,1
183577,1
623624,1
440937,0
564745,1
635001,1
388932,1
315352,1
543298,1
911996,1
856288,1
723328,0
934924,1
907298,1
632699,1
476433,2
255344,1
409178,1
567407,2
565940,1
599152,1
708356,1
128044,1
164187,1
964150,1
669493,1
117671,1
607284,1
396841,1
260672,1
225556,1
458646,1
596498,1
266285,1
364318,1
187229,1
114838,1
174234,1
715752,1
406102,1
345438,1
750292,1
349629,1
336524,1
88409,1
48548,1
950838,1
80973,1
181087,1
432327,1
46696,1
525122,2
346053,0
605671,1
691641,0
456347,2
933530,1
933596,0
363621,1
931345,1
278734,1
123744,1
858132,1
395576,1
550397,1
155387,1
309874,1
586639,1
517000,2
574832,1
973574,1
852219,1
283505,0
1009661,1
160943,1
643163,1
818730,1
837698,0
180916,1
674947,2
437665,1
426915,1
937765,1
188226,1
697735,1
705728,1
172867,1
217302,1
765311,1
924954,1
148835,1
224658,1
267811,2
956285,1
198272,0
631915,1
684924,1
1015646,2
87114,1
260768,1
905887,0
586008,0
96680,1
810363,1
1010858,1
950265,1
495863,1
997202,1
318348,1
123010,1
113268,1
181032,1
319734,1
306479,1
283446,1
595882,1
704213,1
309126,1
610006,1
324992,1
672864,1
259090,1
277788,1
236109,1
488555,1
829480,1
413535,1
888915,1
328534,1
765025,1
651913,1
700257,1
778298,1
913176,1
442829,1
370573,0
882245,1
774119,2
608641,0
418224,1
76536,1
583001,1
385034,1
822218,1
325274,1
312731,0
804034,1
750560,1
450271,1
139796,1
714414,1
887697,1
743649,1
96549,1
879391,1
1007384,1
399154,1
970076,1
509906,1
370687,0
384745,1
1014715,1
278499,1
87705,2
989982,0
775185,1
979129,1
83088,1
397501,1
577556,1
541571,1
332711,1
291421,2
776205,1
6791,1
874776,1
420960,1
565896,1
416901,1
451478,1
616213,1
86380,1
439380,1
68715,1
786053,2
110588,2
646797,1
272112,1
729344,0
1014267,1
97568,2
285639,2
100255,1
40331,1
1015628,2
802810,1
612004,2
832554,1
723823,1
718993,1
349614,1
761799,1
157462,1
314087,1
619968,1
40313,1
837753,1
15980,0
50488,1
543104,1
873537,1
673458,1
52244,1
219072,2
585858,1
638147,1
495317,1
1009629,1
360882,1
139121,1
951248,2
571026,1
233029,1
678484,0
698321,1
71362,1
106624,1
87455,1
43929,1
595527,1
299638,1
280421,1
577710,2
282544,1
54378,0
486058,1
816798,1
291807,1
400386,2
513396,0
797174,2
213393,2
951240,1
996249,1
917352,1
792838,1
787854,1
504868,1
165548,1
774427,1
76059,1
850000,1
62892,1
154027,1
565650,1
218509,1
643512,1
597426,1
668827,2
131132,1
777763,2
158980,1
14132,1
84955,1
838262,1
444276,1
350564,1
504420,1
425716,1
399426,1
320082,1
804155,1
302956,1
135965,1
865712,1
816695,1
686991,1
28201,1
707986,2
423619,1
122112,1
731442,1
1001478,1
851122,1
321843,1
57975,1
327119,1
570322,1
881747,0
873027,1
417876,1
669053,1
110812,2
586844,1
655689,1
522233,1
264173,1
798528,0
8009,1
464528,1
532331,1
254303,1
426504,1
900482,2
881570,1
780363,0
718649,1
730863,0
436213,1
881398,1
1005690,1
403675,1
374728,1
644641,1
700356,1
183287,1
658332,1
819339,1
181322,1
52024,1
585429,2
970425,1
882425,1
900196,1
988688,1
257782,1
442788,1
898866,1
712720,1
200131,1
149920,1
175202,1
964198,2
955651,1
41453,0
229729,1
294684,1
1002680,1
794359,0
394564,1
563498,1
665875,2
819382,1
15144,1
21026,1
43682,1
228038,1
575594,1
806212,1
786248,1
368644,1
580325,0
468461,1
608748,1
222898,1
110562,0
655535,1
772418,1
738386,1
708271,2
726617,1
794913,1
637300,1
949887,1
671184,2
143195,1
671793,1
240205,1
810709,1
804977,1
925683,1
60704,1
506286,1
649851,1
949744,1
761593,1
762062,1
451672,1
630770,1
549825,1
765601,1
108725,1
5277,1
270507,1
616826,1
531150,1
913763,1
593143,1
596131,2
786996,1
624643,0
500417,0
652202,2
866746,0
11889,1
815650,1
715213,1
631302,2
651410,1
218592,1
90154,0
602070,1
271728,1
330195,2
471975,0
593514,1
971172,1
230385,0
412817,1
930212,1
884746,2
12820,0
434813,2
36312,0
425525,1
549993,1
839535,1
300213,1
993224,1
962578,1
430394,1
377466,2
407260,1
465330,1
618354,1
294439,1
1013431,1
722444,1
693522,1
371071,1
36686,1
800607,1
10422,1
932603,1
560190,1
20421,1
663895,1
448302,1
163377,1
780734,0
605910,1
536261,1
180765,1
697852,1
908116,2
178351,1
595666,1
632846,0
239955,2
11904,1
91148,1
142260,1
368802,1
11676,1
597183,1
788918,1
72653,1
296518,1
73706,1
897935,1
315305,1
599211,1
75061,1
883136,1
75902,1
873173,1
541447,1
219267,1
569915,1
12105,1
684751,1
506550,1
429370,1
896765,1
468234,1
811478,1
246562,1
450198,1
338889,1
240263,0
142437,1
362668,1
152252,1
208836,2
493384,1
229541,1
419199,1
28719,1
413337,1
933240,2
266795,1
531598,1
716016,1
888328,1
516960,0
982914,0
903456,1
584208,1
758825,1
938050,1
824531,1
51401,1
74677,1
902408,1
148530,1
394935,1
34549,1
557459,1
443756,1
848070,1
81941,0
182235,1
31593,1
561261,1
219054,1
669325,1
273784,1
672431,1
174197,1
864535,1
652851,1
201734,1
318355,2
98356,1
887015,1
847943,1
949263,1
364875,1
879960,2
472091,1
203501,2
733448,1
100424,1
864395,1
295025,1
13832,1
844496,1
282852,1
34813,1
481329,1
153576,1
102264,2
133934,1
482906,1
965126,0
832198,1
559806,1
372025,1
42700,0
820821,1
961643,1
209550,1
559721,0
855717,1
423839,1
540237,2
427123,1
541348,0
990526,1
719161,2
523968,1
726929,0
206580,2
875209,1
6090,2
668621,1
793996,1
255160,1
340114,1
994155,1
509043,1
192605,1
973523,1
581906,1
380918,1
998133,1
962101,1
549326,1
977934,1
212103,1
594955,1
255212,1
136797,0
44735,0
273447,1
402609,1
468139,1
454712,1
439395,1
791668,1
100303,1
49417,2
811353,1
436602,1
1005467,1
483569,1
783528,1
771802,1
383685,1
166145,1
199112,1
907434,1
202548,1
333363,1
655388,1
482850,1
914070,1
208359,1
784356,1
661219,1
640506,1
5585,1
332146,1
951886,1
538616,1
424579,1
140170,1
360806,1
959673,1
367782,1
331329,0
834086,1
616969,1
682151,1
219634,0
421000,1
73203,1
245374,0
1017501,1
50048,1
175356,0
43118,1
234606,1
826580,1
105090,1
166585,1
126123,1
811782,1
894477,1
267587,2
906844,1
614842,1
707935,1
722495,1
974281,1
103434,1
621053,1
365201,1
732597,0
594331,2
887950,1
243439,1
370375,1
527726,1
8214,1
400687,0
458077,1
14257,1
293728,1
557815,2
155259,1
379394,1
862874,1
71953,1
147885,1
94822,1
97773,1
888555,1
1003164,1
112733,1
484184,0
147438,0
275092,1
527546,1
699722,1
582080,1
771046,2
350425,1
879582,1
558991,2
607446,1
449204,1
372315,2
45123,1
666472,1
175091,1
622043,1
252774,1
368127,1
64692,1
66614,1
451973,1
503522,1
741254,1
944075,1
104721,1
469572,1
807408,1
127065,1
435924,1
723041,1
743355,1
734287,1
106550,1
863446,1
465547,1
775608,1
945223,1
68847,1
631665,1
400672,1
14220,1
37548,0
294541,1
675746,1
547229,2
584071,1
824014,1
529746,1
735424,1
96938,1
869400,1
990100,1
290718,2
389591,2
626517,0
916418,1
162082,1
928866,1
301423,2
233285,1
105308,1
513565,1
388653,1
608982,1
125753,1
307546,1
102345,0
933611,1
684388,1
444225,1
555424,1
664353,1
921508,1
800881,1
186150,1
342170,1
553114,1
307337,1
468597,1
716023,0
774108,1
592094,2
501139,1
634833,1
864946,1
785852,1
976306,0
1000242,1
178399,1
118423,1
864780,2
990771,1
528727,1
44401,1
592869,1
909634,0
683820,1
479597,0
411122,1
427413,2
128624,1
378191,1
440607,1
569144,1
95911,1
131363,2
905847,1
990092,1
915332,1
971194,1
345742,1
351408,1
360086,2
350502,1
126420,1
278620,1
797688,1
390935,1
53384,1
175950,1
789661,1
112337,2
64065,1
349885,1
426375,0
336472,1
515970,1
90275,1
731013,2
187203,0
556708,1
689114,1
195666,1
209213,1
739295,1
433159,1
766312,1
131983,1
242085,1
267705,2
572287,1
351851,0
753684,1
746695,1
101050,1
815735,1
728291,1
160154,1
269794,0
546448,0
790193,1
712371,1
465231,1
1006626,1
439971,1
125991,1
717134,1
773293,1
685279,1
539385,1
998610,1
842333,1
694204,0
537219,1
761641,1
890521,1
303102,1
94455,1
693126,1
361249,1
360105,1
111471,1
405512,1
909139,1
586565,1
521078,1
218046,1
270532,1
845064,2
300271,1
150984,1
610655,1
854257,1
626582,1
403569,1
740554,1
391602,1
678301,1
182495,1
909032,1
895038,1
791011,1
933813,1
1004433,1
961379,1
240593,0
254307,2
67981,0
707638,1
393864,1
632215,1
773022,1
29309,1
531712,0
187966,1
81592,0
997583,1
852956,1
450668,1
590137,1
103603,1
314902,1
39135,1
397497,1
174674,1
631397,1
506899,0
78509,1
421811,1
511288,1
871887,1
572441,0
971693,1
346783,1
622663,1
458011,1
173527,1
632299,1
984314,1
176742,1
323991,1
922835,0
119002,1
925140,1
136728,1
91236,1
259362,1
440540,2
402674,0
725391,1
891580,1
605635,1
135224,1
352405,1
876668,1
726583,2
255076,1
721894,1
857968,2
19331,1
733969,1
73724,1
267572,1
298105,1
864212,1
637696,2
254116,1
368956,1
364505,1
411357,1
658512,1
324655,1
57128,0
539190,1
391462,1
881772,1
404672,1
212088,1
749294,2
388367,1
72282,2
637836,1
491159,1
182022,1
141623,1
119684,1
412420,0
793710,1
799077,0
440636,2
699223,2
416068,2
858620,1
129085,1
551116,0
672879,1
222861,2
26126,2
994012,0
754869,1
305401,1
416615,1
576339,1
996913,0
561919,1
436921,2
72800,1
228654,0
890734,1
1013776,1
705962,1
149443,2
990313,2
714627,1
555820,1
180013,1
867105,1
836518,1
636431,1
707645,2
797996,1
19900,1
282104,1
546169,1
280469,1
170304,1
98055,1
357017,1
455584,1
575561,1
959853,1
647431,1
421536,1
253559,1
469415,1
951761,1
190669,1
482344,1
290060,1
42461,1
807507,1
300451,1
672185,0
35407,1
582084,2
718807,1
461583,1
486450,1
496204,1
49699,1
347861,1
868865,1
749614,1
25066,0
432323,1
358414,1
935143,2
772836,1
176636,2
461620,1
1017820,1
648689,1
390018,1
950896,1
13018,1
488423,1
175947,1
212143,2
506543,1
801031,1
903874,1
58686,1
473108,1
500347,1
529915,1
381386,1
580141,1
742145,1
357909,1
541641,1
376836,1
815320,2
723148,1
682515,0
669673,1
697100,1
122028,2
98741,1
764398,1
387575,1
623172,1
160705,1
130171,1
396056,1
493454,0
269468,0
330269,1
814309,1
210567,1
55760,1
454804,1
64032,0
504284,1
779857,1
1002299,2
753589,1
1002930,2
480618,1
179521,1
157217,0
647101,1
549065,1
958382,2
595655,1
616613,1
172236,2
234334,1
62001,1
378100,1
29914,1
542738,2
508530,2
949414,1
82153,1
831586,1
804874,1
430857,1
475715,1
687608,1
32837,1
332931,1
125948,1
300514,1
738573,1
425095,1
520396,1
180046,1
288719,1
647640,1
181788,1
875418,2
937208,0
611946,1
903115,1
453894,1
964899,1
856071,1
480254,1
118867,0
471311,2
902279,1
155934,1
395411,1
74424,1
84533,0
333639,1
698453,1
325072,1
452336,0
248942,1
486616,1
249165,0
432903,1
439773,1
616561,1
80409,1
626171,1
18451,1
71388,1
965988,2
258776,1
875490,1
1017358,1
386677,2
581461,1
230305,0
766642,1
772843,1
444636,1
112795,1
435920,2
775240,1
15746,0
395668,1
533666,1
313633,1
369322,1
227844,1
228052,1
864216,1
84382,1
38468,1
976463,1
148684,2
909946,2
318197,1
620522,1
891566,1
366055,1
619135,1
808485,1
132669,1
917749,1
956829,0
790032,1
206687,1
880496,1
351514,0
881086,2
629736,1
695205,0
676130,1
962482,1
157950,1
211821,1
903191,2
943375,1
498569,1
574036,2
493256,1
847448,2
361575,1
198207,1
906888,1
274888,1
606306,2
295560,2
116539,1
910393,1
922420,1
996751,1
413245,1
376638,2
687860,1
267239,1
595839,1
763191,1
713710,1
758795,1
438930,1
609785,1
147148,1
81725,1
362378,1
789621,1
185557,1
854958,1
978953,2
9390,1
880504,1
987933,1
278628,1
961500,1
151655,1
250512,2
418888,0
207640,1
169302,0
75036,1
775581,1
517569,1
1009492,1
630547,1
657397,1
689738,1
902848,1
129786,1
466771,1
950243,1
343708,1
548619,1
384389,1
22654,1
573042,1
255315,2
870006,1
588927,1
543346,1
201716,1
279658,0
464953,1
327588,2
731916,1
453924,1
726286,1
622546,1
218725,1
12541,2
106631,1
171374,1
457021,1
638848,1
146987,1
298651,1
500758,1
236156,1
531349,1
317329,1
109663,1
800966,1
69888,1
808845,1
373590,1
653302,1
274918,1
413296,1
797897,1
412776,1
548905,1
316698,1
542891,1
406461,1
754061,1
796823,2
608069,1
79799,1
192263,1
579914,0
595464,1
388789,1
845853,0
182848,1
16860,1
646023,1
725281,0
574829,1
148655,1
660030,1
22016,1
901689,0
233674,1
387755,1
352375,1
149263,1
663220,1
181432,1
914713,2
796038,2
701625,0
37207,1
577985,1
957448,1
656697,1
409413,1
471175,0
570630,1
613467,1
634668,1
1003715,1
625684,2
147137,2
1007564,1
797622,1
719572,1
1007425,1
928873,1
537633,1
470222,2
325245,1
338881,1
823332,1
46322,2
104310,1
400830,1
765579,1
92493,0
214178,1
834192,2
399327,1
807709,1
745184,0
43635,1
405192,0
129449,2
144046,1
904776,1
583959,1
119842,1
212550,1
894628,2
977204,2
823662,1
537585,1
116913,1
791345,1
735530,1
625772,1
344631,1
463497,2
98037,0
150672,1
884658,1
985597,1
203149,1
75106,1
700561,1
275812,1
321513,1
388110,2
445802,1
47080,1
934766,1
844474,1
74695,1
268085,2
65738,0
227477,1
925999,2
939385,1
459892,1
755635,0
449024,1
646694,1
247626,2
960026,1
574432,1
328350,1
970751,1
351561,1
906341,1
258923,2
965485,1
725836,1
594339,1
217797,1
50000,0
29301,1
196689,1
729560,1
30071,1
676967,0
133402,1
379116,1
427369,2
558261,1
545414,1
234844,1
64557,1
211818,1
594669,1
626359,1
189616,1
475546,1
806744,1
255487,1
565070,1
495085,1
742875,1
12761,1
816718,1
924613,1
305690,1
320123,1
341078,1
139286,1
566875,1
934069,0
28759,1
324181,1
144949,1
731688,1
84889,1
715547,1
75883,1
635669,1
186239,0
545061,1
442807,1
16145,1
773260,1
765160,1
327504,1
769351,0
320163,1
252202,1
929298,1
373150,2
653793,1
697962,1
446791,1
483389,1
904039,1
723526,1
677058,1
261839,1
145542,1
842289,1
198603,1
537644,1
403136,1
966916,0
917143,1
448793,2
350997,1
191893,1
350946,1
732498,0
303010,1
468274,1
404588,1
707483,0
704990,1
527780,1
683079,0
81329,1
58756,1
427585,2
520969,1
890437,0
907027,1
924246,1
229640,0
394308,1
901373,1
501546,1
519622,0
714780,1
88294,1
600869,0
208483,1
961962,1
867772,0
370496,1
719220,1
761759,1
871391,1
404214,1
820197,2
852196,1
476264,1
247109,1
445082,1
353879,1
356405,1
392753,1
699674,2
532290,1
1016188,1
935000,1
550085,2
291722,1
212994,1
787692,1
122592,1
625897,1
387609,1
25899,1
985993,1
232024,0
898503,1
585560,1
740891,2
377400,1
580967,1
293698,1
533035,1
1002222,0
646782,1
342574,1
474563,1
149344,1
446719,1
217481,1
135800,1
291160,1
749306,0
303946,1
726026,1
869664,1
676619,0
957367,1
39502,1
430952,1
133031,1
462261,1
990874,1
31502,2
992436,1
28399,1
667844,1
318388,1
75517,1
343597,1
830714,1
1000217,1
136874,1
228724,1
85552,1
482304,1
378063,1
267833,2
521030,1
843679,2
46377,1
747252,1
213173,1
180648,1
313718,1
871517,1
611623,1
630587,1
271753,1
94172,1
780213,1
972452,1
876381,1
225446,1
427732,1
589186,1
653661,0
409163,1
390821,1
581575,0
345867,1
644773,1
862537,1
526130,1
668584,1
1009427,1
542712,1
349320,1
943588,1
264856,1
626069,1
725098,1
219678,1
719323,1
982572,1
403150,1
495250,2
154643,1
771082,1
447547,1
435355,1
615487,2
348224,2
909304,1
10965,1
359620,1
846971,1
624768,1
507210,1
483730,1
600960,1
877892,1
138054,1
962262,1
55618,1
823853,2
901186,1
4955,1
545843,1
174454,1
484654,1
273058,1
251175,1
893490,1
575620,0
188673,1
269347,1
125665,1
582183,1
469440,1
1015679,1
736542,2
290570,0
404991,1
466375,2
739732,2
801901,1
54613,2
41604,1
866342,1
741951,1
771981,0
238143,1
832844,1
631382,1
597473,1
786093,1
886296,1
82678,1
100068,1
257445,1
981935,1
622593,1
703311,1
155622,2
915882,1
72121,1
511952,1
751293,0
41574,1
617287,1
760251,2
632817,2
859980,0
1004891,1
792566,2
303065,2
415676,2
442146,2
544464,2
719198,2
297016,1
982026,2
458671,1
84922,1
679184,1
885996,1
677072,1
190438,1
543243,1
71704,1
27864,1
967692,2
950584,1
535587,0
587537,2
396243,1
775974,1
414077,1
995031,1
928781,1
964918,1
954562,1
52464,1
338236,0
320060,1
426324,0
527326,2
523689,2
542459,1
261060,1
361098,1
484892,1
116517,1
542080,0
576045,1
359550,1
331945,1
740264,1
473878,1
667154,0
343894,1
467178,1
693999,1
492321,1
337998,1
264838,0
185696,1
585050,1
991644,1
276835,1
617023,1
937622,1
656976,1
22980,1
159237,2
913095,1
41493,1
539301,0
831535,1
623297,2
84353,2
954519,1
423109,0
364743,1
249239,2
118816,2
273139,1
545377,1
66672,1
993899,1
51225,1
452897,1
104857,1
342776,1
450763,1
801413,1
925713,1
362521,0
760082,1
478747,1
312092,1
962053,1
542826,1
867989,1
812538,1
211391,1
173846,0
450426,1
793475,1
578890,1
287787,1
356339,1
444908,1
985780,1
23736,2
158166,1
861187,2
561809,1
358076,1
237094,1
535099,2
844944,1
673285,2
382127,1
841167,1
339718,1
417315,1
775280,1
836507,1
620188,2
352023,1
996102,1
870406,1
396508,1
776960,1
39810,0
631492,1
306608,1
606218,1
539257,1
934649,1
156436,1
901586,1
444580,1
637319,1
810925,1
141340,1
544552,1
604098,1
52170,1
128943,1
587951,2
460043,2
528352,1
584556,1
405714,1
142646,1
286845,1
418158,1
487000,2
264603,1
926626,0
921999,1
267598,1
466445,1
320938,1
597455,1
453142,2
391279,1
888812,1
904860,1
36297,1
570663,1
83103,1
392757,1
649624,1
648076,1
772506,1
720123,1
552429,1
353493,1
500219,1
572405,1
297342,1
680748,2
157260,1
517033,1
587618,1
785199,1
940927,1
1016885,1
299704,1
217038,1
493641,1
245190,1
348914,1
278488,1
969371,1
962178,1
910834,1
44548,1
819515,1
784327,2
297364,1
802065,1
759789,1
867189,1
449196,1
958900,1
876121,0
992898,1
522318,1
822591,1
226476,1
431179,1
960808,1
657261,2
146415,1
706211,0
823527,1
466500,1
853638,2
624335,1
818664,1
899089,1
393343,1
692709,1
918797,1
291630,1
257962,1
554496,1
734728,2
530197,1
345793,1
413832,2
1009162,1
679676,1
937930,1
942789,1
381984,2
890671,1
864630,1
12772,1
883169,1
984163,1
814011,1
1006336,1
384987,0
1016272,0
731042,1
249569,1
390384,1
211270,1
583081,1
301126,2
605000,1
77441,1
379585,1
974458,1
46861,0
77919,1
812424,1
605312,2
959989,1
539884,1
728248,1
672457,1
354472,1
130810,0
267147,2
372726,1
428252,1
712474,1
535095,2
341926,1
541054,1
204249,1
317743,1
650376,1
505560,1
206805,1
386460,1
153550,1
401318,1
773510,1
41512,0
726675,2
419272,0
435348,1
771053,1
272835,1
345298,0
265992,0
142518,1
652932,1
57443,1
122846,1
360783,1
662285,1
410246,1
363955,1
166402,2
215065,1
104578,2
339332,1
220463,1
83961,1
698893,2
165379,1
677568,1
847822,1
987526,1
655902,1
931741,0
93920,1
196906,1
617254,1
233634,1
270309,1
837162,1
333183,1
648898,1
464942,1
795022,1
675805,1
796096,2
954111,1
227022,1
251366,2
454727,1
630239,1
38387,1
163979,2
857216,1
277267,1
798876,1
952175,1
831050,1
306952,1
544882,1
776993,2
850099,1
355811,1
769906,1
957455,1
924987,1
450848,0
310256,1
542752,0
215740,1
889644,1
345526,1
903603,1
411313,1
492387,2
262380,1
197352,2
105281,1
441574,2
199105,1
202111,1
717390,1
755657,1
613188,1
708352,1
383487,1
141418,0
641972,1
554632,1
1013680,1
416699,0
111181,1
681657,2
272204,1
330944,0
928334,1
411841,1
692275,1
657621,1
404313,1
6245,2
177842,0
549186,1
522967,1
25547,1
600270,2
745827,1
911457,1
202775,1
1000408,1
593888,1
602706,1
158863,1
379453,2
87903,0
124745,1
454400,1
57102,1
104259,1
1014971,1
632967,1
337958,2
804339,1
1013505,1
789537,1
666292,1
448874,1
213276,1
674161,1
797361,1
873500,1
645268,1
355019,1
548116,1
909300,1
93058,1
974447,1
131895,2
119321,1
719316,1
312463,1
339064,1
494161,2
311305,1
124495,2
613478,1
1001133,1
395895,1
405967,1
303205,2
684982,1
336281,1
363375,1
664764,1
447004,1
806391,1
117367,1
490529,2
869888,0
638040,1
910335,0
309162,1
850062,1
332182,1
548482,1
319891,2
45963,1
880676,0
858419,0
281734,1
883969,2
317758,0
991552,1
375464,1
305162,1
822900,1
978722,1
657386,1
55481,1
633120,1
123142,1
146536,1
582866,1
600308,1
882777,1
919471,1
853388,1
526233,1
159479,1
18015,1
248957,1
725223,1
576782,1
650703,1
594841,1
88481,1
60223,1
71542,1
978018,1
204575,1
733914,1
204924,1
246885,1
27439,1
381962,1
456963,1
677326,0
743395,1
954690,1
729018,2
182260,1
721748,1
529511,1
826148,1
344345,1
32396,1
176009,1
404364,1
485530,1
662568,1
6443,1
596788,1
666627,0
630994,1
687879,1
955376,1
1288,0
53968,1
229101,1
325667,1
360471,0
413762,1
646665,1
847781,2
1016717,1
37801,1
226362,1
261790,1
75762,1
463024,1
658321,2
988970,1
260610,1
484081,1
559068,1
494723,1
270837,1
470567,1
282757,1
15559,2
184208,1
894686,1
537376,1
69521,1
310531,1
777855,1
154045,1
416644,1
545175,0
663859,1
940097,1
903298,1
670062,1
683255,2
956744,0
943977,1
141124,1
184868,1
809273,1
254868,1
721032,1
92093,1
637179,1
389328,1
221578,1
206977,1
613878,1
324622,1
914463,1
867783,1
925463,1
70486,1
109605,1
862995,1
355088,0
75076,2
681480,1
590104,2
952454,1
766316,1
963241,1
147092,1
257636,1
760002,1
971855,1
576540,1
117598,2
239995,1
349430,1
546884,1
708158,2
992517,2
391990,1
908534,0
282610,1
222946,1
634316,1
293856,1
661505,1
909579,1
441361,1
789984,1
560987,1
239838,1
649617,1
772113,0
555453,1
923234,1
8276,1
984460,1
177882,1
659920,1
247893,1
155839,0
457083,1
309368,1
158724,1
487796,1
978751,2
705537,1
580776,1
692374,1
905292,1
970209,1
562985,1
774339,1
503830,1
993778,1
1013688,1
630590,2
335170,0
473140,1
745016,1
857238,1
184046,2
754050,1
598005,1
935231,0
297122,1
646144,1
211656,1
255021,1
435069,2
731394,1
911464,1
483019,1
269460,1
568246,1
432965,1
471568,1
10859,0
546077,1
688021,1
597862,1
407448,1
687549,1
979888,1
259737,2
576210,1
489372,1
980439,1
816549,1
43301,1
470109,2
323001,1
120118,1
978957,1
14389,0
661912,1
892402,1
246393,1
363672,1
483617,1
648490,1
528815,1
777000,0
597914,1
181557,2
801824,1
135033,1
449916,1
92644,1
261152,1
515879,1
900824,1
304994,0
1015136,1
276967,2
81835,0
694428,2
177417,1
641190,1
880122,1
396393,1
85938,1
348147,1
1941,1
894495,1
339116,1
569580,1
659528,1
529827,1
790090,0
242283,2
305933,1
50051,1
27714,1
955064,1
585094,1
526750,2
857964,1
459661,1
741449,1
86117,2
935994,1
897300,1
1004749,1
391253,1
44379,1
509872,1
53058,1
556436,1
223723,1
766701,1
403554,1
1008286,1
880951,1
317545,1
404081,2
537318,0
59566,1
865822,1
242580,2
402106,1
511839,2
895207,1
778317,1
388749,1
227437,1
387300,1
670862,1
863718,1
296378,1
121595,1
405743,2
690875,1
280410,1
419030,1
121782,1
406634,0
682162,1
331486,0
749173,1
44676,1
748084,1
937299,0
816332,1
224199,1
131011,1
908761,1
849772,1
656635,1
693038,1
959178,0
679904,1
59427,1
118892,2
227187,1
301713,0
774830,1
510984,1
665028,1
519853,1
8573,2
272860,1
994676,1
644087,1
19908,1
206999,0
351602,2
184174,1
192454,1
377547,1
240469,1
981131,1
352823,1
189483,0
963270,1
570906,1
717806,0
857847,1
122347,2
220577,1
111112,1
707582,1
1001764,1
946521,1
200007,1
810510,1
268210,1
333844,1
372142,2
850048,0
676938,1
374382,0
121331,1
744833,1
863109,1
761557,1
59184,1
91797,2
414903,1
122505,1
903698,1
116201,1
377143,2
211175,1
145182,1
18624,2
648447,1
425785,1
260724,0
631724,1
693977,1
113132,1
330816,2
475281,1
350506,1
185418,2
738720,1
436983,1
502150,1
479429,1
86887,1
882157,1
48687,1
705793,1
124855,1
983210,1
62768,1
744756,1
462731,1
254578,1
236082,1
758814,1
591868,0
623264,1
427691,1
284304,1
452493,1
932397,1
142770,1
145931,1
430909,1
561470,1
224687,0
755404,1
645004,1
227345,1
678121,0
764941,1
169687,0
653500,0
313211,1
1003043,1
471832,0
789405,1
116579,0
876437,2
943261,1
531217,1
662050,1
911086,1
285606,0
252408,1
599761,2
596256,1
497072,1
301706,1
454224,1
864902,2
719260,1
396492,1
304781,1
844441,1
10008,1
794227,1
155501,1
55294,1
452156,1
284050,1
267925,1
533178,1
918049,2
810228,1
819306,1
372476,1
161900,1
701841,1
745445,1
547797,1
549593,1
987636,1
998375,1
355804,1
146778,1
206980,0
377037,1
534560,1
456967,1
621659,1
864319,1
587331,1
458518,1
1005647,0
90202,1
768390,1
806564,1
588534,0
484999,1
340275,0
231900,1
357680,1
142462,1
615575,1
602148,1
94345,1
29103,1
402564,0
47282,1
862830,2
20274,1
620694,1
754146,2
131338,2
505047,1
851346,1
296848,1
872877,0
194115,0
994757,1
685345,0
131958,1
921119,2
316272,0
50011,2
867501,1
573211,1
763298,1
873302,2
224760,1
285903,1
69918,0
306185,1
971965,1
687123,1
922277,1
70303,1
979198,1
989968,1
332238,2
940167,1
601051,1
72363,1
94521,1
785793,2
388848,1
522402,1
539091,2
295384,1
904329,1
312470,1
743993,1
858822,1
686522,1
811511,1
911163,0
154834,1
230480,1
206269,1
44049,1
781867,1
589113,1
627855,1
959729,1
89321,1
646812,1
831825,1
874824,1
980383,0
586220,1
954265,2
310146,1
727100,1
250501,2
854125,1
996818,0
129038,2
1004084,1
308477,1
446652,2
860047,1
73878,1
126291,1
190159,2
878747,1
471418,1
34509,1
447392,1
140394,1
220456,1
491096,1
334430,2
515512,1
564271,2
998797,1
32727,1
228045,1
143984,1
958159,1
260504,1
391543,1
145094,1
915806,1
999299,1
904754,1
805725,1
529591,1
731002,1
273924,1
336678,0
213739,1
781984,1
735839,1
60087,2
509582,1
597859,1
748345,1
672761,1
406106,1
731912,1
915141,1
286838,1
142286,1
250138,1
786853,2
982044,1
355848,1
715789,1
777954,1
16604,1
380767,1
425198,1
356665,1
39528,1
1014461,1
873797,1
874897,1
512502,1
412170,1
319415,1
991941,1
993532,1
309614,1
872242,1
340965,1
405361,1
640928,1
196858,2
271306,1
110412,1
810572,1
147948,1
454873,1
63714,1
237014,2
267367,1
190904,1
890873,1
555659,1
224922,2
630411,0
614615,1
931103,1
804962,1
175712,1
510764,1
891845,1
3987,2
764783,1
470871,1
324831,1
257353,0
901872,1
953675,2
181319,1
395345,1
955035,1
283820,2
44434,1
233560,0
817571,1
408566,1
551060,1
592678,1
27798,1
207813,1
133710,1
145696,1
368042,1
366723,1
864557,1
578854,1
875872,1
308239,1
811881,1
619773,1
866070,1
402762,2
956241,1
995042,1
976078,2
52776,1
947988,1
727283,1
725740,1
45967,1
223040,1
453630,1
891423,1
942279,1
241459,2
997781,1
48063,0
626883,1
525959,2
969379,0
450121,1
896208,0
736274,1
847664,2
313141,1
595295,2
678286,1
71344,1
820036,1
616495,2
401060,1
209480,1
424784,1
338511,2
529753,1
421301,1
542844,1
71582,1
85145,1
989993,1
290509,1
329094,1
985531,1
809790,1
511710,1
154382,1
473052,1
539826,1
595835,2
991974,0
503922,1
596292,2
904277,1
510452,1
492578,1
172485,2
262322,1
607156,1
533608,2
978326,1
566248,1
131660,0
288160,1
1000077,2
75179,1
69778,2
455092,0
292341,2
262018,1
278080,2
757549,1
503849,1
286045,2
973398,1
202368,1
194470,1
264203,1
4023,1
6784,1
625181,1
233292,1
339277,1
956847,1
520866,1
555970,0
561973,1
839010,1
843341,1
363812,2
710373,1
548273,0
547386,1
612910,1
305357,1
213672,1
612891,1
870736,1
228720,1
514412,1
840948,1
405303,1
714843,1
988255,1
265105,1
58073,1
178047,1
215689,1
541564,1
428450,1
372997,1
750348,1
617580,1
763687,1
435476,1
939293,0
967179,2
933057,1
301218,1
624180,1
848690,1
595493,0
68506,2
172298,1
353372,2
301357,2
84500,1
62845,1
570380,2
905076,2
180109,1
505649,1
292415,1
548909,2
55317,1
808870,1
224786,1
887000,1
531631,2
255483,2
709988,1
878945,1
246977,1
216602,1
730214,1
1012423,2
1003223,1
522707,1
527670,1
225512,2
11801,1
853351,1
773187,1
173435,0
192876,1
81082,1
131653,1
650138,1
874442,1
986297,1
763470,1
441479,2
437610,0
715484,1
84199,2
722132,1
53737,1
217863,1
287167,0
111769,1
892262,1
142752,1
329124,1
500020,1
393600,1
250,1
327801,1
256477,1
453788,1
256433,1
37481,1
972724,1
189630,1
200788,1
511835,1
621215,1
427464,0
421392,2
438435,1
305463,1
121078,0
922563,0
867372,1
655733,1
336586,1
306093,2
61440,1
22753,1
359297,1
91834,1
375545,2
933204,1
882186,1
314447,1
873379,1
8140,1
409402,1
490114,1
691469,1
757200,1
430226,1
180314,2
488816,1
812497,1
466401,1
860876,1
318098,2
507809,0
133541,1
588116,0
445992,0
149836,1
188082,1
48364,1
410994,1
200436,2
36279,1
770625,1
931723,1
876855,1
123197,1
476569,1
62735,1
674260,1
817582,1
628489,1
153763,1
459687,1
722529,1
216392,1
440012,1
343230,1
152083,1
449428,1
138968,1
1000084,1
331996,1
54187,1
774151,1
265699,1
233315,1
608887,1
399066,1
974711,2
859360,0
788198,1
604762,0
42249,1
92541,1
690039,1
957884,1
776711,2
324934,1
539749,1
388356,1
944262,2
733701,1
718186,0
477302,2
554852,0
885813,1
144475,1
85673,1
996865,1
279353,1
663628,0
412644,1
104266,0
107456,1
102037,1
588291,1
437760,1
89699,1
233216,1
272604,0
118023,2
132500,0
113998,1
69257,1
966680,1
853270,0
769766,1
252125,1
117554,2
729058,1
545928,1
29048,1
256884,1
896093,2
292183,1
346860,1
421873,1
552700,1
313192,0
987056,1
29565,2
783362,1
871472,1
926846,1
528202,1
733194,2
511882,1
268584,0
448522,1
321939,2
51845,1
432246,1
591820,1
424249,1
139271,1
161687,1
302619,1
493270,0
824391,1
130737,1
254714,1
773019,1
566769,0
964257,1
954966,2
318649,1
372517,1
96703,2
329953,1
384774,1
393493,1
621732,1
766224,1
30699,1
242126,1
592029,1
42670,1
294817,1
471946,1
626164,1
153998,1
881325,0
109201,1
252367,1
705863,1
742695,1
54525,1
18880,1
953022,1
860223,1
882939,1
17373,1
362745,1
748701,1
927120,1
975987,1
591666,2
993598,2
198353,1
23226,0
450774,0
883000,0
793758,1
325726,1
104435,1
612033,1
869275,1
946682,2
788408,1
896196,1
971206,1
355851,1
385874,2
847510,0
79113,1
844632,1
567300,1
940729,2
939224,1
481303,1
177644,1
177101,1
306347,1
524088,1
678408,1
864418,1
717336,2
807785,1
786710,1
962875,1
845013,0
363573,1
454473,1
785496,1
601730,1
503016,2
286782,1
932636,1
967036,1
165078,1
637571,1
721542,1
998955,1
177970,1
343766,1
552263,1
520437,2
783986,0
466078,1
367926,1
239290,1
895045,2
326521,0
203138,1
246537,1
27303,1
267958,1
557848,1
937640,1
89402,1
919512,1
451393,1
442025,1
868546,1
947427,1
14785,1
327485,2
623103,1
966930,1
756364,1
681914,1
557370,1
810840,1
375060,1
879748,0
486506,1
42722,1
65723,1
659807,1
141337,1
14990,0
876796,1
387142,1
636934,1
63938,0
69873,1
666894,1
607842,1
955736,1
546088,1
756562,1
699285,1
63417,1
621259,1
116898,0
639063,1
1014322,1
1017783,1
614365,1
891243,1
305290,1
970072,1
428348,1
915871,1
347810,1
227165,1
937860,0
321139,1
20979,1
460252,1
869107,1
911596,1
719477,1
918452,1
465008,1
74086,1
210644,1
139752,2
681408,1
132607,1
309852,0
77294,2
508299,1
487947,1
643273,1
80834,1
159538,1
687439,1
845145,1
268452,1
459012,1
47763,1
493436,1
654068,1
188336,1
741342,1
399040,1
908695,0
274730,1
555864,2
226168,1
146547,1
424377,1
803730,2
953613,1
37823,0
274763,1
455119,1
723063,1
319459,1
772766,1
573446,1
102972,1
167366,1
23927,2
325355,1
658655,1
56291,1
378265,1
391275,1
50037,1
355158,0
112928,1
91603,2
598995,1
226355,1
271519,1
142598,1
187027,1
900839,1
861697,1
28418,1
858459,1
575084,1
537497,1
324244,1
2722,1
544200,1
765520,1
111637,1
443653,1
12152,1
671672,1
70057,1
550104,1
2616,1
358447,1
18037,1
1011099,1
560770,1
807994,1
739941,1
884515,1
355000,0
809248,1
684407,1
518618,2
119277,1
290219,1
205462,0
872026,1
671690,1
894969,0
134490,1
349111,2
725432,1
23592,1
686481,1
409446,1
687721,1
512414,1
963142,1
997686,1
948394,1
719899,1
352272,1
29352,1
78530,1
440250,1
492149,1
627613,0
366026,1
344709,2
909465,2
553617,1
243802,1
412350,0
135228,1
881413,1
881970,1
186257,2
628588,1
429341,1
47804,1
298633,1
730728,2
557103,1
998779,1
44463,1
429550,1
595130,1
603417,1
517590,1
554379,1
238624,2
618060,1
634851,1
606133,2
285088,1
649877,0
800731,2
330078,1
486902,1
605080,1
702527,0
214839,1
947676,1
66427,1
454529,1
868351,2
301658,1
62621,0
78581,2
548178,1
690893,1
893546,1
11140,2
229718,1
137141,1
489934,1
576375,1
742460,1
934300,0
722763,1
210860,1
28568,1
837144,1
238543,1
822371,1
759099,1
400045,1
600935,1
177002,2
40221,1
18936,1
253009,1
17931,0
777301,1
724167,1
783175,1
561980,1
94664,0
135891,1
450837,1
187991,1
908677,1
1012841,1
269662,1
156612,1
252543,1
830806,1
193826,1
917998,1
256569,2
459485,2
254291,1
97528,1
926750,1
77508,1
158669,1
312878,1
628012,1
876745,1
407804,1
418899,1
49394,1
935576,1
490172,1
63516,2
539873,2
817748,2
278455,1
398751,1
651876,2
729366,2
998096,2
854862,1
589425,1
547629,1
393691,1
490631,1
145649,1
100893,2
1011132,0
267976,1
164271,1
878835,1
486847,1
272123,1
687024,1
924602,2
635768,1
817997,0
154706,1
586176,1
458682,1
947140,1
1014634,1
19995,1
7495,1
958885,1
132647,1
611832,1
574612,1
169485,1
390388,1
656657,1
19629,1
45314,0
12428,1
136782,2
166329,1
806179,1
625446,2
324563,0
965771,1
888063,1
584871,1
842670,1
41729,1
922013,2
352001,1
922534,1
86553,1
147757,1
595002,1
378892,1
540886,1
322062,1
410349,1
201785,1
787267,1
347432,1
951390,1
158775,0
311150,1
302941,1
237821,1
489482,1
897014,1
718630,1
112007,1
341665,1
99214,1
927788,1
41156,1
312999,1
111163,1
224162,1
999930,1
286155,1
124617,0
421929,1
145528,1
403932,1
476929,1
514438,2
934175,2
98217,1
502606,0
299322,1
183562,1
504527,1
582231,1
851940,1
170685,1
938076,1
14572,1
426353,1
494323,2
322136,1
907427,0
441842,1
815658,1
986514,1
622380,1
348477,1
777110,0
560602,1
766077,1
741768,1
565207,1
727214,1
905061,1
933471,1
487389,1
271221,1
352210,1
892053,1
126170,1
878992,1
17333,1
600681,2
186767,1
340891,1
685969,2
267242,1
686089,1
296301,1
491104,2
842678,1
698875,1
117895,1
181289,2
966691,1
235478,1
464766,1
771075,0
665758,1
33870,1
861172,1
720200,2
28483,0
139895,1
141043,1
986521,1
1011190,1
85923,1
272549,1
7136,1
68674,1
896916,1
122442,1
401262,1
41718,1
1006787,0
773796,1
912762,1
968547,2
980259,1
431465,1
531080,2
846883,1
965489,1
43822,1
19694,1
990809,1
701470,1
772131,1
355495,1
690211,1
390373,2
732982,1
448919,1
508600,1
940435,1
131862,1
310652,1
408144,1
585674,1
586187,0
822492,2
171657,1
499290,1
673609,1
743616,1
163333,1
640542,1
242845,1
770984,1
239977,1
17836,1
707487,0
962938,1
970326,1
380408,1
969566,1
173192,1
224584,1
141920,1
808045,0
860726,1
634305,1
179378,2
957000,1
687541,1
503195,2
510515,1
913547,1
188222,1
586408,1
505968,1
372182,1
496772,1
7844,1
765704,2
918191,2
367081,1
296228,1
299605,1
586899,1
786707,1
127223,1
633458,1
122303,1
774522,2
738427,1
83356,1
413645,1
336975,2
62254,1
898558,1
463145,1
1017545,2
332968,1
523546,1
204209,1
149791,1
193415,0
353413,1
181869,1
31171,1
915831,1
270668,0
28751,1
374797,1
184824,1
60153,1
853252,1
663723,1
651740,1
83576,0
939507,1
761029,0
961474,1
773972,1
876073,1
264702,1
218989,1
779725,0
412479,1
792195,1
1007388,1
55812,2
933354,1
299795,1
528572,1
994148,1
852725,1
6601,1
205161,1
294039,1
810859,0
857517,1
938652,1
139804,1
181472,1
216161,1
711356,1
959589,0
530531,1
213140,1
33995,1
389867,1
812215,1
793637,1
551350,1
644399,1
574050,1
454701,1
585135,1
9732,1
71784,1
308095,1
450147,1
12482,1
833841,1
682449,1
233957,1
835047,1
313611,1
269361,1
89608,1
562189,1
436628,1
410594,1
44191,1
795965,1
551361,2
38963,1
644777,1
655524,2
263062,1
453593,1
26562,1
278378,1
45541,1
157873,1
36635,1
675371,1
955596,1
1001940,2
657919,1
31018,1
640759,1
720446,1
183537,1
963887,1
213944,1
862908,1
588314,1
658549,1
321586,1
75315,0
33500,1
945803,1
66919,1
428986,1
338104,1
907122,1
923065,1
433717,1
1012313,1
495764,1
480379,1
374393,1
41497,0
806539,1
380309,2
656095,1
97652,1
720941,2
881916,2
354304,1
956171,1
796500,1
98297,1
459375,1
452640,1
779758,1
206258,1
982635,1
136214,1
226186,1
558492,1
639595,0
216228,1
745485,1
60850,0
455508,1
736120,1
706545,1
756045,2
318102,2
787979,1
775383,1
229938,1
629039,1
349607,1
294178,1
840070,1
919909,1
461741,1
942693,1
702923,0
721777,1
614244,1
54682,1
447055,1
174799,1
718681,1
646184,1
865118,1
862191,0
564158,2
612907,1
400995,1
212121,1
520169,1
70787,1
937266,1
164480,1
956560,1
328017,1
912094,1
409794,1
259847,1
958919,1
857366,1
371086,1
275023,1
311929,0
563854,1
702387,1
228324,1
663749,1
1008983,0
696929,1
426779,0
362323,1
319011,0
840874,1
357325,2
684593,1
347902,1
361678,1
799051,1
396210,1
828461,1
288458,1
535965,1
835652,1
499339,1
377345,1
1005290,1
135756,2
44526,0
131745,1
876976,1
313321,1
235045,1
539419,1
574285,1
97931,1
239900,1
470145,1
165669,1
405130,1
291531,1
448533,1
789173,1
262076,1
912814,1
540901,2
437045,1
646195,1
203479,2
824267,1
836950,1
279346,1
769700,1
87932,1
485028,1
901487,0
596850,0
657070,1
179257,1
962831,1
775446,1
812398,1
587881,1
275481,2
658721,1
538601,0
548790,1
467707,1
412273,1
558441,1
175378,1
969144,1
84991,1
453755,1
411706,1
218343,1
412538,1
646940,2
722334,1
19672,2
120183,1
719440,2
499485,1
494327,1
225611,1
669240,1
770775,1
162879,1
545205,1
594203,0
638778,1
1009070,1
415140,1
94396,1
255997,1
445754,1
341870,1
538157,1
712115,1
168437,1
387971,1
18701,1
102312,1
496295,1
19481,1
729450,1
778324,0
676651,2
764754,1
239236,2
7440,1
161335,1
249598,1
305382,1
514397,1
329292,1
791862,1
565049,1
949689,1
121892,1
306163,1
226733,1
378867,1
877522,1
452402,1
352441,1
376964,1
753435,1
217100,1
975459,0
681950,1
238345,1
556667,1
868003,1
520932,1
7723,1
22067,0
198001,1
628188,1
853810,1
769212,0
794308,1
170270,1
752074,1
845493,1
986792,1
35791,1
670518,1
472206,1
584361,1
265853,1
925001,1
955860,2
133020,2
185704,2
176038,1
578197,0
698039,1
963355,1
52923,1
778339,1
917242,1
729623,2
238594,0
330629,1
189333,0
268009,1
580,0
790612,1
677502,1
508486,1
999600,2
241921,1
324747,1
786390,1
767346,1
178722,1
594218,1
916869,0
175059,0
476873,1
155291,1
518823,1
38013,1
259531,2
579929,1
565012,1
651964,1
597583,1
473342,1
94088,1
509520,1
303106,1
112348,1
289484,1
84115,1
206081,1
188006,1
588714,1
764868,1
246104,1
943027,1
955949,1
96574,1
557114,2
984512,1
892930,1
256741,1
109465,1
399051,1
712140,0
693687,1
336685,1
652929,1
974579,1
728288,1
541777,1
633829,1
178711,1
725146,1
506242,1
925757,2
960293,1
786288,1
812343,1
831300,1
169397,1
400896,1
945744,1
784004,1
906716,1
458312,1
435678,1
79003,1
983959,2
518034,1
736373,2
5130,1
439939,1
444126,1
129074,1
618002,1
123942,1
384712,1
157550,1
898228,1
977963,1
310241,2
587247,2
949014,0
856989,1
966196,1
844672,1
23086,1
368691,1
931914,1
29062,1
151057,1
875171,1
663767,1
256224,1
530656,2
921911,1
345661,1
168646,1
41806,1
176023,1
850279,2
98646,1
385768,1
788488,1
216404,1
47837,1
611117,1
605590,1
269464,0
494228,1
722048,1
924114,0
6609,1
231324,0
248616,1
404162,1
522486,1
485710,1
344147,2
782680,1
835263,1
59445,1
724310,1
916531,1
106316,1
436419,1
588141,1
907782,1
351246,1
231830,1
700286,1
333088,1
581861,1
27835,1
510155,1
179114,1
23156,1
51449,1
220878,1
499191,1
756537,0
162721,1
480915,1
5787,1
325953,0
685774,0
392173,1
187427,1
203787,1
946349,1
771244,1
994760,1
725821,1
32925,2
836309,1
13704,1
28539,1
103852,1
161151,0
542095,1
196425,1
584189,0
88555,1
948817,1
117749,1
194474,1
213012,1
362125,2
213809,1
27949,1
833775,1
451111,2
866335,1
175910,1
17663,0
34343,1
315136,1
13388,1
509238,1
956007,0
260298,1
304217,1
352449,0
870897,1
690691,2
68975,1
191578,1
214420,1
758663,1
330739,1
348480,0
130539,0
495122,1
913529,1
856446,1
450880,1
868968,1
534469,0
845509,1
61572,1
37232,1
130971,2
238899,1
973930,1
968080,2
990115,1
178924,1
873636,1
812170,1
462856,1
1016191,1
595042,1
358685,1
234378,1
533163,1
870222,1
812901,1
447888,1
620926,1
582565,1
395455,1
149887,1
661585,1
417751,1
563230,0
23871,1
432114,1
408944,1
576991,1
137398,1
763096,1
937905,0
158797,1
355352,1
997341,1
434420,1
286984,1
995806,1
818103,1
268434,1
475421,1
854954,1
225468,1
243035,1
100387,1
107412,1
737848,1
853058,1
411056,2
426764,1
524789,2
879216,1
321964,1
455698,1
917077,1
620430,1
192458,1
294075,1
279621,1
379839,1
218127,1
62856,1
156579,1
675148,1
69657,1
28876,2
745944,1
986066,2
45031,1
251285,1
945018,0
574292,1
198922,1
16563,1
333147,1
269563,1
608979,1
461011,1
837991,1
202625,1
578964,1
818525,2
103364,0
249884,1
521944,1
196935,1
48991,1
471902,1
403426,1
477580,1
631508,1
858415,1
416482,2
91739,1
355547,1
207570,1
984835,1
672097,1
632901,1
27992,1
762532,1
73676,1
550353,1
545854,1
107038,1
613346,1
192843,1
580857,0
908149,1
717864,1
941090,0
680524,1
622395,1
47488,0
680689,1
259418,1
119901,1
49369,1
18587,1
236893,1
791279,1
39715,2
260991,1
464403,1
230080,1
229556,1
517198,2
662212,2
474387,1
694802,1
368637,1
840265,1
869770,1
317277,1
688146,1
865819,1
588402,0
922211,1
882762,1
404478,1
609811,1
258398,1
726147,1
814327,1
409101,1
1006857,1
476183,0
516678,1
5372,1
104501,1
39197,1
83884,1
297805,1
379093,2
646973,1
795507,1
611582,1
304033,1
975833,1
488258,1
204076,1
44335,2
291861,1
853571,1
73030,1
437580,1
797699,2
396001,1
156157,1
179349,1
529155,1
420069,1
433690,1
127744,1
828630,2
849460,1
33016,2
311514,1
641752,1
603886,1
172731,0
620566,1
910463,1
882308,0
612231,1
718685,1
807033,1
494514,1
212965,1
327108,1
798007,0
607402,1
698736,1
115211,1
515824,1
672530,1
394917,1
951570,1
801219,1
445178,2
975392,1
792717,1
21293,0
430020,1
657511,1
767889,1
982653,1
522839,1
699733,1
46799,2
479256,1
319844,1
692990,1
754197,1
480474,1
710883,1
1004147,1
714230,1
911475,1
903889,1
312533,1
730056,2
426760,0
78644,1
759554,1
726903,2
915211,1
94590,0
37335,1
244928,1
737550,1
848386,1
279045,1
887080,1
131129,0
175727,1
63666,1
651351,1
28997,1
23615,1
373309,1
526446,1
52332,1
243578,2
710748,1
294523,1
607204,1
136687,0
300334,1
391114,1
282151,1
1002996,1
168103,1
510801,1
634983,1
326110,1
493216,1
354979,1
298570,1
277029,0
433360,1
280087,1
91225,1
1004396,1
221622,1
666403,0
218893,1
948644,2
806627,1
876990,1
995460,1
111992,1
146341,1
758722,1
869396,1
429617,1
26533,1
494763,1
588842,1
627051,1
548097,1
566428,1
108541,1
778232,1
290365,0
235540,1
391150,1
532371,1
433588,1
594489,2
706233,1
25158,1
642049,1
357361,1
138663,1
525823,2
826085,0
441974,1
536360,1
299883,1
795011,1
449710,1
673054,1
547595,1
569250,1
36781,1
234077,1
117004,1
750120,1
302031,1
812699,1
821613,1
708293,1
757882,1
450895,1
4328,1
615696,2
717783,0
32657,1
9549,1
22180,1
295036,1
367078,1
175462,1
813043,1
478460,1
339211,1
15276,1
829286,1
831090,1
838941,1
92123,1
964785,1
534281,1
315778,1
631357,1
762590,2
98242,1
28209,1
543599,1
338603,1
857065,1
152517,1
564091,1
460744,1
185487,1
543827,2
788268,2
946844,2
584233,1
588406,1
262795,1
645411,2
334919,1
817106,2
564550,0
223705,1
821411,1
332414,1
482270,1
188428,1
843738,1
656169,1
896725,1
724248,1
416259,1
303256,1
246775,1
405181,1
837067,1
778496,1
1003245,1
712258,1
711202,1
89215,0
989458,1
856761,1
947016,1
350630,1
479506,2
863666,1
2333,1
306262,0
693812,1
938829,1
247615,2
681275,0
544303,1
263048,1
260841,1
847983,2
957040,1
217485,1
959244,1
378922,2
80647,1
313266,1
522307,0
557187,1
320497,0
692257,1
887749,1
667679,1
870170,2
900967,2
867912,1
629420,2
35582,1
144978,2
115112,1
259825,1
117774,1
77089,1
762929,1
296822,1
193198,1
311118,1
168033,1
932375,1
793332,1
1006949,1
337785,1
781214,1
59258,1
843440,1
929603,0
932023,2
969092,1
550272,1
164062,0
945876,1
275317,1
806461,0
594346,1
468836,1
595758,1
250967,1
926619,0
307773,0
657580,0
653999,1
788349,1
548860,1
269923,2
119402,1
729403,1
823949,1
191824,0
278910,1
187915,1
487176,1
944530,1
62584,1
609444,1
919824,1
780275,1
409295,1
201947,1
104619,1
1010803,1
651069,2
244670,1
666773,1
82333,1
268023,1
816002,1
475854,1
155633,1
1011796,0
574087,1
853520,1
323603,1
482472,2
404713,1
262568,1
304620,1
259256,1
361487,1
863284,0
670415,1
138979,1
868443,1
519945,1
584273,2
1016063,2
136173,1
69752,1
830101,1
286775,1
104585,2
872554,1
569658,1
184949,1
678767,1
706864,1
705191,1
216532,1
668009,0
788396,1
931239,0
911013,1
947265,1
705151,0
190504,1
85390,1
255139,1
912454,0
767100,1
160040,1
314418,1
229750,2
1017772,1
94701,1
1015404,1
571558,1
766514,1
320486,1
661538,1
593576,1
52581,2
364673,1
116722,1
735233,1
959112,1
130090,1
629794,1
379310,1
619465,1
873658,1
345012,2
614813,1
661163,0
795536,1
61330,1
546268,1
641675,1
453715,1
42638,1
192047,1
171785,1
358436,1
906873,1
691887,1
177105,1
1007609,1
139646,1
137237,1
838446,1
338009,1
583005,1
101953,1
622025,2
376443,1
311037,2
122585,1
560561,1
58947,1
361609,1
754021,1
518566,1
61312,2
660052,1
864476,2
354036,1
664771,1
997653,1
294369,1
287192,1
551956,1
857652,1
895683,1
54491,1
305236,1
418686,1
143566,1
375105,1
442634,1
819269,2
584383,0
504497,1
549612,1
383597,1
927494,1
192858,1
364710,0
356801,1
355459,2
215832,1
216165,2
651003,1
920022,1
963751,1
257320,1
284656,0
607776,1
344561,1
635599,1
1012283,1
982918,1
796364,1
571514,1
223727,1
271797,1
200308,1
641176,1
801284,1
449794,0
729641,1
33584,1
58396,1
206207,1
528514,0
266270,1
668100,0
631746,1
288876,1
923586,1
587706,0
742101,1
393978,1
885291,1
290390,1
630532,0
819915,1
979040,0
774669,1
339839,1
927076,1
997293,1
924062,1
939183,1
893755,1
972339,1
173347,2
26977,1
912777,1
849123,1
458558,1
340826,2
358795,1
497612,1
382248,0
646009,1
422511,1
183966,0
999534,1
860021,1
247145,1
515677,1
160118,1
166248,1
71292,1
157895,1
100167,1
834549,1
677641,2
153716,2
814473,1
315635,1
178715,1
172393,0
337305,2
783090,1
969317,1
916223,2
951691,2
731725,1
347696,1
367548,1
225318,1
8023,1
466551,1
419672,1
52882,2
431843,1
897649,1
141656,1
44364,1
555460,1
517804,1
736652,0
896053,1
912164,1
656246,1
376568,1
544534,2
365575,2
204322,1
448218,1
146653,1
996454,1
474398,1
543926,1
978256,0
347142,2
253562,1
360006,1
959486,1
823563,0
750090,1
335413,1
795675,0
61969,1
225901,1
194166,1
82913,1
348910,1
134539,1
527083,0
707652,2
775475,1
694574,1
203754,1
244407,1
102811,1
387007,1
903746,1
930850,1
804261,1
165397,2
681110,1
134982,1
746350,1
434347,1
826119,1
683600,1
990306,1
974674,1
108604,1
98194,1
426603,1
86733,1
552050,1
986969,1
36091,2
188714,1
11632,1
253779,1
862364,1
552957,1
299289,0
535943,0
812259,1
1016294,1
26452,2
495049,1
389379,0
601965,1
381786,1
639324,1
771615,1
223316,1
193958,1
726819,0
772407,1
363768,1
481387,1
768527,1
807778,1
599446,1
432848,1
57535,1
407040,1
713284,0
918401,1
174007,1
29404,1
206137,2
147595,1
424928,1
65422,1
429327,1
500101,1
253504,1
1012915,1
715792,0
554544,1
811504,1
898848,1
457528,1
378133,1
205268,1
918768,1
258813,1
915527,1
181450,1
313545,0
605495,2
427277,1
485406,1
727760,1
983180,1
220412,2
218934,1
524675,1
156700,1
801178,0
707612,0
666685,1
900185,2
667158,1
361539,1
967494,1
357677,0
685260,1
651593,1
10154,0
844793,1
168150,1
83723,1
766327,1
446513,1
435571,1
349371,1
945186,1
612606,1
390193,1
110519,1
607949,1
995758,1
766554,1
410631,1
656525,1
543265,1
83172,1
20113,1
883183,0
683633,1
810040,1
961207,0
517668,1
598423,2
972661,0
784774,1
776982,1
1003168,0
28461,1
537420,1
53274,1
709511,1
354689,1
903647,1
419133,1
620845,1
165009,1
548442,1
493560,1
947243,1
732340,1
490653,1
828506,1
847639,1
908046,1
674590,0
666818,2
494118,1
192872,1
231030,1
607538,1
810183,1
361326,1
771112,1
1005184,1
576225,1
948291,1
517451,1
508332,1
445112,1
468861,1
639449,1
170421,1
333855,1
453759,1
868685,1
403121,1
3455,2
131671,2
72565,1
23626,1
745203,1
549157,2
431821,1
852314,1
818576,1
518225,1
988453,1
121746,1
343146,1
1680,1
985762,0
17681,1
340026,0
344606,1
245202,1
796368,1
902084,1
731523,1
801596,2
979891,1
781625,1
45644,0
611935,1
603978,1
492185,1
828238,1
79469,1
741948,1
906877,1
841695,0
852303,2
539910,1
958489,1
770614,1
849897,1
227480,1
15474,1
966141,1
851492,2
339259,1
4423,2
420131,1
522174,1
909733,1
333275,2
658790,1
866661,1
68759,1
83558,1
515857,0
200384,1
44771,1
174029,1
23783,0
437250,1
851793,1
291197,1
977640,1
928723,1
424153,1
282614,1
993341,1
993356,1
632673,1
792870,1
178883,1
815830,1
492006,1
884283,1
345533,1
181616,0
841457,1
231801,1
623950,1
693441,1
65697,1
720390,1
752900,1
440328,1
522790,1
580909,1
705841,1
577208,1
338393,1
797970,1
39425,1
30963,1
1001706,1
126200,1
771394,1
1012959,1
722385,1
451500,1
319653,1
212484,0
37775,1
817043,1
938153,1
439018,1
831751,1
535756,1
676446,1
199509,1
684117,1
108350,1
925254,1
219847,1
291960,0
975529,1
509403,1
358740,1
335710,1
799022,1
181520,1
259425,1
952340,1
516050,1
719275,1
810543,1
936878,1
789393,1
9060,1
499313,2
935440,1
937552,1
949722,0
360141,2
380008,1
772663,1
386024,1
739509,1
966013,0
142565,1
758072,1
948600,1
610493,1
307979,1
684634,1
222263,1
122527,1
443873,1
460289,1
370041,1
369971,1
401684,1
513525,1
975385,1
371963,1
404375,1
513330,1
418785,1
1011884,1
1015026,1
486461,1
94565,1
963762,2
539356,2
935503,1
516711,0
250244,1
831913,2
967931,1
668496,2
883426,1
169959,1
39982,1
597477,1
845336,1
227246,1
461165,1
613658,1
969034,1
396045,1
580112,1
81028,0
427204,1
476907,1
81916,0
133068,1
125537,1
937776,1
852464,1
952399,1
12695,1
466470,1
635661,0
287035,1
818947,1
695326,1
145087,0
918485,1
127403,1
828421,1
867127,1
679519,1
759657,2
212448,1
297915,1
243570,0
771794,1
260728,2
399550,1
189061,2
671919,1
621127,1
417869,1
127979,1
778126,1
948071,1
864289,1
104406,1
314957,0
134142,1
11357,0
56358,1
837052,1
966167,1
856028,1
13146,0
895870,1
768824,1
238202,1
543236,1
154221,0
677575,1
465187,1
92116,1
242166,1
994786,1
178939,2
326738,1
326880,1
305607,1
394788,1
620195,1
331057,1
386358,2
144905,1
906763,1
458206,1
700015,1
749621,1
412769,1
31807,0
31050,1
773466,1
108240,1
805310,1
890866,1
583162,1
922945,1
242562,1
858480,1
190728,1
15207,1
784826,1
771732,1
516979,1
361450,0
290343,1
107298,1
919938,2
576409,1
614138,1
442425,1
585520,1
296220,1
638275,1
235306,1
181836,1
803011,1
156971,1
926860,1
130447,1
860715,1
595633,1
173688,1
4812,1
385254,0
1006134,2
495991,1
808423,1
157792,1
194430,1
944017,1
298813,1
674822,1
235081,2
843576,1
928161,2
872154,1
899661,1
612462,1
707630,2
631562,1
483808,2
611630,0
679111,1
985168,1
937413,1
265875,1
100853,1
172339,2
727302,1
237348,0
392515,1
853146,1
404779,0
137192,1
712782,1
278888,1
41248,0
889262,0
979202,2
498206,1
899195,1
405527,0
961467,2
177383,1
578153,0
31113,2
818532,1
157194,1
796562,1
810723,1
652367,1
210020,2
1004532,1
454048,1
21426,1
244429,1
480908,1
451771,1
118966,1
744158,1
86238,2
895797,1
54987,2
100567,2
168491,1
793930,1
989700,1
959020,0
833690,1
819827,1
117529,1
343939,2
1006020,1
682009,1
608575,1
26009,2
281000,1
345137,1
501179,1
351716,1
908181,1
208487,1
487929,1
132892,1
339493,1
464546,1
672439,1
71605,1
377987,1
390571,2
364471,1
619766,1
488672,2
913781,1
207266,1
171143,1
985535,1
165485,1
986756,2
98073,1
724277,1
1005328,1
412581,1
166464,1
150492,1
88386,0
941638,1
109890,1
879997,1
670419,1
644117,1
986095,1
444339,2
1010120,2
308392,1
277847,1
220430,1
868326,1
155402,1
768974,2
777507,0
965753,1
30105,0
419441,1
309041,1
8999,1
591787,1
145047,1
150874,1
459030,1
565489,1
26771,1
165863,1
419577,1
685792,1
942312,1
693519,1
984211,1
378911,1
986448,1
866261,1
618350,1
243527,1
722774,2
89839,1
3084,1
187159,1
470,0
711862,1
591600,1
761050,1
951732,0
265383,1
954863,1
162156,1
475461,1
541421,1
736131,1
22049,1
375824,1
754740,1
322774,1
796434,1
472327,1
689202,1
173626,1
779057,1
356892,1
792111,1
665927,1
202948,1
721319,0
489604,1
509733,1
124055,1
306505,1
282210,1
85325,1
698068,1
602034,1
548288,1
612745,1
107658,2
920206,1
67882,1
569841,1
173453,1
564396,1
630873,1
397435,1
812512,1
874060,1
910214,0
1007740,1
664845,1
759598,1
142899,1
957554,1
778427,0
781166,0
1003818,1
541234,1
387249,2
493597,1
350494,1
946594,1
303142,1
608117,1
43602,1
747029,1
780187,1
59775,2
866272,1
43561,1
716306,1
683673,1
284333,1
220023,1
255209,1
81134,1
302970,0
982631,1
986202,2
612080,2
879667,1
828931,0
991028,1
531961,1
727191,0
808614,1
292462,1
287860,0
751789,2
620331,1
825367,2
368570,0
100325,1
610248,1
422508,1
100093,0
628049,1
169199,1
484816,1
431113,1
487231,1
800074,1
812534,1
400694,1
486928,1
301045,1
773158,1
28384,1
1001467,1
595420,1
207743,1
606456,1
322709,1
333187,1
723100,2
511596,1
96149,1
883118,2
92967,1
336351,1
241051,1
360200,1
950537,1
596472,1
281745,1
306222,1
752779,1
952700,1
739097,2
658817,2
394216,1
88371,1
533747,1
928419,1
267815,0
740408,1
926651,1
463383,1
956344,1
382064,2
682188,1
904721,1
370610,1
235397,0
819294,1
15214,1
836011,1
571796,1
383348,1
870600,1
506763,1
864201,1
508820,0
834105,1
659953,0
643233,2
463721,1
385287,0
747506,1
751969,1
219751,1
128110,2
908556,1
831678,0
467523,1
929269,1
985609,1
26492,1
419984,2
944864,0
909968,1
1015862,0
288700,1
414235,1
234877,1
265691,1
947841,1
254208,1
540765,1
798160,1
14932,1
470556,0
233755,1
216206,1
510676,1
905780,1
50613,1
503757,1
191677,1
576290,1
104509,0
299975,1
89666,1
636592,1
611762,1
608704,1
864414,1
845574,1
716225,1
545106,1
839175,1
942419,1
608061,1
1012012,1
530212,1
784855,0
55654,1
874152,1
32969,1
670367,1
148358,1
321810,1
134421,1
396357,1
654332,0
677689,1
675016,1
374243,1
321825,1
258307,1
151509,1
331963,1
922549,1
135976,1
711367,1
104428,1
357420,1
113976,1
976768,1
889985,1
182950,1
883370,1
343018,1
358238,1
465253,1
931565,1
845680,2
482674,2
535198,1
124907,1
900703,1
481314,2
726246,0
816336,1
514272,1
595471,0
364857,2
949638,2
649550,1
595093,1
131822,1
343319,1
660980,1
176591,1
203442,1
293203,1
572382,1
631580,1
821415,1
846263,1
227356,1
738522,1
866052,1
10749,1
179686,1
553275,1
43484,1
633528,1
801123,1
964374,1
938663,1
800522,1
655942,1
972720,1
125162,2
310377,1
989032,1
870886,2
797130,1
5,1
6997,2
308837,2
933970,1
451409,1
574715,1
963076,0
448672,1
192670,1
275218,1
625406,1
21774,1
713505,2
196638,1
582059,1
721209,2
661398,1
460759,1
916131,1
588468,1
761142,1
515046,1
889178,1
209202,1
352595,0
315862,1
148619,2
935257,1
149821,0
906499,1
936926,1
650549,1
688656,2
804074,1
103331,1
763706,2
338896,1
904240,1
905029,1
489002,1
388327,1
221615,0
646111,1
142866,1
322840,1
223851,1
220951,1
494756,0
878079,1
823930,1
236684,1
43576,1
78758,1
792511,1
377268,2
857560,1
35429,0
218835,1
321726,1
397974,1
862760,1
516795,1
592704,1
137615,1
705261,1
705386,1
695571,1
281389,1
408074,1
246258,1
890279,1
744433,1
868395,1
184615,1
898385,1
14073,1
645228,1
868216,1
152623,1
592311,1
194339,0
265417,0
802627,1
333190,1
831854,2
412875,1
693548,1
565009,1
851614,0
219139,1
876752,1
980909,1
259854,1
1008943,1
262490,1
262153,1
335208,1
552649,1
264001,1
857685,1
441729,1
246401,1
909751,1
570557,1
371273,1
1004408,1
328024,0
546499,1
697991,1
389302,1
658956,1
16820,2
311433,1
369605,1
56699,1
535150,1
47606,1
651007,0
196256,2
452790,1
461224,1
36143,0
178036,1
309393,1
19841,1
495409,1
644436,1
894143,1
401068,1
225769,1
852075,0
151486,1
813670,1
724064,1
369711,1
752661,1
673050,1
968279,1
108619,1
882979,2
528686,1
712104,1
465819,2
40607,1
54381,1
352830,1
70493,1
220739,1
690996,0
566570,1
97935,1
1011558,1
498190,1
837786,1
816350,0
983753,1
672347,1
585142,1
264401,1
909278,2
383043,1
448357,1
453007,1
342097,1
743535,2
498565,1
44867,1
814723,0
904864,1
540699,1
910786,1
269736,1
844896,1
531686,1
632079,1
824818,1
479582,0
942998,1
870798,1
999556,1
16574,1
655616,1
497670,1
101333,0
12824,1
945384,1
629648,1
72459,2
421859,1
693034,1
217937,1
218204,1
139309,2
229846,1
82351,2
589270,1
494532,1
733000,1
934836,1
994694,2
121991,2
435267,1
886168,1
2311,1
858114,0
852006,2
262072,2
966097,1
480977,1
398685,0
67428,1
37195,1
828872,1
84317,1
500673,2
725858,1
171774,2
13373,1
73368,1
362235,2
620085,1
737158,1
504839,1
838718,1
752881,1
918915,1
746666,1
522181,1
18242,1
1005551,1
765762,1
301030,1
541359,1
29877,1
600267,1
805604,1
14712,1
332234,1
59797,1
430039,0
163528,1
986228,1
606926,1
926486,1
875355,1
283916,1
683754,1
40463,1
105182,2
959886,1
522505,1
588505,0
267309,1
709999,1
363386,1
248021,1
986682,1
534704,1
879689,0
978755,1
952744,1
486704,1
401329,1
1003021,0
879968,1
627293,1
733723,1
321524,1
368787,1
468010,1
367870,1
605895,1
49923,0
963858,1
519291,1
25741,0
972690,2
251076,1
78923,1
839890,1
13894,1
630084,1
84643,1
619113,2
351587,1
385423,1
31979,2
503250,2
647181,1
90844,1
652572,1
218178,1
107283,2
625387,1
887781,2
771314,1
354047,1
581487,1
461484,1
330724,1
222454,1
550467,1
282038,2
72338,1
847455,1
998353,1
474626,1
103162,1
481541,1
602892,2
820630,1
870541,2
70064,1
878424,1
587753,1
606067,1
623022,1
786372,0
381991,1
411933,1
174278,1
724820,1
170795,1
479032,1
283394,1
158474,1
782486,2
914980,2
514313,1
346321,1
603420,2
156205,2
564367,1
46546,1
934395,1
957613,1
123850,1
28517,1
356243,0
913606,2
770782,1
580897,1
597778,0
211171,2
975907,2
420843,1
955280,1
498587,1
174913,1
1007832,1
225196,1
632310,1
275672,1
1016841,1
91056,1
1006725,1
410066,2
876206,1
952348,1
264250,1
174047,1
436686,1
742361,1
951251,1
223837,1
609792,1
960965,1
837089,1
494994,1
265893,1
326851,1
624030,1
310461,1
406986,1
926329,1
668735,1
52321,1
770317,1
145274,0
724545,1
903551,1
238789,1
866119,1
906242,1
496967,1
909238,1
683772,1
998452,1
854121,1
945762,1
787627,1
801912,2
142408,2
466676,1
71689,1
272471,1
103908,1
26287,1
324442,1
421510,1
603017,1
236574,1
338368,1
206481,1
166479,1
458341,1
131778,2
120532,2
158294,1
329050,1
251487,2
448379,1
378849,1
906437,1
714560,1
116087,0
405053,1
347928,1
891618,1
637964,1
868164,1
313493,1
634271,1
208681,1
723254,1
684814,1
806803,1
263051,1
620272,1
148622,1
382299,0
179910,1
134975,1
498510,1
655476,1
869572,1
746024,1
250772,1
446906,1
584776,1
17825,1
749588,1
864308,0
393897,1
505131,1
503809,1
534982,0
752742,1
98426,2
561328,2
17289,1
700224,1
557918,1
913484,1
269383,2
231720,1
58792,1
521922,1
545960,1
358704,0
546202,2
88827,1
262249,1
307205,1
727838,2
780194,1
600333,1
586770,2
960646,1
528808,1
634910,2
217786,1
704381,1
448247,1
443583,1
830611,1
218442,0
220133,1
89952,0
501234,0
416794,2
690109,0
155134,1
878259,1
446722,0
317358,1
155394,1
71249,1
917613,1
490507,1
726011,1
873247,2
95218,1
537174,2
215157,1
612136,1
664382,1
886821,1
499276,2
322286,1
342307,1
332887,1
900659,1
400218,1
911552,1
405082,0
796122,1
403837,1
201994,1
863365,0
248399,1
141355,1
37665,1
185953,1
124697,1
244193,1
72213,1
738911,1
964323,1
500930,1
437742,1
876257,1
404926,1
254905,1
887374,1
290200,1
616738,1
205107,1
452923,1
868517,1
416123,1
269358,1
512209,1
93278,1
603321,1
314315,1
971187,1
460421,1
741434,1
475993,1
573655,1
651355,1
1003553,1
548549,1
180439,1
303861,1
627400,1
282119,0
978818,1
370562,0
466690,1
174168,1
219836,1
634624,1
452130,1
813234,1
672358,1
39414,1
85288,1
178872,1
99375,0
113396,1
302637,1
146451,0
981362,1
3396,1
202665,1
127054,0
82832,2
674095,1
508109,1
900222,1
613782,1
858048,1
938957,0
719716,1
138388,1
990793,1
314894,1
863417,2
566978,1
47554,1
362525,1
282834,1
247486,1
2829,1
907805,1
566938,1
290516,1
734591,1
401659,1
1015778,0
906448,1
808074,1
418891,2
116414,1
942062,1
450125,1
161511,1
956931,2
464803,1
393707,1
165324,0
197466,1
1015833,0
914342,1
170586,1
29239,2
200065,1
137974,1
907607,2
374229,1
593257,1
34857,0
595424,1
810198,1
7561,1
933457,1
1005052,1
522729,1
144039,1
439564,2
728688,1
662377,1
230040,1
640924,1
109436,1
591109,1
35054,1
569838,1
30923,1
844856,1
386291,1
591916,1
992319,1
86326,1
766033,1
471692,1
676060,1
223525,1
393439,1
975914,1
588695,1
422650,1
484599,1
585252,0
132397,2
398832,1
205826,1
867534,1
616558,1
638679,1
404092,1
410947,0
154856,1
515798,1
751305,2
437218,1
605866,1
999761,1
175349,1
259740,1
961845,1
142583,1
77254,1
383263,1
777628,1
70002,1
244010,1
394465,1
610039,1
55881,1
767760,1
426269,0
778643,1
864083,1
522321,1
352357,1
941553,1
465958,1
699359,1
726194,1
960514,0
311808,1
169874,1
802539,1
175088,1
1012849,1
901443,1
126329,1
546239,1
88562,1
187063,1
277058,1
180754,0
556520,1
81963,1
582477,1
633377,0
761340,1
601705,1
606892,1
750780,1
671845,2
243112,1
960657,1
620823,0
460106,1
217801,1
34112,1
147074,1
694530,1
109513,1
855159,1
279731,1
107166,1
477346,1
177666,1
217346,1
93359,1
582624,1
423581,1
435593,1
29161,1
447110,1
781852,1
951028,1
655913,1
263231,0
660140,1
144765,1
852071,1
835876,1
627631,1
619506,1
525232,1
300048,1
282067,1
870244,1
58804,1
934142,1
382255,1
718517,1
390476,1
333019,1
621981,1
700572,0
962208,2
255850,1
708099,1
357684,1
119655,1
421165,1
794810,1
79968,1
410473,1
16857,1
790083,1
5369,1
439546,2
666810,0
762815,1
42315,1
709661,2
189135,1
554834,1
826353,1
725560,0
53656,1
806935,1
1007630,2
590984,0
173949,1
256011,1
395594,1
167876,1
905704,1
807378,1
450352,1
576074,1
451049,1
367276,1
62290,1
901575,1
322598,1
906286,1
538902,1
888618,2
844375,1
933743,1
815133,1
56545,1
186231,1
88591,1
663345,1
998577,1
196087,1
926538,1
78790,1
547874,1
544794,2
220052,2
735457,1
246247,1
527777,1
626935,0
605972,0
34167,0
102800,0
876525,1
412703,2
198346,1
20807,1
296770,1
171356,1
553990,1
202229,0
319426,1
496262,1
560044,1
380011,1
146389,1
63149,1
1005999,1
321120,0
741034,1
942804,1
100,1
216873,1
106958,1
114610,2
478163,1
644531,1
838075,2
115439,1
36561,1
310692,1
136775,0
727599,1
115428,1
317464,1
179404,1
555600,1
814202,1
466940,1
709009,1
538575,1
66753,1
884607,2
422452,1
686009,2
980570,1
408625,1
198474,1
499823,2
98370,1
184145,1
59809,1
673968,1
852776,1
373998,0
614482,1
936793,1
243608,1
911431,1
703524,1
537831,1
924624,1
537280,1
690365,1
467545,1
771130,2
378254,1
942796,0
570627,1
339963,1
834035,1
975297,1
115974,1
777969,1
94903,1
371945,1
92196,1
68928,0
737767,1
321212,1
768266,1
537475,1
336755,1
447972,2
794649,1
355448,1
518449,1
997697,1
182877,1
620353,1
461183,1
831630,0
648072,1
728,1
787568,2
71139,0
219564,1
700037,1
912014,1
698637,1
165038,1
824399,1
817531,1
464872,1
141061,1
981476,1
956939,1
490062,1
741816,1
637278,0
509153,1
263099,1
441952,1
853616,1
836653,1
445277,1
1016900,1
3594,1
502679,1
286030,1
663118,1
339365,1
805666,1
976841,2
238400,1
26621,1
889691,1
999725,1
180534,1
831171,1
660937,1
901245,0
806939,1
763962,1
38974,1
443620,1
423659,1
888830,0
1839,1
523957,1
778940,0
292073,1
14312,1
418062,1
299087,1
262773,1
580901,1
439704,2
643963,1
40470,0
95070,1
785984,0
976665,1
487011,1
883220,1
935392,1
691216,1
450918,1
1002149,1
260573,1
825679,2
868120,1
548695,1
74156,1
90781,1
764589,1
885743,1
351228,1
116410,1
280777,1
547878,1
323137,1
335390,1
237850,1
200865,1
714681,1
836400,1
39957,0
446252,1
679478,1
738603,1
328336,0
231371,0
383340,1
1016409,0
119938,1
805071,1
720424,1
540031,1
375358,1
11386,1
880207,0
148725,0
806388,1
49604,1
316805,0
431748,1
749676,0
481589,1
166680,1
669824,1
434031,1
34729,1
965573,1
754032,1
433973,1
304392,2
1003289,1
716276,2
997965,1
629912,0
373976,0
886322,1
300741,2
635364,1
961555,1
790678,1
514027,1
985380,1
194566,2
768714,1
797893,1
831407,1
112098,1
271915,1
626979,0
111420,1
272178,1
229255,1
161856,1
753402,1
906015,1
13333,1
277124,1
627932,1
697900,1
786790,1
212404,1
465606,1
528631,1
137116,1
900934,1
317992,2
221417,1
619623,1
411342,2
320442,1
790157,1
77180,1
439906,2
120008,1
571172,1
986345,1
386116,1
823233,2
18389,1
133985,1
273443,1
641778,1
1012760,1
160293,2
156649,1
376359,1
177790,1
191592,1
552245,1
332212,1
130384,1
691708,1
202434,1
195446,1
278613,1
967942,1
144093,1
764581,1
257870,2
278800,1
692697,1
383182,2
382732,1
795367,1
865220,1
300194,1
302189,1
788943,1
734386,1
885215,0
668551,1
276417,1
629358,1
944978,2
721979,2
4922,1
789371,0
210798,1
396911,1
438655,1
43136,1
525760,1
56079,1
324424,1
923296,1
561870,1
349562,0
833885,1
685613,0
284131,1
172629,0
625527,1
634514,1
969940,1
87172,0
464946,2
636714,1
388220,1
35391,0
159996,1
523418,1
680490,1
915828,1
255971,1
882146,0
603402,1
715044,1
278048,2
274187,0
550357,1
792290,1
476404,1
803279,1
999978,0
832444,1
315440,1
898165,1
515266,1
340804,1
134748,1
257852,1
83598,1
669486,1
808702,1
683343,1
98169,1
637399,1
520345,1
179426,1
777176,1
68120,1
267510,1
513309,1
691924,1
866739,2
136661,1
52284,0
985311,1
667367,2
760204,1
97461,1
925089,2
94033,1
668159,1
259751,1
281620,2
491405,1
500486,2
819409,1
777800,1
98231,2
173361,1
6201,1
46128,1
104758,1
571701,2
493935,1
916612,1
31733,1
238239,1
689529,0
14268,1
732528,1
507104,1
912216,1
330335,1
691403,1
678550,1
774995,1
160015,1
587364,1
860432,1
454220,1
597620,1
270914,1
722103,1
760310,1
581179,1
605440,1
401350,1
94639,1
291751,1
762363,2
234891,1
587100,1
934968,1
113682,1
245154,1
496398,1
216756,1
462515,1
10095,1
986617,1
752797,1
640359,0
312298,1
668793,1
205594,1
360035,1
1004374,1
15089,0
90055,1
389250,1
682474,1
588181,1
534234,2
747564,1
472051,2
250651,1
737903,1
129559,1
652925,1
446326,1
636280,1
20609,1
673795,1
278558,1
578920,1
809116,1
213397,1
170436,1
821697,1
60689,1
517899,1
249437,1
265372,1
230789,1
416677,1
819636,0
980677,1
453050,2
963931,1
326576,1
865510,1
798131,0
294028,2
902606,1
125225,1
1011590,1
18774,1
736403,1
415397,1
410543,1
575316,1
570692,0
33661,2
693148,1
299432,1
446737,1
268034,0
635870,1
481332,1
542679,1
450190,1
293797,1
229204,0
358418,1
999842,1
211971,1
732700,1
685301,0
661574,1
281738,1
1008712,1
27464,1
517378,0
103045,1
191053,1
364068,1
836781,1
960367,1
581865,1
388099,1
422812,2
894264,1
818547,2
857825,2
478615,1
789287,0
90529,1
760347,2
1017930,1
568507,1
160279,1
525243,1
955952,1
269174,1
286742,2
920671,1
261013,1
482036,2
547676,1
671654,1
250192,1
60047,1
370614,2
23017,1
798391,1
267770,1
290505,1
46814,1
761315,1
961797,1
223349,1
559233,1
222076,1
627206,1
656671,1
1007641,1
984181,1
51735,1
534050,1
299281,1
67307,1
430130,1
309119,1
388286,1
974605,1
949663,1
823093,1
651380,2
403899,1
383649,1
940930,1
949458,2
6454,0
442102,1
911798,0
357156,1
53568,1
477375,0
368222,1
692660,1
835821,0
1013541,1
153969,1
112326,1
1886,1
526736,1
654284,1
471047,2
260647,2
162046,1
358836,1
251421,1
908383,2
107078,1
37360,1
17780,0
755884,1
409545,0
785191,1
168929,1
1002321,1
347256,1
134689,2
430941,2
382138,0
669501,2
343270,1
179338,1
110397,1
449820,1
585157,1
941872,1
750010,1
550991,0
951394,0
335394,1
140284,2
492211,0
431421,2
388158,1
697908,1
120448,1
233638,1
145869,1
10639,1
670709,1
965643,1
455650,1
489875,2
88445,0
665710,1
201635,2
40757,1
46032,1
916094,1
975664,1
70134,1
856721,1
304525,1
528323,1
90444,1
407826,1
923612,1
459184,2
866456,1
648942,1
63505,1
166105,1
486308,1
800980,1
73908,2
627008,1
702439,1
801039,1
58316,1
1011723,2
857939,1
269152,2
340855,1
421334,1
866720,1
499940,1
386075,1
568730,1
190739,0
691524,1
2649,1
255010,2
322808,1
43129,1
570337,1
914959,1
322345,1
713163,1
488430,1
134795,1
151680,2
287729,0
903397,1
548640,0
958739,1
434945,1
256022,0
402429,1
495371,1
703054,0
374023,1
508013,0
221985,1
421158,1
56303,0
526585,1
2898,1
650648,0
671566,0
437357,1
663404,2
5251,1
717970,1
211322,1
191992,1
818293,1
555754,1
232163,1
248605,1
868946,1
907368,1
641033,0
943456,1
917738,1
786222,1
191897,0
865983,1
274789,2
750605,1
772579,1
945124,2
164048,1
800551,2
970957,2
21415,1
322194,1
865129,1
951688,0
548970,1
953239,1
745625,1
369175,1
458107,2
491683,1
685888,1
295340,1
510474,1
89042,1
869129,1
969199,1
305360,1
892604,1
893847,1
105524,1
227422,1
474909,2
184839,1
552788,1
697427,1
456031,1
87011,1
915259,1
324116,1
126314,1
950137,1
721025,1
706350,1
134634,1
468821,2
476781,2
824719,1
690428,1
1000462,1
15034,1
310418,1
453270,1
305661,2
659986,1
247644,1
856945,1
904189,2
331200,1
467585,1
712665,1
877122,1
710667,1
525335,1
889365,1
131080,1
541065,1
680528,1
619410,0
703498,1
810701,1
598702,1
655788,1
154195,1
33922,1
806465,1
504493,1
835212,1
116245,1
787528,1
437159,1
224544,1
552322,1
880236,0
896758,1
959651,1
167065,1
895214,1
992171,1
999181,2
773198,0
941579,1
807228,2
900013,1
313563,1
644986,1
626447,2
836187,1
666010,1
454172,0
613603,0
917972,1
865936,1
856871,1
181722,1
138117,0
281462,1
348525,1
287985,1
279977,2
203068,0
453700,1
664856,1
470390,2
782640,1
486458,2
443569,0
687277,1
707315,1
523553,1
346329,1
770706,1
77423,1
838398,1
910485,1
273289,1
313927,1
610868,2
919453,1
470354,1
776799,1
583290,1
997165,1
802025,2
545780,1
779813,1
92585,1
964206,1
696451,1
206379,2
82704,1
113756,1
683688,1
324361,2
722514,1
943492,0
917617,1
772124,1
387337,1
885772,0
520099,1
955695,1
214945,1
617533,1
500585,1
368875,1
500776,1
265626,1
362055,1
395374,1
232556,0
69408,1
487895,1
390605,1
948017,2
23989,0
261736,1
812567,1
168554,1
578708,1
245628,2
65800,1
603945,1
212590,1
590324,0
561085,1
685080,2
274738,1
56372,1
280164,1
727775,1
566688,1
8335,1
143537,1
610295,1
663415,1
356870,1
269251,1
240355,1
549043,1
721146,1
987881,1
520554,1
580578,1
149560,1
189560,1
333972,0
241642,1
262542,1
420476,1
506444,1
848706,0
88852,1
17007,1
75476,1
761807,1
941616,1
1008848,1
362242,1
970319,1
964161,1
646214,1
561805,1
695638,1
826180,1
494187,1
903254,1
1014795,2
75465,1
840683,2
527799,1
522002,0
595167,1
108046,1
953910,1
785328,1
295869,1
366961,2
350825,1
307517,1
118852,1
853704,1
1012867,1
340709,1
1011727,1
203592,1
52820,1
929867,1
708374,1
760530,1
1013765,1
530681,0
1009023,1
18044,1
100974,1
448940,1
597921,2
364219,1
763016,1
785232,1
243464,1
360945,1
57997,1
77229,1
950577,1
624353,1
122,1
592267,0
63732,1
89651,1
886685,1
731226,0
315781,1
291003,1
12787,0
314256,1
641338,1
891140,1
970311,2
533109,1
457230,1
618413,1
843716,1
753123,1
130355,2
616338,1
923315,1
757123,1
416875,1
237971,1
326426,1
360244,1
402164,1
354993,1
164239,0
427909,1
611153,1
894976,1
550368,1
203053,1
807147,1
473258,1
175547,1
224841,1
312108,1
462845,1
12556,1
842418,0
950016,1
577248,1
471546,1
604113,1
929386,1
808816,1
645745,1
398946,1
391154,1
632093,0
283112,1
324105,1
619348,1
487286,0
151794,2
714759,1
455023,1
754201,1
14660,1
400753,1
501036,1
582019,1
597642,1
57047,1
768163,1
62489,1
960774,1
153617,2
443958,1
922163,1
550955,1
848911,2
813692,1
712731,0
677894,2
732539,1
130553,1
364981,1
734849,1
378548,0
986873,2
287923,0
101850,1
432488,1
115802,1
219609,1
18158,1
427097,1
534641,1
173303,1
789779,1
339680,0
448614,1
468421,1
258640,1
704099,2
513635,1
507140,2
249532,1
771295,0
106514,1
453436,1
845079,1
397761,1
869246,1
166604,1
872606,1
578182,1
606225,1
207846,1
426492,0
853117,1
95386,1
267040,1
621109,1
727908,1
950812,1
783281,1
145454,1
194159,1
1001683,1
875638,1
928895,1
662153,1
772072,1
355305,0
751811,1
892273,0
530193,1
78295,1
262263,1
87235,1
228386,1
775695,1
797372,1
61019,1
510760,1
978308,1
776681,1
994180,1
32055,1
41365,0
1009797,1
970843,1
630844,1
877959,0
1006637,1
19313,1
281095,1
221596,1
847554,1
713071,1
742776,1
955909,0
636291,2
593628,1
61998,1
756878,2
858550,1
188718,0
185168,1
383333,0
41927,1
641488,1
914852,1
364369,2
368534,1
718179,1
565980,1
917305,2
864670,2
936438,1
385658,1
254325,1
3543,1
219216,0
40203,1
855067,1
48522,1
3019,1
965056,1
467053,1
823178,1
693159,1
106833,1
694042,1
443066,2
639137,1
138986,1
796162,1
557705,1
95896,2
88328,1
199192,1
177794,1
287677,1
237803,1
162222,0
640517,0
241095,1
7338,1
938065,1
102224,1
442883,0
123843,1
416215,1
117323,1
622249,1
490118,1
124231,1
716962,0
487066,2
899540,2
524341,1
310029,1
367562,2
724471,1
186309,1
438060,1
534399,2
783722,1
803682,1
672790,2
902891,1
635250,1
732494,0
47785,1
6410,0
140383,1
343153,1
374753,1
419405,1
818518,1
136892,1
660225,1
266124,0
875670,0
663011,0
90345,1
85471,2
355121,2
399910,1
57935,1
766374,1
389287,1
258927,1
403190,1
446238,1
101517,1
322293,1
865833,1
413249,1
230271,1
794498,2
276251,1
544592,1
241202,1
68098,1
574421,1
769087,0
420520,1
402582,1
282830,1
447756,1
390759,1
743605,2
22302,1
618820,1
177039,1
474424,1
11243,1
490918,0
594445,1
92280,1
337437,1
963351,1
404955,1
623370,0
594371,1
39212,1
900912,1
1011309,2
735541,1
190067,1
469275,1
982055,1
812332,1
403532,2
567744,1
836932,1
193943,1
1009955,2
979084,1
871238,1
518489,1
110991,1
57179,1
543434,1
151871,0
797321,1
362305,1
17300,1
183016,1
346325,2
692907,1
685826,1
177802,1
539561,1
293191,1
266667,1
244391,2
702611,1
875241,1
837151,1
42854,2
152458,2
963344,1
503027,0
980,1
835557,1
995200,1
661567,1
625259,1
771750,1
745038,0
77618,1
14367,1
228119,1
970227,0
316492,1
64795,1
407419,0
904981,1
749540,1
808647,1
271005,1
421503,2
540600,1
263561,1
377837,1
462456,1
230697,1
800687,1
30541,1
924084,1
938014,0
40841,1
573248,1
854147,0
94459,1
46209,1
194955,1
636842,1
645477,2
681709,1
915655,0
672288,1
831715,1
903573,1
448856,1
599354,1
956814,1
557091,1
701195,0
740503,2
971084,1
784000,1
987324,1
724534,1
557183,1
237634,0
32734,1
67897,1
265174,0
238756,1
522468,1
489325,0
739185,1
753192,1
1010014,1
973615,0
418190,1
347645,1
484210,1
495852,0
347898,1
1000176,1
328615,1
467985,1
228092,1
425260,1
1017846,1
221963,1
790571,1
447958,0
785650,1
417160,1
555398,0
552890,2
584527,2
272248,1
111916,1
284814,1
859625,0
829022,1
695913,1
549531,2
397303,1
304510,1
392357,1
864791,1
910845,2
746321,1
854918,1
110467,1
387050,1
774775,1
975895,1
418150,1
244403,1
76543,1
318681,1
318803,0
158588,1
388910,1
154508,1
34897,1
968819,1
129070,1
210431,1
650460,2
272196,1
463714,1
250068,1
423255,1
626605,1
394414,1
741830,1
814323,1
1016214,1
858547,1
373914,1
204832,1
734166,0
1012739,1
491140,1
600098,1
304000,2
347337,2
645558,1
784309,1
211315,2
617878,1
718429,1
767449,1
92420,1
286607,1
369887,1
88379,1
441226,1
823068,2
88074,1
570135,1
551093,1
841640,1
333693,1
398656,1
747117,1
277719,0
677094,1
759286,1
175125,1
415999,1
581502,1
988321,1
81552,1
499735,1
557789,1
342071,2
326932,1
51636,1
589670,1
851504,1
832004,1
809123,1
22551,1
328431,1
849354,1
841262,1
104941,1
134157,2
1011819,1
728985,0
740972,1
435142,1
257973,1
398872,1
11944,1
563113,1
924125,1
245242,2
326345,2
28946,1
447154,1
425624,1
405608,1
369586,1
82634,1
946770,1
787069,1
235375,1
945759,2
361311,1
96790,1
98220,1
370155,1
565508,1
222212,0
992843,0
269743,1
537402,2
624779,1
148909,1
993679,1
614394,0
731174,1
153701,0
184608,0
314197,1
379868,1
581061,1
846704,1
273568,1
121603,2
105094,1
813795,0
269505,1
58646,1
981751,1
366062,0
194702,1
154306,1
2384,0
606122,2
995332,1
130146,1
994508,1
531701,1
536452,0
527627,1
176647,1
231467,0
286717,2
984288,0
777499,1
680715,1
498044,0
751639,1
794593,1
475058,1
958991,1
796904,1
139026,1
493861,1
403019,1
340576,2
218060,1
305342,1
354029,1
448030,1
82719,1
239728,1
296484,1
115868,2
912557,1
969049,1
451999,1
317585,0
687219,1
689598,1
2205,1
973680,2
703641,1
104097,0
879498,1
610820,0
796555,1
507272,1
644850,1
998269,1
348899,1
1149,1
206030,2
956689,1
126783,1
898491,1
257654,1
273586,1
171855,1
139624,1
276174,1
405901,1
198379,1
4643,1
873438,1
680737,1
324765,1
115002,1
629835,1
410147,1
636343,2
313152,1
264937,1
152557,1
54462,1
401974,1
13296,1
672824,1
721465,1
607112,1
953954,1
471766,1
18404,0
523799,1
145784,1
141953,1
213533,1
244139,2
338537,1
128741,1
704462,1
892086,0
506305,1
233447,1
904552,1
385661,1
528741,1
328112,1
894914,2
384800,1
914955,2
829316,1
100460,1
627848,0
355987,2
188350,0
630338,1
949076,0
208425,0
999244,0
961562,1
972566,1
546756,1
742996,1
422313,1
299652,1
1000950,0
644623,1
613115,0
224537,1
288102,1
999192,1
752629,1
81336,1
11702,1
867574,1
446443,2
310528,2
756203,1
125823,1
858279,1
142639,0
369223,1
212576,1
339417,2
489684,1
195516,1
190001,1
56626,1
685239,1
538388,1
360879,1
637113,0
242441,1
773129,1
980501,2
422427,1
83620,1
49530,1
579286,0
721704,1
23057,1
722084,1
260687,1
955989,1
826889,1
80236,1
121973,1
598191,2
545553,1
759778,1
51856,1
4625,1
935947,1
140464,0
673193,1
893528,1
163175,1
459258,1
584468,2
935763,1
359888,1
822896,1
728310,1
390762,2
529878,1
194690,1
421903,1
443206,1
137846,1
485464,0
982569,0
593080,2
640997,1
98026,1
578513,1
716162,1
177868,1
9659,1
825990,1
929665,2
11584,1
436613,1
354502,1
374584,1
334915,1
799752,1
313985,1
174854,1
21767,1
180222,1
48603,1
722194,0
38783,1
934216,1
747766,1
367261,1
268074,1
176104,1
744150,1
985513,1
154980,1
898107,1
327647,1
1003502,1
712173,1
251274,1
713053,1
293603,1
327470,1
184817,1
633928,1
490271,1
358311,1
834992,1
381911,1
280539,1
633421,1
1004381,2
440203,1
303270,1
74633,1
293940,1
176221,2
867956,1
70141,1
561177,1
988042,0
303906,1
688865,1
289202,1
907353,1
121180,2
99070,1
743090,1
775662,1
238264,1
479612,1
625251,1
732924,0
256242,1
583265,0
670969,1
291348,0
792849,1
525401,1
556953,1
492556,1
311891,1
948828,1
34707,1
420256,1
848926,1
210909,1
761256,1
120657,1
998584,1
518258,1
763140,1
256370,1
749706,1
859188,2
209356,1
105432,1
279845,1
686405,1
440463,1
120338,1
900365,1
942855,0
621185,1
338746,2
482168,1
111105,1
723492,1
997488,1
252426,1
694402,1
366312,1
382284,2
365722,1
55331,1
202489,2
463633,1
983881,1
598849,1
649037,1
959251,1
855573,1
750571,1
667206,1
76727,1
577354,2
348396,1
682342,1
570157,2
446663,1
1009775,1
867934,1
271522,1
407187,1
156003,1
586231,1
907265,1
695762,0
869019,1
527029,1
249495,1
655520,1
16970,1
288623,1
726587,2
398380,1
760259,0
467772,1
211997,1
948134,2
370078,1
559956,1
498213,1
365898,1
276725,1
916766,1
985711,1
712661,1
972375,1
412905,1
613140,1
130638,1
832246,1
527069,1
669215,1
1005508,1
586925,0
51302,1
877948,2
605572,1
109542,1
928088,1
364949,1
642504,1
467068,1
695575,1
105788,1
899948,1
482432,1
844522,1
189762,1
810037,0
803866,0
755947,1
427578,1
749625,1
928837,1
189975,1
676552,0
188192,2
32323,0
204546,1
839319,1
122361,1
732722,1
527689,2
789757,1
800375,1
826199,1
515905,1
788231,1
924738,2
178124,1
53238,1
957532,1
261435,1
421749,1
134476,1
694145,1
21143,1
113217,1
329960,1
249484,1
839472,1
150904,1
299946,1
434996,1
388004,1
484775,1
219241,1
244351,1
683178,1
287369,1
396474,2
763805,1
787102,1
37445,1
185319,0
554328,0
512553,1
213371,1
60384,1
770973,1
316049,1
324846,2
54811,1
946190,1
424887,1
229295,1
618695,1
162329,1
72525,1
87282,1
426588,1
760512,1
605392,0
484856,2
316111,1
977835,2
315840,1
616118,1
503676,1
6252,1
864906,1
836158,1
571745,1
986433,1
312188,1
368307,1
600759,1
763100,2
51416,1
174575,0
557136,0
681451,1
429646,1
392551,1
574267,2
393475,1
244483,0
285631,1
300738,1
36008,1
7257,1
539099,1
111611,1
192238,1
503551,1
148255,1
825235,1
311880,1
635474,1
934502,1
318898,1
592197,1
767412,1
290615,1
397688,2
585869,1
597998,0
549443,1
512968,0
358788,0
90165,0
712357,1
59016,1
126963,0
534322,1
758751,1
156711,1
220559,1
776377,1
789148,1
1010333,1
503650,1
266094,1
257357,1
121467,2
324178,0
152160,2
126718,1
311642,1
232482,1
405828,1
434930,2
708943,1
688014,0
493160,1
523344,1
887675,1
108079,1
805406,1
778180,1
47132,0
902206,1
40034,1
121346,1
402061,1
623628,2
333730,1
441222,2
99834,1
92020,1
591149,1
371974,1
966130,1
635504,1
687325,1
38200,1
184318,1
998478,1
567454,1
1001915,1
106983,1
621956,1
169393,1
542437,1
456747,1
193264,1
903591,1
721179,1
889839,1
646409,2
713446,1
756995,1
398971,1
307018,1
791161,1
76327,1
401299,1
278316,1
92901,1
736917,1
200054,1
264519,1
695582,1
400878,1
463028,1
811030,1
601301,1
482902,2
238440,1
352911,2
601624,1
247842,1
14583,1
747209,1
253474,1
23002,2
161449,2
817292,1
510636,0
904307,1
382864,1
611245,1
1005588,1
725267,1
947999,1
176801,1
7617,1
603163,1
265648,2
167102,1
899643,1
477584,0
164132,1
316298,1
208843,2
47279,1
108354,1
193019,1
297782,1
982011,1
847774,1
31289,1
570308,2
228199,1
144530,1
498129,0
86645,1
787087,1
842719,1
682203,2
557709,1
506239,1
179811,1
573321,1
476172,1
849963,1
697823,1
290761,0
82025,1
697290,1
436781,2
127421,1
194573,2
7330,1
736612,1
907412,1
904992,1
271030,1
804900,1
888335,1
134685,1
335372,1
564561,1
524844,0
779064,1
868029,1
440566,1
131844,1
88283,1
846887,1
677630,0
927627,0
789511,1
58246,1
79117,0
260551,1
438181,1
333345,1
82726,0
519109,1
475836,1
781416,1
496978,1
425752,1
847972,0
244308,1
486069,1
713013,1
722976,1
755734,1
195941,1
576085,1
460058,2
441912,1
92839,1
309438,1
314296,1
332319,1
140592,1
424315,1
515383,1
779916,1
449277,1
452949,1
692356,1
97850,1
33724,1
253430,1
709830,1
342691,1
269604,1
55757,1
384697,2
771354,1
740789,2
833485,1
195417,1
75894,1
129900,1
953183,1
11162,1
6164,1
195196,2
342251,1
2212,1
461734,1
382952,1
972900,2
474017,1
915,1
41123,1
612040,2
4654,1
644403,1
26148,1
889538,1
306248,1
803158,0
622667,2
942066,1
433005,1
237924,2
811434,2
30666,1
70413,1
522651,1
59489,1
118856,1
71205,0
982169,1
279801,1
734588,1
771574,1
832781,1
995398,1
907070,1
69136,0
51786,0
144761,2
142855,1
601169,0
547016,1
214321,1
668225,1
231537,2
745955,1
685264,1
267316,1
796515,1
207291,1
726352,2
20418,1
34585,1
523971,1
219986,1
701768,0
395491,1
712911,0
994463,0
677692,2
214167,2
538098,1
1013233,1
239328,1
772850,1
767599,1
564716,1
166916,0
978380,2
494198,2
918449,1
569551,1
165148,1
277814,1
281404,2
398216,1
536760,1
595549,1
121717,2
447891,1
580549,1
533,0
485156,1
622670,2
477382,1
211869,1
80746,1
738555,1
174524,1
878280,1
529852,1
738632,1
819063,1
919482,1
980806,1
100604,1
285635,1
222340,1
966442,1
211777,1
365098,1
161038,1
837405,1
703818,2
601583,2
771170,2
95922,1
672684,0
346974,2
546008,1
416853,1
427321,1
357794,0
503694,1
633054,1
548835,1
157264,1
289576,1
968235,1
385834,1
44984,1
159288,1
971271,1
425158,1
998793,1
501380,1
611627,1
217294,1
605844,1
382589,1
568026,0
293614,1
695289,1
427857,1
31472,1
201091,1
434068,1
205833,2
817289,1
479524,1
510793,1
10345,1
34068,1
897616,2
686771,1
382233,0
1009049,1
512825,1
149274,1
582480,1
136016,0
129166,1
72301,0
363474,1
497791,1
555479,1
151541,1
668577,1
772494,1
787399,1
872840,2
809464,1
327111,1
275874,1
473852,1
573714,1
974773,1
627716,1
364024,1
609367,1
561254,1
655308,2
311668,1
609286,1
650769,1
791877,0
810895,1
8379,1
4775,1
352896,2
622502,2
836686,1
242959,1
801321,1
998669,1
295586,2
224892,1
271973,1
935819,1
54668,1
110445,1
933277,0
882010,1
817171,1
137057,1
652062,1
556678,1
975389,1
133468,0
946499,1
1009573,0
391381,1
716207,0
530836,1
59746,0
809468,1
228151,0
714788,1
986495,1
985209,1
859665,1
620056,2
680025,1
967245,1
288263,1
587896,1
634080,1
972948,2
913730,1
585685,1
297441,1
161658,1
399091,1
862896,1
946763,1
958126,2
439719,1
366411,2
747362,1
214505,2
224977,0
288003,1
980387,1
174209,2
234811,1
444948,1
888100,1
266054,1
482410,1
668595,1
316724,1
674026,2
396030,2
138083,2
921504,1
62313,2
305870,1
14309,0
677483,1
822016,1
311129,1
259380,1
398799,1
979701,1
69543,1
852097,2
898374,1
919875,1
83792,1
226139,1
632284,1
707696,1
285961,0
655575,1
193792,1
534759,2
837816,0
64696,0
798780,1
818617,1
438916,0
476011,1
360967,1
88988,1
426254,2
363544,1
580329,1
87507,1
256866,1
127946,1
315363,1
476019,1
383179,1
362631,1
479135,1
598922,0
748752,1
267716,0
671812,1
548516,1
740271,1
139947,1
247725,1
1007348,1
144688,2
355389,1
597136,1
47660,1
687776,0
217012,0
25855,1
689437,1
683446,1
523380,1
220661,1
50628,0
549623,2
741195,1
776212,1
295007,1
36309,2
979275,1
499724,1
727658,1
227749,1
606357,1
760460,1
43701,0
41291,1
453876,1
724592,2
749122,2
422214,1
806003,2
573075,1
157033,1
855272,1
17623,1
372759,1
23684,1
320329,2
918397,2
150779,1
800085,1
670426,1
1011088,1
319381,1
453209,1
703593,1
350711,1
863787,0
851331,1
61529,1
690585,0
445897,1
464719,1
29929,1
213063,1
86850,1
578898,1
403062,1
496152,1
807169,1
260614,1
559134,1
590713,1
594621,1
443800,1
754553,1
97230,2
756180,1
901850,0
182392,1
620089,1
646364,1
291171,1
718490,1
921379,1
315583,1
919321,1
953587,1
321128,1
526244,1
20645,1
271481,1
814426,1
528044,1
88232,1
995475,1
434552,1
364017,0
947878,2
326598,1
159259,1
656521,1
202203,1
1004947,1
138539,1
219340,2
405721,1
817517,1
422137,2
936991,1
393938,0
640953,2
281613,1
957990,1
821198,1
233928,1
415481,1
716034,1
492680,1
376164,1
823673,1
595556,0
911127,1
615216,1
941461,1
864601,1
344518,1
525272,2
60601,1
385269,1
559871,1
961188,1
418169,1
492640,1
865374,1
161489,1
321391,1
531235,1
672215,1
533145,1
730203,1
641709,1
462522,1
947188,1
951024,1
504358,1
597781,1
169386,1
943382,1
604340,1
761087,1
678954,0
732814,1
141072,1
77416,1
388150,1
413579,1
1005199,1
54705,1
498532,1
944402,2
431263,2
971642,1
704305,0
121827,1
270422,1
691722,1
235199,1
813810,2
570476,2
128491,1
983841,0
165728,1
579114,1
152689,1
254765,1
267246,1
276178,1
730706,1
309290,1
577321,1
647042,1
719639,1
953107,1
40430,1
715345,1
962992,0
927289,1
129948,1
842531,1
629365,1
674491,1
941678,1
658732,1
585704,1
436558,1
113929,1
212561,1
288568,0
793057,1
958100,2
133839,0
437771,1
256686,1
112377,1
951307,1
1005009,1
822618,1
282056,1
728215,1
97832,1
769029,1
857098,1
226418,2
452530,2
439652,2
381809,1
485736,1
906220,1
952982,1
429969,2
434626,1
167458,1
801116,1
862225,1
79858,1
422948,1
711198,1
648007,2
531059,1
887378,1
137761,1
915123,1
897502,1
709856,1
870622,1
691050,2
615171,1
889145,1
639676,1
665967,1
164352,1
118078,2
537820,1
264092,1
46542,1
178300,2
326279,1
569119,2
125988,1
839733,1
466177,1
366451,1
453605,2
628919,0
314762,1
57193,1
880782,1
398054,1
198067,1
883994,1
308411,0
100329,1
759811,1
255564,1
312559,1
430471,0
241518,0
158595,1
165386,1
919460,2
669354,1
546451,2
388899,1
847569,0
263613,0
515916,1
266652,0
991299,1
909252,1
44566,1
381276,1
327317,1
263440,1
1464,1
307351,1
606735,1
402472,1
335563,1
781335,1
655410,1
932294,1
234095,1
199174,1
669541,2
488933,1
681309,2
571165,1
47378,2
994995,1
351426,1
908860,0
851386,1
995439,1
565180,1
254255,2
998830,1
183775,1
373378,1
791969,1
669082,1
587001,1
286915,1
672916,1
19137,1
442069,2
932386,1
682731,2
690699,2
100204,1
24168,1
241723,1
512733,1
46803,1
83040,1
992825,1
841394,1
513880,2
535833,1
256859,1
262960,1
213298,1
616008,1
834578,1
885053,1
1011264,1
896651,1
379718,2
310454,1
440225,1
215681,1
649727,1
705690,1
977435,2
220874,1
1011837,1
397989,1
1014641,2
612532,1
855456,1
331831,1
215766,1
26173,0
226380,1
883415,1
399455,1
395653,2
203446,1
273814,2
394117,1
139495,1
566659,1
669013,0
675173,1
807660,1
327757,1
383245,1
347344,1
986884,1
734962,1
96192,1
261460,1
598724,1
389481,1
765106,1
272985,1
472297,1
197095,2
603893,2
958261,1
311147,1
339754,1
134289,1
231096,1
842124,1
175220,0
776663,2
890084,2
855382,1
289190,1
932092,1
1009591,1
991167,2
261680,1
404809,1
117624,1
438882,0
928705,0
37845,1
662472,1
808470,1
478181,1
251249,1
117815,1
572849,1
823970,1
523450,1
410275,1
982730,1
693382,1
829819,1
610824,1
351169,1
662832,1
710366,1
90019,1
316203,1
433191,1
608517,1
721050,1
506804,1
242984,1
406803,2
420029,1
802689,1
320608,1
102994,1
915530,1
78299,1
136779,1
366154,1
552498,1
634440,1
267217,1
300169,2
995776,1
457960,2
795693,1
222131,1
82311,2
516036,1
194122,1
569441,0
191288,1
822034,1
552227,2
444180,1
482160,1
90408,1
505818,1
672651,1
117495,1
860454,1
937280,1
63398,1
892901,1
1006516,2
968150,1
927652,1
397255,0
154438,1
183199,1
325007,1
332997,1
74497,0
960943,1
31281,1
616767,0
209529,2
120444,1
750575,1
80735,1
737080,1
231290,1
478079,1
578773,1
767588,1
405703,1
379787,1
984170,1
576030,1
696367,1
930638,1
127829,1
389218,1
139756,1
765850,0
480852,1
560594,1
665912,1
511684,1
873540,0
934380,1
642269,1
194650,0
45497,2
186929,0
89053,1
785508,1
737880,1
230965,2
701926,2
109593,1
147537,1
42201,0
504677,1
345074,1
270161,1
779596,1
723247,1
62210,1
749427,1
795004,1
797255,1
286632,1
99445,1
541986,1
325832,1
821660,1
278536,1
214718,1
697599,1
547599,1
578083,1
167308,1
818987,1
151248,1
409879,1
571370,2
2186,1
894286,1
778834,1
146473,1
982484,1
128107,1
331677,1
69617,1
7260,1
408115,1
128433,1
365708,1
324662,2
498998,1
406069,0
926787,0
445130,2
682371,1
525320,1
829338,0
1007719,1
92406,1
636545,1
503782,1
732164,1
767416,1
241345,1
514885,1
604942,1
959204,2
895779,1
528286,1
359422,1
534616,1
808067,0
30901,1
633429,1
32770,1
650882,1
110694,2
59937,1
253317,1
809985,1
623660,1
168400,1
847969,1
980820,1
243662,1
403305,1
651333,1
849288,1
176764,1
623341,1
591695,1
1012207,1
975451,1
478622,1
170674,1
569331,1
269729,1
318384,2
434482,1
987500,0
812640,1
801978,1
311161,1
634488,1
241778,1
960073,1
107386,1
439674,1
715983,1
76701,1
525801,1
46784,1
83309,1
842010,1
11548,1
886818,1
76213,1
1004224,1
364127,1
249477,1
370195,2
813337,1
46638,2
395426,1
156043,2
59287,1
686973,1
195039,1
809963,1
204597,1
262920,1
489824,1
1013321,0
767676,1
249231,2
820256,0
562860,1
950540,1
989278,1
886689,0
297041,1
286298,1
983427,1
672222,1
216899,1
625761,1
362628,1
377473,1
293133,1
953833,1
797718,2
667136,1
936016,1
24131,1
359305,1
196751,2
641671,1
647109,1
480045,1
468241,1
527708,2
70831,1
414503,1
974586,1
918650,1
711033,1
539994,1
741706,1
190797,1
653313,0
821305,2
561614,2
946419,1
83363,1
400834,1
1007616,1
325546,1
703083,1
719154,1
469819,1
535565,1
254853,1
268016,1
35696,1
418635,1
689822,0
482292,1
159273,1
991585,1
898437,2
393127,1
849097,1
717273,1
204058,1
231603,1
690633,1
524433,1
195318,1
944138,1
476932,1
463839,1
429279,1
233135,1
565816,1
692044,1
336454,1
814217,1
966729,1
582558,0
516407,2
572548,1
203790,1
859041,1
429529,1
830431,1
532346,1
209727,1
1007421,1
631522,1
235423,1
398704,1
989182,0
97447,1
167032,1
153583,0
253320,1
664555,1
924583,1
638976,1
731017,1
768736,1
492299,1
385812,1
606566,1
731093,1
134296,1
998111,1
772638,1
732638,1
873955,1
337495,0
253045,1
329209,1
468021,1
967656,1
504765,1
116627,1
818363,1
924990,1
503823,1
391103,1
26155,1
341544,0
176492,1
263873,1
805219,1
803077,1
1012412,1
975880,1
952179,1
858859,1
282661,1
669853,1
41736,1
710744,1
230275,1
128602,1
293441,1
386017,1
650875,1
148031,2
792456,1
165731,2
493010,1
630275,2
752009,2
230910,2
226597,1
127058,0
663257,1
836594,1
905898,1
35281,2
366473,1
312599,1
413836,1
317244,1
263543,1
453076,1
784884,1
292983,1
221233,0
596917,0
604964,1
371277,1
838163,0
855346,1
543078,2
68300,1
461392,1
246995,1
324875,1
536001,1
540266,0
62119,1
607718,1
844045,1
313138,2
234693,1
766587,1
674268,1
588868,1
554526,1
451052,1
132764,1
949337,1
970935,1
158379,0
514830,1
317615,1
165089,2
977303,1
1007072,1
237366,1
789834,1
349999,2
897175,1
843587,1
957451,1
632695,1
929980,1
448878,1
743487,1
658248,1
15221,1
190533,1
950926,1
623066,2
409226,2
809208,1
238705,1
650453,1
953448,2
468957,1
643200,1
543959,0
561331,1
729047,1
359143,1
963384,0
549586,1
1002600,1
492835,2
818275,1
722507,1
363775,1
989681,2
108512,1
173882,1
912186,1
194009,1
735420,0
830556,2
146781,1
270253,1
404614,1
672655,1
861033,1
688182,1
298776,1
1000415,1
148981,1
792166,1
148761,1
917594,1
371035,2
463336,1
581421,1
268816,1
810147,1
989076,1
621112,2
662513,1
149652,1
436239,1
470688,1
109920,1
617470,2
918126,1
162640,1
795224,1
998159,1
311440,1
705746,1
760673,1
145814,1
632222,1
783322,1
43370,2
587573,1
887774,0
467057,1
817238,1
896402,1
472785,2
812196,1
702398,2
970667,1
524862,1
575015,1
962930,2
702192,1
894008,2
996810,1
798209,1
795008,1
598580,0
758296,1
553396,1
125258,1
764769,1
331493,1
582370,1
343564,1
660867,1
573163,1
285040,1
737907,1
619788,1
964877,1
335684,2
521038,1
11793,1
415133,1
537871,1
517594,0
615535,1
961100,1
759587,2
131419,1
555376,2
716757,1
923270,1
12923,1
727140,1
544039,1
609976,2
201297,1
886641,1
158577,1
902792,1
346604,1
38882,1
255708,2
282272,0
959417,1
652543,2
404621,1
192883,1
706141,2
945498,1
170788,1
841174,1
636002,1
65309,1
15166,1
160286,1
72187,1
649491,1
580989,1
118195,1
81310,1
146752,1
582242,1
784491,0
173152,1
560899,1
675463,1
188321,1
720075,1
950911,1
369623,1
296323,1
983676,1
326143,1
64818,1
618626,2
679045,1
202005,1
589490,1
405457,1
149689,1
521445,1
334618,2
619182,1
1001302,0
202236,1
387458,1
550658,1
12024,1
959109,2
741698,1
552418,2
304480,1
969951,2
632545,1
75249,1
1010234,1
67509,1
433207,1
578700,1
221042,1
792272,1
150676,1
646382,1
519747,1
317237,1
167979,1
299395,0
394384,1
132852,1
27152,1
605107,1
557819,0
864931,0
896145,1
969276,0
245217,1
552906,1
805923,1
873654,1
659340,1
308518,1
17759,1
683732,2
22650,1
10334,1
707179,1
498187,1
185975,2
153224,0
656617,2
571051,1
219641,0
266579,1
930616,1
367030,1
278866,1
22122,1
504600,1
768428,1
1002938,1
336094,1
225626,1
181920,1
312793,1
402748,1
194540,1
677993,1
352261,0
822456,1
427394,1
583629,1
706024,1
733396,1
836569,1
623433,1
1003843,1
659982,1
108280,1
61594,1
280502,1
412846,0
401707,1
619054,0
642470,1
440852,1
906862,1
756353,2
578641,1
816611,1
521328,1
385669,1
226997,1
1003902,1
277564,1
476918,2
894594,1
144017,1
934708,1
396034,1
704639,1
848548,1
864322,0
951185,1
947074,1
268272,1
524800,1
414392,1
534931,1
775273,1
479652,1
224731,1
355411,1
290622,1
127883,1
903739,1
880548,0
609884,1
26988,1
800409,1
24029,1
104604,1
1008521,1
766866,1
556704,1
450378,1
352573,1
289903,0
272996,1
954797,1
759994,1
598526,1
268731,1
154070,1
26959,1
947540,2
965830,1
825129,1
944743,1
268922,1
753086,1
706934,1
404515,0
471043,1
89365,1
729263,1
522772,2
482014,2
746181,1
812406,1
939808,1
478581,1
397556,2
442414,1
474204,1
296462,1
946103,1
984970,1
235302,1
264485,1
905685,1
432466,1
378603,1
430428,1
832385,1
359789,1
67538,2
41798,1
502488,1
516326,1
302057,1
234312,1
638932,1
446883,1
920918,1
597660,1
332128,2
396706,1
993653,1
370591,1
126288,1
674349,2
910188,1
491467,1
871450,1
361333,1
677773,1
27831,1
804607,1
1011987,1
562806,0
93447,1
718605,1
47110,1
551714,1
345665,1
296961,1
70541,0
766107,0
680773,1
364174,1
135848,2
416024,1
9552,0
155479,1
767111,2
778089,1
329025,1
184600,1
409156,1
496493,1
812747,2
200175,1
50110,1
247185,1
746046,0
698259,1
40874,1
828850,1
672453,1
815522,2
153558,1
654482,1
553796,1
400881,1
965687,1
205019,1
804456,1
711264,1
410774,2
1011107,1
508806,1
322172,1
779141,1
145193,1
473111,2
353244,1
547867,1
840669,1
750638,1
965809,1
193161,1
541146,1
347520,1
824791,1
992993,1
145285,1
971495,1
494929,0
500567,1
76473,1
590162,1
184974,0
734346,1
27163,1
819632,1
760806,1
941209,1
17256,1
236035,1
760321,2
524602,1
318003,1
443169,1
141719,1
55764,1
165735,2
565632,1
63116,1
804863,1
862980,1
193408,1
999204,0
754656,1
66959,1
266322,0
276938,1
445956,1
623202,1
867329,1
207075,1
258060,2
153404,1
328123,2
901670,1
468803,1
95621,1
445790,1
821190,1
450015,1
915365,1
769182,1
436345,1
188039,1
808955,1
810983,1
543591,1
215472,1
463457,2
948699,1
659850,1
413502,0
434189,0
392937,1
447734,1
914438,1
781841,1
743212,1
795312,2
499001,1
72958,1
202728,1
692048,1
434057,2
585175,1
262193,1
89655,2
324204,1
406788,1
26100,1
530513,1
284689,1
203769,1
371196,1
865000,1
80672,1
316173,1
132504,2
579943,1
720820,1
196957,1
708804,1
261266,1
586055,2
187290,1
881354,1
76044,1
812589,1
684090,1
881923,1
162699,1
919060,1
597705,1
769902,1
342178,1
886458,1
566196,2
325322,1
902246,2
518885,1
919402,0
122479,1
854590,1
737895,1
154683,2
363423,1
686225,1
720347,1
933105,1
359507,1
850404,1
338416,1
729490,1
393347,1
1016357,2
457807,2
714319,1
833067,2
1015976,1
194342,1
986091,1
398025,1
110056,1
409310,1
898363,1
849758,1
74332,0
527344,1
663327,1
739879,0
361571,1
374173,1
221842,1
977189,1
627231,0
1012896,1
646881,1
130722,1
224041,1
861264,2
901326,1
581715,0
650545,1
272927,0
1014395,1
525687,1
308994,1
363052,1
971705,1
820902,1
132412,1
807749,0
791172,1
383351,1
556447,1
90723,1
411195,2
865635,1
777532,1
381467,1
557206,0
282878,1
135198,1
423295,1
89189,1
643505,1
924770,1
477232,1
722239,1
320589,1
685738,0
98671,1
989979,1
774690,0
29147,1
807796,2
482670,1
599897,1
1010139,1
649679,1
216044,1
375541,1
4834,2
913419,1
840827,1
89493,1
226616,1
418602,1
115,1
226744,1
87169,1
322738,2
964334,2
931158,2
2139,1
552719,1
37717,1
50833,1
668375,0
380440,1
516344,1
1008785,1
830574,1
940039,1
604245,2
815180,1
665057,1
717251,1
343964,1
277205,1
450301,1
919152,1
551578,1
257269,1
634756,1
984079,1
606584,1
270891,1
573563,0
405208,1
957019,1
600979,1
134726,1
121148,1
329964,1
247093,1
342985,2
831726,1
127131,1
137068,1
770357,2
21118,1
966552,2
91089,1
53072,1
341580,1
150067,2
579422,1
727786,1
220162,1
991718,1
466908,1
992241,1
596531,1
623617,1
133145,2
709944,1
34970,2
996917,1
740396,1
608164,1
79960,1
145391,1
777480,1
584817,0
89039,1
625981,2
676648,2
109788,1
200700,2
649338,1
416163,1
1003612,1
128958,1
428847,1
148138,1
862544,2
762914,1
703230,1
1007982,1
157169,1
859731,1
912593,1
514955,1
804331,1
154823,1
742828,0
906095,1
221691,1
1008132,1
414301,1
390993,1
647314,1
653980,1
571785,1
28128,2
956861,1
134630,1
224085,1
497326,1
355723,1
637814,1
556696,2
532151,1
696363,1
720332,1
981531,1
700837,2
11621,1
932713,2
476727,1
845211,0
384484,0
762213,1
735435,1
127490,1
125371,1
455760,1
352591,1
233517,1
191981,0
21150,2
970113,0
353897,1
266135,1
328314,1
364615,1
325157,1
198504,2
596267,1
610989,1
531044,1
509274,1
402708,1
269109,1
950793,1
537406,0
48470,2
604939,1
307917,1
664203,1
558030,1
601176,1
32709,1
844584,1
509193,1
731006,1
747719,1
286225,1
508916,1
28025,1
314083,0
825594,1
923014,1
1000734,1
815937,1
9710,1
766352,1
536849,1
95368,0
814073,1
373543,1
675368,1
945139,1
759660,1
507973,1
79539,1
893997,1
489945,1
860890,2
724707,0
882564,2
170917,2
558636,1
895371,1
219362,1
574443,1
202038,1
629839,1
795033,0
185641,1
457649,1
582543,1
665729,1
906132,0
895324,1
669721,1
338166,1
569056,1
826793,1
959343,1
814275,1
659315,1
224801,1
878578,2
172474,0
805394,1
427743,1
337499,1
54532,1
582907,2
641440,1
649448,1
264236,1
676673,1
182239,1
241617,1
171022,1
118940,1
466386,0
685316,2
211366,1
923670,2
301221,1
143724,0
331864,2
23640,1
263349,1
647116,1
405475,1
843411,1
362701,1
119963,1
128888,1
878358,1
187034,1
44823,1
369700,1
458550,1
388554,1
947485,0
513099,1
173673,0
380370,1
630327,0
422816,1
675841,0
520022,1
765256,1
993727,1
866489,0
679317,1
703685,1
70545,1
498833,1
340480,1
122945,1
975572,2
201499,1
748602,1
205129,1
941667,1
671445,2
403444,1
410521,1
765168,0
857627,1
992007,1
13711,1
667774,1
588765,1
990151,1
513484,1
912384,1
1000550,1
1004404,1
504680,1
530256,1
46083,2
721384,1
614882,2
255638,1
207273,1
897825,1
360648,0
231940,1
16534,0
209297,0
521555,1
912759,1
494099,1
86098,1
306817,1
55636,1
948181,1
881079,1
441978,1
810118,1
611829,1
198074,1
89347,1
203596,1
446708,1
972492,1
678639,1
716210,2
659230,1
415393,2
515192,1
708297,1
479667,1
99085,1
229637,1
884739,1
414062,0
428175,1
372223,0
1013200,1
232192,1
980112,1
356629,1
6153,1
650758,1
359136,1
234213,1
525555,1
890190,0
308341,2
766620,1
277263,1
927157,1
397226,1
177028,0
194588,1
419368,1
537116,1
39722,1
115750,2
353772,2
337855,1
841970,1
968895,1
347953,1
661101,1
901090,1
373118,1
877027,1
83510,1
487642,1
218325,1
742581,0
572694,2
403543,1
447206,1
546921,1
647039,1
45288,1
663709,1
660313,1
397831,2
724875,1
483671,0
522619,1
672963,1
564297,1
870251,1
983977,1
383777,1
840236,1
576041,1
1013787,1
279427,1
407741,1
800690,2
626333,1
845538,2
102316,1
26236,1
779211,1
477533,1
752357,1
36000,1
537024,2
693603,2
471432,1
888647,1
832532,1
297739,2
669633,1
324978,1
635540,1
573527,2
833694,0
227239,1
907793,1
488478,1
308888,1
743490,1
488191,1
787634,1
478071,1
190412,1
359884,2
179679,1
984853,2
308077,1
858507,1
171903,1
144174,1
271669,1
630642,1
145715,1
92350,1
550827,1
586738,1
340837,1
491867,1
814774,1
50907,1
929254,1
736498,2
17230,1
26049,1
26885,1
268519,1
923058,1
57380,1
643237,1
42678,1
858363,1
674334,1
1014711,1
583610,1
938975,1
165573,1
596568,1
975224,1
514078,1
661,0
113297,2
787450,1
71722,2
787139,1
1006145,1
243967,1
355943,1
398443,0
979033,2
629600,1
762624,1
647516,1
73621,1
120947,1
19540,1
31014,1
468788,1
597268,1
21198,1
113668,1
59434,1
594731,1
499151,1
620067,1
861866,2
343311,1
513176,1
498536,1
365465,1
939172,2
973707,1
188387,1
796566,1
17117,1
978429,0
108626,0
243167,2
123072,1
579693,1
145605,1
968136,1
965258,1
684179,1
849336,1
1010348,1
985520,1
514768,1
447396,1
976016,1
958180,1
1005119,1
376494,1
330519,1
883253,1
383605,1
177170,1
29969,1
740004,2
210134,1
1012225,1
470123,1
936548,1
953800,1
608171,1
269350,1
558775,1
816592,2
99724,1
751576,0
932607,1
653463,1
942987,1
666322,1
361227,1
796731,0
48012,1
89978,2
975132,1
76569,1
639614,1
648340,0
370290,1
764901,1
232329,0
704220,0
417380,1
13326,1
835450,1
186749,1
115347,1
756085,1
133644,1
763331,2
294893,1
397383,1
909825,2
489291,1
418961,2
464890,1
928727,1
1008686,1
143393,1
248920,2
666689,1
205264,1
121845,1
643170,1
886869,1
377385,1
111860,1
753563,1
326781,1
33272,1
666315,1
653607,1
77904,1
142349,1
974245,2
578939,1
116010,1
1017200,1
863567,1
324079,1
461187,1
355392,1
646584,1
227682,1
880809,1
75270,1
569812,1
415283,1
498936,1
190375,2
956968,1
289550,1
448342,1
753390,1
96219,0
617548,1
507724,0
404218,0
735178,1
117183,1
698758,1
549902,1
955332,1
21866,2
174616,1
458561,1
855551,1
552065,1
207637,1
415683,2
289936,2
644575,1
324028,1
434149,1
456736,1
18033,1
576940,1
754799,0
262979,1
772322,1
227701,1
836433,1
946705,2
167098,1
43712,1
221820,1
185128,1
584387,2
504622,1
381243,1
962215,1
808342,1
425084,1
389180,1
779112,1
297328,0
458444,2
274873,1
46788,1
723786,1
911651,1
246757,1
966347,1
974399,1
968561,1
740194,0
498165,1
274587,1
747069,1
545065,1
268184,1
752393,2
910731,1
693731,1
62779,1
866140,1
544596,1
854217,2
467534,1
640454,0
417308,1
252679,1
454286,2
1001863,1
849787,1
780594,2
320523,1
579224,1
572122,1
502408,2
736362,1
695627,1
944031,1
233209,1
470916,2
588501,1
489486,1
26555,1
687329,1
884085,1
256929,0
379732,1
74486,1
114276,1
665776,1
621057,1
587562,1
311800,1
500790,1
675779,1
910544,1
527308,1
267936,2
363247,1
542525,1
175026,0
830846,1
780341,1
548505,1
702978,1
899364,1
329678,1
706417,1
302435,1
221116,0
391620,1
702802,1
526200,2
738915,1
524961,1
406539,1
999527,1
873009,1
582554,1
673337,1
61022,1
357486,1
671852,1
726529,1
744183,1
17432,2
670730,2
106738,1
24968,2
771020,0
188325,1
506019,1
757996,1
22254,1
938139,2
638514,0
21947,1
770438,1
3840,1
176478,1
517808,1
909920,1
188259,1
895492,1
146972,1
231816,1
397493,2
806906,1
567520,1
798377,1
395239,1
134531,1
300341,1
549047,1
49688,1
111534,1
696903,1
659120,1
45608,1
359011,1
752269,1
527685,1
604160,1
1014285,1
49046,1
311972,2
954735,1
604447,1
587944,2
1005746,2
604425,1
911853,1
625486,1
381027,1
378937,0
419595,1
447712,1
303025,0
876161,1
168587,1
637274,1
517525,1
521456,1
827655,1
876242,1
224265,1
63468,1
681367,1
511772,1
159354,1
621006,2
465026,1
291175,1
409479,0
470732,1
887495,1
86575,0
957169,1
736018,1
718454,1
372436,1
151354,1
798252,1
663246,2
915563,1
259953,1
785805,1
645781,1
334940,1
411584,1
112656,1
156799,1
468850,1
959813,1
256697,1
379046,1
278008,1
181223,1
353886,0
706604,1
69349,1
1011341,0
378111,1
848294,1
766183,1
44999,1
198115,1
444632,1
768295,1
989579,1
683211,1
678305,2
324707,1
635140,1
774908,1
776193,1
691799,1
895401,2
54796,1
195853,1
365605,1
311213,1
156160,1
847583,1
299601,1
22353,1
365175,1
290424,2
311738,1
286173,1
265828,1
540530,1
657863,1
794722,1
16468,1
555354,1
305229,1
625688,1
631672,2
876998,1
276549,0
556256,1
362998,1
584882,1
532566,1
206265,1
996461,2
931114,1
549245,1
564224,1
42645,1
395558,1
136904,1
882579,1
477830,1
838314,2
749661,1
357985,1
390663,1
690178,1
868854,1
237722,2
130399,1
444874,0
587108,1
559310,1
621505,1
826452,1
110878,0
935136,1
801358,1
861587,1
743667,1
40335,1
576371,1
239409,1
913936,0
944824,1
757288,2
315385,2
839982,1
895988,1
342196,2
684517,1
387344,1
188703,1
755583,1
384462,1
989223,1
833676,1
450734,1
44650,1
582297,1
830824,1
997312,1
426625,1
811694,1
446234,1
500729,1
540196,1
898459,1
1007883,1
626685,1
786570,1
204256,1
97689,1
621116,1
917884,1
848155,1
722682,2
952799,1
477401,1
336935,1
311059,1
125214,1
216671,1
129401,1
280494,1
966101,1
858433,1
903962,1
669787,1
867060,1
308781,1
199835,1
495621,1
517972,1
858503,1
537695,1
726411,1
323830,1
881109,0
314377,1
501942,1
123362,1
332982,1
354061,1
658145,1
767621,1
899427,1
26434,1
671551,0
351547,1
888955,1
618013,1
215759,2
453179,1
872415,1
307656,1
338562,1
955372,1
632934,1
921247,0
49644,1
39696,1
289095,1
900460,1
614273,1
94943,1
565089,1
847635,1
843147,1
409240,1
10642,1
409064,1
484027,1
819452,1
181681,1
679698,1
353523,1
39157,1
145825,0
959718,1
770937,1
983661,0
992957,1
679290,1
267547,1
398029,0
693834,1
602562,1
765032,1
119703,1
936779,1
725986,0
818228,1
997143,2
263840,2
101168,1
632446,1
335608,1
648597,1
718740,1
747737,2
730654,1
497535,1
696044,1
894617,1
314171,2
246456,1
858349,2
397824,1
880247,1
85219,1
493722,1
768794,1
270091,1
94925,0
475788,0
701533,0
685286,0
108820,0
410738,1
910948,1
557503,1
801291,1
896163,1
756207,2
561306,1
249657,1
137992,1
404089,1
886575,2
779424,1
258945,1
561892,0
122240,1
187845,1
20197,1
42425,1
709243,2
329021,1
633979,1
894932,1
364493,1
680384,1
892527,0
717897,1
393200,1
896640,1
357233,1
687178,1
959732,1
439560,1
188684,1
375916,1
510180,1
430938,1
325047,1
411823,0
807932,2
839795,1
329920,2
1009764,2
607277,2
693250,1
135606,1
713916,1
875414,0
38277,1
919310,1
335075,1
618901,1
116597,1
474365,1
652866,2
899614,1
5329,0
244982,0
782985,1
800218,0
223499,1
794957,1
689514,1
640814,1
445413,1
556605,2
585928,1
825590,1
891881,1
81486,1
1012104,1
169089,1
331192,1
540174,1
355415,1
963395,1
162659,1
424212,1
28131,1
23813,1
443437,1
831818,1
855254,1
574182,1
10789,1
758692,1
889570,1
271874,1
524770,1
587357,1
136162,1
903166,1
911567,1
88878,1
793204,1
603310,1
510735,1
963197,1
139396,1
674936,0
70226,1
208997,1
501205,0
274572,1
87943,1
449291,1
452086,1
944541,1
615483,1
446432,1
437823,1
402773,0
280065,1
312786,1
533828,2
781746,1
944527,1
309809,1
962651,1
775082,1
184691,1
297210,1
64450,0
778933,1
592494,1
130759,1
95434,1
221226,1
688153,2
113819,1
157499,1
899607,1
534146,0
81332,1
727867,1
223488,1
489163,1
127285,1
244333,1
130160,0
15218,0
809541,0
259391,1
590045,1
675625,2
925346,1
717567,1
534036,0
272527,1
755466,1
223859,1
231874,1
408728,0
665574,1
950166,1
1000202,0
758960,1
614475,1
561944,1
605943,1
304628,1
646933,1
360361,1
120642,1
215142,2
155552,1
601172,1
801105,1
4889,0
858275,1
873063,1
431069,1
98404,1
648755,1
940934,0
142569,1
395110,1
943078,1
684586,1
508417,1
471454,1
386879,1
701339,1
633825,1
923810,2
444573,2
914012,1
542833,1
779350,1
487697,1
610435,1
158973,2
438255,0
537167,1
5035,2
713295,1
576610,2
613647,1
389632,1
725681,0
236288,1
794942,2
886182,1
327834,2
212396,1
118225,1
412938,2
449725,1
930469,1
595402,1
577527,1
6007,1
551200,1
54561,1
30255,1
300727,1
377190,1
576555,1
46634,1
27651,1
578887,1
874608,1
710946,1
983360,2
571422,1
732865,1
190081,1
650295,1
108156,1
755822,1
722536,1
521100,1
634642,2
700826,1
488218,1
67259,1
568547,0
319444,1
351297,2
693984,2
724963,1
378591,1
87051,1
818583,1
914672,1
583515,1
844940,1
433805,1
961063,1
759253,1
735864,1
602445,1
140619,1
406678,1
896046,1
138593,1
322646,1
869176,1
220665,1
292004,1
513198,1
11629,1
540424,1
218361,1
410675,1
854271,1
340781,1
673124,2
583900,1
288807,1
198760,1
217980,1
437269,1
763272,1
626913,1
802047,0
555585,0
151189,0
933082,2
182385,1
372373,1
508996,1
864890,1
944376,1
676842,1
309757,2
645510,1
478640,1
365278,1
743890,1
152751,1
851353,1
356137,0
824788,1
310469,1
219645,0
147405,1
785717,1
534517,1
383638,2
661882,1
264151,1
391206,1
777741,1
640337,1
823758,1
1011631,1
286999,1
900996,1
267312,1
466904,2
493568,1
783278,1
566673,1
56310,1
226942,1
436565,1
117169,1
437892,1
573222,1
233513,1
346200,1
675676,1
565445,0
497036,1
442227,1
470596,1
964327,1
945506,1
119064,1
925078,0
525067,0
754403,1
34394,1
406076,1
752519,1
189953,1
263264,1
687141,2
897762,1
697739,1
266539,1
740840,0
38406,1
159633,1
926981,1
58194,1
246672,1
720475,1
947478,1
576353,1
992968,1
269783,1
207406,1
327629,1
933868,1
947911,0
947797,1
241639,0
519839,1
219869,1
463545,1
241727,1
439113,1
641239,1
132342,2
329751,0
530708,0
151068,1
686603,1
409589,1
882227,2
558610,1
993316,1
744363,1
117518,1
572636,1
388411,2
169489,1
603141,1
728097,1
388781,1
256488,1
616217,1
662506,2
460281,1
821213,0
26805,0
83488,2
996597,1
51133,2
825389,1
228753,1
176180,1
760923,1
283967,2
839946,0
50709,1
54121,1
87950,1
1010267,1
365542,1
393831,1
501627,1
768622,1
78707,1
408306,1
150683,1
131330,1
177439,1
925933,1
485325,1
612547,1
301470,1
338599,2
826386,1
616727,1
475968,1
396063,1
568907,1
74956,1
882429,2
236783,1
144552,1
421048,1
905681,1
759532,1
556391,2
60142,1
521805,1
792173,1
797776,1
660874,1
144769,1
784220,1
815786,1
246625,1
247974,1
783814,1
446285,1
552638,1
603064,2
453472,1
344169,1
88324,2
420429,1
349416,1
536030,2
567292,0
541678,1
580097,1
466452,1
536672,1
104512,1
677593,1
386673,1
506260,1
109975,1
585010,1
730180,0
778580,1
407392,1
1015187,2
256143,1
409615,1
901289,0
179242,0
873108,1
24252,1
544068,1
910265,1
1006996,1
818279,0
174726,1
550001,2
532632,1
422236,1
236622,1
744671,1
855463,1
772542,2
688157,1
302138,1
470989,1
725384,1
10206,1
582723,1
836664,1
56798,1
643413,0
440717,1
366228,1
354359,2
600553,1
925328,2
999868,1
985890,1
316519,1
843059,1
107757,1
264287,1
724589,0
155996,1
546914,2
96240,1
542792,1
723658,0
302673,1
836341,0
522684,1
509249,1
925775,1
85534,2
629567,1
746417,1
1002567,1
604450,0
483448,1
104372,1
763496,1
6531,1
253339,1
629589,1
552179,0
343670,1
684476,1
247608,1
448283,1
957998,2
274190,0
157899,2
541818,1
855108,1
194067,1
551556,1
49996,1
376850,1
194360,0
451915,1
111307,1
517819,1
298479,1
464649,1
574245,2
246610,1
251124,1
446579,1
971264,2
520833,1
873360,1
1000749,1
992832,2
40119,1
25503,1
741137,1
751947,1
122369,1
265398,1
185021,1
205969,0
439993,1
197422,0
310546,1
40540,1
16237,2
982929,1
579796,1
471850,1
424029,1
61536,1
362356,0
177145,1
479788,1
814503,1
542745,1
269101,2
1004370,1
989308,2
476884,1
658563,1
593709,1
521951,1
693584,1
267129,1
864582,1
142628,1
455797,1
654383,1
457410,1
332953,1
800100,1
457223,1
144923,1
465837,1
643938,1
851775,1
289011,1
665798,1
87529,1
205088,1
877272,1
574924,1
880915,1
911053,1
591963,1
629417,1
252194,1
256635,1
1000723,0
79759,1
936324,1
315334,1
616158,1
813429,1
897465,1
571367,1
964929,1
969793,0
475685,2
655337,1
302086,1
982558,1
196175,2
360875,1
543470,2
30523,1
178230,1
811423,2
912982,1
642614,1
396863,1
474116,1
338922,1
494554,1
454165,1
511365,1
331468,1
288421,1
107944,1
819984,1
906363,1
449846,1
306123,1
836844,1
928008,1
466247,1
62434,1
134560,1
12156,1
245844,1
784749,2
376274,1
1009001,1
981436,1
760013,1
1000194,1
486498,1
324383,1
407400,1
351356,1
529225,1
990034,2
337055,1
493968,1
560954,1
540057,0
256352,1
696859,1
969937,1
48904,1
676567,1
244380,0
5031,1
607442,1
422320,1
189432,1
231137,2
465950,1
587650,1
896839,1
78860,1
440485,0
53410,1
198089,1
284788,1
665608,1
138285,1
393237,2
413098,2
680043,2
742222,1
526626,2
91690,2
176991,1
640616,1
258439,1
196528,1
449839,1
750663,1
545829,2
591721,1
697988,1
888188,1
191174,1
652653,1
797857,2
316793,1
173046,1
749463,1
556942,1
411863,0
95742,1
171161,1
51746,2
104662,1
718627,1
122909,2
763438,1
959798,1
244630,0
507537,1
176368,1
968217,1
348709,1
832668,1
67666,1
296767,1
124675,1
675126,1
246485,1
608616,1
330449,1
482348,1
389919,1
805291,1
802128,1
747186,1
481406,1
771790,2
785078,1
67332,1
861987,1
552601,1
247431,1
551608,1
735020,1
629817,1
93373,1
505506,1
451551,1
820179,1
176959,1
927609,1
582077,1
473313,1
145829,1
781959,1
975514,1
623077,1
542440,1
745290,2
840034,1
175484,1
505704,1
352148,1
172845,0
439366,1
635863,1
687208,2
777745,1
135880,1
377840,1
857898,1
143089,1
313082,0
765832,1
286467,1
750058,1
916047,1
715682,1
648186,0
58987,2
657625,1
150027,1
402384,0
1003249,1
477522,1
287358,1
702592,1
69998,1
391851,1
490242,0
815092,1
619861,1
54110,1
283626,1
679618,1
963362,1
430240,1
360644,1
538829,1
537608,1
184846,1
872385,1
384804,1
31029,2
82270,1
284182,1
36701,1
792713,1
612705,1
171220,1
259535,1
821848,1
176629,1
703241,2
307373,1
47408,2
753570,0
846476,1
705331,1
657306,0
834057,1
721560,1
840243,1
1016427,1
412325,2
996421,1
170289,2
331567,1
20829,1
390072,1
250273,1
27031,1
899562,1
120257,1
697713,1
196865,1
18466,2
14066,1
288924,1
181740,1
599204,1
711389,0
15629,1
196517,1
24649,1
563670,1
84753,1
916818,1
530270,1
928477,0
355330,1
400746,1
818767,1
411632,1
336263,1
75829,1
769799,1
819287,1
719143,0
737686,1
787487,1
645822,1
959909,1
572210,1
69583,1
739549,1
371222,1
812240,1
1011228,0
260838,1
184244,1
127399,0
304158,1
27134,1
299139,0
801893,2
567946,1
307469,1
204678,1
132265,1
561607,1
210215,1
208883,1
1009393,1
734827,0
570083,1
452259,1
603288,0
92457,1
510298,1
476837,1
696668,2
503706,1
918180,0
708077,1
437177,1
70963,1
257713,2
408056,1
957558,1
304147,1
761270,1
622164,1
893146,1
136034,0
50477,1
257610,1
275782,1
879935,1
308114,1
925940,1
323610,1
445853,1
566941,1
503405,1
110922,1
457906,1
626858,1
431058,1
710135,1
378544,1
68061,2
463509,0
111431,1
760240,1
582099,2
718043,1
225314,1
15690,1
737833,0
526996,1
386534,1
62027,1
883125,2
731897,1
344480,1
112609,0
201459,2
1014241,1
967072,1
709892,1
207835,1
128664,1
765777,2
653698,1
858451,1
737404,1
892200,1
412949,1
886249,1
284076,1
682577,1
691935,1
303612,1
220063,1
134667,2
957026,1
897755,0
612095,0
605536,2
361814,1
29822,1
864223,0
117411,1
433519,1
47451,1
461554,1
393549,2
827295,1
465778,2
858965,1
994100,1
852787,1
27875,1
612866,2
19445,1
217867,1
465426,1
425569,1
631456,0
647255,0
24520,1
57539,1
87154,1
223172,1
932793,1
230345,1
356937,2
663426,1
857634,1
39924,0
921672,1
357369,1
31740,1
374731,2
545021,1
680832,1
91841,1
101612,1
262388,1
823325,1
913316,1
988112,1
849703,1
220607,0
180842,1
508420,1
548130,2
42399,1
881372,1
49585,1
489318,1
379255,0
686067,1
323126,1
611964,2
147357,1
649268,1
276820,1
92923,1
300480,1
706475,0
73540,2
501018,1
643471,1
603068,1
625523,1
360710,1
212624,2
965878,1
819878,1
149568,1
736238,1
775219,1
815672,1
757585,1
995743,1
366459,1
443590,0
582752,1
26735,0
122446,1
117808,1
767801,0
907324,1
206328,2
713912,1
531899,1
289473,0
522916,1
298677,1
70185,1
374566,2
839380,1
27611,1
221505,2
272853,1
377811,1
896857,0
841336,1
19111,1
791613,1
511989,1
46957,1
154283,1
997080,1
819371,1
853315,1
962013,1
998456,1
267143,1
625347,1
124734,1
607996,2
385144,1
962413,1
498572,1
434901,1
591882,1
114397,2
802087,1
937486,1
976320,1
356375,1
818000,0
747755,1
420263,1
402861,1
803419,1
328192,1
169298,1
936636,1
156784,2
396511,1
373547,0
385852,1
441303,1
96633,0
243864,0
383212,1
99908,1
404728,1
565834,1
549564,1
74215,1
530407,1
354696,1
717813,1
67721,0
469040,1
532401,0
178759,1
911703,2
171507,0
437133,1
756144,1
450987,2
351084,1
413197,1
16240,0
1005339,1
68498,1
631551,1
943878,1
531774,1
190317,1
604366,1
545876,1
528873,1
889721,0
344257,1
525269,1
234495,1
870985,1
828443,1
139705,0
391062,1
776461,1
460737,1
855016,1
27406,1
630257,1
219414,1
534007,1
898356,1
581528,0
259209,0
426397,1
215087,2
124510,2
533244,1
475821,1
688252,1
723720,1
152355,1
8849,0
264955,2
960015,1
26203,1
511666,1
740073,1
266403,1
970898,1
246874,1
409857,0
762767,0
922152,0
718971,1
172166,1
177864,1
96204,1
477599,0
803712,1
824582,1
239654,1
773808,1
990364,1
204454,1
494008,2
266696,1
601473,1
531668,1
832631,1
395628,1
94529,1
682900,1
477728,0
587757,1
255993,1
892909,1
938366,2
532724,1
648337,1
437661,1
1008613,1
695733,1
310542,0
314267,1
331406,1
892703,0
590081,1
178858,1
348422,1
350025,1
673270,1
113257,1
707920,1
222656,1
828494,1
1001430,1
911468,1
1005470,2
378809,2
912212,1
268896,2
566909,1
843543,1
841912,2
20928,0
903096,1
855588,0
275944,1
492882,1
366675,1
495221,1
718920,1
734159,1
753196,1
726763,1
847242,1
524499,1
402755,1
502624,1
740518,1
840500,1
864120,1
546752,1
646984,1
840618,1
616675,1
86708,1
214619,1
399404,0
578355,1
881516,1
676523,1
296826,1
349852,1
609888,1
318605,1
112289,2
235515,1
692499,2
635108,1
784862,1
419816,1
456071,1
121878,1
531220,1
668599,0
476792,1
913297,1
57748,0
142767,1
71531,1
196777,1
617489,2
156362,2
884056,1
47246,1
328156,0
850932,1
772274,1
27123,1
229277,1
408647,1
139745,2
457135,1
351503,1
934098,0
414044,1
487033,1
709386,1
992414,1
15115,1
755972,1
686357,1
75399,1
526897,0
740480,1
708419,1
800012,1
446061,1
981450,1
521041,1
887334,1
184105,1
348015,1
390182,2
490341,1
522787,1
527766,1
652855,2
879315,1
852549,1
24106,2
119336,1
677751,1
315220,0
237249,1
534818,1
135851,1
655113,1
847745,1
827079,1
709342,1
466760,1
366279,1
299274,1
299799,1
160297,1
660724,1
521148,1
25558,1
603226,1
245781,1
151619,0
724574,1
925830,1
262227,1
763904,1
431700,1
22081,1
15342,1
183834,1
790098,1
173318,1
713967,2
955325,1
124851,1
443136,1
457898,1
578391,1
584545,1
380884,1
311819,1
344242,1
763009,1
191886,1
918779,1
340154,1
673106,1
716559,1
136966,1
392933,1
329593,1
1003090,1
528037,1
266380,1
275728,0
880892,1
807257,1
84690,1
272350,1
616103,1
143797,1
994133,1
576874,1
59911,1
909928,1
711019,2
35920,2
357505,1
146293,2
787201,1
10686,2
353909,1
1000213,1
637861,1
164767,1
315392,1
441996,1
771439,0
821419,1
321175,1
271595,1
561618,0
678143,2
731288,1
953723,1
160051,1
747799,1
74886,1
273582,1
354861,1
895225,1
167212,1
85347,1
446146,1
544013,1
600322,1
899937,1
981630,0
814026,1
937200,1
697889,2
402043,1
675878,1
21301,1
426250,1
692664,0
181917,1
444904,0
503140,0
457740,1
124679,1
688245,1
812468,1
61833,2
154412,1
989652,1
606522,1
240737,1
737770,1
605642,1
1001782,1
427332,1
713288,0
5248,1
764174,1
579400,1
849350,1
872598,1
764743,0
77283,1
640979,0
1012247,0
615931,2
737095,2
59104,1
825033,1
719015,1
563131,0
158375,1
964543,1
314292,1
825572,1
105979,1
825738,1
623150,1
869040,1
188149,1
710072,1
265435,1
802887,1
918236,1
479450,1
702615,2
108927,2
753608,1
697371,1
662359,0
513752,0
749782,1
247831,1
531521,0
633186,1
989854,2
893799,0
605712,1
84809,1
981766,1
41699,1
773015,0
219359,1
56145,1
690046,1
878255,1
476741,2
726778,1
607134,1
812765,1
893014,1
509997,1
654460,1
435939,1
267150,2
582727,1
843709,1
467725,2
581993,2
305434,1
972683,1
418558,2
31212,0
442498,1
792162,1
849710,0
806759,1
473104,1
356313,1
289547,1
668052,1
783546,1
80687,1
1017714,1
615531,1
899393,1
858903,1
988790,1
576856,1
396683,1
599291,0
758498,1
702464,1
6773,1
856927,2
221695,1
697955,1
682573,1
219960,1
678961,1
381393,1
724053,1
39847,1
955619,1
856637,2
421062,1
583812,1
848812,1
48973,1
478211,2
636516,1
122611,1
865617,1
287446,1
235085,1
624290,2
794380,1
777206,1
419607,1
141762,1
736818,1
790249,0
671867,1
319880,1
904208,2
171844,1
613081,1
631324,0
24939,1
545270,1
179491,1
504394,1
105869,1
857582,2
380749,0
439304,2
350931,1
408874,1
60182,1
90385,2
484452,2
517242,1
657034,1
985751,0
306802,1
784136,2
980402,1
816974,1
363841,1
169746,1
232857,1
719345,1
72642,1
57146,1
904291,0
419478,1
803789,2
489332,2
579987,1
24975,1
59933,1
706178,2
263895,1
136533,1
716955,1
921676,1
222670,1
49189,1
763229,1
869895,1
359840,1
385027,1
714674,1
175572,2
180868,1
922992,1
153723,1
267305,1
120716,1
62580,1
273359,1
450943,1
951619,0
579918,1
562567,1
759444,1
888874,1
134443,1
220647,1
123814,1
788165,0
783160,1
279838,1
380000,1
217067,1
673098,1
770133,1
779439,2
80162,2
979260,1
590357,1
106190,1
450749,1
88180,2
195828,1
1009962,1
159376,1
399756,0
65815,1
677616,1
543371,1
649785,1
944093,1
702006,1
532353,0
695450,1
675177,1
3176,1
194283,1
589960,1
439072,1
993770,1
258240,1
630422,1
1016669,1
732315,1
137857,1
298732,1
231423,1
843811,1
267844,1
212011,1
157628,1
383216,2
443682,1
602210,1
316580,1
334559,1
8614,1
954889,0
826577,1
248689,0
254923,1
65547,1
644007,1
291685,1
1002611,2
818008,1
666928,1
323401,1
959064,2
711921,1
925793,1
297489,1
306240,1
711309,1
95298,1
254776,2
958379,1
983834,1
819317,1
1016397,1
325638,2
310850,1
590485,1
750634,1
599343,1
48133,1
752115,1
585931,1
913202,1
938571,1
43598,1
299160,1
508673,1
457623,0
458088,1
282892,1
621817,1
81860,2
831418,1
501560,1
690886,1
718036,1
72507,1
679100,1
535008,2
427428,1
1017093,1
673605,1
957477,1
778368,1
109311,1
407143,1
756481,2
584530,2
712573,1
894521,1
999633,1
718814,1
977619,1
35267,2
644443,1
226432,1
924763,1
56729,1
961016,1
940549,1
981447,2
685558,1
726914,1
53689,2
993022,0
747744,0
573927,0
117660,1
593334,1
668199,1
886957,1
401879,1
209653,1
953095,1
782,1
287343,1
215201,1
462155,1
563090,2
644865,2
324633,1
256983,0
666102,1
585975,1
68539,1
230367,0
472129,1
861873,1
286324,1
684890,1
829455,1
759309,1
813942,1
276802,1
625916,1
681158,1
697577,2
538296,1
724578,1
719367,2
306556,0
74369,2
405222,2
211304,1
829437,1
805138,1
402722,1
192564,2
571840,1
12703,2
307593,2
65257,1
873533,1
328189,0
860708,1
587980,2
925966,1
235892,1
608454,1
971419,2
624496,0
574942,1
29532,1
605543,1
208649,1
622120,1
462218,1
482883,2
640829,1
121948,1
952333,1
930748,1
707087,1
371248,1
529119,1
962204,1
958625,1
464182,1
333385,1
117587,0
829055,1
633799,1
729704,1
34372,1
309566,1
883158,1
955662,1
824447,2
287314,1
330915,1
654156,1
787777,1
277245,1
573398,1
647600,1
679207,2
483330,1
868292,1
135826,1
752702,1
919406,1
850543,1
597723,1
848717,1
962486,1
94932,2
686694,1
203064,2
383432,0
376377,1
507265,1
714289,1
76257,2
217706,1
981803,1
470684,1
287835,1
306101,1
156216,1
744929,2
854462,1
222609,2
386747,1
848504,1
571088,1
956421,1
863035,1
247949,1
169009,1
356214,1
289518,1
728189,1
133897,2
491540,1
1009562,1
292921,0
120675,1
134917,1
32260,1
812916,1
598852,1
571921,1
793116,2
773341,0
747854,1
742893,1
639470,1
744385,1
449585,1
38288,1
466926,0
768538,1
305867,2
753248,2
114320,1
335123,1
115691,1
300617,1
355709,1
60652,1
82531,1
680906,1
843653,1
418943,0
708918,0
566075,1
268203,1
171741,2
35058,1
804371,1
497858,1
291917,1
625211,1
939503,1
121478,1
836880,0
16952,2
534311,1
15339,1
276307,1
426995,2
947151,1
995509,1
134216,2
590180,1
604351,2
78310,1
132544,1
499555,1
355004,1
623712,0
990371,1
301074,1
221938,2
341445,0
279111,1
819816,1
625453,1
441798,1
311062,1
813340,1
232585,0
335273,1
103881,1
727900,1
623107,1
248546,1
803855,1
45280,1
23442,1
675401,2
803000,1
246904,1
952748,1
503324,1
359998,1
860384,1
333990,2
791213,0
891203,1
588718,1
509917,1
579484,2
1016687,1
79322,1
27592,1
927407,0
318407,1
204623,0
211733,1
663008,2
410716,0
369858,1
330742,0
482076,1
591251,2
901436,1
104075,1
920543,0
346189,1
316449,1
835087,1
701658,1
872286,1
335974,2
166798,1
201848,1
130490,1
765054,2
646397,1
101102,1
443826,2
881170,1
37632,1
689095,1
492879,1
5387,1
88687,1
163384,1
458525,1
526761,1
242951,1
1002909,0
210192,1
138630,1
681095,1
201143,1
390227,1
424939,1
660412,1
43583,1
697951,0
825587,1
63901,1
869811,1
748172,1
643769,2
759851,2
294020,1
299791,0
385522,2
742648,1
34280,1
853362,1
71380,1
990632,1
228809,1
255270,1
780265,1
1008115,2
683975,1
753403,2
628284,2
634360,0
102540,1
447537,1
313058,1
189422,1
408475,1
366184,1
719261,1
759739,1
823931,1
168595,1
381985,1
923532,1
436478,1
488365,1
168643,1
901444,1
17422,1
380012,1
1007422,1
714932,1
977634,2
168537,1
301505,1
617200,1
170271,1
908700,0
253006,1
355588,1
465669,1
548681,1
442271,0
804284,1
675662,1
609614,1
82334,1
171313,1
705831,0
744816,1
773973,2
240947,1
76320,1
397344,1
652797,1
938785,1
903549,1
209016,1
681551,1
846796,0
317344,1
1002182,1
72669,1
581309,2
182159,1
1007048,2
615121,1
47885,1
201184,1
597614,0
464484,1
307620,1
966939,2
573645,1
743723,1
719632,1
812780,2
541293,1
938712,1
951285,1
303785,1
115076,0
511623,1
511568,1
401546,1
658986,1
819017,1
164782,1
491611,1
910486,1
369855,1
597287,1
279640,1
422882,1
812605,1
473222,2
8736,1
203179,1
250733,1
23025,1
793292,1
155465,0
202864,1
795775,1
315955,1
318154,1
363817,1
995524,1
226837,1
271581,1
447346,0
22347,1
154721,2
955106,1
622367,1
762610,1
413778,1
402903,1
425236,1
977513,1
679688,1
76353,1
542397,1
431473,1
713740,1
721543,0
699433,1
749248,1
1012820,1
512781,1
251569,1
30825,0
200459,1
426592,1
303088,1
586948,2
484431,0
346160,1
104029,1
198057,1
798147,0
77736,1
315467,1
395991,1
892517,1
440927,1
200143,1
59640,1
425757,1
739058,1
267610,2
828785,1
92953,2
572149,1
823292,1
917661,1
918097,0
194479,1
595274,1
451945,1
482363,2
96623,0
746506,0
258087,2
363372,1
42972,1
913559,1
778611,1
731135,1
759548,1
876782,2
518369,1
382494,1
724979,1
238779,1
372804,1
413756,1
906867,1
542551,1
573014,1
504076,1
994127,0
96289,1
687957,0
424716,1
318536,1
372569,1
937142,1
679644,0
473530,2
221333,1
732121,1
703044,2
49641,0
718895,1
834634,1
115960,1
21250,1
350091,1
326526,1
100616,1
134804,1
320939,1
183633,1
179801,1
429412,1
25962,1
396233,1
200848,1
580018,1
415211,1
262943,2
337375,1
760982,2
269179,1
953115,1
418247,1
640781,1
186159,1
523400,1
424697,1
804761,1
34333,1
656973,1
497118,1
537898,1
98096,1
371960,1
909367,1
581404,1
468565,2
12377,1
349215,1
737621,1
192701,1
100069,1
548377,1
238401,1
935643,1
873691,1
279787,1
403500,0
847643,2
819604,1
798477,1
975629,1
748706,1
613729,1
555061,1
213772,1
921109,1
239156,1
122300,1
511234,1
173216,1
958453,1
668608,0
511359,1
521109,1
224024,1
11974,1
876717,1
791724,2
864345,1
184362,1
430568,1
64488,1
225641,1
442561,1
545451,1
634739,1
980399,1
881630,2
179591,1
819949,2
114006,1
342740,1
981925,1
293545,1
31330,1
929970,0
632337,1
967929,1
487331,2
985925,1
83207,1
128849,1
787,1
959593,1
305765,1
767860,1
953948,2
811288,1
818809,1
270852,1
665539,1
368744,1
44361,1
431983,1
694256,1
753810,1
94580,0
261553,1
421977,1
469261,2
500685,1
512286,1
838645,1
648594,1
704911,1
301974,1
495493,1
823281,1
4222,1
214410,1
214443,1
671691,1
336983,2
318925,1
821896,1
734754,1
40820,0
500021,2
463832,2
586702,1
628992,2
796255,1
457176,1
92344,1
535919,1
854023,1
413606,0
373346,1
693273,0
902515,1
101543,2
749729,1
423454,1
812117,1
1005079,0
444600,1
989462,1
577560,2
771047,2
28671,1
763721,1
74641,1
301806,1
336925,1
679046,0
251723,0
123477,1
822769,1
571566,1
941099,1
40523,1
541950,1
812179,1
602673,1
334017,2
991920,1
763666,0
965703,0
805601,1
303624,1
621171,1
254803,1
605687,0
247193,1
100171,1
113027,1
877516,2
46279,1
31668,1
637316,1
484512,1
539173,0
857480,2
979874,1
551748,1
637983,1
475455,1
143615,1
46756,1
83115,1
144872,1
433486,1
580458,1
466064,1
224501,2
310532,1
966388,1
156426,1
266297,1
56748,0
552550,1
533117,2
44266,1
264743,2
626422,1
156282,1
90922,1
169945,2
924533,1
536578,1
5182,1
695550,1
263577,1
545844,1
452898,1
237495,1
60800,1
276351,1
715368,1
97026,0
486080,1
530891,1
29412,1
591708,1
364014,1
566450,1
429904,1
870601,1
354051,2
172680,1
675813,1
616676,1
249621,1
369617,1
268181,1
366269,1
360029,1
112352,1
506603,1
708056,1
183875,1
447335,1
593672,1
664938,1
906735,0
606475,0
966281,1
811057,1
538866,1
714536,1
813444,1
719654,1
788449,1
931405,1
713407,1
382535,1
15718,1
530716,2
176901,2
868165,1
928320,1
918017,1
621061,2
761370,1
186988,0
119476,1
19116,1
763211,1
948924,1
378567,1
438623,1
414137,1
787334,1
364784,1
316909,1
10180,1
665623,1
775700,1
108168,1
459376,1
104094,1
120555,1
313953,1
180421,1
54562,1
522241,2
572394,1
489692,1
591267,1
360058,1
841391,0
530657,1
276418,0
993290,1
643623,1
543390,1
524625,2
268464,1
102904,1
765396,1
207443,1
654263,2
528214,1
433431,0
650582,2
949741,2
554589,1
822181,1
337669,1
252232,1
871404,1
795988,1
506081,1
167077,1
702447,2
25313,1
447735,2
6169,1
370303,1
591568,1
68154,1
263126,1
626349,1
976251,1
496818,1
103523,1
989381,1
65449,1
154585,1
761224,1
991487,2
856773,2
665993,1
69492,1
493778,1
38887,1
817932,1
826471,1
598912,1
224794,1
749105,1
625993,1
126069,1
561765,1
686545,1
9931,1
77006,1
792020,1
646428,1
367934,1
338992,1
200855,1
1319,1
5711,1
474498,2
146243,1
751166,0
557838,1
894797,1
972930,1
867582,1
278786,1
892616,1
179834,1
166337,2
600022,1
684224,1
752637,1
102797,1
159069,1
853293,1
510361,2
840413,1
109374,1
632263,1
351731,1
962795,1
171463,1
645067,2
325062,2
126308,0
675042,1
627885,1
910860,1
977054,1
500355,1
600286,2
416982,1
642248,1
731036,1
744933,1
385192,1
340881,2
271831,1
336198,1
862527,2
186306,1
484266,1
892609,1
475330,1
215198,1
457859,1
294472,1
507082,1
494166,1
244488,2
465085,1
465441,1
621102,1
397623,0
360854,1
1009347,0
246729,1
679060,1
957607,1
24936,0
270449,1
587259,1
626749,1
53851,1
174206,1
899783,1
734497,1
181466,1
532226,1
553892,1
241045,1
662301,1
933069,1
104399,1
12106,1
120225,1
399148,1
669296,1
267988,1
983475,2
389064,1
702135,1
529017,1
291286,0
770718,1
749244,1
94195,0
563587,1
1015988,1
241089,1
956466,1
933450,0
522171,1
314392,1
827106,1
210593,1
33691,1
173050,1
103949,1
890948,1
28819,0
206424,1
240781,1
45113,1
100139,1
308056,1
304919,1
466431,2
95747,1
850049,1
413499,1
583886,1
902793,1
175863,1
366746,1
963521,0
404453,1
37608,1
649078,1
37343,1
346898,0
494771,1
297879,0
650308,1
191960,1
547567,2
758019,1
764201,1
141260,0
243726,1
334831,1
675549,1
148315,1
355896,1
712196,1
566377,1
947824,1
829720,0
775627,1
153618,1
553324,1
831826,1
482165,2
899046,1
4691,1
490728,1
729507,1
130114,1
246622,1
81708,0
80505,1
137861,1
403878,1
319049,1
314617,1
351287,1
780809,1
915106,1
417910,1
865658,0
264699,2
385886,0
18166,1
517052,1
734589,1
121901,1
242817,2
574877,1
32841,1
563363,2
805032,1
590127,1
613802,1
385828,1
450009,1
387374,0
266459,1
899879,1
301181,1
290722,1
678793,1
910934,1
653963,1
798334,1
557375,1
731193,1
401003,0
490782,1
609067,1
822857,1
331601,1
886639,1
514475,1
1015753,1
939405,1
320773,0
626426,1
975845,1
630180,1
757836,1
266558,2
590442,1
415413,1
952701,1
142379,1
439015,1
145693,1
648873,1
74777,1
573807,1
243740,2
493129,1
208499,1
814393,1
119883,0
550871,1
52649,1
358936,1
552297,1
494119,1
852979,1
800549,1
693512,1
761778,1
4123,1
310488,1
835378,1
519469,1
430171,1
323956,1
93231,1
671460,1
233653,1
309233,1
21269,2
638254,1
911670,1
701347,0
61926,1
648738,1
266206,1
323093,1
603065,1
729077,1
775810,1
885843,1
549921,1
275651,1
520845,1
455251,1
51079,1
488075,1
893899,1
515861,1
304742,1
241540,1
901121,1
85968,1
225098,1
722335,1
558486,1
645573,1
103839,1
346502,1
323493,1
817620,0
825760,1
821980,1
394936,2
652519,2
695837,1
454379,0
481524,1
183042,2
470139,1
799379,1
953474,1
673554,1
744867,1
829614,1
232803,0
811163,1
274881,1
134015,1
268336,1
337261,1
285511,1
632652,1
535984,1
300676,0
819181,0
941958,1
672616,1
162065,1
493385,1
146405,2
30641,2
490155,2
141716,1
469955,1
826574,1
896010,0
73398,1
83533,1
580582,2
227085,2
119384,1
765606,1
267812,2
118280,1
782281,1
5304,1
679619,1
200136,1
263474,1
925761,2
316886,1
770046,1
970385,1
790899,1
183024,1
103790,1
188421,2
176860,1
350419,1
856227,1
438708,2
725327,1
698832,1
866105,1
41715,1
164959,1
32056,1
969237,1
248705,1
25683,1
953919,1
194332,1
553236,1
468969,1
935551,1
446800,2
566270,0
965666,1
167224,1
624527,1
93044,0
536923,1
490768,1
376565,1
719713,1
227999,1
795382,2
841113,0
109547,1
428763,0
319562,0
389736,0
725507,1
575371,1
586753,1
529729,1
922083,1
762559,1
771759,1
172787,1
931793,1
121725,1
419251,0
129798,1
159931,1
711786,1
739454,1
451280,1
400673,1
471158,2
319870,1
450364,1
490162,1
292702,1
943291,1
907985,1
669982,1
394730,0
679608,2
686329,0
751104,1
168654,1
630995,1
261535,1
295279,1
178639,0
889582,1
1011881,1
771450,1
288165,1
329154,1
353267,1
515906,1
545745,1
408699,1
79895,1
982027,1
551872,0
98089,1
317649,1
722456,2
551128,1
581929,1
215679,1
707907,1
559414,1
59882,1
718697,1
144025,1
814562,0
767185,1
108458,1
847746,1
157629,1
4813,1
976167,1
751690,1
261120,0
1016435,1
150769,1
397634,1
445953,1
584700,1
744588,2
576493,0
215077,1
464239,1
26486,2
961321,1
530888,1
679439,1
743873,1
936750,1
786359,1
754118,1
972464,1
710190,1
77240,1
518549,1
322504,1
952033,1
8640,1
26644,1
805458,0
762764,1
279736,1
250036,1
595249,1
514105,1
720490,1
441186,1
110255,1
584289,1
756637,1
297776,1
211569,0
886312,1
188630,1
28301,1
726661,1
38935,1
545697,1
297637,1
561574,1
789842,1
194204,1
899163,2
227416,1
264886,1
664420,1
720832,1
446316,0
85953,0
110013,1
464150,1
898515,1
953793,1
980685,1
901154,1
551645,0
314969,1
426589,1
316248,1
519197,1
733973,1
105598,1
812032,1
235952,1
912055,1
718822,1
25900,1
483955,1
348823,1
654887,1
400945,2
171104,1
241508,1
766980,1
142294,1
353209,1
203928,1
236131,2
408215,1
825155,2
136497,1
71569,1
860440,1
366357,1
757245,1
276524,1
872827,1
147783,1
355698,1
1015368,1
327684,1
146038,1
490977,1
283913,1
366456,1
856179,1
387433,1
684932,1
347484,1
181613,2
1015052,1
362320,1
168313,1
24264,1
591454,1
770071,1
681045,1
682314,2
963495,1
28628,1
470494,1
53161,1
852090,1
2136,1
53598,1
658142,1
670584,1
603964,1
233536,1
950350,2
437002,1
862680,1
890739,0
32573,1
752776,1
968526,1
272520,0
955593,1
718213,1
1014749,1
778846,1
361958,1
138646,2
179522,2
186353,1
219,1
186335,1
969981,1
184751,1
474241,2
14838,1
632164,1
120940,1
205775,2
190909,1
93253,1
805197,1
893451,1
126469,1
917625,1
543141,1
341181,1
399870,1
992015,1
425034,1
1001354,1
52759,1
430494,1
536985,1
185895,1
666716,1
56832,1
495141,1
31958,2
233851,1
407027,1
978547,1
843302,1
882275,1
378691,1
501727,1
827153,1
664688,1
40079,1
19222,1
983505,1
111755,1
529244,1
56975,1
120397,0
554189,1
495354,1
618399,1
270478,1
433691,1
88530,1
35532,1
39561,1
799441,1
580227,2
280800,0
949507,2
576901,1
8233,1
643487,2
860833,1
421863,1
252092,2
390572,1
505491,1
679567,1
929262,1
304665,2
8020,1
770996,0
20525,1
247131,1
164584,1
337438,1
72658,1
576204,1
804017,1
141422,1
21973,1
637811,1
1004041,1
497529,1
20129,1
662891,1
942625,1
125387,1
726272,1
270915,2
613307,1
439561,1
888314,1
665391,1
874094,0
832401,1
358730,1
215811,1
588876,1
791782,1
862369,1
676535,2
614829,1
209632,1
20859,1
432092,1
415424,2
170587,1
976361,1
445267,1
234841,1
416502,1
898485,1
872533,1
215789,1
779890,1
373988,1
240444,1
313418,1
701042,1
1004834,1
442826,1
512077,1
685647,1
104337,1
333746,1
380331,1
653369,1
483027,2
507736,1
344753,0
173021,1
325400,1
724476,1
172024,1
523129,1
508913,0
744555,1
165970,1
946720,1
959535,1
1015834,1
912440,1
831194,1
894889,1
348177,1
4871,2
871495,1
703396,1
457796,0
585514,2
1009314,1
182834,1
428741,1
601232,1
834205,1
313458,1
987541,1
478865,1
1014590,0
1015063,2
622804,0
266158,1
37978,1
736033,1
740533,2
454522,1
801308,1
321327,1
416964,2
780504,0
584043,1
333214,1
184942,1
420080,1
957092,1
559175,1
186591,1
324164,1
764106,1
537528,2
792923,1
367729,1
228523,1
234977,1
73651,1
478586,1
173380,1
931144,1
765914,1
100939,1
835789,1
113371,1
922935,0
564166,1
274386,1
306472,1
420752,1
147273,1
997401,1
640558,1
721925,1
334853,1
312772,1
725617,1
893202,1
859181,1
805205,1
42080,2
204338,1
684455,2
200477,2
996253,1
350682,1
168137,1
846488,1
190307,1
71914,1
682828,1
255749,1
805502,1
736480,1
168504,2
877839,1
315492,1
563183,1
903736,1
223085,1
405113,1
546056,1
660729,1
416270,1
337984,1
194927,1
841429,1
276795,1
245441,0
756703,1
440707,1
402749,1
17187,1
560973,1
895736,1
41252,1
98643,0
163488,1
288969,2
445939,1
93246,2
236593,0
163961,1
371722,1
376198,0
891505,1
940997,1
309776,1
531618,1
25137,1
524827,1
215385,1
567257,1
508359,1
346751,1
450276,1
929402,0
849634,1
598251,1
254425,1
612595,1
723479,0
45582,1
701534,1
996903,1
585903,1
563459,1
4857,0
899992,1
593698,2
470832,1
841281,2
709112,1
587365,1
497907,1
208950,1
151641,1
402594,1
622642,1
693930,1
171728,1
915362,1
366081,1
766470,1
72438,1
411585,1
312152,0
306018,1
162975,1
545712,2
466835,2
789534,0
548090,1
933021,1
135504,1
738718,1
809094,1
794679,1
576886,0
109840,1
661234,1
363398,1
358947,1
532251,1
527525,1
485139,1
916143,1
515395,0
29298,1
117991,1
546889,1
780665,2
116617,1
332624,1
773470,1
759229,2
821999,1
226455,1
286527,2
185426,1
346373,1
625524,1
617541,2
673961,0
365932,1
141903,1
833655,1
944069,1
737995,1
491776,1
543369,1
310411,1
282941,1
946261,1
181808,0
79235,1
540726,1
951546,1
396314,1
829665,1
523617,1
588861,1
35062,1
232021,0
954307,1
54614,0
847533,1
445546,1
502948,1
413268,1
40255,1
309163,1
517081,2
769734,1
253215,1
528122,1
837453,2
961101,1
481032,2
130914,0
512477,1
315166,1
16928,1
102119,1
17033,1
834524,1
768083,1
927697,1
808901,1
361778,1
374402,1
214450,1
555627,1
249629,1
493392,1
915359,1
872878,1
529505,1
61984,1
910288,1
969406,0
111964,1
48387,1
100443,1
86107,1
14779,1
769668,1
35954,1
751768,1
711207,1
339322,2
139522,1
452715,1
891259,1
737951,1
604738,2
38124,2
920049,0
676645,2
708210,1
925046,1
383172,1
148333,0
879756,1
51512,2
850849,1
566087,1
821665,1
630874,1
383491,1
655422,0
964863,1
360726,2
796079,2
723226,0
148630,0
564771,1
313377,2
195333,1
285423,1
213006,1
264468,1
580795,1
694292,1
265230,1
440538,1
844291,1
69214,1
450360,1
398709,2
833255,1
428994,1
272164,0
220398,1
614355,1
952433,1
782292,1
755922,1
482088,1
1010518,0
622671,1
547042,1
451541,1
267166,1
589642,1
320531,1
492982,1
356372,1
840974,2
659312,2
853880,1
644433,2
148436,1
272564,1
290058,2
115935,1
218421,1
451787,1
918178,0
1014334,1
643887,1
771454,1
406572,1
873189,2
944058,0
465973,2
173429,1
678621,1
197793,1
162700,1
402419,1
220453,1
423289,1
263889,1
153647,1
21335,2
721190,1
818595,1
81528,1
736154,1
131111,1
655606,2
351834,1
401788,1
253424,1
740508,1
139195,1
421988,0
260758,0
367031,1
204073,1
414159,2
584814,1
980854,1
339649,1
731715,1
1002069,1
978213,1
340977,1
259752,1
468444,1
32144,1
77718,1
402297,1
804552,2
71796,1
176677,1
971779,1
490599,1
334622,1
67160,2
77372,1
44123,2
81175,1
514736,1
226305,1
778684,1
736925,1
216463,1
964449,1
349208,1
803500,2
496418,1
478168,2
359140,1
295330,1
552037,1
145345,1
12586,1
672197,1
125640,1
507390,1
338989,2
490148,1
629160,1
375102,1
812069,1
602846,1
187417,1
953669,1
135357,1
475521,1
370527,1
973670,1
438601,1
81388,1
567789,1
800174,1
865269,0
429063,1
21984,2
507219,1
854199,1
251550,1
443636,1
646204,1
433868,1
952712,1
306917,1
474087,1
937939,1
849780,1
888916,1
45814,1
448501,1
931768,1
9450,1
330208,1
576442,1
347198,1
445197,1
640499,1
1015438,1
312622,1
327927,1
789299,1
6840,1
1011717,1
192561,1
886385,1
679134,2
175463,1
967510,1
294876,1
817448,1
81807,2
938709,1
671211,1
746902,1
298667,0
35752,1
262220,1
10544,1
943589,0
107358,1
560599,1
422123,0
512107,1
40967,1
146782,2
807137,1
848354,0
998057,1
799331,0
830278,1
878524,1
35628,1
61474,2
969284,1
854290,2
471202,1
535085,0
319515,0
356060,1
884659,1
761239,2
821438,1
519223,1
225791,1
891406,1
276667,1
704559,1
942856,1
919524,2
603836,0
369774,2
170194,1
598233,1
857158,1
546290,2
488068,1
553294,1
298634,1
516381,1
150222,1
624703,1
784544,0
586870,1
270324,1
925600,1
208727,2
311360,0
785996,2
886084,1
113519,1
777515,2
397821,1
427395,1
353223,0
369411,2
577139,1
578679,1
12960,1
547365,1
390866,1
132219,0
84901,1
456564,1
819277,1
627881,1
624479,0
723497,1
819592,1
71415,1
21078,1
453077,1
320755,1
187156,1
237525,1
380937,1
138958,1
402752,0
387709,1
95303,1
513423,1
288385,1
270078,1
382201,1
688466,1
112990,1
831583,2
312222,1
994464,2
4053,1
852263,1
331388,1
76456,1
97488,1
165105,1
645658,1
176835,1
432283,1
358143,2
292126,0
628149,1
175434,1
273602,1
147208,1
307590,1
883478,1
177410,1
644327,1
723707,1
785174,1
987718,1
683737,1
290418,1
937638,1
958398,1
823627,1
684899,1
777702,1
829423,0
414269,0
54173,1
869096,1
770992,1
724131,1
962106,1
147662,0
523202,1
217031,1
979379,1
85090,1
229296,0
619246,1
207506,1
392912,1
474069,1
920478,2
535368,1
947875,1
450070,1
570918,1
551227,1
765594,1
432085,1
973906,1
154695,0
1000797,1
493172,1
508333,1
143398,1
838043,1
329866,1
165901,1
403195,1
513900,1
283175,1
384416,1
117577,1
367046,1
594383,1
849726,2
511322,1
486345,1
871312,1
262301,1
229175,2
476915,1
913702,0
940722,1
336059,1
742146,1
358514,1
666848,2
596008,1
496542,1
90401,1
781273,1
345505,1
741071,1
134367,1
154893,1
731616,1
63957,1
154718,2
851420,1
468099,1
117823,1
1748,0
538077,1
764340,1
777412,1
722317,1
244590,1
498809,1
532482,2
377100,1
93154,1
69452,1
925105,1
84523,1
758202,0
220585,1
603946,1
188018,1
136820,1
256500,1
287531,1
242600,1
624420,0
949880,1
5429,1
303026,1
175456,0
469515,0
184722,1
193250,1
917353,1
444574,1
75646,1
281870,1
332345,0
179070,1
872085,0
741882,1
960335,1
833178,0
1014341,1
191153,1
941037,1
885692,1
747095,1
678386,1
451581,1
926641,1
814566,1
169060,1
368957,1
128746,1
359412,0
894368,1
685346,1
419464,1
441832,1
151708,1
584865,2
887258,2
713270,1
94768,1
44538,1
886976,1
963550,0
158794,1
928005,1
501525,1
540047,1
423278,1
582030,1
586320,1
731025,1
879774,1
698517,1
560485,2
299000,1
941961,1
445670,1
819428,1
681827,1
810104,1
202897,1
810313,1
31565,2
597298,1
192741,1
403335,2
240668,1
704728,1
826350,1
603498,2
535232,1
401403,1
269443,1
895714,0
599740,2
49010,1
915487,1
746931,1
771102,1
697295,1
160207,1
592877,1
268170,1
342076,1
104825,2
778354,1
233480,1
194772,1
209001,1
229861,0
959476,1
495622,1
484842,1
464602,1
328791,1
722805,1
216742,1
138121,1
511913,1
499721,1
641434,1
67384,1
291624,1
513188,1
655624,0
346061,1
880691,1
94496,1
206831,1
484541,1
558369,1
108465,1
714929,1
983028,1
42154,1
968100,1
941792,1
852609,1
815431,1
851813,1
326511,1
560962,1
897693,1
401920,1
289290,1
635031,1
691349,1
352893,1
39976,1
126186,2
846749,1
570895,1
296951,1
934150,1
568074,1
553320,1
619107,1
344919,1
748551,1
573780,1
68749,1
984818,1
817587,1
440721,1
123954,1
940230,1
684998,2
460048,1
906757,2
152231,1
730321,1
78355,1
248107,1
970455,1
309365,1
112080,0
291367,0
335700,1
309655,2
943387,1
542643,1
13356,1
335308,1
668141,1
21683,2
567389,1
404501,2
879352,2
117070,1
189040,1
791074,1
840659,1
728007,2
170466,1
97297,0
537494,1
419970,1
326427,1
876676,1
240859,1
600206,2
653347,0
2891,1
982603,0
720399,1
570583,1
441270,1
353498,1
857936,1
523639,2
875459,0
224417,1
124195,1
804857,1
138484,1
572644,0
394099,1
866570,1
87177,1
374941,1
542401,1
705145,1
918666,1
837604,0
306575,1
626697,1
881917,1
94717,2
868374,1
611532,1
996066,1
144696,1
203429,0
595072,1
866017,1
745703,1
862361,1
516675,2
473442,1
396619,1
930271,1
76562,1
251716,1
639530,1
628585,0
659671,0
418074,1
286523,2
742593,1
625872,1
492593,1
504179,2
841807,2
920290,1
238915,1
445407,1
39914,1
84109,1
879440,1
396482,1
704922,2
161237,1
591979,1
905055,0
91468,2
250579,0
622198,1
456209,1
604408,1
476126,1
573931,1
581257,1
922715,1
94654,1
794741,0
766511,1
110453,0
671138,1
361921,1
297189,1
680503,1
345970,1
471521,0
881539,0
500175,1
544957,1
373188,1
162124,1
832962,2
150570,1
920474,1
124720,1
101855,1
71639,1
738875,1
220820,1
507280,1
520049,2
710998,1
217318,1
853169,1
926777,1
678232,1
994813,1
370152,1
590046,1
575746,1
441292,1
187868,1
944810,1
195429,0
449759,1
989745,1
590945,1
35385,1
626510,1
494540,1
966814,0
433743,1
727318,1
57228,1
10739,2
965428,1
735517,2
368788,1
628086,0
238922,2
533263,1
938888,2
114163,1
524948,1
461555,1
857628,1
921574,1
33402,2
711210,0
370938,1
773247,2
299103,1
1015573,1
386663,1
952301,1
209955,1
307217,1
949242,1
681753,1
126395,1
441861,1
700030,2
869551,1
170741,2
770468,0
539995,1
873017,1
272575,1
459732,1
64217,1
966490,1
799009,1
920328,1
116738,2
101158,1
657046,1
632285,1
9304,1
65191,0
513786,1
369877,1
325268,1
40109,1
927606,1
125989,1
487599,1
765550,1
871110,1
943219,1
372066,1
538529,1
287865,2
580384,1
694982,1
945455,1
625638,2
646237,1
585510,1
895882,1
85270,1
882448,0
93004,1
581576,1
224486,2
32607,1
89759,2
577715,1
115399,1
102665,2
976758,1
544454,1
197331,1
814698,1
322805,0
626660,1
289625,1
523099,1
426765,1
912635,1
378046,1
47812,1
531760,1
880923,1
223841,1
726753,1
700470,1
244866,1
824345,1
250560,1
130947,1
44152,0
548494,1
224857,1
514909,1
954978,1
200172,1
79617,1
155894,1
22075,1
265098,1
555490,1
670937,2
146313,1
455923,1
621498,1
542980,1
388063,1
594860,0
382469,0
319959,1
848633,1
586786,0
917827,1
948252,1
849708,1
872940,0
22031,1
4714,2
11923,1
290612,1
298472,2
348706,2
374754,1
235970,2
467337,1
715647,2
666169,1
413091,1
987332,1
764502,1
444013,1
127635,1
748500,2
357355,1
766863,1
203979,1
391393,0
279039,1
766599,2
268471,1
467818,0
253394,1
195032,1
713465,1
912929,1
414944,1
350770,2
93716,1
124845,1
965365,1
699716,1
99417,2
600491,1
334563,1
546449,1
688635,1
548234,1
898948,1
436812,1
205522,1
432636,1
223412,1
305714,1
497327,1
14908,1
631541,1
743532,1
322760,1
508803,0
792325,1
42990,1
164108,1
197878,1
808215,1
85887,1
110552,1
311155,0
876313,2
336529,1
1002535,1
334028,1
621315,1
62750,1
560951,2
647359,2
969251,1
888178,1
709505,1
853822,1
258638,1
257718,1
801380,1
108942,1
668156,1
490511,1
597999,1
178477,1
952312,1
914871,1
400189,1
939687,1
408387,1
139852,1
468495,1
6228,1
980964,2
214810,1
466284,1
84970,1
441333,1
618256,1
947651,2
687560,1
719290,0
182195,1
55358,1
650476,1
91376,2
244338,2
983200,1
693310,1
461775,2
220842,1
131261,1
140685,1
33428,1
605881,2
493422,1
951234,1
319379,1
939878,2
192330,2
101066,0
486367,1
506922,1
339205,1
758499,1
517265,2
21588,2
63234,0
286644,1
337283,2
110736,1
256911,2
640451,1
881829,1
622781,1
460419,1
647740,1
137700,1
188498,1
961497,1
713924,1
892924,1
81748,1
85021,1
644833,1
51916,1
172435,1
180351,1
105569,1
247612,2
961233,2
941804,1
927367,0
252977,1
782678,1
298612,1
279406,1
363707,1
439297,1
671413,1
146188,1
848156,1
701442,1
924544,1
976981,1
380371,1
879231,1
994794,2
211712,1
572831,1
480042,1
421926,2
803379,0
774248,1
382814,1
919960,1
910527,1
123613,1
87739,1
900270,1
85612,0
20943,1
561196,0
414089,1
75385,1
194303,1
834964,1
736529,2
655484,1
689980,1
504469,1
346029,1
471440,2
5171,0
27340,2
379003,1
821760,2
40831,1
566399,1
655451,1
997937,1
831958,0
473626,1
86628,1
180131,1
514116,1
892803,1
725701,1
552804,1
904829,1
578459,1
706942,2
600998,1
468785,1
900799,1
265520,1
53044,1
758880,1
115575,1
686710,0
129974,0
161325,1
36779,1
203692,2
393788,1
713249,1
998266,1
69272,1
12832,1
722313,1
76870,1
505745,0
993511,1
587581,2
217471,1
958071,0
385156,2
821030,1
884806,1
596536,1
147192,1
529879,1
738071,1
213112,1
980524,1
553287,1
625322,1
670368,0
80163,1
141929,0
837464,1
107806,1
950662,1
808978,1
1010125,0
976992,1
809117,2
726287,2
235233,1
610010,1
626701,1
413558,1
554783,1
487218,1
871653,2
1000496,1
858544,1
834355,1
631284,0
866471,2
510637,1
333283,1
86763,0
618175,1
501279,1
647418,1
72294,1
817686,1
17172,1
54515,1
148825,2
965185,1
550945,2
898218,1
693390,1
465089,0
793403,1
49241,1
808592,1
558868,1
858364,1
615873,1
32683,1
365587,1
171540,1
304915,1
602031,2
838975,1
633316,1
130107,1
548869,2
8662,0
515597,1
723354,1
476463,1
96979,1
473806,1
425966,0
165750,1
763486,1
92788,1
983644,0
1010019,0
927587,1
302560,1
265054,0
651499,1
146610,1
400574,0
291462,1
738549,1
627034,2
225557,1
771616,1
261931,1
360762,0
149011,1
756068,1
717979,1
915850,1
855138,0
464499,1
561325,1
616771,1
600242,1
767255,1
613541,1
823036,1
876140,1
567529,1
600734,1
324542,2
878861,1
78494,1
744005,1
968919,0
755393,1
1009527,1
781343,1
264112,1
909914,1
947945,1
451277,1
572534,1
290869,1
354668,2
726881,0
441304,0
230573,2
546551,1
626279,2
906070,1
20169,1
84820,1
289816,1
11428,1
40644,1
376477,1
89546,2
460059,1
972468,1
490702,1
773665,1
702667,1
560294,1
567950,1
974712,1
264251,0
271835,1
166670,1
333056,1
468833,1
741482,1
466886,1
118691,1
954497,2
804974,1
991681,1
575562,1
542045,1
633341,2
500641,1
306773,1
381589,1
424080,0
235307,0
388519,1
933535,1
20312,2
851897,1
483357,1
8556,1
971243,1
608206,1
274144,1
293806,1
585309,1
826420,1
581701,1
523723,1
783840,1
574220,1
485175,1
676274,1
3324,1
119535,1
114457,1
655561,1
691129,1
106537,1
143967,1
281665,1
785291,1
807881,1
300892,1
515681,1
734707,1
621021,1
300049,1
284660,1
404552,1
801454,1
760715,1
384258,1
106526,1
366966,0
987222,1
831657,1
572314,1
991928,1
965174,1
374839,1
510882,1
168485,1
212669,2
392163,1
757234,1
828679,1
442701,0
98122,0
205382,1
612647,1
825661,1
799155,1
222154,2
331982,1
912037,1
516837,0
822956,1
182030,1
844516,0
477174,1
174055,1
827160,1
790419,0
266899,1
594145,1
1003532,1
797252,1
1380,1
740717,2
437648,2
986409,1
256456,1
772660,1
216757,2
784665,2
560434,1
261674,1
948454,1
348599,1
301714,1
282501,1
757322,1
662004,1
752703,1
779388,2
257299,1
53411,1
118589,1
202002,1
275358,1
823667,1
67216,0
657644,1
460176,1
445597,1
965754,1
470359,1
545840,0
1011481,1
48086,1
787891,1
403937,1
975881,1
707246,1
265469,1
405942,1
618616,1
828147,1
862644,1
741402,1
353751,1
1017960,1
372635,0
894151,0
835392,1
462347,1
26875,2
985194,1
433985,1
682053,1
284051,1
601081,1
529691,1
951106,1
273958,2
13646,1
179254,1
535452,1
329091,1
894386,1
870106,1
203748,1
361381,1
68374,0
677972,0
296519,0
316677,2
224637,1
733537,1
115418,1
63799,1
742319,2
143189,1
701596,2
343679,1
830120,1
909631,1
867106,1
58430,1
613237,2
362966,1
653989,1
925574,1
92146,2
991340,1
656452,1
941118,1
917643,2
356923,0
156286,1
236326,1
48853,1
334226,1
497664,1
852946,1
242570,2
60316,0
528713,2
255349,1
202949,1
660431,2
182412,1
482895,1
1007037,1
129992,1
234445,1
919454,1
272810,2
160889,2
88651,1
608161,2
76610,1
43753,1
878832,1
939706,1
386304,1
111780,1
732866,1
45571,1
886785,1
346829,1
604220,1
617534,1
671479,1
326214,1
59244,1
10559,1
3830,1
128137,0
825207,2
354837,1
212809,2
212540,2
693992,1
162898,1
377731,0
825470,2
941040,1
217109,1
593614,1
414588,1
375539,2
311225,1
327909,1
37329,1
531955,1
104160,1
769330,1
903747,0
32805,1
332510,1
948582,1
720689,1
785196,0
102533,1
626455,1
631446,1
457143,1
228284,1
33721,1
772437,0
370868,2
586232,1
699491,0
321466,1
249133,1
521240,1
40156,1
925688,0
965662,1
324454,1
499017,1
793748,1
960122,1
406077,1
520412,0
349644,2
427535,1
361598,1
230533,1
790091,2
415945,1
857473,1
917911,1
596415,1
257343,1
5087,1
787091,1
302942,1
762375,1
752273,1
235020,1
998332,1
989730,1
277756,0
149671,1
255154,2
372026,1
206039,1
765440,1
885689,1
823098,1
901507,1
217516,1
236311,1
915997,2
453491,1
728018,2
86253,2
191645,2
302906,0
430715,0
508201,1
681522,0
256030,1
985095,1
666231,2
62075,1
619767,1
810045,1
361518,1
231112,0
752882,1
329745,1
69166,1
340353,1
590343,1
644440,1
722049,1
45560,2
607128,1
81575,1
382047,1
885403,2
17628,1
905583,1
222433,2
259044,1
529057,1
655613,1
508230,1
820440,1
206974,1
890937,1
98078,1
483728,1
503662,1
818724,1
965181,1
162010,1
527741,1
897925,1
936831,1
183079,2
548429,1
616342,1
921219,1
826130,1
23968,1
34443,0
186654,1
550215,1
890867,1
608668,1
944197,1
146580,1
344052,1
759405,1
556268,2
219095,2
496726,1
36742,2
228806,1
634441,1
38201,1
493062,0
924823,1
46408,2
275901,1
693006,1
933825,1
995061,2
494023,1
702388,1
75514,1
227757,1
29892,1
74193,1
361235,1
313656,2
718550,1
174150,1
748397,1
950017,1
26255,1
714635,1
638180,1
475044,1
968430,2
8398,0
178752,0
861104,0
866589,0
321518,1
142353,1
673415,1
453312,0
726599,1
256232,1
337672,1
562597,1
724553,2
284929,1
326573,1
233107,0
283270,1
108072,1
644873,1
32665,1
522920,1
384478,1
629326,1
448534,1
157126,2
124919,1
260941,1
37394,1
255323,1
98393,0
471000,1
668394,1
409807,1
905891,1
514185,1
896928,1
95116,1
13657,1
831190,1
545073,1
112587,1
773030,1
254308,1
302762,1
138091,1
307631,1
535438,1
462420,1
237103,1
462831,1
915902,1
900597,1
547303,1
934327,1
994174,1
406778,1
946416,1
40329,0
752361,1
146731,1
262848,1
25030,2
55475,1
238405,1
725983,1
225171,2
136460,2
212753,1
238548,1
430858,1
660273,1
746142,1
536644,1
27847,1
170510,1
805128,2
966362,1
855901,0
953559,1
43900,1
563569,1
343095,1
379722,1
457440,1
263489,1
504751,1
270470,1
199186,1
898045,1
316992,1
882844,1
197984,1
357623,1
981895,1
165703,1
869559,1
1002308,1
296735,1
820392,1
997207,1
564070,1
682262,1
908719,1
242372,1
810892,1
342696,1
935360,1
127888,0
344009,1
43434,1
942108,1
403122,1
490962,1
490126,2
404695,1
748115,2
169927,1
571269,1
388302,1
582801,1
825467,0
683887,1
670012,1
880428,1
978671,2
76331,1
83607,1
925361,1
172028,1
367820,1
305640,1
770905,1
629117,1
525662,1
407757,1
386348,1
447317,1
461379,0
448707,1
218047,1
237426,1
818225,1
310169,1
956936,1
478094,1
935382,1
679714,0
33743,1
297163,1
609838,1
9740,1
855035,1
260431,1
265447,1
358792,0
807221,0
201885,1
58492,1
422956,1
183361,1
1016523,1
902203,1
29229,0
983967,1
759687,0
1002410,0
472290,1
808471,1
916525,1
531849,1
508157,1
714293,1
68341,1
154611,1
67623,1
167668,1
344867,1
331612,1
5050,1
156947,1
816072,1
744081,1
715753,1
335472,1
871271,1
208088,1
486459,1
148571,1
564742,1
907002,1
713517,1
353894,2
580803,1
335407,1
131856,1
767170,1
145639,0
241173,1
196525,0
246006,1
683344,1
193247,1
230717,1
497741,1
688118,1
84938,1
974293,1
846554,1
286240,1
250814,1
885520,1
537263,1
878036,1
521860,1
626914,2
978176,1
515160,1
69063,1
750642,1
274658,1
906052,1
549749,1
559564,1
382113,0
520717,1
727570,1
721804,0
634562,1
77181,1
190787,0
196051,1
430755,0
904700,1
206497,1
627900,1
261065,1
525817,1
364799,1
372561,1
508593,1
855170,1
330475,1
1009530,1
488974,1
7470,1
149327,1
122436,2
494940,2
151348,0
82415,0
497763,1
607289,1
890012,1
731061,1
740250,2
186760,1
924768,1
316273,1
37174,0
174749,1
134518,1
73460,1
602028,1
747161,1
651246,1
715573,1
28785,1
680370,1
126605,1
494834,1
585888,0
167910,1
749071,1
1003617,1
888299,1
284697,1
618201,1
876607,1
347639,1
677220,0
283395,1
368362,1
916440,1
62020,1
439679,1
64785,1
730729,1
383628,0
62299,1
59068,1
486587,1
595227,1
333195,1
749666,1
531081,1
556363,1
453840,1
429540,1
942618,0
898966,1
561299,1
939988,1
256852,1
390543,0
372914,0
661054,1
648781,1
654829,1
346256,1
270948,1
503699,1
417011,2
590662,2
953485,0
775935,1
41032,1
395148,2
420550,1
821210,1
528926,1
147769,1
984153,1
627405,2
771708,1
92939,1
818544,1
911106,0
772730,1
581084,1
351911,1
162931,0
314947,1
693057,1
20136,1
327178,1
770659,1
791100,1
722867,1
468503,1
991076,1
412946,1
848567,1
9847,1
446455,1
629047,1
542805,0
981099,1
703972,0
741174,1
777492,1
409788,1
257068,1
200891,1
916590,1
588032,0
342539,1
865504,1
249720,1
655114,1
978293,1
132909,1
770505,1
308805,1
329282,1
201070,1
706212,1
140014,1
620839,2
483096,2
753865,1
540692,2
218869,1
728579,1
989705,2
345556,1
446781,1
372004,1
771124,1
475213,1
222048,1
638342,1
966216,1
432537,1
798118,1
133928,1
692951,1
567800,1
279963,1
907538,2
36724,1
327251,1
644808,1
212353,1
103343,0
422552,1
897965,2
763439,1
976145,1
169295,2
478993,1
406877,1
126322,1
224262,1
57668,1
859691,1
810474,1
581763,2
372334,1
612353,2
995704,1
798518,0
39370,1
957870,1
249584,0
625542,1
686109,1
713982,1
851530,1
193500,0
483515,1
445942,1
487188,0
503509,1
584869,1
9814,1
484893,1
323497,1
697406,1
6147,0
873835,1
232135,1
124658,1
127833,1
213886,1
901312,0
205591,1
130349,1
199898,1
706113,1
5953,1
394796,1
790617,1
916257,1
851057,1
770413,1
817888,1
249885,1
59178,1
231989,1
246170,1
504209,1
941136,1
770475,1
289393,1
382106,2
639893,1
76397,1
449304,1
594941,0
33204,2
939441,1
100083,1
804181,1
73703,1
613042,1
769099,1
658957,1
451916,1
141242,1
407100,1
131599,1
830425,1
23308,1
841197,1
177979,1
544935,1
634236,1
579838,1
804688,1
810052,2
655125,1
540751,1
583592,1
731513,1
637422,1
320263,1
489432,1
690465,1
198255,1
802161,0
756295,1
39107,1
106041,1
241937,1
755511,1
129387,1
71587,1
308757,1
679820,1
170400,0
975694,1
403364,1
696717,1
685236,1
876599,1
974440,1
63205,1
278449,1
759775,1
181363,1
894713,1
72892,1
110299,1
509150,1
146702,1
36577,1
822879,1
29562,1
963279,2
218865,1
252786,1
110970,1
103992,2
199623,1
90357,1
333775,2
649618,1
550192,1
836092,1
199579,1
354518,2
1005648,0
791485,1
695022,1
237415,2
341820,1
403607,1
63131,1
707873,1
734178,1
743668,1
306285,1
82473,1
858379,1
802639,1
749181,1
58739,1
443111,1
99585,2
616155,0
733768,1
493671,0
185749,1
450955,1
266312,2
537120,1
449285,1
702432,1
764649,2
134183,1
177421,1
277709,1
459262,1
538338,0
233532,1
231325,1
352729,1
374376,1
51262,2
65720,1
297505,1
657871,1
110189,2
379733,1
562179,1
78634,1
83643,1
897297,1
388478,1
760458,2
865717,1
599517,1
468767,1
830388,1
95640,1
150163,0
324825,1
383080,1
746274,1
400923,1
591414,1
760711,1
667980,1
113126,0
157856,2
571676,1
961754,1
61555,1
721888,1
723280,0
90452,1
580083,1
486712,0
923873,1
521776,1
720418,1
536354,1
923488,1
563606,1
217127,1
1013689,1
401388,1
600503,1
641915,1
311423,1
160771,0
170363,1
381152,1
109590,1
439411,1
239820,1
183790,1
228402,1
17044,1
364939,0
396758,1
842433,1
987930,1
556631,0
139470,1
736778,1
220471,1
224509,1
632872,1
794851,1
630470,1
480893,1
168508,1
322331,1
856472,2
762119,1
171933,1
762360,1
196055,1
679842,2
902375,1
962212,1
1017490,1
511766,0
767640,1
241746,0
341842,1
484581,1
81601,1
519931,1
785163,1
905921,1
382238,1
893569,1
859105,1
923253,1
756468,1
741798,1
274302,1
675509,2
159942,2
244194,1
722485,0
769639,1
204239,1
253376,1
452142,1
181499,1
1015922,1
706018,1
881065,1
224758,1
904777,1
15916,1
787000,2
310929,1
37152,1
538176,1
84105,1
310473,1
600987,1
229762,1
971661,1
327024,1
491783,2
814621,1
400288,0
498081,1
984135,1
56281,1
617611,2
556095,1
865881,1
861089,1
814096,0
580391,1
675846,0
241100,1
783282,1
390334,1
161387,1
10089,1
2459,0
358752,1
199094,0
409906,1
396574,1
668244,1
915186,1
232557,1
882936,1
544384,1
597540,1
57213,2
576219,2
269377,2
877189,1
448541,1
479451,1
701567,0
286893,1
857370,1
316824,1
173494,1
963033,1
274760,1
60154,1
213596,1
351331,1
983248,1
812047,2
228596,1
450478,1
595612,1
526418,1
788731,0
190552,1
962700,1
1007271,1
227199,1
996891,1
347327,1
962524,2
37361,0
900656,1
382216,1
145895,2
866758,1
463627,1
2260,1
882639,1
592235,1
39958,2
607216,1
767864,1
898595,2
965806,2
26754,1
245100,2
68015,1
396552,1
912040,0
129163,0
701486,1
327497,1
239365,2
396666,1
957580,1
989594,1
141811,1
954039,1
619411,1
366731,1
571096,1
375234,2
813668,2
266165,1
725749,1
984715,1
702171,1
554082,0
624097,1
8860,0
163709,0
563994,1
508436,1
695110,1
657167,1
145367,1
224512,1
305563,1
573498,1
418573,1
1017175,1
444765,1
199029,1
162953,1
553302,1
578947,1
147248,1
313061,1
355526,1
524034,2
57415,1
206721,1
818016,1
929916,0
565053,1
988524,1
639215,1
693516,1
138334,1
988634,1
960294,1
128104,1
860136,1
329617,0
679574,1
596792,1
651062,1
602240,1
347873,2
295206,0
86084,1
70748,2
84310,1
865665,1
299635,1
184836,2
551542,2
326492,1
262716,1
610917,0
415783,1
1001497,0
389321,1
628291,2
856872,1
909929,1
641449,1
401681,1
338952,1
784207,1
528786,1
787279,1
326870,0
992396,2
751555,1
407775,1
364454,1
249254,1
989859,1
554996,1
963811,1
525046,1
795504,1
579805,1
990307,1
361503,1
885791,1
258171,1
740973,1
821562,1
910626,2
405740,1
844318,1
83401,2
353696,1
897958,1
664992,1
115883,1
718990,1
606053,1
385200,1
848343,1
403889,1
58441,1
867795,1
6972,1
447492,1
869735,1
158259,1
595887,1
160243,1
928551,1
85069,1
611781,0
944997,1
591315,0
787217,1
425261,1
510541,0
185587,1
535724,2
959193,1
534536,0
645980,1
38807,1
228138,1
640437,0
61559,1
218281,1
1012592,0
207494,1
474421,1
588960,1
799386,1
960320,1
165314,1
683458,1
414827,1
358323,2
459523,1
186904,1
623687,1
726650,1
612526,1
614443,1
448860,1
329147,0
216434,1
455112,2
877369,0
338860,1
327347,1
394459,0
848134,1
558615,1
718150,1
271387,1
79664,1
906562,1
365099,0
961633,1
397418,1
251,2
665821,1
892106,2
569361,1
868275,1
553849,1
742630,1
140047,1
774934,1
549770,1
934781,1
54760,1
566528,1
4145,1
586849,1
800691,1
4266,1
728791,1
751566,0
16384,1
434898,2
434502,2
202402,1
261924,1
913739,1
861841,1
821247,1
643201,1
582984,1
814092,1
958622,1
7944,1
487793,1
551751,1
279905,1
886910,2
1007550,1
453653,1
471899,1
979236,1
728740,2
541008,1
419156,1
453639,1
579962,0
405854,1
315108,1
100814,1
928009,2
336408,1
799177,1
962249,0
650975,1
560713,2
573560,2
883188,1
762173,1
672216,1
163385,1
523987,1
793032,2
92667,1
550053,1
575544,1
927891,1
552983,1
172398,1
313902,1
389406,1
426996,1
484680,1
339230,2
166953,1
722625,2
650894,1
669384,1
886147,2
866949,1
558608,1
242501,0
411952,1
721495,1
199957,1
265146,1
34483,1
78869,0
421409,1
59707,1
357979,0
956305,1
757153,1
469041,1
694634,1
341024,1
227746,2
736792,1
732873,1
197056,1
38542,1
116246,2
850195,1
372639,1
652919,1
857851,2
781178,1
445876,1
277822,1
1011728,1
419211,1
102137,1
449010,1
845722,0
206992,0
760946,1
338376,1
874201,0
425122,1
983978,2
122780,1
497987,1
793979,1
306230,1
908814,1
380393,1
808970,1
149118,1
545819,1
458599,2
447258,2
170675,1
204851,1
777339,1
863740,1
698285,1
938411,0
884893,1
328021,1
863883,1
27043,1
91310,1
972295,1
897228,1
796703,1
100766,1
647410,2
170495,1
893183,1
789567,1
221557,2
902034,1
288752,0
568731,0
939283,1
489359,1
284598,1
949510,1
652375,1
991391,1
622015,1
730178,1
996088,1
698638,1
459798,1
786700,1
210494,1
187680,1
612133,1
613479,1
207960,1
1002171,1
132754,1
409971,1
402228,1
919241,0
64004,1
690715,0
530147,1
952844,1
110718,1
1015676,1
806154,1
619381,1
951692,1
391434,1
6187,2
821207,1
933102,1
2693,1
996158,1
377856,1
159564,1
912587,0
295891,1
299374,1
779850,0
283090,1
456906,1
678805,1
751137,1
616203,2
632201,1
283667,1
957584,1
865915,2
950886,1
186739,0
357263,1
80637,1
415013,1
978459,1
300878,1
564881,1
43878,0
976200,1
621582,1
260600,1
76937,1
974932,1
605290,0
63212,1
366544,1
901716,1
480387,1
457316,1
301082,1
38825,1
648631,1
1017678,1
134606,1
671839,1
805898,1
660318,1
193809,1
924504,1
184924,1
404923,1
572967,1
735281,1
238511,1
202828,1
406510,1
570682,1
195098,1
270654,1
898364,1
664703,1
937319,2
2543,0
558541,1
287340,1
617291,1
329972,1
475679,1
25478,0
763471,1
591656,1
730406,2
401759,1
709659,2
401245,1
487690,1
904395,1
913977,1
364898,1
761796,1
497019,0
763732,1
864059,1
639769,1
954765,1
236733,1
396651,1
597881,1
727615,2
92865,1
804824,1
781772,1
855787,1
154989,0
706047,1
462596,1
404002,1
51167,2
846190,0
456102,0
705721,1
558361,1
748786,1
736213,1
886929,1
528324,1
107307,1
774886,2
726151,1
786322,0
574642,1
845531,1
402242,1
543509,2
962490,1
540539,1
95471,1
587181,1
634995,2
633550,1
574301,1
739399,1
918402,1
998365,1
614216,0
95563,1
491581,1
300353,1
687784,1
706021,0
1003503,1
285753,1
146140,1
766269,1
108322,1
616962,1
229443,1
263779,2
951564,1
299811,1
990174,1
268277,1
817183,0
474047,1
184898,1
233433,1
672234,1
812542,1
421173,1
916004,1
381189,1
166094,1
118699,1
618249,0
172406,1
281427,2
150637,1
392615,1
743426,0
676300,1
663133,1
296977,2
605078,1
711599,1
269704,1
457118,1
123907,1
212159,1
846958,1
950578,0
715915,1
720429,1
977898,0
628428,2
93859,1
392673,1
578789,1
884882,0
641797,0
507109,0
493231,1
334857,1
319045,1
584528,1
462978,0
453004,0
541059,1
644488,1
918552,0
501998,0
10496,1
157753,1
770930,1
378262,1
653857,1
289474,1
772543,1
733720,1
315746,1
515711,1
848846,1
234269,1
770156,1
244503,1
545709,1
210652,1
147215,1
795533,1
346164,1
817370,1
818504,0
245683,0
918608,1
346054,1
255165,1
740034,1
833189,1
103291,2
768058,1
780779,1
804787,1
994097,2
933076,1
567110,1
347701,1
397524,1
791643,1
771700,0
305949,1
715999,1
508557,1
816612,1
186526,1
66262,1
751184,1
133579,1
782311,1
252650,1
100201,1
522513,1
342784,2
90533,1
667445,1
824521,1
599810,1
713171,1
312758,1
546371,1
818360,1
269810,1
252001,1
347015,2
774743,1
447485,2
31880,1
872625,1
961020,1
53473,2
76739,1
1011959,1
433361,1
948296,1
430876,0
145220,1
355951,0
621894,1
823483,1
643270,1
1011052,1
834160,1
680907,1
789611,1
961460,1
238669,2
568331,1
739788,1
867047,1
724443,1
665377,1
460084,1
359151,1
54247,1
564298,1
458162,1
787121,2
161123,1
571599,1
426170,1
980410,1
637565,2
738578,1
756163,1
461038,1
734071,0
821328,1
320410,1
6143,2
736107,1
636557,1
972688,1
111036,2
547967,1
261517,1
962593,1
50904,0
35316,1
123819,1
945550,1
669737,1
902658,1
705486,1
932471,0
352240,1
920470,1
348250,1
834443,1
763042,1
79462,1
921677,1
694579,1
696904,1
802932,1
558156,1
248385,1
1001714,1
209199,1
149488,1
269450,1
804691,1
470304,1
179427,1
527587,1
554718,1
334035,1
978826,0
783161,1
205588,1
343378,1
156459,1
612816,1
652768,1
631178,1
341482,2
862071,1
91284,0
892010,1
275886,1
829809,1
294634,1
915869,1
936387,1
138389,1
281074,1
986809,1
596507,2
655033,1
182654,2
544175,1
812784,1
331098,1
823090,1
118105,1
345196,1
27788,1
908443,1
192961,2
587266,1
7313,1
196929,1
623629,1
237576,0
566018,0
960966,1
781714,0
341266,1
320319,1
724649,1
699044,2
965512,1
10328,1
175739,1
305390,1
467964,1
869320,1
936226,1
25364,0
277884,1
406415,1
297402,1
637484,1
147457,1
402569,1
738967,0
473747,1
333654,1
198864,1
699260,0
182119,1
1008203,1
3034,1
604705,1
836926,1
845670,1
196738,1
909095,1
55123,1
378769,1
775917,1
933010,2
724832,1
93987,1
812810,0
528070,1
463333,1
904968,1
814801,1
335681,1
446334,1
494959,2
879257,1
874641,1
564551,1
1012563,1
305963,2
330754,1
393506,1
367350,1
955212,2
250106,1
876537,1
456692,1
526429,2
654586,1
327718,1
909576,2
542218,2
238991,2
28936,1
815013,0
1008768,0
385431,1
957393,1
992727,1
451585,0
846363,0
936710,1
289885,1
400163,1
706748,1
782939,1
740526,1
32809,1
650003,1
604628,0
63601,1
687928,1
848196,0
421100,0
82642,1
242787,2
451666,1
980979,0
990178,0
908759,2
23447,2
151795,1
691943,1
843881,1
658667,1
55930,2
478601,1
773690,1
546335,1
641892,1
7540,1
352541,1
370028,1
244169,1
629278,1
746825,1
647469,1
778123,1
882282,1
955960,0
732932,2
980278,1
954509,1
564485,1
161215,1
193526,1
202163,1
738677,2
869481,1
632913,1
692793,1
289302,1
423267,1
563734,1
200781,2
731883,0
756167,1
433688,1
124434,2
316266,1
306029,1
532927,1
9876,1
326012,1
357245,1
934712,1
194273,1
941668,1
118248,1
107064,1
632241,0
1000229,1
243443,1
834887,1
175625,1
808963,0
12935,0
464987,1
1015375,1
1000753,1
895295,1
271783,2
56674,1
635134,1
147820,1
207906,1
873626,2
174091,1
613978,1
169574,1
797528,1
500087,2
711690,1
918343,2
750268,1
789336,1
961725,1
662873,1
86741,1
835891,1
807797,1
841656,1
204800,1
113441,1
837600,1
632252,1
85726,1
687326,0
160177,1
381967,1
85032,1
709879,1
189349,1
588986,1
181091,1
831419,1
142005,0
833002,1
837736,1
960683,1
253549,1
814896,1
182816,1
490812,1
685519,1
520904,1
96678,1
805117,1
769147,0
732118,1
908542,1
192727,1
302601,1
361844,1
612717,2
950666,1
480912,1
445113,0
58324,1
210212,2
3966,0
751023,1
596998,1
79594,1
166872,2
972240,1
356109,1
83290,1
650649,2
909107,1
402224,2
8163,1
993809,1
393531,1
639413,1
803368,1
545033,1
863506,0
948799,1
750352,1
456898,0
878612,1
962388,1
633738,1
827791,1
366070,2
842327,1
923613,1
753216,1
802015,1
921149,1
916631,1
725408,0
497561,1
867652,1
341097,0
594996,1
947835,1
650737,1
717322,1
834399,1
747000,2
107464,1
640745,1
961853,1
984847,1
973227,1
771535,1
1006292,1
864473,1
733137,1
613464,1
561185,2
922843,1
173018,0
528298,1
12788,1
648,1
942364,1
70212,1
5289,1
789509,1
644899,1
52054,1
575647,1
892847,1
55967,1
104458,1
490904,1
370112,1
819974,1
905419,1
583325,1
604297,1
909206,1
641768,1
302656,1
408138,1
625861,1
313450,1
950497,1
916246,1
962531,1
566289,1
844149,1
228244,1
710781,1
149763,1
755078,0
1348,1
459244,2
129365,1
875529,1
464316,1
559692,1
320380,1
54409,1
787253,2
320175,1
913108,1
503336,1
977593,1
533319,0
987853,1
1002319,0
472030,1
636274,1
422028,1
831491,1
618308,1
979393,1
404086,0
934271,0
362537,1
698931,1
68521,1
645760,1
51655,1
547608,1
270805,1
518611,1
924577,1
829771,1
842323,1
946108,1
833776,1
23098,1
699037,1
847988,1
382139,1
1009644,1
271383,0
530239,0
495592,1
878209,1
613039,1
457873,0
563529,2
414056,1
429676,1
453701,1
11813,1
814412,2
596877,1
611763,2
601049,1
103329,2
111979,1
55471,1
716673,1
54298,1
498591,1
734068,1
33729,1
428837,1
693886,1
452568,1
385398,1
515762,1
415967,1
905330,1
145796,1
884662,1
182500,1
433039,1
389200,2
290487,1
228567,1
745776,0
295518,1
465724,1
354084,2
796967,1
608103,0
265362,1
260691,1
774215,0
672539,1
888552,2
325550,1
399922,1
893536,1
539577,1
840570,1
469210,1
469166,2
158842,1
21838,2
720425,1
428080,1
492403,1
576893,1
848556,0
978936,1
765624,1
953364,0
959388,1
701109,2
680118,1
76786,1
106052,0
582180,1
741842,1
866945,1
537373,1
654814,1
38748,1
274548,1
634999,2
210025,1
429944,1
970293,1
854812,1
112143,1
141132,1
586867,1
688514,1
799816,1
95776,1
609753,1
291033,1
225142,1
198871,0
357975,2
497477,1
537281,1
452380,1
554790,1
549279,0
327882,0
712471,1
463274,2
365426,1
73112,1
831455,1
878902,1
333119,1
393861,0
573472,1
404901,2
827362,1
465940,1
119146,1
545220,0
635361,1
834847,1
658913,1
647865,1
96113,2
467296,1
738280,1
619642,2
447191,1
933494,1
694465,1
787466,0
506834,1
209272,1
887801,1
114608,1
884163,1
946144,1
461012,1
210461,1
1003811,1
882752,1
237190,2
806624,1
377801,1
964250,1
483287,1
620648,0
179823,1
192907,1
547574,1
340548,1
952114,1
446400,1
9960,1
35459,1
952965,1
381420,1
31910,2
616562,1
922663,1
422233,1
1005303,1
811802,1
593320,1
515836,1
20484,2
691411,2
975034,1
246648,1
189408,1
782366,1
879422,1
901091,1
955535,1
187736,2
404570,1
907648,2
678724,1
905437,1
712097,1
102724,1
809432,1
243692,1
1003363,2
708782,1
411732,1
166876,1
529240,1
76009,0
95321,1
859842,1
375733,2
298083,1
133807,1
774053,1
500296,1
238056,1
598626,1
76379,1
427872,1
99567,0
307220,1
958897,1
114839,1
889032,1
39547,1
156583,2
151751,1
243748,1
981455,1
893444,1
925204,1
352530,1
433130,1
629751,1
1015849,1
875958,1
830227,1
954839,1
996419,1
612500,2
345123,1
650256,2
337500,2
121820,1
276054,1
503626,1
665542,1
704764,1
732066,1
681867,1
369224,1
596352,1
938550,1
227320,1
105514,1
165493,1
536853,1
107703,1
77255,2
65328,1
887834,0
224233,1
592899,1
324292,1
544685,1
588704,1
619826,2
931155,1
260453,1
881876,1
295624,1
554116,1
637084,1
796655,1
613417,1
782722,1
856623,2
471242,1
617909,1
302638,2
119564,1
720197,1
184366,0
927763,1
522825,1
307789,1
937098,1
673019,1
157933,1
485564,1
208268,1
907776,1
521817,1
784137,1
906995,1
163433,1
699745,1
746186,1
937399,1
219345,1
268387,1
58207,1
106335,1
445678,1
255260,1
495732,1
127716,1
725286,1
107343,1
901455,1
424194,2
239170,1
233657,1
58995,1
414504,1
967172,1
912246,2
674254,1
426710,1
334585,1
893778,1
718091,1
165673,1
441380,1
97158,1
771762,1
617266,1
645904,1
357986,1
833868,1
178150,1
584887,0
177447,2
26028,1
853749,1
629766,1
681306,1
210256,1
300896,1
791085,1
174048,1
425991,1
35503,1
78120,1
532354,1
814438,1
555407,1
912503,0
364425,1
838825,1
929233,1
400615,1
604770,2
201591,1
860107,1
35231,1
790275,2
664248,1
318352,1
266323,1
589792,1
756358,2
852065,1
446550,2
13150,0
563040,1
307521,2
534572,1
625975,1
13495,1
217527,1
506250,1
303448,1
493503,1
456865,1
835785,1
388162,1
839154,1
423784,1
612191,2
3816,1
124188,1
848596,1
959502,1
413657,1
282615,2
137810,1
335106,1
662271,1
417433,0
907482,1
780081,1
503288,1
832973,0
540113,1
81681,1
873222,2
800082,2
203010,0
625373,1
867418,1
581176,1
103541,1
895013,1
879396,1
676906,1
865449,1
120294,1
804277,2
375421,1
273165,0
924980,2
313700,1
860576,1
698469,1
991825,2
36423,0
600220,1
632447,2
465625,1
812825,1
637239,1
29809,1
491761,1
774776,1
966296,1
869081,2
126759,1
953133,1
57895,1
88101,1
720546,0
251628,1
688190,1
765950,1
815031,1
175331,2
358473,1
11093,2
350624,1
204268,1
760520,1
105008,1
32236,1
133032,0
193537,1
37020,0
77886,1
1009167,1
548748,1
599524,1
36258,2
609434,1
434182,1
471228,2
440479,1
110141,2
337904,1
328355,1
348724,1
733999,1
863281,2
208536,2
550608,1
119319,1
334651,1
215954,1
529563,0
425526,1
817712,1
886161,2
418753,1
915986,1
217310,1
471392,2
393249,0
1006164,1
625586,1
260806,0
349563,1
848174,0
281980,1
954783,1
153478,1
132677,1
853837,1
669942,1
122744,1
187556,1
334387,2
970419,2
241731,1
549998,2
638955,0
274463,1
306601,1
636216,1
859541,1
997841,1
667346,1
648965,2
411772,1
196011,1
577476,1
392824,1
679141,1
566546,2
615532,1
797942,1
773793,1
542339,1
421724,1
1008379,1
196709,2
447643,1
592851,1
278397,1
144205,1
395904,0
43430,1
255693,1
324755,0
180289,1
1715,1
887456,1
698553,1
101194,1
751409,1
544186,2
363875,2
600727,1
759845,1
795108,1
450056,1
56047,1
657006,1
448075,1
694270,1
256397,1
665759,1
326261,1
477071,1
537043,1
8835,1
54904,1
796336,1
29519,1
215624,1
797490,1
74986,1
103879,1
513339,1
614883,0
740261,1
79246,1
1008016,1
164342,1
521233,1
821647,1
406503,1
80042,2
142034,1
712824,1
872250,1
892524,2
65874,1
209889,0
493279,0
991483,1
793616,0
773823,1
713777,1
226646,1
339223,1
351526,1
982023,1
131548,1
160980,1
284815,1
595098,1
317924,1
507828,1
39484,1
119249,1
905774,1
358286,1
253725,1
418966,1
317153,1
176882,1
852128,1
95226,1
265498,2
925934,1
400721,1
62123,1
121251,1
177762,1
247586,1
637705,0
895020,1
976273,1
4196,0
273037,1
643528,2
604653,0
721440,1
103431,1
458515,1
425052,1
530697,1
975809,1
844949,1
882657,1
449355,1
565721,1
455820,1
152730,1
956752,1
398668,1
564177,1
753836,1
485010,1
105910,1
688844,1
495619,1
287216,1
4666,1
318271,1
460958,1
153801,2
726489,1
748779,1
182104,2
553779,1
930411,1
82107,1
719353,1
101507,1
739098,1
973186,1
44978,1
711016,1
861658,1
349655,1
404240,1
350363,0
581822,1
114031,1
474638,0
574880,1
704306,1
678353,1
24602,0
352314,1
90580,1
647656,1
312479,1
63766,1
733225,0
785552,1
685247,1
661065,1
802363,1
1006807,1
439051,1
759610,1
542933,1
344104,0
861236,1
239390,1
846312,1
51600,1
937740,1
329741,1
948407,1
570503,1
230951,0
318433,1
804806,1
37648,1
104498,1
342443,1
402095,1
34524,1
872346,1
763255,1
857293,0
537513,1
942441,1
500722,0
744449,2
497110,1
442819,1
986478,1
238551,0
495981,1
6705,0
789406,1
934660,1
140557,0
989796,1
970558,1
557779,0
954615,1
846727,1
281537,1
684880,2
264369,1
713762,1
958259,1
741912,1
192811,1
123488,1
479125,1
345772,1
157258,1
965776,1
733210,1
31080,1
777544,1
555007,1
368443,1
576358,1
753308,1
40860,1
854306,1
986852,1
30517,2
328333,1
902991,1
446022,1
787880,1
198262,1
982984,2
134114,1
44002,1
694311,1
208642,1
972152,0
305875,1
871323,0
268868,1
629124,2
356798,1
866358,1
691091,1
830238,1
240738,0
973157,1
647722,1
364571,2
297134,1
658641,1
700096,1
974705,1
762713,1
530044,1
248370,1
755203,1
771935,1
495248,1
74634,1
437303,1
759070,2
531511,1
45832,1
415321,1
983387,1
978206,1
798914,1
645357,1
731575,1
383709,1
57037,1
591762,1
830164,1
712545,1
595391,1
364751,1
949176,1
559917,1
275798,1
72254,1
149583,1
994549,1
407313,2
631893,1
747518,1
596503,1
348184,1
615099,1
85340,2
127062,2
837486,1
177168,2
783789,1
981826,1
638159,1
787503,1
80996,1
36328,1
1008162,1
239208,1
346454,0
783488,1
532303,1
753003,1
359092,1
632670,1
654425,1
545293,1
817891,1
579070,1
81762,1
286064,2
152147,1
210542,1
668615,1
662381,0
288330,1
3867,0
634508,0
959751,1
521721,1
133609,1
382014,2
356219,1
620321,1
44622,1
330523,0
187611,2
236524,0
1005930,1
1010150,2
851589,2
602127,1
262664,1
666620,1
443845,1
176787,1
101848,1
344511,1
861346,1
714709,1
176794,1
461371,1
741794,1
500748,1
600738,0
865566,0
707389,0
498650,1
799515,0
655282,1
331065,1
254087,1
776059,1
693941,1
187710,1
986988,0
161967,1
215459,1
553375,1
542889,2
750110,2
1010107,1
48901,1
443841,1
410629,1
9209,1
343929,1
78076,0
992972,1
35914,1
112514,1
17668,1
187817,1
491905,1
187369,2
182481,1
723446,1
143893,1
631651,1
302098,1
309860,1
901000,1
257200,1
389596,1
485957,1
678863,1
288286,2
438539,1
890610,1
931258,1
764351,1
543310,1
614083,1
26549,2
317281,1
1002957,1
768865,1
388537,1
869760,1
142607,1
384254,1
932435,1
160577,1
151216,1
175669,1
946658,2
474296,0
199047,1
676865,1
835840,2
296126,0
456630,1
530183,1
45861,1
729327,1
85296,2
405513,1
153892,1
984902,1
619084,1
336422,1
820370,1
288550,0
195814,1
635307,1
1013443,1
9201,1
422783,1
702623,1
32515,1
923473,1
824165,1
928045,2
502559,1
412872,1
439172,0
722588,0
265744,0
775546,1
1014642,1
446778,1
857297,1
686930,1
20268,1
277143,1
288297,1
312013,1
390158,0
369613,1
373229,1
991850,2
150534,2
518468,1
173061,1
733647,1
1008801,1
979607,1
27021,1
433831,1
283920,1
290582,1
563855,1
744302,1
121233,1
742564,1
644532,2
938370,1
626176,1
964353,1
505305,1
113694,1
195678,1
730930,1
751599,1
666767,1
936251,1
220714,1
487896,1
11329,1
374927,1
660112,1
727552,1
516121,2
496751,2
740140,1
513180,2
629818,1
135771,1
240367,1
1002209,1
851424,1
115102,1
546375,1
305817,0
110354,1
10526,1
733096,1
55934,0
62219,1
453448,1
182720,1
298971,1
586199,1
710774,2
397050,1
134929,1
71334,1
829324,1
529938,1
296177,2
777427,1
21092,1
354998,1
987567,0
406598,1
385651,1
928067,1
613284,1
80512,1
451486,1
719650,1
464297,2
259800,1
836867,1
913078,1
133784,2
75774,1
12517,1
429658,1
602923,1
61038,1
122524,1
316244,1
384027,1
201544,1
363611,2
544939,2
508450,1
1003150,2
426574,1
923583,1
897620,1
756615,1
398734,2
916994,1
972516,1
695859,1
454328,1
142764,1
894302,1
828514,1
55497,2
273154,1
912734,2
671116,2
730952,1
989561,0
90519,1
694575,1
510967,1
507361,1
309794,1
335432,1
727967,1
639615,1
753395,1
50782,2
288404,1
768986,1
578301,1
920555,0
193973,1
785981,1
214036,0
493187,1
60518,0
456146,1
921714,1
705192,1
451240,1
998006,1
960009,1
112275,1
636182,1
143927,2
46792,1
486033,1
89487,1
234919,2
245074,1
6011,1
497253,1
82462,1
200693,1
396608,1
537216,1
241276,1
98339,1
955579,0
303554,1
508726,1
254894,2
883438,2
856858,1
107974,2
533986,1
559436,1
161406,1
895350,1
726397,0
656335,1
287847,1
762908,1
357344,1
715805,1
583280,1
715731,1
383679,1
973902,1
148209,1
808897,1
779476,1
70582,1
202307,1
104582,1
724010,1
367460,1
119858,1
774035,1
1005435,1
165222,1
975009,1
321990,1
191407,2
388379,0
307587,1
321529,1
956521,0
345912,1
814078,2
493800,0
623052,1
769587,1
283858,2
879444,0
207407,0
916587,1
885373,1
772026,1
986405,1
738200,1
821111,1
12164,1
999825,1
395456,1
761705,1
534415,1
652706,1
869526,1
728094,1
278441,1
104377,1
937025,1
79143,1
458229,1
771083,1
213042,1
586614,1
188171,1
250612,0
768674,1
291554,0
338383,1
990574,1
343408,1
437930,1
334541,1
148168,1
940759,1
72368,1
50915,2
729686,1
377812,1
20547,0
471987,2
954879,2
430971,2
711221,1
478568,1
785138,1
319269,1
947787,1
338233,1
436607,1
583835,2
505253,1
259088,2
536413,1
684015,1
17183,1
863047,1
448013,0
994981,1
232153,1
614344,1
54717,1
466651,1
4662,0
352589,1
540803,1
487427,0
578954,1
413169,1
669032,1
876753,1
350415,2
840127,1
27531,1
306359,0
356174,2
659811,1
1017975,0
811905,2
648048,1
83397,1
614047,2
659808,1
571481,0
582317,1
111263,0
252764,1
385846,1
687399,1
852546,1
431682,1
213361,1
585543,1
243410,1
884035,1
995270,1
218414,1
409289,1
574389,1
598901,1
862428,1
330233,1
235530,1
717072,1
281371,1
730604,2
347091,1
597027,2
41825,1
366951,1
805557,1
415806,1
262118,1
582526,1
617747,1
699891,1
579016,1
629135,1
971203,1
902092,1
191322,0
564614,1
144403,1
503354,1
568203,1
611620,1
567576,2
736011,2
687454,1
557577,1
634467,1
343932,1
495215,1
603047,1
395339,1
191461,0
908872,1
191953,1
113191,2
37486,1
956187,1
587064,1
428723,1
551917,1
770314,1
482073,1
532280,1
671963,1
18867,1
997720,1
456391,1
234287,1
310804,1
585811,1
606354,1
461452,1
947611,1
211693,1
484200,1
357337,1
577520,2
28143,1
689070,1
533825,1
195153,1
159656,1
437431,1
82811,2
634746,1
914938,1
335795,1
619448,1
845032,1
388511,1
313197,1
405601,0
806514,1
931199,1
388896,0
847728,1
927161,1
168892,1
274948,0
156059,2
7771,1
70546,1
28466,1
288327,1
42961,1
1000610,2
71150,1
111975,1
868918,1
922766,1
818005,1
318741,1
939470,1
29760,1
929673,1
846338,0
659529,1
564739,1
120283,1
642868,1
409560,1
130330,1
193191,1
955887,1
207153,1
1017520,1
805715,1
483434,1
371160,1
654395,1
332282,1
628743,1
987071,1
163631,2
139838,1
462828,1
355009,1
920393,1
135045,1
872760,1
960731,1
656119,0
585686,0
979195,1
181936,1
503985,1
633613,0
903215,1
753380,1
32618,2
462640,1
136868,2
900436,0
913995,2
219143,0
969574,1
524023,1
216250,1
419864,0
487137,2
218762,1
999469,1
119887,1
180993,1
194651,1
953713,1
580139,1
330688,1
629719,1
641948,1
355306,1
996884,0
899608,1
698968,1
359904,1
619455,2
608899,2
705846,1
62358,1
434681,1
795232,1
84138,0
116745,1
172864,2
1000074,1
640312,1
221278,1
51435,1
850720,0
236458,1
785640,1
946937,1
512606,1
806095,1
551700,1
103181,1
776767,1
680286,1
454423,2
29533,1
979966,1
748591,2
502809,1
658454,1
791661,1
45913,1
300386,1
722210,1
970312,1
297640,2
407496,1
297390,1
430050,1
207245,2
404307,2
201438,1
588193,0
392471,1
725088,1
45986,1
667276,2
605405,1
393814,1
387426,1
275208,1
316420,1
918439,1
307484,1
199399,0
712413,2
220299,1
899181,1
874292,1
534385,1
619,2
228291,1
390165,1
21742,1
233242,1
247777,1
258197,1
304607,1
378071,1
775029,2
622716,1
984539,1
400057,1
673682,2
464455,1
68019,0
40097,1
727329,1
192,1
875169,1
221612,0
825144,1
783628,1
649511,1
292698,1
509491,1
817778,0
498544,1
391724,1
617439,1
723006,1
625502,0
130495,1
507013,1
552789,1
784991,1
728337,1
561783,1
826956,0
208095,2
655639,2
143732,1
120984,0
408329,1
778046,1
233815,1
395889,1
727592,1
902331,2
798246,1
502265,1
533333,1
755650,1
348089,1
560760,1
830058,1
837651,1
847995,2
408831,1
683894,1
608121,1
597984,0
437790,1
240602,1
788892,1
967451,1
41058,1
176259,0
1002689,1
225649,1
928504,2
363046,1
273705,1
786799,1
619518,1
109741,2
290777,0
36108,1
453598,1
355056,2
898834,1
313854,1
691073,1
138590,1
436698,1
127055,1
807926,1
831808,1
326335,2
541848,1
198530,2
590680,1
317971,1
868059,1
675453,1
251297,1
568489,1
360784,1
576372,1
671956,1
87753,1
182416,1
472151,1
185495,0
976181,1
272414,1
763266,1
965879,1
721976,1
580087,1
260978,1
426842,1
749776,1
437347,1
193412,1
271424,1
543644,1
642424,2
1015614,0
342502,1
666389,2
356259,1
956510,2
134848,1
623016,1
403647,1
421342,0
689474,1
995715,1
544979,1
376015,0
645041,1
215686,0
69636,1
391210,1
538433,1
615785,2
474472,1
555667,1
11468,1
110383,1
7111,2
938202,1
600327,2
354653,1
384214,1
494706,1
410742,2
676205,1
688084,0
65555,2
694924,1
47027,1
961600,1
763707,1
343077,1
573960,1
1007628,2
793076,1
90265,1
383682,1
248723,1
307305,1
515340,1
693149,1
174800,1
904560,1
963709,0
635589,1
641991,1
114611,1
185400,1
504942,1
717443,1
386421,1
325804,1
438645,1
374765,1
294278,1
199098,1
857239,1
832287,1
122829,2
543864,1
575430,1
698311,1
52029,1
467168,1
202695,0
314473,1
86756,1
879488,1
936626,1
455420,1
388555,1
753018,1
499637,2
1011647,1
420422,1
770901,1
822633,1
277183,1
687836,1
303099,0
477248,1
446198,1
963444,1
52784,0
309619,0
546522,1
885803,2
524995,1
577047,1
485924,1
970224,1
559542,1
778633,1
881333,1
880534,1
141125,1
197203,1
773180,1
625656,1
110725,1
179757,0
781868,1
935159,1
743752,1
82150,2
158181,1
33659,1
300650,1
951865,1
342447,1
342407,1
697905,1
158398,1
501756,1
477769,1
202886,1
128515,1
640741,1
897408,2
823759,1
171180,1
866149,1
679882,1
939805,1
218014,1
434270,1
215642,1
870391,1
626194,1
832566,1
46110,1
876694,1
266305,1
461540,1
100876,1
181136,2
663283,0
246343,1
996518,1
888549,1
400912,1
284763,1
978969,0
267254,1
898746,1
827128,1
888901,1
588128,1
487335,1
397227,2
862211,1
976417,1
622088,1
36580,1
114208,0
342751,1
572101,1
273646,1
666338,1
221407,1
737166,1
995520,1
543886,0
116590,1
390727,1
461690,1
187541,0
679219,1
411996,2
633480,1
226466,1
742388,1
553687,2
757902,1
654061,1
486150,2
224549,1
95952,2
1007437,1
507097,1
439774,2
130125,2
395926,1
453264,1
709860,0
68073,1
477394,2
714752,1
212108,0
31345,1
768205,1
682615,1
123536,1
541473,1
677891,1
169471,2
74362,1
198897,1
734152,2
304056,1
671783,1
504715,1
903761,1
682116,1
513119,1
746267,0
884718,1
898430,2
748423,1
240305,1
174327,1
495648,1
280613,1
938466,0
408446,1
105730,1
161864,1
152572,1
399816,1
602509,1
707381,1
35976,0
754392,0
531900,1
433219,1
204613,0
747378,1
579386,2
626381,1
838582,2
859945,1
6873,1
338563,2
17796,1
377393,1
27007,1
181848,1
913999,1
765804,2
284480,1
955337,1
153683,1
474333,0
178671,1
776796,1
894470,0
613291,1
982375,1
577931,1
528904,1
364171,1
146643,1
929361,2
296713,1
775241,1
563819,0
617390,1
12986,1
635600,1
259462,1
318796,1
737449,0
73361,0
168210,1
244033,1
381648,1
842293,1
463076,1
1008353,1
202996,1
208507,1
324568,0
539771,1
70935,1
576208,1
962021,1
58416,1
419068,1
163712,1
467858,1
49597,1
186599,1
904230,1
708753,1
630379,1
1005060,1
859574,1
988142,0
151153,1
517771,1
270456,1
272380,1
268527,1
773492,1
879785,1
634720,1
231677,1
574572,1
140670,1
512150,1
3904,1
418166,1
988241,1
687348,1
254832,1
757414,0
510116,1
744973,1
904634,2
103835,1
579999,1
189239,1
221605,1
429427,1
264549,0
264024,1
360487,0
437112,2
132196,1
639233,1
352413,1
462369,0
997874,2
988920,1
851255,1
358095,0
245089,1
375649,1
389130,1
702609,1
1006186,2
584517,1
454834,1
144593,1
46888,1
779616,1
849843,1
793997,1
671006,1
733650,1
423128,1
43221,1
67634,1
134080,1
145532,2
454852,1
667159,1
912969,1
936589,1
183626,1
730509,1
587178,1
670889,1
469823,1
606512,1
277264,1
665858,1
218380,1
978679,1
616005,2
516679,1
38380,2
718323,1
569846,1
411240,1
787954,1
201889,1
407591,1
76856,1
744731,1
949385,1
163286,1
660916,1
226521,2
440369,1
189994,2
674812,2
573861,1
984373,1
821423,1
675927,1
991021,1
882635,1
128092,1
328890,1
61290,1
499909,1
760490,0
271901,1
178363,1
900065,1
361055,1
898786,1
592789,1
506144,1
35907,1
17385,1
298010,2
418834,1
974554,1
513232,0
65735,0
624446,1
831518,1
46008,2
448387,1
364708,1
970268,1
133018,1
619477,1
712369,1
800721,1
868961,1
670173,1
436768,1
490474,1
766108,1
380122,1
191186,1
564809,0
793737,1
191502,1
158017,1
827333,1
421874,1
87485,1
420961,1
375447,1
504487,1
141617,1
864532,1
181844,1
403449,0
16791,1
64507,1
961064,1
37336,1
760997,0
504810,1
697138,1
620794,1
388573,1
78333,1
230607,1
430429,2
915414,1
431884,1
626107,1
973494,1
386759,1
309446,1
370053,1
638775,1
996121,1
928416,1
35910,1
224721,0
323871,1
408358,1
425317,0
405289,1
856641,1
1011162,1
52825,1
214421,0
671611,1
515535,2
38872,2
416986,1
639369,1
22761,1
597867,1
468404,1
562656,1
808868,0
178819,1
424921,1
427942,1
896663,1
309376,1
330152,1
757917,2
652610,1
183703,1
309714,1
107644,1
792053,2
709329,1
225627,2
923675,1
283982,1
1016648,1
462574,1
739968,1
650270,1
795041,1
307561,1
1004588,1
287627,1
2165,0
670661,1
503879,1
578088,1
138367,1
768014,1
625799,0
840314,1
538587,1
623555,1
186544,1
303444,1
412513,1
576549,1
112682,1
836386,0
463234,1
786997,1
236351,1
1004731,1
58603,1
820819,1
998608,1
742072,1
506621,2
678427,1
241511,1
551476,1
942195,1
250751,1
311919,2
780519,1
799577,2
539735,1
209038,1
653802,1
858034,1
583736,1
788566,2
421078,1
957232,1
1015706,1
394114,1
203681,1
436474,2
683355,1
173010,1
489605,0
36522,1
111777,2
331935,1
191083,2
486309,1
228611,1
101756,1
360641,2
618586,1
337041,2
277316,1
534011,1
744793,1
830719,1
814320,1
58452,1
270030,1
134213,1
609261,1
631989,2
617149,1
909734,1
837707,1
552484,0
753678,1
908094,1
945712,1
728289,1
318040,1
776019,1
128959,0
756813,2
998860,1
166630,2
37754,2
914824,1
762232,1
681342,1
768436,1
723053,1
911340,1
878803,1
837493,1
807207,1
871125,1
460572,1
127426,1
121486,1
432955,1
791944,0
251668,1
686651,0
340661,2
609111,1
560085,1
360890,1
480772,2
286927,2
509550,1
248767,1
432207,1
853316,1
446705,1
529541,1
990585,1
56696,1
85520,1
846044,0
552239,1
424529,1
12939,1
846103,1
5609,0
58915,1
881164,1
610685,1
361206,1
500483,1
615022,1
489854,1
443533,1
90207,1
70634,1
879745,1
5432,1
450290,1
463117,1
780328,0
113423,1
850904,1
3838,1
125974,1
217035,1
313696,1
768623,2
997225,1
889692,1
1003327,1
669865,1
723549,1
594721,1
424657,1
1009138,1
456090,1
572028,1
234827,1
403768,1
468602,1
505213,1
672821,1
880178,0
170019,1
449274,1
1008717,1
506856,1
105668,1
375465,1
280143,0
412542,1
377580,1
370361,1
882389,1
381945,1
813550,1
380999,1
109972,1
662426,1
35929,1
853404,1
240749,1
20370,1
161248,1
351746,1
831293,0
43405,0
683586,1
410492,1
353058,2
441403,1
925266,0
817422,1
737900,1
647025,1
316600,1
17653,0
661344,1
134646,1
270849,1
475345,1
465449,1
364395,1
249382,2
956363,0
206420,1
68484,1
597988,1
671192,1
337067,0
808578,2
943651,1
261715,1
605915,2
512459,1
505859,1
15882,1
330556,1
881531,1
723248,1
208107,1
770237,1
72236,1
539669,1
929240,1
785952,1
762511,1
501044,0
213581,0
183471,1
960085,1
77156,1
91280,1
579922,1
424011,1
143167,1
78663,1
817330,0
843889,1
521174,1
930815,1
497840,1
190655,1
753058,1
692412,2
405982,1
639556,1
88303,1
157346,1
960254,1
300610,1
447207,2
875491,1
278559,1
775436,1
468011,1
933292,1
850133,1
735469,1
629740,1
537883,1
78678,2
223661,1
234948,1
830902,1
435518,0
1014419,1
62226,0
80152,1
907068,2
266084,1
369176,1
365040,1
703422,0
45726,1
252720,1
656519,1
1008221,1
747437,2
21159,1
743455,1
177667,1
125233,1
241140,1
817961,2
857594,1
285757,2
29478,1
303437,1
279710,0
294069,0
348694,2
185345,1
523095,1
638892,1
842701,1
565512,1
999355,1
235619,2
701600,1
756303,1
52667,1
53808,0
137524,1
896304,1
155971,1
643825,2
295767,1
973847,1
505503,1
558578,0
778754,1
65621,1
972949,0
431899,1
547857,1
588780,1
1014396,1
491695,1
332103,1
662316,1
222194,1
359724,1
317021,1
661623,1
208004,1
562304,1
43104,1
275259,1
971937,1
375065,2
947978,1
582746,1
808251,1
240712,2
372327,1
34142,1
922333,0
828286,1
364506,1
141143,1
789358,1
708324,1
399809,1
963107,1
939474,1
882473,1
57770,1
158493,1
337812,1
253024,1
54643,1
756608,1
412982,0
317869,1
795023,1
449483,1
976608,1
564562,1
223225,1
211929,1
401432,0
6947,1
647791,1
287557,1
315067,1
507523,1
410823,2
286761,1
526568,1
651084,1
972262,1
207854,1
347044,1
428004,1
658322,1
103691,1
357384,1
618847,1
822691,1
91941,1
271390,1
282017,1
428914,2
103707,2
153214,1
373885,1
586412,2
713087,1
937384,1
484549,1
272344,1
350367,1
150604,1
198372,1
891556,1
825474,1
847526,1
129619,2
172259,1
714525,1
891163,0
46150,1
124375,1
68048,1
605247,1
639307,1
687344,1
281511,1
273800,0
657109,1
783370,1
308218,0
1847,1
411468,2
477402,1
873398,1
665568,1
495820,1
715427,1
647546,1
860048,2
584366,2
257152,1
492784,1
526102,2
234625,1
450313,1
343880,2
776297,1
903156,1
680451,1
787213,1
902746,1
76276,1
378684,2
822288,1
347675,1
904865,1
27274,2
107428,1
311478,1
860631,1
904072,1
12670,1
563770,1
1013876,1
506775,1
152877,1
694072,1
872427,1
738251,1
592433,1
518871,1
469959,1
315849,1
865948,1
815563,1
80707,1
275464,1
696948,1
177391,1
529369,1
14364,1
328883,1
127682,1
594013,1
109749,1
122894,1
969644,1
657790,2
503897,2
844945,1
423887,1
272461,0
97437,1
189587,1
287106,1
265612,1
791544,1
542548,1
720887,1
22273,1
539034,1
408237,1
645801,1
855552,1
911836,1
110839,1
159117,1
307257,1
388919,1
48068,1
853224,1
59798,1
624666,1
67711,1
701640,1
968375,1
519627,2
899170,1
603939,1
600536,1
888365,1
499042,1
743855,1
707491,1
557474,1
219396,2
592679,1
417235,1
586511,1
523282,1
812241,1
155843,1
264949,1
105701,1
658861,1
378299,2
1443,1
776392,1
504249,2
531287,1
33714,1
61045,1
192716,1
238544,2
73787,1
912491,1
496894,1
678346,1
958123,0
912660,1
928456,1
980403,1
881113,1
815806,1
914259,1
75705,1
565622,1
351207,1
915920,1
723989,0
71363,1
426112,1
303172,1
10023,1
34351,0
625560,0
1016930,2
734996,1
989451,0
973117,1
482305,1
552815,1
222587,1
514486,1
436922,1
885139,1
183835,2
416612,1
469016,1
455394,0
418676,1
912312,1
421661,1
106056,1
892832,0
284448,1
264420,2
733636,0
781468,1
541712,2
506199,1
869786,1
387073,0
359335,1
718749,1
130716,1
159131,1
969017,2
286619,2
178833,1
813965,1
494489,1
62927,1
874128,1
228002,1
86675,1
333896,1
583046,2
363266,1
690289,1
502331,1
524845,1
946948,1
227823,1
718165,1
643506,1
354693,1
681728,1
46774,1
443096,0
777324,1
24877,1
1009824,1
897129,2
511362,1
248381,1
212742,1
375829,0
732235,1
915333,1
658311,2
436551,1
432720,1
549378,1
902533,1
910428,1
582027,2
567275,0
476331,1
588535,1
80938,1
232209,1
435767,1
138833,0
618487,1
175805,1
426534,1
650829,1
765103,1
500832,1
60378,0
870469,1
910013,1
16542,1
826497,0
341251,1
867722,1
20455,1
18698,1
239358,1
697141,1
876654,2
205555,1
925318,0
469566,1
826552,1
45638,1
206581,1
425856,0
865621,1
930400,1
416700,1
604019,1
195351,1
803955,1
405029,1
96542,1
1010833,1
431224,1
318235,0
678937,1
545635,1
731663,0
655572,1
610429,1
11204,1
447915,1
501697,2
16979,1
969354,1
617141,1
388874,1
144164,1
788548,1
940193,0
200206,1
370666,1
433068,1
276344,1
210366,1
13624,1
79378,1
137340,1
524580,1
494485,0
811291,2
752978,1
822105,1
896333,1
276296,1
382007,1
232245,1
682574,1
722904,1
330699,1
883111,1
559928,1
768304,1
459141,1
722368,1
282691,1
861830,0
154659,1
5373,1
31532,0
61441,2
674030,1
746487,1
388463,1
668945,1
760634,1
274371,1
548704,1
34649,1
442532,1
531676,1
497598,1
968056,1
844417,1
836049,2
697152,1
7294,2
22765,1
1016541,2
975720,0
749053,1
215033,1
489407,1
406590,1
148120,1
973380,1
398484,0
416296,1
699077,1
293156,1
135500,0
870380,1
312178,1
782241,1
952990,1
270728,2
516477,1
601096,1
112077,1
833200,1
559506,1
490838,1
310415,1
470443,1
309453,1
16560,1
66196,2
931577,1
19637,2
404208,0
369789,1
799511,1
3148,1
501488,1
801391,1
605416,2
649610,1
536079,1
78359,1
982856,0
614506,1
139951,1
217831,1
411233,2
589921,1
490900,1
5986,1
880585,1
962807,2
588285,1
322449,1
406529,2
147464,1
476775,1
356464,1
403357,1
195964,1
196594,1
957401,1
459123,1
972178,1
553559,2
105972,1
953470,1
797670,1
698630,1
178903,1
239329,1
520526,1
599957,1
681706,1
110130,1
669850,1
727042,1
484835,0
646086,1
807434,1
644994,1
603348,1
216009,1
725855,0
168328,1
377335,1
287685,1
860297,1
915443,1
262639,1
760182,0
518945,1
58041,1
918273,1
176956,1
181088,1
416825,1
565945,1
198288,1
849274,1
603861,1
143435,1
753333,1
938976,2
159494,2
872955,1
126854,1
346182,1
82011,1
809982,0
580832,1
775366,1
445395,1
729844,1
392321,1
617985,2
747286,1
219745,1
440659,1
372734,1
281771,1
306898,1
894272,1
611257,1
224769,1
216353,1
572493,1
718664,1
879224,1
44640,1
867719,1
417165,1
404604,1
548814,1
669553,1
213402,1
679112,1
791966,1
589491,1
454199,1
84457,1
880934,1
437365,2
618106,1
743969,1
459949,1
170301,2
934950,1
419707,0
225939,1
470432,1
588920,1
742139,1
308085,1
480578,2
906203,1
615088,0
304195,1
167110,1
285100,1
539595,1
655947,1
218663,2
606806,1
938026,1
672755,1
232432,1
171111,1
407504,2
201386,1
676201,1
268185,1
959348,1
825386,1
238317,1
187684,1
770042,1
550101,1
570132,1
731982,1
116033,1
694436,0
49465,1
698267,2
362302,1
972057,2
303477,2
90272,1
184766,1
732004,1
873372,1
366320,1
1017025,1
535210,1
73552,1
117702,1
659389,1
555157,1
537524,2
733669,2
692702,1
334361,2
298539,1
586647,1
587174,1
109491,1
67751,1
501796,1
451938,1
948326,1
906409,1
625979,0
811622,0
321415,1
611866,0
351148,1
462813,1
290924,1
667735,1
310701,1
457408,1
801876,1
605607,0
1014763,1
79279,1
952954,2
379212,2
314671,1
343660,1
635581,1
452076,1
939603,1
949381,1
640268,1
193607,1
382241,1
23887,1
198655,1
863333,1
619590,1
160067,2
503064,2
925831,1
537722,1
234371,1
242255,0
573171,1
553573,1
949910,0
235644,0
355416,2
230218,1
737515,1
609188,1
845072,1
328414,1
360278,1
561611,1
932604,1
235930,1
628189,1
241838,0
452296,1
729158,2
703282,1
441982,1
346447,1
799485,1
631482,1
80806,1
747716,0
979317,1
463498,1
325943,1
38641,1
329118,1
877673,1
253482,1
910761,0
259132,1
604257,0
151058,1
400633,2
644118,1
629564,1
728663,1
350190,1
33996,1
271082,1
5014,1
1000467,1
455354,1
20983,1
715290,1
981419,1
841616,1
715463,1
574851,1
934796,2
522656,1
991869,2
256988,1
10625,2
415963,1
576134,1
438201,1
357667,1
77453,1
617259,2
934165,1
921439,2
784753,1
509172,1
753256,1
356934,1
611914,1
854382,1
163044,1
935757,2
648763,1
517654,1
693237,1
63814,1
109792,1
45498,1
1007264,1
1017744,1
859152,1
1674,1
145837,1
93297,0
308625,1
309093,1
175063,1
808127,2
592976,1
350547,1
495824,0
548139,1
838454,2
442617,1
901242,1
49458,1
782267,1
456249,2
181334,1
556015,1
812102,1
269740,1
488901,1
658465,0
373973,1
442954,1
37307,1
844284,1
431679,1
577674,1
105282,2
503930,1
276681,1
97132,1
347183,1
441755,1
635006,0
448608,1
366508,1
657806,1
579148,1
733731,1
319063,1
759038,1
152473,1
635435,1
962418,1
326298,1
379799,1
142218,1
696500,1
256005,1
821782,1
1000889,1
972138,1
898845,1
801498,1
34209,1
871796,1
233008,1
406400,1
1004926,1
951281,1
109286,1
225829,1
129170,1
57987,1
468598,1
729066,2
15387,2
373809,1
312350,1
329987,1
91358,1
204693,1
663137,1
511094,1
460855,1
135900,1
219855,1
800273,2
558916,1
158192,1
189752,1
814272,1
196903,1
398950,0
1011809,1
164991,1
848938,1
757296,1
314183,0
758774,2
866912,1
94984,1
259345,1
262323,1
310440,1
320542,2
537931,1
106221,0
470384,2
609041,1
730417,1
462424,2
875411,1
335953,0
703363,1
470319,1
959407,1
524566,1
338817,1
77365,1
863993,1
867850,1
902405,1
702090,1
370406,1
304368,1
515872,2
865940,1
626275,1
860268,1
481025,1
335609,1
487067,1
914633,0
629065,1
297516,1
764928,1
50841,1
118930,2
631761,0
130257,0
443537,1
40178,1
522421,2
925835,1
713124,0
681647,1
15336,1
968438,1
952859,1
54393,1
19611,2
124519,1
174510,2
815354,0
124078,1
343187,1
489748,1
991403,1
766728,1
239226,2
860958,1
18694,1
809333,1
908281,2
354682,2
660420,2
918523,1
426372,2
780144,1
190967,1
232997,1
167631,2
878160,1
262532,1
631769,1
828635,1
381471,1
547189,1
230081,2
206390,1
289973,1
968148,1
56418,1
120731,0
748555,1
628145,2
924559,2
265630,1
165170,1
585352,1
106591,1
707503,1
902984,1
915913,1
148542,1
653006,2
1004797,1
269384,2
900014,1
814081,1
252599,1
456429,1
49205,0
547640,1
387833,1
520386,1
233176,1
422820,1
734604,1
918729,1
1005754,1
494870,1
354440,1
546430,2
503196,1
656049,1
512804,1
173469,1
143086,1
995366,1
414445,1
129592,1
166072,1
114141,1
247681,0
412399,1
64503,1
96098,1
806925,1
193746,0
811255,1
424275,1
123473,1
388728,1
724465,1
863054,1
682813,1
257039,2
822790,1
834571,1
203542,1
383176,1
708302,1
434234,1
494056,1
841380,1
322980,1
371366,1
280738,1
209456,2
113225,1
178925,1
600822,1
410162,0
229403,1
643142,1
1016310,1
288822,1
191007,1
910563,2
281070,1
620769,0
379175,1
147585,1
395757,1
834238,1
397513,1
807287,1
194633,1
153607,1
486495,1
4574,1
19291,1
34623,1
154222,1
323615,2
205441,1
706814,2
510075,1
888644,1
477750,1
808989,1
116235,1
650777,2
196510,1
371898,1
773548,1
337306,0
1015537,1
692195,1
328810,1
236700,1
300481,1
350312,1
564980,1
757689,1
243986,1
717373,1
175184,1
782982,2
691121,1
127576,1
873604,1
875110,1
615176,1
371946,1
969882,1
717058,1
865203,1
866372,1
414959,1
539940,0
359757,2
89979,1
414878,2
331513,1
633536,1
768425,1
828367,2
806381,2
1002201,0
137571,1
299918,1
33581,1
1013249,1
145851,2
396509,0
429896,1
399357,1
16814,1
595502,1
545440,2
856113,1
90870,1
921336,1
829207,1
729925,1
990893,0
264552,1
679105,1
895970,1
827887,1
495170,1
360850,2
196426,1
715229,2
34579,0
65368,1
219367,1
1004805,0
967646,1
814515,1
69717,1
803735,1
202927,1
836137,1
934976,2
336862,1
295312,1
838667,2
117540,1
738435,1
15956,2
442679,1
487324,1
849814,1
92546,1
899273,1
1009318,2
93323,1
821371,1
256944,1
814625,1
799595,1
358309,1
555106,1
227621,1
810551,0
631060,2
519326,1
293174,1
134169,1
62501,1
135577,0
983875,2
553632,1
446521,2
897583,1
325701,1
968676,1
281742,1
595014,1
309608,1
394613,2
993863,1
422794,1
72599,1
392828,1
767086,1
94786,2
22879,0
362089,1
400677,1
969208,1
862453,1
366225,1
680532,1
47768,1
804813,2
1003309,1
169750,1
909062,1
197371,1
218517,1
771315,1
266943,1
335292,1
825823,1
392204,1
932934,1
91673,1
147655,1
985286,1
963518,1
182973,1
761062,0
51208,1
394055,1
398107,1
550721,1
118262,1
587101,1
727064,1
158244,2
630838,2
963532,1
865030,1
522465,1
867630,1
291136,1
922201,1
23979,1
534958,1
95060,1
124371,1
171908,1
145129,2
621197,1
673822,1
12197,1
681959,1
810001,1
754697,1
659510,1
185154,0
455464,1
777537,1
677983,1
560544,1
817190,1
910747,1
446037,1
248224,1
820950,1
198189,1
564834,1
543361,1
556741,1
27836,1
395474,1
170738,1
22299,1
13554,1
737162,1
575537,1
664398,1
156158,1
688873,1
1004089,0
483317,1
319764,1
274966,1
778053,1
218704,2
400758,1
747235,0
547093,1
949998,1
606585,1
262873,0
862109,1
867960,1
891611,1
279127,2
378248,1
495417,1
355221,1
808640,1
833376,1
388768,2
625924,1
911568,1
490610,1
154538,1
842693,2
756035,2
534561,1
661072,2
185620,1
969255,1
348052,1
604723,2
902045,2
553214,1
409193,1
483269,1
482044,1
234078,1
72096,1
111847,1
136248,1
21191,1
670654,1
947813,2
127338,2
998457,1
363325,1
431745,1
574518,1
102607,1
830296,1
661528,1
618535,1
64976,0
199810,1
835837,1
743730,1
293721,2
979610,1
6929,1
746157,1
914619,1
410159,1
301145,0
66163,1
885890,1
435499,1
282402,1
338509,1
677774,1
290960,0
405319,1
525970,0
924386,1
205728,1
302326,1
514611,1
524016,1
62556,1
318268,0
597195,1
667827,1
644282,1
708364,1
606783,1
980171,1
506841,1
589363,1
550075,1
877347,0
73101,1
974752,2
324876,1
747220,1
11729,1
688895,1
171533,1
680518,1
171441,1
527327,1
902001,1
364436,1
445355,1
311683,1
96593,1
869845,1
281195,1
566953,2
235097,1
209364,1
104924,1
837556,2
507321,1
261847,0
809568,1
786722,1
68705,1
652618,1
153283,1
662693,1
157980,0
794565,1
396152,1
487445,1
947109,1
736642,1
643461,2
24833,0
234508,2
78146,1
339791,1
442381,1
38854,0
627591,1
689504,1
577193,1
694609,1
434876,1
99952,1
737214,1
221982,0
237826,1
253772,1
519836,1
513599,2
868657,1
50133,2
12807,1
810188,1
844002,0
607476,0
789156,1
503839,1
634625,1
220882,1
673381,1
239244,1
697596,2
645438,1
177678,1
710099,1
813048,1
470627,1
994893,1
509462,2
795618,1
44284,1
323787,1
415431,1
487768,0
551281,1
201629,0
569428,1
948667,1
402008,1
867791,1
322618,1
474883,1
494173,2
746458,1
1003466,1
402789,1
434674,1
383,1
198927,1
984384,2
108766,1
478645,1
659392,2
510024,1
728083,1
258641,1
278137,1
423513,1
754352,1
82532,1
229696,1
480350,1
363714,2
576174,1
897187,1
240727,1
323857,0
128775,1
765709,1
799973,2
982357,1
283531,1
203029,1
750826,2
782850,1
206923,1
823546,2
896223,1
601933,1
17242,1
308207,1
744915,1
468734,1
385974,1
900373,1
173117,1
409689,1
421955,1
461573,1
899592,1
164339,1
274746,1
615639,1
769066,1
635608,0
507376,1
586140,2
439062,1
286556,0
925255,1
660204,1
752923,1
708070,1
335829,0
450892,1
322595,0
660251,1
908575,0
646181,1
250414,1
486620,1
288066,1
199014,2
982852,1
169406,1
935092,2
927709,1
553481,1
137678,1
22248,1
192268,1
842224,1
819718,1
522230,1
272252,2
209481,1
773320,2
653413,1
608635,1
439040,1
164430,1
598394,1
476672,1
394440,2
447474,1
340919,1
222338,1
693879,1
792222,1
950725,1
138381,0
516473,1
864819,1
700379,1
547116,1
910431,1
709930,1
602864,1
93400,1
416733,1
581051,1
784672,1
56623,1
728777,1
922553,1
424059,1
533810,1
185701,1
210708,1
609717,1
436904,1
277499,1
571728,1
763196,1
802903,1
403823,1
623577,1
986078,1
168324,1
190130,1
572204,1
33974,1
484493,1
300834,0
89429,1
43650,1
68727,1
582441,1
843456,1
497055,2
802118,1
787514,1
399199,1
30542,1
105796,0
36313,1
223757,1
269711,1
328546,1
597085,1
318239,1
898074,1
713638,1
88457,1
483724,2
504704,1
357175,2
541305,1
501565,2
35561,1
629429,1
600309,0
210810,2
926377,1
612331,1
473303,0
794635,1
332998,1
377339,1
271567,1
437871,1
145341,1
311207,1
338394,1
606611,1
45094,2
140359,0
476063,1
499163,0
493606,1
914325,1
607663,2
365349,0
513290,2
561376,1
258755,1
518280,2
674522,1
496553,1
206930,1
129648,1
981804,1
637521,1
134767,2
579896,1
366382,0
477178,1
347400,1
434685,1
505983,1
742674,1
794147,1
170686,0
953904,1
29500,1
243432,1
686112,1
83148,1
30106,1
145088,1
671952,1
537979,1
903509,1
775979,1
89766,1
243450,2
213266,1
887265,1
26718,1
135621,2
547329,1
4523,2
908520,2
607443,1
462336,1
936105,1
605302,2
849997,2
457033,1
982995,1
828099,1
512990,1
410801,1
268875,1
672605,1
429218,1
22992,1
812458,1
764821,1
9733,1
623452,1
110860,1
754723,1
341864,1
558028,1
639622,1
126168,2
361040,1
593100,1
167550,1
989866,1
326137,1
960481,1
661289,2
990284,1
755607,1
161585,1
492564,1
546724,1
552866,1
241999,1
238661,2
440615,1
521853,1
923774,1
285870,1
509484,1
802950,1
113618,2
375737,1
267852,2
655848,1
355229,1
242776,1
772929,1
358770,0
383727,1
259228,1
91512,2
553085,1
38649,1
22570,2
731502,2
138932,1
406947,1
789527,0
562494,1
386847,1
230926,1
359027,0
520720,1
477857,1
565013,1
681452,1
75316,1
325426,2
703686,1
876328,1
71855,1
192440,1
30164,1
32085,1
584384,1
437435,1
551377,1
77604,1
128229,1
360634,1
356163,2
212746,1
416186,1
344988,0
613882,1
264428,1
304001,0
328212,2
399735,1
209265,1
727383,2
720715,0
952646,1
472878,0
198949,1
391489,1
224695,1
445429,1
718914,0
56638,1
238283,1
926128,1
88707,1
885308,1
15673,1
551722,1
137388,1
570653,1
402330,1
797953,1
481483,1
582452,1
699004,1
479903,1
908036,1
294829,1
759250,1
138341,1
136677,1
196587,1
621928,1
726519,1
607179,1
218432,1
719339,1
121512,1
87926,1
531591,1
323112,1
554952,1
181187,1
424840,1
7427,1
245405,0
322229,1
200664,1
281364,1
520625,1
398110,1
226334,0
336594,1
646905,1
222282,1
935115,1
644774,1
354165,1
701017,1
713528,1
410177,1
149022,2
400460,1
40303,1
100429,1
74520,1
581433,1
406987,1
646615,1
146742,1
637099,0
182232,0
833336,1
793425,1
182272,1
1003972,1
749013,1
808064,1
490078,1
201849,2
463902,2
677932,1
29584,2
860767,1
728072,1
296191,1
722573,1
526803,1
275332,1
540292,2
884145,1
136806,1
479286,1
131768,1
398419,0
740287,1
735395,1
125237,1
769323,1
191887,1
921578,0
84813,1
533597,1
721550,1
58067,1
9681,1
208455,1
184906,1
92898,1
728517,1
390239,0
66387,1
514273,0
860091,1
181837,1
52780,0
265917,1
369169,1
246116,1
805560,1
398297,1
632971,0
982573,2
84222,1
911164,1
395599,1
625890,1
85098,0
494760,1
205269,1
379153,1
253413,1
175302,1
446349,1
337027,1
1000768,1
91879,1
786234,0
601867,1
373874,1
269014,1
985767,1
288587,1
544395,1
906739,2
72427,1
93088,0
647117,2
508209,1
72647,1
293978,1
274812,1
813415,1
909349,1
667481,1
903093,1
209250,1
320982,0
43540,1
729473,1
911582,1
472441,1
1017483,1
270290,1
406143,1
541385,1
81773,1
24958,0
541646,1
355933,1
682831,2
34858,2
382388,1
398529,1
7148,1
919058,1
160401,0
965600,1
374468,1
283571,1
7467,1
641195,1
684572,1
303510,1
733009,1
481193,1
636461,1
534297,1
672942,2
410746,1
376183,2
268666,1
779193,1
570925,1
111135,1
419266,2
774468,1
907413,0
741600,0
585194,1
5296,1
286871,1
899857,1
270089,1
322023,0
102885,1
812399,1
736804,1
680899,1
555083,1
491790,1
889182,1
403591,0
290630,1
340283,1
54397,1
198956,1
989202,1
996297,2
581583,1
795221,1
894782,1
364186,2
723112,1
957588,1
806,1
683472,0
542959,1
198747,2
355294,1
512363,1
130206,0
420826,1
365015,1
629072,1
682006,1
79477,1
456216,0
760164,1
916019,1
324906,1
491307,0
184094,1
1011948,1
385644,1
700203,1
15303,1
145158,1
551029,2
289409,1
714484,1
382414,1
898250,1
901330,1
162674,1
72702,0
127554,2
498140,1
795467,1
992305,2
972358,1
50052,1
936725,1
724032,1
169938,1
987512,1
144520,1
708504,1
832155,1
803056,1
560364,1
781417,2
380427,1
197313,1
485748,1
674940,1
107116,1
360326,1
719119,1
439543,2
825122,1
605269,2
496777,1
122458,1
474205,1
348757,1
252368,1
255767,1
972486,0
850379,2
32265,1
404475,1
14995,1
493734,2
91611,1
103938,1
718158,1
346292,1
527929,1
843841,1
1005772,1
1015056,1
803092,2
328623,2
460312,1
715937,0
353641,1
143835,2
284877,2
583424,1
47148,1
762834,1
922791,1
1004038,1
189660,1
41971,1
29335,1
384481,0
989327,1
941716,1
907530,1
929611,1
640103,1
776349,1
443973,2
298799,1
383440,1
971632,1
981774,1
689056,1
199179,0
28103,1
897675,1
495695,1
454625,1
367886,1
572776,1
350907,1
901936,1
417301,1
367659,2
213130,1
55116,1
416351,1
404655,1
454030,1
677994,1
422846,1
153562,1
821489,1
211936,1
920764,1
982672,1
531904,1
399496,1
721587,1
992969,1
856139,1
1006894,1
265425,1
565923,1
63638,1
768832,0
205328,1
205706,2
16223,1
396828,1
591047,1
12737,1
121390,1
373801,1
8912,1
69973,1
8350,1
389732,2
943824,1
561390,1
699808,1
329734,1
583376,0
809300,1
728483,1
127983,1
428877,0
659499,1
95079,2
888637,1
722816,1
979254,1
682794,1
538785,1
1016563,1
177289,0
464532,1
759126,1
730527,1
225340,2
625601,0
264707,1
861360,1
112147,0
91046,2
150376,0
266080,1
884307,1
173234,1
594644,2
585330,2
135948,1
751511,1
879451,1
699426,1
773838,1
212067,0
3621,0
635486,1
941246,1
309996,1
705758,1
205809,1
428936,1
702487,1
949220,1
617927,1
888941,0
966670,2
474319,1
58427,2
112602,1
765602,1
312527,1
466648,0
429933,1
663885,1
193328,1
790529,1
511050,2
738691,1
167745,1
499105,2
234041,1
902393,1
543192,1
374505,1
361965,2
952095,1
398338,1
457510,1
444006,1
998152,1
935867,1
495387,1
488806,1
419402,1
464646,1
455633,1
925611,1
113863,1
13918,1
417918,2
672579,1
970554,1
822277,2
136079,1
385585,1
170723,1
180193,1
594028,1
631329,1
487702,0
258029,1
704838,1
882352,1
66798,1
559964,1
414654,0
950134,1
994879,1
776947,1
192664,0
843027,1
77464,1
351889,1
387804,1
345996,1
380243,1
343891,1
135746,1
992943,1
375461,1
428473,2
38582,1
593786,0
609353,1
275123,1
74281,1
743749,1
143648,1
41634,1
595814,1
944667,0
149437,1
670768,2
591784,0
311690,1
502269,1
895017,1
862581,1
20415,1
446419,1
341383,1
156693,2
950761,0
7302,1
553313,1
116954,1
493125,1
359746,1
33802,1
171548,1
203953,1
779803,1
400192,1
176952,1
615066,1
197690,1
210681,0
291125,1
175335,1
654432,1
703774,0
899130,1
376437,0
247696,1
980649,1
525578,1
717249,1
452098,1
209067,1
875855,1
942166,2
289540,1
143332,1
234401,1
814775,2
1017601,2
564588,1
353678,1
322089,0
692108,1
763365,1
81656,0
415695,1
370226,1
124489,1
76162,1
157393,0
857059,1
551384,1
374934,1
318983,1
566766,1
955065,1
529093,1
505727,1
553258,1
247982,1
35646,1
130590,1
813826,1
130848,1
211859,1
410948,1
740922,1
495996,1
934756,1
988443,1
856810,1
799137,1
557508,0
522146,2
220035,1
911205,1
330666,1
569028,1
63102,1
228006,1
446154,1
870076,2
189811,1
980117,1
991018,1
437318,1
633136,2
529280,1
63788,1
981727,1
443467,1
207993,1
861034,1
483155,1
794749,1
140304,1
454973,1
732114,1
937171,1
834458,1
72544,1
19608,1
964144,1
31235,1
334332,1
703169,1
376118,1
629528,1
992190,1
845902,1
462732,2
26383,2
360036,1
959524,1
865401,1
341079,1
16634,1
108223,1
373713,0
498764,1
887973,1
428848,1
605900,1
853268,2
6642,0
128221,1
176303,0
795885,1
262026,1
576457,2
788085,1
738783,1
620651,1
20114,1
916015,1
230739,1
865126,1
53781,0
963473,1
701064,1
763992,1
157999,0
537308,1
599670,1
794833,1
908993,1
963084,1
963679,1
950989,1
497338,1
686196,1
705336,1
436650,1
744584,1
160537,1
767633,1
124218,1
100407,1
582779,2
325176,1
541741,1
855736,1
597360,2
474740,1
781813,1
363846,1
386681,1
1821,1
491332,1
615918,1
468594,1
192312,1
191025,1
133649,0
662808,1
846774,1
20345,1
144531,1
677158,1
152011,1
879172,1
336088,1
627236,1
427601,1
85931,1
468532,1
217655,1
592345,1
376239,1
330266,1
258520,1
809663,1
716464,2
478245,1
392846,1
978169,1
920067,1
133139,1
775205,1
377045,1
289519,1
277598,0
486312,1
55347,1
748603,1
784661,1
721161,0
319409,1
958251,1
506768,1
926759,1
14915,1
22967,0
200334,1
433174,1
69625,1
295961,2
833417,1
87188,1
413583,0
379902,1
393858,1
349549,0
111630,1
956176,1
458911,1
247692,2
476742,1
820866,1
277103,1
956536,1
951131,1
659990,1
818995,1
834931,2
929071,0
357212,1
356277,0
615701,1
88017,1
514541,1
684590,1
812094,1
680073,1
255033,1
722933,1
842282,1
1017535,1
663933,1
457330,1
346861,2
61856,1
382483,2
943439,1
881711,1
952961,0
798473,1
184142,1
467627,2
139500,1
654216,2
513379,1
46426,0
272931,2
635192,2
755540,1
891181,1
464073,1
940021,1
74160,1
102786,2
903662,1
443089,0
163356,1
22211,0
273606,2
649654,1
778251,1
389721,1
175537,2
580490,1
160063,2
878898,0
361646,2
284330,0
3991,2
257141,1
775634,1
965310,1
938220,1
732543,1
499806,1
470531,1
580223,1
911861,1
343925,1
400208,1
99163,1
11039,1
140704,1
241162,1
302296,1
468543,1
923378,0
271695,1
768656,0
287784,1
1003987,1
390,1
978444,1
323684,1
887933,1
859769,1
769752,1
629960,1
777379,1
479323,1
836643,1
672696,1
300603,2
340005,1
562238,1
679358,1
228112,1
109826,1
482213,1
872591,2
600745,1
1009619,1
90735,1
120052,1
7119,1
219811,1
711045,1
114376,1
538815,1
531603,1
527349,1
965116,2
248426,1
4233,1
600990,1
572398,1
338350,1
325811,1
629234,1
841788,1
102760,1
59035,1
793906,1
77817,1
910350,1
202970,1
276799,2
118035,1
527260,1
113599,0
901143,1
792332,1
15776,0
437585,1
593427,1
337504,1
324205,1
35286,0
840369,1
546261,1
408017,2
652371,2
825393,1
441142,1
386414,1
356097,1
684448,0
283854,0
681676,1
697787,1
560375,0
856106,1
578022,1
297453,1
763813,1
185312,1
942452,1
352064,1
872229,1
598097,1
459912,2
423047,1
532677,1
990064,1
316996,1
1531,1
256904,1
13228,0
374538,1
717142,1
606208,1
926568,1
394514,1
650205,1
307569,1
696959,1
759874,2
996877,1
668578,1
188777,1
730516,1
590640,1
809223,1
850595,1
697325,1
924717,1
751218,1
486077,1
137090,1
651763,1
286420,1
793490,1
441209,1
431594,1
414111,1
719742,1
484530,1
632270,1
686361,0
349893,1
120470,1
182658,1
708706,1
303697,1
128607,1
406389,1
395988,1
634515,1
86576,1
298043,0
565754,1
383914,1
64268,1
148744,2
913533,1
277646,1
329316,1
684161,1
706135,1
587215,1
896726,1
120438,1
646710,1
683524,1
50441,1
459769,1
699646,1
836742,1
701390,1
298946,0
874872,1
579265,1
326951,1
29724,1
653200,1
14559,1
549008,1
81407,2
864727,1
915898,1
78498,0
138400,1
646509,1
347323,1
509536,1
277972,0
712325,2
6990,1
825434,1
526425,1
631684,1
291811,0
803085,1
234588,1
965354,0
664563,1
597731,2
987336,1
719177,1
551164,1
826691,2
833424,1
467227,1
533557,1
899464,1
288019,1
718639,1
305534,1
833277,1
904234,1
684653,1
500421,1
506430,1
515168,1
47980,1
634474,1
25320,1
178705,1
389846,1
383437,1
457437,1
227809,1
385185,1
621931,0
589316,1
35671,0
187772,1
834939,1
882914,1
182148,1
695910,1
937692,1
866262,0
852616,1
449766,1
633903,1
682101,2
968816,1
384544,2
774431,1
790507,0
264277,1
705284,1
548333,1
936563,1
823803,1
247139,1
483896,0
730314,1
51989,2
57198,1
170275,1
766690,1
79499,1
749879,2
223328,1
651752,2
954031,1
809946,1
262723,1
984571,1
451824,1
680660,0
6862,1
897606,1
447100,2
471800,0
848277,1
263371,1
596950,1
614267,1
871462,1
316608,1
173289,1
724212,1
259723,1
759881,1
472782,2
37365,1
726768,1
838520,1
246688,1
809634,1
165134,0
928236,1
854423,1
860044,1
754301,2
582041,1
444897,1
998299,1
970309,1
812296,1
598684,1
750334,1
717836,1
523837,1
306931,1
46826,1
807669,1
933560,1
530257,1
1015092,1
753267,1
988098,2
685584,1
170594,1
833648,1
442943,1
658090,1
738729,1
155366,1
921475,1
501741,0
752974,1
995502,1
665447,1
215169,1
970150,1
531779,2
26145,1
796578,1
294083,1
762782,1
135188,1
867766,1
860213,1
682369,1
87610,1
225681,1
211275,1
1006308,1
347026,2
401773,0
540384,1
582500,0
762250,1
695646,0
744595,1
1003639,0
853778,1
429382,1
802473,1
816094,1
126025,1
864514,1
324274,0
636704,1
431840,1
313575,1
30429,1
37318,1
296096,1
1008915,1
382539,1
797759,1
632340,1
643076,1
330794,1
690605,1
404406,1
783723,1
275703,1
163271,1
6305,1
368795,2
463971,1
60965,1
227805,1
269681,1
526641,0
807908,2
453628,1
565299,0
911975,1
743499,0
955858,1
506742,1
703738,2
385882,1
915029,1
634119,1
562432,1
800428,1
193324,1
369239,0
667184,2
526014,1
905136,1
421243,1
805014,1
185000,1
55093,1
959351,1
957070,0
970819,1
321598,1
178507,1
881249,1
493712,1
407739,1
368652,1
77831,1
351900,1
532930,2
681290,2
797964,1
645834,1
407478,1
147127,2
224039,1
794268,1
67674,1
54713,0
15637,1
590398,1
290483,0
947471,1
827649,1
302807,2
489344,1
929787,1
77864,1
864624,1
1016468,1
845818,1
930220,1
340247,1
917595,1
187170,1
99093,1
267427,1
447265,1
729877,1
66006,1
600459,1
741310,1
893275,1
1016314,1
203399,1
258971,1
486392,2
494816,1
87863,1
220516,1
549228,1
726328,1
991036,2
398587,1
71660,1
604059,1
533780,1
951454,1
962667,1
887089,1
422167,1
551528,1
220446,2
479048,1
774981,1
2044,1
754242,1
606479,1
198592,1
269652,1
442107,2
51769,1
1015405,1
615811,1
327204,1
884387,1
795508,1
888318,2
319085,1
743628,1
791658,1
337618,1
668192,0
325675,1
232902,2
186771,1
444130,1
940807,2
224222,1
630720,1
482679,1
77541,1
818081,1
674591,1
201269,1
992558,1
540025,1
174136,2
196972,1
316776,1
640448,1
579320,1
626327,1
965651,1
408570,1
46473,1
44743,1
236256,1
649757,1
66963,2
181594,1
532053,1
17260,1
3962,1
524896,1
949161,1
973058,1
585624,1
605962,1
276337,1
330769,0
465078,1
330237,1
775263,2
422578,0
698854,1
745941,1
910457,1
633235,1
864507,1
582409,1
205045,1
298076,2
240037,1
737841,1
534778,1
496209,2
744838,2
690755,1
1012732,1
570400,1
969688,1
320582,1
456791,2
44446,1
766034,1
777566,2
441421,1
323677,1
82309,1
890687,1
52256,1
377371,2
160775,1
301435,1
416663,1
401319,1
647461,1
506272,1
49351,1
365129,1
879150,2
86143,1
170433,1
969174,1
648330,1
298847,1
631794,1
1597,0
773023,1
54926,1
559102,1
245753,1
371667,1
709707,1
798327,1
289041,1
673048,0
688804,1
350323,2
964489,1
707129,0
913951,1
955872,1
971027,1
357139,1
474924,1
324157,1
420415,1
275291,1
605317,1
297387,1
922818,1
727475,1
687843,1
926649,2
447926,1
946412,1
292012,1
362218,1
92432,1
966777,1
362041,1
702098,1
190097,1
681786,1
524041,1
474090,1
906643,1
712622,1
838061,0
848970,1
954871,1
353014,1
365554,1
892436,1
843977,1
7221,1
681049,2
531607,2
283678,1
516583,1
63865,1
244525,1
954350,1
557342,1
46569,1
910464,1
164544,1
958390,0
825137,1
599003,1
522388,1
385989,0
787811,1
942052,1
445928,1
678342,1
358507,0
973601,1
858104,1
229380,1
689038,1
966120,1
473149,1
441227,2
329657,1
492780,1
559487,1
784067,1
871848,1
566616,1
798752,1
889571,1
758040,1
87038,1
130660,1
869423,1
926308,1
394862,1
919351,1
438993,0
350895,1
572680,1
219851,1
355085,1
838799,1
208129,1
1016798,0
724230,1
141990,1
678812,1
586159,1
832405,1
519373,1
227122,1
543196,2
2536,1
842143,1
18489,1
432830,1
862992,1
626316,1
503688,1
815905,1
79484,1
293105,1
907460,1
917438,1
806231,0
61728,1
258234,0
896982,1
943718,1
230478,1
430829,1
441469,1
218715,2
533502,2
463942,1
981958,1
353205,1
226381,1
476544,1
8839,1
623261,1
234980,1
857866,0
734464,1
725312,1
746209,1
593548,1
111069,1
372671,1
597236,2
412029,0
317670,1
262381,1
104993,1
973678,1
403085,1
456568,0
894717,1
645203,1
662730,1
375388,1
161109,1
812230,0
955139,1
800648,1
363387,1
226752,1
471224,2
358370,1
654821,1
275406,1
303840,1
228428,1
542254,1
431910,1
798954,2
631196,1
572853,1
453594,1
387583,0
689034,1
205393,1
596327,1
311849,1
841890,1
108319,2
859637,0
302795,1
188917,1
249243,2
362654,1
849623,1
910277,0
266187,1
835051,1
662125,1
411101,1
917210,0
604073,1
320285,0
713689,1
802275,1
919234,1
533807,1
614120,2
48149,1
75668,2
488512,1
647322,1
906948,1
700647,1
430667,1
861786,1
711339,1
3328,0
81421,1
496928,1
878623,1
146229,1
633444,1
532145,1
400556,1
1011511,1
219844,2
314084,1
208624,1
809894,1
418665,1
427843,1
116693,1
706245,1
602707,1
276997,0
872764,1
766548,1
614003,1
572556,1
326148,0
110204,1
346490,1
467663,1
490922,1
289258,2
257398,1
51071,1
21229,1
666558,1
817356,2
32218,2
50669,1
373599,0
100883,1
773610,1
36379,2
894753,0
810702,1
191102,1
849418,1
306979,1
944487,1
113108,1
415930,1
605009,1
94863,2
355489,1
1017931,1
128760,1
398073,1
516341,1
677147,1
757627,0
225780,1
570738,1
923037,1
759911,1
504007,1
990435,1
127309,1
154699,1
588418,1
850119,1
789923,0
11318,1
777009,1
671394,1
718228,1
792666,1
179845,1
619918,1
23906,0
758594,1
842033,1
394642,1
864943,1
514420,1
917603,1
417532,1
973245,1
805450,1
528001,1
952598,1
604228,1
506148,1
554424,1
719236,1
825016,0
594266,1
635442,0
968346,1
541426,1
205306,1
221296,1
587596,2
601412,1
289962,2
973425,1
227669,1
37963,1
719508,1
427311,1
751973,1
242695,1
395108,1
539706,1
653938,1
59853,1
673183,1
399283,1
635291,0
223313,0
383976,1
207645,1
492450,0
259602,1
451402,1
19453,1
680947,1
748290,1
862930,1
932204,1
485414,1
529318,1
502360,1
787983,1
920386,1
762449,1
819545,1
67300,1
711830,1
595872,2
801395,1
598347,1
2628,1
231185,1
927062,1
891105,0
533890,1
995469,1
962322,0
726191,1
449175,2
648228,1
396266,1
193919,0
501536,1
497242,1
174459,2
322290,1
579816,0
108692,1
400310,0
304812,1
818144,1
467593,1
575052,1
393883,1
864271,1
268626,1
15790,1
36690,1
532105,1
961208,1
158039,1
700515,2
755760,1
650575,1
310965,1
812869,2
837794,1
839598,1
426086,1
324627,2
784966,1
189701,1
476405,1
174837,1
153793,1
868077,1
128276,1
858144,1
403595,0
890009,1
922869,1
313517,2
769143,1
356754,1
1008294,1
519755,1
842455,1
240701,1
440992,1
755999,1
250638,1
104902,1
443591,1
275387,2
528317,1
964690,1
690744,1
788991,2
391771,1
947086,1
772961,1
243304,1
444699,1
840648,1
966263,1
348610,0
535797,2
217794,1
440420,1
74065,1
201317,2
72229,1
744250,1
602251,1
491365,1
895868,1
799416,1
349280,1
402312,1
571951,1
355474,1
85593,0
399669,1
267184,1
716428,1
105958,1
217912,1
714576,1
240048,1
932721,1
379429,1
604385,1
148212,1
791162,1
861133,1
374071,1
485986,1
22600,1
546775,0
520973,1
871895,1
502119,1
921086,2
738075,1
725114,1
89072,1
540898,1
71330,1
39947,1
65331,1
483658,1
556253,1
311247,1
837589,2
754037,1
914097,1
856928,1
738754,1
583505,1
802084,1
963048,1
51563,1
893095,0
142562,1
278687,1
82275,1
274940,1
852898,2
509059,1
701989,2
810508,2
331609,1
19549,1
998310,1
9072,1
628574,1
382443,1
925901,1
410441,1
931481,2
173201,1
451068,2
494375,2
242901,1
216980,1
193694,2
685173,0
226415,1
885924,1
16142,1
394239,1
821452,1
706850,1
67182,0
368982,1
646699,0
664721,1
220527,1
658007,1
368418,1
415662,1
460297,0
348786,2
28855,1
662213,1
590578,0
998439,1
982621,0
25728,2
690403,1
550684,1
616984,1
460514,1
646633,1
104872,1
831015,1
734538,1
956792,1
730574,1
747819,1
703033,1
777405,1
273756,1
279109,1
523675,1
634580,1
164463,1
351070,1
866255,1
786333,1
576699,1
678519,1
511252,1
261744,1
72654,1
630980,1
75448,1
661304,2
769004,1
975331,1
695408,1
891578,0
528959,1
605812,1
141008,1
385280,1
194219,1
75819,1
75026,1
834414,1
210490,1
42059,1
987383,1
294418,1
715232,1
580685,1
610315,1
923936,1
295796,1
601706,1
154970,2
496139,1
162348,1
410591,1
794389,0
353454,2
517911,1
165611,1
770581,1
797575,1
786171,1
993199,1
309145,1
594174,1
312570,2
245056,0
708742,1
958291,2
309893,1
944726,1
982207,2
433802,1
13411,1
396321,1
851039,1
41326,1
479305,1
755409,1
413110,1
190442,1
681474,1
565266,1
968654,2
701178,2
857004,0
48402,1
891981,1
848574,1
47416,1
410397,1
171706,1
476199,1
872919,2
446392,1
634618,1
657082,0
604165,1
555399,1
879859,1
169710,1
144582,0
1000632,1
993757,1
533531,1
344984,1
2518,1
21456,0
936857,1
502250,1
881520,0
486800,1
239673,1
228963,1
408163,2
761976,1
409733,0
883724,1
841777,1
971328,1
409777,0
994321,1
56755,1
870810,1
376833,2
564636,1
788559,1
771748,1
485494,1
280646,1
624882,1
42709,1
304573,1
509158,1
1016208,1
464477,1
922652,1
675600,1
335340,1
152323,2
278885,1
865137,2
372462,1
577201,1
477662,1
455909,1
168908,0
679600,2
865610,2
401472,1
130602,1
942919,2
953225,1
245632,1
808549,1
606307,1
696889,1
809719,1
272924,1
633950,1
1008577,1
820121,1
875136,1
1006270,1
581183,1
188267,0
988656,1
530929,1
295114,0
586254,1
120221,1
25203,1
1960,1
371281,2
588168,1
75862,1
416113,1
260468,1
811578,1
508090,1
906100,1
839639,1
265443,1
183897,1
674474,1
203711,1
92979,1
149507,1
568470,1
670694,1
300669,1
887140,1
104465,0
1014547,0
85740,1
155263,1
245357,1
687245,2
586508,1
163628,1
818108,2
452021,1
488945,1
941606,1
585389,1
393979,1
292555,1
345608,1
42675,2
621308,1
909088,1
247025,0
641412,1
920375,1
188285,0
910460,1
500076,0
761040,1
629634,1
263034,1
675196,1
638870,1
104553,1
448086,1
186610,0
464518,1
770464,2
869148,0
667283,1
738358,1
667342,1
202563,0
180553,0
399591,2
302498,1
925321,1
302568,1
629094,0
497411,0
672465,1
503372,0
461144,1
770013,1
548252,1
1000973,1
386047,1
300690,2
740427,1
762258,1
36823,1
58092,1
911139,1
313825,0
130008,0
260255,1
1869,1
137410,2
14290,1
42400,0
1016608,1
798217,1
175467,1
730196,1
612533,1
697387,1
962296,0
743253,1
798895,1
276223,1
775160,1
487904,1
200792,1
973685,1
994435,1
8549,1
56924,1
65313,1
328164,1
454298,1
545480,1
585947,2
607326,1
811806,1
445634,1
517320,1
736356,1
30359,1
969318,1
848299,1
901334,1
829588,2
476229,1
695392,1
756024,1
190192,2
357380,0
499578,2
826222,1
562872,1
876009,0
399045,1
352035,1
487027,1
813620,0
164331,1
987325,2
202460,1
584928,1
244990,1
820536,1
911450,1
125570,1
333515,0
707565,1
679138,2
126847,1
739450,1
971070,1
279325,1
514897,1
122047,1
393939,1
42899,0
195179,1
411255,0
859846,2
474094,1
586290,1
54104,1
926447,1
160148,2
786586,1
365172,1
516851,1
619972,1
940373,1
366009,1
234940,1
16939,1
364285,1
344430,1
72290,1
1015009,0
48798,0
108380,1
554871,1
648444,1
560441,1
580708,1
450306,1
703983,2
354121,1
643380,1
381255,1
914512,1
1017223,1
595795,1
811413,0
107475,1
356093,1
431701,1
656827,1
245401,1
811680,1
837655,1
691808,1
654083,1
612496,1
280019,1
389787,1
991450,1
632975,1
472126,1
582841,1
306784,1
405553,1
323846,1
574411,1
525530,0
115553,1
844725,1
710837,1
408967,1
230405,2
537465,1
475903,1
961790,1
629010,1
505495,1
520827,1
833442,1
347921,1
441762,1
229036,1
305156,2
211514,1
30685,1
241852,1
890977,1
1005259,1
218270,1
386124,2
17503,1
441432,1
904094,1
129806,0
890797,1
950273,1
420723,1
365682,1
229373,1
303613,1
376965,0
491615,1
196491,1
7775,0
176592,1
365330,1
351342,1
572042,1
622048,1
279347,0
152950,1
812623,1
519083,1
1013722,1
604987,1
273297,1
176064,1
401113,0
378170,1
217068,1
710488,1
461580,2
801630,1
311191,2
448824,1
705468,1
276373,1
616229,1
768373,1
699275,1
706780,1
167572,0
599568,1
419240,1
690135,1
874315,1
1016200,2
738611,1
999171,1
782454,1
703345,1
798653,1
916899,1
81054,2
280972,1
764755,1
671776,0
954233,1
504212,1
109811,1
822729,1
816278,2
273808,1
828327,1
535290,1
987112,1
987871,2
430652,1
640491,1
91868,1
236014,1
778420,1
551245,2
154541,1
310419,1
675842,2
873934,1
773423,2
997335,1
939070,1
299657,1
483654,1
529439,2
1008908,1
249331,1
19428,1
427135,1
738314,0
583970,1
1015647,1
966315,1
44288,1
628505,1
921486,2
896061,1
167165,1
356622,1
188593,1
309105,1
242042,1
369264,2
352989,1
528830,1
379296,2
257941,1
99688,1
931580,1
822350,1
931078,1
500054,1
177377,1
986728,1
661898,1
638470,1
714279,1
86260,1
928966,1
619815,1
34506,1
48604,2
479525,1
764568,1
620057,1
56939,1
174990,1
637583,1
454607,1
562410,1
837596,1
937656,1
321275,1
534983,1
311041,1
25665,1
303327,1
630643,2
540667,1
293310,2
547619,1
823939,0
13220,1
55835,1
963040,1
130569,1
599872,1
1010947,1
684279,0
398947,1
544322,1
283036,1
294784,1
911384,1
98746,2
997489,1
440156,1
459457,1
493954,1
966788,1
633958,1
639226,1
687546,1
383907,1
732330,1
355980,1
233224,1
747774,1
411196,1
839536,1
714121,1
979445,1
472922,1
108517,1
951913,1
1010671,1
932680,1
132310,1
83889,1
466945,1
635967,1
907901,1
948971,0
15262,1
385057,1
815570,1
861816,0
99934,1
477354,1
566238,0
716703,0
469012,1
791760,1
813833,1
457213,0
54258,0
674607,1
1013733,1
158075,0
418533,1
960328,1
689911,1
237015,1
792831,1
218564,1
525736,1
40002,1
11222,1
179698,1
781204,1
756758,1
975753,1
143637,2
605911,1
313076,1
911308,1
542661,1
449429,1
332965,1
980928,1
319999,1
780753,1
381897,1
85461,1
769855,1
947420,0
58672,1
940546,0
463575,1
814492,1
14416,1
900425,1
215848,1
205001,1
39990,1
625458,2
3045,0
241092,1
757898,1
425119,2
779740,1
401858,1
910318,1
942405,1
93264,1
191094,1
150879,1
1001071,0
471792,2
58683,1
918985,1
89209,1
220754,1
325781,1
671097,1
621069,1
801791,1
942775,2
440905,2
905404,1
551487,1
959531,1
383745,1
450180,1
153742,1
492557,1
520995,1
610337,0
482330,1
425302,1
958431,1
372756,1
984906,0
141004,1
824709,1
790118,1
197508,1
298216,0
425038,1
862086,1
484673,1
819570,1
812861,1
553298,1
796101,1
858427,1
149055,2
789280,2
325697,1
1000771,0
809359,2
422361,1
813271,1
955472,2
984245,1
154552,1
78252,1
219576,1
177861,2
659969,1
813709,1
309439,0
473901,1
250483,1
491556,1
127921,1
835503,1
171184,1
8545,1
229050,1
848699,1
257927,1
928526,1
648826,1
345174,0
360032,1
856674,1
501451,1
600819,1
304874,1
338783,1
312644,1
628512,0
738516,1
182207,1
478667,1
8200,1
25551,1
611150,1
782979,1
372716,1
166373,1
614278,1
673466,1
203124,2
244309,0
999304,1
689988,0
140652,1
227694,1
231875,1
708933,1
308382,1
888626,1
98195,1
334835,1
177359,1
396046,1
298821,1
168070,1
481058,1
706241,1
653761,1
522719,2
667621,1
581561,1
899321,1
616614,1
1017007,2
339593,1
702663,1
638760,1
13972,1
803588,1
473200,1
967910,1
946988,1
246255,1
1005787,1
737331,1
609009,0
669139,1
436313,1
112437,0
704874,1
45490,2
69085,1
890896,1
577586,1
950354,0
632256,1
6954,2
727710,0
244529,1
398231,2
560977,0
418504,1
812319,1
545136,1
506706,1
286952,1
658773,1
477637,1
139052,1
482756,1
156356,1
887397,1
258557,0
218146,0
817257,0
856241,1
969673,1
795919,1
150105,1
865056,1
589239,1
375274,2
167866,1
287469,1
875738,1
86239,1
967253,2
917892,1
884523,1
434087,1
934547,1
995300,2
221861,0
214979,1
441821,1
801711,1
717050,1
974279,0
359427,1
566722,1
383282,1
527936,0
217666,1
567213,0
251176,1
580267,1
850980,1
995803,2
726720,1
623294,1
887478,2
768043,1
158365,1
65195,1
171199,1
533106,1
591975,2
838065,0
743565,1
317678,1
966117,0
49744,1
158141,1
965644,1
517173,1
427711,1
823230,1
561732,1
214304,1
865159,1
898085,1
225645,1
431091,1
210436,1
101385,1
733746,1
610205,1
615628,1
477981,2
533920,1
607380,2
567639,1
364670,2
911186,1
148975,0
82396,1
320957,1
630999,1
268585,1
76948,1
865371,1
415707,1
89821,2
790550,1
808424,1
345039,1
881773,1
91798,1
679068,1
437181,1
706517,0
789082,1
197904,1
593801,1
627911,1
930866,1
331160,0
727695,1
886073,1
681881,1
847621,1
119311,1
455185,1
712295,1
520489,1
17572,2
72313,1
705390,1
196848,1
809124,1
922942,1
903471,1
959205,0
421074,1
920265,1
182621,1
651756,1
305475,1
131393,0
403922,1
99178,0
570352,1
576523,1
180029,1
766584,1
3878,1
74829,1
197911,1
115469,1
664893,1
276748,1
114820,0
231431,1
685779,1
185950,1
237880,1
806910,1
820147,2
759713,0
761789,0
795838,1
583530,0
574231,1
278023,1
266891,1
818100,0
616243,2
620002,1
686747,1
965482,1
690946,1
225737,1
632234,2
498694,0
662385,1
79712,1
167774,1
421492,1
798693,1
609074,1
333092,1
426659,1
462545,1
550589,1
557555,1
238434,1
427502,1
120533,2
130965,1
633239,1
421892,1
875235,1
389259,1
346795,1
693688,1
909084,2
945462,0
220710,1
636135,2
420323,1
473619,1
708867,1
754994,1
836056,1
536798,0
311665,2
868183,1
829331,1
133601,0
281001,1
934480,1
645218,1
853602,1
196943,1
484817,1
87944,1
432339,2
94955,1
493624,1
588263,1
257082,1
164654,1
573090,2
817415,0
862967,1
737870,1
10838,1
715096,1
155355,1
383950,1
436584,1
122083,1
511531,1
134297,1
741189,2
448505,1
813305,1
306740,0
433060,1
109055,1
133777,1
958666,1
521471,1
99035,2
659077,1
673495,1
257611,1
912495,1
948278,1
22237,1
251998,1
483775,1
895383,1
759966,1
469834,1
15644,1
702560,1
800424,1
948982,1
53415,1
836724,1
50526,0
540021,1
274757,1
346476,2
118376,1
14324,1
896689,1
728737,1
574473,1
887074,1
216852,1
350004,1
726441,1
604246,1
987295,1
863065,1
733478,2
530646,1
463454,1
458658,1
873152,1
674104,1
367545,1
240723,1
230034,1
26721,1
616870,1
367204,2
795827,1
311629,1
144913,1
954967,1
77556,1
769796,1
898038,1
534033,2
284228,1
665696,0
706443,1
732514,2
148993,0
335832,1
281911,1
248374,1
386483,1
330013,1
718950,2
795438,1
577087,1
81036,1
902702,1
334945,1
720238,2
57440,1
536655,2
495420,1
299866,1
754738,1
903949,0
380867,1
808222,1
33071,1
622943,1
958266,1
477600,1
1001721,1
545815,1
112451,1
561486,1
962337,2
385934,1
207227,1
520104,1
939728,1
653361,1
529949,2
246262,1
502591,0
946511,1
676391,1
252904,1
613105,1
591663,0
997537,1
922887,1
200822,1
156976,1
226352,1
942647,2
646170,0
41751,2
591913,1
579151,1
81351,1
548175,1
336044,1
557573,1
620684,1
904788,1
3184,1
743657,0
349761,1
737650,0
912712,1
65625,1
707231,2
265975,1
851303,1
850144,0
324847,1
857224,1
473064,1
522685,1
494713,1
66086,1
670540,1
110200,0
946155,1
613475,2
632847,1
129288,2
596132,1
702348,1
233631,1
428374,1
672054,1
649801,1
816711,1
2426,1
213592,1
896380,1
9524,1
959601,1
881384,1
273213,1
211781,1
117735,1
532806,0
345439,1
527510,1
795984,2
85506,1
912778,1
497576,1
56366,1
412836,1
209951,1
665311,1
360179,1
652870,0
123808,0
789138,1
234485,1
684569,1
907130,1
163727,1
435855,1
193243,1
22325,1
202725,1
245665,1
855574,1
629641,1
826189,1
223467,1
279420,0
841270,1
282989,1
840725,1
76166,1
5326,1
561394,1
578363,1
813891,1
181411,1
276124,1
393087,1
929149,1
1001332,2
405326,0
1711,1
745266,1
62516,1
911979,2
17327,1
279651,1
508601,1
161608,1
693318,1
652184,1
160214,1
1008360,1
813059,1
208055,1
170381,0
886697,1
455541,1
941781,1
40017,1
694065,0
768322,1
854742,2
303378,2
420349,1
349695,1
322661,0
116558,2
529970,1
583192,1
536325,1
341222,0
747572,1
53679,1
221373,1
277833,1
813136,2
884534,1
1007781,1
815255,1
412612,2
34722,1
384276,1
539838,1
336547,1
784276,1
463759,1
917908,1
560155,1
801058,1
331018,1
722577,1
551612,1
914523,1
727783,1
295590,1
1016626,1
313090,1
339021,1
537638,1
480167,1
27476,1
833130,1
394437,1
923855,1
800017,1
1000283,1
818481,1
634874,1
823872,1
2837,1
102485,1
294285,1
114233,2
710246,2
529846,1
480020,1
214630,1
358433,1
239552,1
1012288,1
326108,1
86709,1
311669,1
429654,1
102621,1
318378,1
229494,1
803393,2
505099,1
46642,1
456388,1
971096,1
715452,1
318781,1
971441,1
174961,1
251745,1
834076,1
712589,1
976116,1
830861,1
625483,2
315911,1
927983,1
293068,1
268549,1
252049,1
655705,0
990387,1
546012,1
83412,1
508832,1
431914,2
1008878,1
254384,1
805223,1
503615,0
813705,1
290300,1
318077,1
994871,1
47441,1
314459,2
152293,1
718040,1
300812,1
851233,2
418258,1
577373,1
530558,1
861805,0
533931,1
861463,1
897907,1
333225,1
804754,1
348537,1
833501,1
401986,1
666617,1
323783,1
550714,1
22266,1
588461,1
871190,1
40691,1
763208,1
974990,1
35095,1
870304,1
582889,1
52120,2
3782,2
352556,2
780522,1
720784,1
409634,1
76643,1
35983,1
57635,2
563910,2
1015177,1
824271,1
51299,1
455071,1
517104,1
253013,1
98467,1
204169,1
217358,0
695154,1
498823,1
137993,1
539481,0
883261,2
189583,2
286219,1
158600,2
772136,0
482965,0
109165,1
109309,2
60022,1
271105,1
844442,2
233437,1
727192,1
200484,1
538899,1
975023,1
610326,1
1016600,0
1002520,1
423546,1
458144,1
887283,1
881902,1
843849,1
113809,1
989756,1
129024,1
11417,1
249650,1
438047,1
846518,1
659558,1
344379,1
643759,1
174569,0
975078,1
601298,1
54496,1
740214,1
718855,1
535133,1
409506,1
112950,1
116389,0
450485,0
826868,1
219507,1
686581,1
479969,1
937487,1
743327,0
229766,1
622404,1
555539,2
950383,1
111157,1
179276,1
293949,1
222440,1
132992,2
247850,1
538983,1
365378,2
112550,1
639714,1
206130,2
794998,1
307888,1
294575,1
694076,1
738170,2
659400,2
823890,1
879833,1
149440,1
240088,1
22439,1
835462,1
974491,2
99820,1
779179,1
765866,1
752310,0
929574,1
774567,1
198347,1
890658,0
992279,1
238397,1
414599,1
496461,2
701574,1
905808,1
294623,2
1630,2
825911,2
539221,1
77068,1
280514,1
401795,1
817642,1
519818,0
509334,1
993229,1
919065,1
882705,1
959359,2
964081,0
630870,1
545947,1
243348,1
855406,1
67373,1
460264,1
79444,1
20675,1
162854,2
630463,1
978051,1
117595,1
663559,1
318176,1
207832,1
589671,1
195605,1
524955,1
399540,0
715078,1
624284,1
470461,1
300409,1
242684,1
979199,1
277396,1
890331,1
962711,1
440431,1
522351,1
157797,1
648994,1
273682,1
1005156,1
669135,0
235442,1
685478,1
599931,1
75792,1
849490,1
136178,1
115906,1
541253,1
303103,1
401065,1
395775,1
264633,1
414940,0
509015,0
743998,1
563679,1
684293,1
781383,1
149572,1
1003969,1
702212,1
23681,1
441476,2
675824,1
599829,1
478410,1
461966,2
379593,1
871789,1
24705,1
632304,1
921963,1
401487,1
68147,1
484875,0
176347,2
977311,1
285892,1
239006,1
669997,1
35147,1
388636,1
522359,1
852021,1
998820,1
164397,1
878847,1
618982,1
836317,2
94584,2
44893,1
589808,1
412117,0
611275,1
322665,1
746018,1
864499,1
769297,1
203337,1
396842,1
528452,1
572541,1
274207,1
894159,2
801348,1
401205,1
555546,1
71349,1
948483,2
80277,1
172417,1
910174,1
900696,1
772529,1
807760,1
483562,1
64723,2
30209,1
796035,2
777111,1
700405,1
940696,1
57459,2
560683,1
356985,1
607168,1
979687,2
195616,1
376408,1
947288,1
651477,1
200194,0
308180,1
851152,1
952653,1
330949,1
203766,2
788081,1
493819,1
896252,2
227904,0
492755,1
647238,1
946702,1
182610,1
581451,2
338134,1
335090,0
912118,1
493738,1
705905,1
987402,1
883474,1
243308,0
512385,1
622378,1
415626,1
696203,1
742094,1
632160,1
202295,2
948029,1
84509,1
239295,1
417389,2
62893,1
912008,2
107956,1
690270,1
172549,2
972493,1
199018,2
208422,1
318547,2
474447,1
28367,1
591535,1
334725,1
134859,1
970004,1
535551,1
179203,1
296775,0
15457,2
168375,1
841524,0
10771,0
127008,1
357197,0
264138,1
200532,0
50346,1
897774,1
685474,1
328146,1
921299,1
285881,1
956480,2
971001,1
186731,1
895596,1
168786,1
710048,1
883687,2
726522,0
24224,1
854629,1
499079,1
422013,1
435165,1
1737,1
19208,1
306131,1
173517,1
264329,1
528771,1
748067,1
1011577,0
279196,1
660563,1
557775,1
931731,1
318062,2
402576,1
757344,1
124427,1
213853,1
773687,1
102632,1
493976,1
700463,1
764391,1
859684,2
1017692,1
197959,1
374923,1
669964,1
334020,1
561262,1
223559,1
384148,1
901271,0
446422,1
844398,1
500546,1
135126,1
346377,1
992426,1
494669,0
587057,2
929134,1
329334,0
627919,0
673558,1
337757,2
450562,1
381369,1
353601,2
392802,1
680507,1
843221,1
857822,1
110934,2
843966,1
442293,1
758268,1
127756,1
748988,1
470623,1
925424,1
74935,1
302616,1
219228,0
704537,0
670320,0
989778,1
757238,0
398701,1
11802,1
72328,1
338699,1
486943,1
266198,1
9627,0
761543,1
635905,1
791496,1
23483,1
588917,1
92476,1
260093,0
767750,1
501415,1
325338,1
763970,1
730332,1
799991,1
184054,1
899530,0
951784,1
557764,1
346036,1
973766,1
570154,1
732639,1
713795,1
417033,1
564441,1
78924,1
665425,1
83324,1
230881,1
766041,2
915263,1
141293,1
688972,1
140197,1
49025,1
984120,2
55512,0
257615,1
689915,1
929211,1
1007877,1
935955,1
48581,1
826846,1
830153,2
84042,1
493808,1
826769,1
21452,1
381039,1
250205,1
761639,1
309273,1
939346,1
623368,1
691408,1
362441,1
126443,1
135272,1
377173,1
31448,1
122461,1
190501,0
614605,1
177483,0
463090,1
937663,1
579706,1
326515,1
382487,1
66596,1
65878,1
602718,1
241430,1
865728,2
634353,1
1016941,1
886286,1
17224,0
248477,1
625142,1
331872,2
453473,0
529325,1
578961,1
601126,1
509415,1
871091,1
970862,1
441458,1
514439,0
237224,1
628116,1
839642,1
2062,1
382083,1
249559,1
507798,1
936527,1
13172,2
634591,0
495149,1
23443,1
799584,1
443823,2
798143,2
458845,1
163037,1
510992,1
835154,1
69463,1
107509,1
217446,1
540429,1
385273,1
878117,1
725451,1
255521,1
878142,1
498519,2
581301,1
722980,1
81212,2
711441,1
350301,1
184388,1
517548,1
659011,2
329011,1
223081,1
879730,1
865302,0
528757,1
981444,1
118516,1
160180,1
343903,1
678038,1
1013319,2
100319,1
179467,1
469779,1
131177,1
649515,1
66372,1
591766,1
255536,1
459020,1
464286,1
94739,1
125871,2
248808,1
888732,0
138154,1
526582,0
173858,1
478825,1
714275,1
950707,1
764186,1
497231,2
377522,1
69232,2
259389,1
964988,1
394671,1
667522,1
758789,1
566861,1
685940,1
303976,1
837853,0
16193,1
76283,1
321121,1
689005,1
143608,1
469519,1
299206,1
831624,1
83203,1
974693,1
853785,1
648103,1
196547,1
632737,2
798639,1
951755,1
402301,1
272744,1
919131,1
469728,1
257633,1
360362,1
380089,2
662084,2
752721,1
331069,1
324461,1
874924,1
817121,1
1004643,1
781310,1
588490,1
824859,1
766339,1
532189,1
682046,1
888699,1
317715,1
127950,1
232612,1
679545,1
76984,1
663038,1
785930,1
528287,1
487162,1
786054,1
152752,1
697846,1
811475,1
70113,1
53723,0
814519,1
317494,1
176248,1
244282,1
596169,1
551153,0
888680,1
585293,2
544649,1
8130,1
777764,2
705860,1
340294,1
95130,1
832339,1
476096,1
63829,1
449348,1
235699,1
51846,1
183464,0
714969,1
266392,1
180906,1
304805,1
538664,1
616041,1
262606,0
719009,1
918501,1
238320,2
144421,2
704940,1
646453,1
602790,1
336374,1
885076,1
983361,1
81953,1
416751,1
102614,1
311108,0
366944,1
469331,1
759683,2
904759,1
40325,2
190710,1
811871,1
595711,0
788500,1
359382,1
567646,1
601856,1
732756,1
45117,1
75958,1
567682,2
627566,0
367721,1
180278,1
714822,1
396927,1
1007389,1
178918,1
971247,0
162241,0
762823,1
315393,2
480817,1
574136,1
123282,1
21533,1
910068,1
995234,1
864419,2
782869,1
499864,0
760146,1
449638,1
340654,1
472207,1
1008492,1
133344,1
347095,1
164137,1
474546,1
659242,1
972097,1
508670,1
936790,1
317160,1
665674,1
336396,1
368593,1
841061,0
550949,1
193771,1
752156,1
53224,1
948153,1
355449,1
433732,1
437527,2
994134,1
641823,1
991520,1
478227,1
921787,2
291088,0
134617,1
524706,1
71286,1
576178,1
65496,2
163455,1
413190,1
283506,1
727420,1
876243,1
242824,1
289067,1
401663,1
959131,1
572420,1
312365,1
548469,1
320861,1
672692,0
613189,2
288954,0
917177,1
383697,1
239637,2
821456,1
567026,1
553034,1
657178,1
96898,1
15578,1
487551,1
789394,1
1000089,1
431367,1
206383,0
246204,1
635860,1
641838,1
434645,1
590002,1
113470,1
649841,1
11244,2
151285,1
722331,1
655055,1
408343,1
310370,1
297002,1
1010855,1
114222,1
84905,2
549462,0
827241,1
532097,1
355199,1
142108,1
429672,2
481344,1
585822,1
913119,1
673561,0
121372,1
894746,1
138224,1
731278,1
539500,1
70249,0
242314,1
488435,1
655495,1
461254,1
597009,1
918662,1
491028,1
696926,1
405270,2
411530,1
570565,1
424143,1
112606,1
12054,1
76030,1
147684,1
627335,1
227636,1
339942,1
887577,1
844585,1
574697,1
243267,1
569578,1
749237,1
938954,2
124782,1
312806,1
953405,1
27935,0
896296,1
923998,1
668846,1
677309,1
611224,1
799812,1
281298,1
733166,1
673404,1
291617,1
703462,2
115142,1
408879,2
854261,1
998541,1
133182,2
63359,1
918673,1
771818,0
315328,1
230999,1
214539,1
903280,0
799221,1
905620,1
680323,0
824264,2
850962,1
904292,1
859938,1
77167,0
180032,1
316934,1
503170,0
156932,1
879561,1
32287,1
717913,0
77699,1
224130,1
769312,2
961417,1
873651,1
164845,1
446044,1
825687,1
970095,1
699576,1
919076,1
310378,0
1005600,2
968959,1
958941,1
727398,1
59549,1
629308,2
137520,2
173487,1
854360,1
699437,1
270706,1
946126,1
162788,1
271743,0
836166,1
485575,1
265858,1
90162,1
549569,1
349109,2
140285,1
543581,1
474414,1
212771,1
450713,1
953610,1
178873,1
74018,1
851747,1
475686,1
464213,1
816128,2
560852,1
900043,1
727541,1
969071,1
118109,1
856490,1
434982,1
199407,1
601830,2
14133,2
173377,1
42998,1
852186,1
744294,0
59604,1
596172,1
228893,1
754334,1
235637,0
278526,0
361051,1
776345,1
368311,1
228710,1
773889,1
923198,1
246215,1
442880,0
587666,1
224802,1
738361,2
336309,1
594387,0
139492,1
620196,0
510802,1
371490,1
120140,1
210333,1
9197,1
189848,1
121170,1
717469,1
662118,1
626129,1
136343,0
355919,1
446507,2
20015,0
150417,1
228196,2
537641,1
748768,1
720182,1
580780,1
127246,1
389493,1
61966,1
715548,1
435202,1
125343,1
888208,0
272829,2
381699,2
251091,1
521079,1
267955,2
491082,2
1001992,1
56201,0
408185,1
358158,1
599131,1
994736,1
948021,1
483713,2
716659,1
969824,1
661968,1
785820,1
571607,1
694186,1
434278,1
415192,0
484101,1
351809,1
696845,1
602897,1
483210,1
543952,1
136347,1
889861,2
963422,1
887629,1
404758,1
550732,0
561747,1
219224,1
930716,1
978451,1
624266,0
73060,1
118835,1
690616,1
964885,1
334112,2
541103,0
301240,1
279064,1
178334,1
870487,1
954424,1
384995,1
423179,1
724391,1
148182,1
67609,1
413895,2
28279,1
1005109,1
612746,1
676784,1
213556,1
52421,1
261711,1
36489,1
931779,1
619862,1
729895,1
711294,1
151322,1
839448,1
456700,1
901983,1
699741,1
858588,1
154978,1
803915,1
354392,1
193287,1
678070,1
339487,1
788397,1
803867,1
82312,1
254568,2
759980,0
319162,1
659194,2
365653,1
725147,1
9399,1
443368,1
323721,1
109275,0
994248,1
790037,1
104641,1
258380,1
21162,1
561127,1
210209,1
355915,1
204701,1
193038,1
97727,1
337698,0
546445,1
302425,1
802107,1
977014,1
564353,0
129222,1
836878,1
276157,0
3863,1
64316,1
825915,2
817224,1
289438,1
871095,1
555575,2
226165,1
867726,1
582096,1
533094,0
910945,1
136673,1
644132,1
22927,1
998435,1
453796,2
5278,1
487177,1
295015,1
638009,1
189837,1
369242,1
974635,1
510563,1
808721,1
702638,1
108997,1
932905,2
70979,1
131115,1
335887,1
67502,0
759690,1
539210,1
536406,2
617420,1
552158,1
582430,2
397719,1
529251,1
339289,1
295987,1
842466,2
526795,1
157827,1
728902,1
625968,2
957834,1
177029,1
948663,1
875891,1
184025,1
413639,2
924177,1
101404,1
987787,1
675167,1
39921,2
545565,1
592822,1
546661,1
532123,1
818001,2
955315,2
270676,1
490566,0
590439,1
672337,1
324902,0
891765,1
341992,1
588902,2
457536,1
814397,1
628383,1
630782,1
141381,1
278720,1
890959,1
961057,2
161064,2
518893,1
674698,1
166058,0
254494,2
643450,1
923484,1
893466,2
718899,1
14896,2
715603,1
619749,1
452814,1
765198,1
192213,0
726948,1
702465,2
554729,1
509037,2
925226,1
232520,1
725808,0
946654,0
709318,1
200033,1
317117,1
771058,1
618157,1
519425,1
12748,1
285184,0
199050,0
273628,1
330655,0
749644,1
579775,1
734248,1
967598,2
664079,1
637620,0
864716,1
252812,2
238584,1
483537,0
496337,1
546379,1
311827,1
648543,1
994417,1
803041,0
248590,1
425272,1
348287,1
399782,1
1012497,1
960375,1
1009985,1
636843,1
549488,1
983556,1
724098,2
833956,2
493415,1
777614,1
161291,1
23560,1
159216,1
644301,1
376381,1
642277,1
977748,1
939236,1
100762,0
411387,1
571074,1
737386,1
698069,1
597467,1
972941,1
381831,1
459640,1
373180,1
225902,1
152705,2
333801,1
127947,1
911616,1
269153,1
327318,1
745134,0
693383,1
514516,1
865797,0
953618,1
268754,1
713377,2
482529,1
490720,1
199634,1
206347,1
364120,1
411967,1
448181,1
759005,1
861159,1
550347,1
646956,1
563370,1
672193,1
841517,1
856832,1
835341,1
143787,1
81854,1
263562,1
271970,1
120379,1
53606,0
288808,1
548825,1
291143,1
897099,1
615480,1
495853,1
106911,1
6381,1
688484,1
803991,1
807401,1
596088,1
251154,1
719937,1
775964,1
94519,1
429548,1
589730,1
54603,1
83951,1
343617,1
485560,1
898614,1
731773,1
676146,1
947024,0
443463,1
340618,1
691345,1
810728,2
152686,1
264556,1
526520,1
167051,1
617743,1
121776,1
915560,2
334901,1
232913,1
316505,1
98845,0
710583,1
629403,1
914354,0
705545,1
457822,1
71297,1
35107,0
587060,1
839253,1
368807,1
1007789,1
947619,1
588234,1
1017359,1
434238,1
662653,1
374912,1
400684,1
931904,1
493587,1
183376,1
571155,2
945781,1
479169,1
665847,1
640811,1
209793,1
290263,1
312112,2
404824,1
31639,1
364047,1
139467,1
857440,2
964133,0
1016842,1
478979,2
490669,1
201085,1
587842,1
226639,1
210429,1
454845,2
450683,0
481414,0
654560,1
89205,1
1005897,2
547644,1
588278,1
345828,1
873574,1
948513,1
919168,1
558013,1
995861,0
922311,1
487504,1
22101,1
875907,1
59402,2
116837,1
811064,1
472243,0
447438,1
525802,1
625351,1
269513,1
958321,1
293505,1
318969,1
741390,1
732220,0
913386,1
672861,1
726823,1
586580,1
704470,1
793784,1
431851,1
832706,1
300012,1
799339,1
664424,1
990820,1
606886,1
124650,1
806903,2
519902,1
202684,1
483005,0
84806,1
842415,1
266044,1
987354,1
182221,1
87706,1
257079,1
171265,1
316699,1
475132,1
917258,1
955876,1
410863,1
807100,1
768447,2
702289,1
544700,1
208792,1
273738,1
195975,1
310745,1
935470,1
950336,1
101972,2
340580,0
243971,1
488684,1
241225,1
800211,1
45322,1
954460,1
1005901,1
706458,1
587758,1
778530,1
375568,1
181011,1
57620,0
872478,1
217882,1
696467,1
680954,1
445605,1
236058,1
673907,2
882455,1
933744,1
154244,2
403067,1
893437,1
586353,1
119773,2
434399,1
424983,2
535614,1
955348,0
974965,1
236278,1
511861,1
121024,1
429034,1
902870,1
534712,1
245618,1
290076,1
255172,1
116433,1
87166,1
725811,1
741130,2
70928,1
435246,1
481913,1
648840,1
497583,1
526201,1
868440,1
684121,1
247788,1
814236,1
742050,1
480776,1
449780,1
44505,1
640587,1
163301,1
313568,1
454951,1
958934,1
921985,2
1005769,1
616720,1
608888,1
762452,1
993915,1
611796,1
223760,1
566384,1
811468,1
968012,1
467517,2
907060,1
77644,1
439037,1
18636,1
23351,1
445289,1
571430,2
575830,0
179551,1
191902,1
276700,1
354114,1
373445,1
758419,1
412832,1
822046,1
871679,1
238199,1
948997,0
880941,1
343840,1
651686,1
423656,1
613123,1
988953,1
784878,1
160526,1
504094,1
918563,0
3089,1
637242,1
877457,1
672887,1
307510,1
527877,1
738138,2
699675,1
610117,1
324421,1
310888,1
931919,2
283359,1
117027,0
434274,1
347129,1
744221,1
284525,1
271134,1
786454,1
266543,0
608008,2
859024,1
264204,0
239684,1
1015878,1
1013146,1
70946,1
894599,1
85359,1
123103,1
330109,1
955847,1
366485,1
853727,0
441498,1
485960,1
333830,2
945499,1
318125,1
199319,2
985253,1
547581,1
582991,1
775025,1
825195,1
389226,1
447584,1
613358,2
123510,1
342212,1
55383,1
791287,1
554673,1
376341,1
666150,1
102302,1
24752,1
85065,1
805748,1
251129,1
792361,1
907354,1
40758,0
263467,1
931041,1
874344,0
728201,1
387756,0
462714,1
339319,0
539896,1
719133,1
221906,1
335450,0
311492,1
227940,0
443867,1
366012,1
610322,1
342803,1
962722,1
569435,1
310822,1
77097,1
257219,1
193225,1
502533,2
723802,2
1006979,1
304287,1
146852,1
58342,1
419420,1
413026,1
128533,1
973469,1
11493,1
319137,1
260307,0
480486,1
440372,1
401498,0
374266,1
161831,2
405003,1
606226,1
490456,1
198167,1
781938,2
425379,1
479136,1
332576,1
357784,1
495093,0
248176,1
71558,1
120746,1
45766,1
827326,1
357076,2
4097,1
812061,1
957137,1
565578,1
453084,1
225047,1
20091,1
135229,1
486323,2
545741,1
8167,1
886851,1
869056,1
803698,1
365767,0
816780,2
357638,1
347789,1
398026,1
937762,0
506328,1
965871,1
270823,1
457037,1
521028,1
318628,1
290638,1
546368,1
691451,1
181260,1
356068,1
822967,1
933201,1
232054,1
44765,1
588018,1
141972,1
699213,0
100380,1
530323,2
205218,1
903262,0
397384,1
208873,0
107185,1
762537,1
456043,1
400666,1
492939,1
475374,1
131166,1
615778,1
210579,1
683348,1
471305,1
856520,1
780603,1
644998,1
294384,1
113757,1
373731,1
668354,1
781127,1
392871,1
702131,1
729228,1
162858,1
973340,1
300793,1
238540,1
1017546,1
418904,1
401601,1
609889,1
790260,1
530228,1
71194,1
190390,1
437729,1
306362,1
639666,1
126344,1
983486,0
36885,0
335362,1
687568,1
637293,1
418027,1
838553,1
797832,1
628460,1
149194,1
816047,1
279769,1
492498,2
129336,2
216441,1
925794,1
395555,1
872489,1
918123,1
411934,1
43980,1
320072,1
960232,1
35217,1
934136,1
63054,0
998343,1
848237,1
903703,0
71770,1
233891,1
94874,0
130011,0
747309,2
740511,2
884941,1
482730,1
837992,1
153474,1
693189,1
247032,1
325363,1
359713,1
445674,1
793968,1
263294,1
240271,1
500553,1
795728,1
261979,1
25148,1
464415,1
493202,1
880200,1
136138,1
110871,0
994112,1
975463,1
458306,1
336118,1
850874,1
601203,1
516242,1
869988,1
836096,1
903541,1
977454,1
925864,1
416917,1
503978,1
435738,1
187486,1
139191,1
460187,1
5120,1
573715,0
31525,1
491769,1
948917,1
543637,1
320193,1
326438,1
944825,1
367501,1
630009,1
877383,1
636546,2
672209,1
784562,1
66101,1
794271,1
314484,1
72926,1
176277,2
472544,0
60987,1
923606,2
876643,1
327523,2
488743,1
353531,2
2235,1
859017,1
956895,1
581316,1
310954,2
687414,0
516547,1
129570,2
504997,1
876180,1
973069,1
910534,1
575706,1
192738,1
139254,1
273895,1
685272,1
546962,1
694359,0
255440,1
375263,0
408905,1
538190,1
436096,1
852487,0
918222,0
154464,1
244840,0
880956,1
642299,1
531434,1
602604,1
176288,0
765231,1
107226,0
655268,1
957533,1
467043,2
829346,1
702616,1
289768,1
819916,1
824352,2
511014,1
359566,1
151047,1
104146,1
166993,0
262840,2
655404,1
463744,1
674137,1
864752,1
674221,0
509547,2
569831,2
408189,1
35606,1
761752,1
610014,0
855350,1
61405,1
772899,1
76922,1
93147,1
825034,1
153573,0
174279,1
483137,1
307525,1
83984,0
769374,2
223980,2
80314,1
214869,1
825478,0
448952,1
876706,1
780607,1
570763,1
646167,0
983736,0
545103,1
858948,1
791533,1
923877,1
871668,1
643612,1
231262,1
404927,1
527286,1
245690,1
932945,1
322038,1
744515,1
495310,1
302410,1
789879,1
646721,1
751849,1
914295,1
160511,1
522300,1
141866,1
997599,1
238739,1
962315,1
512084,2
463029,1
258674,1
923228,1
595333,1
865052,1
371193,1
879015,1
520126,1
142177,1
488028,1
762210,1
253644,1
344353,1
996114,1
512675,1
756219,1
945217,1
537612,1
246677,1
809920,1
869731,1
802624,1
433226,1
433666,1
696753,1
49032,1
369202,1
1025,1
236913,1
802547,1
956796,1
480736,0
667863,1
420150,1
378600,1
776408,1
538000,1
561192,1
148670,1
256896,1
16762,1
517508,1
344302,1
754125,1
952837,1
410559,1
131474,0
854603,1
985910,2
235923,1
437794,2
456494,1
985015,1
615246,1
830326,2
599274,1
165985,1
762849,1
437244,1
924856,2
532006,1
101044,1
398103,1
965505,1
38601,1
517922,1
416418,1
844648,1
314767,2
993874,1
27971,1
343583,1
448439,1
759089,1
773584,1
996558,0
541693,2
115858,1
610968,1
48644,1
652661,1
481182,1
43489,1
149000,1
715272,1
869647,1
215899,1
119003,1
260424,1
242101,1
968999,1
618865,2
962535,1
35510,1
714312,1
780137,1
20808,1
428961,2
252133,1
296016,1
112763,2
497011,1
519171,1
191762,1
257732,1
148883,0
471572,1
87878,2
46169,1
537476,1
387976,1
891912,1
958860,0
338475,1
578385,1
565101,2
262594,1
718653,1
905679,1
850926,0
131654,1
361792,1
110262,1
221362,1
1004603,1
898452,1
73200,2
994581,1
262738,1
388980,0
916936,1
259525,2
874418,1
797326,1
25177,1
481605,1
569310,2
607942,1
106540,0
442080,1
460770,1
828374,2
897712,1
111117,1
419516,1
432632,1
924919,1
528283,0
772503,1
790675,1
363039,1
115869,2
209214,2
94463,1
486837,2
44879,1
290494,1
217505,1
780812,1
874780,0
163129,1
843346,1
797531,1
377665,1
380977,0
879132,1
770174,1
566007,0
134330,1
1012765,1
916473,2
123590,1
808170,1
343411,1
965545,0
100858,1
797142,1
56528,1
919928,1
12924,1
530682,1
517434,1
22277,2
481274,1
590185,1
817213,1
65603,1
676740,1
649647,2
299231,1
125486,1
150446,0
996994,1
11941,1
575654,0
482440,1
98063,1
313997,1
325671,1
822318,1
86455,1
361950,1
584373,1
150082,1
564056,1
831080,1
308827,2
752200,1
214029,2
168849,1
878007,1
865210,1
1017036,1
406444,1
721473,1
83254,2
566193,1
622374,1
771674,1
115979,1
534484,1
259037,1
966890,2
140535,1
421133,1
348889,0
16263,1
154406,2
633976,1
471422,1
80897,1
208022,2
1006898,1
659792,1
617905,1
945392,1
463557,1
475730,1
751720,1
360171,1
624718,1
515061,1
807816,1
867182,1
678771,1
760847,1
459802,1
107798,1
572138,2
108711,1
794048,2
38285,1
966469,1
755041,1
32962,1
336473,1
1003282,1
692207,1
885267,1
899563,1
519263,1
535177,1
456553,2
636234,0
381251,1
22941,1
362636,0
639237,1
580737,1
243807,1
699583,1
513250,1
915719,0
725646,1
877835,0
652379,1
114853,2
888358,1
995414,1
440255,1
37314,1
31051,1
250117,1
465852,1
245555,1
831590,2
633899,1
396361,1
94742,1
99307,1
863935,1
533520,1
72070,1
969185,1
442789,2
330868,1
903042,1
352152,0
713285,1
511616,1
668138,1
359276,0
929053,1
941091,1
938019,1
595201,1
103123,1
86569,0
541349,2
729745,1
682875,1
220978,1
703190,1
686718,1
702546,1
590710,1
891570,1
788331,2
1009666,1
692085,1
953511,1
29610,2
320869,1
405564,1
232087,2
811530,1
737771,1
44806,1
296614,1
658421,1
968298,1
972817,1
735410,1
258498,1
56315,1
71965,1
479891,0
600499,0
252658,1
802305,0
327244,2
14144,1
440390,2
940197,1
631479,2
976428,1
249199,2
921130,2
760047,1
843236,1
649188,1
586148,0
898618,1
630052,1
60822,1
634261,1
821427,1
860462,1
458302,1
623746,1
479000,1
478179,1
1017674,1
858126,1
463007,1
598839,1
971504,1
600099,1
445616,1
817826,1
587347,1
311618,1
136747,1
448949,2
448240,1
90867,1
164739,2
537209,1
225898,1
285885,1
93440,1
868796,2
334839,0
962193,1
82257,1
10753,1
1011764,0
798631,2
709017,1
348672,1
418881,1
657347,1
990772,1
646978,0
797469,1
649290,0
950123,1
673279,1
156965,1
299525,1
119391,1
962087,1
251972,1
232069,2
801249,1
864738,1
400839,1
239266,1
481850,1
73512,1
601625,1
481047,1
103648,0
921134,1
896931,1
946016,1
480938,0
318705,1
183273,1
101770,1
707327,1
811226,1
485638,1
1009255,1
604734,1
390514,2
135805,1
730798,1
427850,1
572255,1
572666,1
109606,1
60730,1
333393,2
52388,1
992480,1
376190,1
290090,0
355207,1
436797,1
645548,2
773809,1
704504,1
675464,1
534044,0
714228,1
354866,1
724799,1
980627,1
205140,1
487261,1
591300,2
109914,1
485227,1
46341,1
274074,1
470083,1
183031,1
100942,1
503185,1
66361,1
435796,1
730835,1
844350,2
209423,1
395104,1
848622,1
109385,1
735986,1
832753,0
861023,1
174976,0
813330,1
170936,1
474117,2
161729,0
850629,1
51549,1
28583,1
317230,1
1013322,1
702531,1
782708,2
247645,0
169226,1
344849,1
901378,1
592392,1
174701,1
525930,1
779351,1
980263,2
889946,1
782593,1
377302,1
266767,0
603670,1
664831,1
726669,1
935702,1
193728,1
42738,0
864275,1
503824,1
817606,1
666206,1
464880,1
5498,1
651822,1
466112,1
411424,1
1011320,1
821368,0
204646,1
1000478,1
295822,2
21445,1
307822,1
729297,1
1001831,1
923235,1
799317,1
453235,1
214069,1
887290,1
589327,1
511975,1
112965,2
577432,1
671842,1
684950,1
47977,1
282680,1
419769,1
963774,1
112569,1
309174,1
989891,2
377658,1
984513,0
592491,1
224406,1
133542,1
410724,1
764216,1
696445,1
552091,1
884684,1
1002047,2
940982,1
871381,1
752383,0
568023,1
379638,1
829658,1
420480,1
539041,1
26813,2
809043,1
314309,0
162791,1
971526,1
872063,1
609081,1
731160,1
584058,1
316343,1
771461,2
141741,1
604833,1
867216,1
927781,1
373317,1
107192,1
909572,1
617934,1
244518,1
11530,1
174121,1
260626,1
17987,1
678995,0
795492,1
158754,1
32908,1
234636,1
132295,1
131720,1
340830,1
706157,1
200088,1
448446,1
951348,0
810852,1
900179,1
589925,1
215840,1
585929,1
241339,1
712420,1
1017748,1
943181,0
535100,2
167947,1
472540,1
511490,1
799669,1
745970,1
115890,1
387972,1
414386,1
535430,1
620127,1
139225,1
908186,1
335212,1
113269,1
354918,1
876551,1
387190,1
539371,1
91082,1
672586,1
564434,1
203715,1
915748,1
146100,1
534804,1
31796,2
923161,1
327424,1
1000159,2
21614,2
287766,1
933469,1
983688,1
428576,1
908168,2
886462,1
379322,1
459677,2
151964,1
358899,2
506078,1
259242,2
600301,2
106481,1
211228,0
878043,1
4794,1
785556,2
421555,1
576604,1
373100,1
339377,1
724304,1
428011,1
832742,0
55303,1
321998,1
95332,1
263074,2
765848,1
823854,1
168984,1
104733,1
241959,1
608477,1
158303,1
342476,1
665586,1
77262,1
133157,1
736378,1
655154,1
802510,1
67670,1
496359,0
473299,1
723204,1
294319,1
574734,2
930837,2
236711,1
387712,1
984054,1
238070,1
966380,1
449029,1
787639,1
622932,1
427175,1
95237,1
507945,1
646361,1
49645,1
153566,2
81652,0
953676,1
24778,0
733085,1
170235,1
353300,1
133418,1
7551,1
322658,1
42213,2
445263,1
328193,1
721022,1
142654,0
425265,1
58173,1
498290,1
585147,1
350275,1
787561,1
300904,1
653662,1
258047,1
833831,1
900380,2
904014,1
532585,1
392622,1
650384,1
77358,1
757241,1
109617,1
447933,1
97738,1
518981,1
1009156,1
463094,1
808109,1
348434,1
460697,1
58852,0
324777,1
949246,1
454504,1
99204,1
554460,1
298120,1
63209,0
304155,1
234038,1
285904,1
318891,1
455530,0
210007,1
633477,1
109877,1
928111,1
446488,1
245467,1
504391,1
936361,1
5018,1
838982,1
21779,1
647072,1
86183,1
728883,1
250799,1
36739,2
909176,1
874391,1
933355,1
683483,1
878649,1
969750,1
972046,1
759746,1
718877,1
760670,1
956899,0
259954,2
158219,2
606071,1
998974,1
520511,1
775355,1
261542,1
719812,0
427971,1
447555,1
512264,1
589022,1
231457,2
144638,1
361334,1
24749,1
67638,2
189271,1
16414,0
81597,1
219558,2
308584,1
258762,1
890393,2
133960,1
770460,1
892814,1
635068,1
510754,1
598608,1
484710,1
72078,1
722144,1
527396,1
290740,1
90232,1
718972,1
162289,2
903233,1
471495,0
180634,1
641665,2
822541,1
787172,1
71671,0
493268,0
700816,1
327743,1
482327,0
429809,1
544245,1
605254,1
743415,1
521699,0
607627,1
165505,1
350246,1
646497,1
638177,1
981716,1
330387,1
48981,1
317722,1
485520,1
557133,1
467847,2
173560,1
989525,1
551946,1
252393,2
316589,1
146119,1
30733,1
430634,0
424327,1
455017,1
906919,2
36027,1
1005824,1
948337,0
96025,1
480608,1
946038,1
798590,2
990589,1
494180,1
645973,2
52458,1
710022,1
38623,1
333724,1
952899,1
520911,1
356332,1
775094,1
762731,1
493866,1
652827,1
910321,1
384133,0
92854,1
411343,1
388607,1
809436,1
416957,1
32081,2
851435,1
233301,1
746490,1
980025,1
756215,1
13631,1
355805,1
735296,1
145936,2
440024,1
393410,1
697181,1
999689,1
253046,0
729224,1
7519,1
76115,2
139614,1
148410,1
707473,1
882778,2
748940,1
949044,1
681779,1
743220,1
346087,1
198790,1
546702,1
681885,1
47272,1
286695,1
957908,1
110075,1
147640,1
945367,2
353175,1
644705,1
58809,1
259639,1
333401,1
943662,1
1015320,1
629858,2
122722,1
168243,2
671464,1
76717,0
612940,1
610814,1
175922,2
881821,0
81678,1
114806,1
951663,1
122685,1
310697,2
123345,1
686596,0
28132,1
328234,1
156877,1
489788,1
209397,2
331506,1
425496,1
922645,1
612867,1
174507,1
536013,1
739513,1
864815,1
47852,1
195403,1
177171,1
423036,1
880501,1
35477,0
92627,0
875819,1
256922,1
993276,1
697233,1
255404,2
526986,1
445472,1
839381,1
1014767,1
240073,1
684635,1
843265,1
574495,1
156253,0
175683,2
642541,2
397061,1
24297,0
109624,1
381347,1
863061,1
84512,1
641397,1
25218,1
225670,0
500043,1
529945,1
89304,2
4329,1
323200,1
635574,2
300225,1
440897,1
756325,1
980902,2
944872,1
444262,2
309181,1
372055,1
473417,0
609027,0
1001754,2
681496,1
536020,1
699396,1
63971,2
22794,1
546467,1
179786,1
735814,1
874692,1
458731,1
540744,1
837369,2
751955,1
42095,2
124980,1
920863,1
940322,1
948201,1
767028,0
483933,1
790712,1
155351,1
627148,1
89494,0
938062,1
22952,1
124999,1
295466,0
541587,1
988362,1
438649,0
613839,1
117449,1
942650,1
187761,1
289812,1
245977,1
972167,2
854731,1
306645,1
156037,1
356394,1
863931,0
299877,1
514288,1
623690,0
980960,1
602608,1
268424,1
651646,1
358547,1
455453,1
630133,1
594079,1
911131,1
8592,1
225692,1
110868,0
139269,1
264413,1
37622,0
22020,0
82228,1
444659,1
364094,1
40622,1
138095,1
843005,1
188227,1
490056,0
270423,1
269076,1
58919,0
162333,1
716633,0
41083,1
579526,2
476500,1
232326,1
358312,1
416380,1
701677,1
437314,1
155135,1
410038,1
651301,2
904414,2
11460,1
858005,1
228556,1
292764,1
952183,1
531254,1
895134,1
222309,1
701578,1
625784,1
94375,1
168261,1
381453,1
922568,1
748672,1
21210,1
475499,1
579599,1
438568,1
568698,1
1015742,2
527378,1
496579,1
69544,1
435576,1
594394,1
978103,0
620332,1
274023,1
535504,1
687113,1
419196,0
791012,1
977160,1
568335,0
23571,1
853253,1
899361,2
253684,0
320212,1
258054,1
431305,1
926315,1
19152,1
985547,1
625487,1
222657,1
28150,2
314305,2
753447,1
942038,1
216126,1
664369,1
250748,1
240316,1
327350,2
736833,2
308926,1
244088,1
306803,2
807768,0
1001538,0
825298,1
939962,1
866350,1
365903,1
251822,1
233059,1
757528,0
54184,1
53965,0
286196,0
327549,1
645247,1
49311,1
774659,1
166513,1
125307,1
728348,1
795360,1
552752,1
975397,1
683263,1
403001,1
215565,1
394631,1
154428,1
769514,1
447698,1
714239,1
972350,1
871048,1
984777,0
818221,1
177616,1
216720,0
780816,1
825177,0
86866,1
919656,1
294568,1
454841,0
374347,1
981367,1
450603,1
582298,1
277510,0
540487,0
240507,1
518204,1
778662,1
419116,1
770028,1
768128,1
88149,0
587082,1
912642,0
1008735,1
538613,1
889120,1
574396,1
219451,1
626220,1
1016897,1
703433,1
747143,1
840978,1
641984,1
709105,1
703639,1
89319,1
344526,1
316530,1
182496,1
762096,1
501815,1
820477,1
868121,1
508418,1
518677,1
582980,1
312794,1
867036,1
986250,1
904898,1
604301,1
224967,1
260226,1
224123,1
768036,1
220134,2
375212,1
157430,1
657530,1
912293,1
767938,2
122542,1
461085,1
440776,1
438072,2
301897,1
973429,1
698377,1
978844,1
679406,1
324340,2
464165,1
976916,1
65027,1
699363,1
258304,1
837185,1
694443,2
341604,1
624512,1
673954,2
943204,1
37417,2
236803,1
878308,0
895729,1
174022,1
23612,2
168478,1
764876,1
291051,1
947255,2
310613,1
1000100,0
793281,1
966425,2
401696,1
905473,1
259507,1
786113,2
344500,0
747147,1
379700,0
971140,1
211154,1
756776,1
155546,1
202204,1
634797,1
716024,1
875561,1
16432,1
899831,2
306993,1
105565,1
678889,1
190820,1
84006,2
287227,1
760601,1
439525,1
192514,1
90559,1
185228,1
970510,1
626587,1
607153,1
270151,1
939449,0
990226,1
475367,1
268707,1
312042,1
822772,1
932329,1
65434,1
992264,1
931584,1
903288,1
283586,1
127367,1
761646,1
3100,1
259572,0
190314,1
647047,1
674977,1
690876,1
373595,2
970639,1
1005578,1
428301,2
709817,2
106849,1
730893,1
671497,1
171030,1
640121,1
690212,2
974187,1
143570,1
822970,1
709439,1
180586,1
950280,1
502199,1
902841,1
634838,1
89308,2
432962,2
600352,1
988975,1
686435,1
276935,1
128665,1
687227,0
777760,1
511186,1
821779,2
900902,1
973645,1
935632,1
135643,1
321136,1
764050,1
537025,1
633693,1
258953,1
347693,1
481443,0
796116,2
446118,1
472317,1
148090,0
313292,1
927165,1
1002663,1
276568,1
74494,1
867285,1
647780,1
184139,1
313689,1
258230,1
10698,1
170914,1
641045,0
446668,1
601005,1
968401,1
531096,1
237488,1
265890,1
179500,1
808329,2
625623,1
962649,0
395438,1
234294,1
541918,1
874355,1
869937,1
110790,1
812997,1
347419,1
527756,1
865911,1
34513,1
381981,1
106159,2
902151,1
746557,1
726717,1
1001248,1
156044,1
163147,0
113485,1
888431,1
577616,1
702175,1
264824,1
552408,1
166186,1
955362,1
518659,1
1014709,1
867700,0
715717,2
520423,1
143798,1
456362,1
275596,0
360920,1
555171,1
672678,1
515807,1
570954,1
770893,1
976970,1
866736,0
730552,1
850445,1
164881,1
473277,1
825162,1
465221,1
992774,1
359056,1
478917,1
27054,1
861933,1
12263,1
301398,0
469221,1
112789,1
802796,1
443830,1
81047,1
899226,1
193382,1
917801,1
687535,1
505433,1
45018,0
136952,0
385318,1
282790,1
898713,1
680275,1
170763,1
125875,1
791133,1
569226,0
988564,1
798705,1
950974,1
396024,1
357641,1
879367,1
616672,1
224619,1
591205,0
199535,0
261395,1
871635,1
542746,1
974664,1
51464,0
876096,1
295040,1
873985,1
343011,1
642219,1
1008210,1
705567,1
979012,1
479606,1
446095,1
733948,1
735821,1
248279,1
368829,0
634122,1
947222,1
487764,1
50203,1
968706,1
472489,1
817855,2
190545,1
212885,1
740207,1
926014,1
283616,1
545158,2
732051,1
144047,1
671060,0
579988,1
164919,1
488288,1
425984,2
130202,1
276788,1
581932,1
571317,1
147622,1
932648,1
253303,1
307400,2
753704,1
863670,1
73864,1
971636,0
989448,1
873192,2
315041,1
212140,1
845807,1
133568,1
237213,1
702351,0
259451,1
423285,1
645144,1
886055,1
293325,0
615055,2
388470,1
330684,1
370082,1
958556,0
239633,1
442345,1
922160,1
974194,1
417499,2
961879,1
542625,0
545994,1
895105,1
288110,1
783338,1
290586,1
370156,1
662323,1
47728,1
37086,1
132655,1
772752,1
949550,1
351782,1
140142,1
90647,1
826985,1
296250,1
541165,1
163693,1
1015030,1
541088,1
815967,2
92887,1
717715,2
360175,0
653428,1
936688,1
40648,2
539049,0
796347,1
319115,1
250366,0
436526,2
378695,1
785817,0
115971,1
461533,1
923220,1
1016482,1
482990,1
603377,0
252830,1
782861,1
899413,1
233862,1
102313,1
200275,1
573432,1
346461,1
987046,2
430351,2
256812,1
395085,1
673242,1
460822,1
783994,1
389424,1
708382,1
765587,1
931416,1
811996,1
650047,1
941884,1
210869,1
237341,0
176817,1
515171,1
955711,1
698605,1
760472,2
51130,1
196172,1
5861,1
394495,1
97271,2
253071,1
955759,0
167293,1
356839,1
702539,2
227023,1
898122,1
860620,1
849395,1
492425,1
760656,1
855868,1
966186,1
404938,1
31297,1
25195,1
83511,1
317373,1
47199,1
939661,1
536185,1
664813,1
17484,1
769943,1
747080,2
501965,1
640257,1
406642,1
146290,0
475411,1
447966,1
622293,1
412003,1
5623,1
186797,1
86231,1
916808,0
223229,0
816355,1
840303,1
804486,1
420657,2
364865,1
554028,1
172280,1
758408,1
812106,1
814584,1
101488,1
563448,1
394400,2
482154,1
454346,2
851860,0
309790,1
174352,1
480068,1
169743,1
200947,2
827337,1
258887,1
507215,1
614692,0
283546,1
722690,1
562278,1
136680,2
869908,1
74289,1
127811,1
227427,1
672461,1
660167,0
346818,1
416777,1
173847,1
463814,1
136581,1
629964,1
309574,0
273073,1
482444,1
930242,1
994369,1
835084,1
406774,0
5399,1
478894,1
457077,0
119142,1
956301,1
787293,2
174914,1
592349,0
234357,1
402323,1
903174,1
585015,1
694025,1
205254,0
893987,1
909613,1
789497,1
213516,1
963628,1
395735,1
956554,1
356273,1
268086,1
426192,1
227027,1
489502,1
267049,1
139702,1
638489,1
815053,1
124908,1
22398,1
580825,2
202189,1
198901,1
592099,1
136842,0
19648,1
49483,1
552716,0
50591,0
471709,1
18548,1
739359,2
495684,1
511601,1
609647,1
182320,1
290829,1
416759,1
145206,1
747565,1
700870,1
195762,1
6099,1
866615,2
1001486,1
23513,1
840141,1
521372,1
845054,1
76441,0
371670,1
775865,1
6745,1
312721,1
181103,1
514255,1
446767,2
60921,2
231446,1
944681,1
101293,1
19985,1
690641,1
918695,1
74454,1
133223,2
289089,1
149121,1
514266,1
359595,1
70942,1
260589,1
671468,1
487977,1
86213,1
192073,1
334497,1
714529,1
242123,1
244026,1
62222,1
930572,0
1000580,1
269795,1
12050,1
481120,1
45906,1
175393,0
517731,1
204352,0
492894,1
463483,1
213736,2
941682,1
889337,1
916558,1
544579,1
367967,1
778640,1
860961,1
142739,1
270962,1
800178,0
283773,0
244066,1
830454,1
409234,2
621513,0
323361,1
523264,1
532989,1
812612,1
938653,1
684118,1
606244,2
638276,1
475073,1
833369,1
178411,0
834865,1
822468,1
623661,1
31172,1
684503,1
766155,1
811563,1
778747,1
932284,1
592183,1
751496,1
492689,1
948087,1
575210,1
622983,1
786917,1
283384,1
1005758,1
931430,1
561912,1
828833,1
586540,1
860983,1
837475,1
204617,1
457411,2
950523,1
48985,1
583082,1
80718,2
455970,1
395690,0
719393,1
392916,1
437839,2
966274,2
585741,1
820198,1
577054,1
399203,2
600583,1
380247,1
308713,1
819255,2
951780,0
108498,1
153669,1
94188,0
226448,1
889645,1
682589,1
199946,1
889836,1
230966,1
881230,1
254205,1
780838,1
501462,1
240785,1
50955,0
441564,0
756743,1
377672,1
991131,1
852586,1
43331,1
901785,1
422035,1
677466,1
395412,1
860543,1
792567,1
931973,1
667775,1
613222,1
546757,1
141154,1
1011922,1
673132,1
44596,1
686284,1
240514,0
553430,1
644491,2
106580,1
488460,2
927961,1
838340,1
293813,1
503581,1
52447,2
232120,1
241324,1
231563,1
525116,1
662543,1
164870,2
231219,1
699543,1
273862,1
535221,0
858690,1
31110,1
635996,2
346425,1
681427,2
836793,1
319218,1
440046,1
109426,1
660068,1
351188,1
620435,1
1001035,1
418508,1
692995,1
862754,1
213057,1
604088,1
574084,1
257691,1
931944,1
381651,1
948630,1
298656,1
627195,1
60819,1
71525,1
187431,1
690971,2
550505,1
955157,0
684392,0
954435,1
766544,1
573821,2
642680,0
892821,1
302609,2
650425,1
959784,1
939078,1
253707,1
423597,1
769165,1
855226,0
183219,1
714785,0
560863,1
1008081,2
844497,1
288855,1
960618,2
25339,1
251301,1
853819,1
597016,1
578341,1
51266,1
307851,1
453051,1
625179,2
152154,1
771858,1
286754,2
523796,1
850573,1
421940,1
980601,1
58339,1
236832,1
1007723,1
704166,1
602871,0
968269,1
640246,2
659158,2
465955,1
485829,2
271538,1
404802,1
619990,1
568892,1
820547,1
405263,1
639974,1
412964,1
558318,1
860037,1
38384,1
600011,1
222415,1
899574,1
419013,1
715643,1
1014815,2
375788,1
789956,1
874322,1
257413,0
783925,1
771634,1
410610,1
871136,1
177366,1
524988,1
390873,1
772011,1
832317,1
179764,1
40615,1
901749,1
166029,1
930925,1
789013,0
543174,0
396640,1
506254,1
202046,1
631703,1
758943,1
504854,1
605577,1
657079,1
528199,1
361019,1
834627,0
868925,2
704683,1
8978,1
198974,1
91075,1
949378,1
726137,1
852924,0
181664,1
91299,1
137142,1
823887,1
830157,1
389974,1
201665,0
338486,1
887416,2
621850,1
838348,1
874814,1
66604,0
418412,1
292177,0
349721,1
400417,1
5436,1
891857,1
755298,1
769433,2
863791,1
325327,2
769132,2
124364,1
777892,1
576615,1
204440,1
386333,1
29797,1
867083,1
993867,1
380584,1
538811,1
96498,1
857048,1
508043,1
519564,1
285643,2
436654,1
633877,1
146698,0
497958,1
943028,1
369484,1
672810,1
207403,1
514123,0
556161,2
305365,2
888394,1
996958,1
595256,1
520746,1
445704,1
729833,1
75132,2
551007,1
46488,0
807173,1
760135,2
346612,1
872221,1
426181,1
616074,1
19013,0
24473,1
1013076,2
191704,1
300665,1
392192,1
376697,1
384746,1
318848,2
971210,1
167019,0
566652,0
326966,1
967051,1
107864,1
505150,1
914556,1
919546,0
489506,2
64705,2
718114,1
433295,1
285625,1
735601,1
110828,0
990042,1
392835,0
604884,1
505426,1
329312,1
484291,1
297761,1
872599,1
206273,1
254784,1
556008,1
900568,1
693545,2
266745,1
927202,1
301743,2
323842,1
83782,1
73068,1
490005,0
644767,1
462806,1
395272,1
792446,1
342348,1
128078,1
728788,1
792916,2
958783,2
194453,2
278896,1
203968,1
405380,1
195517,1
506669,1
715838,1
91123,1
734299,2
53352,1
326180,1
194839,1
289379,2
621193,1
609298,1
69430,1
726647,1
899284,1
705945,1
447878,1
425823,1
42150,1
33192,1
820026,1
992657,1
879345,2
626121,2
999139,2
443793,1
321312,1
993526,1
751195,1
366577,1
216232,1
825430,1
716949,1
931210,1
719683,1
307415,0
1000731,1
758190,1
792747,0
790756,0
557636,0
357890,1
558820,1
406899,1
620677,1
38487,1
908678,2
813004,0
930781,1
714620,1
24040,2
594417,0
203168,1
988223,1
504384,1
627926,0
910112,1
764146,1
875345,1
555391,1
760814,1
102328,1
428646,1
340423,1
804743,1
618429,0
740298,1
269975,1
640282,0
50771,2
992682,1
392057,1
198699,1
253402,1
505815,1
775340,1
802770,1
206105,1
357403,0
980425,1
364304,1
448567,1
715566,1
108476,1
872225,1
398675,1
731582,1
988450,1
348739,1
133502,2
531841,1
506089,1
942771,1
24808,1
941488,1
285416,0
552646,1
561358,1
57433,1
967877,1
993603,1
517119,1
43870,1
594057,1
394044,1
36485,1
181880,1
349592,1
798444,0
841094,1
527569,1
388191,1
372907,2
309534,2
506591,1
454294,1
80020,1
408574,1
509026,1
774633,1
1002128,1
316703,1
650696,1
729657,1
693666,1
935933,1
640293,1
303587,1
244305,1
695529,1
426967,1
49487,1
19589,1
541114,1
238764,1
342759,1
211305,0
838366,1
713418,1
15369,1
402048,0
655961,1
783921,1
946922,1
17239,1
746216,1
933917,1
491262,1
278368,1
722438,1
989176,1
737999,1
224622,1
636065,1
929013,1
228134,1
103882,1
107170,1
1004155,1
664189,0
882525,1
516561,1
949316,1
285672,1
966733,1
256636,2
580986,1
890122,1
204495,1
906551,1
616430,1
181330,1
587417,1
350103,1
164731,1
901628,1
2066,1
56157,1
170132,1
391515,1
237129,1
237745,1
929097,1
275079,1
558710,1
678881,1
810393,1
573913,1
79613,1
678276,1
167169,1
728245,2
18258,1
171672,1
829166,1
537678,1
311739,1
52483,1
478256,1
551571,1
178987,2
231394,1
447690,1
543949,1
625821,2
291183,1
508681,1
920287,0
245955,1
205052,1
198174,1
780973,1
800596,1
243722,1
346201,1
691815,1
225069,1
910101,1
502665,1
463795,0
482495,1
587695,0
414265,1
633943,1
873512,1
728649,1
108018,2
64851,1
191175,1
999021,1
75972,2
679549,1
443629,1
128995,1
636883,1
807533,1
69823,0
784955,1
173861,2
949554,0
84424,1
13345,1
250007,1
425911,0
302263,1
915685,1
186078,1
392138,1
341486,2
889472,1
415721,1
430205,1
431781,1
914761,1
558109,1
687304,2
903060,1
1008445,1
791919,1
198868,1
810555,1
298238,1
986504,1
809836,2
323567,1
58870,1
354741,1
246772,1
316295,1
449223,1
317582,1
468349,1
547912,1
859369,0
278371,1
856913,1
394480,2
400075,1
122135,1
566506,2
954633,1
714716,2
952246,1
132215,2
93404,2
761103,1
709497,0
845029,1
488970,1
845755,1
674830,1
776972,1
553991,1
589877,1
87625,1
582816,1
180201,1
323291,2
143406,1
595528,1
583486,1
401924,1
215602,1
876049,1
805043,1
758701,1
537061,1
179317,1
651327,1
141055,1
766089,1
4747,1
924951,1
33453,1
331597,1
640466,2
909756,1
191065,1
778523,1
477516,1
498911,1
632032,1
832768,1
857884,1
761628,2
953515,1
338453,1
446312,1
221113,1
883951,0
761822,1
149480,1
624509,1
986434,1
888714,1
1004137,1
209683,0
287083,1
164603,1
776594,1
788214,1
341101,1
17374,1
878601,2
242097,1
941888,1
719533,2
83038,1
95064,2
252566,1
857774,1
68202,1
943468,1
779069,1
704636,1
976596,2
619301,1
655231,1
717421,1
699440,0
331106,1
895747,1
546676,1
746285,1
197379,1
832845,1
359841,1
425335,1
799632,1
764582,1
55431,1
533674,1
525457,1
998075,2
558857,1
639523,0
148216,1
315713,1
485513,1
868103,2
166160,1
556936,0
1007815,1
80479,1
967987,1
942496,1
229652,2
555043,1
200903,1
571731,1
85681,1
78153,1
244811,1
533762,1
531203,1
151193,1
388247,1
742542,1
302692,2
454005,2
469948,1
382612,2
766991,1
623632,1
999090,2
892638,1
638849,1
845157,1
456722,0
2884,1
274357,1
925035,1
420400,1
796020,1
786818,1
824723,1
330802,2
427076,1
348298,1
476797,1
720726,1
644480,1
830506,1
839370,1
905851,1
464569,1
429126,1
692603,1
426981,1
374006,1
393160,2
680158,1
341310,0
399485,1
467696,1
1986,1
123792,1
919784,0
179049,1
310,1
604569,1
37765,1
648433,1
142823,2
32166,0
350815,1
524100,2
131401,1
500634,1
499350,1
733177,1
635974,1
101374,1
655990,0
885106,1
468129,1
116844,1
760025,1
140025,1
994585,1
636102,1
709831,1
880406,1
690384,2
573391,1
55549,0
45762,0
387657,1
259059,2
916026,1
765800,2
169053,1
387004,1
27425,2
673606,1
743316,1
1015049,1
808354,1
38238,2
337397,1
307682,1
693952,1
478292,1
306139,2
907042,1
207128,1
131339,1
457550,0
138796,1
429768,1
35826,1
448453,0
597742,1
694568,1
718521,0
370651,1
178352,1
464653,1
142809,1
628831,1
981305,2
331348,1
148971,0
64598,1
624530,1
399001,1
1012101,1
210634,1
470355,1
120492,0
126032,2
641489,1
50250,1
356208,1
94250,1
212438,1
638823,1
864884,1
900186,1
398910,0
899912,1
444901,1
660152,1
45568,1
978866,1
439253,1
447801,1
903981,1
548047,1
133957,1
278809,1
993706,1
319991,1
221186,1
539632,1
823186,1
74043,1
156055,2
519692,1
451967,1
455020,1
939874,1
831026,1
304078,2
281456,1
84097,0
520119,1
658869,1
812403,1
806110,1
75907,1
504957,1
428389,1
580454,1
859086,1
153511,1
728175,1
517977,1
440127,1
693989,1
62567,1
291242,1
577663,1
886172,2
488189,1
103442,2
79866,1
164849,1
338879,1
197661,1
504366,2
951308,1
767923,1
941738,1
290304,1
876816,1
368928,1
341211,1
524805,1
629773,1
897198,0
251312,1
63182,1
272814,1
738493,1
815794,1
363167,2
912224,1
792262,1
539551,1
470281,1
660721,2
851893,1
862956,1
180153,1
593140,1
759067,1
347932,0
470315,1
426068,1
487922,1
537539,1
254902,1
770402,1
262587,1
849223,1
546456,0
486,1
282556,1
24572,1
424822,2
808714,0
675655,1
663977,1
235365,1
491442,1
671295,1
790859,0
846055,2
484060,2
958817,2
757018,1
98760,1
643634,0
806815,1
712879,1
431734,1
203719,1
268196,1
1887,1
267519,1
440512,1
916426,1
494904,1
905433,1
267973,1
961875,1
496906,1
668754,2
660835,0
88523,1
221799,0
962513,1
369800,1
359409,1
992811,1
849678,1
916565,1
585323,1
789860,1
242376,1
157919,1
417972,1
215370,0
996491,0
406536,1
229098,1
271729,1
77589,1
304698,2
733566,1
741413,1
271332,1
839576,0
892087,1
964409,1
377272,0
731421,1
496326,1
535412,1
1015133,1
502386,0
559762,1
433541,1
963217,1
756442,1
1015838,1
410375,1
639857,1
777845,0
490001,1
847276,1
821463,1
610807,1
794051,0
683517,1
613310,1
916969,0
435327,1
177083,1
1002227,1
604330,1
706931,1
724818,1
298814,2
671592,0
323633,1
499552,1
82583,1
4758,1
709691,1
771065,0
186122,2
81872,0
907619,2
765884,1
771429,0
382425,1
130943,1
475400,1
255576,1
891538,2
376598,1
990329,1
722669,1
240705,0
150626,1
772297,1
730909,1
184263,1
12964,0
157870,1
168247,1
1014907,1
831040,1
94272,1
496267,1
181969,1
168119,1
952008,1
426439,1
607135,1
806037,2
983233,1
1003037,1
61283,2
243645,0
720414,1
114604,1
219165,0
222499,1
971508,1
563936,1
692658,1
944443,0
26318,2
15978,1
53183,1
311760,1
707961,1
129082,1
312655,1
640459,1
835536,1
770934,1
311070,2
761851,1
230614,2
7232,1
585727,1
57572,1
420091,1
878061,1
602170,1
591384,1
97749,1
479040,2
753609,1
719412,1
957001,0
584025,1
304159,1
407793,1
776480,1
435811,1
405586,0
112961,1
405847,1
202798,1
320168,1
597148,1
531137,1
369260,1
432467,1
908182,1
620974,1
251048,1
53334,0
884068,2
994747,1
26637,2
571999,1
576394,1
650249,1
19178,2
402598,1
723622,1
909503,1
716497,1
216207,2
220703,0
123356,1
899138,1
943644,1
577993,1
1005985,1
48284,1
862802,1
496029,1
676355,1
1006755,1
832760,1
582856,1
242523,1
885160,1
498379,1
852124,1
539133,1
150743,1
360230,1
498559,2
294193,2
989132,1
786663,0
136981,0
861702,1
711203,1
688161,1
421485,2
991087,1
807892,1
899420,1
326166,1
741707,1
579595,0
591564,0
644756,1
251338,1
682820,1
122663,1
361587,1
742520,0
217208,1
810137,1
346939,1
739825,1
957618,0
140575,0
45528,1
174558,2
940854,1
424709,1
28808,1
491248,2
353887,1
746861,1
403588,1
439044,1
170239,0
903428,1
527880,1
587622,1
125703,1
787206,1
49609,1
141048,2
455615,1
451024,1
864121,1
586104,0
350088,1
84259,1
945473,0
762474,1
664101,2
545851,1
641742,2
209074,1
691118,1
138598,1
150790,1
607656,1
806055,0
722775,1
1007639,1
860884,0
889359,1
416241,1
677851,1
984087,2
798015,1
891471,1
126333,1
5359,1
948579,1
338585,1
487045,1
793715,1
461768,1
931665,1
338086,1
542874,1
298263,1
357656,1
154486,0
485777,1
276872,1
602530,2
420293,1
866970,1
399261,1
301846,1
241555,1
1005325,1
104528,1
959447,1
809421,1
542775,1
779432,1
748481,2
155193,1
160049,1
884237,0
52443,1
1002281,0
116066,1
49337,1
718084,2
49164,0
972082,0
281746,2
117261,1
536574,1
234276,2
581033,1
39147,1
359452,1
180380,1
415398,0
455097,1
598170,1
458184,1
237727,1
772910,0
1005486,1
1011805,1
263063,1
891497,1
540894,1
397472,1
145914,2
258179,1
151186,1
196327,1
517283,1
258799,0
530392,1
880127,1
505767,1
267306,1
73619,1
579067,2
561237,0
843610,1
378479,1
430472,1
236429,1
644268,1
533854,1
275101,1
419486,1
99501,1
271314,1
396394,1
790220,2
234731,1
347918,1
149943,1
947967,2
571591,1
443302,1
450519,1
792509,1
291415,1
474971,2
548498,0
570,1
877608,1
786641,2
740801,1
961626,1
327871,1
384908,1
364249,1
972879,1
857099,1
318400,1
244129,1
541480,1
627717,2
489256,1
302869,1
26251,1
998662,1
315702,2
494911,0
598354,1
376990,1
187640,1
737441,2
711812,1
493848,1
318819,1
311342,1
80303,1
246420,1
352060,0
78337,0
630371,0
29397,1
914549,1
667801,1
334516,1
89296,2
224086,1
304496,1
660530,1
690168,1
259026,1
804820,1
505954,1
226833,1
77563,1
716109,0
46451,1
254924,1
475987,1
51615,1
791540,1
971672,2
822453,1
1008254,1
52487,0
271237,1
549055,1
123734,1
278878,1
211224,1
530091,1
536989,1
778064,1
842976,1
632300,1
67333,0
1001336,1
110446,1
771993,1
42477,1
971588,1
1002043,1
36137,1
370424,1
1012581,1
501118,0
171665,1
1009064,1
193717,2
356130,1
927084,1
102805,1
52883,1
656272,1
147927,1
675567,1
406451,1
805366,1
191506,1
619693,1
911391,0
675556,0
257666,1
950215,1
39088,2
850027,0
579955,0
692401,1
625069,0
921141,1
716817,1
766977,1
342586,1
993548,1
479488,0
808255,1
538312,1
678823,1
321176,1
889241,1
600389,2
188586,1
280709,1
36940,1
980689,1
301060,1
890713,1
408857,1
6235,1
911993,1
661814,1
499093,0
603719,1
462952,1
87009,1
308995,1
230991,1
51523,1
184230,2
759236,1
675303,2
127679,1
966652,1
300852,1
612290,1
57341,1
514688,1
535779,1
762566,1
860679,1
469827,1
410694,0
200994,1
569174,1
20976,1
337870,0
250935,1
992990,1
961192,1
581392,2
894445,1
284396,1
328296,1
369543,1
579298,1
197544,2
722661,1
631967,1
358590,1
434795,2
801472,1
436658,1
808237,1
134136,1
218010,1
814203,1
274636,2
712662,1
541455,1
4637,1
975665,2
782917,1
400280,1
562157,2
981011,1
976930,0
390590,1
974415,2
908414,1
253985,1
548777,1
647539,1
755001,1
40453,0
783004,1
817059,1
604037,1
311607,2
59912,1
286769,0
141606,1
473006,1
118581,2
699969,1
789790,1
586915,1
1009042,2
232968,1
1005068,1
266253,1
34568,1
996789,2
731326,1
814360,1
971474,1
715973,1
415512,1
299301,1
371883,1
747260,1
116286,1
854922,1
225913,1
304580,1
577861,1
600396,2
967349,1
1016501,1
970143,1
242743,1
560005,1
750484,1
435404,1
41890,1
535889,2
634089,1
630966,1
678173,1
997423,1
892025,0
347158,1
50588,1
845674,1
482202,1
708225,1
581246,1
521879,1
202376,1
832038,1
622389,2
28958,1
937212,1
692254,1
828091,1
771304,0
82459,1
45755,1
19431,1
38175,0
968896,1
38120,1
976079,1
446462,1
592275,1
103552,1
988935,1
874090,1
406349,1
356516,1
306025,1
39275,1
526337,1
31730,1
1001024,1
946566,1
83258,1
353399,1
419909,1
351823,1
511517,1
967891,0
315504,1
382605,1
28792,1
538459,1
551432,1
575115,1
697626,1
932170,1
768197,1
835796,1
147325,1
497965,1
118446,2
482040,1
807841,1
338284,1
428554,1
819417,1
148476,2
446473,1
128537,1
686505,1
83900,1
193100,1
273080,2
390947,1
522098,1
555421,1
492465,0
266242,2
493022,1
840992,1
502926,1
721503,1
594677,1
576923,1
672094,1
564371,1
502313,2
696342,1
452223,1
919528,1
778592,1
362955,1
455358,1
719184,1
729260,2
227151,1
926333,0
407386,1
356600,1
51200,1
1016185,1
182203,0
771043,1
57918,1
963756,0
514428,1
901646,1
907743,1
1010419,1
34777,1
207142,1
171735,1
211701,1
275471,1
343286,1
221689,1
445300,1
119186,1
840534,1
570675,1
710910,2
315900,1
977887,1
446323,1
375098,1
17958,1
90698,1
472812,0
351272,1
514747,1
181998,1
421364,1
690160,1
560812,2
275860,2
769488,1
868297,1
358091,1
433864,1
352783,1
63432,1
442936,1
823564,1
252834,1
833916,1
121871,1
586724,1
479419,1
220181,1
853466,1
208705,1
418397,1
982379,1
495703,1
284518,1
186618,1
891435,1
393571,1
1003914,1
98966,1
213758,0
880835,2
486503,1
99082,1
842590,1
248862,2
506665,1
381956,0
830575,0
446330,0
51927,1
484754,1
554585,1
915575,2
132303,1
465302,1
75224,2
456931,1
39822,1
285926,1
247238,1
959898,1
797102,2
155087,1
328773,1
704342,1
578,1
750628,1
175504,1
24309,1
9380,1
393098,1
682079,1
188450,1
203043,1
309923,1
177906,1
785534,0
69423,1
670162,1
998303,1
821690,1
634324,0
889102,1
613651,1
681052,1
756563,1
62875,1
34894,1
290571,1
623195,1
462262,1
164647,1
554626,1
553188,1
971991,1
743396,2
948131,1
98735,1
847658,1
641672,1
115182,1
93451,1
561992,1
616126,1
273932,1
598109,1
968834,1
754466,1
118303,1
111733,1
588043,1
675266,1
999443,1
84134,1
940575,1
554244,1
214245,1
678940,1
446727,1
865016,1
321110,2
31118,0
356608,1
144193,0
292188,1
595564,1
222228,1
966719,1
989172,1
974826,1
645911,0
237606,1
259884,1
452216,1
561817,2
225971,1
295437,1
565684,1
74890,1
808509,1
934624,1
245702,1
24103,1
312949,1
230515,0
904939,1
527411,1
597519,1
62772,1
382333,0
156686,1
606424,1
587864,1
909051,1
792170,1
871521,0
374622,0
214894,1
357814,0
80662,2
285632,1
460682,0
549660,0
17547,1
785336,1
787147,1
507442,1
30663,1
162377,2
682222,0
339388,1
416355,1
143952,1
341512,1
828859,1
121130,1
736929,1
201739,2
958790,1
476559,1
683979,2
767390,2
676175,1
541631,2
60657,0
53895,1
652834,1
459806,0
698395,1
290847,1
611712,2
524878,1
184773,1
583295,1
697556,1
705017,1
40237,1
666891,1
548939,1
157706,1
692115,1
1017304,1
973858,2
717890,1
371997,2
726919,1
436188,1
308427,1
283267,1
414449,1
860822,2
336866,1
564063,1
325679,1
717535,1
830230,0
352170,1
527660,2
328517,1
143802,1
930129,0
847096,1
276209,1
104986,1
401494,1
779340,1
395595,1
800909,1
96993,1
24187,1
314837,1
869830,1
655312,0
298234,0
854933,1
510996,1
64484,1
901165,1
103413,1
555517,1
875598,1
771571,1
822909,1
209449,1
494210,1
327556,1
948740,1
512165,1
970808,1
271031,1
873259,1
895299,1
86932,1
427869,1
650135,1
829474,1
877527,1
1009343,1
350235,0
711009,1
810504,0
863227,1
428738,2
853352,1
933630,1
61335,1
934903,1
683579,1
433442,1
95648,0
262352,1
934363,1
639680,1
690865,1
620299,1
933359,1
447551,1
1013883,1
548337,0
862882,2
852799,1
157760,1
571009,1
270049,1
831525,2
29690,1
827986,1
308955,1
988568,1
750190,0
772268,1
512642,1
754693,2
113797,1
746575,1
311261,2
512154,1
474124,1
458720,1
352013,1
262888,1
808769,1
124922,1
261472,1
969549,1
811262,2
402741,0
883702,1
469034,2
851406,1
365741,1
340526,1
955708,1
283582,0
696401,1
88981,1
36243,1
36915,1
496043,1
706979,0
238250,1
275428,1
10214,1
43386,1
282068,1
408039,1
1001372,1
98115,1
41748,1
759889,1
822941,1
862031,1
493781,1
193632,2
809029,1
851138,1
127293,1
525215,1
70759,1
755140,1
923462,1
64415,1
878935,1
749295,1
357289,1
591825,1
946423,1
155887,1
303590,0
114927,1
440589,1
591168,1
145022,1
855482,1
327666,1
853455,1
946647,0
173083,1
198934,1
966494,1
991616,1
527712,1
748092,0
874920,1
8842,0
801560,1
1013751,1
986849,1
859941,1
576754,1
292603,1
949565,1
504689,1
477581,0
77042,1
916547,1
14045,1
910648,1
108656,1
778644,1
551979,1
96399,2
722012,1
206592,1
283410,1
92821,1
253075,1
294113,1
591285,1
407104,1
788540,1
796905,1
900836,2
665429,1
103703,1
486275,1
697134,0
716387,1
132563,2
879543,0
810489,0
474209,1
657758,1
532901,1
60947,1
223306,1
336129,1
301729,1
543031,1
445234,1
472508,1
912114,1
72041,1
958776,1
65269,1
627328,2
208480,1
893965,1
254292,0
1002469,1
94603,1
319328,2
912756,1
565435,1
408765,1
445917,1
732686,1
336176,0
579577,1
803364,1
704849,1
613453,1
823238,1
685702,1
906269,1
180704,1
781141,2
715261,1
407067,1
778248,1
451648,1
325859,1
451813,1
533432,2
267944,1
787132,1
998596,1
58629,1
430164,1
1000551,1
158251,0
307037,1
488156,1
813150,1
531038,1
415075,0
449920,1
256294,1
37516,1
600811,1
938462,1
318961,1
344742,1
187839,2
1009981,1
229304,1
679116,1
771520,1
398510,1
190743,1
583578,1
487731,1
412568,1
232036,2
380908,1
453899,2
318408,2
694571,1
421203,1
136318,1
338497,1
769019,1
356082,1
589910,2
885627,1
163590,1
560779,2
610436,1
49069,1
325275,1
809924,1
184883,1
57811,1
540890,1
196723,1
351416,2
1007309,1
610160,1
96627,1
885638,1
769408,1
806770,1
693527,1
539265,1
809502,1
54005,2
594354,1
863304,1
762533,1
319588,1
320726,1
106034,1
801252,1
660897,1
486907,1
885164,2
169893,1
400237,2
3074,1
105521,1
167877,1
944476,1
457587,1
676270,1
422464,1
509598,1
322441,1
663456,1
956639,1
97,1
714653,1
785626,1
112738,1
495196,2
499512,0
686736,1
473655,2
159971,1
395580,1
327651,1
889524,1
119227,0
736514,0
305952,1
576909,1
885395,1
663375,1
915399,1
237705,1
1001974,1
5960,1
455747,1
334875,1
270177,1
258692,1
329015,0
600826,1
491538,1
237617,1
178565,2
578785,1
254399,1
972093,1
139669,1
969479,1
163936,1
866608,1
1014129,1
912132,1
259657,1
173630,1
955630,1
198662,1
283087,1
40336,0
470685,0
256452,2
216988,1
400222,1
516925,1
844127,1
339575,1
573326,1
928625,0
581099,1
824855,1
191560,1
111524,1
984861,1
991506,0
494232,1
972541,1
89854,1
271516,1
541396,1
763680,1
470348,0
754606,2
861559,1
170514,1
618913,1
99431,1
240132,0
527891,1
351100,1
584171,1
381626,1
906313,1
486815,1
371579,1
386821,2
709189,1
450001,0
254609,1
774280,2
113827,1
664860,1
342663,1
650186,1
308962,1
290733,1
505172,1
656511,1
782759,1
216049,1
616683,1
623438,1
307073,1
983831,1
499974,1
121563,1
964089,1
93062,1
78391,1
184407,1
76991,1
671662,1
548490,1
120720,1
482705,1
775928,1
133311,1
583927,1
914181,1
792989,1
857161,2
122065,1
973359,1
663496,1
247285,1
34227,1
336990,1
751522,1
11600,1
725231,0
492942,1
382076,1
794480,1
336316,1
48390,1
131159,1
298029,1
284961,2
852762,1
642703,1
437608,1
248000,2
156671,1
585561,1
692944,1
313131,2
209867,1
43823,1
225227,1
31583,1
820785,1
503552,1
457811,1
105367,1
734288,1
138004,1
896418,1
884347,0
504535,1
301116,1
369749,1
910343,1
887959,1
677792,1
717678,1
53279,1
207069,0
865511,0
152022,1
58515,0
732781,1
80424,1
764711,1
490694,1
551869,1
415255,1
453444,2
96117,1
461870,1
568078,1
678368,1
916554,1
235798,1
320201,2
435888,0
389912,1
998655,0
893448,1
263870,1
943307,1
627544,1
665513,1
594574,1
820132,1
824143,1
685229,1
256757,1
734673,1
996550,1
360630,1
568805,2
1014048,1
946801,1
158703,1
552907,1
885461,1
140476,0
654021,1
773393,1
981907,1
809377,1
1014466,1
124500,1
376972,2
793762,1
628329,1
364957,1
586669,1
347774,1
474762,1
799360,1
904391,1
897639,1
233987,1
911829,1
816263,1
235901,2
945161,1
229946,1
261010,1
488013,1
969930,1
658065,1
809678,1
719430,0
743381,1
985110,1
487797,2
359919,1
887067,1
267742,1
166270,1
9825,1
785604,1
73365,1
425999,1
623782,1
668967,1
486239,1
178789,0
279707,1
962939,2
381828,1
139159,2
805069,1
561828,1
182243,1
126391,1
772073,1
764421,1
287142,1
675871,1
81586,0
588906,1
241038,1
222510,1
70560,2
971519,1
628952,2
17419,1
430061,1
603234,1
480589,2
171225,1
409810,1
294850,1
554493,1
411112,1
473541,1
415325,1
958611,1
287333,1
540410,0
262792,1
143314,0
133726,2
609874,1
563495,0
1013696,1
841263,1
289225,1
962447,2
291062,1
801069,1
261539,1
732499,1
473420,0
497620,1
23429,1
261832,1
28194,1
192521,1
278092,1
1006928,1
756361,0
729792,1
843812,1
993515,1
812267,2
314367,1
799229,1
511403,1
292342,1
844640,1
356152,0
4020,1
277617,1
42455,1
629755,1
104274,1
986713,1
217086,1
663243,1
282747,1
739803,1
1001824,1
558886,1
922429,1
880655,1
727200,1
893257,1
271273,1
110512,1
480222,1
234085,2
84541,1
890052,1
267966,1
191120,1
217240,1
261935,1
953937,1
85227,1
485861,1
45021,1
484259,1
89582,2
619653,1
677190,1
720645,0
628064,1
416285,1
451592,1
871440,1
282130,0
86451,1
996987,1
560856,0
607425,1
807306,1
710723,1
827861,1
938781,0
107754,1
825731,1
729822,1
477336,1
730765,0
1004889,1
638346,1
408945,2
44332,1
54988,1
633338,0
1001219,0
1005149,1
249771,1
705581,1
272993,1
524683,1
945936,0
744977,1
682864,1
496791,1
317960,1
701714,1
559043,1
787510,1
633349,1
503017,1
297790,1
123341,1
405960,1
357153,1
330369,2
96476,1
1003606,1
332716,0
112529,1
293875,1
117269,1
744919,1
56678,1
263166,1
510516,1
489641,1
757726,1
377287,1
40923,1
982243,1
369150,1
473307,2
628024,1
202806,1
822420,1
456098,1
110901,1
252489,1
708526,2
546438,1
64282,0
921839,1
891196,0
528618,1
741215,1
254421,0
609276,1
991384,1
241966,1
858188,1
420271,1
983291,1
267151,1
575100,1
883940,1
508575,1
947039,1
734695,1
832463,1
794202,1
26516,1
59215,1
899453,1
114079,1
798239,1
230973,1
32108,1
414926,1
608657,1
130767,0
534811,1
1010202,0
691958,1
311603,1
378604,1
497950,1
33622,1
438256,1
603043,1
417884,1
234339,1
661612,1
530826,2
1007165,1
919036,1
777889,1
585961,1
245991,1
338428,0
485579,1
689324,1
299682,1
324106,1
74182,1
410577,1
534507,1
308049,1
523866,1
356996,1
350899,1
721044,1
214436,1
977975,0
185525,1
632685,1
121068,1
603443,1
431392,1
296739,1
581587,0
422112,2
650076,1
152808,2
785596,2
451567,1
240338,1
8567,0
867638,1
511410,1
976024,1
313414,1
729958,1
350525,2
861584,1
520100,1
665164,1
361590,1
762650,2
25812,1
699569,1
950020,1
214216,1
513915,2
392626,1
975122,1
347888,1
521974,1
924085,1
491662,0
41267,1
650227,1
969105,1
915425,1
730372,1
370149,1
951021,1
241551,1
178037,1
38751,1
289559,1
377544,1
316970,1
176927,1
391786,1
1017645,1
242637,1
837574,1
291891,1
705365,1
601731,1
505826,1
393076,2
1004728,1
725804,0
775692,1
802077,1
876768,1
139324,1
819820,0
228886,1
55615,1
315603,1
594927,0
419680,1
369602,1
73927,1
443386,1
902416,1
550868,1
617138,1
591931,1
585895,0
86202,1
894661,1
321187,1
260938,0
618425,1
763170,1
255026,1
85311,2
63652,2
172783,1
58838,1
490328,0
990556,1
195252,1
101455,1
505910,1
778002,1
683883,1
365819,1
198581,1
490151,0
2529,1
725679,1
485278,1
993133,1
326614,1
13958,1
772286,1
481362,1
639288,1
379539,1
54599,1
11457,1
592532,2
989121,1
614531,1
881670,1
574037,1
538062,1
605368,0
754811,1
679927,1
162843,1
405917,1
401094,1
651709,1
997870,1
500061,1
962663,1
920508,1
52876,1
591377,1
449737,1
679039,2
619037,1
220442,0
584018,1
874308,1
497312,1
213156,1
209984,1
243355,1
140238,1
520687,1
869207,1
657637,1
234393,1
940751,1
743077,1
549950,1
88659,1
729554,1
655712,0
665399,0
21500,1
870010,2
314264,2
984935,1
612481,1
756589,1
13286,1
849627,1
773232,2
568144,1
844879,2
856461,1
444442,2
19156,0
747495,1
228608,2
682567,2
70348,1
917184,1
355041,1
334307,1
676810,1
148384,1
76016,1
778707,1
788683,1
128331,1
360674,1
864910,1
1010752,1
139944,1
978473,2
588300,1
211819,1
745552,1
920827,1
890834,2
932200,2
222653,1
185107,2
889997,1
391584,1
943325,1
238959,0
859255,1
481425,1
44497,1
552257,1
792581,1
425463,1
205540,1
171809,2
1009673,1
273091,1
671028,0
119351,1
648660,1
750792,1
901462,1
614638,1
89957,1
279806,1
775450,1
595139,1
282255,1
285834,1
527572,1
450838,1
103215,1
762621,1
852627,1
204756,2
43401,0
619624,1
139768,2
506647,1
471338,0
824084,1
878597,1
599850,1
736103,1
303466,1
495611,1
42903,1
983585,1
740005,1
692298,1
307815,1
949433,2
30252,1
219455,1
382018,1
316688,2
501947,1
613622,1
680129,1
571838,1
448765,0
488570,0
832067,1
527990,1
237477,1
909198,1
578910,2
763893,1
137205,0
819105,0
311416,0
144362,2
329628,1
902320,1
809993,1
220053,1
857466,1
953049,1
511689,0
247443,1
672366,1
680473,1
498919,1
686192,1
573205,1
958035,1
90915,1
672032,1
933087,2
11619,1
258458,0
1012299,1
85171,1
532262,1
856414,1
246909,1
271325,1
573311,1
820808,1
806613,1
191252,1
880541,1
166124,1
222804,2
685706,1
2495,1
369947,1
160474,1
83122,1
119803,1
273583,1
268589,1
698193,1
892292,0
958615,1
411211,2
298366,1
271680,1
169288,1
1003635,0
178631,1
792372,1
102636,1
564346,1
754129,1
732808,1
416007,1
784625,1
914060,1
421456,1
798642,2
14306,2
107732,1
156767,1
493950,2
562689,1
927910,1
537421,2
1013429,1
75521,1
429562,1
577719,1
571236,1
154479,1
835451,1
152657,2
617046,1
937490,2
917676,1
307271,1
902856,1
13260,2
506489,2
882929,1
722508,1
995906,1
944106,1
249540,1
702700,1
525035,0
508674,1
111865,1
950109,1
950101,1
765051,2
844031,0
850555,2
172365,1
686244,1
952547,0
165626,1
413235,2
587299,1
421166,1
66127,1
89175,0
718947,1
577102,1
305992,1
175966,1
446789,2
727824,1
646967,1
989198,1
823634,0
586324,2
761558,1
215118,1
12425,1
827377,1
39235,1
782124,1
450445,1
181448,1
236674,1
173153,1
355841,1
87492,1
491992,1
954585,1
121974,2
874726,1
27506,1
127752,2
742832,1
187893,1
574000,1
646314,1
105048,1
798224,1
169897,1
336352,0
678845,1
336822,0
156675,1
206949,1
574628,2
100777,1
861973,0
343385,2
793234,1
919267,0
261571,2
164937,2
263757,1
864235,1
274191,1
773294,0
11794,2
62839,1
938224,1
950581,1
157966,1
436933,1
659349,1
532615,1
190802,2
592587,2
279835,2
428686,2
489674,1
109107,1
962799,1
471356,1
956994,1
776675,1
569075,1
344577,1
478777,1
750756,1
635343,0
559670,1
97282,1
956334,1
1002571,1
134334,1
274298,1
553658,1
799492,1
217350,1
254818,1
444035,1
425445,0
11332,1
108432,1
201393,1
756093,1
276476,1
689081,1
373430,1
608080,1
960096,0
128180,1
530363,1
645151,2
482338,1
828895,1
941107,1
709101,1
104425,1
159319,1
49946,1
617813,1
27490,0
830829,1
972383,0
447834,1
957261,1
403980,1
408402,1
720274,1
13558,1
190318,1
509642,1
598824,1
723527,1
592554,0
930822,1
66417,1
269054,1
740272,1
540678,1
770839,1
411064,1
610861,1
844071,1
825401,1
911571,1
297644,1
12205,1
338677,1
859116,1
197867,0
105224,1
804101,1
443966,1
798408,2
361426,1
796714,2
809641,2
1004027,2
583248,1
892539,1
624905,1
182302,1
264310,1
511021,0
37860,1
224365,0
84589,0
426754,1
174503,0
990750,1
544128,1
348650,2
725499,2
509374,1
973502,1
673484,1
629021,1
284040,2
215451,0
501770,1
927,2
135379,1
282468,0
489340,0
241306,1
53327,1
917867,1
94214,1
124955,1
68356,2
130507,2
150075,1
106265,1
369844,1
573528,1
823050,1
796516,1
853004,1
32485,1
44567,1
127187,1
613695,1
79437,1
606581,1
708852,2
6264,1
340948,1
825786,1
1007466,1
353627,1
631552,1
559777,1
441517,1
666451,1
97994,2
923055,1
85616,1
456579,1
967668,1
998626,1
447030,1
927965,1
841447,1
448390,2
47012,1
370637,1
393535,2
535306,1
940744,1
650348,0
993346,1
17084,1
54261,1
1011456,2
967587,1
187413,1
748180,2
714073,1
420929,1
930462,1
781817,2
609290,1
996125,1
214902,1
22695,1
446026,1
447324,2
534730,1
778266,1
375450,1
562726,1
443849,1
854801,1
390862,1
419321,1
874557,0
888497,1
905374,1
324076,2
964621,1
6554,1
392882,1
612317,1
97587,1
396390,1
315904,2
172839,1
750044,1
458317,2
789824,1
138451,1
341684,1
329976,1
787073,1
656948,1
134925,1
16553,1
574370,1
488318,1
665616,1
683946,1
90548,1
391599,1
87823,1
583761,1
535690,2
3126,1
855013,1
338828,2
467902,1
434829,1
765015,1
557724,2
882008,1
555711,1
372778,1
366067,1
250047,0
27164,1
751614,1
914336,1
1001321,1
665818,1
229010,1
773816,1
202134,1
507291,1
816920,1
576475,0
180872,1
638991,1
120980,1
595120,1
510387,1
536035,1
1001875,1
806385,1
369730,0
644936,1
543251,1
505080,1
916341,1
845825,1
198835,1
1015713,1
170682,1
493426,0
272649,1
915391,2
438520,2
576402,1
530730,1
435066,1
859545,1
730718,1
992686,1
2455,1
20095,1
310077,1
411813,2
358826,1
717447,1
512558,1
198468,1
448295,1
697938,1
654872,2
869188,2
237668,1
395133,1
196451,1
626341,1
425360,0
521075,1
681485,1
160676,1
227111,1
170572,1
85014,0
841418,1
556118,1
395625,1
221315,1
390103,2
3724,2
379113,1
122333,1
1011834,1
1015151,0
509385,1
942636,1
49722,0
726070,1
384229,1
623070,1
9421,1
496616,1
366405,1
306263,1
231772,1
956587,0
258597,1
85319,2
404574,1
76467,1
285115,1
677213,2
355067,1
804123,1
363156,1
107619,0
494636,1
634092,2
594369,1
340508,1
446796,1
553878,1
523217,1
288811,1
83526,1
243238,1
409502,1
282688,1
309615,1
119601,1
672737,1
739898,1
835833,1
567745,2
875080,1
40970,1
1791,1
710411,2
205070,1
955377,1
452546,1
555465,2
485876,1
861195,1
647333,0
411376,1
135364,1
86385,2
941727,1
418078,1
749145,1
622598,1
491145,1
511087,1
703583,1
638838,1
923433,1
80600,1
548458,1
5869,1
440280,1
97947,1
158208,1
521846,1
632117,1
895945,1
718756,1
601045,1
940832,1
93312,1
126465,1
778721,1
862934,1
295183,1
445498,0
818199,1
470692,1
791320,1
284723,1
44028,1
768458,1
527819,1
169354,1
89120,1
515971,1
670629,1
341060,1
389857,1
372712,1
638919,2
90317,1
661414,1
325455,1
654182,1
83728,1
653185,1
942416,1
497217,1
889278,1
293475,1
996510,0
172402,1
871143,1
996206,1
339939,1
375751,1
676755,1
685838,1
461096,1
942269,1
431370,1
347565,1
732826,1
694836,2
872702,1
814250,0
983651,1
880196,1
83339,1
748089,1
324968,0
412304,1
803504,1
277785,1
427003,0
513218,1
788874,1
741648,1
696863,1
634180,1
40516,1
49061,1
845784,1
783051,1
203946,2
757003,1
783400,1
363732,1
172446,1
410889,2
181785,1
139108,0
774031,1
964919,1
956396,1
147145,1
30142,1
309787,1
825603,1
563675,1
706429,1
340566,1
631916,1
991810,0
21331,2
129428,2
270753,1
449784,1
150901,1
818573,1
655866,1
563073,1
941808,1
287263,2
893129,1
360340,1
740357,1
371270,1
213060,1
9098,1
8886,1
537443,2
809777,1
458629,1
841917,1
401803,1
16102,1
71022,2
19835,1
539126,1
25405,1
639552,1
442480,1
1000647,1
879051,2
711283,1
932699,1
353528,1
941125,1
269164,1
451134,1
685207,1
391915,1
867586,0
599065,1
323390,1
899020,1
893914,2
15020,1
939658,1
146467,2
391108,1
928540,1
391148,1
628453,1
321000,1
450962,1
823065,1
737955,1
554435,1
86723,1
519179,1
983530,2
218072,1
209519,1
77592,1
998570,1
156213,0
884376,1
367244,1
640033,2
134433,1
792482,1
365084,1
622543,1
536288,2
126670,1
918516,1
349420,1
1004478,1
489205,1
598592,1
197104,1
541961,1
891428,1
956590,1
706249,1
75161,1
253978,2
534356,1
901411,1
396824,1
361727,1
689111,1
236128,1
580326,1
591582,1
529417,1
402561,1
845193,1
60132,1
456175,1
965552,2
337508,2
600576,1
350653,1
614061,1
626727,1
124269,1
167202,1
874429,1
600187,1
203960,1
433387,2
342681,1
368883,1
880134,1
745262,1
463883,1
137098,0
274353,1
201669,2
421427,1
639329,1
909477,1
458159,0
207953,1
340874,1
640275,1
534136,1
646402,0
925244,1
40589,1
868352,2
1007426,1
364612,1
186096,1
339869,1
577410,1
510178,1
661296,1
577531,1
130378,1
545206,1
599513,1
667173,1
168283,1
807335,1
127400,1
985172,1
410306,1
624417,1
403933,1
211682,1
387176,1
818137,2
5700,0
265300,0
398804,1
524885,1
269366,1
8677,1
831228,1
959245,0
110534,1
261975,1
948106,1
365620,1
978077,0
575005,0
132413,0
859871,2
357751,1
533292,1
265061,1
82161,1
719500,1
678085,1
388111,1
218344,1
385549,2
770039,1
168995,1
838128,1
183071,1
194417,1
786355,1
267870,0
90739,1
114912,1
656393,1
549664,1
601137,1
721536,0
781505,1
1000702,1
626239,1
74498,1
1001361,1
910622,0
593089,1
795092,1
847834,1
685269,1
36214,1
913357,1
281720,2
62747,1
980285,1
448710,0
203311,1
153540,1
793300,1
100935,1
746326,1
7915,0
67601,1
625568,1
627052,1
176291,2
545455,0
684925,1
765187,1
640701,2
940656,1
22721,1
74142,1
412292,1
817437,1
479668,1
731072,1
252452,1
692342,1
454012,1
295976,1
295668,1
30256,1
349138,1
79804,0
723185,0
878300,1
747617,1
67050,0
250993,1
646538,2
451563,1
222914,1
148953,1
61768,1
852593,1
397818,0
219929,1
49689,1
355984,1
182294,1
997915,1
930480,1
522829,1
987192,1
319221,1
396776,1
913115,1
745754,1
283553,1
619682,1
102191,1
188818,0
359081,1
486617,1
747763,0
749934,1
612614,1
37501,1
353098,1
238717,1
479110,2
828936,1
632814,1
757164,1
248998,0
407463,1
258315,1
220688,1
88134,1
557070,1
211176,1
102184,1
180861,1
725947,2
322287,1
375858,2
748294,1
596811,0
2110,1
246802,1
703381,1
355694,1
217244,1
171573,2
431165,1
210182,1
628523,0
158215,1
268523,1
931236,1
372594,1
995179,1
662224,1
962843,1
616874,1
95765,1
128643,0
240709,1
933832,1
215129,2
184748,1
759559,1
511461,2
336576,1
1005893,1
431147,1
647139,1
778750,2
890317,1
388368,1
442866,1
952411,1
712350,1
525860,1
201643,2
449630,1
372770,1
897815,1
401043,1
478311,1
708845,0
859893,1
641111,0
684440,1
87449,1
777243,2
726904,1
425908,1
424910,0
64408,1
568739,1
795247,1
262374,1
62930,0
843636,1
766775,1
22189,1
613909,2
555337,1
719889,2
724021,1
975951,1
119623,1
426329,0
464110,1
547435,1
727666,1
880512,1
201566,1
570958,1
58467,1
65643,1
990068,1
500689,1
413231,1
792105,1
958475,1
667166,1
604594,1
97888,1
269120,1
125482,1
590248,1
920782,1
942092,1
411509,1
636858,1
199007,1
13514,1
526700,1
849517,1
269531,1
51233,1
953353,1
77769,1
312615,1
211455,1
948179,1
780078,1
504043,1
174374,1
679211,1
135687,1
5674,1
834649,0
438029,0
677646,1
704599,1
890922,1
485395,1
760014,1
223023,1
356875,1
560900,1
826684,1
300324,1
3423,1
531515,1
215796,1
824734,1
818991,1
835770,1
92755,1
767424,1
655305,2
664949,1
306164,1
208444,1
109880,0
287832,1
729590,2
210267,0
153155,1
540124,1
63917,2
113258,1
851013,1
5319,1
445454,1
692155,1
932101,1
692041,1
170576,1
528658,1
806008,1
119755,1
73714,1
105231,0
487221,1
431404,1
549099,2
777603,1
514567,1
526205,1
632197,1
460309,1
395221,1
343851,0
813187,1
858650,0
308889,1
872603,1
951355,1
1006939,1
359199,1
305501,1
494221,1
535180,0
351537,1
881142,1
10577,1
864947,1
690968,2
865676,1
412795,1
77930,1
375883,2
453495,1
643421,1
998534,1
948197,2
807856,1
282725,1
762276,2
104366,1
604598,1
977267,1
601823,1
370493,1
646563,1
866325,1
881476,1
341112,1
739094,1
832191,0
906317,1
849652,1
89146,1
933326,1
827469,1
36995,1
415585,1
401708,1
297691,1
815295,1
182063,1
332400,1
686839,1
218124,1
385387,1
61665,1
209111,1
636490,1
510604,1
552741,1
363280,0
663757,1
272094,2
47067,1
5593,1
739476,2
229047,1
267063,1
319591,1
260303,1
67494,0
76812,1
681229,0
987581,1
435972,1
292607,2
487537,1
310491,1
373405,1
816670,1
976857,1
289995,1
72210,1
656632,1
43599,2
906041,1
629007,2
404196,1
359108,1
546162,1
414702,1
601214,1
534396,1
902070,1
62288,1
227643,1
339270,1
949037,1
944928,1
748508,1
664325,1
22644,2
348386,1
188366,0
995050,1
353238,1
282325,1
22732,1
32937,1
772561,1
14012,1
106191,0
911425,1
335678,1
41924,1
332709,1
615653,1
704618,1
808406,1
119278,1
179533,1
539023,1
115186,0
107222,1
25849,1
242446,1
502092,1
433963,1
293211,1
406763,1
524922,2
61764,1
407306,1
173072,1
267104,2
173652,2
124012,1
630984,1
248514,1
761107,1
435206,1
632766,2
189561,1
878429,1
11497,0
482129,1
977807,1
193393,1
389644,1
708720,2
802312,2
772448,1
947882,1
151674,1
520595,1
525596,1
573986,1
726805,1
449890,1
624923,1
318503,0
972790,1
517995,1
883023,1
245005,1
927000,1
89447,1
634085,2
324586,1
506218,1
659617,1
230621,1
252991,1
835118,1
896829,1
137506,1
268439,1
19732,1
91758,1
705538,1
795764,1
578352,0
286460,0
512059,1
926348,1
107259,1
37909,1
813488,1
322845,1
896179,1
167213,1
439840,1
825445,1
248943,1
287733,1
486965,1
667760,1
31781,1
567459,1
38564,1
12692,1
57015,1
256508,1
44486,0
698289,1
290876,1
645636,2
805513,2
219550,1
653350,1
394194,1
1000830,1
165482,1
316691,1
306719,1
331124,1
691426,2
1014257,1
312930,1
557089,1
865191,1
666110,1
374211,1
304331,1
947556,2
214377,1
541947,1
922616,1
938367,1
372987,1
801689,1
411329,1
927510,1
537861,0
99439,1
585488,1
224691,1
250704,1
927583,2
309266,1
414016,1
702597,1
307121,0
180681,1
629502,1
17334,1
906779,1
255150,1
239428,1
715313,1
664691,1
579991,1
72573,1
330064,1
706472,1
438281,1
143677,1
898551,0
130833,1
854133,2
457606,1
439114,1
80460,1
659693,1
647014,1
535870,0
90690,1
725334,1
924948,1
837053,1
727802,1
788584,1
9605,1
242219,1
843203,0
967642,2
715210,1
402154,1
717234,1
813635,1
433875,0
47166,1
361815,1
432298,1
914174,1
172592,0
375612,2
99596,1
440002,1
907200,1
192792,1
444871,2
196693,1
17620,1
559131,1
762584,1
144715,1
577854,1
727707,1
308522,0
613299,1
824161,1
496186,1
776404,1
103060,1
952705,1
995384,1
246691,1
396714,1
259558,1
678409,1
475594,0
206482,1
605397,0
60976,1
586665,0
384779,1
53990,1
521828,1
148564,1
46187,1
716589,1
699455,1
933766,0
434799,1
30362,1
332792,1
896315,1
79880,1
507017,1
372389,1
756046,1
630272,1
695066,1
83676,1
1003048,1
810346,1
857202,1
847137,1
12579,1
933799,1
746744,1
570000,1
454067,0
345457,0
508106,1
940308,1
959887,1
133249,1
55574,1
372606,1
831224,1
680811,2
252827,1
656009,1
560984,1
579115,2
57103,1
1007,1
525545,1
354877,1
414221,1
365770,2
969684,1
163114,1
277415,0
81032,1
549529,0
675361,1
941026,0
357069,1
68338,2
869272,1
699408,1
630537,1
347099,1
242163,1
399324,1
658487,1
307048,1
279387,1
647719,0
277965,1
88806,1
764968,0
85920,1
344317,1
164210,1
696739,1
92315,1
405128,1
871862,1
984568,1
560324,1
529556,1
66817,1
909044,1
310091,1
68972,1
784948,1
209933,1
187912,2
459596,1
848516,1
111351,1
118347,1
714705,2
719728,2
413990,1
740126,2
480615,1
528823,2
929255,1
516521,1
656371,0
55439,1
40442,2
245214,2
207605,1
195663,1
649056,0
378732,1
535041,1
596228,1
228390,1
475103,1
273484,0
763174,1
685922,1
853826,1
692449,1
819439,2
962784,1
907718,1
93921,1
869034,2
314048,2
32180,1
284323,1
245809,2
441076,0
75019,1
105440,0
148117,1
917126,1
84655,0
882077,1
867924,1
815383,2
166506,2
709464,0
351302,0
681324,1
744771,1
836775,1
249779,1
268608,1
671523,1
990244,2
1000085,2
220802,1
31587,2
739719,1
475176,1
129596,0
847841,1
929581,1
678672,1
532604,0
346872,2
728623,2
400659,1
295789,0
995212,1
518398,1
559890,1
345394,1
796208,0
50386,1
880248,1
8871,1
971119,1
942607,1
289221,1
714488,2
512257,1
293655,2
444776,1
5377,1
39008,2
189936,1
94823,1
849285,1
722386,2
218829,1
454247,2
961303,1
430036,1
277378,1
282406,1
682516,2
550035,2
161086,1
694517,1
557533,1
613266,1
465137,2
743282,2
561013,1
33699,1
783330,2
74106,1
486873,1
470483,1
9351,1
401979,1
921729,1
44310,1
691664,1
524012,1
116202,1
491909,1
997702,2
804729,1
442705,1
354664,1
516231,1
519300,0
831334,1
570147,1
31026,1
657839,1
836489,2
518288,1
980890,2
767365,1
361697,1
300797,1
371380,1
854342,1
650113,2
798253,0
929608,1
224853,0
354624,2
505271,1
566076,1
385219,1
823917,1
453396,1
954695,1
891725,1
860026,1
364256,2
114655,1
438340,1
321536,0
88024,1
606170,1
578440,1
44307,1
446679,1
261498,1
973458,1
461566,1
640187,0
660497,0
172996,1
949099,2
477846,1
316835,1
35507,1
767017,1
490555,1
694139,1
393146,1
788096,1
549374,0
230456,1
127004,2
310217,0
765426,1
1008775,1
508304,1
647351,1
788797,1
57172,1
25269,1
418371,1
82983,1
269245,1
347646,1
956132,1
626518,1
811754,1
162513,0
547082,1
157210,1
793065,1
219282,1
140957,1
903398,0
22783,1
301637,1
833989,2
941848,2
386249,0
405010,1
874425,1
613596,1
541275,1
236799,1
721693,1
855501,2
570444,1
557977,1
848509,1
174811,1
114109,1
634445,1
176556,1
734109,1
509716,1
327314,1
312952,2
879312,1
129028,1
566876,2
1008423,1
29232,1
924320,1
126788,1
778464,1
303745,0
148319,1
883221,1
404729,1
635549,1
359313,1
571401,1
102526,1
800086,1
187875,1
160438,1
359580,1
109235,1
232483,1
300306,1
579104,1
408974,0
655507,1
269029,2
106063,1
112697,1
677198,1
387918,1
618832,1
19879,1
930954,2
943251,1
874917,1
315812,1
749376,1
814511,1
289687,1
806143,0
479103,1
49766,1
799977,1
376008,0
677419,2
580605,1
1017623,1
388724,1
913603,1
168764,1
815123,1
636245,1
594365,1
1005204,1
862509,1
416003,1
232490,1
73930,1
195784,1
312967,1
767783,1
793201,0
466772,1
454409,2
44170,1
949844,1
1010242,0
330105,1
20543,0
682460,1
230706,1
151421,1
1008962,1
457066,1
69056,1
837578,1
354675,1
755629,1
544634,1
797322,1
84673,1
137054,1
415109,1
460448,2
721048,1
362184,1
412054,2
755005,2
28091,1
440916,1
935119,2
555832,1
908829,1
832313,1
480567,1
51394,0
958042,1
389802,1
53910,1
578190,1
333911,1
347271,1
299,1
813426,1
970503,1
116921,1
744526,1
314341,1
524342,1
326771,1
647399,1
962414,1
915209,1
201607,1
380005,1
904780,1
354705,1
765635,1
551337,1
949503,1
276333,1
696070,1
428419,1
723332,1
404978,1
833732,1
999616,2
388438,1
327949,0
414995,1
480347,0
1006146,1
5557,1
452087,1
332172,1
966876,1
767570,0
526032,1
578422,1
960353,2
300401,1
718356,1
871994,1
907761,2
619958,1
631963,1
692070,1
91156,1
104157,1
398301,1
942908,1
576482,1
724528,1
863762,1
128786,0
589518,1
231082,1
827759,1
670081,1
358327,2
358929,1
827429,2
136608,2
1016383,2
662073,1
207928,1
383459,1
809054,1
987516,0
487816,1
156745,1
833295,1
822082,0
882062,0
598633,1
90041,1
159869,0
657556,2
991469,1
3254,1
41333,1
538877,1
105789,2
710891,2
244697,1
317047,1
89858,2
709086,1
741934,0
256485,1
731065,1
29566,1
790154,1
523011,1
214982,2
61621,1
199869,1
154949,2
558680,2
957180,1
392097,1
117290,1
468745,1
542540,1
255701,1
657493,1
437556,1
951979,1
33633,1
894973,1
964188,1
541202,1
576897,1
772880,1
133230,1
810162,1
931438,1
314862,1
408996,1
146995,1
791478,1
312868,1
918691,1
110640,1
224871,0
710884,1
136769,1
407694,1
80769,1
563965,1
378123,1
808266,1
844358,1
472049,1
637374,1
644943,1
892267,1
625645,1
389024,1
215741,1
55860,1
183149,1
152712,1
347994,1
217835,1
666503,1
418290,1
495174,1
363200,1
28558,1
70443,1
561288,1
63517,1
876269,1
356677,0
543013,2
859053,1
223269,1
992895,1
451387,1
201515,2
771715,1
149260,1
563983,1
650168,1
667104,1
792967,1
557661,1
435701,1
822134,1
444945,1
946724,2
202024,1
908821,1
487229,1
380812,1
318286,2
628592,1
829225,1
377739,1
662994,1
607887,0
870692,2
728645,1
709068,1
331201,0
974037,1
154307,1
596293,1
816506,2
895563,1
574374,1
901008,1
464954,2
825159,1
387217,1
956969,1
184461,1
734428,1
100993,1
347969,1
280176,2
337885,1
458456,1
426035,1
197779,1
894731,1
67708,1
920023,1
689896,1
992282,1
974022,1
847636,2
801326,0
1004081,1
380100,2
795683,2
628648,2
39099,1
210483,1
66736,1
717843,1
781981,1
744108,1
183112,1
340995,0
262826,1
678544,1
255569,0
601812,1
632807,0
19783,1
309699,1
88185,1
590835,2
568768,1
551953,1
399555,1
761440,1
653174,1
104083,2
920519,1
81025,0
563598,2
978118,0
135548,1
786681,1
115058,2
164566,1
28763,1
526784,1
628251,0
990974,1
129688,1
108230,2
785167,1
752394,1
328917,1
128984,1
888868,2
801311,1
789857,1
464440,1
396174,1
322306,1
376789,1
902643,0
39701,1
876845,1
677895,1
123257,1
402327,0
223188,1
507985,1
936167,0
135056,1
652382,1
744067,1
903996,1
114882,2
775913,1
501392,1
334170,1
619095,1
909048,1
317267,2
776884,1
15813,1
258872,1
130275,1
389314,1
361488,2
942643,1
24866,1
755335,1
833493,0
155946,1
921035,1
755577,1
354367,1
455790,0
636421,1
130587,1
214117,1
550071,1
750367,1
839121,1
948700,1
104351,1
190167,1
89061,1
600165,1
668974,1
168188,1
428583,2
518721,1
183695,1
666811,2
551513,1
991795,1
505752,1
290432,2
702542,1
352093,1
560203,1
25636,2
952693,1
923183,1
31033,1
119344,1
304353,1
48266,1
829485,1
939023,1
425919,1
721907,1
855152,1
599836,1
661807,0
189910,1
907064,1
866505,1
515472,1
370714,0
968922,1
648022,0
467498,2
392332,1
470744,1
978080,1
362881,1
616423,1
997339,1
437079,1
799980,0
76294,1
235280,2
301644,2
987864,1
563143,1
661726,1
567,2
686307,1
926733,1
476863,1
642361,1
499288,2
529475,0
211352,1
196583,1
998769,1
205364,1
647887,0
63887,1
826493,1
678489,1
228446,1
298708,1
124049,1
977227,1
852850,1
508308,0
586544,1
112136,1
231299,1
265454,1
180755,2
122993,1
310572,1
325796,1
594897,1
748441,1
867711,1
234184,1
449047,1
141051,1
69911,1
479161,1
71550,1
346205,1
257916,1
541316,1
664581,1
948083,1
13114,1
868947,1
50078,1
178929,1
228350,1
297666,1
377214,1
277576,1
305185,0
243021,1
812513,1
802048,1
336143,1
858533,1
555014,1
995931,1
99365,1
573546,1
766478,1
405414,0
725378,1
686772,1
667023,1
590505,1
287740,2
897514,2
197845,1
881175,1
598398,1
684671,1
408868,1
454944,1
374640,0
247560,1
239512,1
392262,2
1001967,1
514981,1
870421,1
604484,1
164250,1
33013,1
945309,1
837666,2
73905,0
853804,1
221450,1
761268,1
182603,1
500612,1
21775,2
100348,1
685126,1
208026,1
88622,1
569703,1
366375,0
740445,1
606361,2
195410,1
312989,0
49377,1
503549,1
168056,2
733881,1
743,1
187053,1
789196,1
826648,1
947523,1
336257,1
307389,1
691194,1
953467,1
567998,2
845887,1
637855,1
446697,0
920690,1
358129,1
811189,0
31767,1
736697,1
134132,1
276539,1
724593,1
808435,0
413187,1
955021,1
579049,1
565082,1
841733,1
1000856,1
347590,1
325437,1
668329,1
409719,1
134631,1
46165,1
948560,2
593768,1
107424,1
245386,1
766809,1
965846,0
167716,1
355739,0
246196,1
335766,1
31921,1
708962,1
244613,2
132046,1
547350,1
927521,0
853873,1
833390,1
398796,1
925747,1
666918,1
924827,1
48813,1
216654,1
793876,1
384919,1
242574,1
1000533,1
790792,1
443023,1
34964,1
94599,1
286970,0
338886,1
482921,1
323673,1
900681,1
986896,1
796354,1
182797,0
234137,2
801106,0
741372,1
1017571,1
582049,1
648929,0
994053,1
1003400,1
209922,1
157573,1
862457,2
726294,2
883166,1
900869,1
766005,1
960041,1
398525,1
217402,1
127741,1
230995,1
676032,1
669083,1
577384,1
967613,1
804266,1
975210,1
149015,1
206622,2
269274,1
729660,1
833912,1
555560,1
910028,1
152026,1
35118,1
627368,1
428271,1
924632,1
309824,1
10056,1
304313,1
30689,1
726306,1
647685,1
783837,2
539258,1
417536,1
6778,1
793946,2
390808,1
505822,1
319797,1
446165,2
484219,1
661076,1
427609,1
114527,1
367985,0
931852,1
1017799,1
80372,1
249782,1
712772,1
4864,1
625043,1
555308,1
542504,1
230801,1
389806,1
643711,1
695510,1
505037,1
333555,1
1016321,1
394059,1
370039,1
266620,1
799052,2
29591,1
837787,1
670753,0
348012,1
546797,1
549840,1
504135,1
901488,1
363622,0
1005945,1
42110,1
412560,1
225472,1
854841,1
341071,1
444336,1
613570,1
295246,2
265326,1
164629,1
28833,1
888141,1
832915,1
944542,1
647795,1
931683,1
551807,1
212269,1
772275,1
516723,1
519799,1
782726,1
416311,1
735678,1
462626,1
807764,1
482341,1
419390,1
707590,2
403287,1
770879,1
722900,2
993162,1
206329,1
443144,1
781295,1
185693,1
524591,1
626091,0
810739,1
916774,1
945480,1
685306,1
40127,1
280011,1
361044,1
221179,1
261876,1
530705,1
235284,1
138789,1
385703,1
312060,1
999571,1
168896,1
417213,1
13091,0
679130,1
631226,1
193991,1
614601,1
242846,1
793113,2
904997,1
990479,0
420338,1
985741,1
153764,1
827355,1
122388,1
673994,1
785031,1
16513,1
925563,1
238335,1
699055,1
430281,1
952756,1
663959,1
71947,1
357436,1
151498,1
610058,1
731850,0
624853,1
926670,1
533700,1
870836,2
919542,2
66820,1
728139,1
663940,0
913782,1
404215,1
443540,1
478069,2
830531,1
616926,1
186786,1
363949,0
25559,1
311258,1
198310,1
280183,1
988469,1
527183,1
51868,0
700474,1
894548,1
673840,1
816740,1
845425,2
745534,2
768223,1
831727,1
806462,1
389619,0
616647,1
196808,1
777588,0
397975,1
78795,1
389512,1
160188,1
611756,2
118431,1
238290,2
341130,1
562708,1
682255,2
492935,1
609207,1
37534,0
1001086,1
459248,1
509055,1
611499,1
1013270,1
527716,1
374424,1
105257,2
790048,0
864323,1
564162,0
948861,1
503318,2
356901,0
724685,1
189503,1
865889,1
993027,2
572266,1
256250,1
153713,1
873116,1
1568,1
883393,0
241474,1
817510,1
712086,1
106908,1
702124,1
265605,1
902544,1
312600,0
587354,0
211033,1
1008933,1
295095,1
467711,1
272818,1
312134,1
801142,1
893176,1
253512,1
562032,1
785284,1
775227,1
766203,1
730039,1
820590,1
945709,2
47595,1
88053,1
585400,1
845979,1
191605,1
146889,1
963990,1
68370,1
30766,1
174880,1
635288,1
930345,1
68583,1
1009989,0
826406,1
999898,0
905286,0
338790,1
977546,1
775924,1
808952,1
112910,1
989213,1
563763,1
859347,1
764366,1
957728,1
969446,1
271266,0
647971,2
515094,1
915270,1
665784,1
330479,2
525648,1
222583,1
335975,0
799739,1
95266,1
721554,1
785828,1
556903,1
43119,1
254355,1
475239,1
657817,1
883449,1
809186,1
973410,0
378372,2
670313,1
268909,2
526818,1
913140,1
1003062,1
933681,2
182041,1
408086,1
748809,0
192921,1
403294,1
1001886,0
751096,1
113900,1
819365,1
210003,1
659514,1
235354,0
749530,1
254359,1
928919,1
542313,1
748283,1
144472,1
632964,1
112903,0
170059,1
638559,1
85906,2
987237,0
133759,1
49494,1
37383,1
405351,1
615598,1
12036,1
4152,1
939607,1
855295,1
880174,1
789596,1
991065,2
940818,1
123242,1
86749,1
13880,0
866721,1
963055,1
92825,2
102445,1
147413,1
193955,1
764612,1
723835,2
549183,1
267614,1
873787,1
491828,1
215866,1
662950,1
185194,2
250245,2
451303,0
783466,1
677954,2
634368,1
211004,1
41700,2
706373,1
345479,1
898001,1
731564,1
234580,1
860572,1
245298,1
492377,1
839947,1
883485,2
152884,1
591685,1
27883,1
302337,2
918585,1
607784,1
150116,0
170734,1
347228,1
988593,1
547406,1
955917,1
113023,1
296771,1
156004,1
818629,1
751629,1
524081,1
867807,1
712185,1
176361,1
197786,1
827968,1
694230,2
544597,1
485623,1
588227,1
783848,1
670621,1
917236,1
793818,1
349662,1
310363,1
242879,0
716138,1
584883,1
72643,1
900638,1
47713,1
191036,1
573535,1
3346,1
984018,1
642200,1
816050,1
564092,1
697310,1
503475,1
304562,1
933403,1
535162,1
418427,1
1003235,1
854221,0
824961,1
583138,1
413925,1
563488,1
141378,1
487919,1
98874,1
758484,1
462857,1
325899,2
489818,1
786179,1
118556,1
291521,1
468888,2
177025,1
268093,1
52245,0
425841,1
617842,1
410485,1
446756,1
338516,1
838807,1
999205,1
1017982,1
239013,1
635718,2
1012644,1
380885,1
468976,1
691785,1
226488,1
827799,1
344324,1
336466,1
40343,0
515865,1
556293,1
741273,1
318484,1
14603,1
638111,1
353865,1
302663,1
566630,1
818074,1
678049,1
579768,1
918725,1
730769,1
558097,1
707084,0
441018,1
5638,1
672708,1
820433,1
631666,2
49528,1
359148,1
637785,1
134785,1
503273,1
699000,1
763064,1
241991,1
616698,1
753942,1
825313,1
651297,1
996503,1
954611,1
669256,0
410959,1
55985,1
63300,1
521592,0
751416,1
716688,1
558581,1
266404,1
925336,1
274588,1
90049,1
41829,1
581730,1
319533,1
414067,1
298953,2
706784,1
90492,1
462893,1
210278,1
177564,0
95428,1
233565,1
435334,1
916840,2
337070,1
306377,1
98375,0
70638,1
169134,0
543303,1
602006,1
83991,1
233022,0
38270,2
463315,1
387730,1
762690,0
254377,1
370530,1
25771,0
650355,1
709284,1
269605,1
910082,1
958200,1
614322,1
139438,1
405663,1
517331,1
644099,1
401971,1
319724,1
70058,1
26057,1
931335,1
892711,1
864932,1
346681,1
428569,1
369745,0
689966,1
111179,1
133906,1
330082,1
770273,1
714242,0
489722,1
866952,1
498995,1
338578,1
253996,1
179324,1
655770,1
865632,1
36081,1
257215,1
53194,1
467872,1
650164,1
937469,0
777768,1
306348,0
926861,1
673033,1
166890,1
336260,1
372231,1
928555,1
998046,0
610304,1
134554,1
728571,1
747103,1
568496,1
780005,1
981462,1
1008496,1
13392,1
46158,1
327901,1
623166,1
447614,1
485344,2
637697,1
398943,0
466354,1
192408,1
605959,1
835738,1
236494,1
744607,1
564908,1
525718,1
965707,1
854119,1
356545,1
719991,1
631204,1
224273,1
331810,1
393582,2
172031,1
399416,1
294182,0
311650,1
175720,1
464866,2
375069,1
695011,0
953580,1
951696,1
962238,1
770927,1
420099,1
124368,1
284187,1
350066,1
230328,1
568108,1
935434,1
988447,1
120012,1
375960,0
225582,1
673532,1
685904,1
698748,1
238346,1
199748,2
538767,1
117313,1
795797,1
907303,1
267328,1
137270,1
33181,1
312790,1
85780,1
218407,2
399456,1
919564,1
244187,1
60349,1
431653,1
973832,2
780180,1
561802,1
898874,2
1010873,1
605467,1
841296,1
322261,1
992884,1
52395,1
151010,1
771234,0
732851,1
111560,2
712501,1
756567,1
199117,1
225711,2
740654,1
471811,1
216650,1
675071,1
875745,1
60723,1
997731,1
884181,1
845560,0
107765,0
608781,1
884626,1
744207,1
168632,1
712567,1
766577,1
158369,1
593955,1
482451,1
602130,1
756905,2
456597,2
669953,1
363332,1
348438,1
447290,1
866938,1
632708,1
1016978,1
391449,1
384959,1
310356,1
244158,1
196914,1
536699,1
750323,1
806635,1
937568,1
818357,1
700573,1
665807,1
226084,1
186845,1
399122,1
928049,2
675680,2
309493,1
744104,1
636832,1
974569,2
65823,1
304188,1
422585,1
21148,1
15497,1
183365,1
595744,1
119498,1
304973,1
451273,1
125905,1
905213,1
722610,1
532471,1
46062,2
377126,1
542537,1
762720,1
664280,2
991715,1
184292,1
267999,1
631901,1
144418,1
840985,1
521666,1
372840,1
158538,1
35253,1
123712,1
962850,2
268893,1
606868,1
175368,1
592000,1
939481,1
821702,1
501198,1
432214,2
994945,1
527462,1
856069,0
218366,1
921145,1
369851,1
892050,0
323413,0
355364,1
590699,1
123033,1
842491,1
374325,1
225807,1
3519,0
770303,1
198981,1
91839,1
310950,2
714789,1
582849,1
804145,1
922968,1
546720,1
399717,1
343778,2
699293,1
137535,1
480596,1
182955,1
156121,1
422581,1
479646,1
120133,1
23744,1
264402,0
484325,1
654267,1
862732,1
259965,1
312002,1
46686,1
280925,1
425298,1
211877,1
790400,1
759100,1
270166,1
471048,1
789127,1
914952,1
463032,2
450852,1
821232,1
23252,0
221292,1
973197,1
654935,1
487478,2
62817,1
114493,2
217626,1
740119,1
351757,1
570206,1
190215,0
625795,1
704467,1
430425,0
67513,1
16131,1
524030,2
721224,1
295804,2
481982,1
753649,2
306047,1
82026,1
209926,1
128115,1
777302,1
1016354,1
247300,1
722430,1
383327,1
479349,1
998442,1
188487,1
441939,1
381134,1
699693,1
531030,1
467935,1
797377,2
477163,1
492579,1
645397,1
113078,1
1007440,0
730303,1
538921,1
173663,1
414881,0
943772,2
870454,1
946973,1
278973,0
929813,1
957724,1
844174,1
13282,0
755702,1
674269,1
752967,1
381673,0
93932,1
525280,1
561941,1
166928,2
704544,1
809410,0
783015,1
118266,1
956015,1
200671,1
629359,1
858409,0
465892,1
499783,1
240895,2
958068,1
546027,1
751485,1
43889,1
437710,1
590938,1
668064,1
349156,1
17936,1
267346,1
187666,1
680477,1
721279,1
782733,1
847683,1
309835,1
69526,1
1003848,1
912518,1
603175,2
365884,1
275570,1
56407,1
425089,1
513254,1
222910,1
102108,1
798727,1
954116,1
723347,1
680176,1
921156,0
719012,1
1005343,1
257747,1
468682,1
345699,1
483519,1
74957,1
153933,1
430623,1
151960,2
474579,2
390510,1
513984,1
678636,1
545929,1
108333,1
175416,1
351405,2
423421,0
431536,1
636395,1
449520,1
497378,1
661975,1
114989,1
574158,1
1016530,1
179625,1
736334,1
871000,0
361367,1
631714,1
748133,1
965677,1
38304,2
123040,2
147318,1
293200,1
642886,1
885715,2
762162,1
110017,1
283821,1
247476,1
808475,1
836324,1
11064,1
906199,1
28701,1
523419,1
712787,1
628082,1
14038,1
156503,1
788412,1
836496,1
357616,1
579728,1
378156,1
436320,0
652944,1
859581,1
760425,1
813943,1
112929,1
990611,1
207050,1
944380,2
467142,0
864983,1
558509,1
114893,1
60246,1
5003,1
576790,1
24242,0
112246,1
663988,1
526623,1
813781,1
868422,1
180579,1
529684,1
101888,1
900036,0
852685,1
636597,1
40578,1
749174,0
926708,2
281416,1
592444,1
170062,1
278375,1
756343,1
991784,1
254997,1
494889,1
901822,1
55673,1
279596,1
439484,1
304290,1
583479,1
55802,1
654487,1
870557,1
81836,1
20426,1
194497,1
291378,0
221274,1
63939,2
953827,1
720931,1
344005,1
666895,1
213710,2
874799,1
660901,1
720450,1
730846,1
542892,0
1015115,1
597214,1
727149,0
1006135,1
634658,1
251437,1
670999,2
889498,1
144906,2
137245,1
695008,1
134642,1
123187,1
692173,2
91978,1
842965,1
902768,1
318936,1
68239,1
906988,1
35356,1
924218,1
105561,1
501048,1
555322,1
169431,1
740669,1
432841,1
867395,1
636296,1
95589,1
832702,1
587479,2
478762,2
124144,1
657350,1
125204,1
772547,2
633866,2
498041,1
912723,1
425470,1
910284,1
310114,1
663962,2
171427,2
875239,1
353090,1
218979,1
746939,1
978264,1
538183,1
46400,1
243212,1
474700,2
948157,1
726122,1
981000,1
907134,1
518402,1
750257,1
609456,1
497532,1
895424,1
280983,2
596026,1
837725,1
46381,1
119829,1
553870,1
523404,1
869089,1
484596,1
658432,1
929453,0
537715,1
986885,0
567462,1
155788,0
89832,1
568027,1
210773,1
1005116,1
395771,1
1006913,1
252504,1
220530,0
581734,2
951058,1
401157,1
314217,0
98867,1
717818,2
502481,1
855468,2
793557,1
492209,1
559993,1
679864,1
905363,1
542229,1
320847,1
326085,1
288194,1
93848,1
620116,1
333272,1
879022,1
815912,1
399933,1
626048,1
835745,0
575016,1
859835,1
327596,2
251767,1
519854,1
351115,0
979900,1
705446,1
400868,1
679985,1
20396,1
396097,1
572945,1
400372,1
229531,1
139005,0
766342,1
221418,2
765767,1
931159,1
320182,1
7694,2
885726,1
506283,1
392181,1
391331,1
225359,1
517317,1
378725,1
98603,1
841355,1
192165,1
762687,2
794338,1
729620,1
388056,1
915087,1
796196,1
922506,1
277679,1
66909,1
634214,0
816993,1
916411,1
149785,1
358554,1
854096,1
772617,1
757106,1
164180,1
108483,1
175948,1
12193,1
747370,1
193269,2
750066,1
472357,1
9292,2
218832,1
329066,1
74744,1
805384,1
535126,1
182779,1
37167,1
784265,1
810827,1
24466,1
224453,1
247557,1
623496,1
323794,1
585473,0
1000166,1
90166,1
996107,1
222419,1
834025,1
695972,1
666118,1
883250,1
848116,1
79136,0
949293,1
332741,0
353373,1
471910,1
57176,0
305930,1
703635,0
406675,1
392794,1
750745,1
34304,1
435019,1
756545,1
888156,1
828745,1
942470,2
62659,2
227038,1
943736,1
618355,1
20653,2
53976,1
947732,1
324762,0
339278,1
810548,1
137241,0
57187,1
986933,1
390804,1
799687,2
596873,1
882385,1
407012,1
484941,1
264189,1
575922,2
572901,1
90779,1
179944,1
621964,1
536387,2
753542,1
607634,1
972376,1
877806,2
607748,1
832654,1
214476,1
502452,1
49829,1
244327,1
728843,1
482624,0
214638,2
157977,1
324032,1
1003668,2
61580,1
577582,1
671633,1
314804,2
392817,1
108667,1
7412,1
1001659,1
982731,0
989088,1
1002296,0
215606,1
497954,1
98878,1
787019,1
447137,1
573186,2
978958,1
736606,1
183453,1
984883,1
447144,1
815226,1
603762,1
296144,0
80754,1
975690,1
805160,1
908483,1
51156,1
313795,1
491541,1
538008,1
681566,1
447793,1
959395,1
682996,1
339964,1
269124,1
446048,0
61508,1
209959,1
345145,1
617237,0
321763,2
575070,1
692177,1
635240,1
359764,1
146764,1
678841,1
613372,0
567770,1
959487,1
448644,0
195384,0
41182,2
309604,1
782083,1
237716,1
241614,1
847706,1
220846,1
262583,1
120607,1
508528,1
553012,1
787947,2
933575,1
450922,1
483034,1
964401,1
397979,1
423674,2
768836,1
862534,1
1001802,2
393674,1
593739,1
366955,0
64022,1
14580,2
708250,1
649955,1
764087,0
28235,1
829034,1
98034,1
139650,1
198750,1
980674,1
267940,1
485832,1
938282,1
646035,1
554813,1
157272,1
949620,1
782645,1
392075,1
814162,1
857084,1
180160,1
858009,1
873417,1
340184,1
15721,1
528467,1
823263,2
595117,1
239046,1
513999,1
425085,0
408457,1
1004030,1
753968,1
332202,1
440695,1
481249,1
366236,1
181491,1
943174,1
741457,1
314268,1
91031,1
939845,1
810371,1
90856,1
408105,1
347558,1
167367,1
614513,1
284745,1
981903,2
578316,1
953988,0
392446,1
76449,1
114350,1
175515,1
271211,1
716541,0
494258,1
20048,1
61298,1
679482,1
165262,1
357850,1
497550,1
363644,0
58393,0
220332,1
512518,1
246828,1
993607,1
642684,1
4648,1
834869,1
375047,1
856388,1
212874,2
926960,1
1000489,1
466608,0
159263,1
215220,1
3489,1
109411,1
966135,1
155506,0
411200,1
823076,1
395485,2
125105,1
582133,1
436739,1
990093,1
556451,1
95930,0
637433,1
481436,1
65360,1
995465,1
588759,1
311801,1
794697,1
1007884,0
819025,1
736258,1
620018,1
47871,0
475115,1
405370,1
86393,1
620506,1
84234,1
637104,1
856099,1
624799,1
10538,1
777394,2
627,1
930849,1
242597,1
225701,2
915840,1
664179,1
156809,1
493870,1
332540,1
987090,1
334766,1
562426,1
877784,1
47138,1
451777,1
406977,1
662225,1
730663,1
863639,1
244115,1
265884,1
89947,1
557394,1
851946,1
472039,1
582233,1
685398,1
1016425,1
942978,1
481381,1
351736,0
818402,0
563049,1
610697,1
714753,1
676026,1
453379,1
318353,1
583737,2
629572,1
15131,1
35768,0
473333,2
438961,0
63183,1
85558,1
252970,1
600739,1
881576,2
342903,0
791123,1
498505,1
876361,1
171035,1
745784,1
430884,1
766354,1
598292,1
876912,1
83662,1
83006,1
18842,1
442827,0
819825,1
833667,1
91506,1
457306,1
443637,2
969766,1
472608,1
878440,1
85239,2
870774,1
112331,1
350919,0
77292,1
13449,1
235388,1
387393,1
747290,1
52693,1
401536,1
233382,1
732746,1
797235,1
245288,1
961645,1
840902,1
736595,0
80821,1
899931,1
951767,1
129810,1
924772,1
864544,1
345931,1
673885,1
615559,1
738407,1
155895,1
289589,1
463624,0
555815,1
914571,1
338542,1
498163,1
450567,2
139420,0
382048,1
838873,1
449312,1
636709,1
333365,1
582868,2
596724,1
797477,1
668094,1
912849,0
246216,1
963397,1
694781,1
747218,1
212794,1
876798,1
750203,1
656567,0
835496,1
268021,1
632907,1
909397,1
511400,1
9756,1
301418,1
537730,0
11025,1
669426,1
685828,1
595606,1
701209,1
920288,1
911851,2
142127,1
352704,1
429468,1
155293,1
830147,1
744358,1
232929,1
972803,1
452598,1
529186,1
741726,1
849558,1
874891,1
483222,1
540488,1
909955,1
583377,1
492770,1
129388,1
665132,1
407178,1
606135,1
38367,1
276697,1
474976,2
425178,1
52037,1
630574,1
952108,1
224355,2
9165,1
834785,2
128116,1
94916,1
611210,0
535,1
159569,1
246612,1
359783,0
544749,1
480308,2
456727,1
809961,1
48917,1
93823,1
840715,1
518029,1
796674,1
138331,1
819292,2
904932,1
350599,1
949805,1
995129,1
220311,1
64441,1
942747,1
273478,1
762765,1
425211,1
885125,0
775510,1
794313,1
607297,0
191781,1
846694,2
98633,0
586398,2
841994,1
788949,1
662647,1
66788,1
129773,0
778645,1
725632,1
805091,1
311109,1
960611,1
727285,1
132799,0
757815,1
988668,1
755141,1
208713,1
585625,1
682733,1
593457,1
394919,1
631458,1
421134,1
705652,0
975226,1
219250,1
276172,2
558931,1
121898,1
106020,1
85822,1
18633,1
484689,1
175211,1
960909,1
314966,1
758218,0
436923,1
394537,1
894039,1
318049,1
172843,1
874734,1
424111,1
518469,1
703317,1
740567,1
885550,1
792414,1
735107,1
315,1
183681,0
101643,1
333053,1
387845,1
581038,0
892000,1
967713,1
45352,1
759952,1
990102,0
266016,1
694118,1
216655,1
468016,0
775246,1
792663,1
403828,0
265419,1
135860,1
433201,1
462726,1
914894,1
1012238,1
604265,1
193549,1
725089,1
510799,1
281259,1
335929,1
321148,1
848465,1
300130,2
372537,0
406816,1
877179,1
393206,2
1006385,1
780794,1
446009,1
907898,1
346529,2
671917,2
940190,1
67220,1
701593,1
327153,1
776555,1
653065,0
1001656,1
765548,0
87475,1
397727,1
487871,1
696619,1
405510,0
780516,1
968394,1
730553,2
712836,1
732001,1
51759,0
269158,1
673427,1
875162,1
15836,1
865772,0
323894,1
264564,1
549988,1
38480,2
42210,1
372672,0
287660,1
264670,1
571468,1
999499,2
719208,1
81547,1
487509,0
488487,1
429824,1
640489,1
66748,1
492004,1
852305,1
643484,1
700604,0
688742,1
486698,2
406647,1
630893,0
632206,1
87956,1
189078,1
487707,1
833997,1
83677,1
239854,1
146237,1
488931,1
466450,1
833072,1
345007,1
784219,1
349975,1
475111,2
642498,1
65864,1
618907,1
415711,1
237720,1
100242,1
592089,1
608379,0
643374,1
498376,1
204933,1
422597,1
880696,1
1013606,1
256743,1
95414,2
117431,1
122059,1
384934,1
513365,1
218583,1
900657,1
449433,1
696747,1
856752,1
5297,1
387331,1
228726,1
298954,1
998113,1
217018,0
191789,1
478466,0
617230,1
502853,1
662052,1
355798,1
986707,1
142516,1
403288,1
312450,1
931941,2
747111,1
898262,2
106831,2
253773,1
180954,1
928435,0
748354,1
274817,1
893049,1
20999,1
290705,1
655618,1
26869,1
336122,1
617979,1
110711,1
616909,2
192573,2
188594,1
63301,1
591561,2
957523,0
151903,1
912339,1
521168,1
876956,1
600382,1
700497,1
693740,2
489918,1
154461,1
185548,1
842621,1
806830,1
786088,0
162235,1
925751,1
315318,1
933745,1
207253,1
958429,1
1017026,1
653960,1
434080,1
520196,1
469219,1
55898,1
486339,1
230042,1
148444,1
951910,1
281251,1
627691,1
581290,1
305278,0
129106,1
981009,2
626269,1
573000,1
408061,1
119495,1
375374,1
958388,1
1006129,1
573132,1
801059,1
706378,1
719769,1
97717,1
778128,1
901041,1
589368,1
444018,1
778704,1
490523,1
601152,1
771286,1
325298,1
588929,1
1010816,2
629165,1
259588,2
898369,1
17841,1
49147,1
132076,1
671722,1
99667,1
155264,2
486948,1
337251,1
866234,1
870437,1
719589,1
276745,0
126176,1
833876,1
906644,0
201255,1
584220,1
281219,1
714258,1
246018,1
828694,0
580660,1
676529,2
610606,1
460166,1
523951,1
419135,1
899241,1
269961,1
780651,0
872754,1
77139,1
774979,0
77021,1
53548,1
354214,1
95542,1
197927,1
479694,1
552881,1
555194,1
374281,1
34907,1
742231,1
551781,1
983432,1
262070,1
491795,1
570580,1
115217,2
949184,1
481815,1
641732,1
561634,1
986060,1
437018,1
366688,1
419458,1
880249,2
462733,1
945588,1
102097,1
837685,1
881356,1
499814,1
386462,1
179824,0
374315,1
730674,1
959172,1
555282,1
538577,1
875926,1
538030,1
49202,1
454897,1
990201,1
185522,1
15975,1
562374,1
670974,2
182398,0
696718,1
877278,1
948785,1
9572,1
167218,2
400755,1
537529,1
18787,1
504525,1
620968,1
353220,1
771822,1
219162,0
676716,1
752711,1
239920,1
357569,1
359949,1
260759,1
702620,1
531460,1
170702,1
588349,1
812202,1
902376,1
896987,0
860764,1
427770,1
71995,1
219328,1
738946,1
786459,1
796142,1
270233,1
673786,1
365427,1
482199,1
805224,1
522576,1
691728,0
929418,0
164350,1
334902,1
75951,1
937404,1
581191,1
171956,1
517383,0
323407,1
916397,1
892444,1
79298,1
782671,1
201310,1
516735,1
253135,1
244023,1
947986,1
889514,1
434381,1
975222,1
653083,1
605402,1
57401,1
747632,1
74624,1
442548,1
356843,1
602539,2
658408,1
241787,1
255690,1
541515,2
168185,2
22623,1
1004729,2
158461,1
171200,1
566349,2
1000570,1
94493,1
585940,0
71052,0
894215,1
1017165,1
944880,1
959301,1
678361,1
884421,2
740112,1
260575,0
131633,1
464096,1
142167,1
927654,1
631887,2
550351,1
184462,1
934247,1
510601,1
313862,1
666016,1
680247,0
585948,1
375884,1
428456,2
183007,0
732177,1
446313,1
739921,1
693865,1
62773,1
1001506,1
137455,1
152823,1
717994,1
468100,1
385968,2
584202,2
431676,1
213744,1
869611,1
614686,1
52477,1
745832,2
850170,0
582677,1
13515,0
178537,0
434965,2
614723,1
754896,1
857034,1
625741,0
613582,1
708288,1
505812,0
430778,0
749373,1
245310,1
359280,2
127768,0
579941,1
514883,2
818079,1
717422,1
267336,1
893658,1
267017,1
777581,1
670141,1
342242,1
1514,1
71357,1
245233,1
744277,1
383995,1
389825,1
312605,1
542060,1
735231,1
192937,0
451014,1
38884,1
584558,1
586420,1
905742,1
897555,1
891869,1
227152,0
242072,1
593570,2
783283,1
719732,1
350610,1
948282,1
661334,1
168530,1
342950,2
759912,1
6104,1
417661,1
658444,1
36174,1
448993,1
977903,1
764187,1
352304,1
768305,1
952052,1
657656,0
665657,1
827954,1
525836,0
67356,0
87336,2
483468,1
764356,1
1016212,1
7428,1
835492,0
263082,1
594740,1
399149,1
550168,1
200838,1
631300,1
463422,1
758045,1
985254,1
554418,1
885808,2
146321,1
555620,1
844058,1
539707,1
325111,1
991965,1
484263,1
634963,1
283433,0
124916,0
650228,1
883127,1
228685,1
399082,1
908525,2
470781,1
531417,1
236264,1
187274,1
799208,1
25707,1
287422,1
614903,1
49550,1
785861,1
473461,1
372926,1
995183,1
255243,1
381359,1
434723,2
864867,1
618671,1
130104,1
668524,1
676631,1
635205,1
988260,1
615904,1
43266,1
299184,1
949236,1
1009399,1
177217,2
1000718,0
9448,1
46878,0
157813,1
340057,2
752102,1
85172,1
244926,0
1006327,1
719163,1
503241,1
277148,1
278688,1
128860,1
234725,1
928589,0
530775,1
993,1
476222,1
391109,1
887255,1
669668,1
325386,1
169971,1
260678,1
647525,0
611214,1
1003265,1
210194,1
590120,1
6551,1
317859,1
139057,1
56635,1
405925,0
893834,1
601530,1
235982,1
154117,1
17672,1
32853,1
700424,1
286252,2
232242,1
118997,1
318313,1
592504,2
457159,1
870895,0
537198,1
816323,1
444931,2
415450,0
548088,1
907681,1
439665,1
1016744,1
856448,1
295904,1
1008402,1
481228,1
233401,1
544473,1
342705,1
489400,1
604584,0
659078,1
1003618,1
40902,1
115338,2
446203,1
754735,1
360547,1
664917,2
385494,0
406870,1
85921,1
784534,1
348347,1
7684,1
493896,1
349388,1
549229,2
104235,0
25321,1
83673,1
205886,1
440803,0
276297,1
491407,1
761588,1
125898,1
640878,1
484920,0
643213,1
691618,1
656314,1
307001,1
957240,1
103898,1
863646,2
749003,1
554740,1
498626,1
94640,1
29882,1
446371,1
675586,1
916771,1
338483,1
468038,1
536803,1
666423,1
232491,1
33102,1
5862,1
357590,1
922242,2
649974,0
541610,1
754694,1
425592,1
302312,1
493078,1
291221,1
835933,1
636411,1
785205,1
54637,1
815403,1
32383,1
594025,1
366039,1
1003085,1
965359,0
966480,1
453001,1
194157,2
999833,1
354746,1
992265,1
135619,1
939648,1
100400,0
677760,1
813463,2
853269,0
449723,1
283994,1
186424,1
363656,1
718849,1
732816,1
534269,1
264205,1
543153,1
976810,1
33429,1
787122,1
508477,1
531567,1
455487,1
645798,1
480436,1
268351,1
585261,1
707126,1
444685,1
670714,1
180693,1
810446,1
466810,0
218594,2
875232,2
535523,1
595062,1
229242,1
461530,1
978441,1
689853,1
498291,1
488249,1
24731,1
720848,1
111323,1
86881,1
760770,0
580682,2
611328,1
92000,1
252013,0
966778,1
861996,1
307184,1
956537,1
965036,1
133367,1
530665,1
980305,2
539699,1
267181,1
880737,1
907883,1
806298,1
499571,1
870231,1
89491,2
217700,1
306374,2
480047,1
908040,1
895340,1
357198,1
122918,1
703551,1
160439,1
926635,1
610543,0
909207,1
190612,1
565506,1
628227,1
910836,1
323098,1
705278,1
736911,2
452473,1
181463,0
464441,1
183209,1
762471,0
207327,1
486166,1
458787,1
575222,1
474213,1
855278,1
52895,1
688614,1
203129,1
892011,1
401356,0
258811,1
177345,1
223361,1
141805,1
828027,0
477557,1
821497,2
499128,1
927621,1
43413,1
703867,1
437193,1
933884,1
554506,1
311729,1
532029,2
508114,1
43860,1
76361,1
331389,1
924390,0
140617,1
991282,1
931857,1
141180,1
923250,0
848939,1
164530,2
312113,1
537037,1
661503,2
687129,2
217807,1
504903,1
775293,1
633889,1
596713,2
46672,2
199073,1
832233,1
693175,2
177187,1
446023,1
460229,1
847475,1
676682,1
793367,1
216509,1
543517,2
924549,1
280371,1
151547,1
888296,1
853151,1
838363,0
611382,0
96671,1
752652,1
284409,1
789241,0
925678,1
187692,1
454916,1
992328,0
407291,1
169050,2
851065,1
723667,2
204382,1
119851,1
844117,1
941218,2
177554,1
142163,1
539468,1
776782,1
345021,1
465170,1
521373,1
476619,1
491164,1
516100,1
305432,1
727678,1
115437,1
450691,1
859391,1
296314,1
867194,0
684544,1
820232,2
177169,0
871687,1
113790,1
666988,1
883479,1
418431,1
130610,1
324077,1
735480,1
449815,1
819678,1
131615,1
413085,0
795222,1
62447,1
958931,0
448700,1
410512,1
433652,1
526565,1
799622,1
506482,1
106464,1
180646,1
285280,1
982493,1
167867,1
810497,1
195484,1
559910,1
474646,1
480575,1
842360,1
300211,1
329812,1
164897,1
830602,1
398298,1
454222,1
622760,1
201006,1
705384,0
480531,1
270420,1
808007,2
560336,1
6236,1
693748,1
428533,1
449000,1
180598,1
959891,1
99249,1
413254,1
698709,1
378168,1
903883,1
986435,2
457834,2
293256,1
572142,1
835500,0
420698,2
676518,1
664953,1
291449,0
68108,1
59421,1
217212,1
279502,1
336236,1
490299,1
199642,1
947711,2
267581,2
361269,1
519521,0
687606,1
824577,2
940235,1
986864,0
127320,1
418299,1
840010,1
681053,1
807769,1
408252,1
564464,1
863671,2
1004523,1
437902,1
625172,0
291188,1
484425,1
493658,1
510670,1
346408,1
329980,1
919590,1
760682,1
385506,2
766927,1
98927,1
489312,2
1007658,1
726512,2
144507,1
597552,1
744655,1
126752,1
880656,2
362673,1
991990,1
46357,1
310849,1
80546,1
585614,1
887769,2
182992,1
573749,1
116320,2
898204,1
139024,1
462883,0
692677,1
425149,1
202102,0
178672,1
841091,0
389692,1
83475,1
449642,0
540884,1
661271,1
972146,1
939284,1
432174,1
229507,2
706019,1
679146,1
518362,1
484807,1
446405,1
712304,2
789883,1
41253,1
673144,1
392649,1
94817,1
840568,1
262148,1
606175,1
914726,0
564864,0
1014294,1
923489,1
243275,1
840443,0
297120,1
47707,1
824056,1
637261,1
859818,1
39221,0
808407,1
56936,1
699580,1
215247,1
842650,1
649527,2
777343,1
610080,1
340406,1
867950,1
785333,2
328950,1
557871,0
987890,1
671322,1
166253,1
373695,1
533172,2
86533,0
760253,1
127962,1
333442,1
788897,1
537929,1
370256,1
174199,1
591617,1
54138,1
947139,1
1009403,2
430187,1
533499,1
976252,1
832978,1
356058,1
810251,1
895737,1
101555,1
676378,1
81895,1
480205,1
665392,1
360507,1
985108,1
561807,1
159411,1
217829,1
262760,1
380912,1
174438,1
457511,0
402717,0
31694,1
371705,2
817122,2
168295,0
377930,1
774711,1
368998,1
230538,1
901063,2
130016,1
564024,2
904789,1
868562,1
20195,1
74158,1
973143,1
11656,1
19182,1
851799,1
595088,1
139578,1
885451,1
879753,1
676217,1
992203,1
145944,1
156148,2
865897,1
49293,1
981625,1
501386,1
633584,1
11007,1
770326,1
955635,1
695537,1
794474,0
77748,1
444337,2
139350,1
373189,1
902640,1
186967,0
780431,1
564707,1
228359,2
754063,0
778355,0
648694,1
996052,1
353242,1
620249,1
789186,1
701395,1
498266,2
623439,1
188422,1
552409,1
707342,1
388798,1
777093,1
567595,2
778917,1
574588,1
635458,1
179105,2
796971,0
580404,1
952580,1
747155,1
136850,1
961700,1
443372,0
204126,1
579772,2
293036,1
1015552,1
549618,1
859605,1
592629,1
156816,1
644195,1
725070,1
106318,1
930562,1
562389,1
9260,1
693476,1
663079,1
695331,1
353107,0
321489,1
740035,1
909364,1
273063,2
519819,0
378069,1
171284,1
350276,1
824496,1
644108,1
463837,1
115745,1
563364,0
729144,0
208922,1
655137,1
518308,1
530317,1
925865,1
534467,1
503755,2
137051,1
525865,1
603532,1
476042,1
319475,1
947928,1
550858,1
300064,1
181287,1
756872,1
447552,1
677001,1
589643,1
54949,2
58967,1
604485,1
138353,1
500576,1
717118,2
315556,1
763931,1
638149,1
900345,1
13203,1
322691,1
380134,1
695081,1
890505,2
532759,2
583964,1
36398,1
170133,1
966855,1
925454,0
267314,1
182798,1
24346,1
438338,1
347067,1
886816,1
72893,1
338344,1
255878,2
290844,1
440197,0
258158,2
553152,1
215409,1
415557,1
799262,1
993578,1
507414,0
461013,1
601813,1
319420,1
611881,1
301708,1
522349,1
59021,1
492158,1
847222,1
336544,2
761537,1
540136,1
138717,1
634347,1
601347,1
649211,1
440414,1
545948,1
729027,1
818725,1
148914,1
269026,1
454460,1
282047,1
888531,1
640643,1
384145,1
905816,2
73344,1
384743,0
762790,1
168501,2
574364,1
201178,2
867048,1
487604,1
152096,1
935589,1
802632,1
539013,1
950612,0
927966,1
167739,1
197394,0
497133,2
217935,1
648995,1
357679,1
27943,2
921502,2
485040,1
312227,1
929391,1
395516,1
6423,1
5958,1
620829,1
401833,1
461002,1
950960,1
219001,1
919370,1
41664,1
189573,1
629837,1
15209,1
826832,1
473131,1
568659,1
373882,1
382099,1
440571,2
418435,1
59391,1
719721,1
184660,1
495407,0
842504,1
442526,1
445150,1
694624,1
825882,1
657296,1
209790,1
939174,1
656831,1
91171,1
492738,1
15418,1
929032,0
165454,1
230093,1
413214,1
731198,1
282678,2
928372,1
11300,1
551088,1
949610,1
1008949,2
242814,1
559275,1
106930,1
37032,1
173316,1
783177,1
1005454,1
945269,1
275087,0
865138,0
11722,1
119356,2
198054,1
189775,1
79908,1
956085,1
970331,2
934111,1
354816,1
359897,1
8014,1
563885,1
124963,1
752054,0
829530,1
54938,1
1000310,2
472170,1
493856,2
884403,1
1011941,1
519745,2
150850,1
699416,1
186794,2
683804,2
169920,1
992973,1
868706,1
824937,1
284283,1
566330,1
682920,1
380556,1
410248,0
685244,1
589489,0
236444,1
450875,1
456943,1
214484,1
986516,1
753187,1
65406,1
893618,1
532920,2
539369,0
558315,2
170926,0
731936,1
612886,1
37380,2
441165,1
6636,2
98857,1
306462,1
663655,1
431551,1
710702,1
991260,1
891685,1
880377,1
750717,1
249138,1
738362,1
578852,1
120024,1
232907,1
155907,2
898017,1
1001065,2
533510,1
132380,1
602593,1
494174,1
681,1
129193,1
219827,1
283107,2
166994,2
505096,1
781890,1
971956,1
98655,1
68104,1
439500,1
870730,1
222676,1
674857,0
902325,1
494181,1
336371,1
984983,1
864302,1
610620,1
370083,1
735011,1
829835,1
459447,1
638505,1
568552,0
6474,1
181849,0
215027,2
889518,1
562385,1
123346,1
624777,1
886625,2
908381,1
217296,1
980796,1
201505,1
524901,1
1002543,0
980569,1
816594,1
23392,1
837036,1
576337,1
333097,1
12716,0
227790,1
679469,1
174632,1
258091,1
499230,1
753323,1
865585,1
89664,0
871218,1
56091,1
228766,1
574614,1
691265,1
292431,1
713521,0
340721,1
398177,1
692996,1
1017048,1
227787,2
779154,1
649790,1
302327,1
245446,1
994476,1
93618,1
855810,2
1005681,1
36079,1
303272,1
137190,1
13892,1
708446,1
610701,2
463774,1
942736,1
150146,1
18109,2
1006408,1
315394,1
332904,1
513875,1
756876,1
275429,1
562084,1
19308,1
211067,0
621958,1
704299,1
359329,0
613751,1
290462,1
853386,1
461820,1
749241,1
4131,1
339998,1
896048,1
534661,2
87240,1
872578,1
266371,1
627017,1
825567,0
959073,1
397198,1
229004,1
484979,0
303470,2
81804,2
729805,1
286245,1
874260,1
323773,1
287187,1
16888,2
745216,1
345546,1
1000938,1
456381,1
978140,1
2162,0
4719,1
986192,2
31258,1
132472,1
492613,1
571622,0
483916,1
64162,1
720190,1
641226,1
102329,1
392388,1
909621,1
720004,0
40432,2
254190,1
147113,1
975244,0
320176,1
144154,2
532696,0
16767,1
685945,0
900635,1
365096,1
511213,1
730993,1
543502,1
1017547,1
160398,1
634196,1
14509,1
895528,1
299070,1
173110,1
380600,0
159374,1
400429,1
343269,1
330007,1
875944,0
150351,1
420085,1
282982,1
647150,1
566620,1
844700,1
674240,0
574005,2
813885,1
893195,0
76875,1
62281,1
877542,1
338935,1
155161,1
876127,1
501658,1
422399,1
56675,1
943917,1
978353,1
871706,2
96015,1
712117,1
792061,0
18538,1
818909,1
887262,1
305982,1
36284,1
271245,1
542604,2
669671,0
441819,1
452187,1
960332,1
858534,1
549834,1
607503,1
201626,2
389263,1
123548,1
271289,1
345333,1
792209,1
805910,1
339808,1
967544,1
489657,1
432985,1
816110,0
539912,1
439027,1
654037,2
230109,1
752913,1
42515,1
466861,1
712333,1
914131,1
122792,1
251030,1
585151,1
324246,1
23172,1
542288,1
469475,2
216031,1
487695,0
899142,0
760657,1
232529,1
448421,1
678974,1
996265,1
246249,0
811744,1
591693,1
816004,1
976490,1
1017242,2
258235,1
922518,1
18530,1
220913,1
643620,1
456066,1
640548,1
181962,1
330029,1
544565,1
165061,1
266911,0
507894,1
277526,1
980554,1
28027,0
551033,1
939101,0
100990,1
267383,0
474642,1
43457,1
388505,1
145108,1
440623,1
982343,1
410956,0
389539,1
356469,1
662540,1
209905,1
854611,1
37359,1
954722,1
479540,1
626463,1
330939,2
261686,1
711699,1
481561,1
420324,0
933525,1
786345,1
691515,1
645875,1
831177,1
930966,1
637540,1
659452,2
678806,1
689512,0
136069,1
121759,2
163739,1
721915,1
869277,2
990087,2
209204,1
179545,1
916306,1
303027,0
876226,1
756681,1
375143,1
932821,1
311882,1
327164,1
236073,1
582178,1
858930,1
257311,1
221660,1
766651,1
573550,1
111220,1
744471,2
68771,1
638783,1
901584,1
840528,1
807875,2
427334,1
730715,1
95634,1
1008574,1
747951,1
987047,2
517596,1
245934,1
888029,2
988631,1
849855,1
266849,1
56815,0
695559,1
903535,1
879247,1
152342,1
515169,0
983128,0
384527,1
493441,1
913365,0
714519,1
703614,1
449521,1
868962,2
565454,1
526778,1
756252,1
65860,1
590773,1
794793,1
368495,1
585191,1
473029,1
678592,1
7721,2
112999,1
122972,1
22502,1
653249,1
547238,1
386480,1
631094,1
309762,1
484784,1
652750,1
533385,2
995037,1
863532,1
589016,1
709483,1
945603,2
7905,1
265521,2
547821,1
874954,1
765584,1
694242,1
366842,1
106688,1
355699,1
696486,1
421200,2
63099,1
344857,1
736236,2
409998,1
646564,0
861718,1
343881,1
675234,1
683547,2
888946,2
910065,1
726659,1
153185,1
817588,2
532117,2
659445,1
892080,1
751783,1
262489,1
336155,1
869431,1
990517,1
157222,1
692273,1
772038,1
966378,1
924853,0
237892,1
398409,1
630710,1
520259,2
282407,1
606139,1
791130,2
93317,2
825710,1
37700,1
951462,1
917699,1
748677,1
776342,1
174294,0
378388,1
818200,1
223710,1
990421,1
850079,1
174760,1
815106,1
735473,1
479126,1
192908,1
274505,1
859968,1
235414,1
693388,1
942879,1
626687,1
972179,1
754353,1
701799,1
775341,2
942149,1
797617,1
230787,1
728352,1
532780,1
733277,1
821,1
70983,1
556739,2
592382,1
978470,1
173143,1
330142,1
236044,1
490163,1
169432,1
635506,1
712050,1
883291,0
527735,1
772562,1
653274,1
759673,1
564985,1
910506,1
972175,1
621176,1
721191,1
832828,1
892190,1
427855,1
294051,1
323333,1
241013,1
724385,1
709605,1
11131,1
12598,1
307694,1
430011,1
705506,1
538793,1
93449,2
396337,1
460195,1
510421,1
216611,1
92066,2
560321,1
556287,1
993798,1
704600,1
521018,1
385579,1
239935,1
763113,1
59773,1
277849,1
222328,2
683264,1
728022,1
281350,1
212721,1
600515,1
753936,1
53427,1
607598,1
544019,0
709083,1
937899,1
427198,1
1000970,1
228308,1
371008,1
670332,2
739532,1
141584,2
525810,1
875302,2
743940,1
602407,1
880818,2
977730,1
686601,0
924846,1
377273,1
406467,1
977305,1
492400,1
714801,1
761782,1
15322,1
321438,2
774223,1
266492,0
1529,1
918164,1
446760,1
160941,1
794724,1
802339,1
922426,1
769610,1
978621,1
1014595,1
932025,1
561795,2
727380,2
20533,0
619669,1
783382,1
255427,1
108099,2
132788,1
359149,1
77670,1
699856,2
706220,1
366930,1
414075,1
652772,1
602568,1
658466,2
841466,1
53221,1
155422,1
850332,2
658837,1
251566,1
124732,1
211764,1
447949,2
534056,1
688834,1
769030,1
377545,1
851575,1
118645,1
445099,1
501162,1
941427,1
618918,1
373475,1
305997,1
402111,1
255221,1
886016,0
289248,1
922008,1
527760,1
783915,1
405198,1
386312,1
526154,1
649659,1
132719,1
1017404,2
920835,1
108756,1
185108,1
995440,1
316340,1
16415,1
850592,0
113141,1
410600,1
540378,1
699166,0
468900,2
175820,1
848546,2
463484,1
833212,1
1009362,1
381252,2
134184,1
891047,1
300615,1
844160,2
524916,1
734315,2
622081,1
609219,2
1014379,1
881778,1
408939,1
280122,1
354614,1
298819,1
773871,1
295236,1
653292,1
683910,1
620942,1
173422,2
755747,1
360822,1
408649,1
249170,1
621297,1
403549,1
674538,1
1013770,1
541364,1
252541,1
76354,1
112823,1
819982,1
852859,1
1010119,1
438323,1
503252,1
462120,1
611508,1
2070,2
601981,1
166327,1
944826,0
557996,0
689747,2
821868,1
932814,0
893650,1
195767,1
934049,2
367076,1
179806,1
781593,1
669260,1
570980,2
126895,1
8829,1
406496,1
372434,1
599404,1
230923,1
316113,1
440410,1
376995,1
973345,1
715295,1
767047,0
209053,1
31485,1
467301,2
549038,0
765951,1
679964,1
216,1
151990,1
450354,2
493508,1
483963,1
274736,1
285893,1
151077,1
839195,1
564633,1
963856,1
209372,1
147692,0
591569,1
461956,1
973969,2
168769,1
45327,1
385117,1
928002,1
700284,1
441503,1
116122,1
1008707,1
433865,1
643426,1
778117,1
686106,2
858501,0
915613,1
98123,1
609343,1
719813,1
731785,1
515752,1
577008,1
723494,1
341087,2
730447,1
153567,1
105801,1
893463,1
886339,1
531530,1
291030,1
542622,1
822861,2
237140,1
793653,1
667538,1
636183,1
770142,1
410659,0
417229,1
947524,1
616996,0
628450,1
512919,1
2580,1
608272,1
536263,1
591077,1
1014382,2
87280,1
47996,1
8649,1
70444,1
921623,1
754551,1
810581,1
434598,1
174991,1
842467,1
980121,1
881800,2
820698,1
571248,1
123544,1
281556,0
683132,1
168824,1
343867,1
555576,1
768943,1
875830,1
519972,1
49716,1
801693,1
638020,1
493368,1
262915,1
1099,1
429989,2
634556,1
741821,1
947443,1
955389,1
103652,2
333604,2
25941,1
998766,0
285486,0
820900,1
968619,2
694572,2
412190,1
784909,1
827903,1
837696,1
626456,1
58130,1
613553,1
846654,1
700332,1
452954,2
490435,1
65626,1
267949,1
570151,1
2643,0
158304,1
712678,1
346202,1
966822,1
262973,1
932384,1
374593,1
153831,1
447170,0
539835,1
521344,1
666687,1
971871,1
958960,1
75313,2
444740,1
305858,1
835522,1
847303,1
250815,1
784871,0
896459,1
244962,1
574012,1
473230,1
647118,1
399967,1
428999,1
114751,1
146750,1
898941,1
642843,1
355637,1
31511,1
243392,1
130320,1
629866,0
364327,1
412301,1
658257,1
809293,2
548679,0
880337,1
45745,2
335488,0
681886,1
820324,1
604607,1
653825,2
31900,1
455719,1
491814,1
442405,1
192742,0
763810,1
558267,1
1015497,2
589625,1
915646,1
349748,1
217377,1
429020,1
658840,2
582695,2
534463,1
84072,1
773655,1
635502,1
441451,1
928116,1
91539,1
424900,2
979372,1
805462,1
854893,1
873010,0
589166,0
900628,1
860933,1
504507,1
325779,1
348376,1
222827,1
278501,1
783702,1
815777,1
709748,2
657458,1
794070,1
291335,1
414251,1
95465,1
590520,1
340394,1
900972,0
909166,1
806416,1
974629,0
1013899,1
309579,1
789483,1
899678,1
39177,1
249691,1
303306,1
334616,2
958993,1
610161,2
988624,1
800296,1
171578,1
217627,1
777589,1
868368,1
909449,1
884946,0
17188,1
778410,1
6683,1
116081,1
314614,1
973389,1
121366,1
889778,1
773156,1
14031,1
918410,2
72329,1
506721,1
895135,1
865538,1
526606,1
271171,1
142875,1
219519,1
666474,1
69787,0
177921,1
713125,1
155150,1
261334,1
509342,1
31951,1
34914,1
916144,1
790881,1
1009179,0
956067,1
397110,0
910993,0
323146,0
756609,2
921997,1
358357,1
918623,0
560262,1
1004039,1
212042,2
923885,1
182589,1
238255,1
585225,0
284199,1
525928,1
133451,1
332892,1
729793,1
953839,1
896099,1
857676,1
688302,1
473124,1
230152,1
458978,1
842085,1
817610,1
175028,1
584345,1
94905,1
17155,1
583289,1
395035,1
8212,1
168028,1
881844,1
56808,2
784640,1
748909,1
651276,2
989892,1
208188,1
799967,1
823712,1
918898,0
942093,1
215933,1
725452,1
538713,1
658855,1
160314,2
62953,1
703922,1
941287,1
25886,1
190696,1
538159,1
656527,1
13654,1
584154,1
4476,1
756267,1
831775,1
936818,1
135813,1
737031,1
266184,2
835654,1
281329,2
490875,0
109328,1
494651,2
206090,1
559819,1
865523,1
796627,1
513736,1
623028,1
561494,1
690275,1
206748,1
780828,1
871306,1
785308,1
352825,0
755354,1
584176,1
993534,1
927672,1
858390,1
696310,1
204052,1
656057,1
87354,1
537697,1
784347,2
58307,1
442427,1
913879,1
595914,1
390427,1
182604,1
331891,1
1015284,1
179013,1
580675,1
715615,1
243873,1
148264,1
647459,0
496569,1
224014,1
84249,2
744581,1
556889,1
652358,1
322747,2
48043,1
313257,1
31221,1
1011673,1
612923,1
617245,0
881734,2
886074,1
49543,1
404014,1
88249,1
384376,1
629907,1
651720,2
876372,1
773732,1
304626,1
80407,0
523504,1
816763,1
226184,1
280760,1
316586,1
291463,1
342367,1
71034,1
113879,1
208588,1
918829,1
866216,1
754540,1
297003,1
867415,1
340871,0
18343,1
915150,1
279678,2
268652,1
935905,1
493809,1
29574,1
543098,1
754294,1
756814,1
2155,1
78844,1
159671,2
48528,2
588275,1
533077,1
281479,1
1012681,1
658330,1
767564,1
210990,1
707845,1
484946,1
1003049,1
466553,1
565182,1
1006091,1
360950,1
894736,2
709348,1
206072,1
698998,1
600009,2
657520,1
463448,1
819209,1
169982,1
706884,1
573055,1
198021,1
520699,1
181724,1
891906,1
607305,1
550186,1
880609,1
466289,1
552841,1
900213,0
1014096,1
495362,1
582875,1
730759,2
832956,1
667303,1
125289,1
581881,0
712436,1
710805,1
561344,1
200878,1
45426,1
561072,0
512070,2
288588,1
915169,1
659504,2
861431,2
469523,1
807039,2
68768,2
866072,0
762967,2
935703,0
831474,1
863220,1
82427,1
184873,1
668032,1
352913,1
995679,1
149137,1
396032,1
695294,1
227941,1
729335,1
397040,1
191495,2
725199,1
481440,1
606719,1
351864,1
265374,1
185445,1
663677,1
28988,1
46313,1
883695,1
474242,1
12073,1
269165,1
33395,1
493900,1
844418,1
239179,0
93191,2
787919,1
488850,0
733761,1
271641,1
486438,0
237272,1
1014009,2
1013943,1
2108,1
123108,2
522132,0
840418,1
147241,1
529766,1
447538,1
297308,1
591019,1
911800,0
2812,1
537309,1
134739,1
254404,1
874855,1
626225,1
580628,2
753073,0
850482,1
233706,1
314034,1
93908,1
623222,0
803387,1
924970,1
811296,1
122657,1
418527,2
18981,1
461596,1
737552,0
470392,1
238806,1
823929,1
565649,1
26047,1
402423,1
189757,1
170720,1
52239,1
525124,1
497467,1
966129,1
251717,1
974643,1
215915,1
495418,1
184095,1
466021,1
220421,1
222951,2
843743,0
521414,1
696093,1
28698,1
884102,1
905919,1
747885,1
443035,1
248562,1
632433,1
322079,0
364697,2
836141,1
63422,1
387100,1
489316,1
432406,1
367047,1
60614,2
678163,1
570115,1
468328,1
377743,1
87192,1
425538,2
958858,1
566866,0
445840,0
861747,1
958164,1
937550,1
391299,1
41202,1
738337,1
722996,1
929960,1
312609,1
583744,2
492910,1
409899,1
283543,1
808322,1
732658,1
385850,1
274057,1
598575,1
961120,1
101874,1
690727,1
884597,0
1006084,0
536461,1
638086,1
926169,1
950164,1
185155,1
328642,0
227820,1
107021,1
951891,1
619595,1
654228,2
816529,1
148022,2
943032,1
968783,1
798984,1
533572,1
178409,1
216882,1
199495,1
316029,1
339936,1
672011,1
806915,1
353415,1
296992,1
632606,1
682975,2
732144,1
684056,2
523812,1
144518,1
916885,1
472057,2
955543,1
374748,0
444319,1
384831,1
716847,0
729195,1
528897,1
865390,1
597101,1
514285,1
928185,1
652989,1
244225,1
212871,1
361225,1
369713,1
170379,2
416400,1
716506,0
151972,1
822575,0
428768,1
798838,1
265510,1
354724,1
937341,1
451270,1
785421,1
936993,1
40021,1
667105,1
827543,1
222500,1
579912,1
608430,1
802052,1
312094,2
547135,1
290422,1
769793,1
519682,1
996218,1
891883,1
354632,1
55858,1
87927,1
721203,1
714067,1
683055,1
206586,1
594234,1
725357,1
306646,1
279436,1
477535,1
193082,1
172942,2
816107,1
708174,1
809653,0
1001902,1
540275,1
908202,1
834877,1
177073,1
8814,1
456532,0
980466,1
1006176,1
910308,1
16705,1
385759,1
769067,1
205611,1
444777,0
803424,0
924570,1
107197,1
133734,1
569681,1
856837,0
263112,1
704303,1
306437,2
390728,0
446360,1
58585,1
758632,1
973561,1
301692,2
415377,1
477685,1
993916,1
417375,1
580455,2
115660,2
752520,2
701616,1
315086,1
925780,1
345175,1
316322,2
886577,1
504381,0
855483,1
969014,1
532168,1
215540,2
222306,1
1010067,0
224450,1
111000,1
444432,1
178698,1
256439,1
185544,1
299456,1
339206,1
538155,1
253315,1
895018,1
665044,2
164035,1
452217,0
201802,2
394687,1
851803,1
679186,1
966099,1
209453,1
813162,1
935604,1
343892,1
343144,1
802162,1
1017040,1
695959,0
473106,1
101081,0
410288,1
86290,2
365643,1
761005,1
772614,2
513424,2
815571,1
868504,1
804117,1
284041,1
122499,1
303364,0
660759,2
362358,1
715530,1
355721,1
934951,1
622959,1
493577,1
74062,1
379877,1
548631,1
221385,2
1011255,1
573514,1
434741,1
435760,1
439324,1
945441,1
946123,2
407233,2
816404,1
869882,1
604991,1
146578,1
484517,1
626184,1
987384,2
987131,1
752964,1
297168,1
341319,1
25644,1
146134,1
917042,2
17874,1
69428,1
193626,1
667402,1
853995,1
552522,1
171387,1
425772,0
312418,1
486922,2
383753,2
1002206,1
550733,1
113567,1
760554,1
514890,1
199169,1
879368,1
431980,1
289761,1
967449,1
585801,0
822054,1
98109,1
550476,1
846959,2
150535,1
966958,1
973954,2
157417,0
273056,1
936069,2
712032,1
907920,1
874415,1
263567,1
995837,1
335095,0
161182,1
488450,2
164772,1
700237,1
705861,1
722718,1
37517,1
131596,1
404175,1
669293,1
1002136,1
582927,1
781322,1
838349,1
197420,1
382518,0
599602,1
784945,1
988107,1
688625,1
544767,1
347760,0
561018,1
953288,1
944958,1
914157,1
361089,2
12712,1
668902,1
251900,1
663552,1
489763,1
516221,1
707654,1
632558,1
748673,1
425996,1
382408,1
332706,1
776056,1
480036,1
32109,1
440289,1
343096,1
170496,1
507700,1
115044,1
443589,1
820636,1
231120,1
399828,1
844296,1
834437,1
311527,1
143186,0
96077,1
350409,1
257836,1
506101,1
334315,1
771738,1
859571,1
493834,0
184484,1
221107,1
654437,1
391343,2
865082,0
959514,1
397422,1
404612,1
367733,1
743827,1
66014,0
973396,1
704806,1
862531,1
234688,1
874316,1
107744,1
360635,1
442948,1
79203,1
140877,1
449103,2
113729,1
280115,1
489363,1
730722,1
524149,1
307203,1
634244,1
984547,1
376034,1
854406,1
405826,1
864669,1
267303,0
390562,1
7527,1
283099,1
664843,1
633339,1
747537,1
201156,1
323704,1
655140,2
552364,1
935255,1
167588,1
393789,1
783548,1
404377,1
465204,1
922080,0
975134,1
220597,2
924901,1
696516,1
978218,1
902390,1
676628,1
126598,1
704046,1
916089,2
347434,1
283103,1
77238,1
39764,2
305146,1
576355,1
896297,1
408843,0
282685,1
754713,1
601394,1
859465,1
674886,1
406573,1
90428,1
529113,1
312292,1
221572,2
84461,0
453368,0
493603,1
564321,0
785759,1
289626,0
387809,1
503894,0
493977,1
870411,1
876471,1
937741,1
51094,0
104763,1
93683,0
17133,1
767300,1
339815,2
91058,1
85550,1
840304,1
625723,2
678376,0
314144,2
71753,0
374913,1
423389,1
882427,1
951392,1
578694,1
957141,1
290433,1
436251,1
785876,1
621378,1
497137,1
262863,1
177129,1
76567,1
625110,1
398416,1
155114,1
916809,1
116382,2
512955,1
477289,1
524479,2
713536,1
544936,1
542563,1
778238,1
178977,1
580408,1
736313,1
233892,1
699908,1
846478,1
465905,1
442650,1
904770,2
574629,1
294048,0
793617,1
363696,1
781212,0
92026,1
655405,1
239667,1
68841,1
751761,2
440029,2
1001418,1
361353,0
7736,1
612930,1
41044,1
74392,1
875500,1
570533,1
580440,1
166011,1
567881,1
277959,1
153509,1
829938,1
311163,2
455883,1
154627,1
384758,1
264153,1
194814,1
896675,1
57775,1
1003339,1
465127,1
658437,1
926275,1
359189,1
171516,0
12705,1
88465,1
694048,1
351288,1
264179,1
488274,1
960307,1
701102,1
359174,1
140114,1
160204,1
795592,1
702114,1
490622,2
21787,2
393077,1
573705,1
461839,1
525197,1
862700,1
207723,1
432053,1
48263,1
215108,1
575255,1
693139,0
2647,0
932146,1
580198,1
128989,1
522459,1
9972,1
982105,1
741777,1
789513,0
790001,2
468735,2
378719,1
577767,1
819942,1
83280,1
516793,1
377497,1
336922,1
307768,1
19388,2
47882,1
145401,1
89620,1
767249,1
39126,1
51689,1
11869,1
702745,1
212149,1
525296,1
29615,1
204331,1
453687,1
546134,1
309476,1
358214,1
102868,1
954094,1
772250,1
813177,1
878451,1
992452,1
96330,1
59472,1
431757,1
718959,0
1008071,1
127698,1
704,1
783779,1
425604,1
266085,1
333644,1
1000046,1
330472,1
819939,1
259739,2
744167,0
536032,1
95304,1
913167,1
229873,1
771055,1
784769,1
890930,1
192397,2
123254,1
316098,2
78000,1
80076,1
302275,1
576230,1
545283,1
787544,1
235825,1
680265,1
941229,1
945771,1
993468,1
279216,1
127650,1
879577,2
222324,1
932883,1
575662,2
223868,1
1017635,1
476651,1
318342,2
1017396,1
190810,1
867822,1
368392,1
218499,1
323818,1
192735,1
488960,2
610037,1
612684,1
210653,1
132542,2
240793,1
365092,1
800245,0
621158,1
539365,2
534409,2
686957,1
650404,2
683136,1
13258,1
527151,1
621132,1
76952,1
412679,1
180239,1
8120,1
494680,1
558557,1
174955,1
690444,1
885763,1
825589,1
446030,1
31959,1
461424,1
965256,1
344369,0
300673,0
820405,1
1017297,1
618495,2
677988,1
308442,1
515499,1
926558,2
166598,1
377204,1
38804,1
452789,2
834624,1
37296,1
275836,1
110807,1
200449,0
485840,1
381483,1
588994,1
535226,2
419531,1
634523,1
876174,1
751813,0
122293,1
959190,1
305458,1
667178,1
985481,2
364022,1
159125,1
166671,1
859285,1
472046,1
914234,1
707423,1
929443,1
920992,1
888278,1
794786,2
348875,1
535189,1
134386,1
838338,2
438121,1
203763,1
782532,1
428140,2
458868,0
782631,1
765522,1
683110,1
288559,1
225932,1
352380,0
514175,1
902916,1
141863,1
520141,0
455858,1
298972,1
253902,1
886449,1
413401,2
613715,1
669282,1
694099,1
434037,0
1000985,1
465497,2
332195,1
68962,0
48678,1
51748,1
845569,1
433025,1
469185,1
799006,1
861992,1
72729,1
236367,1
589005,1
412682,1
616446,1
560637,0
631832,1
264869,1
743999,2
112768,1
431625,0
258965,1
882173,0
445657,1
24364,1
504147,1
286465,1
757547,2
940484,1
777376,1
213829,1
22113,1
847817,2
62414,1
890329,1
52914,1
9840,1
168031,1
88506,1
246072,1
729302,1
770986,2
908477,1
990337,1
825350,1
380226,1
491836,1
981023,1
62883,1
542284,1
703092,1
360671,1
290745,1
957949,1
693043,1
283260,1
312337,1
787096,1
1001979,1
310900,2
4029,1
194432,1
975871,1
771550,1
879485,1
117552,2
200214,0
235135,1
134393,1
479371,1
491139,1
390191,1
13236,1
912434,1
963757,1
920493,1
319611,1
866795,1
477465,1
808586,1
552775,1
766640,1
111587,1
136564,1
742529,1
809411,1
118058,1
969957,1
653872,1
408575,2
258558,1
148136,1
371378,1
458219,1
774234,1
522187,1
653928,2
381278,1
513233,1
815018,1
504840,1
874239,1
373064,1
989591,1
945041,0
617164,1
945944,1
437179,1
804124,1
51506,1
415113,1
988561,1
734858,0
901207,1
619573,1
64746,1
528167,1
530584,1
135002,1
529997,2
661323,1
377181,1
625668,1
85341,1
26407,1
240038,1
245075,2
719574,1
992393,0
746015,1
398830,1
373527,1
318034,1
54886,2
49756,1
40241,1
99058,1
915419,1
956933,1
500590,1
645570,2
350261,1
716726,1
913684,1
416921,1
765940,1
221194,1
445356,1
345355,2
187681,1
811304,1
931761,1
585180,1
97173,1
402199,1
938434,0
936142,1
1011266,1
98574,1
671175,1
123184,1
314801,1
449396,1
470705,1
83318,1
537712,1
965670,1
683297,1
791431,1
238747,1
828838,1
22395,0
469853,1
541137,1
808308,1
79669,1
131189,1
373002,1
746338,1
385289,1
438602,2
774443,0
580518,1
294536,1
878491,1
468056,1
372045,1
101016,1
297759,1
683260,0
846823,1
885569,1
147117,1
822605,1
269422,1
334520,1
756942,1
1016139,1
734380,1
24874,1
749252,1
240287,1
136278,1
233009,1
379004,2
909944,2
883170,1
997604,1
779190,1
427477,1
647576,1
409554,1
360165,2
964615,1
595419,1
569942,1
956742,1
730384,1
228410,1
32699,1
401121,1
867220,1
967526,2
224740,2
756212,0
843644,1
451502,1
135109,1
445624,2
797022,1
518740,1
941537,0
667288,1
347735,1
400021,1
179729,1
458842,1
215650,1
771833,1
482218,1
573907,1
674,1
277661,1
626210,0
872174,1
783551,1
616453,1
586028,0
438532,1
395666,2
816158,1
340031,0
615760,1
124486,1
368426,1
857834,1
220755,1
223127,1
984437,1
579754,1
521340,1
639425,1
281703,1
112580,1
912544,1
680548,1
309759,1
593138,1
123005,1
900381,1
94945,1
628821,1
639403,1
297689,1
451689,1
891968,1
605619,1
546138,2
664557,1
576575,1
777170,1
392494,1
6203,1
286359,1
459612,1
564219,1
62692,1
740347,1
94729,1
299500,1
491894,1
644511,1
216992,2
469361,1
44836,1
687873,1
946714,1
819142,1
446951,2
498541,1
816693,1
221983,2
998575,1
860580,1
844784,1
390081,1
465189,1
709957,1
90783,1
716245,1
762707,1
151282,1
844571,2
712847,0
359097,1
533408,0
359761,1
369063,1
169928,1
795530,1
593134,1
479265,1
373486,1
1008031,1
77407,1
617601,1
717121,1
678453,1
410163,1
388105,1
875236,2
223189,1
537554,1
885352,2
176175,1
248191,1
3992,2
1001366,1
469204,1
343445,1
527441,1
510344,2
76318,1
763784,2
619481,1
393253,1
295980,1
345887,1
209651,1
292879,1
593116,1
405260,2
986556,1
697601,1
449419,1
570584,1
404861,1
823242,1
504943,1
46049,1
290110,1
117978,0
418079,1
283183,1
363135,1
861420,0
157758,1
525201,0
499975,1
870778,1
514205,0
854431,1
871261,2
301179,1
822986,1
205086,1
172087,1
973862,1
203837,1
615566,1
676954,1
1005524,1
466605,1
21215,1
881583,0
234967,0
694510,0
215250,1
362662,2
510182,1
9598,1
968130,1
203282,1
496646,1
463187,1
9110,1
95935,1
1005050,2
827507,1
39258,1
202535,1
298048,1
278758,1
642997,1
519147,1
913266,1
173297,1
379444,1
234941,1
4061,1
679623,1
949009,1
900932,1
314386,1
903454,1
10134,1
111525,1
217674,1
145001,1
903230,1
229859,1
426300,1
316751,1
592159,1
54222,0
545111,1
896709,1
396777,1
640401,1
779819,1
744082,1
809932,1
575354,1
455054,1
110249,1
901771,1
186413,2
145694,1
956988,1
873160,1
282164,1
882544,1
135512,1
393488,2
445628,0
629239,1
225873,1
404319,1
26018,0
46823,1
145991,1
555268,1
534203,1
331169,1
618260,1
956254,1
540950,1
838617,1
686733,1
35999,1
796359,0
1006437,1
801844,1
952650,1
591587,2
36329,1
87680,1
102093,1
518528,1
561708,1
152775,1
220274,0
46074,1
917556,1
451362,1
103960,1
670871,1
377893,1
481022,1
129627,1
525894,1
469989,1
646810,1
254602,1
534878,1
38213,2
333361,1
373530,1
154605,1
713129,1
476725,1
395208,1
635601,2
998007,1
281714,2
459171,0
331282,1
562749,1
628201,1
854479,1
924659,0
878000,0
395509,1
59692,1
936186,1
910737,1
1009120,1
509973,1
611331,1
725900,1
724796,2
985496,1
314672,1
358892,2
810846,1
750412,1
214169,1
973165,1
253502,1
229682,1
758302,1
224799,1
467448,1
203749,1
565887,1
381209,1
176164,1
999954,0
444975,1
889738,1
965362,1
529531,1
57537,1
436170,1
183425,1
305186,1
310335,1
710603,1
300071,1
740688,1
752997,1
329849,1
454277,1
733662,1
71452,1
679609,1
874808,1
114249,1
582112,1
148411,1
672675,0
476505,0
474848,1
794515,1
900129,1
654345,1
877755,1
12297,2
247789,1
611294,1
1013628,1
371190,1
481477,1
378186,1
869369,0
401400,1
231762,1
851814,1
284856,1
800575,1
604126,1
576399,2
918513,2
122073,1
96998,2
977808,1
693182,1
39430,1
931989,1
352623,1
244265,1
657708,1
230138,1
861361,1
557578,1
555381,1
192177,1
192096,1
388765,1
278523,1
817177,0
369074,1
61996,1
759938,2
397664,1
39364,2
899182,1
73719,1
372816,1
903366,2
491780,1
726071,1
844263,1
75108,1
724110,1
738593,1
31896,1
9569,1
169120,1
198319,1
873560,1
386190,1
489242,1
578904,1
795534,1
21783,1
106611,1
110821,1
939464,1
937620,1
20485,1
88058,1
499663,2
260609,1
723953,2
461057,1
478019,1
32857,1
251878,1
299962,0
221514,0
512294,1
367759,2
257876,1
745821,1
557714,0
167379,1
384824,2
279135,1
208508,1
956191,1
986240,1
746231,1
680573,2
873894,1
928930,1
619207,1
442922,1
260106,1
246685,1
218015,1
364631,2
74532,1
144891,1
755116,1
823583,1
104774,1
928486,2
669462,1
258462,1
423969,2
541584,2
728260,1
7390,2
442838,1
184965,1
197307,1
537536,1
245307,0
549210,1
139376,1
637801,1
372265,1
616280,1
663860,1
954832,1
613128,1
406526,1
523827,1
369269,0
990627,1
679450,2
971619,1
66829,1
572605,1
492118,0
642234,1
613825,0
145012,1
898824,0
283392,1
495766,1
646645,1
557479,1
651827,1
765276,1
157079,1
702826,1
954476,1
930591,1
358191,1
912526,1
731763,0
677496,1
943982,1
693692,1
1012421,1
130713,1
701649,1
814060,1
860540,1
214213,1
255966,1
628043,1
377196,1
252581,1
475331,1
721434,1
448928,1
267963,1
824225,1
848832,1
295005,1
151257,1
969157,1
31955,1
431827,0
1017851,0
793529,1
873391,1
517185,1
468793,1
280317,1
967658,2
356135,0
954124,1
670280,1
832721,0
85903,1
300329,1
424984,1
787786,1
785674,1
102615,1
125322,1
603422,2
876541,1
668850,1
859513,1
229598,1
140099,1
351152,1
404171,1
90743,1
238938,1
354474,1
186387,1
223219,1
792171,1
726475,2
247693,1
530232,0
888186,2
389696,1
352351,1
923265,1
37300,1
530434,1
960361,1
550982,1
171097,1
955891,1
809356,1
268528,1
59513,1
608188,2
667967,2
763326,2
612431,1
74682,1
535633,1
700428,1
48021,1
542930,1
328000,1
252097,1
533811,2
209750,1
666577,2
167067,1
662687,1
59520,1
607954,2
817999,1
354232,1
806793,1
911969,2
286832,1
28959,1
844003,1
873164,0
390449,1
95025,1
656046,1
429684,1
455843,1
525946,1
43725,1
173228,1
994414,1
298833,1
378964,1
91975,2
852697,0
905559,2
591118,1
992636,2
197028,1
134511,1
548459,1
625778,1
111217,1
169649,0
769382,1
152856,1
349410,1
558366,1
695885,1
523140,1
854266,1
220542,1
645,1
21442,1
713019,1
507821,1
422175,1
250190,1
803893,1
149944,1
158553,1
455377,1
423606,1
531662,1
260139,1
917424,1
443471,1
649273,1
266562,1
428401,1
924754,1
388181,1
125388,0
119161,1
809965,1
624270,2
493775,2
233115,1
843570,1
809114,1
219962,0
121696,1
912753,1
493588,1
968648,1
791398,1
916757,1
58387,1
884131,1
795321,0
237416,1
417173,1
380905,1
896228,1
602003,1
308882,1
77751,1
208764,1
710184,1
646759,1
481422,1
675517,1
947373,1
523779,1
558337,1
339778,1
334883,1
449792,1
25215,1
215878,1
272866,1
825981,1
977998,1
632107,1
290763,0
466337,1
513130,0
725434,1
907319,1
344314,1
632044,1
559242,1
7552,1
273830,0
391714,1
223134,1
917039,1
1001249,1
431951,1
369375,2
537158,1
196126,2
638828,2
38859,1
839412,1
471922,1
328800,1
424555,1
496543,1
911792,1
2357,1
591239,1
111936,1
953802,1
881770,1
805569,1
828676,1
274310,1
484605,1
899751,2
704545,1
769636,1
124941,1
21846,1
103223,1
372405,1
494167,1
719347,1
506619,1
258408,1
324484,1
498196,1
72835,1
478866,1
282593,1
401716,1
577543,1
607440,0
199187,1
514322,0
67819,1
98585,1
697609,1
305759,1
454725,1
946082,1
40502,1
330010,1
369500,2
686193,1
14130,1
114704,1
468331,1
591624,1
1010320,1
1012825,0
673739,1
423730,1
718452,1
779114,1
713480,2
851638,1
130706,1
30891,1
518094,1
49246,1
192540,1
632925,2
136429,1
134566,1
479258,1
800432,1
765030,1
659856,1
596717,1
677915,2
982020,1
299302,2
983568,1
211892,0
588385,1
805646,0
700196,1
126624,2
253179,1
1014207,0
20874,1
974562,2
533004,1
47255,1
797437,2
750331,1
694525,1
928376,1
1003489,1
513512,1
492932,1
457757,1
630318,1
269521,1
707984,2
421402,1
489815,1
483743,0
477050,1
718881,1
318654,1
382107,2
384967,1
460320,2
555660,1
359545,1
285109,1
647260,0
586633,1
3215,1
189393,1
254741,1
313785,1
731602,1
335851,1
584730,1
902703,1
771480,1
155363,1
829996,1
804832,1
748772,1
752106,1
830547,1
664359,0
974111,0
683532,1
713741,1
586068,1
475537,1
223901,0
378076,0
171600,2
471441,1
762860,1
442742,2
642058,1
220696,1
900826,1
633081,1
397396,1
185243,1
416239,1
804513,1
520835,1
272084,1
919749,1
767821,2
54075,1
839474,1
533954,1
933701,1
824841,1
879379,1
77667,1
460980,1
596357,1
590447,1
786547,1
521964,0
746950,1
555198,1
753558,1
107917,1
453243,1
430084,1
824049,1
892594,1
578548,1
172953,1
478613,1
41172,1
879603,1
526815,1
134595,1
974481,1
380060,1
91818,2
847592,0
380431,1
531273,1
314229,1
894116,0
22047,1
219481,1
686359,1
627839,1
145999,1
996841,1
96129,1
101647,1
732940,0
423143,1
309117,1
436439,1
345979,1
565593,2
902196,1
806683,1
457618,1
96987,1
519055,1
594076,1
72219,1
553097,1
3956,1
633915,1
123306,1
421189,1
47923,1
950029,1
732210,1
314247,1
241028,1
349986,1
767351,1
632987,1
306385,1
12286,1
349762,2
371224,1
601031,1
371738,1
912331,1
654804,1
543623,1
992449,1
75999,0
783298,1
27044,1
711244,1
303632,1
260007,1
968424,1
102446,1
351208,1
635913,1
442595,0
387250,0
256574,1
916867,1
802559,2
577642,1
383621,1
980206,1
350214,1
89239,0
596841,1
276206,1
637009,1
558946,1
27819,0
453342,1
830972,2
990979,1
667486,1
97540,1
882962,1
383438,1
957325,1
775899,1
931196,2
532942,1
328907,0
978863,1
54325,1
401040,1
802526,1
408656,1
316986,1
542512,1
659382,0
634152,1
337765,1
708219,1
862821,1
562176,1
341065,1
8807,0
315695,1
69130,2
300336,1
345391,1
315545,1
607701,2
778249,1
485004,2
649897,1
673874,1
604915,1
323285,1
298268,1
783074,2
56161,1
547304,1
524691,1
413078,0
518612,1
443123,1
1000916,1
592409,1
274839,1
980008,1
61116,1
60555,0
605549,1
710911,1
327135,1
703595,1
868687,1
453771,1
231814,1
237265,1
274295,1
899681,1
252383,1
367186,0
463459,0
156232,1
655360,1
138739,1
615805,1
184631,1
898570,0
26630,0
156485,1
888726,2
295944,1
416514,1
750904,1
646047,1
176494,1
912298,1
730333,2
420283,1
909841,1
157464,1
324686,1
439870,1
508664,1
986677,1
726215,2
579310,1
328118,2
591305,1
561461,1
549423,1
98989,1
163045,1
828409,1
449334,0
737039,1
862036,1
741469,1
702844,1
708460,1
872534,2
837656,1
599091,1
471070,1
461721,2
814677,1
481965,1
58435,0
675975,2
8443,1
50633,1
793891,1
377343,1
411751,1
1007922,1
10970,1
757213,0
500426,1
991411,2
203873,0
274406,1
497951,1
1002961,1
766772,1
11216,1
860937,0
630329,1
14974,1
536069,1
982527,1
130409,1
10295,1
554861,1
1010533,2
160581,1
820661,1
33065,1
440322,1
174108,0
769489,0
499935,0
857258,1
593754,0
612149,1
375738,1
690114,1
34547,1
53199,2
658026,1
998083,1
982828,1
843402,1
827943,2
625309,1
357631,1
394218,1
414556,1
34183,1
550494,1
1001292,1
30022,1
775525,1
707841,1
530320,1
266555,1
419711,1
470525,0
471937,2
738131,1
457874,1
55241,1
472794,1
106222,2
164622,0
207859,1
354768,1
296802,1
506097,1
457357,2
690338,0
298220,1
48094,1
443329,1
193794,1
20687,1
235377,1
414413,1
947311,0
515239,0
564127,2
508558,1
50093,1
42540,1
573217,1
276796,1
812150,1
318078,2
431687,0
636488,1
28221,1
813706,1
311718,1
117417,2
337578,1
574706,1
941063,1
645314,0
747508,2
348167,1
683745,1
912735,1
874532,1
435386,2
316403,1
105416,1
86977,1
620315,1
463107,1
817368,1
367032,2
440924,1
680250,1
614309,1
823440,1
866803,1
100712,1
873582,1
456668,1
418442,1
153145,1
699672,1
586615,1
547791,1
95267,1
36383,1
916683,1
704109,1
417959,1
30044,1
700563,1
899469,1
647268,1
400913,0
950227,1
471816,1
635241,1
461361,1
165359,0
92833,1
195103,1
730061,1
266195,1
854817,2
507175,1
245824,1
991781,1
381913,1
547674,1
377868,1
591026,1
83703,1
404799,1
130728,1
908297,1
703221,1
929047,0
975493,1
900491,1
516706,1
686010,1
157901,1
591048,1
9880,1
379565,1
627732,1
872093,1
472970,1
1002844,2
78132,1
592184,1
307878,1
959176,1
891197,1
47619,0
864849,1
580855,1
839199,1
491674,1
978379,2
182794,1
946592,1
126352,1
82661,1
427235,2
191268,1
540521,1
880674,1
559620,1
700325,1
392418,1
300842,1
830066,1
21802,1
903942,1
727850,1
464519,1
309337,1
927261,1
456950,2
687271,1
705784,1
405994,0
199914,1
932047,0
907700,1
858020,1
231094,1
22568,1
728462,2
76842,1
373619,1
741315,1
989089,1
829361,1
988190,1
608559,1
456789,1
702044,1
537183,0
314438,1
317891,1
121182,1
612626,1
716377,1
96312,1
224373,1
833700,1
357242,1
732492,1
903043,1
864731,1
911756,1
764752,1
789454,1
418765,1
700288,0
428650,1
943586,1
612240,1
175497,1
436927,1
737060,1
83075,2
814992,0
134199,1
114513,0
118032,1
270820,1
260791,1
833861,1
95319,1
544411,1
64210,1
199994,1
621095,1
246692,1
1961,1
710720,1
174397,1
355806,1
943692,2
215283,1
798713,1
161043,1
602351,2
325724,1
11612,1
765360,1
551877,1
169094,1
394731,1
828588,0
557002,1
719761,1
1013268,0
14505,1
721254,2
160828,1
329393,1
1000871,1
512119,1
218451,1
707603,1
810842,2
167324,1
224087,1
536704,1
234879,1
196441,1
276587,1
192056,1
643950,1
141977,1
349931,1
413313,2
994836,1
74110,0
501438,1
611049,1
681578,1
652916,1
637915,1
935240,1
890534,1
772496,2
364752,1
380082,1
569227,1
143935,1
132979,1
544947,1
751109,1
529605,1
806012,1
397323,1
491388,1
455348,1
446577,1
638460,1
981823,2
164549,1
568897,1
990142,1
546024,1
809190,0
70891,1
290367,1
620443,1
879401,1
838480,1
710948,1
671597,1
938294,0
620791,1
867895,1
887325,1
393532,1
529854,1
710140,1
766424,1
606315,1
561065,2
261826,1
583931,1
787474,1
599554,2
313671,1
235407,1
654415,1
208496,1
969601,1
545610,1
247459,2
753723,1
346518,1
145298,1
492275,1
171611,1
118021,1
844135,1
78462,1
179626,1
714698,1
491072,1
849198,1
328363,1
514432,0
771925,1
105232,1
393738,1
514076,0
864533,1
683972,1
220432,1
748659,1
40832,0
639814,1
98020,1
28162,1
966268,1
928097,1
18145,1
662108,1
118319,1
479195,1
60764,1
242649,1
251739,1
619401,0
312810,1
24896,1
344208,1
632198,1
965300,1
208243,2
979145,1
692868,1
938306,0
966352,1
683646,1
139329,1
544110,1
130632,2
332661,1
544165,1
500936,1
806797,1
809811,1
770821,1
922422,1
675917,1
143715,2
112067,1
143120,1
763465,1
698796,2
303368,1
575691,1
999491,1
72464,0
59759,0
135828,0
743045,1
108855,2
301458,2
57591,1
607419,1
218356,1
807644,1
846195,1
960718,1
796432,1
933727,1
164295,1
530915,1
928882,1
165795,1
410215,1
509878,1
602898,1
204104,1
386961,1
719534,2
375620,1
197013,1
920178,1
755152,1
145445,0
706213,2
172278,2
175893,1
151910,1
642391,1
490002,1
857812,1
646120,1
44458,1
663248,1
808245,1
69516,1
27466,1
646748,1
282461,0
762750,1
1392,1
144914,1
686454,1
425970,1
973334,1
497867,1
812950,1
407255,1
374432,1
160365,1
504947,1
548969,1
17452,1
577224,2
45491,1
535648,1
434293,1
272499,1
904925,1
893232,1
913336,2
638383,1
820991,1
870781,1
335169,1
80249,1
103216,0
401488,1
799365,1
77047,1
687169,1
873821,1
649938,0
122253,1
621480,1
400803,2
449808,1
397998,1
244591,1
879180,1
38132,1
520505,2
23819,1
880069,1
46173,1
471317,2
586534,1
840395,1
180341,1
125252,1
434826,1
129524,1
258103,1
148172,1
971659,1
525788,1
47105,2
622720,1
643305,1
523845,1
755369,1
223068,1
944125,2
391178,1
959572,1
121593,1
953075,1
650620,1
481569,1
12015,1
569351,1
343409,1
722831,1
203767,1
706132,2
887277,0
11443,1
700673,1
873700,1
94288,0
84740,1
595206,1
852800,1
800667,1
423059,1
453335,1
483992,1
799057,1
61721,1
187292,0
251687,1
298473,1
507249,1
566819,2
27507,1
50831,1
83134,1
696398,2
570357,1
180187,2
940268,1
995910,1
237016,1
605581,0
78055,1
521186,1
398250,0
264865,1
917992,1
1010944,1
833531,1
987692,1
752982,2
314636,1
819571,1
729456,1
45884,2
228795,1
90608,1
466047,1
629257,1
788817,0
757521,1
548510,1
52741,1
158902,1
69350,1
262104,1
672569,2
519932,1
231975,1
360518,1
959709,1
534089,1
39357,1
1006804,2
369382,1
770627,0
161609,1
313848,1
963908,1
418486,0
640067,1
441213,1
933000,1
659650,1
870103,1
517170,1
28218,0
700640,1
345490,1
336599,0
272594,1
870914,0
841132,1
626122,1
27554,1
185427,1
903597,1
265716,0
370476,1
883934,1
69732,1
792483,1
179655,2
398034,1
451641,1
819465,1
724121,1
699544,1
538599,1
202296,0
975718,1
85657,0
483097,2
23345,2
654374,0
170823,1
802331,1
898516,1
491928,2
302800,1
17977,1
570973,1
178771,1
126206,1
1010063,1
27697,1
238471,1
627970,1
951282,1
82159,1
352076,1
176421,1
116140,1
360712,1
973491,1
142589,1
763377,1
918678,1
415234,1
135093,1
617014,0
678725,1
93100,1
301773,1
38833,1
426917,1
88003,1
103146,1
35654,1
550450,1
684816,0
598421,0
668337,1
477593,1
844414,2
778872,1
75724,1
745575,1
268964,2
159734,1
938427,1
976638,1
149339,1
694426,1
803361,1
352469,1
417849,1
633731,0
702282,2
565072,1
718661,1
429321,1
662489,1
174034,1
222775,0
880018,1
567151,1
767472,1
577709,0
948789,1
120835,1
1001751,1
87002,0
173466,1
279252,1
559309,1
795952,2
18486,1
316627,1
257829,1
874426,1
767270,1
999462,1
569832,1
104565,1
649905,1
410439,1
21428,1
71203,1
1007335,0
723597,1
320844,1
162440,2
718328,1
1009546,1
201192,1
856932,0
773134,1
268616,2
869303,2
325199,1
985221,1
724172,1
101427,1
669543,1
245879,1
32369,1
807718,2
29390,1
994087,1
900206,1
86937,0
460500,2
339590,1
548635,1
781238,1
453339,1
893456,1
883765,1
954432,1
504495,1
36545,1
850828,2
397260,0
392340,1
150270,1
397583,1
101328,0
963562,1
941140,1
257692,1
1006884,1
949892,1
34705,1
801488,1
602146,1
368459,1
390559,2
680298,1
440300,1
880865,1
378054,1
458442,2
887882,1
912324,1
487611,1
210668,1
124071,1
105456,1
252644,1
630394,1
681273,1
934881,1
877146,1
216802,1
317363,2
363300,1
834628,1
1011219,1
744879,2
582952,1
737358,1
959484,0
299144,0
926811,1
812062,1
306110,1
666775,1
717507,1
61905,2
342547,1
651874,1
863091,1
67488,1
35643,1
726277,1
286777,1
351020,1
194674,1
278039,0
62263,1
1002639,1
772283,2
759082,1
403886,1
592665,1
220230,1
183322,1
769687,1
634592,1
697285,1
998814,1
284614,2
324488,1
1014537,1
93423,1
1004501,1
87615,1
972942,1
103649,1
718339,1
562242,1
819061,2
456095,1
297230,1
851289,2
1017819,1
377219,1
817845,1
785935,2
750360,2
516603,0
478507,1
782389,1
1010717,1
99979,1
675883,1
524226,1
822128,1
323036,1
220344,1
312832,1
11579,1
243491,0
879119,1
489929,1
339723,1
387405,1
650107,1
446166,1
608562,1
344839,1
599642,1
785579,1
626713,2
855689,1
158308,1
244375,1
228168,1
498974,2
946747,1
632976,1
542578,1
606461,1
939170,1
717132,1
715307,1
84719,1
735738,0
241974,1
780343,1
18284,1
631391,1
442229,1
381304,1
356539,1
86779,1
5000,1
884487,1
376683,0
508444,1
245138,1
926019,1
656732,2
192881,0
86665,2
35416,1
79580,1
227927,1
76097,1
605512,1
831397,1
857892,1
523427,0
760411,1
533297,1
340640,1
651177,0
307618,0
641824,1
795637,1
1016326,1
538661,2
585533,1
297865,1
87053,1
661914,1
343423,1
945522,1
609024,1
670853,2
481370,0
314731,1
919235,1
489561,0
570283,1
764569,1
40351,1
125766,1
700581,1
527775,1
220256,1
232495,1
665268,1
291416,1
142020,2
412929,1
946787,0
520167,1
248111,1
875717,1
191572,1
398412,1
1009711,2
297061,1
574580,1
539581,1
812132,1
149328,1
371165,1
36949,0
378494,1
23228,1
736944,1
759677,1
998649,1
793903,1
241178,0
8557,1
175596,1
701285,1
69329,2
68672,1
706107,1
622034,1
211195,1
279968,1
859380,0
856345,1
190018,1
601794,1
520974,1
332085,1
194344,1
920806,1
589702,1
355402,2
107575,2
403181,1
533059,1
921960,1
817324,1
29402,1
608195,1
413669,0
84887,1
306774,1
14372,2
885590,1
467547,2
572807,2
919334,1
333192,1
654077,1
439393,1
40418,1
580309,1
878231,1
586266,0
879885,0
147971,1
157116,0
647947,1
184774,0
132993,1
301605,1
728004,1
481590,1
1013613,1
652941,1
332177,1
140862,2
194319,1
965102,1
24632,1
927991,1
208409,1
405969,1
706448,1
64757,1
863994,1
455032,1
83112,1
962664,1
499025,1
667769,1
918098,1
54882,1
128064,1
1012762,1
617388,1
148103,1
611199,1
357565,1
324639,1
813955,0
107472,1
996162,1
189371,1
719262,2
772618,1
525593,1
627916,1
424511,1
775286,0
787805,1
10035,1
954971,2
910230,1
81880,2
346785,1
1010757,1
562866,2
641666,1
27983,1
81990,1
857232,1
273658,1
12271,1
80476,1
8391,1
34260,2
455542,1
966808,1
413041,1
25358,2
775114,1
1006532,1
98383,0
29479,1
726501,1
77050,1
765870,1
437087,2
960211,1
57690,1
437450,1
78749,1
590021,1
775161,1
444223,1
126161,1
632594,2
456796,1
583689,1
1008871,1
261019,1
36581,1
90677,1
959682,1
313745,1
421394,1
128604,1
637852,2
99960,1
675788,1
290008,1
215416,1
341326,1
110957,1
558494,1
264414,1
862623,1
51674,0
963423,1
41088,1
564589,1
98406,1
710438,2
335808,2
523926,1
272268,1
103135,1
178665,0
250066,1
154810,1
612082,1
609248,1
265763,1
786811,1
905445,1
836303,1
996584,1
718599,1
79243,1
220106,1
397800,1
663974,1
497717,1
674314,2
698840,1
373082,1
244966,1
462652,1
995330,1
864959,1
99780,1
964684,1
870158,1
537426,1
181027,1
756216,1
967863,0
413290,0
810130,1
96257,1
684188,2
500983,1
624355,2
953024,1
213711,1
566936,1
933815,1
582310,2
863947,1
452642,1
497027,1
672822,2
726167,1
917619,1
525135,1
779338,1
23602,1
7703,1
244229,0
246953,1
9576,1
878646,1
956148,1
879339,1
626360,1
584606,1
944044,1
143274,2
52576,1
469280,1
318320,0
336805,2
731147,1
905849,1
793686,1
774656,1
1009036,1
330982,1
290778,1
669998,2
156119,1
825431,1
318955,1
652835,2
620069,1
844807,1
945618,1
86441,1
227424,1
724958,1
918733,0
937569,1
274604,1
705094,1
881411,1
179291,1
538302,2
44168,0
735990,1
315905,2
650495,1
691269,1
522392,1
89840,2
511624,0
465039,1
587667,0
928846,1
359600,1
955914,1
989254,1
344978,1
786220,1
336119,2
826014,0
777516,2
267361,1
236008,1
630721,1
204717,1
852701,1
25112,1
775826,1
677067,0
636983,1
568578,1
46108,0
772405,1
449873,1
523867,1
823099,0
868009,1
91605,1
747702,1
300923,1
207228,1
746466,1
348350,1
996768,1
477047,1
799068,1
433898,2
1013473,1
148932,1
463543,2
937202,1
267402,1
197387,1
867550,1
795255,1
551378,1
985966,1
769229,0
10284,1
406313,1
358900,1
77982,2
928596,1
963441,2
257139,1
700039,1
632752,1
331378,1
57416,1
999862,1
234497,1
329621,1
630479,1
932542,1
5239,1
631924,2
408476,1
196159,1
1010735,1
629646,1
110575,1
364309,1
825149,1
744985,1
772386,1
843127,1
363483,1
925791,1
419593,1
1003496,1
28016,1
679542,1
231755,1
355684,1
966532,1
438851,1
944378,1
321416,1
843314,0
952739,1
508147,1
1014760,0
166088,1
112988,1
488674,0
529076,1
766673,1
970335,2
865637,0
671883,2
933976,2
533529,0
623592,1
397576,0
961799,2
550681,1
886515,1
386943,1
489734,1
573594,1
1008211,1
780769,1
112977,0
745090,1
41602,1
83482,2
790580,1
878198,1
975927,0
974269,1
64768,1
185144,1
493290,1
854424,1
313617,1
679715,1
172274,1
349520,1
682348,1
364433,1
520754,1
943289,1
472949,1
126826,1
751222,2
362541,1
537392,1
477157,2
893933,1
307126,1
317392,1
695119,1
667035,2
133990,1
981481,1
837700,1
946817,1
1010937,1
582567,0
211489,1
38316,1
466656,0
979622,1
743173,1
27932,0
95641,1
433766,1
415146,1
816411,2
62726,1
313712,1
819843,1
401491,1
347827,1
343290,1
721647,1
960725,1
592034,2
417937,0
139725,1
933947,1
620751,1
519518,1
434073,0
78701,1
548682,1
733046,1
712722,1
312032,1
495241,1
332430,1
73715,1
129814,1
516401,1
725386,1
277980,1
436105,1
931295,2
792920,1
937143,1
631524,1
701429,1
141412,1
849701,1
967393,1
98361,2
676132,1
626607,1
762662,1
270460,1
500462,1
175941,1
830037,1
926730,0
15362,0
841448,1
111789,0
860119,2
945661,1
71225,1
286627,1
399325,1
261033,1
26337,1
135482,1
91557,1
37238,1
537961,1
947098,1
732500,0
23147,1
362897,1
89668,1
512694,1
523973,1
426476,1
355879,1
215401,1
202197,1
686971,1
638732,1
656941,1
939761,1
293267,1
275043,1
179420,1
1004299,1
256248,1
226764,2
54684,1
663787,1
419142,1
657344,1
956728,1
694547,0
117886,1
55007,0
492341,1
745847,1
353363,0
884340,1
784475,1
662544,1
135981,1
119022,2
863129,1
660436,2
568145,1
356032,1
899285,1
859090,1
377725,1
840814,1
601718,1
262647,0
904507,1
962716,2
304842,1
763520,1
502138,1
209970,1
848234,1
629132,1
183241,1
164475,1
302521,1
841055,0
71867,1
528879,1
617571,1
946248,0
32123,1
116944,1
720547,1
201262,0
465996,1
551389,1
257719,1
114656,1
31272,1
254154,1
552243,1
172939,1
221279,1
984642,1
765214,1
99252,1
368770,2
288137,2
990160,1
923728,2
125869,1
305887,1
178247,1
547737,1
763678,1
1011291,1
589782,1
358995,0
998993,1
291302,1
906736,1
249901,1
56147,1
250408,1
51630,1
25619,1
82966,1
377879,1
5914,1
854974,1
337839,1
705025,1
512089,1
878385,1
87215,1
241134,1
598634,1
951455,1
691566,1
78316,2
701609,2
689152,2
128138,1
746550,1
784662,1
498927,1
277353,0
146501,1
588316,1
108646,1
747001,2
740824,0
1015691,1
43475,1
331507,1
652585,1
806625,1
302309,1
663457,1
399963,1
86647,1
139901,1
453151,1
815920,1
237218,1
896363,1
307342,2
8179,1
388989,1
61703,1
592401,1
864405,1
234347,0
330579,2
199183,1
194678,1
134801,1
664333,1
271872,1
816419,1
200294,1
846955,1
361368,1
991220,2
39339,1
751211,1
273324,1
295247,1
696945,1
84179,1
169407,0
879724,1
822825,1
848560,1
480407,2
143924,1
299324,2
814989,1
458318,1
879001,1
427671,1
385795,0
515312,1
553930,1
953927,1
438381,1
312898,1
822124,1
21251,2
27239,0
608034,1
494622,1
369849,1
559129,2
660003,1
683734,1
259852,2
13199,0
960608,1
496213,1
564688,1
101852,1
304471,1
265129,1
504873,1
102703,1
562716,1
865530,1
371624,1
432666,2
390357,1
825248,0
258572,1
167221,1
988462,1
333659,1
447192,1
41206,1
879919,2
732812,2
674255,1
966044,1
241516,1
680005,1
488906,2
603374,2
864889,0
425776,2
331275,1
954289,1
109706,1
413559,1
934265,1
214408,2
657854,2
760279,0
833227,1
897449,1
1631,1
364789,2
425567,1
802096,1
926345,1
344127,1
405217,1
928893,1
313125,1
426876,1
432307,1
322600,1
854208,1
886085,1
994171,1
152694,1
490938,1
682935,1
936135,1
341380,1
57364,2
931053,0
264601,1
1002279,0
198674,1
580792,0
377127,1
343027,1
787892,1
108440,1
467572,1
854842,1
459920,1
906729,1
930261,1
788295,1
580264,1
194241,2
5073,1
944389,1
511473,1
155756,1
692835,1
995206,1
752630,1
147788,1
818615,1
311927,2
840520,0
325672,1
1008,1
691364,1
762725,1
199808,1
607635,1
721144,2
197343,2
607947,1
940998,0
827495,2
89396,1
420870,1
544301,1
718625,1
771396,1
34242,1
280081,1
484957,1
655944,1
266191,1
890211,1
4946,1
110564,0
661587,1
287309,1
233526,1
588950,2
309939,2
37090,1
858761,0
251199,1
991026,1
780181,1
252699,0
133767,2
800146,1
273379,2
350379,2
18563,2
463367,1
162190,1
215863,2
79269,1
531060,1
260252,1
5976,1
228791,0
418255,0
302129,1
334351,1
642810,1
434352,0
420786,1
833960,1
24658,0
132832,1
221891,1
418970,1
937374,2
11564,1
855685,1
273250,1
837069,1
722516,2
813111,1
898974,1
275968,1
432321,1
482104,1
528684,1
640269,1
153677,1
145191,0
747474,1
574173,1
767601,0
791420,1
142842,1
619852,1
828001,1
235443,2
821178,1
447846,1
561557,1
258004,1
680621,1
739169,0
5507,1
705304,1
492077,1
534610,1
985863,2
652541,1
576065,1
636620,2
133220,1
150032,1
675667,1
780790,1
481334,1
581119,1
269987,1
192214,1
80939,1
282791,1
222577,1
249523,1
31591,1
239843,1
245189,1
1264,1
654305,1
298400,0
841503,1
676415,1
538078,1
177125,1
438415,1
825464,1
144866,1
557482,1
298668,1
530540,0
607378,1
812727,2
1010074,1
723454,1
986585,1
38943,1
1014885,1
92381,2
708002,1
943157,1
450479,1
220528,0
959617,1
899513,1
407174,1
126804,1
836471,1
249178,1
765111,1
743904,1
22586,0
762813,1
53144,1
6456,0
54640,2
61237,1
164901,1
884542,1
82676,1
614880,1
206139,0
523588,1
57122,1
121557,1
460034,1
981874,1
406654,1
221084,1
554571,1
565274,2
516775,2
529124,1
53698,1
309616,2
924343,2
3802,1
821130,2
87787,1
14086,1
423891,1
125425,1
347379,1
529645,1
240214,1
141870,0
991844,0
874543,1
344181,1
737413,0
352652,1
733192,1
555264,1
271513,1
900422,1
327579,1
401752,1
183957,2
86720,1
685699,1
280430,1
987850,1
971934,2
150997,1
85279,1
291074,1
969917,1
52491,2
150113,1
282564,1
447783,1
801114,1
213542,1
313723,0
226519,1
251229,1
599569,1
688908,1
815296,1
616347,2
54578,1
744853,1
905063,2
837553,1
311097,1
23437,1
811663,1
982082,1
61105,1
204287,1
314809,1
483211,1
238149,1
389010,1
624436,1
594090,1
145265,1
743049,1
991749,1
525524,1
902145,1
901474,1
98303,1
187238,0
195136,0
986424,1
154850,0
637290,1
808436,1
476181,1
679131,1
501027,2
160479,2
194803,1
430080,1
409969,1
184693,1
806809,1
293230,1
13999,1
402845,1
337464,1
245097,1
531097,1
761629,1
575109,1
903193,1
617906,2
189063,1
161407,1
891836,1
741102,1
860926,0
917909,2
381418,1
670806,1
625121,0
320569,0
24405,1
941827,1
294055,1
402900,2
244801,1
988301,1
985195,2
461758,2
386385,1
854457,1
726963,1
17995,0
590142,1
489118,1
110737,1
632477,1
175446,0
800913,1
963995,1
751244,1
867224,1
344475,1
768770,1
212659,1
130184,1
650705,2
583326,1
280023,1
1014416,0
403127,1
555217,1
652981,1
892525,1
804157,1
558348,1
553233,1
7875,1
919422,1
607558,1
730876,1
135167,1
579046,1
559808,0
566646,1
350438,1
675502,1
864430,1
515778,1
56716,0
125241,1
97012,2
658422,1
545416,1
225866,1
160387,0
521975,1
647859,2
812664,1
495267,1
694305,1
808737,1
887390,1
334326,1
731473,1
726736,1
760147,1
201068,1
351086,1
915514,1
526723,1
544594,1
80560,1
921153,2
672048,2
432758,1
918366,1
86878,1
441349,1
673724,1
297696,1
73542,1
608690,0
859414,1
720554,0
458952,1
762383,1
653333,1
308923,1
200540,0
615449,1
334164,1
233045,2
909867,0
283624,1
327047,1
122848,1
516144,1
354290,1
431034,1
50020,1
244728,1
907861,1
239726,1
291720,1
370296,1
609736,1
905492,1
612321,1
967159,1
540026,1
892206,1
861545,1
316935,1
269998,1
724815,1
879690,1
538827,0
535244,1
848256,1
898879,1
357837,1
509151,1
798496,1
16235,2
335187,1
167551,1
122855,1
73517,1
819186,1
413357,1
419890,2
991792,1
335088,1
1008006,1
295830,2
649116,2
419902,2
122048,1
195220,1
735822,1
895399,0
282340,1
860034,1
729218,2
682579,0
776900,1
352498,1
894790,2
680834,0
242766,1
410527,1
52488,1
908022,1
742569,1
500107,1
1015024,1
132102,1
420096,1
344608,1
417629,1
231843,1
447806,0
663556,1
341179,1
829428,1
576810,2
297483,1
953208,1
675821,1
109096,1
586413,1
358371,1
389270,1
193927,1
856709,1
841239,1
158696,1
674343,1
315028,1
977983,1
167272,1
578919,1
921704,1
488946,1
722189,1
1010911,1
163375,1
86195,0
6115,1
954997,1
950476,1
768880,1
819414,0
21017,1
57526,1
297810,1
223406,1
182497,1
531963,2
144833,1
10857,1
653634,1
747137,1
977895,1
177907,1
806852,0
250943,1
970555,1
925285,1
116283,1
209875,1
253113,2
717129,2
677746,1
190135,2
446188,1
880487,1
922921,1
846492,1
351251,2
229822,1
667985,1
698059,1
799992,1
190829,1
814721,1
585030,0
312472,1
258323,1
155851,1
435456,1
252512,1
705227,1
362695,1
218936,1
364312,2
952104,1
965157,0
960813,1
960372,1
664425,1
166965,1
781674,1
798133,1
416228,1
493313,1
164747,2
659122,1
322783,1
773244,1
648081,1
645864,1
768095,1
597589,1
154579,1
351123,1
422469,1
156782,1
92572,1
870080,2
900653,1
430169,1
167805,1
957350,1
663806,1
401091,1
837818,1
113666,1
824023,1
386738,1
304350,2
798933,1
773963,1
537792,1
177884,1
755079,1
711897,1
362112,1
833553,1
840843,1
83222,1
366828,0
844968,1
642975,1
465475,2
776713,1
826153,1
349018,1
897265,1
308347,1
491249,1
825725,1
168626,1
572553,1
915671,1
248195,1
877924,1
30367,1
214118,1
665899,1
623989,1
35269,1
598414,2
305065,1
725467,1
89602,1
820122,2
786136,0
502897,2
393282,1
349832,1
691294,1
574306,1
868474,1
419146,2
580080,1
487365,1
661815,1
363399,1
76082,1
890064,2
53382,1
219636,1
376908,1
606432,1
949056,1
948451,2
360543,1
528923,1
555293,1
487747,1
221521,1
284346,1
1001986,1
170618,1
910263,1
981849,1
703816,1
1004509,1
528875,1
212688,1
894695,1
703258,1
663358,1
365669,1
328491,1
938852,1
658264,1
225518,1
1012645,1
153035,1
902626,1
858729,1
49316,1
777743,2
289509,1
207462,1
701953,1
725621,1
896756,0
889620,1
639971,2
90956,1
213263,1
75438,1
203150,2
220818,1
178199,1
161696,1
861453,0
491216,1
810909,1
680030,2
358111,2
834190,1
563173,1
13001,1
750155,1
21604,2
607547,1
423055,1
650561,1
809525,1
622320,1
416693,1
425028,1
616208,1
513549,1
389418,1
582394,1
1011053,1
143351,1
458644,1
915639,1
139262,1
811065,1
214646,1
733428,1
154546,1
768631,1
414592,1
858945,2
862128,1
521348,1
388680,1
571075,1
889473,1
980437,1
401594,1
265576,1
38958,1
304208,1
883453,1
592980,1
656648,1
882676,1
706118,1
321515,1
670178,1
93988,1
280940,0
984932,1
664160,1
136623,1
110715,0
196320,1
1009252,1
371774,0
737006,1
235469,2
970739,0
336731,1
10141,1
292464,1
199833,1
783874,1
1004637,1
248603,1
495586,1
551404,1
811142,1
56682,1
313004,0
327380,1
475177,1
26528,0
756025,0
393301,2
109584,2
652996,1
493412,1
9367,1
146020,1
348787,1
455315,0
735712,1
481778,0
840564,1
528141,1
970166,0
193901,0
914711,1
981038,1
515176,1
750371,0
387654,2
606010,1
986927,1
342330,1
501449,1
31643,1
700208,1
185900,1
774818,1
538232,1
45118,0
42346,2
325827,1
693098,1
147160,1
893665,1
63679,1
1001351,1
936663,1
79694,1
298253,1
449011,1
586332,1
293098,1
58729,1
729382,2
703243,1
28669,1
634563,0
317561,1
146512,2
135772,1
580862,1
414343,1
918762,1
1015475,2
347573,2
471735,1
220762,1
37780,1
258781,1
221910,1
317154,1
670505,1
835889,1
788512,1
727960,1
34518,1
151495,1
617609,1
857760,1
30235,2
223233,2
388732,1
123511,1
847284,1
717936,2
974254,1
799222,1
945926,1
380424,1
991606,1
173657,1
760040,0
409653,1
595943,1
446629,1
1003108,2
81183,2
704390,1
905375,1
164651,2
825651,1
535549,1
289196,1
800267,1
221833,1
307881,1
219584,1
243972,2
725768,1
139604,1
430796,1
522084,1
872897,1
411212,1
802320,1
129807,1
135284,0
410310,1
761830,1
705968,1
421927,1
89862,1
487585,1
208485,1
225169,1
655254,1
381656,1
597538,1
916364,1
339925,1
781652,1
171262,1
355325,1
330605,1
969487,1
991132,2
949629,1
6973,2
30095,1
212390,1
600254,1
666375,1
172836,1
210161,1
195385,2
465567,1
217586,1
717282,1
45088,1
747191,1
455407,1
908301,1
204823,1
238585,1
603987,1
374733,1
207727,1
924835,0
34264,1
395222,1
50343,1
372331,1
32020,1
137408,1
894761,1
9745,1
283495,1
510443,1
903803,0
729629,1
949676,1
940206,1
674365,1
770135,1
754214,1
972997,1
468805,1
916405,1
409701,1
957479,1
91920,1
80032,1
696981,1
315244,1
85628,0
492914,1
737909,0
222801,1
406199,0
690635,0
604085,1
561759,1
322321,1
357426,1
22737,1
491223,0
1015585,1
664791,1
682711,1
308082,1
18611,0
440692,1
607095,1
559480,1
603990,1
207675,1
391978,1
724709,1
966954,1
704181,1
940826,1
534306,1
554744,1
436695,1
644180,1
403772,1
843192,0
142901,1
796319,1
315787,1
628436,1
228913,2
491634,0
540833,1
723241,1
138133,1
725210,1
382194,1
897335,1
218770,1
4667,1
737046,2
173419,1
579608,1
199293,2
551543,1
920284,1
1009010,0
100624,1
97720,1
193703,1
440520,2
380174,0
16260,1
805620,1
497816,1
514010,1
157082,1
629891,1
591198,1
534104,1
604636,1
150939,1
883578,1
569894,1
92785,1
579703,1
913006,1
16370,1
121344,1
505449,1
682667,1
88069,1
1005399,0
817746,1
813218,1
227446,1
94853,1
266966,1
247503,1
689523,1
726633,0
519594,1
559466,1
663703,1
425534,0
747409,1
128765,1
517857,1
625884,1
11065,1
10266,1
606638,1
588664,1
652420,1
728767,1
339374,1
727898,0
78440,1
429196,1
113204,1
486852,0
889448,2
4652,1
5675,1
237966,2
243051,2
639061,1
162709,1
820944,1
853676,1
272305,1
738285,2
178687,1
700707,2
915246,1
979060,1
143788,1
644049,1
669888,0
336775,0
171372,1
224894,1
294231,1
943627,1
1003210,1
962606,1
555943,1
658561,1
569249,0
235094,1
87482,1
170830,1
881231,1
999774,1
317543,1
23169,0
590630,1
951448,1
483615,1
588602,2
743584,2
637940,1
546053,1
606281,1
643943,0
233081,2
629741,1
322226,0
738304,1
163533,1
987861,1
174591,1
279014,2
352982,0
892084,0
176274,1
204573,1
609060,1
371187,2
957707,1
156889,1
212057,1
325144,1
925740,1
302921,1
420001,1
812998,2
238116,1
146985,1
336753,1
304284,1
429442,0
283349,1
337549,1
161535,1
675791,1
770315,2
470701,1
424306,1
854956,1
641893,1
498750,1
760176,1
928567,1
152665,0
332346,0
352128,1
977976,1
401110,1
725438,1
811230,1
230967,1
1003214,1
904080,1
938221,1
49921,1
996889,1
656721,1
84630,1
273287,2
996111,1
230530,1
1660,1
214855,1
162741,2
606289,0
507418,1
448638,0
484139,1
893735,1
718052,2
962008,1
866876,1
111565,1
412066,1
503454,1
217362,1
813078,1
355255,2
966730,0
359141,1
242263,1
735132,1
520857,2
457438,1
94471,1
174074,1
455872,1
587414,1
367678,1
849176,2
142523,0
875188,1
740718,2
409862,1
790111,1
903432,1
381058,1
621774,1
636327,1
902307,1
222041,1
771279,1
929777,1
109548,2
378238,1
161719,1
920640,1
970827,1
4957,1
181207,1
58156,1
729867,1
415858,0
547700,0
438510,1
849121,1
476640,1
387537,1
495319,1
640052,1
458824,1
406522,1
898431,1
440531,2
384684,2
827907,1
123595,0
251614,1
700240,2
439694,2
197765,1
316083,1
263042,1
278949,1
922745,1
34558,1
166822,2
113974,2
877124,0
937411,1
862791,1
616310,1
785249,1
3707,1
345094,1
216769,1
442085,1
546123,1
650037,1
686461,1
186718,2
551161,1
886892,1
458857,1
873355,1
478745,1
119639,1
691672,1
459957,2
909214,1
938519,0
406265,1
531185,0
778139,1
325313,2
450390,1
692149,1
769669,1
399802,2
972865,1
991408,0
206762,0
671285,1
443802,0
952672,1
464261,1
1014430,1
491337,1
145137,1
246384,1
687598,1
16770,1
517475,2
557178,1
1002426,1
94912,1
398287,2
463004,1
66139,1
177459,1
235535,2
892062,1
630967,1
481756,0
952508,1
492080,1
500275,1
250701,1
197127,2
1012935,2
621657,0
114546,1
999224,2
28320,1
100136,1
696435,1
373493,1
472060,1
248874,1
385429,1
535101,1
362596,1
200481,2
255191,1
448355,1
53672,1
627468,1
942039,1
509959,1
10743,1
244038,1
952009,1
688009,1
207866,1
773952,1
209871,1
518003,1
737828,1
585096,2
593226,1
261004,2
885466,1
588323,1
783159,1
253270,1
413409,1
500880,1
732805,2
349436,1
496976,1
915705,2
541269,1
666904,2
798027,1
157361,1
25163,1
972454,1
359417,1
687844,1
1006239,1
314504,1
623871,1
152276,1
49583,1
845576,2
211474,1
610565,1
668674,1
681567,1
583278,1
185184,0
381344,1
735059,1
189335,1
443893,1
163180,2
430709,1
201479,0
799259,1
539985,1
1003908,1
705315,1
537796,1
252835,0
395798,1
907377,1
243000,1
648203,1
829941,1
984309,1
892040,1
80377,1
713664,1
279681,1
452415,1
445994,1
674060,1
338832,1
847901,1
342657,1
839254,1
672323,1
163478,1
56921,1
147953,1
446162,1
414813,1
534834,1
405253,1
785791,1
951804,1
901562,1
10280,1
889048,2
390005,1
433476,1
78745,1
425923,1
576531,1
500349,1
944525,1
527962,0
122624,1
215140,1
450372,2
36288,0
191525,1
541250,1
825413,1
878228,1
450178,1
748468,1
149067,1
540958,1
703779,1
903487,1
999228,1
116892,1
93276,1
625826,1
885873,1
606568,1
655544,1
100480,0
1005025,1
733721,1
701315,1
182556,1
852194,2
131446,1
928750,1
1015031,1
130368,1
904741,1
403835,1
142608,1
183791,1
196768,1
963764,1
802474,1
325511,1
160350,1
322109,0
721232,1
212956,1
956092,0
365283,1
876574,0
304387,1
19719,1
698914,0
814893,1
74143,0
400245,1
846724,1
520824,1
155903,1
520930,1
193512,1
414732,1
961227,1
898486,1
769984,0
875144,0
914209,1
31111,1
887387,1
97694,1
495791,1
217711,1
937792,1
763634,0
935453,1
185104,0
750537,1
897995,1
48755,0
136861,1
139233,1
159253,1
344185,1
867503,2
333105,1
176832,1
902464,2
246667,1
302804,1
627530,1
451003,1
829325,1
347456,2
811535,1
720822,2
106266,1
823286,1
476383,1
181834,1
97892,1
207774,2
881008,1
311615,1
894846,1
625998,1
98457,1
632796,1
245985,1
666111,1
992595,1
603228,2
151631,1
99553,2
685923,0
767032,1
222522,0
418424,1
844818,1
706833,1
1004398,1
672804,0
142354,1
205460,1
472295,1
1007375,1
362941,1
251056,1
585485,1
875041,1
769713,1
659368,1
226137,1
679007,1
445646,1
760617,1
819197,2
725863,1
718254,1
197075,1
684665,1
169304,1
754537,1
1002598,1
886973,1
394368,1
927236,1
969337,1
320293,1
680063,1
804942,1
950274,1
823525,1
211184,1
639003,1
132072,1
541041,1
162796,0
262753,1
118670,1
852914,1
492558,1
647363,1
466601,1
549009,1
633173,1
159815,1
230761,2
735594,1
327861,1
166561,1
468959,1
412965,1
63529,1
386976,1
717462,1
133327,1
193828,1
460063,1
844913,1
768693,1
720583,1
812246,1
312410,1
825101,0
830693,1
880124,1
921384,1
76556,1
623435,2
133514,1
90068,1
54248,1
43798,2
604980,1
512023,1
629378,2
663798,2
175002,1
178449,1
755703,1
497607,1
676349,1
815821,1
116867,1
326530,1
955161,1
809763,1
422689,1
471874,1
686810,0
1003481,1
425860,1
708248,1
47,1
35559,1
688184,1
270677,1
526004,1
552430,1
16833,1
912867,1
123225,1
914117,1
240070,1
213681,1
153082,1
456451,1
261657,1
219199,1
733134,1
988613,1
554601,1
516346,1
317855,1
643198,1
909074,1
990304,1
919194,1
950054,1
925506,1
560523,1
768697,1
83549,1
579776,1
147168,1
565821,1
446676,1
924244,1
710214,0
595808,1
450093,2
634387,2
719882,1
969175,1
681259,1
885741,1
16701,0
176212,1
96507,1
271292,1
1000677,0
755688,1
598887,1
562048,1
72938,2
784985,2
467543,1
369096,1
916643,1
449507,0
136740,1
144929,0
731532,1
5840,1
641329,1
746499,0
567357,1
552519,1
429699,1
660241,1
181306,1
815270,1
229763,1
877421,1
456466,0
320998,1
583960,1
148239,1
781902,0
384060,1
692978,1
906659,1
184091,1
280009,2
662320,1
697913,1
104734,2
805536,1
258521,1
82115,1
499469,2
408348,1
912717,0
540848,1
629543,2
908763,2
102192,1
495308,1
311949,0
94835,1
318401,1
890486,1
866142,0
406629,1
769199,1
873795,1
636862,0
892778,1
300046,1
364653,1
632297,1
713822,2
311046,1
366707,1
977187,1
34660,0
682245,1
223662,1
936326,1
443787,0
120992,1
444902,1
406375,1
447695,1
784244,2
330564,2
824878,1
990399,1
565373,1
856620,1
903436,1
392902,1
22050,1
906949,1
609086,1
701546,1
557240,1
718104,1
228803,1
62245,1
860610,1
639359,1
698271,1
649578,1
869992,1
411135,1
467242,0
410864,1
938081,1
7105,1
238589,1
55825,1
40175,1
1006077,1
751071,1
267307,1
157563,1
86269,1
1009814,1
565146,1
725694,1
664032,1
605291,1
162338,1
279517,1
915363,1
650767,2
958209,1
506325,1
955019,1
149430,1
602014,1
162334,1
341762,1
665239,1
496572,1
17966,1
494149,2
452664,1
846852,1
974467,1
525131,1
302789,1
917145,1
479746,1
74169,1
23954,1
179376,1
682814,1
15898,1
756223,1
221855,1
837047,1
977587,1
470158,1
871764,0
899784,1
335305,1
683451,1
719691,1
244632,1
547270,1
179024,1
681622,2
530218,2
358221,2
1006675,1
912779,1
194193,1
770704,0
997435,1
549940,1
550315,1
918212,1
301678,1
823161,1
534746,1
358878,1
885419,0
200188,1
688720,1
121058,1
83882,1
178070,1
46937,1
381212,1
422876,1
888274,1
447369,1
932681,2
821710,2
642395,2
370946,1
982831,1
829178,1
558322,1
708769,0
376526,1
312131,1
72567,1
993361,1
310162,1
292390,2
294268,1
985320,1
368576,1
1015453,1
75188,1
506813,1
975075,1
827664,1
663406,1
731323,1
226717,1
898512,1
860104,2
332104,1
832817,2
960064,0
240580,2
390522,1
927775,1
6603,1
528417,0
789795,1
715170,1
883992,1
304192,1
663541,1
920101,1
778461,1
125209,1
3552,1
944011,1
225048,1
311251,1
966701,0
500554,2
494262,1
44726,1
609354,1
44971,2
106233,1
313323,1
324778,1
757253,1
354874,1
584408,1
545016,1
509496,0
369225,1
679883,1
660832,1
110003,0
844759,1
901438,1
44667,1
269664,1
325584,1
124523,1
339972,1
426021,1
47570,1
59663,1
163287,0
893764,1
35607,1
527672,1
132359,1
180404,2
663226,2
1007595,2
265664,1
258312,1
287268,1
997291,1
603910,1
142680,1
191194,1
335217,0
82559,1
85161,1
601240,1
78826,0
533983,1
1008714,1
173880,1
479845,2
657003,1
386147,1
204908,1
757983,1
537172,1
279270,1
673676,1
967797,1
100213,0
190667,1
198278,2
434389,1
425082,1
260168,1
533132,1
1010034,1
185540,2
227949,1
590517,1
174797,0
251177,0
17001,1
994616,1
1005308,2
482085,1
189801,1
563195,1
477601,1
394162,1
722754,1
656949,2
517662,2
318023,1
916151,1
47329,2
631964,1
816165,0
261833,1
301421,1
266654,1
776324,1
321335,1
478606,1
452675,1
391017,1
912926,1
376313,1
438158,1
811249,1
938364,1
913361,1
469622,1
189881,1
651331,1
449198,1
775312,1
279131,1
302378,2
942846,1
310713,1
520145,1
505838,1
459692,1
402841,1
672099,1
430305,1
819377,1
940532,1
622074,2
646069,1
391310,1
556933,1
908408,1
588587,1
265862,1
223365,1
527199,1
116636,1
129054,1
712733,1
575541,1
505368,1
559789,1
407134,2
614235,2
974276,1
556005,1
566008,1
720107,1
658080,2
485675,1
333002,1
677155,1
507586,1
197174,1
636059,1
29284,1
702389,1
505481,1
948943,1
917817,2
778007,1
166727,1
628267,1
125146,1
496507,1
949119,1
695746,1
851135,1
948422,1
151822,2
628696,1
160505,1
1003654,1
262874,1
433498,1
550483,1
19924,2
93658,1
106655,1
443549,1
131097,1
634295,0
748820,2
665143,1
144051,1
273966,1
412770,1
1014816,1
224090,1
544228,1
764693,1
486724,1
241075,1
117079,1
144503,1
67194,1
659371,2
674574,1
405400,1
649912,1
971109,1
464078,1
1014713,1
148606,1
588936,1
594292,1
3963,1
823051,1
183146,1
985038,1
607895,1
716469,1
715303,1
728510,1
920882,1
1008479,1
531974,2
110579,1
719570,1
500697,1
236686,1
817980,1
471588,1
644603,1
582864,1
430235,1
844928,1
455906,1
608191,1
416529,1
104554,1
928402,1
287312,1
380798,1
861930,1
508983,1
223402,1
161490,1
97742,1
748974,1
870297,2
263556,2
774296,1
876017,1
917105,2
656718,2
475603,1
23958,2
17687,1
708101,2
462612,1
564431,1
55869,1
123933,1
715211,1
842940,1
633218,1
763373,1
208195,1
907223,1
31254,1
786022,1
983131,0
284962,1
266852,1
624245,0
310379,2
303962,0
389964,1
340428,1
100044,2
465417,1
714092,1
662492,1
402672,2
721544,1
167456,1
607161,1
866270,1
336991,1
968314,1
451209,1
826289,1
983869,2
130412,0
82852,0
343658,1
908206,1
626669,1
948059,1
821024,1
476530,1
33737,1
969982,1
649666,2
937499,1
607073,1
908734,1
41143,2
93478,0
832255,1
672734,1
604951,1
422197,1
213858,1
297458,1
111008,0
971068,1
977275,1
460104,1
758511,2
131431,2
223174,1
829295,2
445172,1
644009,1
482272,1
978005,2
461743,1
395640,1
541915,1
209112,1
190483,1
593875,2
810567,1
423994,1
397114,1
1000116,2
481891,1
222360,1
619647,1
540866,1
147436,2
20023,1
263938,0
320709,1
579750,0
5129,1
720891,1
110546,0
969483,1
620557,1
325188,1
12642,1
788431,1
131651,1
1001564,1
832545,1
918399,1
402621,1
268638,1
123151,1
678002,1
177646,1
764011,1
256318,1
752090,1
339532,2
294518,1
67121,1
252273,2
8395,0
961128,0
893247,1
721782,1
355927,1
420445,1
550502,1
511671,1
676613,1
858952,1
556140,1
464148,1
723788,0
742709,1
405965,1
972678,2
172928,1
481385,1
669796,1
28809,1
913592,1
406904,1
1007016,1
379606,1
880135,1
8436,1
180491,1
742103,1
738014,1
386264,1
840399,2
851296,1
382660,1
427660,0
169487,0
386488,1
672488,0
223471,0
880128,1
159587,1
315127,1
759967,1
752986,1
445617,0
66542,1
356942,0
52437,1
411175,0
754382,1
139086,0
980169,1
489521,2
686564,1
324808,0
364260,1
415807,2
766075,0
191671,2
777039,1
443794,1
767193,1
849561,1
1016245,1
564857,1
1014841,1
961773,1
476909,1
545724,1
58725,1
563603,1
710636,1
588741,2
554766,1
870639,1
608504,1
681787,1
250587,1
7978,1
679568,1
428896,1
81264,2
88061,1
839786,1
299052,1
746129,2
564068,1
610789,2
1004680,1
86991,1
258741,1
351680,1
1003184,1
448128,1
840968,1
979806,1
1004703,1
407017,2
590234,1
8098,1
870037,1
289604,1
485657,1
696604,1
128695,1
479342,1
526822,2
545698,1
656156,1
737079,1
1012395,1
81891,1
151859,2
837348,0
355626,2
209769,1
228234,2
989393,1
248290,1
975138,2
442438,1
489642,1
525814,1
401345,1
768051,1
994953,1
980349,2
562884,1
131035,1
661459,1
998777,1
789799,1
787225,1
908279,1
442702,1
521234,1
724048,1
548091,2
970027,1
709388,1
531336,1
116573,1
681516,1
867561,2
1003607,1
68324,1
584392,1
434440,1
639069,1
101526,1
5536,1
267112,1
501049,1
669561,1
353950,1
712014,0
763348,1
594197,1
161069,1
765409,1
120839,0
123915,1
230486,1
12235,1
371404,1
368804,1
930397,1
244908,1
974896,1
839438,1
347144,1
323322,2
726347,0
282627,1
639498,1
124608,1
76707,1
571093,1
32046,1
538115,1
929197,1
391471,1
394203,2
427231,0
675939,2
972139,0
347180,1
258800,2
526228,2
676503,1
613755,1
168347,1
246171,1
712605,1
303177,1
492309,1
787896,1
508598,1
964493,1
978580,1
838187,1
517761,1
391608,1
995705,1
708747,1
481217,1
220058,1
778333,1
651757,1
786327,1
630189,1
450017,1
983263,2
568215,1
161740,1
939912,1
627680,1
85158,1
268708,1
761508,1
1014999,1
812026,1
349289,1
120637,1
551352,1
292060,1
37490,1
635982,1
487545,1
890291,1
649794,1
882720,1
63004,2
699632,1
944147,1
170452,1
860111,1
297791,1
401220,1
609688,1
910645,1
682931,2
338186,1
610264,1
813346,1
834026,1
132205,0
24595,1
289208,1
175387,1
539376,1
377314,1
290473,1
977462,1
531938,1
863653,1
844506,1
309157,2
878565,1
759611,1
921605,1
199114,1
971527,2
40836,1
300325,1
373509,1
455681,2
551525,1
952243,1
937066,1
293883,1
498835,1
988363,1
28849,1
10644,1
280005,1
515950,1
510759,1
369823,1
631630,1
663985,1
147616,2
332548,1
583443,1
368477,1
527294,1
475764,0
365856,1
193192,1
770227,1
398438,1
622328,1
5561,2
7813,1
388967,2
316722,2
211096,1
669202,1
363311,2
511628,1
783599,1
486544,1
974672,0
204218,1
724884,1
361250,1
357338,1
33894,1
220964,1
795817,1
108558,1
701517,1
186163,1
792281,1
615948,1
230365,1
398665,1
743005,1
589104,1
589676,1
51348,1
424533,1
991055,1
278318,1
764822,1
993901,1
843307,1
963052,1
391798,1
793646,1
901731,1
404939,1
902538,1
374128,1
887783,2
135923,1
262375,1
958395,1
932274,2
89440,2
327490,1
132890,1
804135,1
339091,2
974775,2
1007793,1
710221,1
968864,1
384273,1
428148,1
318290,0
735363,1
594355,1
131479,1
735437,1
538948,2
693047,1
1003580,1
50637,1
55201,0
406500,1
709432,1
264300,1
828922,1
626173,2
838088,1
273926,1
372148,1
762277,1
435676,1
988998,1
1840,1
866645,1
271072,2
95649,1
945481,1
858927,2
16129,1
276011,1
798382,1
538984,2
999554,1
369984,2
341609,1
979552,1
129726,1
117420,1
789939,1
524545,1
409286,2
83299,1
887967,1
742444,0
803185,1
639975,1
277610,1
673551,1
475933,1
420830,1
349072,2
514340,1
742756,1
454354,1
115686,1
621745,1
235902,1
178423,2
957255,1
624960,1
450886,1
596126,2
958007,2
1000783,1
566998,1
34305,1
295683,1
891986,1
505742,1
940253,1
590748,1
1007470,2
332078,1
663509,1
714195,1
360943,0
994454,1
964563,1
431874,0
94578,1
700930,1
402629,0
510300,2
356315,1
213623,1
628054,1
554443,1
194715,0
831148,1
632169,0
318867,0
137107,1
699078,1
944080,1
779224,1
123672,1
883093,1
43093,2
740336,1
169542,1
298095,1
738700,1
377527,1
620663,2
484447,1
226933,1
884579,1
65390,1
732948,0
992757,1
485624,0
84663,1
728987,0
206304,1
808872,1
759974,1
768129,2
328660,1
512188,0
794360,1
419799,1
673382,1
790548,1
359318,1
306293,1
637298,2
89572,0
482081,1
405037,2
122606,2
77872,1
312296,1
450721,1
145827,1
754643,1
970034,2
298929,1
17599,1
296266,2
792223,1
956643,1
30587,2
789021,1
218837,0
853049,1
238707,1
890156,1
72846,1
534283,1
339624,1
211632,1
116126,1
364224,0
466546,1
68959,1
267916,1
325870,1
241329,1
739705,1
178335,1
15395,1
267871,1
125498,1
954630,1
692516,1
919161,1
828191,1
220124,1
977723,1
354629,1
401176,1
504961,1
487057,1
932348,1
932850,1
408616,1
767395,1
579314,1
80678,0
287686,2
208423,1
627853,1
270659,1
190971,1
635890,1
417672,1
172377,1
574852,1
396593,1
355493,1
35577,1
936157,0
538133,1
992283,1
184554,1
646854,1
852628,2
904800,1
110652,1
23664,1
636381,2
958245,0
529102,1
455311,1
172773,1
893375,1
548198,1
805705,1
392395,1
645824,0
720660,1
308109,0
73968,1
584040,1
578845,1
470532,1
863426,1
558395,1
839566,1
859344,0
617531,2
926723,1
945067,1
657201,1
451113,0
608438,1
275319,1
285846,1
1003742,1
992379,1
49848,1
541210,1
713066,1
811058,1
235072,1
356388,1
447123,1
583120,1
191569,1
415818,1
530353,1
330755,1
694583,0
362761,1
288195,1
461383,1
580183,1
336416,1
18112,0
307904,1
530177,1
684148,1
305072,1
612024,0
134023,1
27451,1
76772,1
230255,1
778803,1
510234,1
177550,1
222995,1
704842,2
306370,1
254572,1
115488,0
69509,1
791835,1
780567,1
676477,1
791516,1
474877,1
696200,1
348240,1
617315,1
711028,0
310559,1
534317,2
666070,1
788644,1
910267,1
765012,0
932784,1
288544,2
659191,1
583678,0
259702,1
127236,1
959561,1
243165,0
440517,0
276044,1
418853,0
567478,1
504910,0
663721,1
646227,1
289938,1
508660,1
331811,1
914490,2
771705,1
565025,1
422807,1
619265,1
865952,1
161160,1
855748,1
162202,1
606649,1
43178,1
949199,1
117475,1
597307,1
108701,1
625158,1
14358,0
840245,1
1005586,1
811807,1
496183,1
858185,1
298198,2
836266,1
574823,1
860467,1
884708,0
986387,1
45961,0
555833,1
211092,1
321856,0
178690,1
710195,1
363234,1
79896,1
259966,1
660168,1
36376,2
994917,1
648140,1
435632,2
928233,1
946336,1
119815,1
857074,1
958234,1
180176,0
182226,1
549137,2
416206,1
1000413,1
369287,1
730531,0
288452,1
857092,1
565113,1
43079,1
618529,1
402005,1
956038,1
441125,1
443703,1
481279,1
862326,1
819652,1
626720,1
405576,1
296152,1
248856,1
86629,1
544642,0
405763,1
853375,1
836677,0
244108,1
367579,0
475841,1
769331,1
95685,1
752685,1
164589,1
490365,1
603789,1
748075,2
578405,1
54655,1
173888,1
85987,1
752748,1
438554,1
473249,1
478190,2
960262,1
288878,1
637027,1
73674,1
240757,0
96338,1
891791,0
435816,1
501760,1
700512,0
864500,0
75397,1
171534,1
818435,1
216626,0
696167,1
541009,1
473164,1
402940,1
878800,1
950472,1
913608,1
711435,0
93342,0
491292,1
197266,1
468353,0
71838,1
902086,0
79045,2
216446,1
36215,2
675476,1
501409,2
146127,0
227729,1
417607,1
645219,1
303782,1
26274,1
296776,1
324217,0
712270,1
708703,1
313837,1
341748,1
905269,1
1008325,1
404315,2
551202,1
561975,1
756818,1
872365,1
516944,1
382440,1
730205,1
445309,1
15733,1
155125,1
545757,1
1007540,1
34833,1
650590,2
729959,1
740868,2
503670,1
911037,1
904165,0
553284,1
698312,1
84476,1
612453,1
232503,2
418350,1
1010977,1
578892,1
175802,1
342624,1
581878,1
76695,1
874309,1
167508,1
913688,1
341209,1
856026,1
255834,1
946424,1
93764,1
649644,1
870518,1
196603,1
1004813,1
357833,1
803259,1
387812,0
541676,1
797705,2
292295,1
46078,1
406559,1
665187,1
954539,1
889808,1
617333,1
902497,0
955040,1
180976,0
1005362,1
860746,1
92334,2
450189,1
219041,1
810545,1
545207,1
667057,1
180080,1
1006891,1
315020,1
123551,1
388123,1
77223,0
921678,1
718735,1
279351,1
390731,1
329919,1
33799,2
887794,0
491597,2
43130,1
342606,1
870026,1
712234,0
153640,1
994090,1
443149,1
126073,1
894505,0
518737,1
469064,1
1005795,1
232345,1
397990,0
423789,1
304215,1
774854,1
784208,2
91708,1
366060,0
190032,1
304585,2
989290,0
1012322,1
219298,1
58626,2
649549,1
906604,1
647198,1
61802,1
446614,1
639722,1
887765,1
707320,1
129014,1
86236,1
790320,1
940851,1
824698,1
38815,1
866326,2
604984,1
47732,1
310702,1
590212,1
500756,0
638042,1
704310,1
183520,1
697436,2
161094,0
837443,1
299977,1
124581,1
245622,1
248492,1
521319,2
680603,1
594656,2
580217,1
653403,1
592834,1
169517,1
271209,1
952951,1
392113,1
356755,1
924857,1
602829,1
156904,1
398328,1
489686,1
221114,1
562958,1
307386,1
603158,1
853977,1
55553,1
254756,1
372991,1
233416,1
608955,1
456613,1
508532,1
664227,1
512397,1
592360,1
814790,0
360242,0
159118,1
778997,1
672862,1
352102,2
660007,1
712814,1
904242,1
121128,0
462814,1
212644,1
762729,1
233702,1
738058,1
707180,0
744149,1
785656,2
402607,1
494806,1
133279,1
5921,1
761339,1
85833,1
955172,0
58824,2
369232,1
423495,2
387056,1
797727,1
547722,1
619742,1
852190,2
486959,1
88634,1
9958,1
122932,1
555242,1
172847,1
671344,2
376841,2
532340,1
65149,1
865174,1
40766,0
343588,1
940385,1
270567,1
122370,1
875551,1
121322,1
547627,1
888160,1
605145,1
776962,1
374513,1
494585,2
863257,1
390180,1
325207,1
956698,2
372625,1
165780,1
102952,1
143168,1
270082,0
526419,1
304189,1
817449,1
424966,1
987494,1
1004699,0
558616,1
609006,1
134265,1
733464,0
819182,1
479878,1
787911,1
74437,1
779529,1
892114,1
105005,1
896774,1
988789,1
103564,0
881741,1
842092,1
262580,1
498707,2
233900,1
554212,1
3347,1
660366,1
824573,1
159617,0
119008,1
32093,1
468375,0
940602,1
309238,1
595624,1
262364,2
89257,2
558472,2
717172,1
604339,2
461516,1
792355,1
357040,1
675571,2
151136,1
394786,1
11777,1
540668,0
178166,0
998795,1
886915,1
814145,1
111778,0
513923,1
69996,1
682630,0
660061,1
397455,1
13078,1
889415,2
481286,1
705609,1
819326,1
980664,1
79926,1
722310,1
575057,1
436509,1
549595,0
737505,1
375550,1
787926,1
87035,1
421765,1
556562,2
199491,1
418060,1
311479,1
496826,0
1004152,0
99674,1
213630,1
462645,1
887509,2
613069,1
387041,1
757228,1
489907,1
337130,1
361111,1
912218,0
323803,1
453852,1
318636,1
764561,1
253380,1
249970,0
313422,1
562859,2
676796,1
586244,1
304277,1
948602,1
951080,2
848883,1
802805,1
550542,1
783900,1
363458,1
566880,1
889022,1
319901,2
292394,1
15058,1
451531,1
638156,1
652314,1
837241,0
162147,1
935291,1
797709,0
948217,1
224326,1
487956,0
983803,1
912984,0
556519,1
769977,1
688137,1
438293,1
249413,1
1004431,1
887611,0
1015042,1
740659,1
481352,0
575413,1
650521,1
134588,1
851090,1
963915,1
708578,1
504918,1
12994,0
293810,1
729056,1
21736,1
893768,2
733567,1
582541,1
178739,1
853988,2
394937,1
468115,1
320378,1
330557,1
1003962,1
957497,1
482919,0
707793,1
1013646,1
258921,1
955554,0
795732,2
35009,1
593255,1
733006,1
67451,1
154513,1
869,1
479085,1
55818,2
258668,1
805914,1
330780,0
396799,1
273067,1
913750,2
6412,1
953156,1
483424,1
683653,1
313440,1
467257,1
730861,1
814787,1
826487,1
94262,1
8465,1
244049,1
884311,1
65424,0
81323,1
328518,1
176869,1
259052,1
331730,1
747485,1
41015,1
781719,1
367854,1
689574,1
795192,1
911264,1
723836,1
941830,1
181225,1
968013,1
164523,0
173576,1
830804,1
678053,1
762842,1
887046,1
218620,0
16811,1
330043,1
700486,1
209783,1
136968,1
641567,1
142897,1
706176,1
857214,1
709212,1
911606,1
179989,1
220627,2
587333,1
503997,1
53731,1
450589,1
76747,1
924996,1
912265,1
259045,1
846409,2
520057,1
778407,1
487736,1
466982,1
211746,2
201086,1
425680,1
1009506,1
313929,1
811997,1
854662,1
182314,1
356854,2
362732,1
498310,1
542538,1
393983,1
111484,1
33414,1
172803,1
90600,0
511286,1
173491,1
550744,1
854486,1
671799,1
52792,1
270497,0
698745,1
177190,1
490567,1
498006,1
758926,1
963537,1
870363,1
56781,1
936216,0
597145,1
657568,1
1008615,1
231777,1
200423,0
847215,1
831698,1
971905,1
333428,1
407806,1
878309,2
641556,1
493919,2
1014742,1
293674,1
498585,1
172593,1
586721,2
113233,1
603763,1
700802,1
878587,1
447651,1
182071,1
726420,0
849840,1
238446,1
821732,1
834752,1
456312,1
625011,0
768495,0
278413,0
731558,1
526910,2
245970,1
409727,1
749359,1
251827,0
204328,1
472570,1
426090,1
435742,1
458691,1
299016,1
459531,0
815597,1
130603,1
56660,2
695148,1
512863,1
96235,2
752076,1
960468,1
133448,1
51120,1
920970,1
502509,1
712083,1
669565,1
906361,1
332647,1
906817,1
558355,1
740905,1
114681,1
71155,2
629617,2
440157,1
640647,2
475720,1
487596,1
868731,1
103829,1
581265,0
584932,1
4175,1
590450,1
779121,1
242546,1
806540,0
713631,1
80098,2
883273,2
29592,1
495072,1
298862,1
400645,1
190894,1
448982,1
11711,1
846056,1
271582,1
78015,1
138045,1
290055,1
823848,0
392263,1
524604,1
494002,2
211559,1
133907,1
142361,1
235564,1
275513,2
93742,1
147050,1
985401,2
981409,1
129326,1
247312,1
611195,1
237078,1
132751,1
633500,1
491667,1
676385,0
175996,1
1844,1
502237,1
359893,1
60100,1
363476,1
794034,1
983649,1
357840,2
624234,1
441866,1
241570,1
703548,1
340189,1
427466,1
226331,2
591921,1
566558,0
538393,0
953475,0
648393,1
184114,1
358126,1
142798,0
631740,2
984217,0
935831,1
547513,1
10398,1
145548,1
242520,1
844869,1
218774,1
21112,1
698891,1
894060,2
922873,1
675436,1
810170,1
281783,1
396663,0
53621,1
671623,1
570540,1
872376,0
123508,1
367685,1
118784,1
35108,1
200104,1
330263,1
747364,1
431988,1
1013572,1
875081,1
715413,1
174140,1
343823,2
438572,1
806250,1
720378,1
879625,1
35878,1
721207,1
356593,1
700703,1
98017,1
673067,1
955822,1
121197,1
354159,1
199590,1
970797,1
967438,1
606348,1
376625,1
127151,1
49484,1
196614,1
65075,1
861963,1
285718,1
860548,0
666551,1
10817,1
415850,1
356348,0
777831,1
307951,1
165689,1
783720,1
982691,1
190986,1
515125,1
482023,1
926370,1
912452,1
351042,1
775158,1
953718,1
969018,2
48281,1
47240,2
409705,1
57654,1
177499,1
557347,2
448931,1
938481,1
136506,1
274479,1
673306,1
136876,1
972216,1
344754,1
146266,1
378898,2
119536,2
764019,1
249486,1
218833,1
722086,1
102585,0
327377,1
14817,0
740802,0
430154,1
427271,1
790959,1
454846,1
835951,2
197882,1
807684,1
982806,1
457926,1
826476,1
51807,1
178515,1
302484,1
805345,0
546707,1
317987,1
563805,1
583029,1
171530,1
53070,0
284809,1
447758,1
372753,1
9455,1
272327,1
672143,1
1004938,1
777097,1
338524,1
697575,1
366680,1
31500,1
629521,1
153710,1
15021,1
567371,1
174885,1
962503,1
489352,1
999257,1
28874,1
459296,0
902893,1
758382,2
272976,1
193691,1
752993,1
380101,1
834433,1
765801,1
845792,1
934313,1
856378,1
415740,1
853265,1
122961,1
66319,1
373101,1
732951,1
814516,1
288023,0
644515,0
284580,1
70257,1
406290,1
195529,1
637504,1
696699,1
451025,1
495531,1
348060,1
703782,1
237397,2
477850,1
724345,1
929238,1
637724,1
996412,1
940877,1
898255,1
926154,1
80876,1
768866,1
847398,1
835650,1
651519,1
177202,0
53368,1
1014137,1
708240,1
793444,1
601156,1
713969,1
553273,2
968167,1
297700,1
932366,0
976124,1
588484,1
728866,2
353701,2
629099,1
518058,1
774274,1
970995,1
477890,1
813562,1
1003382,1
257087,1
346914,2
80579,1
880117,1
780060,1
30000,1
379631,1
1246,1
434235,1
663930,1
443303,1
712711,1
63606,1
377703,1
804197,0
513428,1
535882,1
472141,1
984884,1
318816,0
600607,1
563856,1
539703,1
197134,1
225925,1
1004046,1
435870,0
1004927,1
455201,1
352542,1
182266,1
183065,1
609718,1
755534,1
643606,0
946064,2
930195,1
1015079,1
38374,1
70019,1
33744,1
546725,0
130001,2
873418,1
786895,1
978067,1
616372,1
497188,1
178870,1
399783,1
344501,1
729658,1
792766,2
482434,1
567430,0
219100,0
225763,1
744390,1
629785,1
482328,1
714016,1
715390,1
908011,1
227174,1
641912,1
213663,1
296626,1
326754,0
612509,1
944565,1
97746,1
164402,2
171615,1
412778,0
300974,1
1000820,1
731279,2
354104,1
573507,2
790250,1
537051,1
297609,1
618811,1
165175,1
868566,1
128662,1
421619,1
3541,1
800340,1
640317,1
66245,1
502123,2
533260,0
402191,1
688779,1
175156,2
412752,1
871302,1
321739,1
638233,1
493159,2
758629,1
623093,1
904462,2
619290,1
1003779,1
391648,1
844582,1
91957,1
853009,1
966639,2
901782,1
250165,1
160673,1
891748,1
718955,1
49455,2
124240,1
638240,1
916412,1
429347,1
298624,2
168350,1
901199,1
138845,2
592081,1
617931,0
43185,2
868434,1
1001362,1
985610,1
951279,1
780545,1
237328,2
355992,1
641112,2
977165,1
644874,1
382334,1
368712,1
818329,1
3680,1
619342,1
164828,1
107315,1
250514,1
593581,2
289358,1
1009443,1
503274,1
934746,1
118517,1
924200,1
194766,0
135732,1
885660,1
996955,1
312447,1
698080,1
879728,1
924156,2
802283,1
412862,1
280427,1
632323,1
44487,1
540392,1
967030,2
583469,1
302587,1
590458,1
473186,1
272929,1
846339,1
488913,1
606487,1
260175,1
676844,1
611838,1
700046,1
269972,2
555246,2
138764,1
850204,1
552823,1
271274,1
1009205,1
117035,1
558818,0
701498,1
730634,1
722318,0
328033,1
740754,1
578038,1
141614,1
533231,1
666276,1
773141,1
594829,1
42764,2
361085,1
57320,1
942486,2
587047,1
751442,1
235296,1
27745,1
588671,1
544271,1
133129,1
508884,1
710070,1
651416,1
668274,1
430477,1
530544,0
174463,1
733769,1
52770,1
506662,1
144646,2
450963,1
438440,1
707250,0
215148,1
729588,1
41639,1
69057,1
559015,2
638280,1
951884,1
714283,1
435519,2
943979,1
331617,1
156210,2
999675,0
1008934,1
399637,1
474279,1
790191,1
191095,2
965469,1
276767,1
155051,1
674222,1
517556,2
533396,1
702932,1
907076,0
507421,1
829901,1
707386,1
494897,1
233823,1
128112,1
773611,1
192988,1
563757,1
955756,1
95230,1
847868,1
241046,1
590380,1
88528,1
261918,1
261598,1
791211,1
195437,1
421219,1
919495,1
997053,1
137426,1
100705,1
181665,1
106141,1
939556,1
18075,1
720510,0
361753,1
772210,1
266672,1
521751,1
728547,1
516690,1
754100,1
348336,1
910388,1
583076,2
49110,1
914362,2
439478,1
784729,1
529928,1
26711,1
839221,1
437014,1
943186,1
16488,1
306594,1
231502,1
32332,1
749344,1
252794,1
756425,1
981492,1
794874,1
407655,1
214808,1
591510,1
358276,1
645578,2
678886,1
900118,1
267185,1
205424,0
845132,1
129847,1
572685,1
532007,1
1002576,1
86342,1
540095,1
563889,2
325375,1
119066,1
546060,1
27969,1
675898,1
597677,1
1012667,1
241295,1
739297,1
869068,1
767744,1
193053,1
283701,1
698705,1
349788,1
58992,1
242128,1
107278,2
686139,1
906541,1
39108,1
169715,1
189430,1
730209,1
495759,1
165762,1
449796,1
220953,1
240005,1
404418,1
87457,0
306037,1
734814,1
834929,1
749791,1
454152,1
147704,1
62450,1
314588,1
256707,0
352403,1
65024,1
175824,1
456084,1
250529,1
985423,1
211977,1
159161,0
643840,1
412547,1
745876,1
41741,0
953442,1
993325,1
248119,1
167801,1
63844,1
864298,1
882647,1
989922,0
319354,2
59003,0
591176,1
24195,1
602274,1
327946,1
530151,1
1011071,1
619739,1
152504,1
486412,1
596782,1
807945,1
392146,1
709443,0
360598,1
576032,1
978162,1
339709,1
75119,1
695272,0
108503,2
225330,2
450970,1
883303,1
254048,1
524251,0
629040,1
81426,1
15825,1
226823,1
940415,1
255647,1
312182,1
149294,1
597226,1
43637,1
738821,1
965410,1
576319,2
69127,1
986471,1
857863,2
253447,1
931750,1
604834,1
1009083,0
687305,0
153581,1
308648,1
858839,1
169663,1
525425,1
405334,1
483204,2
405462,1
388802,1
239861,0
250242,1
723175,1
821967,1
801455,1
144073,0
768837,0
396175,1
212596,1
176843,1
298763,1
836787,1
515529,1
1198,0
791761,1
176469,1
588925,1
145706,1
711509,1
479526,1
146181,1
800627,1
465956,1
346426,1
85529,1
623336,1
344622,1
437791,1
975545,1
536472,1
606575,1
623424,1
797084,1
729481,1
733079,0
593640,0
274589,1
210859,1
642120,1
976179,1
858846,1
394881,1
581724,1
259320,1
119745,1
143007,1
162217,1
667802,1
165117,1
601237,1
135424,1
904091,1
800737,1
774458,2
364525,1
773956,1
355262,2
311112,2
686098,1
360925,0
993996,1
521146,0
147689,1
479467,1
781883,0
295438,1
812235,1
746118,1
442430,1
194858,1
300824,1
89118,1
469927,1
308332,1
489752,1
561638,1
1009429,1
343470,2
635058,1
560831,0
493027,2
538603,0
13690,1
868551,1
2052,1
445323,1
845994,1
7718,1
213520,1
920787,1
536737,0
47152,1
592225,1
667549,1
745120,1
333600,1
287488,1
950696,1
382330,1
573628,1
619896,1
733138,1
754397,1
163625,1
949618,1
520064,1
5826,1
414578,1
950982,1
1000486,1
322787,1
986534,1
667772,1
273320,2
488692,0
642153,1
523937,1
214091,1
629503,1
430763,1
14273,1
708222,1
421358,1
505427,0
74990,2
791046,1
380039,1
168662,1
516474,1
804616,1
328819,1
585434,1
185489,1
718933,0
110490,1
657645,1
359295,1
148510,0
311600,1
886382,1
347360,0
621752,1
958366,0
113563,1
690914,1
78419,1
652116,0
777846,1
706800,1
779455,1
728381,1
671825,1
337703,1
455641,1
784181,1
940727,1
195822,1
721713,2
809183,0
527456,1
783030,1
625433,1
129535,1
859193,1
305498,0
33216,1
251977,2
681149,1
282469,1
729746,1
20650,1
268201,0
214495,1
281039,1
448953,1
905852,1
1012546,1
701025,1
132876,1
236628,1
200207,1
825163,1
831672,1
406995,0
214293,1
973961,1
233056,2
773967,1
849404,1
1001164,1
202601,1
328767,1
183429,0
924109,1
475742,1
910605,2
931475,2
581764,1
257315,2
676709,1
669455,2
117992,1
626375,1
516092,1
8010,1
605604,1
458688,0
758977,1
58277,1
586688,1
993031,1
433986,1
787375,2
392069,1
626548,1
42089,1
999639,2
543326,1
340060,1
1003180,1
316182,2
555316,1
102970,1
691977,1
260924,1
302976,2
669118,1
5848,1
427352,1
368587,1
233959,0
903928,1
159044,2
483882,1
359350,1
89455,1
207705,2
256325,1
834749,1
986325,1
909922,1
460870,1
735521,1
892338,1
662427,1
752421,2
549746,1
334979,2
406111,1
949324,2
997992,0
716704,1
420463,1
974911,2
832192,1
649563,1
332397,1
991202,1
847042,1
114326,1
134137,2
196735,1
1014632,1
668179,1
164949,1
218154,0
115183,1
35122,1
352865,1
14336,0
440153,1
703441,1
354511,1
22128,1
616787,1
997329,1
784574,1
173947,2
445763,2
792476,1
149409,2
423822,1
752674,1
774542,1
966062,1
964644,0
249776,2
136186,1
32589,1
972869,1
548370,1
28382,1
21402,1
767748,1
704318,0
36273,2
792623,0
570009,1
275803,2
327087,1
696501,1
204694,1
339055,1
77542,1
126143,1
474022,1
438866,2
851612,1
489785,1
788141,1
534760,1
476985,1
544789,1
335693,2
176564,1
398519,2
115693,1
130496,1
61761,1
574694,1
373112,0
484003,1
466685,1
137947,1
1014515,1
793114,1
314214,1
100716,1
786521,1
844340,1
994443,1
127793,1
470657,1
324312,1
49741,1
246971,1
394632,1
850707,1
357734,1
418817,1
639883,2
186545,1
37355,2
465909,1
804164,1
719200,1
169960,1
333141,1
128464,1
28258,1
897951,2
60870,2
312168,1
305461,1
549056,2
185173,1
752029,1
304057,0
182626,1
123607,1
231645,1
896499,0
512603,1
920394,1
310540,1
1001003,1
313624,1
742932,1
888821,1
585937,2
952625,1
583153,1
88979,2
511918,1
1000736,1
631928,1
536513,1
867066,0
123177,1
724293,1
53511,1
356391,1
727993,1
295096,1
926587,1
347254,1
534728,1
628942,2
935006,1
499270,1
52855,1
128332,1
477490,0
178614,1
459252,0
151253,1
459465,1
813614,1
733288,1
851054,2
540983,1
155440,1
508495,1
319376,1
281424,2
223145,1
54545,1
919712,1
226625,0
735679,1
30037,2
276022,1
1001388,1
467282,1
547971,1
464926,2
510131,1
842104,1
483273,1
188785,1
793341,1
966965,1
500437,1
539989,1
947638,1
848168,1
540943,1
890978,1
255317,1
733068,1
729922,1
256332,1
119547,1
285332,1
609471,1
606931,1
837810,1
440612,1
512892,0
997673,1
542145,1
97096,1
943872,0
92929,1
155099,1
564020,2
454905,1
151770,1
596614,1
566781,1
746378,1
437414,1
371084,1
502251,1
704534,1
972979,1
269176,1
842595,1
428496,1
775400,1
151356,1
1006051,1
373806,1
138713,0
25138,1
433179,1
901669,1
467664,1
324554,1
257575,1
627288,2
66535,0
691100,1
723887,1
726835,1
593336,1
752355,2
337417,2
495957,1
625514,2
416576,0
237225,1
133480,1
727164,1
696105,0
746165,1
499399,1
337453,0
437836,1
285695,1
140536,1
694943,1
825916,0
263655,1
291063,0
85022,1
81392,1
624171,1
283327,1
77128,1
404924,1
92936,1
669312,1
965528,1
54350,1
385843,0
248489,1
922048,1
374553,1
857849,1
379826,1
488131,1
854402,1
275249,1
477711,0
474444,1
244030,1
276293,1
661378,1
504730,1
121818,1
642821,1
404957,0
320194,1
989357,1
775150,1
572366,1
768961,1
467617,1
201644,1
849998,1
678020,1
748219,1
518649,1
228139,1
295540,2
264539,1
819575,1
422649,1
141056,0
1017866,1
579053,2
583425,1
766619,1
96080,1
231531,1
557365,1
193046,1
147238,1
219540,1
93533,1
709142,2
679483,1
25688,1
923159,1
477649,1
340468,1
247899,2
111309,1
953615,1
59175,1
713323,1
803680,1
66807,1
917109,1
740967,1
905687,2
785315,1
763609,1
765760,1
901805,1
216057,1
274482,1
449165,1
291508,1
228274,1
832684,2
36868,1
427305,1
376911,1
674662,1
48993,1
461699,2
138577,1
36600,1
185555,1
673500,1
973008,0
570625,1
875948,1
539343,1
557640,0
360895,1
593703,1
501441,1
979527,1
78488,1
47189,1
464988,2
483699,1
957482,0
568563,1
646241,1
765133,1
278956,1
617072,1
198894,1
534533,1
137745,0
342671,1
632455,1
24764,2
1752,1
224131,1
212123,1
998674,1
170768,1
847178,1
80469,1
121205,1
854141,1
32071,1
518692,1
840054,0
979927,1
490200,1
868724,1
408623,1
724169,2
247279,1
441161,1
734531,1
964057,1
49312,1
275476,0
271113,1
59186,1
878862,0
29868,1
680717,1
518575,1
880582,1
266962,2
955048,1
312692,1
653458,0
738597,1
660384,1
783591,1
250213,1
534265,1
125751,1
672176,1
388299,1
866890,2
250341,1
579325,1
881642,1
296031,2
42603,1
930199,2
700390,1
176740,1
295151,1
498530,1
135468,1
841532,2
989595,1
906215,0
536384,1
632345,1
233100,2
696314,1
757073,1
247590,1
64731,1
303995,1
622577,1
496558,1
985360,1
590157,2
300523,1
85712,1
560501,1
165098,1
158803,1
139790,1
281729,1
653560,1
231913,1
236895,1
364264,0
713587,1
574885,1
565616,1
980749,1
968464,1
567283,1
414633,1
620737,1
483420,1
361683,1
219797,1
617274,1
970856,1
53045,1
76699,1
682719,1
240155,0
280294,1
751604,0
757202,1
497012,1
697788,1
151268,1
448432,1
603084,0
955044,2
346044,1
10501,1
643763,1
342246,1
492026,1
867785,1
569502,1
747540,2
623244,1
454215,1
1016766,1
555169,1
207363,1
705355,1
936308,0
403710,1
55814,2
10666,1
588433,1
419498,1
345913,2
70657,1
257090,1
292608,2
352355,1
545856,1
983160,0
493632,1
896547,0
291166,1
120820,1
123122,1
720796,1
560189,1
891678,1
441352,1
460614,1
121645,0
571691,1
1005461,1
870242,1
834473,1
142266,1
28915,1
55362,0
649996,1
246193,2
64331,1
705733,1
558407,1
246414,1
2449,1
199617,1
932832,1
393976,1
835908,2
599062,1
134324,1
382000,1
614217,2
557790,1
259287,1
476082,1
888872,1
208834,1
499872,0
974096,0
266162,1
956030,1
440641,1
658778,2
226188,1
689857,2
765753,1
278721,1
111932,1
93151,1
168101,1
1007966,1
821093,2
154986,1
707911,1
336184,1
287558,1
13463,1
203099,1
168266,1
754452,1
783155,1
548851,1
189809,1
11582,1
185816,1
543120,1
629187,1
696174,0
129436,1
150979,1
807390,1
773981,0
650837,1
211328,1
62968,1
643015,0
775220,1
704127,1
738681,1
946600,1
52363,1
681758,1
429527,1
34822,1
534496,1
442096,1
763414,1
93030,1
668216,1
1006653,1
962590,1
38491,1
393187,1
567878,1
788541,2
383618,1
427026,2
251643,1
198197,1
677302,1
877759,1
963155,1
430554,1
579376,0
79739,1
1001131,1
63972,1
996973,1
45990,1
854280,1
503906,1
16000,1
649860,1
191819,2
319945,1
386239,1
970636,2
575336,1
359846,1
768848,1
501805,2
332092,0
921274,1
345553,1
904778,1
981427,1
887369,1
390162,1
649831,1
393055,1
911925,1
798067,1
936894,1
522763,2
415391,1
724411,1
439049,1
530162,1
198090,1
581937,1
886904,1
272419,1
656659,2
560383,1
359691,1
251133,1
641802,1
601310,2
916874,1
768518,1
841455,1
805129,1
621819,1
337619,0
863594,1
859230,1
65145,2
44076,1
363414,1
620920,1
239340,1
274981,1
639986,2
513109,1
147304,1
709645,1
175570,1
467309,1
14501,1
788857,1
532087,1
121007,2
254239,1
145874,2
86188,1
390371,1
589580,2
412932,1
40861,1
707937,1
124181,0
577051,2
704585,1
135086,2
576546,1
615265,2
548129,1
571321,1
911099,0
116250,1
882470,1
597266,1
210536,1
232844,1
750948,1
752380,1
272293,1
141409,0
90280,1
498996,2
783052,1
30176,1
908833,0
275117,1
541830,0
366648,1
678431,0
359178,1
293872,1
508062,1
170526,1
418640,2
742316,1
492334,1
199518,1
624102,1
216680,1
426131,1
13379,1
332537,1
701212,1
655753,1
502659,0
593079,1
703962,0
748446,1
305362,1
830282,1
650987,1
224609,1
622104,1
293410,1
877898,1
119848,1
100132,1
810332,1
348387,1
183124,1
759435,1
988055,1
877708,1
470118,1
247440,1
361247,2
541162,1
666207,1
71665,1
323931,1
18222,1
806650,1
527342,1
419209,1
137712,1
175222,0
163544,1
154788,1
516892,1
668120,0
756164,1
920695,1
210309,2
238042,1
131376,1
356568,1
864063,1
888784,1
324936,1
883277,1
510953,1
143883,1
63840,1
571101,1
230912,0
476905,1
650778,1
622108,1
983461,1
312986,2
126606,2
614239,1
320352,1
491487,2
1002224,1
494402,1
376269,1
270439,1
731891,1
866865,2
94527,0
251409,1
697362,0
415520,1
401859,0
881286,1
173635,1
859755,1
194560,1
626863,1
640162,1
1007852,1
220483,0
749131,0
481345,1
528017,2
454820,1
336481,1
965380,1
215364,2
777868,1
855061,1
981078,1
880553,1
57096,1
473634,1
473818,1
386617,1
434000,1
453984,1
479151,1
434972,2
625976,1
724132,1
347995,1
9158,1
979707,1
489936,1
734391,1
1017426,1
806236,1
91447,1
220065,2
301520,2
265880,2
634761,1
840094,0
186729,2
30668,1
402991,2
294800,1
738487,1
458,1
210044,1
873380,1
75874,1
782349,1
409455,1
793495,1
244867,1
759347,1
992562,1
634750,1
928134,0
960347,1
179299,1
969935,1
865732,1
107292,0
337215,1
591334,1
512478,1
77740,1
553710,1
818376,1
275355,1
174229,1
132575,1
272349,0
520750,1
333703,1
830396,0
577507,1
515561,1
102875,1
663211,1
555374,1
406944,0
803266,1
452037,1
424339,2
136234,1
578063,2
133459,1
139736,1
762714,1
312829,1
694466,2
960163,1
988503,1
13382,1
384905,2
91737,0
338216,1
106596,1
800898,0
542600,1
947719,2
168868,1
687921,1
444186,1
858307,2
722471,2
1884,1
801774,1
744864,1
551583,1
635050,1
237937,1
567966,1
955994,2
944686,1
447549,0
537602,1
911073,1
467066,1
930375,1
514355,1
452091,1
985137,1
50291,2
73667,1
65608,1
402052,1
5987,1
316726,0
868001,1
157394,0
176241,2
64764,1
758610,1
912401,1
598733,1
319710,1
703379,1
1007236,1
450817,1
138063,2
421181,1
322637,1
981577,1
740064,1
932935,1
294921,1
386228,1
336863,1
42078,1
207275,1
296215,1
201105,0
277191,1
373868,1
929502,0
488182,1
133558,1
259742,1
359699,0
85338,1
280357,1
266290,1
897643,2
625455,2
18170,1
181991,1
776027,1
251984,1
922114,1
166190,1
398900,1
989519,1
758735,1
212512,1
851230,2
457346,1
149481,1
911723,1
280092,1
773226,1
927328,1
679759,2
285138,1
321159,1
360235,1
297388,1
489132,1
169131,1
716520,1
398878,1
891733,1
912162,1
54211,2
765140,1
353073,1
841660,1
830268,0
1003625,0
874990,2
501210,1
358184,1
776416,1
778531,1
674761,1
643206,1
393895,1
506141,1
188855,1
690293,1
365519,1
355729,2
275531,1
361915,1
739969,1
430620,1
764385,0
966891,1
25013,1
454909,1
181335,1
684830,2
593512,1
230637,1
125175,1
321511,1
465783,1
707724,1
237207,1
701326,2
950311,1
954708,1
742309,1
589126,1
479272,1
809062,1
826131,2
708255,1
422704,1
366208,0
590377,1
245112,1
802823,0
318375,1
256493,2
389322,1
208980,1
673753,2
289824,1
949023,2
505834,1
96088,1
938357,1
973419,1
190308,1
634798,1
270897,2
396450,1
383430,1
419810,0
262357,1
490222,1
91120,1
585243,1
321849,1
48898,1
808227,1
986303,1
145746,2
647639,1
314041,1
408414,0
683808,1
84061,1
837560,1
996937,0
164284,1
280522,1
718276,0
471786,1
238956,0
217953,2
284654,1
100055,1
657157,1
871368,1
352494,1
511837,1
573279,1
958784,1
193970,1
411890,1
364183,1
462777,1
502574,1
677584,1
35463,1
105683,1
280214,2
523562,1
831863,1
245992,1
398030,1
955969,1
136157,1
850970,1
866157,2
821684,1
862425,1
905108,1
740181,1
201927,0
51740,0
740736,1
1009450,1
516823,1
207022,1
41183,1
903513,1
421981,1
771077,1
196445,1
223813,2
527687,1
95869,1
185551,2
355772,1
679700,1
627314,2
967632,1
88410,1
67158,1
664076,0
649916,1
505739,1
476589,1
669624,1
78565,1
196265,1
576627,1
866414,1
68610,1
957156,1
458329,2
987942,1
41451,1
845990,2
81936,1
134254,1
29325,2
546978,1
104091,1
913615,1
196276,2
978232,1
673089,1
326453,1
851564,1
978533,1
90493,1
400876,1
92279,1
536784,1
689420,1
203165,1
849763,1
888814,1
935684,1
662742,1
613832,0
101122,1
566136,1
748901,1
426498,1
573664,1
52628,1
953347,1
246267,2
196728,1
865284,1
328550,1
410251,0
561887,1
203954,1
749281,1
253780,1
50064,1
725698,1
1007694,1
524820,1
94633,1
477131,2
928534,1
888285,1
796528,1
329368,1
320866,1
965058,1
932263,0
22670,1
270640,1
560358,1
80788,2
891597,0
208100,1
245541,1
636150,1
244838,0
892143,1
619599,1
775073,0
793352,0
849521,1
290121,1
675663,0
523247,1
210268,2
724943,1
554227,1
747870,2
938940,2
677665,1
155224,1
180150,1
152005,1
287653,1
215100,1
382602,1
3035,2
584877,1
475070,0
312564,0
718434,1
212853,1
74925,1
136418,1
721900,0
190715,1
442753,1
14417,1
1001788,1
158058,1
666452,1
197659,1
55593,1
860526,1
802760,1
781355,1
960002,1
588260,1
770139,1
775734,1
815902,1
408410,1
408036,1
922778,1
178911,1
178908,1
6405,1
194487,1
998238,1
563544,1
940587,1
106,2
745942,1
673290,1
48858,1
504888,0
930827,1
29736,1
979523,1
895249,1
766875,1
743405,1
835603,1
716546,1
794038,1
769357,1
754618,1
604188,1
176704,1
1007629,1
603880,1
976263,1
279898,1
1011725,0
103308,0
148183,1
575769,2
671025,1
776742,1
869031,1
483471,2
279461,1
699823,1
993567,1
742741,1
555051,1
869761,1
489598,1
925946,0
6980,1
629037,1
416459,1
225921,1
861970,0
705403,1
748860,1
970544,1
792403,1
1004505,1
384035,1
899586,1
709821,2
221172,2
293726,1
180183,2
971273,1
855795,1
92190,1
388956,1
954281,1
860625,1
754995,1
397147,1
104918,2
825512,1
273940,1
524145,1
17030,2
757550,0
602971,2
652288,1
697843,0
776357,0
284786,1
646630,1
508657,0
1015075,2
987795,1
852767,1
839742,1
585001,1
428793,1
584015,1
746419,1
996643,1
77234,1
170944,1
731819,1
631579,1
488531,0
574551,1
639799,0
396278,1
176502,1
559073,1
113046,1
437939,1
38103,1
278578,1
943458,1
732849,1
876453,0
261084,0
282270,1
315123,1
423936,1
507935,1
967610,1
180158,1
945728,1
461497,1
786792,0
186581,1
6159,1
314908,0
132018,1
682388,1
419997,1
262324,2
729889,2
51179,1
551914,2
238035,1
990447,2
200731,1
460016,1
118003,2
739785,1
152980,1
475904,1
196838,1
233250,1
862407,1
324400,1
467055,1
16675,1
870613,1
84605,1
565407,1
977019,1
665091,1
684030,1
138449,1
816532,1
473498,1
692354,1
835386,1
420951,0
888847,1
478767,1
13683,1
222621,2
494835,1
971464,1
945302,1
957347,1
124457,1
857768,1
786954,1
317455,1
235850,1
345461,0
330751,1
637434,2
965113,1
303973,1
856044,1
493533,1
914465,1
930401,1
115998,1
481330,1
775576,1
92015,2
22858,1
728363,1
581618,1
598058,1
321111,1
512977,1
198788,1
615629,2
259980,1
884913,1
993152,1
540239,2
353815,1
395879,1
647422,1
466429,1
345281,1
304637,1
608881,1
364073,1
801103,1
933972,1
3765,1
192672,0
528024,1
347687,2
199859,1
524439,0
468966,2
706048,1
446342,1
541618,1
962976,1
185823,0
636044,1
848230,1
288041,1
436149,2
575941,1
987887,1
899711,1
913453,2
450776,1
515495,0
454853,1
301139,1
972953,1
431038,1
603914,1
626690,1
352421,1
550205,0
868470,1
80021,1
917211,1
506251,1
158807,1
380945,2
962660,2
295027,0
290440,1
86786,2
883886,1
489888,1
223112,1
756227,1
551473,1
33058,1
455128,1
725265,1
37571,1
552812,1
470488,1
527702,1
617568,1
442199,1
316667,1
411627,1
626911,1
264139,1
787416,1
508143,1
422872,1
338241,1
996353,1
610521,1
486610,1
181254,1
179622,1
899227,1
863172,2
93573,1
595136,1
911316,2
40065,1
259470,1
976858,2
842720,1
213726,1
542710,2
609615,1
839489,1
395064,0
678064,1
70833,1
722446,1
591554,1
479074,0
354188,0
160552,1
988392,1
534140,1
936454,1
277210,0
661808,1
638651,1
212138,2
460555,1
13838,0
151451,1
186020,1
545401,1
182574,1
639348,1
557512,1
1017282,1
736830,2
178155,1
226283,1
760789,1
786239,1
346165,2
273489,1
881022,1
342187,1
392421,1
293997,1
40407,1
850549,1
111286,1
449037,1
383522,1
427862,1
78026,1
739657,1
113446,1
990975,0
822656,1
300417,1
734113,1
487093,2
443127,1
594315,1
493232,0
169748,1
519808,1
364114,2
804362,1
302103,1
370054,1
543308,1
781384,1
99832,0
959921,1
393091,1
345432,1
858538,1
115118,1
18853,1
307393,1
903296,1
331965,1
1323,1
180334,1
543029,1
831548,1
276073,1
133675,1
574137,2
555019,1
941599,1
282234,1
1011406,1
569285,1
358852,1
641291,1
869152,1
418992,1
132964,1
865233,1
573312,0
663857,1
828331,1
904260,1
572469,1
409547,1
606704,1
654620,1
119837,2
320231,1
325191,2
873120,1
964211,1
755662,1
200290,1
487464,1
10310,1
683374,1
198494,1
961197,1
256251,1
532223,0
756612,1
890,1
997905,1
108617,1
693924,1
567900,1
843116,1
836042,1
627237,1
142152,1
485532,1
543263,1
416972,2
1003034,1
843662,1
651823,1
752883,1
876927,1
999910,0
202245,1
771873,0
204306,1
225536,1
695456,1
308321,1
131545,1
229716,1
202993,1
595880,1
471636,1
444883,1
549104,1
187568,1
360480,1
778311,1
962918,2
87695,1
453764,1
263934,1
440524,1
434910,1
863741,1
926543,1
104099,0
246755,1
584781,1
335727,1
80791,1
916922,1
66230,1
617579,1
535439,1
329694,1
487398,1
17724,2
6401,0
443604,1
497548,1
831801,1
619948,1
556324,0
598700,0
517941,1
665202,1
415762,1
194836,1
286861,1
914164,1
151026,1
883060,1
168398,1
487383,1
228201,0
736096,0
621804,1
385380,1
436079,1
964787,1
417797,1
1013202,1
594209,1
128354,1
463716,2
652453,1
204115,1
429581,1
296013,1
1008596,1
901096,0
955279,1
180532,1
789689,1
794775,1
720110,1
756032,1
703573,1
798683,1
236631,1
358180,1
569186,1
208823,0
920604,1
150340,1
213803,0
619452,1
299610,1
145379,1
740259,1
99425,1
779686,1
549977,1
748394,2
353653,2
398643,1
588877,0
636730,0
267860,1
7659,1
842739,1
224139,1
626816,1
239535,0
282869,1
391901,1
611140,1
960369,1
259423,1
418336,1
154083,1
583832,1
675326,1
698400,0
779448,1
288908,1
938148,2
470507,1
426557,1
81594,1
635252,1
640713,0
695067,2
270222,1
503557,1
146383,0
823352,1
512533,1
325885,1
703580,1
892848,1
754290,1
720077,1
292314,1
965939,2
616912,1
399725,1
760004,1
16866,1
361438,2
435434,1
803684,1
781391,1
848663,1
811571,1
393316,1
446874,1
355291,1
823433,0
499506,1
826597,1
966253,1
1016182,1
258008,1
983458,1
194098,1
887266,0
325591,1
915943,1
771213,1
934210,1
111763,0
77674,1
264957,1
482254,1
69413,1
236921,0
312755,1
106446,2
587678,0
328510,1
333035,1
403619,1
130577,1
531828,1
878114,1
816716,0
871199,1
26450,1
99788,1
14787,1
829060,1
790874,1
982619,1
34150,1
586127,1
198047,1
331004,1
512243,0
222658,2
1013392,1
223806,1
716715,1
938988,1
414417,1
1015479,1
853302,1
424702,1
4421,1
239762,2
703823,1
50325,1
862432,1
61079,1
718856,1
491740,0
910766,1
563078,0
48708,1
413320,1
794232,1
889686,1
712645,1
787148,1
483163,1
770674,1
656695,1
108734,1
362714,1
376485,1
972832,1
389014,1
346033,1
444546,1
638600,1
99131,1
717099,1
45521,2
304325,1
434451,2
767179,1
437696,1
1006587,0
782059,1
835166,1
508286,0
769184,1
176627,1
277519,1
24386,1
272129,2
112658,1
610532,1
786866,1
307933,1
711248,1
29123,2
60731,1
454060,1
321405,0
648944,1
963283,1
790070,0
93625,1
208690,1
1001054,0
249039,2
438378,1
774065,1
376243,1
38037,1
794526,1
666618,1
998230,1
964736,1
81015,1
879955,1
698727,1
203998,1
704211,2
347607,1
733589,1
735165,1
56396,1
821729,2
164527,1
616710,1
354544,1
400960,1
127742,1
560538,1
918315,1
60074,1
741601,1
756322,1
107656,1
170599,1
381861,1
182468,1
832372,2
547021,1
873128,1
207114,1
706231,1
606443,1
901287,1
348622,1
598593,1
8993,1
522312,1
790544,1
713396,1
641651,1
149757,1
591411,2
5491,2
399549,1
838954,1
215052,1
179479,1
937639,1
969308,2
819362,1
836699,1
587117,2
671487,1
676305,1
976681,1
946303,0
781292,1
385740,1
572135,1
20683,0
996456,1
315185,1
153310,1
319141,1
150399,1
984745,1
462795,1
311457,1
762608,1
559518,2
194894,1
448164,1
103609,1
455876,1
800083,0
662584,1
423015,2
301153,1
491535,2
133114,1
351325,1
214385,0
740963,1
208089,2
942758,1
297502,2
90853,1
842995,1
998982,1
123038,1
665590,1
724547,1
910087,1
528695,2
310449,1
718793,2
658077,1
659335,1
547366,1
493140,1
617340,2
270747,1
29424,1
235986,1
735745,1
502600,2
27716,1
688838,2
584763,0
661275,0
714126,1
718481,1
526437,2
23396,1
307027,1
516849,1
424830,1
886511,1
103759,1
24566,2
635513,1
380053,1
725896,1
472574,1
728620,1
589559,1
820607,1
788592,1
696875,1
542394,1
543373,1
98619,1
912412,0
862935,1
178412,1
473025,1
321449,1
379271,1
988565,1
184697,0
309652,1
376580,1
749135,1
292868,2
78246,2
973767,0
570254,2
541489,1
453621,2
174474,1
25790,0
869655,1
375327,2
1006778,1
35922,0
141676,0
911107,1
268887,1
5345,1
444670,1
422227,1
577118,1
758287,1
9370,1
488395,1
78228,1
360536,1
20852,2
274516,1
3101,1
483288,1
470792,1
300233,1
597116,2
419117,1
220850,1
703328,0
790166,1
780325,1
523706,0
466036,1
432509,1
695584,1
753598,1
746891,1
950887,1
599165,1
220971,1
978591,1
86988,1
657164,1
424368,1
465068,1
233650,1
283826,1
426454,1
601170,1
621381,1
847031,0
778751,0
652952,1
103025,1
536344,1
903425,1
692945,2
514605,1
769108,2
473784,1
861501,1
999671,1
945595,1
253645,1
954483,1
68614,1
187205,1
631164,1
280908,2
788794,1
982769,0
333464,1
664098,2
735055,0
488942,2
586790,1
735675,2
226368,2
233306,1
787272,1
810123,1
77517,1
840267,1
1004185,1
184220,1
467855,1
141892,1
1005135,1
412796,2
629587,1
894992,1
676903,1
34231,1
848843,0
296398,0
894237,1
341483,1
85929,1
150355,1
407732,1
241376,1
997240,1
1007841,1
579600,1
441231,1
138885,1
152027,1
135633,1
454563,1
817001,1
823660,1
1008439,0
435140,1
4997,0
552221,1
941999,2
62737,1
816488,1
877692,1
817900,1
193592,1
135237,1
126877,0
171952,1
556827,1
206326,1
585489,1
125319,1
290837,1
564758,1
146589,0
719765,1
676400,1
781450,1
768767,1
687228,1
304684,1
419311,1
922073,1
723414,1
786763,1
583197,0
392894,1
616013,1
493892,1
930566,1
95883,1
374179,1
663031,0
343386,1
120615,1
29853,1
95766,2
465787,1
100767,1
911701,0
70701,1
917262,0
519381,0
469802,1
861251,1
124402,1
11807,1
222694,1
242751,1
211591,1
729108,1
846247,2
79984,0
490978,1
748662,1
10394,1
384457,1
979413,1
658738,1
699603,1
315527,1
628289,1
518953,1
612912,1
557149,1
887222,0
918384,1
111642,1
381120,0
227769,0
114018,1
792065,1
265532,1
886423,0
257160,1
770234,1
272444,1
759361,1
517703,1
537800,1
732111,1
719680,1
631010,1
338362,1
326941,1
13830,1
533657,0
677027,1
768440,1
221844,1
424540,1
133048,1
222045,2
1000912,1
216585,0
179868,1
1015237,1
84359,1
333651,2
34734,1
594333,1
418097,1
779727,2
857049,2
184929,1
248353,0
157174,2
159929,1
203323,2
263060,1
474657,1
882937,1
268766,2
275517,1
654543,1
734605,1
840535,1
943780,1
502365,1
437748,1
456565,1
160303,1
516962,1
200115,1
558014,1
636792,2
9891,1
673621,1
259180,1
352759,1
660296,1
43464,1
324206,1
514366,1
417892,1
594131,1
579949,1
781560,1
302620,1
978063,1
757697,0
406580,1
575167,1
679656,1
168222,1
578119,1
909618,1
971031,1
321672,1
880649,1
483952,1
520053,1
72794,0
728925,2
119921,1
430789,1
844898,2
513208,1
480722,1
175574,1
901229,2
751174,1
1003041,1
563290,2
235719,1
516669,1
659489,1
36006,1
753712,1
160013,1
718962,1
430950,1
561920,1
949944,1
722064,0
440513,1
724129,1
13973,1
199213,1
953871,1
417742,1
922217,1
243378,1
564608,0
369607,1
388134,1
352942,1
361580,1
710650,2
722886,2
764282,1
181360,2
489495,1
1009667,1
25974,1
45763,1
748233,1
1013305,2
176010,1
370201,1
763627,1
791794,1
691922,1
750999,1
247910,1
7509,1
622742,1
72402,1
742554,0
730139,1
510399,1
712003,1
259148,1
124538,1
750739,1
647327,1
360653,1
293546,0
137026,2
413056,1
64306,1
237951,1
192519,1
375473,1
682120,2
1016050,1
394607,1
362949,1
908499,1
629668,1
476442,1
454981,1
457144,1
869262,1
505603,1
899472,1
963056,1
374106,1
321070,1
131813,1
483233,1
540660,1
295232,1
333673,1
424423,1
497984,2
648595,1
630057,1
521395,1
331929,1
714812,1
1002774,1
458343,1
215661,1
750401,1
114748,2
932788,1
391592,1
35294,1
280133,1
174155,1
756315,1
972205,1
269279,1
930922,1
186875,1
297395,1
324738,2
717590,1
49994,1
19209,0
576117,1
971314,1
656237,1
454208,1
974371,1
51014,1
345241,1
897591,0
145096,1
367285,1
994975,1
267783,0
701032,1
435577,1
24786,0
251096,1
285105,1
225583,1
533532,0
230398,1
512481,1
807541,0
61442,0
565829,1
906905,1
823444,1
318580,1
598018,1
959895,1
120361,1
719783,1
814475,1
500646,1
77645,2
349894,1
530959,1
62681,2
661239,1
353785,1
551998,1
613630,2
729801,1
637980,2
322347,1
131284,1
439005,1
982417,1
120736,1
830873,1
408883,1
422337,1
201703,1
560343,1
928545,1
230648,1
990348,1
894174,1
908316,1
256222,0
190795,1
229297,1
574441,1
76604,1
900921,1
631821,1
29372,0
972072,1
55102,1
136704,1
40278,1
979860,1
13485,0
4289,1
20856,1
996045,0
353598,1
668593,1
488649,1
498240,1
465075,1
138852,1
939109,0
775697,1
795428,1
600621,1
366714,1
693337,1
982909,1
551756,1
619115,1
73399,1
190704,1
1628,1
105632,1
556081,1
576751,1
320734,1
285552,1
664931,0
947696,1
675704,2
993185,1
955826,1
991921,1
211218,0
349638,1
630619,1
307229,1
786378,1
349649,0
771602,1
713972,1
958065,0
364925,2
475607,1
595121,1
593127,1
871816,0
219885,1
975204,1
625334,1
903076,1
847086,1
251173,1
112874,1
3262,1
63015,1
591668,1
11708,1
66630,1
496712,1
822869,1
57922,1
327131,1
289611,1
285251,1
712795,1
726042,1
348185,1
103975,1
393129,1
485590,1
992177,1
294569,2
92686,0
172054,2
212949,1
496323,1
966866,1
442621,1
727513,1
957369,1
218745,1
478040,1
926628,1
974885,1
430286,2
908741,1
283660,1
330513,0
920358,1
64302,1
631106,0
821068,1
226232,1
758317,1
761908,1
256295,1
676246,0
847776,1
274626,1
280618,1
472996,1
801000,1
148741,1
468287,1
40542,1
909412,0
58390,2
884876,1
271560,1
741072,1
299412,1
833799,1
981236,1
327443,1
119994,1
663882,1
450211,0
929139,1
491751,1
700974,1
12693,1
652831,1
743636,1
1008329,2
222739,0
315677,1
249952,1
236437,1
41040,1
20980,1
733956,1
840818,1
759383,1
141162,1
941856,1
459913,2
732690,0
619720,1
211221,1
867264,1
956632,2
339859,1
759387,1
138272,1
362699,1
862270,2
40256,1
471562,2
404744,1
753741,1
481415,2
279825,1
756157,0
943348,1
782884,1
21497,1
485033,1
416220,0
267295,2
148998,1
643040,2
676059,1
606791,0
593901,1
902383,1
802793,1
401392,1
437076,1
659870,1
20661,1
221994,1
179042,1
538063,1
750827,0
75955,1
181034,2
885583,1
196423,0
601798,1
537716,1
306444,1
380321,0
912548,0
98787,1
315868,1
98402,0
614770,1
458828,1
922808,1
774212,1
640658,1
847413,1
150359,1
446959,1
355655,0
133716,1
175648,1
669819,1
262676,0
486005,1
935244,1
473304,1
379334,1
688467,1
715361,1
137550,1
834774,1
25714,1
445990,1
973590,1
792799,1
974614,1
1006639,2
349058,1
1001740,1
635029,1
844142,1
243583,1
330656,1
406302,1
373989,1
914193,1
196771,1
749249,1
376232,1
393587,1
160024,1
162936,2
726523,1
486294,1
201578,0
782965,1
714368,1
125612,1
418567,1
409965,1
774252,1
235722,1
78804,1
587799,1
1009843,2
34473,1
197497,1
917149,1
825086,1
774722,1
122947,1
522301,1
219159,1
218918,1
163104,1
477366,1
678460,1
712311,1
136777,1
488281,1
745924,1
815083,0
467172,1
142435,1
629011,1
689927,2
119550,1
165182,1
379044,2
613388,1
498688,1
616750,1
437175,1
329283,1
987968,1
641930,1
74558,1
400553,1
211809,1
289857,2
222119,1
577451,1
800681,1
826979,1
43897,1
803350,0
1014823,1
748097,1
504569,0
275179,1
380086,0
89220,2
652651,1
237111,1
868052,1
963269,1
209655,1
950513,1
521795,0
19612,1
47952,1
858431,1
758258,1
613818,1
45217,2
634475,0
92727,2
116816,1
120365,1
400135,1
199738,2
688577,1
470734,1
437843,1
482933,2
674497,1
780897,1
316616,1
329313,1
534401,0
164325,0
385142,1
24232,2
241428,1
747665,1
832442,1
797976,1
914553,1
531802,1
324631,1
198407,1
256626,1
915628,1
587520,1
44106,2
595594,1
762556,1
972605,1
667868,1
553934,1
726424,1
425060,1
626188,1
1003430,1
316454,1
113772,2
505159,1
914278,2
93793,1
512485,1
234871,1
733707,2
889268,0
379936,1
963504,1
199998,1
853540,1
1003188,1
728495,1
842287,0
43068,1
100004,0
948800,1
220634,1
218213,1
230244,1
558542,1
393727,1
223772,1
277889,0
632741,1
634208,1
824119,1
253490,1
855102,0
699768,1
29871,2
1010991,1
771183,1
497126,2
369908,1
157185,1
770171,1
355208,2
393914,1
800986,1
266665,0
276895,1
1010357,1
58754,1
359750,1
489606,1
278211,1
803017,1
528765,1
726721,1
423235,1
988727,1
1017561,1
882335,1
359794,1
981115,1
592496,1
144954,1
45448,1
352829,1
921348,1
934173,1
858428,1
932670,1
151422,1
691126,1
1006521,0
132759,1
606667,1
287246,1
1013745,1
359882,1
517783,1
24984,1
70550,1
949683,0
116108,1
775664,1
958072,1
119749,1
157747,2
222937,1
365445,1
508473,1
627673,1
579109,1
871492,1
544990,1
197460,1
980066,1
107887,1
299386,0
202366,1
120912,1
428379,1
634482,1
223350,1
715075,1
500969,1
659940,1
23154,1
692086,0
291368,1
921142,1
421086,1
388424,2
294206,1
26487,2
86591,1
531152,2
828830,1
496480,1
984774,1
922734,1
50505,1
588271,1
59164,1
378407,1
190425,1
646193,1
174786,1
609934,1
182530,1
609365,1
632705,1
891472,0
490093,1
324859,1
278428,1
791644,2
818046,0
55300,1
755589,1
709531,1
456062,1
303797,1
29703,1
556030,1
446467,1
445639,1
851773,1
225440,1
334993,1
904150,1
510425,1
170313,1
19175,1
1002066,1
273166,1
138254,1
464489,1
545878,1
527265,1
941650,1
884601,1
412477,1
909331,1
475753,1
601556,1
9080,1
190054,1
476655,2
89363,1
711343,1
751691,1
981151,2
943649,1
376508,1
334524,1
662522,1
922183,2
318878,1
393910,2
728194,1
128020,1
145908,1
839009,1
727575,1
905126,0
803806,1
28591,1
485987,1
565917,2
163214,1
325959,1
609280,1
143146,1
236484,0
754492,1
181584,2
886812,1
997567,1
470444,1
871625,1
333116,1
907425,1
287033,1
678923,1
62083,2
406900,1
965931,2
786943,1
209299,2
792803,1
358669,1
714625,1
100448,1
454383,1
512595,1
903146,1
11586,1
575347,1
315482,1
257740,1
923162,1
34190,1
657072,1
321522,1
515819,1
507065,1
742675,1
647701,0
329232,1
623956,1
49356,1
318030,1
659573,1
92488,0
396120,2
1012098,1
515224,1
176117,0
889374,1
877270,1
454648,0
118906,1
229378,1
894196,1
846951,1
540297,2
981933,1
255944,0
120978,1
655771,1
831591,1
859791,1
280360,1
858604,1
528156,1
669583,1
884032,1
1006554,2
674266,1
592104,1
746491,1
331059,1
845499,1
129780,1
308886,1
593222,1
336669,1
560718,2
539886,1
591877,1
129410,1
393275,1
699243,0
259632,1
290730,2
871287,1
216930,1
101991,1
933305,1
999480,1
658099,1
831342,1
33223,1
264146,1
962907,1
872941,1
49613,1
1013789,1
39823,1
493166,1
438301,1
275528,1
308644,1
1819,1
725757,1
527771,1
748402,1
117853,1
474572,1
694268,1
479588,1
232532,1
950458,1
509621,2
79878,1
270435,1
415942,1
821747,1
78918,1
168798,1
1015710,1
961953,1
857823,0
301777,1
824816,1
378993,1
467781,1
398805,1
956467,1
874095,1
1012223,1
84957,1
892862,1
896848,1
126349,1
24937,1
381780,1
172700,1
303687,2
907285,1
888539,1
955778,1
958289,1
592511,2
466201,1
265961,2
181298,1
267600,1
336104,0
333949,1
725919,1
611070,1
330612,1
870055,1
170463,1
730117,1
201082,2
261903,1
910986,1
401851,1
138610,1
599561,1
317862,2
439445,1
174926,1
644236,2
395655,0
870316,0
551880,1
704758,1
72608,2
23246,1
863451,1
262577,1
259544,1
1015600,1
2827,1
989672,1
352087,0
993039,1
620421,0
675597,1
567016,1
526811,1
259041,1
753419,1
978070,1
239212,1
299092,2
539406,2
484777,1
834051,1
341597,1
597523,1
567555,1
556720,1
321889,1
571831,1
731815,1
872949,1
308079,2
41583,1
589584,1
940129,1
944965,1
379657,1
798290,1
188202,1
229459,0
878400,1
204151,1
161007,1
983083,1
48289,1
828207,1
470767,1
195206,1
556676,1
993589,1
485525,1
552713,2
1005564,1
145089,1
196973,1
905980,2
524912,1
558384,1
812569,1
59425,0
242928,1
564211,1
122884,1
576719,1
965894,1
900730,1
456804,1
474738,1
77377,1
539284,1
860661,1
510322,1
508785,1
727047,1
957909,0
271609,0
987957,1
121630,1
924912,1
744383,0
181412,1
628498,1
134519,1
438125,0
706246,1
318966,1
989427,1
594571,1
721896,1
393202,1
931615,1
576630,0
246142,1
399835,1
81334,0
730902,1
841125,2
429259,0
594847,0
337486,1
412253,0
161641,1
970306,1
167841,1
361849,1
906442,1
790533,2
277258,1
187047,1
315453,1
703148,2
638390,1
183755,1
602726,1
489444,0
599657,1
246539,0
342411,1
11036,2
294943,1
222988,1
372955,1
583649,1
886753,1
67855,1
185317,1
941966,1
344570,1
495982,1
125421,1
132384,2
696790,1
727113,1
758838,2
26087,1
813720,2
68478,1
851700,2
525803,1
346253,1
373860,0
652736,1
225628,1
122675,1
50,1
802713,1
367553,1
122752,1
86368,1
879276,1
976726,1
251496,1
930915,1
151246,1
397415,1
680108,0
411270,1
495784,1
1016296,2
913248,1
408601,1
272660,1
89598,2
432204,1
555686,0
867059,1
508631,1
22829,1
14116,1
945045,1
220924,1
132362,1
736922,1
336250,1
555271,1
772959,0
441396,1
165748,1
984235,1
113130,1
638578,1
157031,0
238556,1
517460,1
615618,0
1005418,1
888447,2
610008,0
445918,1
363058,1
315112,1
262672,1
1001869,1
570489,0
315923,1
90512,1
364385,2
68908,1
427033,0
62759,1
261624,1
479562,0
265950,1
103872,1
190946,1
834899,1
460250,1
793246,1
787155,1
799552,1
173286,1
292233,1
473953,1
434936,1
742961,1
408106,1
436020,1
677393,1
431614,0
127250,1
440391,1
917952,1
498464,0
595712,1
412822,1
688119,0
721881,1
36116,1
801594,1
171747,0
76435,1
624656,1
574621,1
309975,1
697135,2
549328,1
22784,1
36453,1
260814,1
132429,1
571776,1
76967,1
522161,1
845745,1
144774,1
6926,1
227442,1
845529,1
304013,1
1009436,1
872923,1
568383,1
143498,1
314092,1
222353,1
1014049,1
85118,1
332427,1
194311,1
101904,1
725122,1
450901,1
18134,1
710412,1
186291,1
988837,1
576472,1
117291,1
51458,1
517853,1
902109,1
197677,1
792450,1
655735,1
121946,1
292802,2
957303,0
398977,1
437454,2
415696,1
839070,0
516812,1
998340,1
216060,2
902226,1
721977,1
422311,2
92176,2
298143,1
798739,1
204757,1
845099,1
6434,1
490974,1
349601,1
53625,1
500653,1
256134,1
649237,1
488076,1
404542,1
836949,1
260700,1
130474,1
698767,1
50530,1
444458,1
820188,1
511833,1
409804,1
238842,1
271311,1
283271,1
957093,1
179086,1
845433,1
248229,1
394382,1
507117,0
497966,1
370616,1
87619,1
342543,2
720419,1
961605,1
499612,1
366123,1
196753,1
290994,1
668256,1
57713,1
599080,1
265103,1
507964,1
473072,1
604328,1
176128,1
217043,1
822979,1
329111,1
563863,1
559631,2
580837,2
788039,1
168248,1
332357,0
218488,2
369966,1
552188,2
578184,0
972740,2
832563,1
59153,1
228517,1
323520,1
258947,1
126983,1
332812,1
166143,1
41147,1
374069,0
494299,1
697579,1
973550,2
255056,1
306808,2
805936,1
127724,2
105427,1
805000,1
134283,1
464225,1
555998,1
484322,1
903968,1
253252,1
541331,1
305032,1
631139,1
694154,2
420016,1
39148,1
463613,1
84029,1
486393,1
911257,1
16594,1
637830,1
995961,1
211845,1
682432,1
759329,1
571365,1
403879,1
715798,2
721584,1
548396,1
467778,1
203051,1
276921,1
632480,1
417658,1
177268,1
689284,1
677218,0
675652,1
467590,0
809675,1
625008,1
776382,1
545081,0
604023,1
194498,1
7974,1
270024,1
862681,1
998447,1
493423,2
765144,0
84623,1
703706,1
723821,0
442728,1
641233,1
327876,1
434411,0
902053,1
89767,1
165421,2
978809,0
197280,0
678549,2
790306,2
391538,1
304028,1
91186,1
911008,1
66924,1
30558,1
411726,2
605758,1
961887,1
519242,1
420724,1
866083,0
925270,1
308600,1
863408,1
260436,1
158597,1
41419,1
83842,1
240874,1
840960,1
82584,2
311435,0
474381,1
233926,1
501951,1
919576,0
489194,1
505393,2
962088,1
943234,1
239560,1
595095,1
699009,1
947432,2
308086,1
97841,1
982912,1
215067,1
521223,2
585045,0
311912,1
380505,1
593729,1
448340,1
848971,1
541614,0
269084,1
381807,1
420735,1
401712,0
542523,1
615397,0
564006,1
603499,1
993659,2
657380,1
364811,2
940000,0
610628,1
630835,1
75287,1
37391,0
80935,1
812099,1
351471,0
455564,1
82548,0
747801,1
186567,1
749700,1
211706,1
872820,1
449877,1
387717,1
970782,2
985177,1
109474,2
591345,1
607011,1
675366,1
415825,1
679429,1
935101,1
191257,1
157963,1
403071,1
289718,1
182927,1
458284,1
631197,0
29468,1
948022,1
497687,1
147193,1
565814,0
86030,1
483200,1
488380,1
2577,1
745359,1
494758,1
131864,1
2559,1
262940,2
553262,2
628153,1
861291,0
801815,1
306558,1
636664,1
681556,1
118971,0
344204,1
190953,1
220656,1
450688,1
147740,1
222243,2
762581,1
822395,1
518711,1
613227,1
42177,1
48890,1
672859,1
198193,0
493089,0
797172,0
986589,1
276345,1
302550,2
794661,2
447857,1
934405,1
938485,1
989863,1
253083,1
21291,1
222177,1
122477,1
77766,1
206630,1
420328,1
247606,1
975714,2
320701,1
356142,1
973408,1
852918,1
471140,1
667020,1
396047,1
221873,1
588682,1
453393,1
760356,1
512522,1
7963,1
795714,1
578081,1
156500,0
156478,1
437292,1
216916,1
698983,1
27947,1
178056,1
1004901,2
243408,1
415117,2
918876,1
423664,1
902570,1
533675,1
677427,2
432413,1
757080,2
209354,1
407141,1
24988,1
877458,1
110201,1
802908,1
52224,0
77351,2
978360,2
42137,0
10769,0
97672,0
873157,1
522594,1
460694,1
553721,1
927830,1
402317,1
278967,1
42687,1
661716,1
80612,2
214444,1
136942,1
209376,1
862179,1
219500,1
977437,1
650183,1
658620,1
237665,2
206821,1
654231,1
997516,1
427161,1
575394,1
619845,1
836835,1
424706,1
362581,1
803471,1
201354,1
134980,1
47879,0
97243,1
516591,0
807336,1
933781,1
1005267,2
945427,1
353426,1
467275,1
1014001,1
712164,1
940257,1
995275,1
576274,0
905731,1
462447,0
951154,1
987083,1
480784,1
671029,1
487761,1
840124,1
817452,0
330818,1
22458,1
49880,2
805774,1
797411,1
953204,1
368136,1
963999,1
108628,1
555716,1
573477,0
300255,1
739958,1
656226,2
197204,1
808458,1
134852,1
801392,1
126051,1
955352,1
994609,1
622948,0
665617,1
246164,1
675601,1
248838,2
571152,1
38617,1
95432,1
1005571,1
643998,1
340747,0
67150,1
979152,1
706840,0
745931,1
748806,0
469721,0
922367,0
338979,0
652875,1
882038,1
949144,1
25611,1
698620,1
766394,1
209006,2
143300,1
31603,1
526286,1
848175,1
22520,1
421578,1
978573,0
153651,1
147667,1
446632,1
737813,1
818321,2
101229,1
649743,1
394016,1
816565,1
347889,1
967801,1
89206,1
92282,1
174092,2
774917,1
14479,1
270402,1
485518,2
743980,1
73007,1
471298,1
191972,0
387115,1
407307,1
973158,1
761492,1
272994,1
13544,1
615540,1
355280,1
572560,2
462344,1
286209,0
789135,1
34349,1
12415,0
79966,1
779532,1
8517,1
570243,1
524428,1
879023,1
529410,1
200489,1
236422,1
926312,1
956119,0
522532,1
417155,1
701373,1
802119,2
798856,1
307030,1
775969,1
708233,1
410743,1
685604,1
222078,1
261022,2
999477,1
598186,1
9929,2
143616,2
268212,1
629114,1
724257,1
150821,2
859832,1
780446,2
600207,1
312425,1
827172,1
964152,1
898633,1
986020,1
740240,1
856532,1
945346,0
176656,1
887280,1
676147,1
718702,1
374711,1
330407,1
919635,1
50927,1
937051,1
712076,1
673041,1
614286,1
759255,1
281747,1
113868,2
589070,1
560927,1
21435,2
867804,0
474044,2
269242,1
650370,1
548480,1
460049,1
343959,2
341685,1
986130,1
107447,1
5770,2
537671,1
772683,1
583748,1
257142,1
615801,1
1002503,1
7916,0
231652,1
588264,1
58141,1
891238,1
116801,1
210682,1
532766,1
582189,2
539398,1
573624,1
12165,1
115738,1
655892,2
838033,1
213054,1
168592,1
506284,1
489121,2
409268,1
566370,1
62568,2
523863,1
308420,2
112162,1
641453,1
941386,1
555862,0
867491,1
915037,2
188187,1
693344,2
410471,1
538980,2
64797,1
646157,1
222782,1
531927,1
680805,2
653638,0
820870,1
813559,1
665282,1
373615,1
628193,1
266041,1
891043,0
677470,1
933503,1
478323,1
297942,1
920747,1
567797,1
172124,1
836622,1
857478,1
432167,1
767377,0
408256,1
556063,1
472024,0
511161,2
273199,1
345858,1
621617,0
327252,1
715769,1
482379,1
591114,2
921513,1
339293,2
912261,1
17265,1
240771,0
573976,1
585016,1
680654,1
713059,1
549180,1
795563,1
758063,2
796708,1
450248,0
911763,0
491418,1
252909,1
856455,1
805198,1
720466,1
145115,1
555297,1
102835,1
53038,1
102336,1
83820,1
913978,1
389113,1
889008,1
5169,1
509908,1
973499,1
396825,1
687246,0
531556,1
752700,0
963027,1
205181,0
91047,1
179857,1
828489,1
50152,1
440209,1
761412,1
871191,1
960927,0
246946,1
680445,1
811076,1
767876,2
783661,1
699764,1
828728,1
430536,2
534290,1
370993,1
173617,1
451245,1
929120,1
912382,1
1004079,1
776892,1
436574,1
117864,1
91164,0
906064,1
679601,1
710324,1
991705,1
326776,1
188400,1
94101,1
313756,1
466494,1
972366,1
701131,1
898916,1
430792,0
667181,1
816891,1
466135,1
720859,1
101489,1
165520,1
376690,1
530504,1
888407,0
575952,1
711394,1
189537,1
80528,1
718302,2
95399,1
938658,1
527757,1
352773,1
997109,1
102376,1
529205,1
978306,0
902255,1
762897,1
531729,1
253517,0
48212,1
187025,1
445367,0
556180,1
684144,1
623266,1
689732,1
629880,1
866832,1
867639,1
735400,1
989119,1
995194,1
273137,1
131112,0
263574,1
610855,1
204092,1
603770,1
785124,1
116812,1
179017,1
135039,1
443828,1
219632,1
862795,1
162084,1
634277,0
950502,1
459788,1
104602,1
262636,1
160181,1
583535,1
638758,1
307595,1
686227,1
358764,1
768536,0
649761,1
883486,1
585980,1
858699,1
50082,0
955422,1
998065,1
95388,1
352429,2
576858,1
80450,2
358801,1
815843,0
720914,1
218459,2
799570,1
452165,2
758771,0
402849,1
102226,1
63620,2
1002048,1
443534,1
842519,1
810369,1
890761,1
584642,1
410486,1
911367,2
210132,1
306125,1
769548,0
185012,1
204081,1
270860,1
238457,2
16958,1
317132,2
17438,1
373512,1
26168,0
272198,1
265491,1
195642,1
977947,0
107061,1
497496,1
986237,1
211562,1
809161,1
50167,0
959770,1
720099,1
572139,1
590348,1
797312,1
212886,1
376849,1
620623,1
816455,1
688195,2
776379,1
595150,1
472611,1
705524,1
221866,2
998704,1
902882,1
871896,1
163643,1
213139,1
66384,1
263718,1
356612,1
460687,2
114953,1
313998,1
609350,1
850185,1
568053,1
667945,1
332629,1
852220,1
836589,0
937866,2
57977,1
277779,1
415142,2
529960,1
574009,1
795,1
858028,1
124530,1
167269,1
740295,1
637049,1
822472,1
984143,1
159895,1
447684,1
377361,1
376151,1
599392,1
786451,1
941203,0
340864,0
666573,1
998762,1
138991,1
9059,1
600218,1
879717,1
648052,2
893636,0
43101,0
213539,0
460962,1
631018,1
122529,1
205457,1
41866,2
476622,0
343625,1
146831,1
325353,2
377934,1
406005,1
89899,1
271924,1
243169,1
348761,1
969146,1
265411,0
16422,1
205581,1
473043,1
854714,1
351996,1
189919,0
412239,1
184015,1
708909,1
413896,1
844168,1
901481,0
888685,1
857481,1
871195,1
667989,1
868290,1
996650,1
593806,1
340387,2
831265,1
323982,1
418365,1
927346,1
155884,1
443365,1
165311,0
648999,2
587993,1
580334,1
803538,1
92338,1
747100,1
66663,1
121656,1
936681,1
494718,1
592559,1
497511,1
235748,0
294190,1
763410,1
738836,1
763740,1
298789,2
567166,1
218341,1
242465,1
671315,1
849851,1
146149,1
858369,2
213524,1
945449,1
220575,1
327058,1
595529,1
687796,1
213050,1
859535,1
478338,1
454655,1
410237,1
989207,1
737600,1
324103,1
948565,1
743959,1
490358,1
22777,1
261738,1
73788,1
157949,1
864236,1
777680,2
672129,2
203778,2
303775,0
407952,1
451898,1
893012,0
982035,2
123489,1
845080,1
533873,0
761838,1
108730,1
810248,1
843666,1
252329,1
622317,1
492033,2
706866,2
108000,1
3156,1
206931,1
1015424,0
70114,1
1015707,1
937877,1
440487,1
862946,1
961333,1
832644,1
295360,1
862773,1
747618,1
254176,1
744930,1
637948,1
925784,2
724408,1
996416,1
347250,1
91696,1
46306,1
592625,1
325247,1
391387,0
1001560,0
614507,1
199866,1
931192,1
623075,1
84982,2
303089,1
418901,1
728532,1
666306,2
37348,1
933895,1
549049,1
801543,1
35027,1
257113,1
730982,1
451249,1
423583,1
294697,1
881895,1
167265,1
608393,1
550182,1
644757,1
594326,1
354775,1
212299,2
826931,0
473520,1
742019,1
366082,1
397404,2
947890,1
148301,1
498064,2
189588,2
602791,1
360602,1
732276,1
664300,1
1012528,2
651933,1
305340,1
976014,1
492286,1
786107,1
330223,1
270901,1
998681,0
192016,1
35508,1
604940,1
920280,1
538225,1
543069,2
456091,1
880560,1
681387,0
694723,1
490794,1
994751,1
938739,1
352292,1
319608,1
195073,1
379815,1
594858,1
263372,2
589830,1
458549,1
20041,1
682157,0
916290,2
240904,1
153057,1
963845,1
508565,1
377152,1
915819,1
463279,1
4472,1
482944,1
820360,1
692758,1
790771,2
147685,1
31313,1
24870,1
125920,2
332148,1
12804,0
449048,1
982750,2
708772,2
120783,1
901522,1
446104,1
117428,1
232925,0
219108,1
771697,1
871379,1
790735,1
485213,1
559983,0
797334,1
461501,1
923988,1
724767,1
366802,0
967100,1
766567,2
300592,1
315747,1
437032,1
374667,1
493618,1
466241,1
137998,1
188411,1
428845,1
881990,1
295012,1
608948,1
922480,1
891421,1
525601,1
660931,0
640610,1
811292,1
588716,1
190076,1
676419,1
857775,1
221473,1
771161,1
980781,1
265947,1
414831,1
848391,1
283419,1
879852,1
659654,1
153644,2
294341,1
730975,1
862216,1
934294,1
610051,1
314276,1
700556,1
579439,1
266294,1
13595,1
266991,1
444579,1
584462,1
735947,1
303566,1
700017,1
747720,1
144334,1
857926,1
592739,1
916838,0
925931,0
574317,1
915158,1
837807,1
261143,0
713660,1
863855,1
709007,1
283422,1
399541,1
206997,1
390254,2
130298,1
771194,1
397767,1
64229,1
666643,0
117318,1
911840,1
664638,1
737064,1
134269,1
1001876,1
495593,1
686447,1
740,1
268304,1
168299,1
918766,1
839041,1
289138,1
51212,2
587568,1
401844,1
880227,1
145933,2
873586,1
297913,1
970629,1
110872,1
625925,1
59890,1
701601,0
124303,1
67169,1
500044,0
183018,1
325713,1
645806,1
806955,1
288210,1
895564,1
221239,1
268359,1
347452,2
1004240,1
130926,1
865219,1
477205,1
34118,1
459971,1
648690,1
794119,1
109401,1
804667,1
771756,1
376137,2
643749,1
655874,1
990861,1
875375,1
462175,2
554546,1
8506,0
576168,1
48432,1
60456,1
185962,1
196481,1
1010272,1
156049,0
524659,1
806111,1
379015,1
1400,2
357954,1
309971,1
433722,0
458075,1
70899,1
683099,1
115051,0
211456,1
850112,1
311431,1
237870,1
110278,1
166187,1
241886,1
607749,1
282098,1
22014,1
37142,1
561308,1
181386,1
283671,1
645945,1
694936,1
268414,1
579082,1
831676,1
842845,1
204618,2
130944,1
868360,1
537150,1
720653,1
255456,2
57849,1
361346,1
913651,1
828030,0
205248,1
881866,1
395307,1
461240,1
280948,1
820162,1
916441,1
457456,1
932656,1
951554,1
368877,1
335907,1
702099,1
597956,1
60977,2
562583,1
598469,1
749634,1
148804,1
146776,1
335228,2
390195,1
894743,1
108103,0
168079,1
423022,1
158348,1
534481,1
866708,1
737776,2
975934,1
305366,1
127012,1
870084,0
703346,1
172586,2
861699,1
427217,1
744615,1
703111,1
648555,1
490897,1
671692,1
664832,1
762369,1
411942,1
924291,1
91630,1
577228,1
485972,1
365023,1
419355,1
385791,1
369214,1
794694,1
697810,1
363968,0
957570,1
469042,1
42991,1
1007247,2
496048,1
899524,1
152845,1
903616,0
937055,2
588785,0
203451,1
457463,1
983241,1
512768,1
259012,1
920442,1
646982,1
984242,1
976120,2
530375,1
99854,1
464045,0
746022,1
460122,1
494493,1
67822,2
547094,1
755871,1
621583,1
991239,1
548884,2
876879,1
181166,1
77029,1
52848,2
377871,1
763759,1
460283,1
485378,1
388053,1
630842,1
426898,1
554759,1
619728,0
155910,2
925531,1
591404,1
128952,1
64151,0
987252,2
602652,1
623170,1
85620,1
464643,1
738887,1
41242,1
521311,1
607271,1
49727,1
166015,1
9349,1
6959,1
776595,1
738883,1
743995,1
685192,1
155958,1
440674,1
643631,1
1008181,2
471074,1
301780,1
220748,1
321236,1
312106,1
994333,2
43930,2
130867,0
259379,2
638200,1
290840,1
548271,1
85206,1
100800,1
579828,1
743687,1
912148,0
26652,1
426425,1
834466,1
305139,1
249556,1
990285,1
527133,1
542277,0
1015431,1
281677,1
772339,2
159257,1
634839,1
406148,1
555055,1
140385,1
302341,1
946501,1
845444,1
769522,1
254565,1
915727,1
420658,1
731884,1
314177,1
728011,1
810310,1
709021,1
1016869,1
562785,1
566183,1
57669,1
394173,0
769908,0
742183,1
565418,1
896312,0
558612,1
987825,0
241897,1
721195,1
338315,1
434217,1
790290,1
757271,1
579086,1
47655,1
568604,1
491414,1
850871,0
500907,1
212006,1
635979,1
8421,1
590898,1
488128,1
289839,1
176131,0
638839,1
765904,1
752843,1
297807,1
854068,1
329522,2
915132,1
948745,0
755677,2
251137,1
488308,1
756418,1
836501,1
423206,1
5888,1
52709,1
618639,1
541870,2
393998,2
275704,1
449484,1
564905,1
295984,1
210220,1
264388,1
42731,1
214217,1
279700,1
761937,1
804168,0
871148,0
548275,1
365540,1
332463,0
491568,1
529696,1
79108,1
947656,1
534214,1
778715,1
390078,1
552676,0
605064,1
714027,1
401521,0
112591,1
800968,1
535303,1
434220,1
400711,1
84751,1
299104,2
385443,1
754559,1
463741,1
929795,0
947579,1
402892,0
182093,1
154308,1
204409,0
992519,1
77513,1
331510,1
526969,1
456811,1
902772,1
126396,1
296879,1
184169,2
850798,2
582262,1
707199,1
295386,1
450769,1
249307,1
902314,1
570317,1
970676,0
826443,1
150065,2
964871,1
178049,1
326912,1
636293,1
522055,1
467000,0
891517,0
887493,1
479937,1
653810,2
258147,2
991213,0
476820,1
861732,1
585401,1
913303,1
93995,1
991415,1
597923,1
628634,1
996607,1
641677,2
284339,1
456459,1
785058,1
175079,0
381146,1
369768,1
763490,1
782235,1
267130,1
595954,1
85129,1
151419,1
629242,1
590414,2
20955,0
903887,2
396755,1
897786,1
692134,1
289006,1
540187,1
326563,1
778421,1
676532,1
983292,1
739631,1
473726,2
542527,1
352450,2
609109,1
89121,1
497937,2
481657,2
753958,1
578607,1
650114,1
33355,1
319428,1
807710,1
974904,1
929627,1
891865,1
946486,1
882632,0
220490,1
20768,1
301865,1
983021,1
176560,1
352472,1
923544,1
629051,1
475658,1
675391,1
422348,1
192386,1
243976,1
47307,1
691218,1
949614,1
250107,1
319266,1
293616,1
325515,1
226485,1
547098,1
5734,2
375587,1
828306,1
499388,1
658877,1
133789,2
930731,1
874206,1
838826,1
783078,1
836934,1
766901,1
193886,1
521942,2
314940,2
357440,2
169380,1
674938,1
509757,1
899733,0
690811,1
34400,1
803068,1
494369,1
955561,1
267648,1
990791,2
559741,1
745241,0
754966,2
733666,1
469846,1
775125,1
391710,1
649509,2
574177,1
980268,1
505478,1
917761,1
197,1
465329,1
388295,1
147568,1
246872,1
854736,1
1194,2
55142,1
886647,0
745887,1
964145,1
8036,2
59502,1
121461,1
1006228,1
358588,1
221727,1
444043,1
978720,1
503061,1
256057,1
686960,1
966763,2
229381,0
526176,1
935266,1
656457,1
94769,1
1007764,1
360844,1
213124,1
675087,1
887358,1
62528,1
471496,1
656509,1
211852,0
230204,1
864694,0
983308,1
221257,1
16118,1
370711,1
276150,1
434110,1
453717,1
518850,2
10615,1
269792,0
483659,1
686395,1
859847,1
825769,1
410556,1
66593,1
525685,1
214770,1
921333,1
830257,0
72659,0
861273,1
848755,1
127467,1
650440,1
395761,1
378252,1
239454,1
900837,1
431070,0
298194,1
377655,1
7673,1
579871,1
883369,1
832783,1
784637,1
253564,1
218099,1
963724,1
743720,1
170328,1
636572,1
534537,1
639843,1
744604,1
370560,1
985306,0
68926,1
919624,2
426216,1
951657,2
491014,0
732397,0
918681,1
98673,1
823774,1
243202,1
697689,1
388509,1
474253,1
488865,2
303441,1
547678,1
293201,1
378429,1
686450,0
304677,1
885987,0
65446,1
629363,1
688485,1
926396,1
861145,1
848399,1
559800,1
282968,1
155462,1
400928,1
692321,1
516111,0
185375,1
372823,2
675887,1
210150,2
217924,0
467822,2
212365,0
710892,1
817720,1
128251,1
266889,1
400292,1
699155,1
616769,1
906222,1
754038,1
15113,1
342037,0
479805,2
654118,2
586640,1
927661,1
259812,1
865464,2
432824,1
839056,1
97162,1
971725,1
597035,2
470440,1
658235,1
32024,0
329452,1
1016065,1
618206,1
958685,0
962194,1
848524,1
89521,1
804524,1
293704,1
966770,0
553523,1
748853,1
191808,1
177198,1
342521,1
397635,1
577073,1
652758,1
60353,2
174793,1
469611,0
535310,1
459506,1
832659,2
107627,1
420988,1
950465,1
463565,1
395765,1
374007,1
955639,1
88036,1
48319,1
274666,2
719446,1
923621,1
759549,1
356249,1
680405,1
569883,1
902141,1
121377,1
161395,0
50574,1
219133,1
827239,1
681105,1
108488,2
186244,1
579718,1
991811,1
103777,2
331190,1
446809,1
257021,1
400146,1
787298,1
496099,1
622221,1
324895,1
122264,0
519965,1
507902,1
835360,1
793972,1
613120,1
764114,1
821112,1
223545,1
331459,1
1004758,2
45840,1
903315,1
887,1
306044,1
27392,2
577903,1
841309,1
680324,1
591488,1
517718,0
879441,1
69215,1
86816,1
585870,1
313172,1
625503,2
257711,1
963210,1
600625,1
747607,1
556665,2
408928,1
471973,1
495014,1
269161,1
69358,1
670321,1
684511,1
813430,1
522444,1
501342,1
820052,1
140187,1
487732,1
381968,1
375642,0
445279,1
395479,1
979406,0
960747,1
23338,1
301928,2
757451,1
691254,1
334649,1
958311,1
76152,1
257737,1
6331,1
665877,2
1010801,2
4560,0
657362,2
684027,1
901991,2
711754,1
606429,1
165674,1
265480,1
844634,1
1011945,0
391358,1
205644,1
545470,1
879371,1
563599,1
570221,1
881837,0
928747,1
12198,1
559224,1
770465,1
375877,1
285369,1
395736,1
113949,1
885077,1
450266,1
346220,1
443934,2
349876,1
634882,1
992878,1
886838,2
524699,1
831441,1
972780,1
819667,1
544965,1
628953,1
448942,2
502130,1
852561,1
306257,1
29790,2
835896,1
494068,0
929087,1
261349,1
576227,1
264090,1
492859,0
876978,0
300802,1
238189,1
395068,1
775958,1
550645,1
613351,1
715406,0
426175,1
477953,2
378520,1
632730,1
678068,1
961890,0
129018,1
752494,1
810325,1
811425,1
999341,0
409914,1
728521,0
1002202,1
904705,1
951855,2
193963,1
477564,1
83934,1
871342,1
755028,1
411117,1
759288,1
137606,1
377923,1
801480,1
141618,2
658826,1
222364,0
611911,1
454116,1
193574,1
758793,1
175332,1
183627,0
997974,1
1006613,2
433326,1
863969,1
620285,1
209589,1
687114,1
952551,1
677283,1
602069,0
11641,2
818699,1
536458,2
856950,1
816118,1
537888,1
867778,1
851193,1
230079,1
72071,1
978283,0
637456,1
747243,1
77209,1
245974,1
324972,1
842144,1
894912,1
636716,1
347577,1
68452,1
29075,1
587968,2
83835,1
524747,1
136498,1
414545,1
223787,1
726211,1
798926,1
738326,1
994601,1
736470,1
609318,1
812011,1
154939,2
163577,1
36358,1
205523,1
824959,1
567544,1
677379,1
381135,1
257157,1
619966,1
614583,1
254543,1
69482,1
586,1
549724,0
546079,1
627248,0
743977,1
377523,1
136124,1
385454,2
813144,0
994403,1
439584,1
67224,1
370986,1
261983,1
8719,1
941210,0
837575,1
890776,1
901739,1
726020,0
243059,1
116779,1
172722,1
551848,1
3725,1
766093,2
996269,1
463693,2
785542,1
45095,2
531659,2
710474,1
327780,1
675241,1
785898,1
961373,0
400652,1
202483,1
875632,1
36310,1
562976,1
582259,1
201376,1
857915,1
52583,0
167889,1
154454,0
303573,1
394463,0
714119,1
44795,1
701575,1
736151,1
527302,1
987869,1
147829,1
700754,1
438062,2
23583,2
167001,1
911158,1
93166,1
557053,2
122969,1
189492,1
927904,0
65442,1
166983,1
754203,1
570812,1
965308,1
505438,2
588675,1
331880,1
308149,1
759181,1
821589,1
775972,2
121906,1
894615,1
499568,1
319707,1
759527,1
654022,1
577448,1
364352,1
959594,1
859593,0
880461,1
103270,1
295698,1
830815,1
368286,1
536520,1
816950,1
240089,1
810475,1
360675,1
430015,1
791457,1
891182,1
742268,1
737996,1
357330,1
776016,1
806991,1
495788,2
96844,1
794397,1
184118,2
681978,1
499300,1
594102,1
255027,1
823709,1
794508,1
363421,1
146310,1
596496,1
376261,1
226452,2
337413,1
602487,2
990520,1
515741,1
530672,1
92246,2
46210,1
919679,2
868805,1
547201,1
881206,2
541720,1
17276,1
578661,1
980147,1
690507,1
525821,0
472219,1
205578,1
727847,0
361632,1
978375,1
267127,1
990410,1
26436,2
222199,1
505148,0
189782,1
779855,0
634031,2
39830,1
14170,1
498592,1
826355,1
500558,1
517211,1
375378,1
324136,1
441558,0
954546,0
807431,1
1016029,1
384222,1
252255,2
996449,1
16873,1
938452,1
331943,1
805488,1
596625,1
200654,0
385135,1
364004,1
676491,0
859058,1
853463,1
685358,1
846119,1
702767,1
756447,1
826029,1
234288,1
91902,1
2173,1
950939,1
565528,1
10273,1
947689,1
272815,1
333941,1
973309,1
773934,1
949463,1
102754,1
79823,0
441675,1
1012373,1
911110,1
783878,1
305627,1
601633,0
845323,1
861680,1
204177,1
193332,1
139905,1
280074,1
40520,1
492855,2
282120,1
69262,1
928570,1
427345,1
432471,1
746899,1
994359,0
824566,1
910443,1
239117,1
408010,1
135707,1
439845,0
719017,1
918029,1
155488,1
179314,1
1000523,1
244320,1
115734,1
505988,1
631436,1
783034,1
521032,1
755897,1
863004,1
698462,1
349065,2
28070,1
445198,1
287055,1
57885,1
117387,0
838583,1
804737,0
986729,1
11153,1
400263,1
714452,1
992948,1
781528,1
860247,1
737769,1
491960,1
839089,1
898761,1
47945,1
888135,0
258514,1
166862,1
242090,1
277438,1
28386,1
30532,1
582985,1
360411,2
560828,1
989966,1
552290,1
468045,1
917934,1
446184,1
821468,1
790995,1
838550,1
644386,1
925388,1
615933,1
495751,2
445088,1
543197,1
226085,1
457133,1
451722,1
518748,1
153031,2
415003,1
170225,1
316865,0
572689,1
981746,1
827639,1
215889,1
661693,1
660087,1
141537,1
124978,1
659283,2
784042,1
864614,1
736786,0
790841,1
630358,0
89338,1
768686,1
788307,1
909676,1
251104,1
219489,0
315204,1
855667,1
720646,0
232411,0
770157,1
674068,0
756894,1
343544,1
483677,1
441114,1
748453,1
314397,1
677687,1
16239,2
302448,1
456330,1
217612,1
886519,1
583946,1
624593,1
389528,2
426575,1
862542,1
941922,1
5587,1
885349,1
496150,1
761548,1
506644,1
647037,1
753606,0
795318,1
1012032,2
51300,1
711093,2
884670,1
439874,2
314522,1
346532,1
79900,1
700291,1
989155,1
723319,1
565249,0
346558,1
193747,1
320033,1
698734,1
263912,1
902736,0
564284,1
291313,1
391475,1
493104,1
609930,1
496837,1
201732,1
993042,2
127764,2
851528,1
939545,1
274806,1
906901,1
202168,1
374634,1
256170,1
318881,2
664575,1
929388,1
278783,1
837791,1
231850,1
726970,1
964721,1
136238,1
454219,0
793800,1
991235,0
32152,0
839115,1
282847,1
578133,1
204070,1
99663,1
234824,1
1009575,2
1004013,1
327296,1
9763,1
693142,0
174661,1
706969,2
892668,1
800865,0
565311,1
685082,1
451931,1
577716,1
639322,1
294976,1
810765,1
812055,1
82760,1
883611,0
287752,1
336056,1
396818,2
658055,1
901566,1
706811,2
633805,1
455359,2
440421,1
406074,1
211690,1
451832,1
247657,2
320950,1
556595,0
589995,1
115727,1
245152,1
298543,1
684166,1
265518,1
63866,1
884759,1
368473,2
106031,1
741935,2
1008028,1
112955,1
407185,1
337222,1
528170,1
41381,1
56389,1
875555,1
954348,1
716986,0
2955,2
971325,2
945397,1
621925,1
714544,1
876185,1
855818,1
576267,1
801976,1
490871,1
563496,0
140316,2
525380,1
686876,2
681619,1
195961,1
97856,2
255728,1
965906,1
393044,1
458794,2
639869,1
161931,1
825967,1
271780,1
851582,1
297157,1
179307,2
290235,1
495076,1
680386,2
344574,1
16378,1
669774,1
353679,1
189665,1
248588,1
168042,0
529388,1
631274,1
278101,1
579985,1
843930,1
754603,1
425064,1
122514,1
491773,1
374869,1
376977,1
755361,1
286623,1
70392,1
277995,1
942064,1
582372,1
910058,1
1003100,1
964017,1
23356,1
86243,1
289570,1
33168,2
654480,2
267170,1
571501,1
692860,1
926657,1
811245,2
642182,1
912122,1
32662,1
757044,1
280027,1
452723,1
507487,0
443167,0
819560,1
152188,1
1013271,1
840571,1
53948,1
661312,1
984631,1
658880,1
107847,2
1017143,2
376643,2
242117,2
259940,1
798144,1
44506,1
633140,1
815311,1
153141,0
330179,1
775378,1
240173,0
539992,1
878183,1
739587,0
777787,1
551741,1
92899,2
903003,2
670336,1
371617,1
720682,1
78066,0
149108,1
39647,2
537774,1
498846,1
885642,1
105856,1
571475,1
291588,1
359163,1
881921,2
978049,1
405840,1
909801,1
667259,1
112078,0
28283,1
435878,1
352241,0
51281,1
568307,1
68904,1
764785,1
397716,1
89040,1
146802,1
941074,1
379770,1
773350,1
261639,1
559305,2
758816,1
473007,1
759871,1
832262,1
407725,1
416859,1
54262,1
612428,1
519778,1
811003,1
55458,2
1008527,1
410325,1
186310,1
844494,2
47545,1
869615,1
468863,1
583829,1
325283,1
908073,1
587179,1
610198,1
62979,1
200959,1
790155,1
661370,0
687253,1
939075,1
317602,1
194036,1
280724,1
710045,1
492958,1
243800,1
704079,2
702129,1
665345,1
339503,1
934148,2
911965,1
568509,0
491461,1
527867,1
463888,1
978508,1
991972,1
82496,2
606120,1
444238,0
359413,1
73043,2
316685,1
616486,1
182138,0
296318,1
82980,1
763025,1
668326,1
447945,0
762824,1
200049,1
443057,1
1014863,1
327869,1
585809,1
596849,1
493225,1
333857,1
671957,1
125531,1
113916,1
430712,0
881723,0
946307,1
127397,1
54431,1
72736,1
419076,1
613205,2
287161,1
21541,2
273632,2
319992,2
522646,1
437953,1
185030,1
486126,1
183979,1
466014,1
49033,0
672712,1
616332,1
658172,1
752799,1
467994,0
788952,1
452459,1
380666,1
677492,1
404751,1
635061,1
80755,1
611948,2
413739,1
873193,0
14248,0
61912,1
985654,1
320554,1
271887,1
345641,1
782154,0
661004,1
573763,1
757019,1
745197,1
326934,1
23103,1
553116,1
615463,2
422975,1
949335,1
775716,0
594733,2
385829,0
177327,2
694455,1
744992,1
674750,1
645794,1
815131,1
21192,2
411678,1
332074,1
890622,1
243066,1
961175,1
583418,1
387045,1
222771,1
526536,1
636286,1
959529,1
605196,2
743786,1
300079,1
690848,2
391530,2
412499,1
369320,1
555118,1
122873,0
450208,1
113615,1
904518,1
916735,1
166004,1
583579,1
962473,1
550135,1
163038,1
360929,1
765687,1
594476,1
915561,1
238934,1
60900,1
689680,1
901283,1
180686,0
36707,1
842386,1
348204,1
602623,1
377761,1
871324,1
267666,1
318405,1
47420,2
308695,1
618268,1
850772,1
171941,1
878723,1
690561,1
333237,1
400791,1
360903,1
403912,1
125197,0
694451,1
700868,1
13119,1
441705,2
843963,1
203723,1
465134,0
859359,1
529890,1
334946,1
9136,1
121487,0
250183,1
732148,1
953251,1
409730,2
494097,1
77623,1
502093,1
796238,1
985250,1
563540,1
992951,1
221507,0
737376,1
554450,1
320914,1
175325,1
828346,1
748046,2
522521,1
968530,1
486980,1
69053,1
75265,1
954300,1
244809,1
716685,2
129711,1
892716,1
872721,0
433186,1
524725,2
647015,1
985533,1
933121,1
316498,1
190557,1
239270,1
997633,1
138177,1
557574,0
361049,1
352564,1
251753,1
583429,1
476460,1
75584,1
919462,1
444377,1
920710,1
708075,1
645251,1
812910,0
15535,1
371716,1
86159,1
773251,1
44722,1
46375,1
956049,1
32996,1
10923,0
290792,1
62234,1
359383,1
793565,0
118472,2
636176,1
94592,1
559293,1
62663,1
569579,1
906394,1
523809,0
96631,1
443039,1
615056,1
131031,0
744291,1
47622,0
254507,1
634318,0
853830,1
522657,2
788927,1
251474,1
765665,1
142769,2
153552,1
356322,1
93540,1
558238,1
858871,1
335855,1
906765,1
816712,1
767928,1
764231,1
279458,1
916786,1
579743,2
986897,1
177697,1
667237,1
276808,1
487284,1
339132,0
227637,1
348806,0
920817,1
501878,1
13625,2
51102,1
541764,0
641842,1
433418,1
715471,1
343225,1
248368,1
987799,1
545793,0
835092,1
128446,1
918186,1
233111,1
821875,1
24863,1
572696,1
913783,0
90714,1
377134,1
165003,1
431111,1
362680,1
444348,2
999143,1
718984,1
789704,1
129429,1
469743,1
1009674,0
378234,1
832329,2
519840,1
166631,1
13584,1
488689,1
416026,1
236473,1
307306,0
262283,1
199220,1
81312,1
684320,1
777420,1
507740,1
24276,1
340680,1
778102,1
58644,0
207590,2
910171,1
183917,2
440094,1
595983,1
499351,1
581229,2
993350,1
873766,1
494222,1
567661,1
653791,1
5679,1
675674,1
292138,1
880472,1
608405,1
598281,1
863837,1
436596,1
253546,0
147319,2
441286,1
427158,1
552827,1
818831,1
486056,0
858233,1
166022,1
292718,1
974302,2
248005,1
364150,2
739811,2
74873,1
830620,1
6070,1
797628,1
692299,1
78709,1
13706,1
499047,1
731958,0
167386,0
463312,1
398841,1
367487,1
427062,1
1312,1
64760,1
719237,1
418259,1
944855,1
393217,1
1007294,1
51601,0
382389,0
606737,1
654224,0
743104,1
604500,1
611786,1
124170,0
556041,1
132971,1
786161,0
655757,1
749674,1
163669,1
709993,1
672107,1
379286,1
610639,1
94574,1
62333,1
447527,1
268825,1
230457,2
43170,0
321155,1
45433,1
535156,1
959235,1
386723,1
647686,1
293344,1
466234,1
218048,2
791361,0
673397,1
488304,1
816576,1
854145,1
448681,1
25622,2
873340,0
661297,1
117365,1
601280,1
210103,1
334939,1
789175,1
949999,1
4960,1
359068,2
181144,1
137345,1
239021,1
888193,1
1006286,1
397976,1
172483,1
917413,1
33054,0
86067,1
446382,1
736955,1
999914,1
246535,1
975893,2
176719,1
14648,1
504543,1
768279,0
548848,2
23770,1
945739,1
1004156,1
97199,1
799013,1
278435,0
427507,1
109904,1
85895,1
121762,1
719871,1
733952,1
319769,1
914003,0
145870,1
462531,2
642351,1
501430,1
660939,2
148891,1
9356,1
139839,1
582673,0
623699,1
198924,1
549500,1
131750,1
875577,1
597291,1
522264,2
826803,1
491788,1
937301,1
47864,1
792829,1
107223,1
313914,0
341058,1
521982,0
887156,1
736353,1
556452,1
288074,1
887963,1
40094,1
691243,1
43776,1
19472,1
130470,1
867752,1
42768,1
888913,1
326280,1
474019,1
584712,1
25608,1
763454,1
883053,1
173176,0
877968,1
766387,1
88609,1
396098,1
813467,1
859102,1
496620,1
141647,1
857492,1
76192,1
746495,1
189294,2
572740,2
292273,1
219526,1
758100,1
510854,1
653139,1
227563,1
886878,1
360378,1
162305,2
270039,1
178724,1
599976,1
462953,1
719068,1
259951,2
70679,1
875816,1
304952,1
72765,1
820287,1
144778,1
44799,1
425460,1
566848,1
959183,1
824694,1
840773,1
1000248,1
24830,1
537660,1
407431,2
285703,1
187102,1
158759,1
884326,1
110524,1
430749,1
479298,1
348358,1
3798,0
806489,1
941034,1
433953,1
957167,0
496550,1
235773,1
92587,1
353147,1
210620,1
119620,1
313664,0
213142,0
678387,1
37953,1
721452,1
196584,1
560145,0
611188,1
45730,1
531141,1
573396,1
841950,1
495795,1
735752,1
1016319,0
241332,1
743375,1
788842,1
692556,1
372669,1
871041,1
736508,1
545449,1
61707,1
980620,1
557134,1
194465,1
124516,1
650444,2
629495,1
33443,1
1017480,0
507197,1
993615,1
508518,1
975288,1
980697,1
753789,1
382190,1
329049,1
175750,1
970456,1
642692,0
226089,1
663684,1
737497,1
507432,1
909276,0
1016751,1
164956,1
283019,1
68184,1
655449,1
25545,1
117152,1
117684,1
395141,1
827433,1
417434,1
906677,1
948158,1
279865,1
608313,1
269983,1
722725,1
371866,1
22539,1
131516,1
21677,1
479881,1
537004,1
86250,1
826083,1
531846,1
44755,0
775657,1
810839,2
935640,1
891058,1
212578,1
924310,1
748545,1
968934,1
479607,1
54479,1
999884,0
125546,1
100008,1
938269,0
939002,0
223941,1
400421,1
146185,1
294080,1
684085,1
347173,1
854435,1
143193,1
720264,1
760136,1
840748,1
776698,1
113475,1
939439,1
786172,1
126693,1
894684,1
433946,1
750661,1
1008024,2
585706,1
849602,1
175093,2
185629,1
356131,1
253858,1
39911,0
1015927,1
480810,1
178999,2
508411,1
727216,1
665987,1
243220,1
997387,1
929535,1
924589,1
548727,1
567302,1
513505,2
657571,2
953453,1
296192,0
122037,1
52125,1
72615,1
424610,1
810116,0
225954,1
975600,1
590953,1
671421,1
841459,1
33883,1
1000479,2
269590,1
656215,0
61288,1
860841,1
470194,1
645428,1
497265,1
806317,1
212615,1
777992,1
804906,1
526356,1
136568,1
985540,1
175017,1
623112,1
26582,1
309887,1
802409,1
638985,1
58398,1
510847,1
582651,2
603859,1
875269,1
560941,1
748963,1
1016568,1
519286,1
676668,1
703074,0
402382,1
799813,1
275469,1
693102,0
1217,1
599965,1
750393,1
670501,2
922521,1
37304,2
53746,1
415069,1
206281,0
644658,1
117446,1
339738,1
508370,0
115477,1
539255,1
864199,2
231836,1
576623,1
70503,1
235201,0
842052,1
317624,1
547348,1
739543,1
544536,1
259621,1
125597,1
333031,0
469707,1
844407,1
538382,1
774025,1
335055,1
428258,2
543601,1
578625,1
940709,1
326240,1
407967,1
868823,1
873960,1
993831,1
865376,1
168666,1
917927,1
544745,1
670941,1
626328,1
906718,1
769342,1
970922,1
140004,1
838451,1
512951,1
343731,0
376959,1
845026,0
85972,1
314191,2
16525,1
917549,1
231616,1
445569,1
808094,1
866395,1
855373,1
476886,1
54680,1
978456,1
582431,1
72817,1
485716,1
296651,1
23624,1
745399,1
386286,0
698477,1
747863,2
80960,1
159789,1
706404,2
744790,1
808263,1
774946,0
578742,1
372665,1
542677,1
188529,1
732195,1
1010382,1
303823,1
791138,1
182130,1
429949,1
505933,1
346907,2
180408,1
585409,1
1010467,1
124985,1
351163,1
776669,1
31023,1
335257,1
760880,1
256262,1
712942,1
939923,1
539897,1
335419,1
743889,2
50079,1
649358,2
492994,2
776526,1
966495,1
700710,0
810996,1
162154,0
435559,1
626647,1
958319,1
166334,1
448667,1
475092,1
724507,1
80106,1
263974,1
141878,1
423572,1
936861,1
934474,1
281406,2
1011769,1
380530,0
2364,1
478073,1
58178,1
84818,1
454479,1
170346,1
61145,1
127937,1
224498,1
600133,1
212707,2
269958,1
404124,0
334106,0
515253,1
796407,1
647154,1
365203,1
207987,1
7057,1
714827,1
167445,1
59102,1
250011,1
820717,1
135949,1
321463,0
386796,1
451267,1
660362,1
103256,1
186178,1
781469,0
292912,1
463143,1
83970,1
863033,1
635708,1
895939,2
790940,1
799130,1
559473,0
360176,1
953875,1
919866,0
601857,1
312788,0
778850,1
134878,1
323403,1
979769,1
469060,1
948929,2
981119,1
950807,1
991929,0
337420,1
349715,1
155396,1
10251,1
733024,1
174739,1
765052,1
331334,1
734528,1
554483,1
546347,0
208515,0
343690,1
256677,1
869240,2
201350,1
845543,1
682212,1
324462,1
456367,1
400355,1
740255,1
851201,1
119477,1
769254,1
191462,1
332108,1
609567,0
628256,1
135031,1
137617,1
244368,1
404047,1
385018,1
95913,1
110072,2
977231,1
1017268,1
379686,1
944268,2
505724,1
723025,1
272132,1
465853,1
651636,1
898398,1
212747,1
17881,1
538434,1
285482,1
407310,1
529429,1
341539,1
679564,1
159426,1
778458,1
269914,1
905724,1
228094,1
394364,1
258943,1
203000,1
356308,1
614888,1
14475,1
218114,1
400395,0
86474,1
146387,1
930027,1
162349,1
16437,1
85631,1
336393,0
380170,1
406797,1
695357,1
340310,0
361537,1
897261,1
222357,1
4429,1
910083,1
838837,0
992151,1
47266,0
737170,1
439357,0
951550,1
128923,1
52561,1
970199,1
488681,1
677111,1
899333,0
122466,1
182952,1
772775,2
732258,2
315857,1
317381,1
3839,2
331352,1
445271,1
804050,1
391897,1
50332,1
422777,1
418071,1
761672,1
804678,1
718357,2
125407,1
511521,2
919888,0
760224,1
984752,0
955150,1
129737,1
615845,1
286766,0
58831,1
116423,2
501562,1
982758,1
534724,2
808344,1
507968,1
952643,1
884461,1
500121,1
1004688,1
951459,1
121010,1
34499,1
49440,1
402166,1
816866,0
463642,0
889059,2
43233,0
354478,1
847905,1
306826,0
135501,1
306242,1
224153,0
639535,1
674013,1
239384,1
881543,1
222760,1
948190,1
196353,1
837568,1
385102,1
846801,1
611746,1
556962,1
169968,1
452727,1
770667,1
328639,1
865596,1
849686,1
325786,2
590788,1
110850,1
829633,2
45877,0
694411,1
542981,1
457610,1
936025,1
287602,1
741494,1
554612,1
353033,1
435647,1
151701,1
693209,1
141423,1
273151,0
96268,1
647653,1
957266,1
738825,1
722912,1
90112,1
339873,1
863143,2
102923,1
434011,1
996698,1
113431,2
444982,2
353789,1
1002675,2
394805,1
946372,1
369445,1
89653,1
317084,1
673823,1
962657,0
568170,0
274200,0
211919,2
818581,1
187825,1
557552,1
695265,1
304765,1
938133,1
839816,1
867260,1
216017,1
517981,1
624597,1
695676,1
53713,1
576304,1
629176,1
203965,1
806919,1
662416,1
781458,1
353367,1
118579,1
812224,1
111147,1
115639,1
995271,1
965021,1
76042,0
682476,1
527416,1
828742,1
924680,2
340530,1
375444,2
999444,1
949034,1
1006899,1
491605,2
113442,1
507043,1
95179,1
422340,1
19902,1
531714,2
986659,1
495281,1
85899,0
353745,1
121821,1
160240,1
385685,1
415319,0
560644,1
509070,1
718005,1
995451,1
454138,1
222409,1
342734,1
10208,1
600456,1
221620,1
439713,1
643415,1
869974,1
290091,1
251559,0
140929,1
776629,0
71027,1
387588,1
214815,1
855586,1
443992,0
414783,1
746305,2
124314,1
91755,1
252141,1
984462,0
652372,1
172601,0
540705,1
206245,2
216776,1
634608,1
829707,1
958726,1
45404,1
468665,1
227453,2
628391,1
759846,1
315871,1
131707,1
558656,1
221026,0
843956,1
248137,0
585081,1
137129,0
116625,1
440807,0
945937,1
888656,1
367436,1
556144,1
683998,1
204034,1
744307,1
719567,1
952452,1
684324,1
822036,1
172230,1
1015255,0
85756,0
469428,1
431041,1
294727,1
946516,1
955576,1
992382,1
407842,0
64438,1
47042,1
766130,0
775785,1
535013,0
965517,2
57607,1
164710,1
184679,1
954223,1
596870,1
181379,1
464713,1
214873,1
302091,1
449716,1
658419,1
222056,1
555408,1
401840,1
313253,1
907517,2
134155,1
283936,1
344145,2
434561,2
92961,1
70066,1
765614,1
508792,1
493779,1
848171,1
12932,1
347313,1
104110,2
15696,1
380233,1
837814,1
793914,1
974661,1
719174,1
657876,2
843420,1
298378,2
65857,1
970940,1
832109,1
240690,1
119664,1
306664,1
9172,1
503407,1
235340,1
558957,1
1000200,1
213979,2
229165,1
955194,0
288115,1
622625,1
243990,1
379635,1
429783,0
68434,1
223673,2
913974,1
17603,1
584833,0
129234,0
1011318,2
716982,1
14574,0
369827,1
703405,1
346143,1
549470,1
917673,1
186787,1
420797,0
356421,1
25893,1
566000,1
780101,1
690327,2
221969,2
355109,1
722350,1
572788,0
890167,1
181258,1
401169,1
793833,2
874125,1
200317,1
101009,1
557428,1
944220,2
589537,1
964369,1
87673,1
766138,1
806786,1
987568,1
940819,2
580763,1
202520,0
358416,1
720011,1
152555,1
910681,0
855649,1
218606,2
680827,1
358768,1
44292,1
968053,2
587436,1
199158,2
339213,1
218246,1
164280,1
155220,1
305281,1
543216,1
815274,1
390588,1
867099,2
503542,1
999749,1
58318,0
466359,1
118355,1
769023,1
75980,1
243374,1
535736,1
30114,1
1125,1
458967,1
111840,2
417995,0
190410,1
556258,0
486908,1
817489,1
539082,1
926880,1
681574,1
961564,2
444090,2
372937,2
589298,2
659625,0
17757,1
174306,1
529139,1
908367,1
231854,1
670868,0
361232,2
360983,2
241097,1
585867,1
399927,1
19708,1
671065,1
269356,1
607169,0
482838,1
572722,1
817919,2
81954,1
331426,1
599224,1
640940,1
859946,1
155576,1
454244,0
385120,1
856741,1
769166,1
535574,1
490769,1
424911,1
363083,1
95003,1
553042,1
260300,0
66506,1
975240,2
685794,1
554634,1
879959,1
635784,1
656596,1
25291,1
66366,1
154490,2
745593,1
1004347,1
937077,1
1016524,1
427206,2
163816,1
757749,1
701377,1
812617,1
298628,1
353015,1
30228,2
469479,1
118766,1
535060,1
401462,1
899135,0
302228,2
709003,1
731260,1
183135,1
136894,2
256046,1
18758,1
202094,1
566554,1
439144,1
296688,1
759659,1
526349,1
281332,2
868096,0
715725,1
6911,1
942813,1
680214,1
953163,1
226081,1
627071,1
551954,1
470004,1
806485,0
299577,1
361126,1
255177,1
302224,1
774630,1
315839,1
811388,1
362691,1
141405,1
221136,1
152368,1
1013756,1
687008,1
793767,1
906057,1
936205,1
142350,1
261448,1
980448,1
654466,0
908437,1
291409,1
517387,1
72068,1
396157,1
900400,1
840733,1
308248,0
95579,1
433524,1
935127,1
343636,1
617825,1
794287,1
906725,1
696893,1
638431,1
988891,1
295874,1
719497,1
132524,1
88575,1
820742,1
784567,1
762196,1
360396,1
616299,1
789216,1
652024,1
971439,1
170621,1
254712,0
176630,2
524556,1
421,1
303919,1
105489,1
444971,1
681064,0
707566,0
559169,1
984305,0
265972,1
370094,1
245277,1
836732,1
807163,1
915279,1
42838,1
790045,2
725962,2
430958,1
624469,1
1011020,1
1011442,1
76541,1
180653,1
439984,1
655955,1
816932,1
277999,1
76028,1
677441,1
164046,1
756564,0
857757,1
991804,1
188642,1
942280,1
218811,1
569777,0
825736,0
960219,1
429732,1
177004,1
911529,1
715644,1
952294,0
79881,1
281813,1
216101,1
290345,1
729948,0
358809,1
289215,1
776816,1
950751,1
760518,1
474994,1
180958,0
342639,2
13959,1
473928,2
516643,1
807086,1
237591,1
602135,1
709249,1
536715,1
223475,0
1018009,1
832640,0
41323,1
890464,1
479276,1
407057,2
525315,1
394816,2
262272,1
785032,1
826975,0
76677,1
731778,0
704527,1
51586,1
354405,1
892855,1
77788,1
276033,1
339686,1
116331,1
864272,2
113970,1
480146,1
420977,1
550832,1
971512,1
946750,1
671238,1
974210,1
1004622,1
439379,1
252149,1
462928,1
25071,0
899692,1
27668,1
372801,1
342297,1
534889,2
554263,2
62656,1
763876,1
290338,1
350614,1
643246,1
968031,0
787687,0
586233,1
46371,2
580037,1
18640,1
507906,1
210165,1
812855,1
628601,1
470642,1
15094,1
192023,1
245244,1
668135,1
205464,1
472314,1
399996,1
149801,2
699382,1
377145,2
27448,0
491890,0
68757,1
640467,1
611485,1
756472,1
434437,1
77373,1
682007,1
734326,1
787562,1
715464,1
519770,1
613168,0
148400,1
600599,1
287572,1
393309,1
74844,1
567177,0
828988,1
890596,1
768282,1
675139,1
420599,0
863587,2
29901,1
452932,1
563148,1
393330,1
608731,1
603741,1
373398,1
500943,1
87398,1
135097,1
510380,1
452880,1
932003,1
109265,2
435111,1
642579,1
866524,0
382228,1
678956,0
820805,1
754654,1
188925,1
496073,1
691849,2
904583,1
104172,1
998175,1
899553,1
208430,0
868577,1
469024,2
386110,2
333295,1
21905,1
319644,1
82607,1
14585,1
166785,1
772434,1
536876,1
4274,1
746617,2
819656,1
601060,1
430826,1
690808,1
886001,2
982714,1
878727,1
423859,1
834389,1
789593,1
171192,1
241453,1
1008390,1
702217,1
882878,1
388666,1
323689,0
315930,1
1176,1
303977,2
694392,1
756377,0
184701,1
324011,1
334380,1
752252,1
471409,1
820056,1
283239,1
132175,2
722303,1
935581,2
220586,0
1005656,0
472383,1
570823,1
724954,1
627116,0
943997,1
209174,1
263123,1
517112,1
519059,1
391226,1
974009,1
330249,1
1015886,2
441932,1
838253,0
218143,1
147850,1
250312,1
745986,2
47750,1
607415,1
485444,1
702503,1
777215,1
821192,1
151242,1
885264,1
295357,1
163335,1
613007,1
329566,1
29912,1
193596,1
154032,1
926374,1
979992,1
291496,0
579967,1
245141,1
155873,1
532744,1
803695,1
736379,1
776496,1
377071,1
695320,1
456473,2
570720,0
930955,1
996140,1
582956,1
959932,1
37917,1
167908,0
53207,1
943821,1
631906,1
441521,1
898545,1
584008,1
761272,1
825303,1
426292,0
715585,1
997141,1
718621,1
542112,1
795493,1
421549,1
523287,1
839243,1
591819,1
335246,2
757129,1
382855,1
369067,1
542105,0
809125,1
719457,1
528259,1
811241,1
865109,1
35555,1
847703,1
436592,1
290415,1
819429,0
988543,1
453445,1
888609,1
194146,1
365591,1
876828,2
271829,1
978346,1
742558,1
726776,1
440032,1
190546,1
292736,1
579329,1
176623,1
519378,2
431430,1
456374,1
878312,1
865145,2
784934,1
685970,1
554315,0
512621,1
350690,1
584785,1
467554,0
1002451,1
175699,0
343416,2
157482,1
677382,0
439203,1
385281,1
577107,1
664649,1
854255,0
491193,1
14167,1
1005182,1
894149,1
825020,1
430488,1
363630,1
896091,1
763719,1
395204,1
601662,1
78628,2
527768,1
263116,1
892419,1
176917,1
793305,1
164644,1
503843,1
103106,1
316197,0
712036,1
451894,1
576773,1
287239,1
485664,1
625983,2
715365,0
286946,1
133165,1
636734,1
754276,1
143597,1
738223,1
716454,1
860100,1
118090,1
846104,1
199950,1
417500,1
163588,1
691911,2
288320,1
504587,1
875155,1
778843,1
198667,1
497856,0
515514,1
1015307,1
796623,1
292666,1
857151,1
759934,2
201244,1
488708,1
950263,1
270938,1
555792,1
499054,1
448407,1
417519,1
540444,1
866182,0
901243,1
662735,1
178900,1
371220,1
605303,0
725474,1
591800,1
209754,1
857526,1
307052,1
281549,1
536542,1
438943,0
116698,1
969524,1
632473,1
778234,1
250756,1
482012,2
550971,1
265770,2
961744,1
340970,1
858541,1
698686,1
302239,1
588558,1
619474,1
133620,0
247990,1
417023,1
863301,1
871357,1
424012,1
903997,1
930250,1
287080,1
510043,0
986457,1
957280,1
494505,1
974698,1
706961,0
131783,1
834730,1
865758,1
554667,1
937048,1
105892,1
135369,2
726640,2
86522,1
109698,2
209831,1
425699,1
776760,1
483707,1
84494,0
909393,1
520233,1
274714,1
601736,1
354892,2
265620,2
327175,1
257571,1
177305,1
36761,1
479599,0
507931,1
604632,0
947421,1
780857,1
448058,1
226559,1
473429,2
105368,1
962914,1
98699,1
137639,0
944697,1
594043,1
731712,1
490530,1
91502,1
737842,1
118333,1
133228,1
590825,1
492745,1
1005274,1
477186,1
283752,1
728653,2
146060,2
698792,0
929483,1
239182,1
462300,2
169692,0
769632,1
48605,1
31144,1
928934,1
997721,1
723216,1
458398,1
839067,1
680812,1
841598,1
35955,1
24027,1
131428,1
553347,1
693652,1
679627,1
706433,1
956470,1
182189,1
375558,1
140749,1
257971,1
386590,1
568354,1
1013099,1
346503,1
913655,1
96231,1
578728,2
537705,2
527081,1
603907,1
44513,1
56459,1
327036,2
607727,1
355996,2
927878,1
427851,1
25310,1
352432,0
596580,1
554274,1
113071,1
561270,1
441510,1
777718,1
921975,1
80182,1
756539,0
641442,2
724396,2
791251,1
231968,1
909092,1
241039,1
157707,1
67990,1
81705,1
177231,1
301285,1
417771,0
710731,1
473245,0
931769,1
503825,1
890688,1
943362,1
238604,1
507579,1
493933,1
556544,0
633148,0
222533,1
25127,2
460001,2
552922,2
999095,1
593288,1
142927,0
847479,1
464511,1
748215,1
91454,1
98776,1
175398,1
519198,2
93940,1
924460,1
504389,1
85686,1
973884,1
428823,1
583355,1
983982,1
927823,1
449345,1
815362,1
435643,2
234541,1
611030,1
873593,1
198128,1
126242,1
855696,1
467161,1
114234,1
895935,1
789520,1
887181,1
997075,1
579659,1
219151,1
910715,1
978683,1
65989,1
486016,1
532465,1
76570,1
199408,0
950777,0
996805,1
94615,1
661723,2
364657,1
833539,1
71104,1
560116,1
560970,1
839078,1
903634,1
2423,1
988518,1
428108,1
90655,1
22490,1
691449,1
17357,1
212718,1
858619,1
332900,2
33568,1
571251,1
422894,1
909159,1
475144,2
875250,1
716418,1
714463,1
567265,1
674831,1
452800,1
55704,1
114454,1
786891,1
758346,1
249350,1
282209,1
773068,1
99920,1
315460,1
76248,1
805800,1
113237,1
52385,1
463099,1
224836,1
797080,2
665635,1
498170,1
700262,1
260227,1
723704,1
582365,1
649750,1
736078,1
348864,1
793356,1
954410,1
650844,1
742606,2
1000417,1
490684,1
253227,1
110007,2
390434,2
562455,1
163827,1
816976,1
872233,1
836390,1
995613,1
198120,1
444663,1
1014698,1
495737,1
598425,1
175538,1
335811,2
851535,1
651397,1
495289,1
785179,1
540925,2
44649,1
658345,1
317349,1
245574,2
525663,1
311189,2
975666,1
637588,1
947179,1
409815,1
265767,1
434392,2
102909,1
274288,1
714504,1
616189,1
673173,1
348453,1
456921,2
728019,1
301920,1
328572,1
401895,1
780273,1
233294,1
1008842,0
385836,1
632624,1
158557,1
587366,1
644548,1
191066,1
377941,1
90916,0
466186,1
806056,1
475625,2
199309,2
385391,1
935930,1
472321,1
540437,1
508408,1
231025,1
983399,1
760536,1
271384,1
608371,1
564460,1
284885,1
361030,1
808755,0
68683,1
94372,1
176733,1
817812,1
995972,1
679098,1
7486,1
487909,2
1014306,1
383148,1
701674,1
207239,0
400065,2
377729,1
491018,1
623402,0
756546,1
160390,1
428614,1
834767,0
188404,1
9484,1
450992,1
200735,1
80700,1
648339,1
256259,1
776434,1
467745,1
337123,1
970500,1
40773,1
536663,1
626919,1
670468,1
435629,1
204647,1
333413,1
974757,1
916827,1
488212,1
6892,1
800810,2
128732,0
174962,1
912489,1
948716,1
934412,1
515976,1
345799,1
111257,1
369900,1
158212,1
544693,1
58596,1
577796,1
484391,0
5903,1
369603,1
718438,1
173514,1
361375,1
475074,1
921377,1
309755,2
551217,1
594579,1
379147,0
963195,1
604610,1
450938,1
790317,1
835742,1
262702,1
535765,1
327726,2
859726,1
969946,2
389975,1
1012285,1
734036,1
193909,1
528615,1
959987,1
182303,1
192067,2
90725,1
607606,1
997350,1
679858,0
186343,1
991770,1
408807,1
181599,1
729313,1
442698,1
820995,1
12282,1
356692,1
659416,2
354595,1
452752,1
625994,2
576171,1
40605,1
929821,1
608258,0
626155,1
317598,1
826883,1
616468,1
819201,1
637148,1
799839,1
838998,1
261242,1
706602,1
675274,1
852293,1
3688,1
105030,1
64614,1
554982,2
977301,2
977653,0
976469,1
452271,2
457797,1
138313,1
277207,1
334065,0
827598,1
581412,1
924909,1
910850,1
27635,1
695188,1
197244,1
670567,1
492561,1
915400,1
718470,1
773101,1
214822,2
873748,1
449675,1
817669,1
106390,1
412183,1
651690,1
23983,1
229565,1
350173,1
767054,1
317187,1
469790,1
964699,1
127625,1
771998,1
590744,0
595631,0
653410,0
690095,1
320426,1
95528,0
549900,1
941735,1
328598,1
822913,1
737905,1
920471,1
999972,0
888711,1
359868,1
600588,1
739712,2
936670,0
620355,1
2566,1
472347,1
288393,1
404469,1
653245,1
824236,0
82797,1
851447,1
150252,1
621400,1
226467,1
758416,1
952577,0
417199,2
437898,1
103843,1
814185,0
642289,1
776621,1
250125,1
20331,1
794184,1
524527,1
578360,1
198847,1
752726,1
911998,1
956441,0
438242,1
410695,1
701928,1
484308,1
75540,1
655551,2
1007919,1
277229,1
877917,1
649864,1
912346,1
792982,0
773798,1
678350,1
983692,1
573095,1
3273,1
36013,1
574438,1
171398,1
286142,1
370539,1
845114,1
815609,1
179457,1
535211,0
259629,1
679278,1
757293,2
132483,1
232792,1
995080,0
996294,1
425938,1
199118,1
948778,1
96253,0
862414,1
977862,1
29291,1
735466,1
38327,1
238013,1
747852,1
549849,1
125601,0
180529,1
182680,1
136058,1
338153,1
441671,1
403291,1
574159,1
347966,1
538287,1
974933,0
774476,1
232910,1
879030,2
994582,1
568105,1
385645,2
322211,1
238208,1
419708,1
285978,0
991037,1
518289,0
17496,1
357451,0
193123,1
359303,1
18028,1
56408,1
462007,2
997608,1
389612,1
138214,0
26285,1
1001461,0
500859,1
767333,1
295155,1
4557,1
360161,1
702154,1
718830,1
501830,1
1001612,1
852051,1
772005,1
822513,1
872178,1
76938,1
105900,1
449051,1
197952,1
26931,1
450174,1
701454,1
153828,0
847765,1
798445,1
457632,1
86045,1
404605,1
864162,1
783849,1
543270,1
973392,1
795552,1
384637,1
913619,1
756403,1
778649,1
620784,1
908947,1
10978,2
22131,1
812958,1
239043,0
440652,1
677658,1
667875,0
601303,1
939431,1
205563,1
591918,1
130478,1
4715,1
756469,1
518564,0
498516,1
62829,1
965443,1
314449,1
486045,2
720756,1
340,1
266595,1
857599,1
638109,1
909966,1
419645,1
606913,1
207877,1
576964,1
369618,1
499308,0
684115,1
671234,1
157673,1
7442,1
421750,1
531204,1
1011622,1
686513,2
874352,1
725096,1
181357,1
507498,1
117732,1
477421,2
1011905,1
706998,1
963023,1
897889,1
686344,1
115910,1
305612,1
615353,1
592863,1
199084,0
103465,1
356993,1
700406,0
489235,1
675168,0
919077,1
687705,1
894592,1
962796,1
617267,1
495777,1
876619,1
926701,1
900385,1
157442,1
752395,1
637816,2
814714,1
989959,1
766123,1
102596,1
340028,1
499722,2
518539,0
796733,1
14369,1
879614,1
896561,1
324026,1
940741,1
33836,1
629606,0
286113,1
802214,1
592324,1
872,1
87347,1
762512,1
998902,1
277827,1
825123,1
110373,1
487325,1
246890,1
521722,1
477917,1
490648,1
194748,1
185254,1
423844,0
318317,2
285761,1
296787,1
429798,1
216295,0
366369,1
458655,1
165142,1
429383,1
262687,1
673841,1
614297,0
430745,1
923188,1
383728,1
413889,1
514711,1
799493,2
482951,1
581100,0
217858,1
477715,1
711563,1
161575,1
161223,1
328848,1
819036,1
819685,0
128608,0
23381,1
532050,1
268047,1
717646,1
575185,2
880113,1
827114,1
371484,1
340967,1
803512,1
261576,1
54273,2
95054,1
125014,1
923294,1
483703,1
240607,1
885202,1
494439,2
640944,2
392094,1
263736,1
322736,1
823936,1
415249,2
427338,1
770887,0
537826,2
420779,1
665671,1
747643,1
766596,2
842225,0
612336,1
300101,0
646296,1
614752,1
900202,1
839294,1
121528,0
679234,1
837759,1
488164,1
995000,1
52635,2
604746,1
948345,1
384501,1
826953,1
503270,1
587311,1
912166,1
33935,2
706408,1
675113,1
54501,0
716061,1
776254,2
920112,1
595961,0
507719,1
132836,1
189562,1
339459,1
206638,1
609541,1
510766,1
965182,1
504356,1
790434,2
333390,1
690268,1
672891,2
768488,1
370447,1
433300,1
220506,1
235267,1
214675,1
888238,1
736016,1
28180,1
1011017,1
133349,1
455524,1
760419,1
135181,1
121032,1
229693,1
449169,1
756380,0
244739,1
172821,2
872729,1
409617,1
876262,1
538357,1
844832,1
75753,1
82621,1
22366,1
1016692,1
892480,0
236639,1
957284,0
400234,1
499854,1
287668,1
795882,1
115271,1
657223,1
805367,1
774575,1
296354,1
453148,1
544235,1
729023,2
258518,2
610312,1
603080,2
765845,1
439515,1
311482,0
47204,1
338359,0
530508,1
763380,1
558083,1
302415,1
400348,1
74950,1
630813,2
418703,1
258851,0
230563,1
592632,1
723957,1
929799,1
413030,1
484810,1
918957,2
319387,1
735341,1
887398,1
667233,1
697094,1
286205,1
670167,1
562936,1
989368,1
645729,1
626801,2
127595,1
539163,1
724370,1
294198,1
352072,1
521645,1
249167,1
526781,1
834844,1
482588,1
942497,1
519958,1
582196,1
665480,1
24511,2
263721,0
95906,1
571589,1
585203,1
879786,2
447523,1
399721,2
630046,1
803417,1
643653,1
804982,1
145672,2
371389,0
175244,1
831999,1
525359,1
660351,1
785605,1
634413,1
137437,1
300486,1
869545,0
693560,1
163591,1
98237,1
531909,1
419454,0
743962,1
553949,1
500686,1
22333,1
359156,1
475306,1
422139,1
962895,1
183557,1
817797,0
463899,1
88681,1
337350,1
925807,1
632147,1
857012,1
150708,1
227208,1
730623,1
81044,1
387702,1
99935,0
188484,1
330436,0
26014,1
743621,1
1010445,1
417940,0
362703,1
986622,1
883475,1
284995,1
136465,0
264847,1
110571,1
47365,1
237614,1
280067,1
236323,2
306345,1
555088,1
648371,1
196085,0
358537,1
535563,1
559925,1
993068,1
136964,1
839023,1
459946,1
782055,1
938676,1
714948,1
37737,1
102794,0
206744,1
750713,1
296534,1
248041,1
493827,1
846856,1
720675,2
276709,1
448054,1
2650,2
10787,1
117882,1
541357,0
223604,1
671197,1
431580,2
899087,1
248739,0
621642,1
297597,1
315068,1
867510,1
310188,2
159697,2
222823,2
935178,2
462894,1
774517,1
426762,1
770748,1
749865,1
433234,1
712542,1
313103,1
666001,1
496716,1
621172,1
930650,1
398500,1
414538,1
67804,1
267109,0
872930,1
589654,0
421570,1
123580,1
118494,1
63851,1
851094,1
663060,1
710328,1
290187,1
757606,1
1013976,2
1001894,1
720440,1
399581,1
47082,1
97119,1
677122,2
755273,1
86001,1
330391,1
365265,1
315691,1
339990,1
197813,0
441785,1
381542,1
73193,1
406889,1
400018,0
334362,1
19344,1
618477,0
738605,1
829516,1
384604,1
386844,1
195004,1
715578,1
956320,1
330094,1
1011934,1
84429,1
477513,1
195550,0
229183,1
621000,1
619041,1
955239,2
829769,1
376919,2
698217,1
972425,1
907960,1
911026,2
428218,1
513897,1
43156,1
557897,1
758092,2
119789,0
158865,1
722251,1
581306,1
621396,1
976795,1
160981,1
463833,1
113545,1
945742,1
303841,1
330773,1
371543,1
538841,1
120974,1
608962,1
877560,1
9639,1
343159,2
976355,1
469981,1
1004718,1
313518,1
640191,1
72299,1
454457,2
327461,1
19700,1
407204,2
972971,1
233203,1
345106,1
968501,1
40975,1
49514,2
670691,1
185632,1
813951,0
956665,2
8414,1
601211,1
761870,2
194058,1
702187,1
679454,1
850509,2
589393,0
732070,2
851340,1
164127,1
975130,1
655177,2
506691,1
32505,1
138922,1
479922,2
165546,1
263637,2
468339,0
74752,1
721919,2
357738,2
42317,1
338814,0
69468,1
145753,1
949937,1
310364,1
1006855,1
722941,1
105694,1
268692,1
683150,1
686982,2
134427,1
249725,0
126008,1
813405,1
995774,1
71801,1
981313,1
433531,1
365074,1
463019,1
712894,1
829299,1
751570,1
380390,1
261532,1
973107,0
493180,1
183821,1
756146,0
584363,1
384505,1
386484,1
420676,1
941731,1
994278,1
989881,1
897823,1
101070,1
401033,1
695878,1
261606,0
126943,1
451179,1
730274,1
203040,2
799482,1
130881,2
333578,1
549841,1
610653,1
774890,1
491421,1
140206,2
210583,1
475922,1
314885,2
357606,1
969997,2
766718,1
884029,1
1005829,2
52943,1
838183,1
172425,0
952382,1
219357,1
235113,1
896271,1
795589,2
451083,1
907209,1
864812,1
674219,1
78400,1
924002,0
644672,1
268586,1
57830,1
364792,1
898112,1
316472,1
188990,1
43435,1
624311,1
419201,1
341469,1
681354,0
652567,0
817371,1
313000,0
729137,1
120417,1
176388,1
894291,1
35177,1
507469,1
578926,1
259863,0
924354,2
962969,1
919404,0
749278,0
622801,1
286975,1
936854,1
886056,1
130166,0
479782,1
876046,0
264524,1
613975,0
648328,1
304509,1
265646,2
113806,0
752953,1
141302,1
447981,0
984576,1
291735,1
774663,1
572975,1
479874,1
85400,1
692721,1
109302,0
353194,1
815946,1
293304,1
202205,1
668245,1
410365,1
742950,1
983333,1
310984,0
752678,1
777262,1
433447,1
505896,2
15238,0
142390,1
140264,2
274123,1
124152,2
724008,1
89547,1
469211,1
854233,1
976410,1
950670,2
669279,1
726163,2
796087,1
518689,1
507014,1
297692,2
399097,0
35375,1
689057,1
428012,1
900392,1
217609,2
541184,2
213476,1
285288,1
524398,1
281886,1
304,1
70037,2
214565,1
738719,1
439375,1
609226,1
479508,1
151543,1
172139,2
439180,1
59869,1
366501,1
403640,0
554791,1
925241,1
623578,1
911521,1
902167,2
184297,1
1016795,1
959899,1
155426,2
1536,1
667112,2
723968,1
916698,1
864856,1
460595,1
226830,1
411164,1
593329,2
466630,1
621826,0
770249,1
154993,1
1017345,1
262225,1
92011,1
362835,2
606524,1
685057,1
425464,1
440388,2
20074,1
36277,1
168765,2
572494,1
446261,1
63349,0
19784,0
499106,1
114579,1
76442,1
588022,1
669206,0
265257,1
280852,1
201761,1
368161,1
609787,2
577323,2
508738,1
655849,2
252820,1
245156,1
732870,1
728257,1
269510,1
531387,2
809433,1
7417,2
265642,1
7846,1
1005733,1
123339,1
897757,1
570977,1
979758,1
762688,1
698396,1
19780,1
250723,1
228971,1
731330,1
1012458,0
19010,2
119895,2
924053,1
114029,2
520842,1
768642,1
703878,1
460159,1
187609,0
538526,1
957211,1
482573,1
506336,2
796436,1
775675,1
802368,1
211728,2
772610,2
940015,1
489583,2
8733,1
982802,2
43251,1
254400,1
428511,1
353521,1
136986,1
526147,2
999125,1
38363,0
251515,1
434792,1
687411,1
343760,1
604005,1
216211,1
764091,1
497492,2
843222,2
419025,1
89723,2
515437,2
191132,1
48502,1
488340,1
299438,1
879092,1
26304,2
811414,1
490604,1
933147,0
410347,1
443871,1
709366,1
5033,1
277812,1
509335,1
426975,1
786408,1
913846,1
587755,1
100709,2
841206,1
185595,0
291760,1
712982,1
697847,1
791428,1
136935,0
632392,0
189166,0
379264,2
173363,0
659056,1
342019,1
531130,1
944426,1
898350,1
68878,1
197835,1
206539,0
896330,1
909889,1
76871,1
132913,1
519671,1
397019,1
231425,1
409389,1
1001535,1
762516,1
585290,1
286373,1
243349,1
750559,1
678853,1
301670,0
632059,1
294352,1
931563,1
938180,1
410619,1
980752,1
726750,1
213036,1
964941,1
932197,1
660997,1
202667,1
777251,1
289086,1
922837,1
399699,1
439757,1
746561,1
238695,1
157178,1
318980,1
825923,0
826043,1
728150,1
345160,1
863334,1
593354,1
469435,2
993886,1
938188,0
628175,1
846885,1
67062,0
624418,2
776229,1
118160,1
523775,1
115411,1
231003,1
720066,2
755435,1
537767,1
835379,2
401297,1
782682,1
635234,1
699966,1
737017,1
260076,2
210686,1
627431,1
885026,1
563063,1
831496,1
893702,1
221370,1
223769,1
228579,1
426777,1
989379,1
502376,1
274824,1
353433,1
472178,1
399534,1
754324,1
524446,1
621943,1
957318,1
218826,1
351417,1
647408,1
444425,1
621701,2
268263,1
228090,1
264421,1
471614,1
930904,2
183494,1
650048,1
887475,1
450945,1
571769,1
337633,1
297799,1
495212,1
739000,1
219621,1
251922,1
984389,1
131721,0
451340,0
961964,1
720121,1
147807,1
157817,1
308310,0
267075,1
602498,1
730348,1
931332,2
294363,1
151518,1
406364,2
888007,1
578782,2
724561,2
802166,1
490314,1
10974,1
808249,1
841231,1
808722,2
24537,1
170078,1
937932,1
225983,2
342004,1
962202,1
566763,1
982673,1
926125,1
954058,1
297582,1
381579,1
309964,1
692307,0
264645,1
306749,1
436677,1
118836,1
546600,1
656828,1
740318,1
711578,1
437924,1
719376,0
541595,1
415726,1
939860,1
854512,1
419667,1
521029,1
136274,1
908840,1
358827,1
769856,1
64995,1
955583,1
127324,1
319365,1
901889,2
535691,1
776137,0
960758,1
620711,2
278732,1
252648,1
310580,1
231528,1
322262,1
178236,2
172270,1
497775,1
370656,1
40612,0
225950,0
93243,1
695023,1
97423,1
952393,1
421167,1
678563,1
473612,1
371136,1
427998,1
436934,1
933987,1
876398,1
165681,1
217656,1
893980,1
146200,1
679043,1
776757,1
154003,1
994263,1
621327,1
727388,1
578933,1
42081,1
441907,0
608867,2
165887,1
182909,1
134607,1
104990,1
1009223,1
727865,1
117134,1
148840,1
200760,0
545892,0
72240,1
115635,1
647727,1
420155,1
72192,1
383519,1
677782,1
91263,1
349623,1
871247,2
310661,1
968079,1
824474,1
345069,1
182893,1
87086,1
601215,1
397077,1
850237,1
91678,1
910043,1
59384,1
220623,1
969241,0
358481,1
460728,0
738539,2
406449,1
199008,1
259724,1
604115,1
1051,1
468980,1
884249,1
996779,1
680496,1
592683,1
522275,1
188693,0
718614,1
300640,1
756740,0
235263,1
620135,1
28690,1
905977,1
209996,1
422825,1
699870,1
352348,0
608177,1
263024,1
57588,1
281985,0
551727,1
684492,1
531611,1
368389,1
80883,1
178683,1
693205,1
510476,1
901214,1
643796,1
973239,1
111293,1
942501,2
39030,1
98868,2
973800,1
190807,1
206227,1
1017983,1
70950,1
354012,1
545199,1
107564,1
463392,1
658936,0
663127,1
217993,0
195624,1
537778,0
278846,1
980048,1
96862,1
487680,1
575644,1
447013,1
718584,1
293292,1
171596,1
173396,1
281912,1
768936,0
264854,1
410068,1
141610,1
90299,2
171178,1
573602,1
849767,1
248999,1
469589,1
837432,0
39023,1
482111,2
632756,2
203943,1
994755,1
28092,0
269800,0
111260,1
632642,1
1015842,1
1015057,1
385553,1
249633,2
329353,1
50824,2
602663,1
819483,2
601828,0
505870,1
181423,1
613164,2
62197,1
444263,0
354030,1
143586,2
413647,1
385560,1
547469,1
206388,1
106600,1
348017,0
84689,0
871412,1
892426,1
142538,2
940833,0
120927,1
374230,1
182666,0
993648,1
274376,2
387023,2
623743,1
881873,1
66436,1
590641,2
519330,1
119370,1
948730,1
896190,1
903807,1
49088,1
665073,1
318919,1
582174,1
132418,1
470415,1
587791,1
161531,1
672668,1
794566,2
288313,1
755695,1
5697,1
504172,1
379073,1
62087,1
263291,1
423000,0
672349,1
193299,1
355314,2
46889,1
164806,2
204870,1
24449,2
273618,2
285413,1
70048,1
669415,1
602814,1
585276,1
632415,1
947557,2
488384,1
836068,1
492327,0
615775,1
629121,1
319329,1
118920,2
821079,1
86717,1
101540,0
7240,0
586002,1
171064,1
117604,1
306899,2
375352,1
969674,1
327609,1
976319,1
381634,1
697652,2
794423,1
136652,1
237045,1
618697,1
280166,1
112775,1
378832,1
350915,2
98200,1
112140,1
718731,1
349425,1
444869,0
877483,0
182970,1
803189,1
76336,0
381050,1
630604,1
367612,1
44421,1
957475,1
285545,1
708442,1
884799,1
503380,1
16107,1
689831,1
149595,1
345216,1
634893,1
801228,1
474770,1
426674,1
600724,1
524057,2
745825,1
824793,1
485484,1
577826,1
178610,1
97753,1
251746,1
487651,1
174038,1
262360,1
954513,2
94453,1
345454,2
694682,1
609468,1
248771,1
98079,1
327502,1
660160,2
521692,1
399446,1
677207,1
601619,2
225228,1
392568,1
542424,1
117996,1
305663,0
490949,1
289222,1
318496,0
540547,1
721658,1
346136,0
909379,2
967500,1
424522,1
739815,1
751291,1
75944,1
705557,1
859443,1
86771,1
830503,1
413470,1
39713,1
483093,1
886955,1
342859,1
268865,1
100077,2
900062,1
206494,1
995697,1
42331,0
220285,1
448649,1
682627,1
766806,1
223648,1
847185,1
813452,1
346309,1
502192,1
544918,1
989492,1
72538,1
132975,1
259144,1
582909,1
249644,2
936058,1
945096,1
449671,2
972362,1
993501,1
552111,2
764327,1
418314,2
376375,1
793561,1
991525,1
38455,2
424030,1
202384,0
1008482,1
803093,1
604672,1
695889,1
478367,1
306091,1
443347,1
857009,1
452286,1
693894,1
338087,1
426432,1
719116,1
386091,2
632084,1
38440,1
573701,1
579057,1
850475,2
434983,1
172975,1
647631,1
627105,1
945823,0
759200,1
766754,1
489851,1
930948,1
493885,2
862388,1
59436,1
1011817,1
856543,1
587443,1
1001058,1
815380,1
1011516,1
75298,0
586817,2
248610,1
228227,2
191154,1
291823,1
450024,1
807886,1
921043,1
287525,1
699412,2
22641,1
152573,1
205549,1
669811,1
479698,1
585841,2
565270,1
215243,1
924295,1
619919,1
628117,0
405583,1
426153,1
846001,1
730953,1
678109,1
718533,1
791112,2
80025,1
1327,1
61358,1
1006033,2
782309,1
508675,1
320712,1
121887,1
827848,0
906354,1
949283,0
37939,1
896929,1
416819,1
881044,1
123892,1
40227,1
521931,1
555121,1
93669,1
653032,1
997794,2
736977,1
917435,0
867529,1
718258,1
675902,1
490839,1
1002536,1
187090,1
322387,1
575046,1
194979,1
638255,1
528736,0
810291,1
103788,1
282490,0
791846,1
1009113,1
469604,1
811733,1
362109,1
236936,1
734557,1
910014,1
274266,1
42885,1
206458,0
355170,1
726439,1
703610,1
215119,1
270534,1
497892,0
116313,2
65321,0
342851,1
344457,1
29893,0
919723,2
945951,1
199646,0
715109,1
2892,1
104507,1
740398,2
598971,1
908150,0
627592,1
744219,1
691081,1
266768,1
982435,1
561902,1
790438,1
669969,1
552070,1
528280,1
614822,1
990858,1
1011761,2
862285,1
265907,0
836402,1
106581,1
708149,1
831908,1
505731,1
979057,1
877627,2
366017,1
470851,2
947029,1
234680,1
774623,1
729508,1
1002172,1
404692,1
628300,1
517949,1
165582,1
349630,2
785223,1
23969,1
583575,1
727762,1
950623,1
18424,1
278475,1
8737,1
468290,1
890581,1
1002891,2
657524,1
96914,1
543054,1
486511,1
46045,1
892950,1
285479,1
417908,1
703830,1
989298,2
533877,1
79009,1
89345,0
336915,1
669257,1
373329,1
753385,1
163005,2
79515,1
310115,1
389157,1
722648,1
379143,1
101607,2
838235,1
491645,1
975002,1
57834,0
250613,1
424973,1
326479,0
633492,0
32882,1
533862,1
243484,1
451469,1
303812,1
445228,1
496770,1
802416,1
349890,2
200474,1
952085,1
47237,0
263703,0
705883,1
190623,1
307515,1
789744,1
993707,1
34217,0
417838,1
776973,1
600786,2
52275,2
144510,0
545496,1
40296,1
612329,1
855917,2
604654,1
619409,1
734241,1
740860,1
892749,1
559837,1
148514,1
348138,1
120578,1
177811,1
59377,1
50893,1
412918,1
422681,1
756241,2
487897,1
882713,1
392193,1
1003313,1
784592,1
697494,2
130580,1
65141,1
672987,2
831489,1
846706,1
264494,1
483817,1
142079,1
272947,1
828911,1
139318,0
872831,1
268623,0
832916,0
13177,1
592676,1
544011,1
632301,1
432857,1
622339,1
451252,1
18729,1
235311,1
376966,1
277243,1
382804,1
1016843,1
412565,1
847622,2
252262,0
410464,1
616509,1
403318,1
372885,1
217326,1
386341,1
744608,0
805334,1
876222,1
192027,1
869332,1
929957,1
661844,1
322666,0
424809,1
1002264,1
653359,1
715509,1
706271,0
191752,2
281974,1
530492,1
142200,1
931376,1
583296,1
240423,1
744394,1
456499,1
906824,1
868775,1
81723,1
299878,1
759178,1
187443,1
319776,0
339121,1
67095,1
436244,1
222100,1
300097,1
420052,2
306129,1
566749,1
167948,0
52888,1
449301,1
480935,1
414053,1
415418,2
915484,1
1006617,1
155525,1
542985,1
470349,1
116588,1
394243,1
47109,2
511125,1
865901,2
18541,1
243914,1
740390,1
59443,1
260829,1
278725,0
356935,2
113835,1
418204,1
273933,1
72970,1
875449,1
947825,1
895241,0
116489,1
462685,1
94871,1
797143,1
797491,1
396609,1
756641,1
56590,1
44568,1
449800,1
508392,1
484542,1
127481,1
601075,0
904679,2
915709,2
406720,1
647107,1
889536,1
960806,2
75706,1
510076,1
472097,1
11054,1
666225,2
805602,1
1004071,1
189650,1
576205,1
727014,1
95278,1
657535,1
537080,1
834114,2
136755,1
958777,1
21871,1
74907,1
250712,1
750375,0
1003595,2
400982,2
404263,1
849004,1
833278,1
338348,1
525146,1
899689,0
746709,1
127261,1
326813,1
776159,1
469909,1
462986,1
63392,1
109522,1
905397,1
178720,1
980891,1
256545,1
817852,1
577396,1
263314,1
299371,1
553707,1
474554,0
628700,1
400524,1
342349,0
546817,2
553970,1
56271,1
920509,1
740428,1
763201,1
918490,1
236488,0
100437,0
848993,1
897632,1
500466,1
332452,1
810608,1
204250,1
687136,0
741472,2
292479,0
40887,1
1009230,1
988114,1
562172,1
482177,1
659764,1
916551,1
959491,1
712791,1
895810,2
949515,1
85062,2
917035,1
756821,1
544367,1
750603,1
269925,1
443659,1
480256,1
78022,0
434048,0
80649,1
295342,2
95692,1
724730,0
975211,1
873638,1
647077,2
975633,1
283987,1
127104,1
1011523,1
566440,1
379800,1
564406,1
441143,1
301340,1
847035,1
673915,1
456015,1
161571,1
793066,1
108022,1
932061,1
205057,2
793734,1
448050,1
109599,1
245046,1
506534,1
916816,1
791820,1
917127,1
491102,1
144033,1
856756,1
114304,1
716157,1
311244,1
467972,2
95164,1
910124,2
789924,1
113828,1
346617,1
215892,1
266096,1
302738,1
482324,1
804209,1
191282,0
590784,1
76581,1
85370,1
625154,0
494361,1
110403,1
886610,1
116555,1
122488,1
35492,1
156724,1
532380,1
101096,1
773857,1
611610,1
511143,1
242986,1
491528,1
772841,1
459182,1
468757,2
512915,2
227655,1
481884,1
55014,2
553321,1
1014995,1
907939,1
319167,1
787849,1
667042,1
968989,1
865619,1
940590,1
436152,1
194924,0
599033,1
12363,1
729797,1
201842,1
351750,1
125993,1
454813,0
396186,1
816701,1
109218,0
657058,1
827987,1
256992,1
551907,1
903160,1
282597,1
419373,1
639953,1
711817,1
211210,1
62616,1
355431,1
957765,1
519048,1
18204,1
773417,2
331572,1
203026,0
88810,1
338476,2
564233,1
965128,1
490479,1
368448,1
817030,1
82757,1
216871,1
568200,1
771936,1
929182,1
927195,0
771305,1
642003,1
1007144,1
263093,1
660227,1
583344,1
720103,1
743496,0
958780,2
968743,2
633816,1
121843,1
170669,1
951426,1
791747,0
160170,2
474059,0
452440,2
902718,1
570250,1
1014980,1
532432,2
940264,0
609417,0
464151,1
196074,1
66971,2
515363,2
730285,0
920556,1
463404,1
120259,0
937910,1
669480,1
100653,1
459890,2
948077,1
239281,1
396238,1
652439,1
214635,1
243099,1
640056,1
741014,1
956412,2
465123,1
449770,0
372827,1
95656,1
459292,1
673423,1
9048,1
482823,1
706293,1
18934,1
671249,1
850875,1
631319,0
60247,2
273265,1
584767,0
201541,1
669686,2
168552,1
473719,1
127647,0
577518,1
632282,1
819047,1
53988,1
458347,1
843680,1
125090,1
50916,1
23213,1
353044,1
858266,1
648786,1
671924,1
997882,1
373981,1
610118,1
101203,1
77564,1
835922,1
865189,1
46717,1
263435,1
762530,1
839423,1
397448,0
707258,1
380222,1
521300,1
442724,2
871801,1
889701,1
404942,1
965238,1
610231,1
264036,1
914535,1
500059,1
935563,1
301025,1
415652,1
581591,1
108253,1
1009014,1
133884,1
529340,1
549823,0
64085,1
320657,1
180217,1
890794,1
52749,1
992115,1
816217,1
451740,0
975068,2
819315,1
124790,1
560211,1
313716,1
385513,2
825185,2
1010797,2
82926,1
810152,1
633980,1
441657,1
556511,2
260216,1
294844,2
22098,1
554223,1
542093,0
932586,1
396692,1
243367,1
852121,1
335947,1
263170,1
408780,1
784842,1
661709,1
534500,1
138342,1
255973,1
539567,1
461523,1
516580,2
566969,1
496224,1
955198,1
715424,1
10365,1
889224,1
939277,1
173851,0
135196,1
703885,1
973297,1
907047,1
923702,1
615984,1
227251,1
33083,1
10383,1
431261,1
972047,1
839177,1
1006400,1
86416,1
151756,1
412015,1
997688,1
644302,1
873571,1
285196,1
861541,1
363319,1
426506,2
519789,1
852712,2
886188,1
868328,1
213014,1
501096,0
366329,1
710973,1
358551,1
710735,0
1000893,1
915415,1
253920,1
24522,1
187726,0
360264,1
312487,1
136575,1
100293,1
266283,1
392674,2
424096,1
355604,0
296673,1
356957,1
130658,2
397686,1
159305,1
462036,1
477472,1
913127,1
108936,1
451810,1
787533,2
565234,1
113453,1
60661,1
352670,1
367025,1
407754,1
5543,0
349241,2
873924,1
166169,1
650774,1
814549,1
34693,1
358067,1
571259,1
962936,1
586912,1
323612,1
772838,1
38701,1
144907,2
2317,1
770609,1
468104,1
647444,1
971479,1
702091,2
862964,0
25952,1
52815,1
281897,0
682773,2
531134,1
976414,1
11704,2
443938,1
782606,1
408681,1
133363,1
147469,1
189016,1
112650,1
854981,0
278390,1
675744,1
856107,1
147377,1
624472,1
271850,1
626023,0
476259,2
557105,1
92529,1
292288,2
629532,1
309014,2
600922,1
776915,1
499252,1
698048,1
403343,1
750027,1
911888,1
467437,1
706606,1
552229,1
586651,1
839591,1
97874,1
1002495,1
295254,1
832534,1
139772,1
599477,1
448791,1
330274,1
608526,1
622188,1
348071,1
637115,1
211533,1
52840,1
395215,1
870019,2
964985,1
815539,1
42012,2
872619,2
582527,1
411692,1
609152,1
125924,0
820173,1
292527,1
462579,1
272121,1
801848,1
852862,1
304130,1
470990,1
619610,1
439636,1
180785,0
1015743,1
98534,1
596030,1
675700,1
662672,1
602692,1
841536,1
763069,1
823495,1
125487,2
616354,1
391695,1
85312,1
627718,1
236217,1
701322,1
227570,1
274868,1
366992,1
877142,0
622845,1
438389,1
897801,1
136858,1
546839,1
940228,1
872545,1
522363,1
653399,1
995888,1
580253,1
311619,1
905218,1
677519,2
18361,1
377509,1
112382,2
175967,1
304956,1
972986,1
409059,1
481866,1
364668,1
462498,1
527074,1
452756,1
56983,1
486676,1
136722,1
480285,1
770924,1
250305,1
904550,1
561366,1
899201,1
476897,1
227299,1
497342,1
533730,1
815630,1
727506,1
24797,1
955730,0
306400,1
443570,1
201046,1
561722,1
708835,1
21060,1
711295,1
920152,1
267196,1
653704,1
480025,2
546251,1
224795,2
722592,1
179754,1
278141,1
396469,1
800186,2
99391,1
222632,1
621059,1
458358,1
261132,2
983777,1
367135,2
857467,1
680926,0
636033,1
855539,1
653524,1
199125,1
462982,1
765526,1
630482,1
506916,1
796245,1
717653,1
6258,1
854527,1
342862,1
139192,1
264366,1
377721,1
933873,1
781102,0
803057,1
71005,1
220289,1
260708,1
313015,1
179266,1
574665,1
968505,1
21431,1
305337,1
221080,1
10662,1
299603,1
738890,1
586680,1
478022,1
178009,1
1010302,1
865857,1
896855,1
810196,1
28500,1
786217,1
942732,1
949045,0
441282,1
1006462,1
328565,2
898497,1
961032,2
151477,1
978236,0
