userId,movieId,rating,timestamp
1,1,4.0,964982703
1,3,4.0,964981247
1,6,4.0,964982224
1,47,5.0,964983815
1,50,5.0,964982931
1,70,3.0,964982400
1,101,5.0,964980868
1,110,4.0,964982176
1,151,5.0,964984041
1,157,5.0,964984100
1,163,5.0,964983650
1,216,5.0,964981208
1,223,3.0,964980985
1,231,5.0,964981179
1,235,4.0,964980908
1,260,5.0,964981680
1,296,3.0,964982967
3,31,0.5,1306463578
4,21,3.0,986935199
4,32,2.0,945173447
4,45,3.0,986935047
4,47,2.0,945173425
4,52,3.0,964622786
4,58,3.0,964538444
4,106,4.0,986848784
4,125,5.0,964622758
4,126,1.0,986848920
4,162,5.0,945078571
4,171,3.0,945078428
4,176,5.0,964622565
4,190,2.0,945079259
4,215,5.0,945079078
4,222,1.0,945629040
4,232,5.0,964622684
4,235,2.0,945173513
4,247,3.0,986848894
4,260,5.0,945079259
4,265,5.0,964538468
4,296,1.0,945173350
5,1,4.0,847434962
5,21,4.0,847435238
5,34,4.0,847434881
5,36,4.0,847435292
5,39,3.0,847434961
5,50,4.0,847434881
5,58,5.0,847435238
5,110,4.0,847434880
5,150,3.0,847434748
5,153,3.0,847434802
5,232,4.0,847435292
5,247,5.0,847435337
5,253,3.0,847435292
5,261,4.0,847435238
5,265,3.0,847435129
5,266,1.0,847435311
5,290,5.0,847435311
5,296,5.0,847434748
6,2,4.0,845553522
6,3,5.0,845554296
6,4,3.0,845554349
6,5,5.0,845553938
6,6,4.0,845553757
6,7,4.0,845554264
6,8,3.0,845555281
6,10,3.0,845553253
6,11,4.0,845553489
6,13,3.0,845555588
6,15,4.0,845554505
6,16,4.0,845553819
6,17,4.0,845553559
6,19,2.0,845553382
6,21,2.0,845553382
6,22,5.0,845553875
6,24,4.0,845554397
6,25,3.0,845553695
6,26,4.0,845555362
6,27,3.0,845555402
6,31,3.0,845553819
6,32,4.0,845553426
6,34,4.0,845553354
6,36,5.0,845553726
6,41,4.0,845554962
6,43,4.0,845555607
6,45,3.0,845553907
6,46,4.0,845554551
6,47,4.0,845553317
6,50,1.0,845553381
6,54,4.0,845555402
6,60,4.0,845554263
6,61,4.0,845555454
6,62,4.0,845553660
6,65,3.0,845555070
6,66,3.0,845555151
6,76,4.0,845555317
6,79,3.0,845554907
6,86,5.0,845556131
6,87,3.0,845555300
6,88,2.0,845555694
6,89,4.0,845555124
6,92,4.0,845555454
6,93,4.0,845554584
6,95,4.0,845553559
6,100,3.0,845555151
6,102,1.0,845555436
6,104,4.0,845554349
6,105,3.0,845553757
6,110,5.0,845553283
6,112,4.0,845553994
6,113,3.0,845556257
6,126,3.0,845555342
6,135,3.0,845554987
6,140,3.0,845555024
6,141,4.0,845553586
6,145,4.0,845553966
6,146,4.0,845555607
6,150,4.0,845553110
6,151,4.0,845553586
6,153,3.0,845553146
6,158,4.0,845553660
6,159,3.0,845555006
6,160,5.0,845553457
6,161,3.0,845553253
6,163,3.0,845553907
6,165,3.0,845553146
6,168,5.0,845553695
6,170,3.0,845554263
6,171,3.0,845555402
6,174,3.0,845554479
6,177,3.0,845554931
6,179,1.0,845555362
6,180,2.0,845555006
6,181,3.0,845553938
6,185,3.0,845553283
6,186,3.0,845553619
6,189,3.0,845556241
6,191,2.0,845554931
6,195,4.0,845554455
6,196,3.0,845553586
6,201,3.0,845556290
6,204,3.0,845553619
6,205,3.0,845555477
6,207,4.0,845554024
6,208,3.0,845553253
6,209,3.0,845556106
6,210,4.0,845556310
6,212,4.0,845556181
6,216,4.0,845554099
6,217,3.0,845555382
6,218,2.0,845553994
6,219,3.0,845556131
6,222,4.0,845554024
6,224,3.0,845553794
6,225,4.0,845553381
6,230,5.0,845553966
6,231,3.0,845553174
6,234,2.0,845554176
6,236,4.0,845553559
6,237,4.0,845553875
6,239,3.0,845554987
6,240,3.0,845555571
6,243,3.0,845555588
6,248,5.0,845554263
6,250,4.0,845555588
6,251,3.0,845556257
6,252,4.0,845553619
6,253,3.0,845553283
6,254,3.0,845555655
6,256,3.0,845553726
6,257,5.0,845554176
6,258,3.0,845555172
6,261,4.0,845553695
6,262,5.0,845554551
6,265,3.0,845553726
6,266,3.0,845553457
6,267,3.0,845554376
6,270,3.0,845555172
6,271,4.0,845555249
6,273,3.0,845553875
6,274,4.0,845555151
6,276,4.0,845553907
6,277,5.0,845553844
6,279,3.0,845555436
6,281,4.0,845554320
6,282,3.0,845553522
6,288,2.0,845553283
6,289,3.0,845554455
6,291,3.0,845555571
6,292,4.0,845553253
6,293,3.0,845553660
6,296,2.0,845553110
7,1,4.5,1106635946
7,50,4.5,1106635993
7,58,3.0,1106635520
7,150,4.5,1106635925
7,165,4.0,1106635987
7,260,5.0,1106635933
8,2,4.0,839463806
8,10,2.0,839463509
8,11,4.0,839463806
8,21,4.0,839463564
8,32,3.0,839463624
8,34,5.0,839463546
8,39,3.0,839463644
8,47,4.0,839463546
8,50,5.0,839463644
8,110,3.0,839463527
8,141,3.0,839464076
8,150,4.0,839463422
8,153,2.0,839463451
8,185,5.0,839463509
8,186,4.0,839463856
8,208,3.0,839463509
8,231,4.0,839463470
8,235,3.0,839464076
8,236,3.0,839463767
8,252,3.0,839463856
8,253,5.0,839463509
8,282,3.0,839463767
8,292,3.0,839463489
8,296,4.0,839463422
9,41,3.0,1044656650
9,187,3.0,1044657119
9,223,4.0,1044656650
10,296,1.0,1455303387
11,6,5.0,902154266
11,10,3.0,902154316
11,36,4.0,902155135
11,44,2.0,902154593
11,95,3.0,902154458
11,110,5.0,902154266
11,150,5.0,902154266
11,153,3.0,902154593
11,165,3.0,902154567
11,170,4.0,902154621
11,208,3.0,902154706
11,292,4.0,902154383
12,39,4.0,1247264471
12,168,5.0,1247264411
12,222,5.0,1247263465
12,256,5.0,1247263375
12,261,4.5,1247263357
12,277,3.0,1247263371
13,47,5.0,987895819
14,4,3.0,835441653
14,7,3.0,835441989
14,19,1.0,835441168
14,25,4.0,835441394
14,32,4.0,835441168
14,39,3.0,835441186
14,47,5.0,835441133
14,95,5.0,835441295
14,105,3.0,835441371
14,110,5.0,835441107
14,150,4.0,835440977
14,153,2.0,835441012
14,193,3.0,835441371
14,231,3.0,835441042
14,266,5.0,835441168
14,282,5.0,835441239
14,288,4.0,835441107
14,296,3.0,835440978
15,1,2.5,1510577970
15,44,1.0,1299424916
15,47,3.5,1510571970
15,158,1.0,1299424840
15,172,1.0,1299424762
15,256,3.0,1299425021
15,260,5.0,1510571946
15,293,3.0,1510571962
15,296,4.0,1510571877
16,47,3.5,1377477814
16,50,4.0,1377476781
16,111,4.5,1377477446
16,204,2.0,1377476617
16,260,3.0,1377476936
16,293,4.0,1377477870
16,296,3.0,1377477302
17,1,4.5,1305696483
17,44,3.5,1305696245
17,47,4.0,1307262715
17,50,4.5,1305697013
17,110,4.5,1305696470
17,111,4.0,1326943208
17,150,3.5,1305696497
17,260,5.0,1305696468
17,293,3.5,1307262308
17,296,5.0,1305696455
18,1,3.5,1455209816
18,2,3.0,1455617462
18,6,4.0,1460138360
18,16,4.5,1461311583
18,32,4.0,1455209840
18,34,2.5,1455617533
18,36,4.0,1455617478
18,47,4.5,1455050013
18,50,5.0,1455049343
18,70,3.5,1455735732
18,104,2.5,1455748792
18,110,4.5,1455050170
18,111,4.0,1458516249
18,145,3.5,1456864434
18,163,4.0,1455748933
18,165,4.0,1455209902
18,180,4.0,1455617692
18,208,3.0,1455617516
18,223,4.0,1455617470
18,231,2.5,1455748462
18,235,4.5,1455529905
18,260,4.0,1455049368
18,288,4.0,1455617466
18,293,4.5,1455050049
18,296,4.0,1455050745
19,1,4.0,965705637
19,2,3.0,965704331
19,3,3.0,965707636
19,7,2.0,965706657
19,10,2.0,965709556
19,12,1.0,965705347
19,13,3.0,965709102
19,15,2.0,965710039
19,19,2.0,965708339
19,32,4.0,965703646
19,34,4.0,965705661
19,44,3.0,965710019
19,47,3.0,965710720
19,48,1.0,965709172
19,54,2.0,965702660
19,64,2.0,965708037
19,65,2.0,965708217
19,70,2.0,965704974
19,87,2.0,965708059
19,92,2.0,965712048
19,102,1.0,965708653
19,104,2.0,965706185
19,107,2.0,965706886
19,118,3.0,965708217
19,135,3.0,965707637
19,141,1.0,965706592
19,153,2.0,965707889
19,158,3.0,965709785
19,161,2.0,965710914
19,165,3.0,965711413
19,170,3.0,965711598
19,173,1.0,965703997
19,185,2.0,965704056
19,186,2.0,965707724
19,196,2.0,965703915
19,208,2.0,965709832
19,216,2.0,965707746
19,223,3.0,965705917
19,231,2.0,965706728
19,235,4.0,965705784
19,252,3.0,965706507
19,253,3.0,965704952
19,256,1.0,965703997
19,258,3.0,965704033
19,260,4.0,965704248
19,273,1.0,965705240
19,289,2.0,965706795
19,291,2.0,965712018
19,293,4.0,965710720
19,295,3.0,965708038
20,2,3.0,1054038313
20,8,1.0,1054038422
20,13,4.0,1054038425
20,34,4.0,1054038093
20,48,5.0,1054038357
20,107,3.5,1054038320
20,158,3.0,1054038381
20,239,4.5,1054038398
20,262,4.5,1054038142
21,1,3.5,1407618878
21,2,3.5,1419795031
21,10,5.0,1403459783
21,19,2.5,1419795052
21,38,2.5,1419795113
21,44,1.0,1376822969
21,48,3.0,1376822924
21,145,3.0,1376823315
21,165,3.5,1418846918
21,170,2.0,1376823399
21,260,4.5,1417378080
21,293,3.0,1436989949
21,296,3.5,1500701533
22,107,4.5,1268330607
22,216,4.0,1268726081
22,253,4.0,1268726368
23,6,4.0,1107342267
23,29,4.0,1107341574
23,32,3.5,1107341750
23,50,4.0,1107163741
23,58,3.0,1107164183
23,175,3.0,1107162721
23,272,4.0,1107162524
23,293,4.0,1107341697
23,296,3.5,1107163773
24,6,4.5,1458941767
24,32,3.5,1458942033
24,50,4.0,1458942023
24,165,3.5,1458941746
24,253,3.5,1458941225
24,296,4.0,1458942020
25,231,4.0,1535470451
25,260,5.0,1535470429
26,10,3.0,836950403
26,34,3.0,836950483
26,47,4.0,836950431
26,150,3.0,836950245
26,153,3.0,836950286
26,165,4.0,836950286
26,185,3.0,836950403
26,208,2.0,836950403
26,225,3.0,836950483
26,288,3.0,836950431
26,296,4.0,836950245
27,1,3.0,962685262
27,2,4.0,962685711
27,34,5.0,962685351
27,48,4.0,962685318
27,60,3.0,962685387
27,62,5.0,962684909
27,126,2.0,962685762
27,158,2.0,962685387
27,238,3.0,962685525
27,260,4.0,962686637
28,6,3.5,1234570483
28,16,2.5,1234570375
28,21,3.0,1242290535
28,23,1.5,1242290862
28,31,2.5,1234334920
28,32,3.5,1234335329
28,47,3.0,1235975946
28,50,3.5,1234337966
28,62,3.5,1242290542
28,95,2.0,1234516201
28,110,3.5,1234515793
28,145,1.5,1242290926
28,147,2.5,1242289858
28,161,3.0,1242032929
28,172,3.0,1277002294
28,211,3.0,1242107980
28,224,3.0,1234334917
28,253,3.0,1242033136
28,260,4.0,1234338579
28,290,3.0,1234570350
28,293,4.5,1234338073
28,296,4.5,1234338046
29,50,3.5,1308007653
29,150,4.0,1362016794
29,165,4.0,1362016840
29,170,3.0,1307905797
29,296,3.5,1362016789
30,110,5.0,1500370456
30,260,5.0,1500370339
31,1,5.0,850466616
31,5,3.0,850466642
31,7,4.0,850466642
31,10,4.0,850467366
31,17,3.0,850466616
31,25,2.0,850466616
31,62,4.0,850466616
31,141,4.0,850466616
31,165,4.0,850467366
32,1,3.0,856736119
32,3,3.0,856736172
32,6,3.0,856736172
32,7,4.0,856736173
32,21,4.0,856737002
32,24,3.0,856737205
32,25,4.0,856736119
32,26,4.0,856736347
32,32,4.0,856736119
32,36,4.0,856736172
32,39,3.0,856737205
32,50,5.0,856737002
32,52,3.0,856736227
32,58,5.0,856736227
32,62,3.0,856736119
32,74,4.0,856736316
32,78,4.0,856736477
32,95,3.0,856736119
32,100,4.0,856736290
32,140,3.0,856736262
32,141,4.0,856736119
32,153,3.0,856737123
32,194,5.0,856737270
32,203,4.0,856737166
32,224,4.0,856737388
32,236,3.0,856737081
32,246,4.0,856737338
32,252,3.0,856737082
32,260,5.0,856736227
32,265,5.0,856737045
32,272,5.0,856737123
32,282,4.0,856737338
32,296,5.0,856737001
33,1,3.0,939647444
33,7,1.0,939654896
33,11,2.0,939654896
33,17,4.0,939654828
33,21,4.0,939715904
33,25,3.0,939646902
33,28,5.0,939654815
33,32,3.0,939647370
33,34,3.0,939646940
33,36,5.0,939715317
33,39,5.0,939654896
33,43,2.0,939716739
33,50,5.0,939646733
33,58,4.0,939646784
33,94,4.0,939716218
33,110,5.0,939648134
33,150,3.0,939647816
33,151,4.0,939715904
33,161,3.0,939716218
33,194,3.0,939647873
33,223,4.0,939648134
33,230,3.0,939715955
33,232,4.0,939648134
33,249,3.0,939716778
33,261,4.0,939715904
33,265,5.0,939646733
33,272,4.0,939716778
33,293,4.0,939716559
33,296,5.0,939717613
34,10,5.0,1162048773
34,70,3.5,1162048002
34,110,0.5,1162049056
34,145,1.0,1162048012
34,163,3.0,1162050915
35,11,4.0,830939577
35,21,5.0,830939505
35,39,3.0,830939546
35,50,5.0,830939598
35,60,5.0,830939912
35,62,5.0,830939748
35,150,5.0,830939391
35,185,5.0,830939521
35,222,4.0,830939893
35,231,3.0,830939488
35,235,4.0,830939733
35,236,4.0,830939695
35,237,3.0,830939834
35,252,4.0,830940246
35,261,5.0,830939733
35,266,2.0,830939546
36,25,2.5,1100803583
37,150,5.0,845239388
37,153,3.0,845239426
37,165,5.0,845239426
37,231,5.0,845239442
37,292,4.0,845239483
37,296,5.0,845239388
38,11,5.0,841341447
38,17,3.0,841341494
38,21,3.0,841341362
38,39,3.0,841341384
38,48,3.0,841341570
38,50,5.0,841341362
38,62,3.0,841341570
38,105,3.0,841341618
38,110,5.0,841341295
38,150,4.0,841341161
38,151,5.0,841341494
38,153,3.0,841341195
38,161,4.0,841341249
38,163,1.0,841341715
38,168,4.0,841341549
38,193,1.0,841341598
38,203,3.0,841341750
38,208,1.0,841341271
38,222,3.0,841341785
38,223,5.0,841341650
38,224,4.0,841341598
38,235,4.0,841341515
38,237,3.0,841341680
38,246,5.0,841341715
38,252,2.0,841341494
38,253,1.0,841341271
38,266,1.0,841341405
38,273,2.0,841341680
38,282,3.0,841341447
38,292,3.0,841341248
38,296,3.0,841341163
39,32,3.0,974787510
39,47,3.0,974789632
39,50,5.0,974788030
39,260,5.0,974787510
39,296,5.0,974789540
40,1,5.0,832058959
40,17,5.0,832059273
40,19,2.0,832059137
40,21,4.0,832059053
40,26,4.0,832059937
40,31,4.0,832059371
40,34,5.0,832059080
40,44,3.0,832059393
40,46,4.0,832059892
40,48,2.0,832059371
40,60,4.0,832059509
40,62,5.0,832059339
40,82,5.0,832060151
40,104,1.0,832059697
40,107,4.0,832059716
40,110,4.0,832059053
40,111,5.0,832059116
40,121,4.0,832060318
40,126,3.0,832060287
40,146,3.0,832060059
40,150,5.0,832058854
40,151,4.0,832059189
40,153,3.0,832058897
40,158,4.0,832059315
40,159,3.0,832059770
40,163,5.0,832059474
40,165,4.0,832058897
40,168,2.0,832059315
40,172,4.0,832059339
40,173,4.0,832059273
40,186,3.0,832059273
40,199,3.0,832060204
40,203,5.0,832059474
40,205,4.0,832060230
40,208,2.0,832059012
40,216,1.0,832059493
40,218,4.0,832059458
40,223,5.0,832059371
40,224,4.0,832059339
40,228,3.0,832060190
40,230,5.0,832059458
40,231,1.0,832058959
40,235,4.0,832059293
40,236,4.0,832059137
40,252,4.0,832059273
40,256,2.0,832059371
40,265,5.0,832059293
40,266,4.0,832059080
40,267,3.0,832059622
40,272,5.0,832059417
40,273,1.0,832059458
40,281,5.0,832059534
40,292,3.0,832059012
40,296,5.0,832058854
41,47,3.5,1458939486
41,50,3.0,1459367479
41,111,2.0,1459367437
41,215,2.0,1458939048
41,288,3.0,1459367592
41,293,4.0,1458933717
41,296,5.0,1458933695
42,3,4.0,996221045
42,7,3.0,996220162
42,10,5.0,996215205
42,11,5.0,996219314
42,16,5.0,996218017
42,19,2.0,996256258
42,21,4.0,996219086
42,22,5.0,996219167
42,47,4.0,996218105
42,50,5.0,996217838
42,86,4.0,996220615
42,95,3.0,996214545
42,104,4.0,996219699
42,110,4.0,996217933
42,122,3.0,996221451
42,135,3.0,996256102
42,141,1.0,996220726
42,144,4.0,996220026
42,150,5.0,996217989
42,153,2.0,996255744
42,161,3.0,996218708
42,163,3.0,996219086
42,165,2.0,996216316
42,168,3.0,996220383
42,173,2.0,996221544
42,185,4.0,996220893
42,186,4.0,996220852
42,193,3.0,996256573
42,195,3.0,996219752
42,223,5.0,996218735
42,225,4.0,996219167
42,227,4.0,996221233
42,231,4.0,996220872
42,234,4.0,996256613
42,236,3.0,996220615
42,252,4.0,996220225
42,253,5.0,996215413
42,257,3.0,996215225
42,260,5.0,996261559
42,276,4.0,996221323
42,288,5.0,996220487
42,292,3.0,996219167
42,296,5.0,996214107
43,1,5.0,848993983
43,3,5.0,848994405
43,5,5.0,848994281
43,7,5.0,848994392
43,8,5.0,848994814
43,10,4.0,848993747
43,11,4.0,848993928
43,23,5.0,848994451
43,29,5.0,848994937
43,34,5.0,848993816
43,47,4.0,848993793
43,48,5.0,848994152
43,57,5.0,848994678
43,60,5.0,848994424
43,79,5.0,848994617
43,95,4.0,848993983
43,102,5.0,848994916
43,107,5.0,848994703
43,110,3.0,848993747
43,150,5.0,848993627
43,153,5.0,848993662
43,158,5.0,848994079
43,161,4.0,848993747
43,165,5.0,848993660
43,168,5.0,848994102
43,173,3.0,848993928
43,174,5.0,848994534
43,185,4.0,848993747
43,193,4.0,848994178
43,208,4.0,848993747
43,217,5.0,848994890
43,225,4.0,848993879
43,231,3.0,848993694
43,236,3.0,848993983
43,238,5.0,848994876
43,253,4.0,848993769
43,256,5.0,848994102
43,259,4.0,848994678
43,261,5.0,848994079
43,262,5.0,848994574
43,271,5.0,848994795
43,276,5.0,848994265
43,277,5.0,848994222
43,288,3.0,848993793
43,292,5.0,848993718
43,296,3.0,848993627
44,1,3.0,869251860
44,3,3.0,869251910
44,6,3.0,869251910
44,12,1.0,869252043
44,18,4.0,869252115
44,36,4.0,869251910
44,65,3.0,869252497
44,66,3.0,869252563
44,94,4.0,869252333
44,95,4.0,869251861
44,104,4.0,869251955
44,112,5.0,869251955
44,135,2.0,869251982
44,141,3.0,869251861
44,260,5.0,869251910
45,1,4.0,951170182
45,5,3.0,959625102
45,6,4.0,1121724608
45,7,3.0,951170390
45,11,3.0,951170225
45,19,4.5,1091306129
45,21,4.0,1091306011
45,32,4.5,1121724503
45,39,3.0,951170338
45,50,5.0,951756750
45,62,4.0,1091306047
45,65,3.0,1020803228
45,69,3.0,951170141
45,70,4.0,951170563
45,88,4.0,951170543
45,104,5.0,950724870
45,107,4.0,950726248
45,110,5.0,950741520
45,112,4.0,950740583
45,150,5.0,1007484259
45,165,5.0,1091305945
45,172,3.0,950740896
45,173,1.0,950741335
45,180,4.0,950726070
45,185,3.0,950741023
45,186,3.5,1121724898
45,216,5.0,950724820
45,223,5.0,1007995016
45,231,5.0,1091305997
45,248,2.0,951170651
45,252,4.0,951170509
45,260,5.0,950726388
45,261,3.0,959624314
45,292,4.0,1091305981
45,296,5.0,1007483989
46,1,5.0,834787906
46,10,3.0,834787826
46,32,4.0,834788094
46,39,3.0,834788093
46,50,5.0,834788094
46,110,5.0,834788016
46,111,4.0,834788094
46,153,4.0,834787678
46,160,4.0,834788146
46,161,3.0,834787826
46,165,4.0,834787677
46,173,5.0,834788227
46,185,4.0,834787906
46,208,3.0,834787906
46,225,3.0,834788016
46,231,3.0,834787757
46,236,4.0,834788227
46,253,4.0,834787906
46,266,5.0,834788094
46,282,3.0,834788227
46,288,3.0,834787967
46,292,5.0,834787826
47,31,3.0,1496205717
47,47,3.0,1496209354
47,62,3.0,1496205312
47,141,2.0,1496208714
47,147,3.5,1496205843
47,150,3.0,1496206707
48,48,4.0,1127128718
48,168,3.5,1127128712
48,172,3.5,1127128691
49,110,4.0,1493093005
50,1,3.0,1514238116
50,32,3.0,1523740563
50,111,4.0,1534178790
50,165,3.0,1514238058
50,296,4.0,1500573696
51,2,4.5,1230932741
51,3,4.0,1230932736
51,7,4.0,1230932700
51,36,3.0,1230929322
51,65,3.5,1230930652
51,70,5.0,1230932691
51,76,5.0,1230930644
51,93,3.0,1230931640
51,111,5.0,1230929314
51,141,3.5,1230931631
51,170,4.0,1230932681
51,177,4.0,1230930634
51,186,3.5,1230932673
51,230,2.5,1230928814
51,236,5.0,1230929830
51,247,5.0,1230928802
51,260,5.0,1230931614
52,150,4.0,1468051525
52,260,4.0,1468051102
52,293,4.0,1468051256
53,203,5.0,1237748081
53,249,5.0,1237748109
54,1,3.0,830247330
54,17,3.0,830248246
54,21,3.0,839921390
54,32,3.0,830247417
54,47,3.0,839921084
54,50,3.0,830248246
54,110,3.0,830247832
54,150,3.0,830247106
54,161,3.0,830247358
54,194,3.0,830247865
54,205,3.0,830247590
54,288,3.0,830247887
54,296,3.0,830247106
55,186,0.5,1312747648
56,10,4.0,835799162
56,11,4.0,835799366
56,19,5.0,835799219
56,39,4.0,835799274
56,47,5.0,835799219
56,69,4.0,835799457
56,110,4.0,835799188
56,153,4.0,835799081
56,160,3.0,835799274
56,161,4.0,835799140
56,165,3.0,835799081
56,173,3.0,835799330
56,185,3.0,835799162
56,196,3.0,835799366
56,208,4.0,835799162
56,225,4.0,835799219
56,231,5.0,835799115
56,253,3.0,835799162
56,288,3.0,835799188
56,292,4.0,835799140
56,296,4.0,835799034
57,1,5.0,965796031
57,6,3.0,972173446
57,10,3.0,965798286
57,11,3.0,965797264
57,21,3.0,965796969
57,32,4.0,965798685
57,39,3.0,965796392
57,50,5.0,965796686
57,52,3.0,969753586
57,65,1.0,965797815
57,69,4.0,965797105
57,70,1.0,965797305
57,89,2.0,972174827
57,95,3.0,969754664
57,104,2.0,972174279
57,107,3.0,965797786
57,110,4.0,965799491
57,112,4.0,969754432
57,141,4.0,965797105
57,150,3.0,972172393
57,151,3.0,965799554
57,153,2.0,969753973
57,158,1.0,972175275
57,160,1.0,969754090
57,162,4.0,972172280
57,171,4.0,965796904
57,185,2.0,965798952
57,198,3.0,965798823
57,208,1.0,969754810
57,224,4.0,965797175
57,227,1.0,969754641
57,234,3.0,965797839
57,235,5.0,965796869
57,260,5.0,965798203
57,265,2.0,972172342
57,272,3.0,972172467
57,296,3.0,972172502
58,3,3.0,847719397
58,5,4.0,847719151
58,7,5.0,847719397
58,19,1.0,847718718
58,21,4.0,847718718
58,22,3.0,847719108
58,31,4.0,847719088
58,32,5.0,847718745
58,36,4.0,847718991
58,39,5.0,847718745
58,44,2.0,847718960
58,47,5.0,847718657
58,48,3.0,847719035
58,50,5.0,847718718
58,62,3.0,847718910
58,110,5.0,847718580
58,141,3.0,847718894
58,150,4.0,847718380
58,153,3.0,847718434
58,161,4.0,847718580
58,165,4.0,847718433
58,168,5.0,847718992
58,173,2.0,847718818
58,185,3.0,847718579
58,186,3.0,847718910
58,196,2.0,847718894
58,203,3.0,847719177
58,208,4.0,847718580
58,216,3.0,847719308
58,218,5.0,847719231
58,222,5.0,847719271
58,223,3.0,847719088
58,224,3.0,847719065
58,225,3.0,847718745
58,231,5.0,847718462
58,234,4.0,847719333
58,248,3.0,847719411
58,249,5.0,847719464
58,253,2.0,847718617
58,261,4.0,847718960
58,265,4.0,847718991
58,266,3.0,847718786
58,276,2.0,847719132
58,277,5.0,847719065
58,280,5.0,847719231
58,282,4.0,847718851
58,288,3.0,847718617
58,292,4.0,847718544
58,293,5.0,847718937
58,296,5.0,847718380
59,10,3.0,953609378
59,41,5.0,953609923
59,105,4.0,953608307
59,110,2.0,953609098
59,111,5.0,953608356
59,260,4.0,953610660
60,48,3.0,1393541734
60,50,3.0,1393542060
60,60,3.0,1393541955
61,16,4.0,1145531659
61,32,4.5,1145532647
61,50,4.5,1145532639
61,173,3.0,1145531733
61,235,4.0,1145531647
61,266,4.0,1145531608
61,293,4.5,1145532599
62,2,4.0,1528843890
62,6,4.5,1522190219
62,47,4.5,1521489234
62,110,4.5,1521822303
62,260,4.5,1521488893
62,293,5.0,1521488906
62,296,4.5,1521488575
63,1,5.0,1443199669
63,10,3.0,1443201199
63,32,3.0,1443199999
63,34,3.0,1443201169
63,47,4.0,1443201084
63,50,5.0,1443199758
63,110,2.5,1443199850
63,111,3.0,1443199818
63,150,3.0,1443201072
63,153,1.0,1443201088
63,165,4.0,1443201090
63,208,2.0,1443201186
63,231,3.0,1443201105
63,260,5.0,1443199688
63,293,3.5,1443199772
63,296,5.0,1443201070
64,1,4.0,1161520134
64,3,3.5,1161519668
64,6,4.5,1161520752
64,16,5.0,1161528794
64,19,3.5,1161521687
64,22,3.5,1161559916
64,25,3.5,1161521571
64,32,4.0,1161520763
64,34,4.5,1161520212
64,36,4.0,1161521343
64,39,4.0,1161520967
64,45,3.5,1161564506
64,47,4.5,1161520185
64,48,3.0,1161529467
64,50,3.0,1161528982
64,70,4.0,1161559767
64,104,3.0,1161528801
64,110,4.0,1161520230
64,111,4.0,1161521289
64,112,3.0,1161563742
64,141,3.0,1161520890
64,151,3.0,1161529309
64,153,2.5,1161520389
64,159,3.5,1161563882
64,160,2.5,1161519628
64,163,3.5,1161529382
64,185,3.0,1161520635
64,186,2.5,1161559750
64,198,3.0,1161565802
64,207,3.5,1161566667
64,223,3.0,1161521597
64,231,4.5,1161520600
64,236,3.5,1161529390
64,253,4.0,1161521002
64,260,3.5,1161520007
64,265,3.5,1161529464
64,266,5.0,1161528933
64,293,4.0,1161521544
64,296,4.5,1161520143
66,1,4.0,1104643957
66,5,4.0,1113190367
66,18,4.0,1113190353
66,19,3.0,1093143913
66,21,4.0,1113190363
66,29,4.5,1099187646
66,32,5.0,1093747471
66,47,5.0,1093747353
66,50,4.0,1104644110
66,110,5.0,1093747481
66,111,4.5,1099187536
66,172,3.5,1113188330
66,181,2.0,1113190908
66,208,4.0,1113190327
66,223,3.5,1093747608
66,224,5.0,1113190336
66,248,3.0,1113190892
66,255,0.5,1113188840
66,260,2.5,1093747550
66,272,3.5,1113190319
66,273,3.5,1113190315
66,282,4.0,1093144035
66,293,4.0,1093747362
66,296,5.0,1093747506
67,293,5.0,1501273898
67,296,4.5,1501273753
68,1,2.5,1158531426
68,2,2.5,1158532776
68,3,2.0,1158533415
68,5,2.0,1158533624
68,6,4.0,1158532058
68,7,2.0,1230498124
68,10,4.5,1158531612
68,11,4.5,1158531050
68,16,3.5,1158533018
68,17,3.5,1158531987
68,18,2.0,1532897231
68,19,1.5,1158532448
68,25,3.5,1158531974
68,26,3.0,1158534106
68,31,3.5,1158535464
68,34,1.0,1158531735
68,39,4.0,1158532000
68,44,3.0,1158534993
68,47,4.0,1158531489
68,48,4.0,1158533544
68,50,3.0,1158531764
68,62,3.5,1158531021
68,65,1.5,1269123315
68,70,4.0,1158534541
68,95,3.5,1158532180
68,104,4.5,1158532958
68,110,2.5,1158531496
68,135,3.0,1261624168
68,140,3.5,1269122528
68,141,3.0,1305861316
68,150,3.0,1158531364
68,153,3.0,1158531596
68,158,3.0,1158533897
68,160,2.5,1158533372
68,163,4.5,1158533641
68,165,3.5,1158531548
68,168,3.0,1240093526
68,170,2.5,1261623628
68,173,2.5,1158533364
68,180,2.5,1269121607
68,185,3.0,1158532023
68,193,2.0,1261624010
68,203,3.0,1269122697
68,207,4.0,1269122598
68,208,4.0,1158531805
68,216,3.5,1261623484
68,223,1.0,1158531005
68,231,3.5,1158532011
68,247,2.5,1261623443
68,252,3.0,1230498298
68,253,2.5,1158531739
68,256,1.5,1158535511
68,260,5.0,1158531191
68,261,2.0,1230498595
68,266,4.0,1158532808
68,276,3.5,1269122700
68,282,2.0,1158534484
68,292,2.5,1158531915
68,293,4.0,1158532453
68,296,2.0,1180916156
69,50,5.0,1021646926
69,260,5.0,1021643144
69,296,5.0,1021644176
70,36,5.0,1355198746
70,150,4.0,1355198045
70,246,4.5,1355198793
71,1,5.0,864737933
71,7,3.0,864738008
71,17,1.0,864737933
71,24,2.0,864740028
71,62,4.0,864737933
71,86,5.0,864738119
71,95,4.0,864737933
71,160,3.0,864739211
71,165,5.0,864739931
71,208,2.0,864738913
71,260,3.0,864737969
72,32,4.5,1217324825
72,47,4.5,1217324851
72,50,4.5,1217324720
72,110,4.5,1217324791
72,150,4.0,1217324795
72,165,4.0,1217324886
72,260,5.0,1217324775
72,296,4.5,1217324757
73,1,4.5,1464196374
73,150,2.0,1464196379
73,260,2.0,1464196535
74,58,5.0,1207502891
74,111,5.0,1207500396
74,194,5.0,1207499222
74,273,3.5,1207499102
74,296,5.0,1207499596
75,47,2.0,1158968272
75,151,2.0,1158967103
75,168,4.0,1158967185
75,173,3.0,1158967071
75,260,5.0,1158989756
76,1,0.5,1439165548
76,47,3.5,1439168120
76,48,0.5,1439168949
76,111,3.0,1439166428
76,158,0.5,1439168954
76,260,4.0,1439165601
76,288,4.0,1439168262
76,296,4.5,1439165672
77,260,5.0,1535107459
78,1,4.0,1252575124
78,20,3.0,1252573422
78,32,3.5,1252575140
78,150,4.0,1252575119
78,165,3.0,1252574722
78,260,3.5,1252575114
78,296,4.0,1252574962
79,6,4.0,975282111
79,164,5.0,975281545
79,246,5.0,975281661
79,260,5.0,975281842
80,32,4.0,1377308186
80,50,4.5,1377308037
80,150,4.0,1377308715
81,10,1.0,845299756
81,32,5.0,845299983
81,47,3.0,845299983
81,110,3.0,845299756
81,150,3.0,845299424
81,153,3.0,845299505
81,161,3.0,845299756
81,165,3.0,845299504
81,208,1.0,845299800
81,231,1.0,845299563
81,288,3.0,845299800
81,296,3.0,845299424
82,1,2.5,1084467729
82,2,3.0,1084465035
82,6,3.5,1084467865
82,10,3.5,1084467796
82,34,2.0,1084467775
82,47,3.5,1084467783
82,104,3.5,1084468090
82,110,4.5,1084467714
82,145,4.5,1084463787
82,153,3.0,1084465021
82,158,1.0,1084463716
82,163,4.0,1084521290
82,165,4.0,1084467751
82,170,3.0,1084465384
82,185,3.0,1084467840
82,196,3.5,1084465393
82,231,4.0,1084467803
82,260,3.5,1084463958
82,293,3.5,1084467974
83,110,4.0,1332840449
83,161,3.5,1333843500
84,4,3.0,858772461
84,5,3.0,857653289
84,6,4.0,857653289
84,7,3.0,857653289
84,10,3.0,860397812
84,11,4.0,858771861
84,14,4.0,857653349
84,17,5.0,857653240
84,21,4.0,858772111
84,25,5.0,860396793
84,31,3.0,860398679
84,34,4.0,858772153
84,36,5.0,857653289
84,45,4.0,858772239
84,46,3.0,858771890
84,50,4.0,857653594
84,52,5.0,857653318
84,55,4.0,858772543
84,57,3.0,858771951
84,62,4.0,857653240
84,94,4.0,857653422
84,95,2.0,857653240
84,100,3.0,860396882
84,102,1.0,857653444
84,105,3.0,858771931
84,113,4.0,858772291
84,122,3.0,858772698
84,140,4.0,857653387
84,141,3.0,857653240
84,147,4.0,858771818
84,150,5.0,857653693
84,154,3.0,858771818
84,161,3.0,858771702
84,164,4.0,858771912
84,165,3.0,858772953
84,180,2.0,858772206
84,181,3.0,860397928
84,194,4.0,857653756
84,195,4.0,858772398
84,214,4.0,858771796
84,223,5.0,857653693
84,224,4.0,858772029
84,225,3.0,858772370
84,230,3.0,857653794
84,232,5.0,857653693
84,234,3.0,860397862
84,235,3.0,858772064
84,236,3.0,858772515
84,237,4.0,858772479
84,246,4.0,857653639
84,247,4.0,858771772
84,248,2.0,860398847
84,260,4.0,857653693
84,261,4.0,857653843
84,265,5.0,857653594
84,266,4.0,858771890
84,270,3.0,858772258
84,272,5.0,857653843
84,276,3.0,858772543
84,277,3.0,860397382
84,287,3.0,858772239
84,289,3.0,860398550
84,296,4.0,857653593
84,299,5.0,858771796
85,53,5.0,889468268
86,1,4.0,1344082549
86,165,4.0,1344083044
86,260,4.5,1344082545
87,60,3.0,1270702696
87,262,4.0,1270703101
88,16,4.5,1331421395
88,50,5.0,1331421330
88,69,3.5,1331420307
88,223,4.5,1331421399
89,1,3.0,1520408314
89,11,2.5,1520408449
89,88,2.0,1520408790
89,104,4.0,1520408740
90,1,3.0,856353996
90,7,4.0,856354037
90,14,5.0,856354100
90,17,5.0,856353996
90,25,5.0,856353996
90,32,4.0,856353996
90,36,4.0,856354037
90,52,5.0,856354072
90,58,5.0,856354071
90,68,3.0,856354249
90,81,3.0,856354174
90,82,5.0,856354212
90,85,5.0,856354195
90,116,5.0,856354268
90,141,3.0,856353996
90,260,5.0,856354072
91,1,4.0,1112713037
91,2,3.0,1112713392
91,3,3.0,1112712323
91,6,5.0,1112712032
91,10,3.5,1112713269
91,16,4.5,1112710867
91,19,2.0,1112713417
91,21,4.0,1112712052
91,22,3.5,1112712292
91,25,2.0,1112713314
91,29,4.0,1112711719
91,32,4.0,1112711273
91,36,3.0,1112712316
91,39,1.5,1112713319
91,41,4.0,1112716937
91,47,4.5,1112712832
91,50,4.5,1112712816
91,58,2.0,1112710933
91,88,3.0,1112716912
91,92,2.0,1112716903
91,95,3.0,1112711260
91,104,1.5,1112713462
91,110,4.0,1112712339
91,111,4.0,1112713352
91,112,3.0,1112710953
91,150,3.5,1112712023
91,151,3.0,1112710950
91,153,2.0,1112711306
91,158,2.0,1112713777
91,160,2.0,1112713458
91,161,3.5,1112711269
91,163,5.0,1112712601
91,165,3.0,1112713245
91,172,4.5,1112713688
91,173,3.5,1112710917
91,185,2.0,1112713300
91,186,2.0,1112713723
91,196,3.0,1112713569
91,208,2.5,1112712329
91,223,3.0,1112711488
91,225,3.0,1112710870
91,231,3.0,1112713266
91,235,4.5,1112711256
91,236,2.0,1112713602
91,251,2.5,1112717660
91,252,2.5,1112713801
91,253,4.5,1112713303
91,260,4.5,1112712846
91,266,3.0,1112713423
91,288,3.5,1112711287
91,292,3.5,1112713278
91,293,4.0,1112711284
91,296,4.5,1112711264
92,107,5.0,1294941385
93,1,3.0,942767337
93,2,5.0,942946208
93,10,4.0,942946208
93,15,4.0,942946091
93,34,5.0,942767143
93,60,4.0,942946445
93,86,4.0,942946013
93,110,5.0,942947377
93,150,5.0,942947377
93,153,4.0,942946445
93,158,4.0,942946445
93,168,4.0,942946340
93,173,4.0,942946445
93,258,4.0,942946508
93,260,5.0,942946932
94,2,4.0,843406960
94,10,3.0,843406732
94,11,3.0,843406930
94,17,1.0,843406942
94,19,2.0,843406846
94,21,3.0,843406846
94,32,5.0,843406866
94,34,4.0,843406765
94,39,1.0,843406866
94,44,1.0,843406960
94,47,2.0,843406765
94,95,3.0,843406942
94,110,5.0,843406748
94,150,4.0,843406616
94,153,3.0,843406644
94,160,3.0,843406895
94,161,4.0,843406732
94,165,4.0,843406644
94,185,2.0,843406732
94,208,2.0,843406748
94,225,3.0,843406826
94,231,3.0,843406685
94,253,1.0,843406732
94,266,3.0,843406914
94,282,3.0,843406930
94,288,2.0,843406748
94,292,3.0,843406707
94,296,4.0,843406616
95,7,3.0,1043340043
95,18,3.5,1105400752
95,25,5.0,1044744590
95,29,5.0,1043340522
95,32,4.0,1043340522
95,34,4.0,1071803856
95,39,4.0,1043339476
95,122,3.5,1105400745
95,162,5.0,1043340311
95,176,4.0,1048382937
95,260,5.0,1043340455
95,293,4.5,1069614359
96,1,5.0,964772990
96,34,5.0,964773008
96,50,5.0,964773008
96,110,5.0,964772750
96,150,5.0,964773108
96,193,1.0,964774290
96,260,5.0,964772681
96,272,5.0,964773550
96,296,5.0,964772972
96,299,3.0,964773068
98,1,4.5,1532457849
99,10,4.0,829827514
99,22,4.0,829828005
99,23,4.0,829828005
99,122,4.0,829828005
99,145,4.0,829828005
99,150,5.0,829828005
99,153,5.0,829828005
99,160,2.0,829828005
99,161,3.0,829828005
99,163,5.0,829828005
99,165,5.0,829828005
99,168,5.0,829828006
99,196,2.0,829828006
99,204,1.0,829828007
99,225,5.0,829828005
99,227,3.0,829828005
99,228,3.0,829828005
99,231,5.0,829828005
99,234,2.0,829828006
99,236,5.0,829828006
99,248,3.0,829828006
99,252,5.0,829828006
99,253,4.0,829828006
99,256,4.0,829828006
99,257,5.0,829828006
99,259,3.0,829828006
99,266,4.0,829828006
99,276,4.0,829828006
99,281,5.0,829828006
99,282,4.0,829828006
99,288,3.0,829828006
99,292,5.0,829828006
99,293,5.0,829828006
99,296,5.0,829828006
100,3,3.5,1100183804
100,11,4.0,1100184041
100,16,4.5,1100185959
100,17,4.5,1100184147
100,19,1.0,1100183757
100,28,4.5,1100184447
100,62,4.0,1100185952
100,74,4.0,1100186732
100,89,4.0,1100186731
100,95,4.5,1100185961
100,104,3.5,1100183809
100,168,4.5,1100185915
100,222,4.0,1100184420
100,223,3.5,1100185924
100,234,4.0,1100186737
100,235,1.0,1100183797
100,237,4.0,1100186727
100,261,4.5,1100185932
100,266,4.0,1100183734
100,296,3.5,1100184820
101,223,4.0,968440895
101,233,4.0,968440983
102,3,5.0,840635033
102,6,3.0,835877535
102,21,3.0,835876107
102,23,3.0,835877570
102,39,3.0,835876151
102,47,5.0,835876045
102,150,3.0,835875691
102,153,3.0,835875790
102,158,3.0,835876534
102,160,3.0,835876194
102,161,3.0,835875943
102,163,3.0,835877307
102,165,3.0,835875790
102,172,3.0,835876471
102,173,2.0,835876239
102,186,3.0,835876384
102,204,2.0,835876471
102,223,5.0,835877270
102,231,3.0,835875836
102,236,3.0,835876272
102,237,3.0,835877307
102,253,3.0,835875992
102,266,3.0,835876194
102,288,4.0,835876045
102,293,3.0,835876384
102,296,5.0,835875691
103,1,4.0,1431954238
103,2,4.0,1431957270
103,5,4.0,1431957598
103,16,5.0,1450982615
103,18,5.0,1431969228
103,19,3.5,1431957278
103,34,4.0,1431957104
103,36,4.0,1431957252
103,48,3.5,1431957563
103,50,4.0,1431955220
103,60,4.0,1431968436
103,70,3.5,1431957632
103,101,4.0,1431969655
103,104,4.0,1431957331
103,107,3.5,1431968291
103,110,4.5,1431957016
103,111,4.5,1431957192
103,150,4.0,1431957022
103,158,3.5,1431957583
103,216,4.0,1431957990
103,260,4.0,1431954922
103,277,4.0,1450982770
103,296,5.0,1431954439
104,2,3.0,1114809641
104,10,3.0,1048595683
104,31,4.0,1049135743
104,39,4.0,1048587379
104,47,0.5,1053336550
104,87,3.0,1048795372
104,105,4.0,1048595377
104,110,1.0,1090595910
104,260,3.0,1049044730
104,293,4.0,1110558303
105,6,4.0,1446773632
105,16,4.5,1446749417
105,32,3.5,1446571805
105,47,5.0,1446571714
105,50,5.0,1446571713
105,110,3.5,1446571835
105,111,4.5,1446571897
105,213,4.5,1446610221
105,215,4.0,1447579944
105,260,4.0,1446572093
105,293,5.0,1446571797
105,296,5.0,1446571768
107,1,4.0,829322340
107,2,5.0,829322340
107,5,4.0,829322340
107,11,5.0,829322340
107,62,5.0,829322340
107,104,3.0,829322340
107,105,4.0,829322340
107,110,5.0,832003811
107,111,4.0,832003891
107,140,4.0,829322340
107,141,5.0,829322340
107,150,5.0,832003609
107,153,3.0,832003644
107,160,4.0,832003891
107,161,4.0,832003700
107,165,3.0,832003678
107,185,4.0,832003754
107,208,3.0,832003755
107,231,3.0,832003701
107,253,4.0,832003700
107,266,4.0,832003845
107,292,4.0,832003754
107,296,3.0,832003609
108,25,4.0,1042838964
108,82,5.0,1042839636
108,151,2.0,1042838877
108,156,4.0,1042840602
109,6,3.0,841108665
109,11,4.0,841108045
109,14,4.0,841109326
109,16,4.0,841108751
109,18,3.0,841109921
109,21,3.0,841107538
109,25,5.0,841108589
109,31,3.0,841108623
109,32,4.0,841107643
109,34,3.0,841107487
109,36,5.0,841143673
109,39,3.0,841107584
109,45,3.0,841108914
109,47,3.0,841107393
109,50,4.0,841107584
109,52,3.0,841109666
109,62,5.0,841108564
109,76,3.0,841151480
109,104,2.0,842224863
109,110,5.0,841106621
109,122,3.0,841109220
109,135,3.0,841142066
109,144,3.0,841109781
109,150,3.0,841106309
109,151,4.0,841108346
109,153,3.0,841106402
109,154,3.0,841109988
109,161,3.0,841106509
109,163,3.0,841108799
109,165,3.0,841106402
109,168,3.0,841108509
109,173,2.0,841107989
109,175,5.0,841109499
109,198,3.0,841109119
109,216,2.0,841108967
109,223,3.0,841108665
109,230,3.0,841108877
109,231,3.0,841106453
109,233,3.0,841109953
109,235,3.0,841108410
109,246,3.0,841108799
109,249,4.0,842793725
109,252,3.0,841108346
109,253,3.0,841106550
109,256,3.0,841108509
109,266,3.0,841107725
109,272,3.0,841108751
109,273,3.0,841108711
109,283,2.0,841275803
109,288,5.0,841106621
109,290,3.0,841189922
109,296,5.0,841106309
110,47,4.5,1175330162
110,110,3.5,1175329878
110,111,4.0,1175330211
110,227,1.0,1175329490
110,232,3.5,1175329437
110,296,4.5,1175330118
111,5,3.5,1517441319
111,16,4.5,1518640768
111,24,2.5,1518640854
111,34,2.5,1516153818
111,39,4.0,1516153474
111,48,3.5,1518640791
111,65,3.5,1518640926
111,104,3.5,1518640683
111,145,4.0,1516155003
111,180,2.5,1516154589
111,193,3.0,1518640862
111,203,3.5,1518640918
112,1,3.0,1442535639
112,2,1.5,1513989948
112,6,4.5,1513989933
112,16,4.5,1513990003
112,17,0.5,1513989967
112,19,4.0,1513989970
112,21,2.0,1513989975
112,25,2.5,1513989973
112,32,5.0,1442535842
112,36,0.5,1513989966
112,39,0.5,1513989927
112,47,5.0,1442535846
112,50,5.0,1442535839
112,62,4.0,1513989987
112,95,1.5,1513989977
112,104,4.0,1513989997
112,110,3.5,1442535826
112,141,4.0,1513989961
112,150,4.0,1442535835
112,161,1.5,1513989954
112,185,2.0,1513989947
112,208,2.5,1513989909
112,223,1.5,1513989951
112,253,4.5,1513989915
112,260,5.0,1442535777
112,288,4.0,1513989961
112,292,4.0,1513989930
113,11,3.0,980051838
113,25,1.0,980051660
113,39,3.0,980051704
113,46,3.0,980051838
113,64,2.0,980051988
113,71,1.0,980051522
113,74,3.0,980051922
113,111,4.0,980087884
113,207,3.0,980051546
113,222,4.0,980051734
113,224,3.0,980051862
113,260,4.0,980087884
113,265,5.0,980051660
113,293,5.0,980051638
114,260,3.5,1485387458
115,21,4.0,970756771
115,32,5.0,958574098
115,34,2.0,957760059
115,110,3.0,958574203
115,112,2.0,970756534
115,153,3.0,957647972
115,196,4.0,957648436
115,260,5.0,959800922
115,296,5.0,944954937
116,3,3.5,1337200325
116,47,3.5,1337199584
116,150,1.0,1337199701
116,160,4.0,1337200317
116,161,4.5,1337199965
116,165,3.5,1337199802
116,231,2.5,1337199840
117,2,3.0,844163002
117,3,3.0,844163663
117,5,3.0,844163754
117,6,3.0,844163102
117,7,4.0,844163615
117,10,3.0,844162850
117,11,4.0,844162970
117,17,3.0,844163037
117,19,2.0,844162892
117,21,4.0,844162913
117,26,4.0,844163712
117,31,3.0,844163204
117,32,3.0,844162955
117,34,3.0,844163454
117,36,3.0,844163102
117,39,3.0,844162955
117,41,4.0,844163693
117,44,2.0,844163037
117,47,4.0,844162892
117,48,3.0,844163082
117,50,4.0,844162933
117,60,3.0,844163754
117,62,4.0,844163122
117,73,4.0,844163663
117,105,3.0,844163693
117,110,5.0,844162850
117,141,4.0,844163019
117,150,4.0,844162743
117,151,3.0,844163019
117,153,3.0,844162770
117,158,3.0,844163061
117,160,3.0,844162955
117,161,3.0,844162832
117,165,3.0,844162770
117,168,3.0,844163061
117,172,3.0,844163061
117,185,3.0,844162832
117,186,3.0,844163019
117,193,2.0,844163102
117,204,3.0,844163082
117,224,4.0,844163122
117,225,3.0,844162913
117,227,3.0,844163216
117,230,3.0,844163734
117,231,2.0,844162793
117,235,3.0,844163082
117,236,3.0,844162985
117,237,3.0,844163156
117,249,4.0,844163543
117,252,4.0,844163019
117,253,4.0,844162832
117,256,3.0,844163082
117,261,3.0,844163061
117,262,3.0,844163663
117,266,4.0,844162970
117,272,4.0,844163156
117,273,3.0,844163156
117,277,4.0,844163204
117,280,3.0,844163543
117,282,3.0,844163002
117,288,2.0,844162850
117,292,4.0,844162811
117,293,3.0,844163082
117,296,4.0,844162744
118,25,2.0,944924731
118,153,2.0,944923703
118,296,4.0,944924487
119,1,3.5,1435942468
119,10,4.0,1435943180
119,44,3.0,1435943918
119,170,5.0,1435943952
119,173,3.0,1435943284
119,293,5.0,1435943240
119,296,4.0,1436563596
120,5,4.0,860070029
120,12,3.0,860070182
120,32,3.0,860069973
120,52,3.0,860070065
120,141,3.0,860069973
120,260,5.0,860070065
121,1,4.0,847656180
121,5,3.0,847656405
121,6,5.0,847656264
121,11,4.0,847656100
121,16,5.0,847656340
121,19,2.0,847656045
121,22,3.0,847656357
121,25,4.0,847656224
121,39,4.0,847656062
121,44,1.0,847656224
121,47,3.0,847656010
121,62,5.0,847656203
121,95,3.0,847656129
121,110,4.0,847655980
121,141,4.0,847656180
121,150,3.0,847655899
121,161,3.0,847655980
121,163,4.0,847656374
121,186,3.0,847656203
121,225,3.0,847656062
121,237,4.0,847656357
121,246,3.0,847656374
121,252,3.0,847656203
121,253,3.0,847655996
121,265,2.0,847656245
121,266,3.0,847656077
121,272,1.0,847656374
121,282,3.0,847656113
121,288,4.0,847655996
121,292,3.0,847655960
121,296,4.0,847655899
122,2,4.0,1461561176
122,19,3.5,1461562132
122,32,5.0,1461561526
122,47,4.5,1461561420
122,50,5.0,1461561151
122,70,4.5,1461562250
122,104,4.0,1461562198
122,111,5.0,1461561504
122,165,5.0,1461562066
122,231,4.5,1461562094
122,253,4.5,1461562158
122,260,5.0,1461561351
122,288,5.0,1461562373
122,292,4.0,1461563011
122,296,5.0,1461561354
123,47,4.5,1447291940
123,260,4.5,1447269141
123,293,3.5,1447291133
123,296,4.0,1447291797
124,1,4.0,1336584336
124,50,4.5,1336412889
124,110,3.5,1336584326
124,175,4.0,1336409774
124,256,3.0,1336409649
124,260,4.0,1336423436
124,296,4.5,1336423393
125,2,4.0,1474311709
125,81,3.0,1474415153
125,110,4.5,1474311613
125,208,4.0,1474483295
125,223,5.0,1474295267
125,288,5.0,1474294680
125,296,4.5,1474141538
126,34,3.0,845925854
126,47,5.0,845925822
126,110,4.0,845925785
126,150,4.0,845925577
126,153,4.0,845925615
126,161,3.0,845925732
126,165,4.0,845925615
126,185,3.0,845925732
126,208,2.0,845925732
126,231,1.0,845925656
126,253,1.0,845925785
126,288,1.0,845925822
126,292,3.0,845925732
126,296,1.0,845925577
127,272,3.0,1263527148
128,110,5.0,899032847
128,260,5.0,899033269
129,47,3.5,1167376335
129,110,4.0,1167375621
129,160,3.5,1167377871
129,185,3.5,1167376444
129,208,4.0,1167375487
129,239,4.0,1167378257
129,253,3.5,1167376383
129,260,4.0,1167375413
129,292,3.5,1167376332
130,1,3.0,832589610
130,110,5.0,832589660
130,150,4.0,832589516
130,153,4.0,832589546
130,161,4.0,832589610
130,165,4.0,832589546
130,185,3.0,832589634
130,208,3.0,832589634
130,225,5.0,832589660
130,231,4.0,832589583
130,253,4.0,832589635
130,292,5.0,832589635
130,296,4.0,832589516
131,31,3.0,1349838570
131,47,4.0,1349840567
131,50,4.0,1349840171
131,110,2.5,1349840503
131,111,4.0,1349840160
131,260,2.5,1349840250
131,293,4.0,1349840551
131,296,4.0,1349840345
132,1,2.0,1157921785
132,17,3.0,1157922698
132,29,2.0,1157924165
132,32,3.0,1329983726
132,34,1.5,1157921395
132,39,3.0,1157921453
132,45,2.5,1157923125
132,47,4.0,1157921243
132,48,3.0,1157919960
132,50,4.0,1157920377
132,58,2.0,1157919923
132,70,2.5,1157923053
132,89,2.5,1157997580
132,141,3.5,1159428730
132,158,2.0,1157922952
132,163,2.0,1157919918
132,170,3.0,1157968958
132,175,3.0,1157982515
132,207,2.5,1157979087
132,235,3.0,1157919810
132,247,3.0,1157923560
132,253,2.0,1157922662
132,256,1.5,1157968600
132,260,2.0,1157920586
132,261,4.0,1157923139
132,288,4.0,1157922712
132,293,4.0,1157922745
132,296,4.0,1329983943
133,32,4.0,843491488
133,47,4.0,843491396
133,50,3.0,843491446
133,110,3.0,843491209
133,150,3.0,843490780
133,153,1.0,843490845
133,185,2.0,843491209
133,223,3.0,843491446
133,253,2.0,843491249
133,288,2.0,843491249
133,296,3.0,843490780
134,1,3.0,832841103
134,47,4.0,832841168
134,48,3.0,832841524
134,110,5.0,832841168
134,153,4.0,832841003
134,160,3.0,832841215
134,161,4.0,832841103
134,163,3.0,832841704
134,173,3.0,832841267
134,186,3.0,832841423
134,193,3.0,832841586
134,208,4.0,832841137
134,227,3.0,832841633
134,231,3.0,832841046
134,253,4.0,832841137
134,273,3.0,832841687
134,288,4.0,832841168
134,296,4.0,832840929
135,1,4.0,1009691859
135,2,3.0,1009692764
135,21,3.0,1009691915
135,32,5.0,1009691695
135,47,5.0,1009691144
135,65,1.0,1009692359
135,110,4.0,1009692826
135,112,4.0,1009692910
135,141,4.0,1009692048
135,153,1.0,1009692987
135,157,2.0,1009692345
135,161,5.0,1009691186
135,165,1.0,1009691403
135,180,4.0,1009692060
135,223,5.0,1009691897
135,231,2.0,1009691066
135,260,4.0,1009693267
135,267,2.0,1009692359
135,288,3.0,1009691292
135,292,4.0,1009692890
135,293,4.0,1009691164
135,296,4.0,1009693583
136,10,5.0,832449222
136,15,5.0,832449934
136,16,5.0,832449614
136,19,3.0,832449345
136,23,5.0,832449838
136,34,2.0,832449299
136,44,2.0,832449539
136,47,5.0,832449299
136,62,5.0,832449522
136,93,4.0,832450076
136,95,4.0,832449391
136,110,5.0,832449274
136,122,3.0,832449883
136,132,3.0,832449989
136,145,3.0,832449655
136,150,2.0,832449136
136,151,5.0,832449391
136,153,3.0,832449165
136,158,3.0,832449475
136,160,3.0,832449345
136,161,4.0,832449222
136,163,1.0,832449637
136,165,5.0,832449163
136,168,4.0,832449475
136,170,4.0,832449755
136,172,1.0,832449475
136,173,3.0,832449391
136,174,3.0,832449989
136,177,3.0,832449964
136,181,1.0,832449858
136,185,3.0,832449254
136,188,5.0,832451540
136,193,1.0,832449560
136,195,5.0,832449838
136,196,3.0,832449422
136,198,3.0,832449909
136,204,1.0,832449475
136,207,5.0,832449705
136,208,3.0,832449254
136,216,5.0,832449683
136,225,4.0,832449274
136,227,3.0,832449595
136,231,2.0,832449197
136,234,3.0,832449683
136,235,4.0,832449454
136,239,1.0,832450019
136,248,3.0,832449755
136,252,5.0,832449422
136,253,4.0,832449254
136,255,1.0,832450037
136,256,4.0,832449501
136,266,3.0,832449299
136,267,4.0,832449858
136,273,3.0,832449614
136,274,4.0,832451478
136,276,4.0,832449560
136,277,3.0,832449595
136,280,5.0,832449705
136,282,5.0,832449365
136,292,3.0,832449254
136,293,1.0,832449475
136,296,1.0,832449136
137,1,4.0,1204859907
137,110,4.0,1204859490
137,111,5.0,1204863636
137,150,3.5,1204859352
137,246,5.0,1204863842
137,260,4.0,1204859469
137,272,4.0,1204858999
137,296,3.0,1204859460
138,222,5.0,1222676038
139,19,1.0,1453924016
139,260,4.0,1453923975
140,1,3.0,942924980
140,2,3.5,1085569813
140,6,5.0,942843185
140,11,4.0,949667337
140,21,4.0,949666898
140,22,3.0,951163606
140,23,3.0,967049087
140,34,4.0,942910010
140,47,4.0,942842215
140,50,3.0,942840991
140,62,4.5,1055092420
140,86,4.0,942844005
140,95,2.5,1085569725
140,104,3.0,949667320
140,105,4.0,949667353
140,110,4.0,942903980
140,146,3.0,1032259081
140,150,5.0,942842394
140,151,4.0,949667175
140,161,4.0,949667232
140,163,3.0,967048969
140,164,3.0,967048354
140,165,4.0,967049233
140,185,3.0,1085569703
140,193,2.0,973800069
140,208,4.0,1085569730
140,210,3.0,1021898818
140,246,3.0,949666758
140,257,3.0,967048906
140,260,4.0,942842304
140,261,4.0,949667125
140,266,3.0,942842894
140,277,3.0,949667152
140,288,2.0,973800087
140,292,3.0,967049135
140,293,5.0,942843185
140,296,4.0,942843185
141,1,4.0,1513130643
141,19,2.0,1513130814
141,47,3.0,1513130660
141,104,3.5,1513130895
141,107,3.5,1513132255
141,110,3.5,1513129871
141,150,3.5,1513130652
141,231,3.0,1513131879
141,260,4.0,1513129794
141,296,4.0,1513130625
142,34,4.0,838932132
142,36,4.0,838933753
142,47,4.0,838934238
142,50,5.0,838934155
142,95,3.0,838934522
142,150,5.0,838931920
142,161,5.0,838932766
142,165,3.0,838932017
142,193,2.0,838934084
142,225,4.0,838934449
142,231,3.0,838932386
142,281,4.0,838934339
142,292,3.0,838932766
142,296,5.0,838931920
144,1,3.5,1137323419
144,2,3.0,1137323803
144,10,3.0,1137323629
144,17,4.0,1137323659
144,19,3.0,1136812137
144,25,3.0,1136813341
144,32,4.0,1137323444
144,34,3.0,1137323545
144,39,3.5,1137323676
144,47,4.5,1137323517
144,48,4.5,1137324255
144,110,4.5,1137323396
144,150,3.0,1137323392
144,153,3.0,1137323495
144,163,4.0,1137324180
144,208,3.5,1137323690
144,223,4.0,1136811763
144,231,3.0,1137323567
144,253,4.5,1137323583
144,266,3.0,1136812332
144,288,4.0,1137323728
144,296,4.0,1136812638
145,1,5.0,832105242
145,50,5.0,832105428
145,111,4.0,832105479
145,150,3.0,832105148
145,153,3.0,832105183
145,161,4.0,832105242
145,165,3.0,832105183
145,208,3.0,832105394
145,231,3.0,832105242
145,292,3.0,832105394
145,296,4.0,832105148
146,32,5.0,1312508179
147,5,4.5,1203267700
147,151,1.5,1203267713
147,163,4.5,1203267696
147,168,0.5,1203267725
147,186,1.5,1203267726
147,225,5.0,1203267698
149,2,1.0,902084874
149,32,4.0,902085272
149,172,3.0,902085141
149,173,2.0,902085111
149,196,3.0,902085002
149,260,4.0,902084798
150,3,3.0,854203124
150,5,3.0,854203124
150,6,4.0,854203123
150,7,3.0,854203124
150,25,4.0,854203072
150,32,5.0,854203071
150,36,4.0,854203123
150,52,4.0,854203163
150,58,3.0,854203163
150,62,3.0,854203072
150,79,3.0,854203229
150,95,3.0,854203072
150,141,5.0,854203072
151,1,5.0,855947195
151,3,3.0,855947242
151,9,4.0,855947372
151,12,3.0,855947434
151,62,4.0,855947196
151,75,3.0,855948083
151,92,1.0,855948256
151,95,4.0,855947196
151,102,4.0,855947740
151,104,5.0,855947306
151,107,3.0,855947372
151,135,3.0,855947338
151,141,3.0,855947195
151,216,4.0,855948920
152,47,5.0,1450867741
152,50,4.5,1450572430
152,111,5.0,1450867646
152,260,3.0,1450867564
152,296,4.5,1450572451
153,1,2.0,1525548642
153,2,2.0,1525550601
153,153,0.5,1525552655
153,266,0.5,1525550862
153,296,3.0,1525548640
155,1,3.0,961861723
155,141,3.0,961860789
155,153,3.0,961861424
155,260,4.0,961889079
156,1,4.0,1106854640
156,11,3.0,946799769
156,17,4.0,939884874
156,19,3.0,1106855017
156,21,5.0,946799679
156,25,4.0,1106854805
156,34,4.0,939853183
156,39,1.0,939842934
156,45,4.0,946799570
156,47,3.5,1106854709
156,50,4.0,940001349
156,52,3.5,1106855391
156,58,4.0,1106855269
156,62,2.0,1106854830
156,68,2.0,946799375
156,111,4.0,1106854888
156,150,4.0,1106854622
156,154,5.0,939842396
156,185,3.0,1106853925
156,223,4.0,946799354
156,235,4.0,946799400
156,260,1.0,939842538
156,288,4.0,1106854843
156,296,5.0,939884874
158,193,3.0,1290764773
159,1,4.5,1508640172
159,31,3.5,1508641164
159,62,3.0,1508641179
159,110,3.0,1508640168
159,150,4.0,1508641167
159,186,3.0,1508640386
159,296,0.5,1508640157
160,1,4.0,971115026
160,2,4.0,971619578
160,6,2.0,971115114
160,10,1.0,971196422
160,22,1.0,971437089
160,32,5.0,971113953
160,34,5.0,971619022
160,44,3.0,971115727
160,47,5.0,971115962
160,50,4.0,971113158
160,60,2.0,971619579
160,76,4.0,971196402
160,79,1.0,971196754
160,85,5.0,991075851
160,93,1.0,976798624
160,95,1.0,971112529
160,110,4.0,971112675
160,111,5.0,971195906
160,126,1.0,971619754
160,150,5.0,971620081
160,153,3.0,971115686
160,158,3.0,971619628
160,165,3.0,971115317
160,173,3.0,971114703
160,181,1.0,971619816
160,185,1.0,971114512
160,196,1.0,971114512
160,198,5.0,971114178
160,204,1.0,975849881
160,217,1.0,971196785
160,227,2.0,971115727
160,239,1.0,971619761
160,242,2.0,971117781
160,253,3.0,971620157
160,258,1.0,971114775
160,260,5.0,971113925
160,288,5.0,971115276
160,293,1.0,971112795
160,296,5.0,971113194
161,1,4.0,1176751765
161,48,4.0,1176498494
161,252,4.0,1176498559
162,4,3.0,836684306
162,16,5.0,836511416
162,17,5.0,836510953
162,31,4.0,836511596
162,36,5.0,836511416
162,50,4.0,836511263
162,62,5.0,836510953
162,145,5.0,836511477
162,150,4.0,836488864
162,153,4.0,836511231
162,168,3.0,836511364
162,207,3.0,836684249
162,224,4.0,836511595
162,225,3.0,836511263
162,261,5.0,836511337
162,266,4.0,836511289
162,272,5.0,836511416
162,277,5.0,836511595
162,280,5.0,836684249
162,292,4.0,836511233
162,296,3.0,836488867
164,110,5.0,999708154
165,110,4.0,1046741213
165,249,4.0,1046741234
166,1,5.0,1189980529
166,6,3.5,1190828796
166,10,4.5,1190827465
166,17,4.0,1190828781
166,32,4.0,1189038252
166,47,4.0,1188774624
166,50,5.0,1188774404
166,153,2.5,1189037942
166,260,4.5,1188926253
166,293,4.5,1188774465
166,296,4.5,1188774591
167,1,3.5,1154721923
167,39,2.0,1154723333
167,69,2.5,1154719322
167,104,4.0,1154718729
167,110,3.5,1154721971
167,150,4.0,1154722124
167,173,2.5,1154718768
167,180,4.0,1154721550
167,185,1.5,1154718963
167,223,5.0,1154721696
167,260,4.0,1154721952
167,296,3.0,1154723095
168,111,4.5,1306801971
168,196,0.5,1306793344
168,265,4.5,1306793369
168,296,4.5,1306802051
169,1,4.5,1059427918
169,2,4.0,1078284713
169,3,5.0,1078284750
169,5,5.0,1078284788
169,7,4.5,1078284741
169,11,4.0,1059427956
169,34,4.0,1059427862
169,39,3.5,1059428140
169,48,3.5,1059427123
169,60,4.0,1078285375
169,62,5.0,1078284604
169,73,4.0,1070250173
169,104,5.0,1078284796
169,150,4.5,1078284469
169,185,4.0,1078284569
169,208,3.5,1078284590
169,216,3.5,1059427285
169,231,4.5,1078284543
169,277,4.5,1059427194
170,5,3.0,840473290
170,10,3.0,840472869
170,34,5.0,840472895
170,48,4.0,840473093
170,95,3.0,840473046
170,110,4.0,840380988
170,150,3.0,840380831
170,153,3.0,840472759
170,161,4.0,840380930
170,168,4.0,840473073
170,181,3.0,840473242
170,185,3.0,840472895
170,203,3.0,840473265
170,207,3.0,840473310
170,208,4.0,840380955
170,266,4.0,840472976
170,277,3.0,840473151
170,282,4.0,840381134
170,292,3.0,840472869
170,296,2.0,840380834
171,1,5.0,866904159
171,25,5.0,866904159
171,29,5.0,866904396
171,32,5.0,866904158
171,36,4.0,866904192
171,47,5.0,866905267
171,81,5.0,866904379
171,111,5.0,866905308
171,141,5.0,866904159
171,163,5.0,866905308
171,176,5.0,866905925
171,235,4.0,866905664
171,260,4.0,866904192
171,290,5.0,866905820
171,296,5.0,866905241
172,277,4.5,1238715964
173,10,3.0,843397944
173,17,4.0,843398078
173,110,3.0,843397958
173,141,4.0,844086238
173,150,4.0,843397856
173,153,3.0,843397881
173,171,5.0,844086390
173,253,3.0,843397944
173,296,1.0,843397856
174,10,3.0,848486985
174,11,5.0,848487132
174,32,3.0,848487101
174,34,4.0,848487060
174,39,4.0,848487101
174,50,3.0,848487075
174,62,1.0,848487212
174,141,3.0,848487194
174,150,5.0,848486904
174,153,3.0,848486928
174,158,3.0,848487249
174,160,3.0,848487116
174,161,3.0,848486984
174,165,3.0,848486927
174,185,5.0,848486984
174,186,3.0,848487212
174,196,2.0,848487194
174,224,3.0,848487300
174,225,3.0,848487101
174,231,3.0,848486943
174,236,5.0,848487173
174,253,5.0,848487003
174,282,5.0,848487152
174,288,3.0,848487003
174,292,4.0,848486962
174,296,3.0,848486904
176,10,5.0,840108984
176,39,3.0,840108930
176,47,5.0,840109138
176,110,5.0,840108930
176,150,4.0,840108527
176,153,3.0,840108593
176,161,4.0,840108983
176,165,4.0,840108593
176,168,5.0,840108893
176,231,4.0,840108739
176,292,3.0,840108793
176,296,3.0,840108527
177,1,5.0,1435533535
177,2,3.5,1435534109
177,7,1.0,1435534432
177,11,3.0,1435890660
177,16,3.0,1435890664
177,19,2.0,1435534140
177,28,2.5,1435536420
177,39,4.0,1435890554
177,47,4.5,1435533571
177,48,3.0,1435534447
177,50,4.0,1435523529
177,60,3.0,1435535258
177,104,2.5,1435890651
177,107,3.0,1435535166
177,150,4.0,1435533543
177,153,3.0,1435890489
177,154,4.0,1435536521
177,158,3.0,1435890757
177,161,3.5,1435533737
177,185,2.5,1435533725
177,216,2.0,1435534883
177,223,2.5,1435533774
177,235,3.0,1435534289
177,239,3.0,1435536282
177,246,3.0,1435534768
177,247,3.0,1435891198
177,253,4.0,1435533709
177,256,2.0,1435978177
177,260,2.5,1435524019
177,262,4.0,1435535871
177,296,5.0,1435530409
178,1,4.0,1164354911
178,10,4.0,1164355337
178,25,4.5,1164355401
178,47,4.5,1164355292
178,50,4.5,1163673981
178,110,4.0,1164355046
178,161,4.5,1164355385
178,208,4.0,1164355382
178,290,3.5,1163673713
178,296,4.5,1164355189
179,1,4.0,852114051
179,3,4.0,852114317
179,7,3.0,852115405
179,9,3.0,852114156
179,18,4.0,852115405
179,19,3.0,840907679
179,32,4.0,852114116
179,34,5.0,840907679
179,47,4.0,840907616
179,52,4.0,852115696
179,65,3.0,852115576
179,95,3.0,852114051
179,104,4.0,852114156
179,110,5.0,840907561
179,112,4.0,852114317
179,113,3.0,852115576
179,141,4.0,852114317
179,150,4.0,840907313
179,153,3.0,840907370
179,161,5.0,840907462
179,165,4.0,840907370
179,185,4.0,840907561
179,208,3.0,840907511
179,225,5.0,840907679
179,231,3.0,840907418
179,253,4.0,840907511
179,288,4.0,840907561
179,292,4.0,840907461
179,296,4.0,840907314
180,260,4.5,1270237876
181,5,3.0,845470124
181,6,3.0,845469804
181,7,3.0,845470611
181,10,2.0,845469438
181,11,5.0,845469653
181,16,3.0,845469893
181,21,2.0,845469555
181,22,3.0,845469972
181,24,3.0,845470571
181,25,1.0,845469842
181,31,3.0,845469893
181,34,5.0,845469500
181,39,3.0,845469625
181,45,3.0,845470124
181,47,3.0,845469500
181,61,4.0,845472115
181,62,4.0,845469756
181,79,4.0,845470717
181,86,4.0,845472271
181,100,3.0,845470909
181,110,3.0,845469438
181,122,3.0,845470529
181,132,3.0,845470661
181,135,3.0,845471085
181,141,3.0,845469724
181,145,2.0,845470104
181,151,3.0,845469756
181,157,2.0,845470963
181,161,4.0,845469438
181,163,2.0,845470046
181,165,3.0,845469325
181,168,3.0,845469842
181,169,3.0,845470321
181,170,3.0,845470611
181,172,1.0,845469842
181,185,4.0,845469472
181,186,3.0,845469756
181,191,1.0,845470737
181,196,2.0,845469702
181,217,2.0,845471067
181,218,3.0,845470481
181,225,4.0,845469583
181,230,3.0,845470070
181,236,4.0,845469678
181,248,2.0,845470611
181,257,4.0,845470321
181,274,3.0,845470848
181,277,4.0,845469893
181,281,3.0,845470644
181,293,3.0,845469756
181,296,2.0,845469280
182,1,4.0,1063289621
182,6,4.5,1054782012
182,10,3.5,1054782216
182,14,4.0,1063289654
182,16,5.0,1054783631
182,17,4.0,1066428620
182,18,5.0,1055153282
182,21,2.5,1054782030
182,23,3.5,1055153587
182,25,4.5,1054783186
182,26,4.0,1063648819
182,29,4.0,1054779789
182,32,4.0,1054779785
182,36,4.5,1063289589
182,41,4.5,1054781875
182,44,1.5,1055150820
182,45,3.0,1075764933
182,47,4.0,1054781315
182,50,4.5,1054781309
182,69,3.0,1054784267
182,70,4.5,1077804802
182,76,3.5,1055152107
182,81,3.5,1055154219
182,89,3.0,1055151186
182,94,4.0,1075765007
182,97,4.5,1075764905
182,100,3.0,1055153511
182,104,3.0,1055155108
182,110,3.5,1054780923
182,111,4.5,1054780398
182,112,3.5,1054783878
182,141,4.0,1055155137
182,150,2.5,1055157599
182,153,3.5,1055150878
182,161,3.0,1054782902
182,162,3.5,1054781357
182,163,3.5,1054782168
182,165,3.0,1120879588
182,166,1.5,1055156234
182,170,2.5,1054782433
182,172,3.5,1055150749
182,173,3.5,1055150640
182,176,4.5,1069633835
182,180,3.0,1126562325
182,185,3.0,1126562322
182,188,3.5,1063289502
182,194,4.5,1054780554
182,198,4.0,1054779989
182,215,4.0,1055157049
182,223,4.5,1054784091
182,224,3.0,1055157991
182,231,0.5,1055155770
182,235,4.5,1054780422
182,247,4.5,1054783240
182,249,4.0,1066072076
182,253,3.0,1055157668
182,260,3.5,1120879576
182,273,3.5,1075802498
182,288,4.5,1054783872
182,293,4.5,1054780295
182,296,5.0,1054781290
183,110,5.0,992331285
185,1,4.0,1044311830
185,34,2.0,1044311830
185,223,4.0,1044311144
186,1,4.0,1031080831
186,2,4.0,1031087675
186,10,4.0,1031088020
186,185,4.0,1031080255
186,196,4.0,1031080284
186,260,4.0,1031079382
187,16,4.0,1161849621
187,25,3.0,1161872627
187,29,4.0,1161849623
187,47,4.0,1161850486
187,50,4.5,1161849680
187,70,4.0,1161849108
187,97,3.0,1180301412
187,110,3.0,1161863869
187,111,4.5,1161849811
187,145,1.0,1161849123
187,223,4.5,1161849704
187,231,1.0,1161872599
187,235,4.5,1161849733
187,247,4.0,1161849767
187,253,3.5,1161863909
187,260,4.0,1161849967
187,288,3.0,1180734881
187,290,4.0,1161849794
187,296,4.5,1161849333
188,7,4.0,962559461
191,1,4.0,829759809
191,6,4.0,829759809
191,16,4.0,829759809
191,17,5.0,829759809
191,21,4.0,829759809
191,25,5.0,829759809
191,32,5.0,829759809
191,34,4.0,829760897
191,36,5.0,829759809
191,39,1.0,829760897
191,47,4.0,829760898
191,50,5.0,829760898
191,52,5.0,829759809
191,58,4.0,829759809
191,72,4.0,829760897
191,85,5.0,829759809
191,94,4.0,829759809
191,95,3.0,829759809
191,99,5.0,829759809
191,110,3.0,829760897
191,111,5.0,829759809
191,140,3.0,829759809
191,144,4.0,829760897
191,148,5.0,829760897
191,150,2.0,829760897
191,151,4.0,829760898
191,153,1.0,829760897
191,155,4.0,829760897
191,158,2.0,829760897
191,159,1.0,829760897
191,160,1.0,829760897
191,161,2.0,829760897
191,162,5.0,829760897
191,175,5.0,829760897
191,178,1.0,829760898
191,193,2.0,829760898
191,194,5.0,829760898
191,208,1.0,829760898
191,213,5.0,829760897
191,215,4.0,829760897
191,223,5.0,829760897
191,224,4.0,829760897
191,229,5.0,829760897
191,230,4.0,829760897
191,235,5.0,829760897
191,236,3.0,829760897
191,237,1.0,829760897
191,246,5.0,829760897
191,261,4.0,829760898
191,265,5.0,829760898
191,269,3.0,829760898
191,272,5.0,829760898
191,281,4.0,829760898
191,282,3.0,829760898
191,283,4.0,829760898
191,288,3.0,829760898
191,292,1.0,829760898
191,293,5.0,829760898
191,296,5.0,829760898
191,299,5.0,829760898
192,10,5.0,835128874
192,47,3.0,835129031
192,110,3.0,835128955
192,150,5.0,835128552
192,160,4.0,835129148
192,185,5.0,835128912
192,225,4.0,835129031
192,266,4.0,835129083
192,288,3.0,835128955
192,292,4.0,835128874
192,296,3.0,835128552
193,1,2.0,1435856890
193,260,5.0,1435857223
193,296,4.0,1435857247
194,48,2.0,1110316714
194,163,3.0,1110316653
194,168,3.5,1110316690
195,6,4.0,974705807
195,10,4.0,974705349
195,16,4.0,974705903
195,25,4.0,1008558673
195,32,4.0,974709650
195,36,4.0,1008558588
195,50,5.0,974705671
195,70,4.0,979858326
195,111,2.0,994276257
195,150,4.0,974709770
195,161,4.0,974705986
195,165,2.0,974709470
195,190,1.0,974710304
195,233,3.0,1008558036
195,235,5.0,974709939
195,260,4.0,974707220
195,296,5.0,974709531
196,62,4.5,1460954240
196,104,3.5,1460954519
196,110,3.5,1460954199
196,150,5.0,1460954092
197,50,3.0,947462391
197,153,2.0,947462092
197,235,3.0,947461020
197,293,5.0,947461684
197,296,5.0,947461923
198,17,3.0,1034136028
198,24,4.0,1034138101
198,25,4.0,1034136139
198,32,5.0,1034135531
198,34,4.0,1034137414
198,36,5.0,1034136028
198,47,5.0,1034136177
198,50,5.0,1034136008
198,58,5.0,1034137364
198,66,1.0,1034135137
198,104,3.0,1034207438
198,105,4.0,1034137243
198,110,3.0,1034136119
198,172,4.0,1034138273
198,185,4.0,1034138131
198,198,4.0,1034138064
198,215,5.0,1034138495
198,260,5.0,1034137711
198,265,5.0,1034136756
198,266,4.0,1034135187
198,296,5.0,1034135986
199,6,4.0,1057590506
199,7,3.0,940544181
199,11,4.0,940543988
199,20,2.0,1022161793
199,21,4.0,940372914
199,25,5.0,940372513
199,36,4.0,940372656
199,47,3.0,940372883
199,50,4.0,940372419
199,62,1.0,941295529
199,81,3.0,940544216
199,85,1.0,940380890
199,111,3.0,940372348
199,150,4.0,940372782
199,161,3.5,1060289068
199,223,3.0,944513494
199,229,3.0,940373078
199,260,4.0,1022970258
199,266,2.0,1023654884
199,267,1.5,1094309696
199,293,3.5,1105715925
199,296,4.0,940372462
200,1,3.5,1229886312
200,5,4.0,1229876436
200,10,4.5,1229887453
200,19,3.5,1229877095
200,34,2.5,1229877775
200,39,5.0,1229886362
200,47,4.0,1229885752
200,62,3.0,1229886642
200,104,4.5,1229887243
200,110,4.5,1229886082
200,150,4.0,1229885978
200,165,4.0,1229886183
200,215,1.0,1229878061
200,260,5.0,1229886006
200,261,3.5,1229888190
200,296,5.0,1229886402
201,1,5.0,939801780
201,11,4.0,939227085
201,16,4.0,939227554
201,24,4.0,941211478
201,25,5.0,939227591
201,32,4.0,939833041
201,34,5.0,939801740
201,46,1.0,939227085
201,150,4.0,939227808
201,153,4.0,939226657
201,160,4.0,941212999
201,185,3.0,941211804
201,196,2.0,941211804
201,260,5.0,939226374
201,293,3.0,940350410
201,296,5.0,939833199
202,1,4.0,974923506
202,2,4.0,974923336
202,6,5.0,974918622
202,10,4.0,974919042
202,11,4.0,975013705
202,29,4.0,974923156
202,32,4.0,974925068
202,44,2.0,974923392
202,49,3.0,974925453
202,50,4.0,974924628
202,58,4.0,975013724
202,62,3.0,975013683
202,105,4.0,975014165
202,110,4.0,974918508
202,150,4.0,975013015
202,161,4.0,974924911
202,194,3.0,975013040
202,235,4.0,974912792
202,242,4.0,975013015
202,246,5.0,975015786
202,260,4.0,974912002
202,265,3.0,974925403
202,293,5.0,974912991
202,296,4.0,974912566
203,31,3.5,1390094511
203,110,5.0,1390094654
203,296,5.0,1390095442
204,47,5.0,1327182956
204,293,4.5,1327183178
204,296,4.5,1327183210
205,260,4.5,1519900208
206,1,5.0,850763267
206,7,4.0,850763310
206,14,4.0,850763367
206,17,5.0,850763267
206,25,5.0,850763267
206,32,3.0,850763267
206,36,5.0,850763310
206,58,5.0,850763367
206,62,4.0,850763267
206,95,3.0,850763267
206,140,4.0,850763402
206,141,4.0,850763267
207,100,3.0,1258548270
208,10,2.0,940639452
208,110,4.0,940639310
208,198,2.0,940639375
210,153,3.5,1527266231
210,260,5.0,1473705468
210,296,0.5,1473705619
211,50,4.0,1350912267
211,260,4.5,1350913284
211,296,4.5,1350913106
212,260,2.5,1505400094
212,293,3.0,1490114772
212,296,3.5,1490114859
213,1,3.5,1316196157
214,1,3.0,853937855
214,17,3.0,853937855
214,25,2.0,853937855
214,62,3.0,853937855
214,66,3.0,853938014
214,83,3.0,853938185
214,104,3.0,853937922
214,141,2.0,853937855
215,50,5.0,1260908668
215,144,4.5,1260905612
215,180,3.0,1260905475
215,223,3.5,1260909311
215,260,4.5,1260908665
215,296,3.5,1260909003
216,1,3.0,975211713
216,21,3.0,975212544
216,34,5.0,975212451
216,39,3.0,975212451
216,48,2.0,975211866
216,104,2.0,975212514
216,125,5.0,975212597
217,1,4.0,955942540
217,2,2.0,955942327
217,3,1.0,955944713
217,6,2.0,955935939
217,9,3.0,955941157
217,10,4.0,955940584
217,12,3.0,955945336
217,19,1.0,955945611
217,20,2.0,955941424
217,22,3.0,955943052
217,34,4.0,955943345
217,38,2.0,955945548
217,44,2.0,955941505
217,45,2.0,955943999
217,47,2.0,955942953
217,50,3.0,955942801
217,60,2.0,955942221
217,65,1.0,955945452
217,87,3.0,955945423
217,89,4.0,955940533
217,95,3.0,955941157
217,110,2.0,955935806
217,122,2.0,955944832
217,141,3.0,955944022
217,153,2.0,955941233
217,157,2.0,955944976
217,158,2.0,955942221
217,160,3.0,955941308
217,164,3.0,955943002
217,165,3.0,956194984
217,170,3.0,955943105
217,172,3.0,955941460
217,173,2.0,955942392
217,174,2.0,955945503
217,198,2.0,955940859
217,204,3.0,955941551
217,205,3.0,955943259
217,208,3.0,955941385
217,216,1.0,955944662
217,218,3.0,955944682
217,223,4.0,955943943
217,234,2.0,955945046
217,248,3.0,955945151
217,260,5.0,955941874
217,267,1.0,955945503
217,275,2.0,955944634
217,292,3.0,955936099
217,296,2.0,955942837
218,172,2.0,1111624826
219,1,3.5,1194681084
219,2,2.5,1194740185
219,6,3.5,1198783144
219,10,4.5,1194932162
219,19,2.5,1194932235
219,21,3.5,1199581468
219,32,3.5,1194686177
219,44,1.5,1195349252
219,47,3.5,1194686017
219,50,5.0,1194685882
219,65,1.0,1198782611
219,95,1.5,1198782277
219,104,3.5,1200977947
219,112,3.5,1195349033
219,150,4.0,1194932007
219,153,2.5,1194931838
219,165,4.5,1194827009
219,172,2.5,1195348987
219,173,2.5,1194740168
219,180,3.0,1195700741
219,185,2.0,1237238892
219,208,2.0,1194740092
219,223,4.0,1194686730
219,231,1.5,1194740545
219,250,1.5,1198783128
219,253,3.0,1194681062
219,260,5.0,1194685947
219,288,2.0,1194932062
219,292,3.0,1194931927
219,293,4.0,1194685979
219,296,4.0,1198522553
220,1,5.0,1230055565
220,6,3.5,1230061735
220,10,4.0,1230055828
220,32,4.5,1230055680
220,34,4.5,1230055796
220,47,3.0,1230055738
220,50,5.0,1230054959
220,150,5.0,1230055657
220,165,4.0,1230328016
220,208,0.5,1230061437
220,223,5.0,1230055143
220,231,3.5,1230055806
220,260,5.0,1230055647
220,296,5.0,1230054991
221,2,3.5,1111177796
221,29,4.5,1119984574
221,32,5.0,1111177792
221,50,4.5,1118246575
221,58,4.5,1111176234
221,101,4.5,1111178274
221,104,2.5,1111176006
221,111,5.0,1118246754
221,141,4.5,1111177799
221,154,4.0,1111178266
221,162,4.5,1119984613
221,215,4.5,1111178241
221,296,5.0,1118246719
222,2,2.5,1391353926
222,19,3.5,1391351897
222,32,3.0,1391353917
222,47,4.0,1391350444
222,50,3.0,1391346849
222,110,4.0,1391350258
222,122,2.5,1391353786
222,165,3.0,1391353890
222,173,3.0,1391354262
222,193,2.0,1391346544
222,231,3.5,1391374553
222,293,3.0,1391350440
222,296,4.0,1391350322
223,1,3.5,1226209758
223,34,1.0,1226209953
223,47,3.0,1226209770
223,110,3.5,1226209973
223,260,3.5,1226209871
223,296,3.0,1226209786
224,39,5.0,971812919
224,260,2.0,971812185
224,289,5.0,971812895
225,69,5.0,949111262
225,104,5.0,949111497
225,223,5.0,949111208
225,231,5.0,949111575
226,1,3.5,1095662606
226,2,3.0,1095662788
226,3,3.5,1095662861
226,10,4.0,1095662675
226,16,4.5,1095662900
226,19,3.5,1095662814
226,22,2.0,1095662268
226,32,4.0,1095662618
226,39,3.0,1095662724
226,44,3.5,1095663137
226,47,5.0,1160003508
226,48,3.0,1095663041
226,60,2.5,1114838860
226,63,3.5,1096420461
226,65,3.0,1095712984
226,69,4.0,1172040506
226,88,3.0,1097545177
226,104,5.0,1095662881
226,105,2.5,1096420214
226,112,4.0,1096420219
226,141,3.0,1097545064
226,145,3.5,1095662326
226,150,4.5,1130137555
226,153,4.0,1095662628
226,158,2.0,1095662260
226,160,3.0,1095662829
226,170,5.0,1095663374
226,180,5.0,1095663804
226,186,2.5,1101193051
226,208,2.5,1095662719
226,212,3.5,1095712757
226,216,5.0,1095663306
226,223,5.0,1095662774
226,231,5.0,1095662679
226,255,2.0,1096419695
226,260,4.5,1095662595
226,267,2.5,1114839418
226,277,3.0,1095662343
226,282,3.5,1095662956
226,296,4.5,1159219398
227,17,3.5,1447210004
227,32,4.5,1447210296
227,47,5.0,1447209787
227,110,3.5,1447209812
227,150,4.0,1447210328
227,185,3.0,1447189660
227,215,4.0,1447210595
227,260,3.5,1447189626
227,296,4.5,1447189845
228,50,4.5,1363222968
228,65,2.0,1363222731
228,260,4.5,1363222887
229,1,5.0,838144316
229,5,3.0,838143681
229,10,4.0,836941790
229,19,3.0,836942063
229,21,4.0,836942097
229,34,5.0,836942064
229,36,4.0,838147251
229,45,3.0,838143681
229,110,5.0,836942019
229,141,4.0,838143610
229,150,5.0,836941256
229,153,3.0,836941325
229,165,3.0,838143949
229,185,4.0,836941791
229,213,3.0,836942246
229,225,4.0,836942063
229,236,5.0,838143576
229,237,4.0,838143622
229,253,3.0,836941791
229,265,4.0,838145884
229,282,4.0,838144399
229,288,4.0,836942020
229,290,4.0,836942200
229,296,5.0,836941258
230,2,2.5,1196305107
230,34,2.0,1196304670
230,39,3.0,1196304844
230,47,3.0,1196304391
230,150,2.0,1196304464
230,153,3.5,1196304414
230,170,3.0,1196304155
230,231,2.0,1196304706
230,253,4.0,1196304655
230,277,1.0,1196304123
231,260,4.0,1433089449
231,296,4.0,1433089540
232,1,3.5,1076955621
232,2,4.0,1085351710
232,10,3.0,1218167397
232,39,3.0,1182909940
232,47,4.5,1241823324
232,48,2.5,1218169473
232,104,3.5,1182908245
232,110,4.5,1182908701
232,145,3.5,1218166300
232,150,4.5,1101397575
232,165,3.5,1218166156
232,185,3.0,1218167110
232,231,3.0,1218178208
232,258,3.0,1182909639
232,260,4.5,1218164802
232,296,5.0,1241823280
233,1,3.0,1524781249
233,47,3.5,1524781264
233,50,4.0,1472587568
233,110,3.0,1524781255
233,150,2.0,1524781261
233,296,4.0,1448816239
234,1,5.0,1004409347
234,24,5.0,1004407893
234,34,3.0,1004409582
234,42,4.0,1004408338
234,48,5.0,1004409503
234,60,4.0,1004409020
234,65,3.0,1001975877
234,126,2.0,1004409854
234,153,5.0,1004408585
234,158,5.0,1004409003
234,169,2.0,1004409257
234,172,2.0,1001975991
234,181,2.0,1004408768
234,231,2.0,1001975992
234,258,2.0,1004409273
234,260,5.0,1004407958
235,10,2.0,841422389
235,11,4.0,841422530
235,21,4.0,841422461
235,25,5.0,841422634
235,32,4.0,841422499
235,34,4.0,841422446
235,36,4.0,841422650
235,39,3.0,841422477
235,48,3.0,841422615
235,62,5.0,841422615
235,110,4.0,841422410
235,150,5.0,841422308
235,153,3.0,841422330
235,161,3.0,841422371
235,186,3.0,841422557
235,208,1.0,841422389
235,223,4.0,841422667
235,224,3.0,841422634
235,235,4.0,841422568
235,246,4.0,841422708
235,265,4.0,841422596
235,296,4.0,841422308
237,32,5.0,1411233598
237,50,2.5,1410631753
237,293,4.0,1411233582
238,163,4.0,1007931897
239,1,4.0,1221158265
239,6,5.0,1221158564
239,11,5.0,1221159019
239,16,4.5,1221159148
239,20,3.5,1221147484
239,21,4.0,1221158640
239,23,3.5,1221147477
239,32,5.0,1221159452
239,47,5.0,1221158250
239,50,4.5,1221158083
239,95,3.5,1221158503
239,104,3.5,1221159059
239,110,4.5,1221148034
239,163,4.5,1221866504
239,208,2.5,1221158495
239,231,3.5,1221158416
239,260,5.0,1221148002
239,288,5.0,1221158725
239,292,4.0,1221158413
239,293,4.5,1221159154
239,296,5.0,1221158165
240,1,5.0,849122434
240,2,5.0,849122404
240,3,4.0,849122858
240,10,3.0,849122194
240,16,3.0,849122640
240,19,5.0,849122301
240,31,4.0,849122640
240,34,5.0,849122277
240,39,5.0,849122324
240,44,4.0,849122528
240,46,3.0,849123161
240,48,3.0,849122594
240,60,4.0,849122924
240,95,5.0,849122434
240,104,5.0,849122986
240,110,5.0,849122195
240,135,4.0,849123253
240,150,4.0,849122058
240,153,3.0,849122096
240,158,4.0,849122528
240,160,4.0,849122346
240,161,4.0,849122194
240,165,5.0,849122096
240,168,5.0,849122551
240,169,3.0,849122896
240,172,5.0,849122551
240,173,3.0,849122371
240,174,5.0,849123103
240,181,3.0,849122700
240,185,4.0,849122194
240,186,3.0,849122483
240,196,4.0,849122483
240,204,4.0,849122483
240,208,4.0,849122195
240,216,5.0,849122831
240,225,4.0,849122324
240,227,4.0,849122716
240,231,4.0,849122129
240,239,3.0,849123294
240,248,5.0,849122951
240,252,3.0,849122506
240,253,5.0,849122226
240,255,5.0,849123253
240,256,4.0,849122551
240,262,3.0,849123161
240,267,5.0,849123027
240,273,4.0,849122663
240,276,5.0,849122684
240,277,3.0,849122640
240,282,1.0,849122404
240,292,5.0,849122165
240,296,2.0,849122058
241,47,4.0,1447540959
241,50,4.0,1447536935
241,215,5.0,1447536409
241,296,4.5,1447536332
242,21,3.0,834073178
242,32,5.0,834073281
242,39,3.0,834073303
242,47,5.0,834073178
242,111,4.0,834073303
242,150,3.0,834073039
242,153,2.0,834073077
242,161,4.0,834073121
242,185,3.0,834073137
242,208,4.0,834073137
242,225,4.0,834073178
242,231,3.0,834073098
242,236,3.0,834073322
242,253,5.0,834073137
242,266,3.0,834073281
242,292,3.0,834073121
242,296,5.0,834073039
243,10,5.0,837155138
243,36,4.0,837155409
243,44,4.0,837155345
243,48,4.0,837155356
243,62,5.0,837155394
243,112,5.0,837155617
243,145,4.0,837155456
243,153,4.0,837155068
243,161,5.0,837155121
243,165,5.0,837155068
243,172,5.0,837155334
243,173,3.0,837155242
243,181,3.0,837155479
243,193,5.0,837155377
243,227,5.0,837155437
243,248,4.0,837155592
244,6,5.0,975092819
244,10,5.0,975091789
244,110,5.0,975075995
244,145,3.0,975093513
244,151,5.0,975076228
244,163,3.0,975091915
244,165,2.0,975093266
244,227,2.0,975091322
244,257,3.0,975073808
244,292,1.0,975091915
245,162,3.0,951182566
245,246,4.0,951182758
246,17,5.0,1354126066
246,28,4.5,1354126962
246,29,5.0,1353864666
246,50,4.5,1353869486
246,123,5.0,1354125195
246,163,4.5,1353864552
246,224,3.5,1355956356
246,235,4.0,1355956294
246,260,5.0,1354146995
246,293,4.0,1354127167
246,296,4.0,1354145949
247,1,5.0,1467644119
247,32,3.0,1467661273
247,47,4.0,1467644262
247,50,5.0,1467643861
247,110,4.0,1467644232
247,150,3.0,1467661242
247,223,3.0,1467665659
247,260,4.0,1467643884
247,293,4.0,1467644257
247,296,4.0,1467644035
248,10,3.5,1534591944
248,260,3.5,1534591638
249,1,4.0,1347317775
249,2,4.0,1353800871
249,19,3.5,1354107358
249,20,3.5,1355366891
249,32,5.0,1346752537
249,47,5.0,1346757700
249,48,3.0,1346752050
249,50,4.0,1364546154
249,70,4.0,1355677606
249,89,3.5,1370785235
249,101,3.0,1388146126
249,104,3.5,1353801000
249,110,5.0,1346841413
249,111,4.5,1346757621
249,122,3.0,1354225894
249,145,4.0,1346756422
249,150,2.5,1346755246
249,151,4.0,1357685694
249,158,3.0,1346752055
249,208,3.5,1353801005
249,253,4.0,1347318502
249,260,5.0,1346757993
249,267,3.5,1401041033
249,293,5.0,1346757717
249,296,4.0,1346757687
250,45,4.0,1121217522
251,47,5.0,1470677268
251,111,4.5,1470676898
251,293,5.0,1470676722
251,296,5.0,1470676717
252,1,4.5,1498284904
253,29,4.5,1286643322
254,1,4.5,1180446553
254,32,4.5,1180446451
254,47,4.5,1180447550
254,50,4.5,1180564704
254,79,2.0,1180443477
254,110,4.0,1180446383
254,150,4.0,1180446349
254,207,2.0,1180443598
254,260,4.0,1180446182
254,293,4.5,1180447547
254,296,5.0,1180446396
255,34,1.0,1005717433
255,223,2.0,1005717313
256,18,5.0,1447000271
256,163,4.0,1447000076
256,170,4.5,1447000182
256,172,4.0,1447000115
256,173,5.0,1447000069
256,204,4.5,1447000188
256,260,4.0,1446579713
256,267,3.5,1447000333
256,293,5.0,1446580005
257,7,1.0,1141625546
257,16,3.5,1141625441
257,112,3.5,1141625616
259,2,2.0,1146845339
259,32,5.0,1146845633
259,153,4.0,1146845627
260,29,4.0,1109409486
260,47,4.5,1109408487
260,50,5.0,1109410623
260,101,2.0,1109408704
260,111,5.0,1109409075
260,128,3.0,1109410370
260,154,4.5,1109408656
260,162,4.5,1109409478
260,188,4.0,1109408671
260,235,4.0,1109408249
260,296,4.5,1109410729
261,16,4.0,1404881583
261,47,4.0,1404881499
261,50,4.0,1404881245
261,147,4.5,1404880987
261,296,5.0,1404881509
262,4,1.0,840306203
262,7,3.0,840306238
262,10,2.0,840305646
262,17,3.0,840305810
262,21,3.0,840305713
262,25,3.0,840305912
262,26,3.0,840309913
262,28,5.0,840310932
262,36,5.0,840305940
262,48,1.0,840305912
262,50,3.0,840305713
262,57,3.0,840306644
262,85,3.0,840306620
262,125,2.0,840310997
262,132,3.0,840306317
262,135,3.0,840311042
262,141,3.0,840305827
262,164,3.0,840306330
262,213,5.0,840310907
262,224,3.0,840305925
262,225,3.0,840305693
262,230,4.0,840306040
262,233,3.0,840306285
262,260,4.0,840306238
262,265,2.0,840305895
262,272,5.0,840305983
262,273,5.0,840305973
262,290,4.0,840311075
262,294,3.0,840309997
262,296,3.0,840305552
263,1,4.0,940384199
263,11,4.0,941590364
263,17,5.0,940384427
263,24,3.0,941590705
263,34,4.0,940384374
263,36,4.0,940384427
263,39,4.0,941590574
263,110,4.0,940384545
263,150,4.0,940384675
263,151,4.0,940384701
263,163,4.0,941591735
263,223,1.0,940384517
263,224,4.0,941591735
263,262,4.0,940384764
263,282,4.0,940384910
263,296,3.0,940384165
264,1,4.0,1136978964
264,32,1.0,1136979041
264,48,3.0,1136978326
264,110,2.5,1136978677
264,150,4.0,1136978697
264,151,2.5,1136978254
264,253,4.0,1136979096
265,25,1.0,965318357
265,32,4.0,965316504
265,36,4.0,965316145
265,79,2.0,965318627
265,110,3.0,965316446
265,111,3.0,965316145
265,150,4.0,965317882
265,196,2.0,965315328
265,230,4.0,965318594
265,253,3.0,965319436
265,260,5.0,965314715
265,266,3.0,965319070
265,281,3.0,965317961
265,292,4.0,965319538
266,1,2.0,945669542
266,6,4.0,944980835
266,16,5.0,944981193
266,17,1.0,944980787
266,21,4.0,945669287
266,24,1.0,948586506
266,32,4.0,945751855
266,39,2.0,945669397
266,45,2.0,945669246
266,50,4.0,944980462
266,64,1.0,945669246
266,69,5.0,945669505
266,95,3.0,946768666
266,110,5.0,945670079
266,132,2.0,944891365
266,135,1.0,944891365
266,145,3.0,945669980
266,198,3.0,945670117
266,223,4.0,944940274
266,235,4.0,945669162
266,260,4.0,945670679
266,288,1.0,945670160
266,296,5.0,945670764
267,29,4.0,997136080
267,58,5.0,959807857
267,110,4.0,959806612
267,150,5.0,960330096
267,260,5.0,959815004
268,29,5.0,940182766
268,41,4.0,940181204
268,46,1.0,940180773
268,47,3.0,940180858
268,50,5.0,940180799
268,155,1.0,940193478
268,165,2.0,940181204
268,213,5.0,940180585
268,260,4.0,940173779
269,1,5.0,850865423
269,3,4.0,850865480
269,5,3.0,850865480
269,6,5.0,850865480
269,9,2.0,850865553
269,25,5.0,850865423
269,32,4.0,850865423
269,63,3.0,850865688
269,74,5.0,850865586
269,76,2.0,850865622
269,79,4.0,850865553
269,81,3.0,850865720
269,95,3.0,850865423
270,1,5.0,853918728
270,3,3.0,853918793
270,5,3.0,853918793
270,6,3.0,853918793
270,7,3.0,853918793
270,9,3.0,853918943
270,14,5.0,853918850
270,17,4.0,853918728
270,25,4.0,853918728
270,32,4.0,853918727
270,36,5.0,853918793
270,52,4.0,853918850
270,58,4.0,853918849
270,62,5.0,853918728
270,79,2.0,853918942
270,95,2.0,853918728
270,104,1.0,853918850
270,112,3.0,853918793
270,135,1.0,853918942
270,140,3.0,853918942
270,141,3.0,853918728
271,32,4.0,1234302161
273,1,5.0,835861234
273,12,1.0,835860711
273,21,5.0,835860782
273,32,5.0,835861257
273,34,4.0,835860782
273,111,4.0,835861270
273,150,3.0,835798985
273,171,5.0,835861068
273,180,4.0,835860999
273,223,5.0,835860849
273,224,5.0,835860849
273,235,5.0,835860827
273,236,4.0,835860812
273,248,4.0,835860928
273,252,3.0,835860812
273,253,3.0,835861224
273,262,4.0,839575105
273,282,4.0,835861286
273,296,4.0,835798985
274,1,4.0,1171410158
274,2,3.5,1171934785
274,6,4.0,1197022122
274,8,3.0,1172030892
274,10,4.0,1171428459
274,12,3.5,1171829597
274,16,4.5,1171493420
274,19,4.0,1171934796
274,20,3.5,1171830022
274,22,3.5,1171759024
274,23,3.5,1171829251
274,24,3.5,1171785219
274,29,4.0,1238050945
274,32,4.0,1171409321
274,34,4.0,1171756208
274,44,4.0,1171759773
274,47,4.0,1171172762
274,48,2.0,1171943719
274,50,4.0,1171408986
274,60,3.5,1171827419
274,62,3.0,1171492326
274,65,3.0,1171829616
274,69,4.0,1171932360
274,70,4.5,1171493880
274,86,3.5,1171828191
274,87,3.0,1197272712
274,88,3.5,1171828649
274,93,3.5,1172024378
274,95,2.5,1174524214
274,101,3.5,1250200353
274,104,3.5,1171934885
274,110,4.5,1171410141
274,111,3.0,1171409239
274,145,2.0,1171758635
274,153,3.5,1171934629
274,158,3.5,1171943771
274,163,3.5,1197015385
274,165,4.0,1171934621
274,170,2.5,1171826839
274,172,2.5,1171943760
274,173,3.5,1171758458
274,174,3.5,1172024267
274,175,3.0,1226390171
274,180,3.5,1171785271
274,181,3.5,1172024106
274,185,3.0,1171428455
274,196,3.5,1259707801
274,198,4.0,1199752005
274,208,4.0,1171428366
274,216,3.5,1171785593
274,223,4.0,1171756019
274,231,4.5,1171934649
274,239,3.0,1172023946
274,250,3.0,1172275396
274,253,4.5,1171756138
274,260,3.0,1171409999
274,288,4.5,1171428405
274,292,3.0,1284686930
274,293,4.5,1171409188
274,296,5.0,1171493995
275,1,5.0,1049076484
275,17,5.0,1049079511
275,21,5.0,1049076555
275,25,3.0,1049079449
275,32,5.0,1049078728
275,34,5.0,1049078728
275,39,4.0,1049076538
275,45,2.0,1049076616
275,50,4.0,1049078044
275,101,5.0,1049076601
275,111,3.0,1049078088
275,162,5.0,1049078271
275,176,4.0,1049076331
275,190,3.0,1049078712
275,194,2.0,1049078438
275,215,5.0,1049079037
275,232,4.0,1049076567
275,235,5.0,1049076508
275,246,5.0,1049078254
275,260,4.0,1049078271
275,283,5.0,1049078712
275,296,5.0,1049078586
275,298,2.0,1049076725
276,1,4.0,858350384
276,2,4.0,858351189
276,5,3.0,858350427
276,7,4.0,858350645
276,12,4.0,858350757
276,19,4.0,858351186
276,62,5.0,858350385
276,88,5.0,858350816
276,104,5.0,858350672
276,135,4.0,858350702
276,150,5.0,858351214
276,231,4.0,858351184
276,260,5.0,858350672
277,1,4.0,861812794
277,32,5.0,861812794
277,62,2.0,861812794
277,65,3.0,861812976
277,95,3.0,861812794
277,104,4.0,861812866
277,112,3.0,861812866
277,260,4.0,861812827
278,50,5.0,1193753316
278,203,4.0,1193753220
279,1,3.0,1506394495
279,50,3.5,1506394189
279,104,3.5,1506395518
279,110,4.0,1506394381
279,260,5.0,1506394310
279,296,5.0,1506394205
280,1,4.5,1348435273
280,7,4.5,1348532595
280,19,3.0,1348435266
280,27,4.5,1348531940
280,39,4.0,1348532012
280,50,4.5,1348434052
280,104,3.0,1348532384
280,215,4.5,1348534146
280,216,3.5,1348532978
280,231,3.0,1348532143
280,262,4.0,1348531999
280,277,3.0,1347604610
281,252,3.0,1182999673
282,1,4.5,1378495714
282,6,4.0,1378497085
282,10,3.5,1378497072
282,16,4.0,1378491787
282,25,4.0,1378490653
282,31,4.5,1378488783
282,32,4.0,1378497758
282,50,4.5,1378489751
282,111,4.0,1514068400
282,150,4.5,1378490387
282,231,1.0,1378490516
282,260,4.0,1378496939
282,296,4.0,1378490071
283,1,3.0,901227602
283,39,1.0,901228254
283,63,3.0,901228285
283,69,4.0,901228313
283,70,3.0,901228337
283,104,4.0,901228470
283,110,5.0,901227664
283,141,1.0,901228396
283,150,5.0,901227857
284,2,4.0,832699451
284,10,4.0,832699451
284,15,4.0,832699795
284,19,4.0,832786975
284,20,1.0,832699760
284,21,3.0,832699760
284,32,5.0,832699723
284,39,3.0,832786975
284,44,3.0,832699890
284,47,3.0,832695534
284,95,5.0,832699673
284,104,5.0,832695327
284,110,5.0,832699616
284,112,4.0,832699795
284,145,3.0,832699698
284,150,2.0,832695048
284,153,3.0,832695146
284,165,5.0,832695146
284,168,1.0,832699656
284,172,3.0,832699890
284,173,4.0,832699863
284,185,1.0,832699656
284,186,4.0,832787043
284,208,4.0,832699760
284,216,4.0,832786827
284,223,5.0,832786477
284,224,3.0,832786529
284,231,4.0,832695208
284,235,3.0,832786349
284,236,4.0,832787043
284,237,5.0,832787106
284,248,4.0,832786436
284,252,4.0,832786477
284,255,3.0,832787305
284,256,3.0,832787043
284,267,4.0,832787208
284,275,3.0,832787305
284,276,3.0,832787106
284,296,4.0,832695048
285,111,5.0,1451151304
285,296,4.0,1449625911
286,6,4.5,1119563039
286,7,3.5,1119562096
286,39,3.5,1119562094
286,47,5.0,1119562911
286,70,3.0,1119563855
286,110,5.0,1119562267
286,150,4.0,1119562848
286,158,3.0,1119561389
286,165,4.0,1119562884
286,185,4.0,1119563004
286,296,5.0,1119562836
287,16,2.0,1110229950
287,29,4.5,1110231627
287,48,1.0,1110229874
287,50,3.5,1110230077
287,62,2.0,1110231040
287,101,4.0,1110231576
287,110,1.5,1110230585
287,168,1.5,1110229852
287,187,4.5,1110230894
287,223,2.5,1110231023
287,247,5.0,1110231301
288,1,4.5,1054568869
288,2,2.0,978467973
288,3,4.0,975691635
288,5,2.0,978622571
288,10,3.0,978465794
288,12,2.0,978622871
288,13,2.0,978469581
288,17,3.5,1054569627
288,21,4.0,975693063
288,32,5.0,975692000
288,34,4.0,975693063
288,43,3.0,976122034
288,47,3.5,1054568985
288,48,2.0,978469623
288,73,3.0,979163671
288,87,3.0,1174395882
288,95,1.0,978466299
288,110,5.0,975691339
288,111,3.5,1232897523
288,125,3.5,1238944392
288,141,3.0,978559524
288,150,3.0,976120962
288,151,4.0,1079984467
288,153,2.0,978466567
288,158,2.0,978468237
288,161,3.0,979163888
288,205,3.5,1054569172
288,231,3.0,978560031
288,235,5.0,975693028
288,239,2.0,978469664
288,249,4.0,976121315
288,253,4.0,976124491
288,256,3.0,985631666
288,260,5.0,976137780
288,266,3.0,975691610
288,273,2.0,976124938
288,296,5.0,978647227
289,3,2.5,1143424657
289,16,4.5,1143424648
289,235,4.0,1143424651
289,266,3.5,1143424602
290,1,4.0,975031464
290,11,4.0,974943069
290,24,3.0,975032355
290,25,4.0,974942930
290,34,4.0,974942304
290,36,4.0,975031318
290,50,4.0,975031748
290,111,5.0,975030622
290,129,2.0,974937943
290,150,4.0,974942273
290,188,3.0,974943091
290,227,3.0,975030517
290,230,3.0,974943209
290,235,4.0,974938908
290,246,5.0,975030699
290,260,5.0,974939497
290,296,5.0,975031374
291,1,4.0,1453051567
292,1,4.0,1219625000
292,10,3.5,1219625069
292,19,1.5,1442099069
292,32,2.0,1019516667
292,34,3.5,1219625047
292,62,3.0,1293563062
292,110,2.5,1265679516
292,111,2.0,1265680159
292,153,3.0,1265680404
292,161,4.0,1323631927
292,165,3.5,1219625030
292,231,2.0,1219625064
292,253,1.5,1293562503
292,260,4.0,1039914974
292,296,3.0,990062598
293,1,3.0,1044870886
293,151,3.0,1044871057
294,2,3.0,966634189
294,3,1.0,966596854
294,6,3.0,966597476
294,10,3.0,966634030
294,12,1.0,966597190
294,19,2.0,966597233
294,21,3.0,966595514
294,39,2.0,966595276
294,44,3.0,966634266
294,47,2.0,966597476
294,50,3.0,966597387
294,60,1.0,966634119
294,65,3.0,966597039
294,69,4.0,966596095
294,70,4.0,966595946
294,107,3.0,966634119
294,135,3.0,966596934
294,153,3.0,966596725
294,157,3.0,966596297
294,170,2.0,966597739
294,173,3.0,966634305
294,180,2.0,966594989
294,198,2.0,966597610
294,234,3.0,966597039
294,239,3.0,966597233
294,255,1.0,966597066
294,258,1.0,966634331
294,260,5.0,966633760
294,267,1.0,966596566
294,275,2.0,966596595
294,278,1.0,966596695
294,293,3.0,966597447
294,296,4.0,966597447
295,18,3.5,1320064940
295,29,5.0,1320064417
295,50,5.0,1320064969
295,70,5.0,1320064943
295,296,5.0,1320064918
296,50,5.0,1532993858
296,110,5.0,1532993855
296,296,4.5,1532993850
297,6,5.0,900871748
297,22,2.0,900871989
297,47,4.0,900871748
297,50,5.0,900871748
297,70,2.0,900871989
297,79,1.0,900872461
297,95,1.0,900872461
297,100,1.0,900872461
297,111,3.0,900871829
297,150,3.0,900872083
297,161,2.0,900872237
297,164,2.0,900872213
297,165,3.0,900872180
297,170,1.0,900875950
297,172,1.0,900875950
297,185,1.0,900874537
297,225,3.0,900875462
297,288,4.0,900872375
297,292,2.0,900872375
297,293,4.0,900872113
298,1,2.0,1447518257
298,2,0.5,1450452897
298,16,4.0,1447597782
298,32,4.0,1450369288
298,47,4.0,1447518037
298,50,3.5,1447516828
298,104,3.5,1447584503
298,110,3.0,1447518054
298,111,3.0,1447518023
298,153,2.0,1453033369
298,163,2.5,1479057529
298,165,3.0,1447597832
298,173,2.0,1450452543
298,180,3.5,1447584665
298,208,2.5,1476642940
298,216,3.0,1449757372
298,223,4.0,1447584437
298,231,2.5,1447584441
298,260,4.0,1447516841
298,293,3.5,1447597770
298,296,4.5,1447584408
299,2,3.0,974620151
299,188,2.0,974620151
301,10,4.0,1211378532
301,17,4.0,1211378910
301,21,4.0,1211378459
301,36,4.5,1211378851
301,47,4.5,1211377521
301,50,4.5,1211377304
301,110,1.5,1211377341
301,141,4.0,1211378832
301,147,4.0,1211376829
301,165,2.0,1211377408
301,185,4.0,1211378536
301,231,4.0,1211378932
301,292,2.5,1211378355
301,296,4.5,1211377348
302,3,3.0,854472084
302,14,4.0,854472122
302,17,5.0,854472022
302,21,4.0,854473184
302,25,5.0,854472022
302,32,3.0,854472021
302,36,4.0,854472084
302,47,5.0,854473264
302,58,5.0,854472122
302,95,3.0,854472021
302,110,4.0,854473187
302,141,5.0,854472021
302,260,5.0,854473264
302,293,3.0,854473232
302,296,5.0,854473183
303,16,2.5,1053302761
303,32,3.5,1053303318
303,168,3.0,1053302840
303,260,3.5,1053303081
304,1,5.0,881428344
304,2,4.0,891173962
304,7,4.0,881428370
304,10,4.0,891173528
304,11,5.0,891173135
304,13,4.0,913327439
304,17,3.0,891174111
304,21,4.0,896268435
304,32,4.0,881427991
304,36,1.0,881428195
304,46,5.0,911720227
304,58,4.0,899026578
304,60,1.0,891174024
304,62,5.0,881427812
304,73,4.0,920884193
304,81,4.0,947050233
304,86,5.0,880915450
304,105,3.0,947131745
304,110,5.0,891172978
304,112,1.0,881428111
304,135,4.0,881428422
304,141,3.0,881427846
304,150,5.0,880915486
304,151,4.0,929868738
304,153,3.0,891173670
304,165,4.0,891173528
304,168,4.0,891173670
304,172,2.0,896006328
304,173,3.0,933714862
304,185,4.0,891173670
304,208,4.0,891173703
304,222,3.0,936219523
304,224,5.0,891173384
304,252,4.0,914400399
304,258,4.0,891174024
304,260,5.0,881232527
304,261,4.0,891173910
304,266,4.0,891173047
304,288,1.0,891173801
304,293,4.0,918413027
304,296,5.0,891173194
305,2,3.5,1460136227
305,6,3.5,1460222104
305,16,4.5,1460136042
305,25,3.0,1518197993
305,32,5.0,1460222250
305,34,3.0,1460136295
305,47,4.0,1460135569
305,50,5.0,1460134079
305,70,5.0,1494259450
305,145,4.0,1494246524
305,163,5.0,1460304958
305,185,4.0,1490211204
305,223,4.0,1512203859
305,231,1.0,1460563682
305,235,4.5,1460563751
305,260,5.0,1460134084
305,288,3.5,1516132540
305,293,3.5,1460135877
305,296,5.0,1460135173
307,1,4.0,1186160893
307,2,2.5,1186161482
307,3,3.5,1186161652
307,10,2.5,1186161010
307,16,4.5,1186087665
307,18,3.0,1186410788
307,19,4.0,1186084466
307,21,2.5,1189457112
307,22,2.0,1186162078
307,24,2.0,1186162409
307,27,2.5,1186172544
307,31,1.5,1186162274
307,32,3.5,1186160917
307,39,2.0,1186161053
307,47,4.0,1186160966
307,50,4.5,1186160949
307,62,3.0,1186161410
307,65,2.5,1186086548
307,70,3.5,1186161936
307,72,2.0,1186173251
307,88,3.5,1186086639
307,94,3.5,1186086089
307,101,4.5,1186087030
307,104,3.0,1186161576
307,110,3.5,1186087165
307,111,3.5,1186161426
307,141,2.5,1186086587
307,145,3.0,1186085751
307,147,2.0,1186085932
307,150,2.0,1186411488
307,153,2.0,1186411478
307,157,2.0,1186087548
307,158,1.5,1186161857
307,165,2.5,1186160959
307,175,3.5,1189457547
307,180,4.0,1186162457
307,185,2.5,1227538428
307,186,0.5,1186161908
307,203,2.5,1186163251
307,207,1.5,1186163149
307,208,2.5,1186161045
307,212,1.5,1186257538
307,216,4.0,1186086542
307,217,2.0,1186085697
307,223,4.0,1186161445
307,230,3.0,1186162419
307,231,2.5,1186160994
307,235,3.0,1186161612
307,252,1.5,1186162086
307,253,3.5,1186161035
307,256,0.5,1186162269
307,260,3.5,1186160883
307,266,3.5,1186161585
307,274,1.5,1186173147
307,276,2.0,1186163076
307,288,4.0,1203528213
307,292,2.0,1186161022
307,296,4.5,1186088034
308,2,3.0,1421374418
308,3,0.5,1421374465
308,6,1.0,1421374400
308,19,1.0,1421374425
308,21,1.0,1421374404
308,25,1.0,1421374411
308,36,1.0,1421374415
308,39,3.0,1421374380
308,48,4.0,1421374475
308,50,2.5,1421373873
308,110,1.0,1421373815
308,161,1.0,1421374403
308,185,1.0,1421374401
308,223,1.0,1421374410
308,253,0.5,1421374364
308,260,2.5,1421373674
308,288,1.0,1421374407
308,292,1.0,1421374370
308,293,1.0,1421374386
309,50,4.5,1126451972
309,296,3.5,1166068318
310,16,1.0,1078647827
310,58,4.5,1078647847
310,104,2.0,1078649269
310,216,2.0,1078649290
310,236,0.5,1078647868
310,246,4.0,1078647871
310,252,2.5,1078647890
311,16,2.5,1057854247
311,40,3.5,1057854804
312,6,4.0,1043177752
312,16,4.0,1043177752
312,32,4.0,1043176620
312,110,4.0,1043177124
312,111,5.0,1043177445
312,151,3.0,1043177216
312,177,3.0,1043176460
312,198,3.0,1043176840
312,247,4.0,1043177460
312,253,4.0,1043176220
312,260,5.0,1043175564
313,6,3.0,1030556299
313,10,4.0,1030556439
313,29,4.0,1030474666
313,32,4.0,1030475177
313,39,4.0,1030555731
313,47,5.0,1030476272
313,50,5.0,1030476169
313,70,4.0,1030475884
313,76,1.0,1030475081
313,101,5.0,1030557466
313,163,3.0,1030556499
313,165,3.0,1030556549
313,170,3.0,1030556549
313,172,1.0,1030475095
313,188,4.0,1030475884
313,196,4.0,1030475046
313,223,5.0,1030557688
313,253,4.0,1030475717
313,260,3.0,1030474666
313,293,4.0,1030555572
313,296,5.0,1030476374
314,1,3.0,834398280
314,6,3.0,842432711
314,7,4.0,834241492
314,10,3.0,834241870
314,11,5.0,834241810
314,15,2.0,834428676
314,17,4.0,834398442
314,21,3.0,834398026
314,22,3.0,834398622
314,23,3.0,834241586
314,26,4.0,834398961
314,31,3.0,834241586
314,32,3.0,839857723
314,39,3.0,834398364
314,41,3.0,834398878
314,44,3.0,834398518
314,47,1.0,834398302
314,50,4.0,847175449
314,52,3.0,845285951
314,60,3.0,834790837
314,62,4.0,836234560
314,95,2.0,834241545
314,100,3.0,847175533
314,107,3.0,834428630
314,110,4.0,834241459
314,125,1.0,834398717
314,141,3.0,834398472
314,150,4.0,834241286
314,151,3.0,834398442
314,153,2.0,834241349
314,161,2.0,834241586
314,163,3.0,834398622
314,165,2.0,834241349
314,172,1.0,834398472
314,173,3.0,834398388
314,177,1.0,834428883
314,185,2.0,834241545
314,196,3.0,834398414
314,203,3.0,834398670
314,208,2.0,834398280
314,218,3.0,834398670
314,224,3.0,834398546
314,227,1.0,834241725
314,236,3.0,834398414
314,249,3.0,834399100
314,252,4.0,834398414
314,260,5.0,852051195
314,272,3.0,834398583
314,273,4.0,834398602
314,276,3.0,834241987
314,293,3.0,848675283
314,296,1.0,834241286
315,154,4.0,939919421
316,45,4.5,1111493212
316,48,1.5,1111493120
316,158,2.5,1111493148
316,168,1.5,1111493108
316,253,3.5,1111493480
317,6,5.0,1430532917
317,16,5.0,1430598211
317,32,4.0,1430361493
317,47,5.0,1430361508
317,50,5.0,1430361374
317,97,3.0,1430598706
317,110,5.0,1430364906
317,111,5.0,1430597309
317,150,3.0,1430366041
317,223,4.0,1430366031
317,260,4.0,1430361444
317,288,2.0,1430598394
317,292,4.0,1430532915
317,293,5.0,1430364888
317,296,5.0,1430361439
318,2,3.5,1270753195
318,6,4.0,1347180277
318,18,3.0,1426353075
318,19,3.5,1262805276
318,29,3.5,1413627585
318,32,4.5,1263848497
318,47,4.0,1433139531
318,48,3.5,1275844835
318,72,4.5,1417278807
318,97,4.5,1419694783
318,123,4.5,1442351313
318,145,3.5,1263848636
318,153,3.0,1275475349
318,154,3.0,1419695340
318,159,4.0,1419081097
318,162,3.5,1333827211
318,165,3.5,1256504427
318,176,3.5,1518992145
318,204,3.5,1276200262
318,208,3.5,1261342696
318,223,4.5,1233955777
318,235,3.5,1415647860
318,260,3.0,1237233430
318,288,5.0,1292695020
318,293,3.5,1312876259
318,296,4.5,1267471863
319,110,4.5,1461351712
319,293,5.0,1461351748
321,2,5.0,843212595
321,3,3.0,843212762
321,5,3.0,843212719
321,19,3.0,843212522
321,21,3.0,843212550
321,24,4.0,843212762
321,141,4.0,843212595
321,150,4.0,843212359
321,153,5.0,843212390
321,158,3.0,843212662
321,160,4.0,843212741
321,161,3.0,843212458
321,165,3.0,843212390
321,186,4.0,843212681
321,208,3.0,843212475
321,225,4.0,843212509
321,231,3.0,843212424
321,237,3.0,843212741
321,252,4.0,843212697
321,253,3.0,843212458
321,256,4.0,843212617
321,276,3.0,843212762
321,288,3.0,843212474
321,292,4.0,843212439
322,1,3.5,1217676206
322,2,3.0,1217676495
322,10,4.0,1217676313
322,11,4.0,1217676534
322,47,4.0,1217676246
322,50,4.0,1217675827
322,110,3.5,1217676197
322,150,4.0,1217677389
322,272,3.5,1217677446
322,296,5.0,1217676115
323,1,3.5,1422640363
323,2,4.0,1422640110
323,17,3.5,1422640288
323,19,2.5,1422640116
323,22,3.0,1422640551
323,29,3.5,1422640570
323,32,2.5,1422640375
323,34,2.5,1422640415
323,36,3.5,1422640290
323,48,3.5,1422640448
323,50,4.5,1422640061
323,60,3.0,1422640654
323,62,2.5,1422640114
323,105,3.0,1422640550
323,110,2.0,1422640359
323,150,3.5,1422640367
323,151,3.5,1422640471
323,153,2.0,1422640395
323,158,3.0,1422640453
323,161,4.0,1422640265
323,172,1.5,1422640468
323,173,3.0,1422640199
323,203,3.0,1422640680
323,208,2.5,1422640245
323,230,3.0,1422640640
323,253,4.0,1422640246
323,260,4.5,1422640069
323,266,2.5,1422640180
323,272,3.5,1422640615
323,273,1.5,1422640621
323,282,2.0,1422640524
323,296,4.0,1422640352
325,6,4.0,1039398204
325,19,2.0,1039395714
325,22,3.0,1039397193
325,29,4.0,1039398353
325,30,4.0,1039399501
325,32,4.0,1039396494
325,58,4.0,1039395583
325,80,4.0,1039397611
325,104,2.0,1039395952
325,111,5.0,1039395609
325,183,4.0,1039396567
325,190,5.0,1039398384
325,193,3.0,1039396665
325,194,5.0,1039396793
325,223,3.0,1039395636
325,230,4.0,1039396049
325,233,4.0,1039396588
325,235,5.0,1039399069
325,262,4.0,1039396364
325,293,3.0,1039399105
325,296,5.0,1039395929
326,20,3.5,1322250792
326,47,4.0,1419880411
326,50,2.0,1322867550
326,97,3.5,1443983581
326,110,5.0,1322251233
326,165,4.0,1419880408
326,293,4.5,1322252436
326,296,4.0,1322867713
327,50,4.5,1234788095
327,104,5.0,1234789713
327,150,4.5,1234788741
327,231,5.0,1234789710
328,1,5.0,1494210665
328,13,3.0,1494212082
328,34,5.0,1494210549
328,39,2.0,1494210780
328,47,4.5,1494211964
328,50,4.0,1494206971
328,110,1.0,1494207220
328,111,2.0,1494210396
328,150,3.0,1494211119
328,260,5.0,1494206980
328,293,3.5,1494210791
328,296,5.0,1494211888
329,50,2.0,1523468332
330,1,4.0,1285904910
330,2,1.5,1285905277
330,3,3.0,1285905545
330,16,3.5,1285905440
330,25,4.5,1285905238
330,29,3.0,1285903982
330,32,5.0,1285904958
330,34,3.0,1285905096
330,47,3.0,1285904519
330,50,5.0,1285904637
330,58,5.0,1285904454
330,62,3.0,1285905259
330,104,0.5,1285905407
330,110,3.5,1285904111
330,111,3.5,1285904588
330,141,4.0,1285905207
330,150,3.0,1285904887
330,153,3.0,1285905011
330,173,1.0,1285905535
330,208,4.0,1285905155
330,223,4.5,1285905257
330,231,4.0,1285905050
330,235,1.5,1285905483
330,253,4.5,1285905179
330,260,4.0,1285904564
330,288,5.0,1285905235
330,292,3.0,1285905171
330,296,4.0,1285904473
331,10,3.0,1537157573
331,34,2.0,1537157568
331,50,5.0,1537157516
331,293,4.0,1537157564
331,296,5.0,1537157527
332,1,4.0,1352672340
332,16,3.5,1352673555
332,32,2.5,1352671273
332,47,4.0,1352672211
332,50,4.0,1352671786
332,110,3.5,1352673472
332,111,4.0,1352671838
332,150,3.5,1352673605
332,208,2.0,1352673137
332,288,3.5,1352672548
332,293,3.0,1352673496
332,296,4.0,1352671943
334,1,3.5,1225477466
334,10,3.5,1234629982
334,47,2.0,1234629901
334,104,3.5,1237060406
334,231,3.5,1225477886
334,260,4.0,1225478632
334,293,3.5,1225478596
334,296,4.0,1225478742
335,50,5.0,1261542414
335,110,4.0,1261542354
335,163,4.0,1261541255
335,296,5.0,1261542334
336,1,4.0,1122227329
336,6,4.0,1122227549
336,47,4.5,1122227343
336,50,5.0,1120568496
336,70,4.0,1120568169
336,110,4.0,1122227307
336,150,4.0,1122227547
336,163,5.0,1120567987
336,168,4.0,1120568038
336,186,4.0,1120568049
336,293,5.0,1122227437
336,296,5.0,1122227568
337,1,4.0,860255715
337,3,4.0,860255784
337,5,4.0,860255784
337,6,5.0,860255784
337,7,3.0,860255784
337,9,5.0,860255929
337,12,3.0,860255992
337,14,3.0,860255866
337,16,4.0,860256120
337,17,4.0,860255716
337,24,5.0,860256119
337,25,4.0,860255716
337,27,5.0,860256159
337,31,5.0,860256120
337,32,4.0,860255715
337,36,4.0,860255783
337,41,3.0,860255992
337,47,5.0,860256118
337,50,3.0,860256158
337,62,3.0,860255716
337,65,3.0,860255929
337,66,4.0,860255992
337,74,5.0,860255992
337,76,5.0,860256043
337,79,4.0,860255867
337,95,5.0,860255716
337,100,3.0,860255992
337,104,5.0,860255830
337,107,3.0,860255992
337,110,5.0,860256119
337,112,3.0,860255830
337,135,4.0,860255867
337,141,3.0,860255716
337,145,4.0,860256119
337,168,4.0,860256119
337,191,5.0,860256159
337,193,4.0,860256159
337,260,5.0,860255830
337,266,5.0,860256120
337,277,4.0,860256120
337,280,4.0,860256159
338,50,4.5,1530148314
338,296,4.5,1530148321
339,1,4.0,1460183470
339,6,4.0,1460345729
339,16,4.5,1460794139
339,32,3.0,1460518918
339,47,4.5,1460186377
339,111,4.0,1460518498
339,150,4.0,1460182140
339,296,2.5,1460868473
340,10,4.0,848666415
340,110,5.0,848666415
340,150,5.0,848666338
340,153,4.0,848666356
340,161,4.0,848666415
340,165,4.0,848666356
340,185,3.0,848666415
340,208,3.0,848666415
340,253,4.0,848666436
340,288,4.0,848666436
340,292,4.0,848666393
340,296,4.0,848666338
341,1,5.0,1439750939
342,24,3.0,1042822170
342,223,5.0,1042821962
342,288,3.0,1042821145
343,50,4.5,1202061253
343,260,3.0,1202060817
343,296,4.5,1202061332
344,110,4.5,1420497375
344,260,5.0,1420495238
345,11,2.5,1342828883
345,32,3.5,1342827269
346,17,4.0,1155066710
346,47,3.5,1172693170
346,50,4.0,1125857414
346,111,4.0,1094646949
346,247,4.0,1133799697
346,253,3.0,1094646536
346,293,4.0,1125859259
346,296,3.5,1125857435
347,1,5.0,847645986
347,2,3.0,847645925
347,10,4.0,847645690
347,11,4.0,847645925
347,19,4.0,847645789
347,32,3.0,847645812
347,34,4.0,847645761
347,39,4.0,847645812
347,47,3.0,847645738
347,110,3.0,847645690
347,150,4.0,847645537
347,153,3.0,847645591
347,160,3.0,847645839
347,165,3.0,847645591
347,185,3.0,847645690
347,208,3.0,847645690
347,231,4.0,847645635
347,253,4.0,847645719
347,266,3.0,847645839
347,292,3.0,847645664
348,50,5.0,1378850183
348,111,5.0,1378850748
348,260,4.5,1378850273
348,296,5.0,1378850640
349,10,4.0,834750699
349,34,5.0,834750842
349,105,5.0,834751138
349,145,4.0,834751386
349,161,4.0,834750699
349,165,4.0,834750363
349,230,3.0,834751321
349,231,2.0,834750625
349,253,3.0,834750723
349,266,3.0,834750868
349,277,3.0,834751177
349,296,4.0,834750311
350,1,4.0,864940931
350,7,3.0,864941017
350,12,3.0,864941118
350,17,2.0,864940932
350,32,4.0,864940930
350,65,3.0,864941118
350,95,3.0,864940931
350,112,3.0,864941018
350,141,3.0,864940931
350,260,4.0,864940972
351,12,5.0,1325978665
351,47,4.5,1326027964
351,296,4.5,1325979182
352,47,5.0,1493931953
352,50,5.0,1493931911
352,260,4.0,1493931941
352,296,5.0,1493931922
353,1,5.0,831939685
353,2,4.0,831939875
353,5,3.0,831939914
353,6,4.0,831939947
353,9,3.0,831940313
353,10,3.0,831939669
353,11,4.0,831939792
353,19,4.0,831939775
353,22,5.0,831939991
353,25,4.0,831939875
353,32,5.0,831939731
353,34,5.0,831939731
353,39,1.0,831939750
353,47,5.0,831939731
353,69,3.0,831940600
353,70,4.0,831940127
353,110,3.0,831939713
353,112,5.0,831940093
353,122,3.0,831940167
353,144,4.0,831940193
353,145,3.0,831940036
353,153,3.0,831939590
353,158,3.0,831939843
353,160,2.0,831939750
353,161,5.0,831939685
353,163,3.0,831939991
353,165,5.0,831939669
353,168,3.0,831939843
353,172,2.0,831939875
353,173,3.0,831939826
353,180,4.0,831940495
353,185,4.0,831939699
353,186,5.0,831939806
353,196,3.0,831939826
353,198,3.0,831940193
353,204,2.0,831939843
353,216,3.0,831940012
353,222,1.0,831939970
353,223,5.0,831939914
353,225,3.0,831939713
353,229,3.0,831940234
353,231,4.0,831939685
353,234,2.0,831940012
353,236,3.0,831939775
353,237,4.0,831939914
353,246,5.0,831939897
353,253,3.0,831939699
353,256,3.0,831939897
353,266,3.0,831939731
353,267,3.0,831940144
353,275,2.0,831940260
353,280,5.0,831940050
353,288,3.0,831939713
353,292,4.0,831939699
353,293,5.0,831939875
353,296,5.0,831939568
354,10,3.5,1200870391
354,32,4.0,1200870157
354,34,3.5,1200870571
354,44,3.5,1200865357
354,47,4.0,1200870867
354,50,4.5,1200869832
354,70,4.5,1200953640
354,111,4.0,1200870694
354,150,4.0,1200870197
354,165,4.0,1200870149
354,185,3.5,1200870520
354,225,3.5,1200953374
354,260,4.0,1200870112
354,296,4.5,1200870076
355,60,3.0,974966167
356,21,3.5,1229140823
356,50,3.5,1229142733
356,62,4.5,1229142896
356,101,3.5,1229139373
356,104,3.0,1232430472
356,141,4.0,1229143606
356,158,3.0,1232430731
356,168,3.0,1232430755
356,180,4.0,1229140778
356,203,3.5,1228072684
356,208,4.0,1229142846
356,216,3.0,1228072586
356,223,3.5,1229140093
356,266,4.0,1232430506
357,1,5.0,1348610184
357,2,3.0,1348611277
357,11,3.5,1348612270
357,16,3.5,1348610125
357,17,5.0,1348612178
357,19,2.0,1348612202
357,34,4.0,1348611388
357,36,3.5,1348610447
357,39,4.5,1348612128
357,50,5.0,1348610163
357,62,3.0,1348612191
357,107,3.0,1348627093
357,110,4.0,1348611162
357,111,3.5,1348611104
357,141,3.0,1348612150
357,150,3.5,1348610242
357,153,2.5,1348611273
357,196,2.5,1348628318
357,208,3.5,1348612100
357,223,3.5,1348612168
357,246,4.5,1348610492
357,253,4.0,1348612110
357,260,4.0,1348611022
357,262,4.0,1348627634
357,277,4.0,1348627089
357,296,4.5,1348609971
359,1,4.0,1198112023
359,2,3.5,1198112829
359,34,2.5,1198112136
359,58,4.5,1198113196
359,150,3.5,1198111999
359,224,3.5,1198113804
359,296,4.0,1193179224
361,10,3.5,1204045505
361,70,2.0,1204046026
361,145,3.5,1204047769
361,150,3.0,1204045255
361,231,3.5,1204045485
361,260,2.0,1204045245
362,6,4.0,1530637587
362,16,4.0,1530640994
362,31,4.0,1530642798
362,47,4.5,1530640109
362,50,3.5,1530637009
362,70,4.0,1530637651
362,110,4.0,1530640073
362,111,5.0,1530640247
362,260,4.5,1530640059
362,293,4.5,1530640194
362,296,5.0,1530637210
363,50,4.0,1502584540
363,95,3.0,1502584443
363,141,4.0,1502584439
363,260,2.0,1502584358
363,296,5.0,1502584547
364,1,5.0,869443366
364,9,3.0,869443802
364,32,3.0,869443366
364,95,5.0,869443367
364,141,4.0,869443367
364,260,4.0,869443424
365,104,3.5,1488333416
365,180,0.5,1491088177
365,216,3.5,1489796972
365,260,3.0,1488333364
366,110,4.0,1445546522
367,1,5.0,997811550
367,34,3.0,997811126
367,39,4.0,997812337
367,150,4.0,997811490
367,260,5.0,997810956
368,3,3.0,971273951
368,6,4.0,971275527
368,10,3.0,971276726
368,16,4.0,971275668
368,21,3.0,975828964
368,22,3.0,971276062
368,42,2.0,975828507
368,47,4.0,971275475
368,50,4.0,971275320
368,70,3.0,971273705
368,79,2.0,971276901
368,81,3.0,975828421
368,95,2.0,971277081
368,110,4.0,971274692
368,111,3.0,971275360
368,132,2.0,971277349
368,151,3.0,971274866
368,160,2.0,975830276
368,161,4.0,971274866
368,163,3.0,971275949
368,164,3.0,971275596
368,165,2.0,971276156
368,168,2.0,975830036
368,170,2.0,971277279
368,172,2.0,971277242
368,173,2.0,975830160
368,185,2.0,971277008
368,198,2.0,975828193
368,208,3.0,975829650
368,225,3.0,971276975
368,227,2.0,975829365
368,230,3.0,971275863
368,257,3.0,971276863
368,260,4.0,975828806
368,266,4.0,971274999
368,288,3.0,971276675
368,292,4.0,971273035
368,293,4.0,971275431
368,296,5.0,975827507
369,19,4.0,1237081519
369,47,3.5,1237083091
369,150,3.0,1237081911
369,165,3.5,1237082662
369,185,3.5,1237082966
369,216,3.5,1237081593
369,250,2.5,1237082131
369,260,3.5,1237082658
370,39,3.5,1159162930
370,47,3.5,1159162973
370,50,4.5,1159161956
370,112,3.5,1159161782
370,223,4.5,1159162033
370,253,3.5,1159162914
370,260,2.0,1159162949
370,293,3.5,1159161974
370,296,5.0,1159161996
371,48,4.5,1407691602
372,1,3.0,874416443
372,6,5.0,874415865
372,8,2.0,874415441
372,10,3.0,874416808
372,11,4.0,874415285
372,14,4.0,874416949
372,16,4.0,874415966
372,21,3.0,874416570
372,25,4.0,874415164
372,31,2.0,874416808
372,32,4.0,874415441
372,34,4.0,874415934
372,36,3.0,874414994
372,39,3.0,874417086
372,41,4.0,874415991
372,47,5.0,874417240
372,48,2.0,874416616
372,50,5.0,874414678
372,52,4.0,874416234
372,62,3.0,874415902
372,70,3.0,874415199
372,71,2.0,874416544
372,81,2.0,874416280
372,110,4.0,874415284
372,111,3.0,874416234
372,112,2.0,874416492
372,141,4.0,874416092
372,144,2.0,874415402
372,150,3.0,874415328
372,157,3.0,874416773
372,159,2.0,874416196
372,161,4.0,874415062
372,163,3.0,874416773
372,164,3.0,874416058
372,165,4.0,874417141
372,188,2.0,874415603
372,198,5.0,874417240
372,205,2.0,874416493
372,223,4.0,874414916
372,229,4.0,874416196
372,235,2.0,874415560
372,249,4.0,874416571
372,258,2.0,874416808
372,259,3.0,874416842
372,260,4.0,874414749
372,261,3.0,874416748
372,271,2.0,874416493
372,272,3.0,874416280
372,277,3.0,874415164
372,280,3.0,874416992
372,281,4.0,874415062
372,293,4.0,874415440
372,296,4.0,874416907
373,1,3.0,846830172
373,2,3.0,846830111
373,6,5.0,846830247
373,11,2.0,846830094
373,16,4.0,846830296
373,19,1.0,846830035
373,21,1.0,846830035
373,22,3.0,846830333
373,25,5.0,846830207
373,32,4.0,846830055
373,34,4.0,846830015
373,44,1.0,846830190
373,47,5.0,846829997
373,50,5.0,846830055
373,60,3.0,846830521
373,95,2.0,846830128
373,110,4.0,846829968
373,111,5.0,846830279
373,141,4.0,846830149
373,150,2.0,846829840
373,153,3.0,846829862
373,158,3.0,846830207
373,160,1.0,846830073
373,163,1.0,846830333
373,168,2.0,846830207
373,169,2.0,846830488
373,173,1.0,846830094
373,181,1.0,846830349
373,185,3.0,846829949
373,186,1.0,846830172
373,196,2.0,846830149
373,198,4.0,846830503
373,207,3.0,846830439
373,208,2.0,846829949
373,216,3.0,846830457
373,224,3.0,846830279
373,225,2.0,846830035
373,230,4.0,846830364
373,231,1.0,846829901
373,235,4.0,846830191
373,236,3.0,846830128
373,249,5.0,846830536
373,253,5.0,846829968
373,256,2.0,846830228
373,265,5.0,846830228
373,266,4.0,846830073
373,273,5.0,846830316
373,280,4.0,846830424
373,282,4.0,846830111
373,288,3.0,846829968
373,292,3.0,846829926
373,296,5.0,846829840
374,110,5.0,849089153
374,150,3.0,849089035
374,153,4.0,849089070
374,161,4.0,849089153
374,165,3.0,849089070
374,185,3.0,849089153
374,208,3.0,849089153
374,231,4.0,849089104
374,296,5.0,849089035
375,32,5.0,1225314381
376,10,4.5,1364994181
376,19,2.0,1364994453
376,32,5.0,1364994049
376,95,3.5,1364994336
376,110,3.5,1364993995
376,150,5.0,1364933598
376,161,5.0,1364993850
376,165,3.5,1364994100
376,185,4.0,1364994299
376,236,4.0,1364932557
376,252,3.5,1364932658
376,260,4.0,1364933330
376,292,4.5,1364994265
377,19,2.0,1340342704
377,32,4.5,1340342216
377,34,4.0,1340347654
377,150,5.0,1340345170
377,272,4.0,1340341951
378,1,4.5,1445347576
378,36,4.0,1445347078
379,19,2.0,847397556
379,21,2.0,847397556
379,34,5.0,847397499
379,47,3.0,847397459
379,110,5.0,847397381
379,150,5.0,847397201
379,153,3.0,847397247
379,161,4.0,847397381
379,165,2.0,847397247
379,185,4.0,847397381
379,208,3.0,847397381
379,253,3.0,847397421
379,292,4.0,847397342
379,296,2.0,847397202
380,1,5.0,1493420345
380,2,5.0,1493420295
380,6,5.0,1494278663
380,10,5.0,1493419787
380,12,4.0,1493668065
380,16,3.0,1494803499
380,18,4.0,1494278868
380,19,5.0,1493667522
380,21,2.0,1493422718
380,32,5.0,1493494899
380,34,4.0,1493420018
380,44,4.0,1493667678
380,47,5.0,1493494893
380,48,3.0,1493423481
380,50,4.0,1493420347
380,60,4.0,1494035896
380,70,5.0,1493423196
380,76,3.0,1494278971
380,95,3.0,1493420301
380,104,3.0,1493420135
380,107,5.0,1493667822
380,110,4.0,1493419805
380,145,3.0,1494035743
380,152,1.0,1494036422
380,153,3.0,1493667398
380,158,3.0,1493667610
380,160,3.0,1493423480
380,163,5.0,1493420576
380,165,5.0,1493667390
380,172,4.0,1493667733
380,173,4.0,1493420577
380,181,4.0,1493668147
380,185,3.0,1493420292
380,204,3.0,1494035868
380,208,3.0,1493419790
380,216,3.0,1494035850
380,223,4.0,1494278665
380,231,4.0,1494278654
380,239,3.0,1494036015
380,256,2.0,1508170166
380,260,5.0,1493419753
380,293,5.0,1493419784
380,296,5.0,1493420341
381,1,3.5,1164383653
381,2,4.0,1166971855
381,19,2.5,1165975855
381,32,3.5,1200824503
381,34,3.5,1164877286
381,47,2.0,1166980226
381,48,3.0,1165976148
381,50,4.5,1168576731
381,62,4.5,1263494357
381,104,3.5,1165975914
381,150,3.5,1164876696
381,185,3.0,1164877341
381,208,1.5,1164877337
381,231,2.5,1164877302
381,236,5.0,1200824412
381,253,4.0,1171128038
381,256,3.0,1167543450
381,260,3.5,1200824545
381,262,4.0,1168800704
381,292,3.0,1164877310
382,1,4.5,1515162628
382,50,5.0,1515160611
382,150,4.0,1515162557
382,186,3.0,1515173845
382,208,3.5,1515173379
382,215,4.0,1515161097
382,260,5.0,1515160692
382,296,5.0,1515160642
383,150,4.0,943571045
384,60,4.0,994038823
384,223,4.0,996440857
384,296,5.0,996441209
385,1,4.0,834691642
385,6,3.0,840648313
385,10,3.0,834691622
385,14,3.0,834692097
385,16,3.0,834691914
385,21,5.0,835118614
385,25,3.0,834691845
385,32,4.0,838323677
385,45,3.0,837949548
385,50,3.0,834691694
385,62,3.0,836844635
385,68,3.0,865024733
385,85,3.0,844794767
385,94,4.0,847137503
385,95,3.0,834691768
385,112,3.0,844794864
385,150,5.0,834691537
385,153,3.0,834693538
385,172,3.0,834691790
385,194,1.0,836844300
385,196,3.0,834693466
385,198,4.0,834692076
385,206,2.0,839867522
385,215,3.0,838323748
385,224,4.0,834693485
385,233,4.0,837949652
385,235,2.0,834691757
385,246,5.0,834691874
385,247,3.0,842892541
385,249,3.0,834692037
385,260,4.0,865023897
385,265,3.0,834691790
385,266,2.0,834691694
385,272,3.0,834691862
385,277,3.0,834693582
385,282,3.0,834691717
385,288,1.0,834691642
385,296,4.0,834691537
386,6,3.0,842613783
386,10,3.0,842610246
386,16,4.0,842613849
386,20,2.0,842614033
386,21,4.0,842610304
386,22,3.0,842613867
386,25,2.0,842613763
386,32,3.0,842610360
386,34,4.0,842610286
386,39,3.0,842610325
386,44,2.0,842613763
386,45,3.0,842613904
386,47,3.0,842610286
386,50,3.0,842610344
386,110,3.0,842610269
386,112,4.0,842613980
386,153,2.0,842610183
386,160,3.0,842610344
386,161,3.0,842610246
386,163,4.0,842613831
386,165,2.0,842610183
386,172,2.0,842613773
386,173,2.0,842613693
386,185,1.0,842610246
386,196,2.0,842613737
386,198,2.0,842614019
386,204,1.0,842613737
386,208,2.0,842610246
386,223,3.0,842613794
386,288,1.0,842610269
386,292,1.0,842610228
386,293,3.0,842613723
386,296,5.0,842610161
387,10,3.5,1094938515
387,11,2.5,1117415000
387,29,3.5,1094875272
387,31,2.5,1094939853
387,32,3.5,1094876449
387,39,2.5,1095040527
387,44,1.0,1182720368
387,45,2.5,1094877493
387,47,4.5,1094876919
387,50,4.5,1094876246
387,63,2.0,1095042100
387,70,3.5,1183536308
387,71,1.5,1150877466
387,97,4.5,1199607279
387,104,2.0,1095040613
387,110,3.5,1095040466
387,111,4.5,1094876158
387,122,2.5,1094939839
387,125,2.5,1094877092
387,141,2.0,1117414943
387,147,2.5,1154367947
387,153,3.0,1094938517
387,154,4.0,1154939034
387,162,4.0,1157086667
387,163,4.0,1094938524
387,170,3.0,1117414894
387,175,4.0,1094939806
387,177,3.0,1179199967
387,193,2.0,1094939818
387,223,4.0,1094877235
387,231,2.5,1095040493
387,235,3.5,1094876454
387,260,4.5,1118029794
387,288,4.0,1095040535
387,293,4.5,1094876347
387,296,5.0,1094876289
389,1,5.0,857934174
389,5,4.0,857934242
389,6,5.0,857934242
389,9,3.0,857934552
389,17,4.0,857934174
389,25,4.0,857934175
389,32,4.0,857934174
389,62,5.0,857934174
389,65,4.0,857934553
389,95,4.0,857934174
389,104,4.0,857934308
389,112,3.0,857934308
389,140,5.0,857934552
389,141,5.0,857934174
389,260,5.0,857934308
390,110,4.0,1250339216
390,235,4.0,1250341953
391,1,3.0,1032388077
391,6,4.0,1030944221
391,10,3.0,1030944309
391,25,5.0,1030827466
391,29,5.0,1030826859
391,32,4.0,1030826859
391,34,3.0,1032389962
391,47,3.0,1030944178
391,50,4.0,1030827636
391,58,4.0,1030827343
391,70,1.0,1030944454
391,110,5.0,1030945408
391,111,5.0,1032388078
391,150,4.0,1032390066
391,154,4.0,1032388476
391,157,3.0,1031030792
391,165,2.0,1030944490
391,199,4.0,1032648830
391,223,4.0,1030825064
391,232,2.0,1032389024
391,233,4.0,1030825112
391,242,4.0,1032648867
391,260,5.0,1032387863
391,265,5.0,1030827326
391,293,5.0,1030827248
391,296,5.0,1030827757
393,110,4.0,1430505977
393,293,5.0,1430505916
394,34,3.0,838994398
394,50,5.0,838994626
394,110,5.0,838994356
394,150,3.0,838994123
394,153,3.0,838994173
394,185,3.0,838994311
394,208,1.0,838994311
394,225,4.0,838994460
395,2,3.0,841503884
395,10,3.0,841503555
395,34,3.0,841503656
395,48,2.0,841504003
395,60,3.0,841505041
395,95,3.0,841503940
395,110,4.0,841503580
395,126,2.0,841505382
395,158,3.0,841503965
395,160,4.0,841503793
395,165,3.0,841503441
395,168,3.0,841503984
395,172,4.0,841503965
395,173,4.0,841503843
395,181,1.0,841505523
395,208,5.0,841503555
395,231,3.0,841503488
395,256,3.0,841503984
395,296,3.0,841503394
396,1,5.0,1111688626
396,44,2.0,1111688564
396,45,3.0,1111688518
396,50,4.0,1111688630
396,204,0.5,1111688575
396,277,1.0,1111688562
396,293,5.0,1111688614
397,123,5.0,1181966712
397,232,4.5,1181966557
398,32,5.0,1311207513
398,261,3.5,1311207257
399,1,4.0,1167220428
399,110,3.0,1167220367
399,260,5.0,1167220356
399,296,5.0,1167220327
400,6,5.0,1498870480
400,47,5.0,1498870391
400,50,5.0,1498870285
400,260,5.0,1498870148
400,293,5.0,1498870424
400,296,5.0,1498870341
401,1,3.5,1510450550
401,48,2.0,1514347122
401,239,4.5,1510450952
402,5,3.0,849598135
402,9,3.0,849598259
402,25,3.0,849598104
402,36,3.0,849598135
402,47,3.0,849654599
402,52,3.0,849598217
402,61,5.0,849598453
402,95,4.0,849598075
402,112,4.0,849598177
402,145,3.0,849654373
402,165,5.0,849601250
402,204,4.0,849601504
402,234,3.0,849654449
402,293,3.0,849601504
402,296,5.0,849601250
403,47,5.0,1225243620
403,110,5.0,1225243634
403,180,4.0,1225243348
403,296,5.0,1225243673
404,11,4.0,838376006
404,17,4.0,838376049
404,21,3.0,838375894
404,34,4.0,838375864
404,36,3.0,838376195
404,47,3.0,838375864
404,62,4.0,838376141
404,105,3.0,838376177
404,110,4.0,838375832
404,141,4.0,838376079
404,151,3.0,838376027
404,161,4.0,838375784
404,165,3.0,838375720
404,172,3.0,838376079
404,185,4.0,838375811
404,193,3.0,838376177
404,196,3.0,838376027
404,204,3.0,838376079
404,208,4.0,838375811
404,224,3.0,838376141
404,236,3.0,838375976
404,261,3.0,838376103
404,265,3.0,838376103
404,266,3.0,838375928
404,272,3.0,838376221
404,273,3.0,838376221
404,277,3.0,838376177
404,292,3.0,838375784
404,296,3.0,838375694
405,16,4.0,1295916006
405,25,4.0,1299377952
405,32,4.5,1295910764
405,70,4.0,1295917097
405,110,4.0,1295913228
405,111,4.5,1298419980
405,193,3.5,1295925658
405,208,4.0,1295912225
405,224,3.5,1295932380
405,253,3.5,1295913679
405,288,5.0,1295914153
405,293,4.0,1295914570
405,296,4.5,1295912262
406,135,4.0,1296959291
406,261,4.0,1296959195
406,277,3.0,1296959212
407,260,4.0,1424349164
407,293,3.0,1424349633
408,10,4.5,1467913128
408,19,3.5,1469521999
408,44,3.5,1484264475
408,165,3.5,1469138655
408,260,4.0,1472537293
409,39,4.0,968979119
409,111,5.0,969059983
409,223,4.0,968978133
409,235,5.0,968979078
409,260,4.0,967912821
409,296,5.0,969059543
410,3,4.0,990910830
410,11,3.0,990910298
410,21,3.0,990910575
410,52,4.0,990910213
410,58,4.0,990807791
410,111,3.0,990807684
410,154,4.0,990729131
410,164,3.0,990909417
410,235,3.0,990909699
410,260,3.0,990727962
410,290,5.0,990807742
410,296,2.0,990807684
411,1,5.0,835532155
411,2,4.0,835532398
411,4,2.0,835533021
411,7,3.0,835533471
411,10,3.0,835532065
411,11,4.0,835532370
411,21,4.0,835532191
411,22,3.0,835532644
411,31,4.0,835532539
411,34,4.0,835532191
411,46,2.0,835533337
411,47,4.0,835532191
411,50,3.0,835532221
411,52,2.0,835533198
411,62,5.0,835532559
411,105,3.0,835532539
411,110,4.0,835532155
411,111,4.0,835532253
411,122,2.0,835533021
411,150,5.0,835531951
411,151,4.0,835532370
411,158,3.0,835532449
411,159,3.0,835533319
411,160,3.0,835532253
411,161,4.0,835532066
411,165,3.0,835531994
411,170,3.0,835532928
411,180,2.0,835533423
411,185,4.0,835532100
411,191,3.0,835533357
411,194,3.0,835533161
411,204,3.0,835532418
411,208,4.0,835532100
411,216,3.0,835532839
411,218,3.0,835532747
411,223,4.0,835532559
411,224,1.0,835532508
411,225,4.0,835532191
411,227,3.0,835532644
411,230,4.0,835532728
411,231,2.0,835532031
411,235,3.0,835532398
411,236,3.0,835532346
411,237,3.0,835532614
411,246,5.0,835532614
411,249,2.0,835532965
411,252,3.0,835532370
411,253,3.0,835532100
411,256,3.0,835532477
411,257,3.0,835532864
411,261,3.0,835532418
411,265,3.0,835532449
411,266,3.0,835532221
411,271,3.0,835533546
411,272,2.0,835532588
411,275,1.0,835533382
411,276,3.0,835532588
411,280,4.0,835532774
411,281,3.0,835532928
411,282,4.0,835532346
411,288,3.0,835532155
411,292,3.0,835532065
411,296,5.0,835531951
412,1,2.0,939114353
412,17,5.0,939136944
412,34,5.0,939114265
412,47,3.0,939114573
412,162,4.0,939114868
413,16,5.0,1484440002
413,296,5.0,1484439565
414,1,4.0,961438127
414,2,3.0,961594981
414,3,4.0,961439278
414,5,2.0,961437647
414,6,3.0,961515642
414,7,3.0,961439170
414,8,3.0,961594849
414,10,3.0,961515863
414,11,5.0,1052148205
414,15,2.0,961514611
414,16,3.0,961517557
414,17,4.0,961513829
414,18,3.0,961682128
414,21,4.0,961438199
414,22,3.0,961518227
414,23,2.0,961682276
414,24,3.0,961436964
414,25,3.0,961517140
414,27,2.0,961518812
414,31,3.0,961518520
414,32,5.0,961514667
414,34,5.0,961438127
414,36,3.0,961516989
414,39,4.0,961438265
414,42,2.0,961515844
414,44,2.0,961516249
414,45,3.0,961438476
414,46,2.0,961514407
414,47,4.0,961681857
414,48,3.0,961437741
414,50,5.0,961681714
414,52,3.0,961438413
414,54,1.0,1027521065
414,57,3.0,961517912
414,62,4.0,961517885
414,65,2.0,961439623
414,71,2.0,961515844
414,72,4.0,961438532
414,75,1.0,1027521022
414,78,3.0,961518581
414,81,2.0,961514568
414,86,3.0,961437096
414,88,2.0,961439433
414,89,3.0,961515928
414,92,2.0,961518731
414,94,5.0,961517421
414,95,2.0,961515958
414,101,4.0,961438199
414,104,4.0,961438762
414,107,3.0,961438502
414,110,5.0,961512475
414,111,5.0,961516639
414,112,3.0,961515844
414,118,2.0,961439170
414,119,3.0,961438609
414,122,2.0,961438911
414,125,4.0,961438413
414,135,2.0,961439433
414,141,4.0,961595919
414,144,4.0,961438662
414,145,2.0,961515844
414,147,4.0,961517665
414,150,4.0,961517162
414,151,5.0,961512525
414,153,2.0,961439358
414,155,2.0,1073681117
414,157,4.0,961512629
414,158,2.0,961681395
414,159,2.0,961518394
414,160,1.0,961515392
414,161,3.0,961512495
414,162,4.0,1000734091
414,163,4.0,961514335
414,165,3.0,961515958
414,166,3.0,961438936
414,168,2.0,961514438
414,170,3.0,961516154
414,172,3.0,961515451
414,173,3.0,961515451
414,174,1.0,961439623
414,175,4.0,961518394
414,176,4.0,961438221
414,179,2.0,961514335
414,180,4.0,961438662
414,185,2.0,961515354
414,188,4.0,962371905
414,191,2.0,961518812
414,193,2.0,961437722
414,196,3.0,961515354
414,198,3.0,961514795
414,205,3.0,961438413
414,207,3.0,961514438
414,208,2.0,961516318
414,209,4.0,961518195
414,210,3.0,961513509
414,215,4.0,961513678
414,216,3.0,961439379
414,218,2.0,961439052
414,222,4.0,961514135
414,223,5.0,961436616
414,224,4.0,961513997
414,225,2.0,961518277
414,228,1.0,961439623
414,230,3.0,961517975
414,231,3.0,961439079
414,233,4.0,961436709
414,235,4.0,961438151
414,236,3.0,961438957
414,242,4.0,961681576
414,247,4.0,1033148925
414,249,4.0,961514186
414,251,3.5,1069692910
414,252,3.0,961439009
414,253,3.0,961437549
414,257,2.0,961682276
414,259,3.0,961682161
414,260,5.0,961514667
414,261,4.0,961437526
414,262,4.0,961681228
414,266,5.0,961512595
414,267,4.0,961439405
414,273,2.0,961518708
414,276,3.0,961596299
414,277,2.0,961518753
414,280,4.0,961518040
414,282,2.5,1082914167
414,288,3.0,961516204
414,290,5.0,961516863
414,291,2.0,961682185
414,292,3.0,961516047
414,293,5.0,961517011
414,296,5.0,961516693
415,47,4.0,1382470301
415,50,4.5,1382469955
415,111,4.5,1382470177
415,141,4.0,1382470382
415,150,4.0,1382470263
415,175,4.0,1382469687
415,223,4.0,1382470378
415,260,4.0,1382470256
415,296,5.0,1382470083
416,170,2.5,1187495264
416,247,4.0,1187496829
416,260,3.0,1187496455
416,296,4.0,1187496460
417,47,5.0,1532134167
417,288,4.0,1529375079
417,296,5.0,1530156600
418,50,4.5,1461865740
418,111,4.5,1461866063
418,296,4.5,1461865706
419,10,3.5,1321659128
419,47,4.0,1321659049
419,50,4.0,1321854706
419,104,4.0,1321757450
419,110,4.0,1321659432
419,111,4.0,1321659216
419,175,4.0,1321853539
419,231,3.0,1350347590
419,277,0.5,1318337802
419,288,1.5,1321659222
419,292,4.5,1321659161
419,296,5.0,1321659004
420,1,4.0,1218207191
420,32,3.5,1218047864
420,73,4.0,1218036406
420,296,4.0,1218041106
421,73,4.0,1311494239
422,1,4.0,986173307
422,260,5.0,986173117
423,104,3.0,1155285432
423,110,4.0,1155285864
423,150,5.0,1155285857
423,296,4.5,1155285837
424,32,3.5,1457901858
424,47,5.0,1457842442
424,50,5.0,1457842255
424,111,4.0,1457902773
424,141,3.0,1457844358
424,147,3.5,1457901610
424,175,4.5,1457901657
424,223,3.5,1457844055
424,288,4.0,1457846167
424,293,4.0,1457845787
424,296,4.5,1457842438
425,2,3.0,1085477682
425,6,4.0,1085477536
425,10,3.0,1085477406
425,32,4.0,1085477320
425,34,3.5,1114173653
425,36,3.0,1085477524
425,47,4.5,1085477391
425,50,4.5,1085477355
425,58,3.5,1085490369
425,70,4.0,1085490625
425,95,2.5,1085477510
425,105,3.0,1085476661
425,110,4.0,1085477194
425,141,4.0,1085477484
425,145,3.5,1085490786
425,150,3.0,1085477188
425,159,4.5,1114173449
425,160,3.0,1085477763
425,161,3.5,1085477450
425,165,3.5,1085477334
425,172,3.5,1085490456
425,180,3.0,1114173422
425,196,3.5,1085490386
425,208,4.0,1114173719
425,231,3.5,1085477427
425,253,4.0,1114173704
425,260,3.0,1085477202
425,273,3.5,1085490918
425,292,3.5,1085477419
425,293,5.0,1114174063
425,296,4.0,1085477156
426,2,4.5,1451080838
426,31,5.0,1451080848
426,47,0.5,1451081886
426,150,3.5,1451081002
426,296,3.5,1451081883
427,16,4.0,1053068794
427,58,2.0,1053071377
427,110,4.0,1053071562
427,151,3.0,1053068904
427,296,4.5,1053071490
428,9,2.0,1111524871
428,19,1.0,1111523373
428,22,2.5,1111487500
428,44,2.0,1111623964
428,69,3.5,1111524882
428,70,3.0,1111524672
428,95,2.0,1111524678
428,104,3.0,1111623768
428,110,2.5,1111523269
428,145,2.5,1111487542
428,150,2.0,1111489662
428,160,1.5,1111523942
428,163,3.0,1111487458
428,165,1.0,1111489756
428,168,2.0,1111524686
428,169,0.5,1111489924
428,173,3.0,1111489264
428,180,4.0,1111487767
428,208,2.5,1111523337
428,216,3.0,1111623970
428,223,4.0,1111487769
428,231,2.0,1111623767
428,253,4.5,1111489812
428,256,2.0,1111524851
428,260,3.5,1111523276
428,296,4.5,1111487740
429,22,4.0,828124615
429,48,4.0,828124616
429,60,4.0,828124616
429,150,5.0,828124615
429,151,4.0,828124616
429,161,5.0,828124615
429,164,3.0,828124762
429,165,4.0,828124615
429,168,5.0,828124616
429,169,3.0,828124616
429,185,5.0,828124616
429,186,4.0,828124616
429,195,4.0,828124616
429,204,4.0,828124616
429,207,5.0,828124616
429,208,3.0,828124616
429,218,4.0,828124615
429,222,4.0,828124615
429,225,4.0,828124615
429,227,3.0,828124615
429,234,2.0,828124616
429,236,4.0,828124616
429,237,4.0,828124616
429,252,5.0,828124616
429,256,4.0,828124616
429,257,4.0,828124616
429,261,5.0,828124616
429,266,4.0,828124616
429,270,5.0,828124616
429,274,4.0,828124616
429,276,3.0,828124616
429,279,3.0,828124616
429,281,4.0,828124616
429,282,4.0,828124616
429,289,5.0,828124616
429,292,5.0,828124616
429,294,3.0,828124616
430,34,3.0,963889406
431,158,1.0,1267051813
431,163,3.0,1267051787
431,172,2.0,1267051837
432,1,2.5,1316391457
432,2,4.0,1316391739
432,19,2.0,1316391760
432,25,4.5,1315243647
432,36,3.5,1316391708
432,47,4.0,1315244565
432,50,3.0,1315243055
432,110,4.0,1315245004
432,153,3.5,1316391541
432,165,2.0,1316391524
432,168,4.5,1315242983
432,185,4.5,1316391649
432,193,3.0,1315242265
432,253,4.5,1316391617
432,260,3.5,1316391483
432,293,3.5,1335139434
432,296,2.5,1315244535
433,47,3.0,1506823900
433,50,5.0,1506823884
433,110,3.0,1506823887
433,296,5.0,1506823837
434,1,4.0,1270604402
434,2,2.5,1271039378
434,6,4.0,1270603905
434,10,3.5,1270606683
434,32,3.5,1270604323
434,34,3.5,1270604933
434,39,3.0,1270606827
434,47,4.0,1270603499
434,95,2.0,1270606732
434,110,4.5,1270604574
434,111,5.0,1271039079
434,112,2.5,1270602297
434,150,5.0,1270604631
434,163,3.0,1270602276
434,208,2.5,1270606633
434,230,2.5,1270602435
434,231,4.0,1270604904
434,260,5.0,1270604737
434,292,3.0,1270606675
434,293,4.5,1270603658
434,296,5.0,1270603222
435,48,4.0,1366675847
435,50,4.0,1366676016
435,158,4.0,1366675860
435,163,3.5,1366675838
435,216,5.0,1366675921
436,1,4.0,833529571
436,2,4.0,833529751
436,8,3.0,833530760
436,34,5.0,833529621
436,48,4.0,833529821
436,60,3.0,833530067
436,145,3.0,833529977
436,150,4.0,833529409
436,158,3.0,833529775
436,161,4.0,833529549
436,165,3.0,833529489
436,169,3.0,833530110
436,174,2.0,833530268
436,203,3.0,833529977
436,204,3.0,833529751
436,227,3.0,833529889
436,231,1.0,833529522
436,234,1.0,833529977
436,235,3.0,833529729
436,239,3.0,833530319
436,248,3.0,833530089
436,250,3.0,833530780
436,257,3.0,833530019
436,258,3.0,833530575
436,261,3.0,833529750
436,262,4.0,833530252
436,274,3.0,833530423
436,276,2.0,833529846
436,292,3.0,833529549
436,293,3.0,833529729
437,5,2.0,859721015
437,6,5.0,859721015
437,9,3.0,859721103
437,14,3.0,859721080
437,16,5.0,859721743
437,17,4.0,859720978
437,25,4.0,859720978
437,31,4.0,859721815
437,32,4.0,859720977
437,36,4.0,859721015
437,43,3.0,859721556
437,47,4.0,859721361
437,50,4.0,859721362
437,52,4.0,859721046
437,62,3.0,859720978
437,78,3.0,859721693
437,79,2.0,859721080
437,81,3.0,859721790
437,86,3.0,859721170
437,95,1.0,859720977
437,110,4.0,859721362
437,112,3.0,859721045
437,125,5.0,859722136
437,141,3.0,859720977
437,144,4.0,859721525
437,150,4.0,859721362
437,151,3.0,859721432
437,153,1.0,859721584
437,155,4.0,859721662
437,159,3.0,859721610
437,168,2.0,859721840
437,175,5.0,859721662
437,176,5.0,859722162
437,194,4.0,859721399
437,198,3.0,859721525
437,207,4.0,859721766
437,211,4.0,859721610
437,222,4.0,859721815
437,223,5.0,859722193
437,225,3.0,859721399
437,246,5.0,859721399
437,247,4.0,859721635
437,260,5.0,859721045
437,272,5.0,859721840
437,290,5.0,859721495
437,292,4.0,859721432
437,296,5.0,859722193
438,1,4.5,1105650469
438,6,5.0,1105664272
438,10,4.0,1105664201
438,11,4.0,1105668426
438,19,3.0,1105666629
438,21,3.5,1105666251
438,32,4.0,1105666143
438,44,3.0,1105667144
438,62,4.0,1105649800
438,70,3.0,1105762813
438,71,2.0,1105664825
438,95,3.5,1105666265
438,104,4.0,1105649487
438,110,4.5,1105666133
438,112,3.5,1105649510
438,135,3.0,1105667348
438,140,3.5,1105667333
438,141,4.0,1105666243
438,145,5.0,1105650060
438,150,4.0,1105650458
438,153,3.0,1105666167
438,165,4.0,1105649809
438,168,3.5,1105667020
438,170,4.0,1105670474
438,173,2.5,1113763592
438,180,4.0,1105667381
438,185,2.0,1105666240
438,186,3.0,1105667014
438,193,1.0,1105667336
438,208,3.0,1105666261
438,216,3.0,1106189341
438,223,3.5,1105829426
438,225,2.5,1105829435
438,227,3.0,1105670776
438,260,5.0,1105650450
438,292,3.5,1105666223
439,110,3.5,1436943893
440,29,4.5,1237569069
440,193,3.5,1237568713
440,194,2.5,1237568882
441,10,4.5,1449070452
441,47,4.5,1451166486
441,104,3.5,1449070905
441,208,4.0,1449070455
441,260,5.0,1449070465
441,296,5.0,1449070650
443,1,4.0,1501722482
443,110,4.5,1501722477
443,260,4.0,1501722465
443,296,4.0,1501722467
444,6,4.0,832677558
444,16,4.0,832678415
444,21,4.0,832670075
444,47,4.0,832670399
444,50,5.0,832670838
444,58,5.0,832679295
444,97,5.0,839310140
444,100,3.0,839310140
444,110,4.0,832670075
444,111,5.0,832671475
444,173,2.0,832671553
444,185,3.0,832669862
444,208,3.0,832669862
444,231,1.0,832669130
444,235,5.0,832672088
444,265,4.0,832673916
444,266,3.0,839311804
444,273,4.0,832678415
444,288,3.0,839310842
444,296,5.0,832668242
445,17,3.5,1454621917
445,32,5.0,1454622049
445,47,4.5,1454622061
445,110,5.0,1454621998
445,111,3.0,1454622227
445,260,5.0,1454621690
445,293,4.0,1454622226
445,296,4.0,1454621792
446,2,3.0,843839379
446,10,3.0,843839232
446,11,4.0,843839379
446,16,3.0,843839544
446,17,5.0,843839379
446,21,3.0,843839290
446,25,3.0,843839504
446,32,4.0,843839327
446,34,5.0,843839272
446,39,3.0,843839306
446,45,3.0,843839593
446,47,4.0,843839250
446,50,4.0,843839306
446,95,4.0,843839401
446,141,4.0,843839420
446,150,3.0,843839122
446,151,4.0,843839401
446,153,1.0,843839149
446,160,3.0,843839327
446,165,3.0,843839149
446,168,1.0,843839441
446,172,2.0,843839441
446,186,3.0,843839401
446,208,2.0,843839207
446,223,4.0,843839575
446,224,4.0,843839544
446,231,1.0,843839168
446,235,3.0,843839441
446,236,3.0,843839360
446,237,3.0,843839522
446,253,3.0,843839232
446,256,3.0,843839483
446,265,4.0,843839483
446,266,2.0,843839344
446,273,1.0,843839544
446,282,2.0,843839360
446,288,4.0,843839232
446,292,3.0,843839207
446,296,4.0,843839122
447,2,5.0,836961067
447,10,3.0,836960825
447,31,4.0,836961195
447,44,5.0,836961153
447,48,3.0,836961178
447,110,5.0,836960849
447,145,3.0,836961393
447,150,4.0,836960590
447,153,4.0,836960630
447,160,2.0,836960918
447,165,4.0,836960630
447,168,4.0,836961179
447,225,4.0,836960872
447,227,3.0,836961347
447,236,3.0,836961055
447,253,4.0,836960825
447,257,3.0,836962019
447,266,5.0,836960918
447,277,4.0,836961218
447,288,5.0,836960849
447,292,3.0,836960762
447,293,5.0,836961106
447,296,5.0,836960591
448,1,5.0,1019126661
448,2,3.0,1019125424
448,3,3.0,1019128536
448,5,3.0,1019128415
448,10,4.0,1019124400
448,12,2.0,1019563753
448,16,5.0,1019138531
448,19,2.0,1019132168
448,20,3.0,1019124922
448,21,2.0,1019124231
448,32,2.0,1019132949
448,38,3.0,1019227804
448,47,4.0,1019132386
448,50,4.0,1064741727
448,65,1.0,1028111080
448,66,2.0,1019133230
448,95,2.0,1019124644
448,101,3.5,1076328586
448,104,3.0,1221250916
448,107,4.0,1019125396
448,122,2.0,1019128536
448,135,2.0,1178982000
448,145,4.0,1019124465
448,150,3.0,1019137611
448,153,2.5,1118166852
448,158,3.0,1019125583
448,161,4.0,1019137754
448,163,3.5,1074420419
448,165,4.0,1019142324
448,170,3.0,1019132497
448,172,2.0,1080549606
448,180,3.5,1058089154
448,185,2.5,1206217384
448,208,2.0,1019124858
448,216,3.0,1034506007
448,223,4.0,1059407171
448,231,3.0,1019128257
448,260,5.0,1019124071
448,288,3.0,1019124575
448,296,5.0,1019132316
449,32,4.0,1053200119
449,50,4.5,1053199959
449,186,0.5,1053198942
449,293,4.0,1053200117
450,70,2.0,974705218
450,110,5.0,974704570
450,111,4.0,974705774
450,260,5.0,974705741
451,1,5.0,854089165
451,5,3.0,854089243
451,6,4.0,854089242
451,7,3.0,854089243
451,17,5.0,854089172
451,25,5.0,854089175
451,32,5.0,854089163
451,94,4.0,854089769
451,95,4.0,854089167
451,112,5.0,854089243
451,141,4.0,854089166
452,10,4.0,1013395144
452,44,4.0,1019580991
452,47,5.0,1019581177
452,69,5.0,1019585277
452,70,4.0,1013397998
452,110,5.0,1013394732
452,153,4.0,1019581098
452,163,4.0,1013394759
452,170,4.0,1019584677
452,260,5.0,1013394673
453,1,5.0,1005966797
453,10,2.0,972621985
453,16,3.0,972622830
453,21,3.0,972621787
453,32,5.0,972621444
453,34,4.0,972622496
453,47,5.0,972622637
453,50,5.0,972621262
453,70,4.0,972622055
453,104,4.0,1005967193
453,110,5.0,972621723
453,112,5.0,1005968135
453,145,3.0,972622214
453,163,4.0,1005968155
453,165,5.0,972622184
453,196,3.0,1005967989
453,208,2.0,972622140
453,224,5.0,1005967174
453,231,5.0,1005967221
453,260,4.0,972621703
453,292,4.0,972622184
453,296,5.0,972621220
454,82,3.5,1279476639
454,101,3.0,1279476562
454,111,3.5,1284801892
454,296,4.0,1279480116
455,11,4.0,836436201
455,34,4.0,836436023
455,50,3.0,836436049
455,62,4.0,836436499
455,110,4.0,836436000
455,111,3.0,836436083
455,150,3.0,836435811
455,151,3.0,836436222
455,161,4.0,836435930
455,165,3.0,836435854
455,225,3.0,836436023
455,252,3.0,836436201
455,253,3.0,836435957
455,261,4.0,836436244
455,266,4.0,836436083
455,272,4.0,836436499
455,282,3.0,836436146
455,288,2.0,836436000
455,292,3.0,836435930
456,1,5.0,856883308
456,3,3.0,856883349
456,5,3.0,856883349
456,9,4.0,856883450
456,32,3.0,856883308
456,64,3.0,856883540
456,65,2.0,856883450
456,74,4.0,856883468
456,79,2.0,856883417
456,104,3.0,856883383
456,135,3.0,856883417
456,140,4.0,856883417
456,141,4.0,856883308
456,260,5.0,856883383
457,34,2.0,993610564
457,110,5.0,993610382
457,223,5.0,993610877
457,260,5.0,993610795
458,2,4.0,845653124
458,5,3.0,845652992
458,10,4.0,845651737
458,21,5.0,845653030
458,27,5.0,845652968
458,39,4.0,845653086
458,48,3.0,845652560
458,62,5.0,845652560
458,95,5.0,845652537
458,110,5.0,845651761
458,150,5.0,845651602
458,153,5.0,845651650
458,161,5.0,845651737
458,165,4.0,845651650
458,185,5.0,845651761
458,195,4.0,845652931
458,207,5.0,845652931
458,208,3.0,845651737
458,222,5.0,845652931
458,225,5.0,845652629
458,236,4.0,845652668
458,252,4.0,845653102
458,261,3.0,845652560
458,266,4.0,845652537
458,280,5.0,845652668
458,289,3.0,845653064
458,292,5.0,845651737
458,296,4.0,845651603
459,260,4.0,1520233064
460,1,4.5,1359177505
460,150,4.5,1359178152
460,169,1.0,1359176269
461,186,4.0,1505935426
461,260,0.5,1505935283
462,1,1.5,1154037653
462,10,3.0,1269929071
462,16,3.5,1123893685
462,21,4.0,1121923492
462,25,3.0,1154037817
462,32,3.5,1121921239
462,36,3.5,1123891148
462,47,4.0,1154037716
462,50,3.5,1154037688
462,52,3.0,1123890939
462,111,5.0,1121922577
462,125,4.0,1121921801
462,162,4.0,1130434078
462,223,4.0,1154037292
462,231,2.5,1385917618
462,235,2.5,1154038040
462,247,5.0,1196233072
462,260,4.0,1140399826
462,288,3.5,1154037845
462,296,2.5,1123890816
463,110,4.5,1145460295
463,296,4.0,1145460490
464,9,2.5,1287400084
464,16,4.5,1287400356
464,20,4.0,1275548142
464,23,3.0,1275548130
464,25,4.0,1287400227
464,31,4.0,1287400817
464,32,3.5,1275548714
464,47,5.0,1275549635
464,110,5.0,1275548911
464,165,5.0,1287399344
464,227,4.0,1275547964
464,231,2.5,1287399493
464,260,5.0,1275548679
464,266,4.0,1287400458
464,293,5.0,1275549621
464,296,4.5,1275549518
465,95,3.0,959896430
465,111,5.0,959895977
465,164,4.0,959895860
465,288,3.0,959896430
465,292,3.0,959896445
466,260,1.5,1439885060
467,41,4.0,919671922
467,58,5.0,919672099
468,1,4.0,831400444
468,32,4.0,831400500
468,39,5.0,831400519
468,47,5.0,831400545
468,110,4.0,831400500
468,111,3.0,831400545
468,150,5.0,831400406
468,153,3.0,831400427
468,160,2.0,831400545
468,161,2.0,831400464
468,165,3.0,831400444
468,185,3.0,831400500
468,208,3.0,831400480
468,225,4.0,831400499
468,231,2.0,831400464
468,253,4.0,831400480
468,266,4.0,831400519
468,288,2.0,831400500
468,292,4.0,831400480
468,296,3.0,831400406
469,1,4.0,965336888
469,6,3.0,965336673
469,10,2.0,965334356
469,11,3.0,965425831
469,29,4.0,965335401
469,32,5.0,965335350
469,36,3.0,965846167
469,39,2.0,965425327
469,44,1.0,965335037
469,45,4.0,965425742
469,47,4.0,965336711
469,50,4.0,965336630
469,70,2.0,965334011
469,89,4.0,965334954
469,110,5.0,965333863
469,111,5.0,965662075
469,112,3.0,965334011
469,185,3.0,965335837
469,196,2.0,965335966
469,208,3.0,965334556
469,223,3.0,965425699
469,260,4.0,965333666
469,288,2.0,965334440
469,292,3.0,965334279
469,293,4.0,965336739
469,296,5.0,965336630
470,1,4.0,849224825
470,2,3.0,849224778
470,3,3.0,849370396
470,5,3.0,849370453
470,6,3.0,849843318
470,7,3.0,849370453
470,10,3.0,849075144
470,14,4.0,849843318
470,19,3.0,849075545
470,21,3.0,849075545
470,26,3.0,849843245
470,32,3.0,849075682
470,34,4.0,849075432
470,36,4.0,849370395
470,39,3.0,849075682
470,41,3.0,849843245
470,43,3.0,849370292
470,47,3.0,849075299
470,50,3.0,849075545
470,62,3.0,849224778
470,95,3.0,849843245
470,110,5.0,849075143
470,150,3.0,849074736
470,153,4.0,849074824
470,161,3.0,849075143
470,165,3.0,849074824
470,185,3.0,849075143
470,208,3.0,849075143
470,225,3.0,849075682
470,231,3.0,849074900
470,253,3.0,849075195
470,261,3.0,849224825
470,266,4.0,849224825
470,282,3.0,849224777
470,288,3.0,849075299
470,292,5.0,849075031
470,296,3.0,849074737
471,1,5.0,1496671820
471,296,4.0,1496671827
472,50,5.0,1345843346
472,135,3.5,1345842837
473,60,2.0,1169351160
473,262,3.5,1169351236
473,293,4.0,1169352590
474,1,4.0,978575760
474,2,3.0,1046886814
474,5,1.5,1053021982
474,6,3.0,1047054565
474,7,3.0,978576381
474,11,2.5,1053021437
474,14,3.0,1120827247
474,16,4.0,1088426731
474,17,5.0,974668666
474,21,4.0,1119232784
474,22,3.0,1046896006
474,24,3.0,1060105861
474,25,3.5,1127143175
474,26,3.5,1136942664
474,27,2.0,1069686414
474,28,4.5,1165540007
474,29,3.5,1053021379
474,31,3.0,1060105936
474,32,4.0,1081177409
474,34,4.5,1081177349
474,36,5.0,979180034
474,38,1.0,1089387538
474,39,3.5,1129579520
474,41,3.5,1089386983
474,43,3.5,1081177921
474,45,4.0,1014924369
474,46,3.0,1081178156
474,47,4.0,979180247
474,50,4.0,979179872
474,52,4.0,1004131663
474,57,3.0,1060105374
474,58,3.5,1126533613
474,62,2.5,1053021366
474,74,3.0,974669217
474,82,2.5,1121262740
474,92,3.5,1087832141
474,96,3.5,1053020997
474,100,2.0,1048710159
474,101,3.5,1081862489
474,104,2.0,978576279
474,107,3.0,1046886514
474,110,3.0,1137180852
474,111,4.0,994819405
474,116,3.5,1053021622
474,122,1.0,974669063
474,140,2.5,1053021739
474,150,4.5,1100119714
474,153,3.0,1046881303
474,160,1.0,1047055195
474,161,3.5,1053020992
474,162,3.5,1150143102
474,185,3.0,1069686436
474,195,1.5,1053021847
474,199,4.5,1107193580
474,207,1.5,1060105690
474,215,3.5,1087158195
474,216,1.0,1072654034
474,222,4.0,974669033
474,223,3.5,1089386951
474,224,3.5,1100292192
474,230,3.5,1100292191
474,232,4.0,1181348325
474,235,4.0,1083589261
474,236,2.5,1089387372
474,237,3.5,1053021443
474,246,4.0,1079359162
474,247,4.0,1054557462
474,249,4.0,974669033
474,252,2.0,1046887638
474,257,3.0,1047043563
474,260,4.0,975173633
474,261,4.0,979180620
474,262,4.0,979180182
474,266,2.0,974666749
474,272,3.5,1104518799
474,273,2.5,1090873643
474,277,2.0,975173058
474,280,3.0,1004131763
474,282,3.0,1060105525
474,293,3.5,1079099410
474,296,4.0,979179939
475,2,4.5,1498031744
475,19,4.0,1498031776
475,165,4.5,1498031585
475,260,5.0,1498029369
476,1,4.0,835021447
476,2,4.0,835021693
476,10,3.0,835021420
476,11,3.0,835021635
476,13,3.0,835022487
476,32,4.0,835021513
476,34,4.0,835021494
476,45,3.0,835022455
476,48,4.0,835022192
476,73,4.0,835022035
476,150,4.0,835021273
476,153,3.0,835021342
476,158,3.0,835022346
476,161,4.0,835021420
476,165,3.0,835021342
476,185,3.0,835021447
476,195,2.0,835022455
476,215,4.0,835022085
476,224,4.0,835022226
476,236,3.0,835021592
476,239,3.0,835022375
476,252,4.0,835021636
476,261,5.0,835021800
476,277,3.0,835021927
476,289,3.0,835022227
476,296,3.0,835021274
477,1,4.0,1200939636
477,2,4.0,1200939962
477,3,3.0,1200941177
477,19,3.0,1200939977
477,24,4.0,1201159341
477,32,4.5,1200939654
477,34,4.0,1200939719
477,47,4.0,1200939679
477,66,0.5,1201158662
477,76,4.0,1201158833
477,104,4.0,1200940046
477,107,3.0,1201023050
477,150,4.0,1200940406
477,158,0.5,1200941455
477,176,4.0,1200947190
477,180,3.5,1200943159
477,208,4.0,1240473704
477,216,4.0,1200946408
477,223,4.0,1200939941
477,231,3.5,1200939725
477,239,3.5,1201072723
477,252,4.0,1200943067
477,260,4.5,1200939628
477,296,4.5,1200939617
478,104,2.0,1121467327
478,266,1.5,1121467288
479,24,3.0,1039362593
479,31,3.0,1039362413
479,45,3.0,1039367502
479,82,5.0,1039362593
479,110,2.0,1039360660
479,135,1.0,1039360623
479,185,1.0,1039362088
479,186,3.0,1039367407
479,242,4.0,1039362902
479,247,3.0,1039392522
479,260,4.0,1039360623
480,1,3.0,1179178004
480,2,3.0,1179178191
480,3,2.5,1179178556
480,6,4.0,1179162163
480,10,4.0,1179177922
480,16,4.0,1179161099
480,19,1.5,1179178233
480,21,2.5,1179161927
480,32,4.0,1179177844
480,34,4.0,1179178044
480,39,2.5,1179177930
480,47,4.5,1179177656
480,50,3.5,1179160287
480,60,2.0,1179159595
480,62,3.5,1179178063
480,69,2.0,1179161861
480,95,1.0,1179177869
480,101,5.0,1179160947
480,104,3.0,1179178373
480,110,5.0,1179160978
480,111,4.5,1179178077
480,147,4.0,1179160762
480,150,3.5,1179160667
480,153,1.0,1179177736
480,158,2.5,1179179133
480,160,2.5,1179178519
480,161,3.5,1179178010
480,163,3.0,1179178853
480,165,3.0,1179177627
480,168,2.5,1179178937
480,172,2.5,1179178886
480,173,2.0,1179178646
480,185,1.0,1179177954
480,196,1.0,1179179020
480,208,3.0,1179177803
480,223,1.5,1179161213
480,231,3.0,1179177739
480,235,3.0,1179161589
480,246,3.5,1179162223
480,249,4.0,1179162338
480,253,3.5,1179177945
480,260,4.5,1179160262
480,261,4.0,1179162690
480,282,3.0,1179179113
480,288,2.5,1179178157
480,293,4.5,1179178211
480,296,4.0,1179177639
482,2,4.5,1105395956
482,16,2.0,1105396054
482,50,4.0,1105396885
482,62,5.0,1105396550
482,151,1.0,1105396051
482,185,4.0,1105396893
483,1,4.0,1178293130
483,2,4.0,1178293652
483,5,2.5,1327277284
483,10,2.0,1178293444
483,16,4.0,1178293782
483,18,4.0,1215897224
483,19,3.5,1181494938
483,23,3.0,1215897538
483,24,2.5,1327277916
483,26,4.0,1215898801
483,29,5.0,1181495581
483,31,2.0,1181495275
483,32,5.0,1178213437
483,47,3.5,1178215187
483,48,3.0,1181496689
483,50,4.5,1204405320
483,81,3.5,1215898195
483,110,4.0,1178292986
483,135,3.5,1215896386
483,145,3.5,1215895607
483,150,2.0,1178293393
483,153,2.0,1181494702
483,158,2.0,1181496575
483,160,3.5,1178293850
483,165,4.5,1226359677
483,170,4.0,1181495765
483,172,3.5,1178294216
483,173,1.0,1181496560
483,180,4.0,1327277884
483,196,0.5,1181496548
483,198,4.0,1202461343
483,208,3.0,1178293256
483,223,3.5,1178293610
483,231,3.0,1178293069
483,235,2.0,1204277397
483,236,4.0,1232883301
483,253,3.5,1178215303
483,256,3.0,1327277652
483,260,4.5,1327276785
483,265,3.0,1178294232
483,266,3.0,1291838775
483,273,3.5,1181495496
483,293,4.0,1181494891
483,296,5.0,1178213426
484,1,4.5,1342295949
484,2,2.5,1342296219
484,39,4.5,1342296074
484,47,4.0,1342228947
484,48,4.5,1342296910
484,63,4.0,1342228081
484,69,4.5,1342300148
484,72,4.0,1342369324
484,104,4.0,1342368965
484,160,4.5,1342296643
484,175,4.5,1342366279
484,180,4.0,1342298632
484,203,4.0,1342366016
484,216,4.5,1342298038
484,261,4.0,1342297621
484,262,4.0,1342227803
485,10,4.0,837943350
485,110,3.0,837943384
485,150,5.0,837943215
485,161,5.0,837943320
485,165,5.0,837943260
485,185,5.0,837943350
485,208,1.0,837943350
485,231,1.0,837943293
485,253,1.0,837943350
485,292,5.0,837943319
486,6,5.0,839537263
486,10,4.0,839537237
486,21,4.0,839537017
486,32,5.0,839537271
486,39,3.0,839537186
486,44,4.0,839537298
486,47,3.0,839537220
486,86,5.0,839537298
486,95,3.0,839537249
486,110,5.0,839537186
486,112,5.0,839537298
486,150,5.0,839536920
486,153,5.0,839536954
486,161,5.0,839537112
486,163,4.0,839537334
486,165,3.0,839536954
486,173,4.0,839537323
486,198,2.0,839537372
486,208,4.0,839537142
486,231,3.0,839537093
486,253,4.0,839537142
486,266,5.0,839537186
486,288,2.0,839536984
486,292,4.0,839537112
486,293,5.0,839537372
486,296,5.0,839536920
487,260,4.0,1428574154
488,1,4.5,1112382025
488,17,5.0,1112382176
488,26,2.5,1112382126
488,34,3.0,1112382292
488,36,4.5,1112382199
488,73,2.5,1112382455
488,105,3.0,1112381909
488,150,3.5,1112382786
488,168,1.5,1112381810
488,232,1.5,1112382297
488,246,4.0,1112381815
488,272,4.5,1112381948
489,2,2.5,1333101570
489,5,2.0,1385823772
489,7,4.0,1334587547
489,10,2.5,1333101410
489,11,1.5,1334170648
489,17,4.5,1332773255
489,18,2.0,1333234401
489,19,2.0,1333101593
489,21,2.5,1333101507
489,22,3.5,1333022826
489,32,3.5,1333023575
489,34,2.0,1333101391
489,39,3.5,1332772964
489,46,3.5,1333658594
489,47,3.0,1333101316
489,48,4.0,1334587634
489,70,2.0,1385823826
489,95,1.5,1333101502
489,105,4.5,1333231499
489,110,4.5,1332772116
489,111,3.0,1333101521
489,141,3.5,1333101499
489,150,3.5,1333023417
489,151,3.5,1332774582
489,153,3.0,1334169992
489,160,1.0,1334171163
489,161,3.0,1385823494
489,165,3.0,1333830649
489,168,0.5,1332774713
489,172,0.5,1332774588
489,185,0.5,1334170387
489,186,1.5,1332774765
489,231,2.5,1333101376
489,247,4.0,1333232267
489,248,3.5,1333658981
489,249,3.0,1333234564
489,253,4.0,1332772731
489,256,1.5,1385823980
489,261,4.0,1333022921
489,266,3.5,1332773991
489,293,4.5,1332773372
489,296,4.0,1333101247
490,1,3.5,1328229305
490,5,0.5,1324370305
490,186,2.0,1324370360
490,215,4.0,1324374039
490,231,1.5,1328229372
490,296,4.0,1334940348
491,104,2.5,1523814260
492,1,4.0,863975949
492,3,4.0,863976005
492,5,3.0,863976004
492,6,3.0,863976004
492,7,3.0,863976055
492,9,5.0,863976201
492,12,3.0,863976249
492,14,3.0,863976101
492,32,3.0,863975946
492,36,4.0,863976004
492,52,3.0,863976101
492,61,4.0,863976447
492,62,4.0,863975954
492,63,3.0,863976526
492,64,3.0,863976525
492,65,5.0,863976248
492,66,3.0,863976249
492,74,4.0,863976249
492,75,3.0,863976878
492,76,5.0,863976409
492,79,4.0,863976101
492,88,5.0,863976409
492,95,3.0,863975954
492,100,3.0,863976249
492,103,3.0,863976674
492,104,4.0,863976055
492,112,5.0,863976055
492,135,4.0,863976101
492,140,3.0,863976201
492,141,3.0,863975953
492,260,4.0,863976004
493,6,4.0,1001562846
493,110,5.0,1001562412
493,163,4.0,1001562930
493,260,5.0,1001562629
494,110,5.0,1001666439
494,260,5.0,1001666564
495,19,4.5,1458636447
495,50,4.0,1458634563
495,104,4.5,1458635979
495,145,4.0,1458636175
495,150,4.5,1458635325
495,158,3.5,1458636427
495,160,3.0,1458636521
495,173,0.5,1458636484
495,208,3.0,1458636389
495,216,4.0,1458636085
495,223,4.0,1458635676
495,231,4.0,1458636352
497,2,2.5,1429127190
497,19,4.0,1429127195
497,50,3.0,1429127291
497,111,5.0,1432417922
497,260,2.0,1429127353
498,7,4.0,839197378
498,10,3.0,839197307
498,34,3.0,839197341
498,47,3.0,839197341
498,62,5.0,839197444
498,104,5.0,839197433
498,110,5.0,839197320
498,150,5.0,839197204
498,153,3.0,839196963
498,161,5.0,839197289
498,185,3.0,839197307
498,208,3.0,839197307
498,216,5.0,839197392
498,231,5.0,839197230
498,292,3.0,839197282
498,296,4.0,839197204
500,1,4.0,1005527755
500,11,1.0,1005528017
500,39,1.0,1005527926
500,101,1.0,1005527980
500,104,4.0,1005528065
500,176,5.0,1005527755
500,180,4.0,1005527980
500,216,4.0,1005527406
500,231,1.0,1005528039
500,260,4.0,1005527309
501,2,3.0,844973419
501,3,5.0,844973817
501,5,3.0,844973535
501,6,3.0,844973487
501,7,4.0,844973817
501,8,3.0,844974090
501,10,4.0,844973340
501,11,3.0,844973340
501,15,1.0,844973980
501,16,3.0,844973535
501,17,3.0,844973419
501,18,5.0,844974006
501,20,1.0,844974037
501,21,3.0,844973340
501,25,2.0,844973487
501,27,3.0,844973931
501,32,3.0,844973340
501,36,3.0,844973487
501,45,3.0,844973535
501,50,3.0,844973340
501,61,3.0,844973980
501,62,3.0,844973487
501,73,2.0,844974214
501,86,3.0,844974037
501,93,3.0,844974090
501,95,4.0,844973419
501,103,3.0,844974425
501,112,3.0,844973559
501,135,2.0,844973980
501,141,5.0,844973419
502,45,3.5,1111757345
503,147,5.0,1335214520
503,175,4.5,1335214491
503,296,5.0,1335219269
504,1,4.0,1063644695
504,22,3.5,1063644469
504,186,3.0,1063644456
504,296,4.0,1064451554
505,47,5.0,1298780253
505,273,3.0,1298779467
506,27,3.0,1424487740
506,39,5.0,1424487595
507,34,5.0,838964683
507,39,3.0,838964728
507,47,3.0,838964683
507,110,3.0,838964648
507,150,3.0,838964550
507,153,3.0,838964572
507,165,3.0,838964572
507,253,3.0,838964628
507,266,3.0,838964765
508,107,2.0,1268297485
508,135,1.0,1268297488
509,1,4.0,1435992343
509,5,1.5,1435992893
509,13,3.0,1436101243
509,17,3.0,1435992515
509,19,4.0,1436027225
509,28,3.5,1436031727
509,32,4.0,1435998135
509,34,3.5,1435998986
509,39,4.0,1435992749
509,48,3.5,1436000115
509,153,2.0,1436027234
509,231,2.5,1436027198
509,260,4.0,1435992290
509,262,4.5,1436027600
509,296,3.5,1436101835
510,7,1.0,1141158812
510,16,1.0,1141158760
510,50,4.0,1141160526
510,101,4.0,1141159388
510,104,3.0,1141159085
510,145,3.0,1141159088
510,185,0.5,1141159094
510,216,3.0,1141159400
510,231,3.5,1141159097
512,2,3.0,841449636
512,32,5.0,841449445
512,39,4.0,841449426
512,47,5.0,841449359
512,50,5.0,841449402
512,110,5.0,841449335
512,150,4.0,841449202
512,151,5.0,841449579
512,160,4.0,841449426
512,161,4.0,841449281
512,165,5.0,841449233
512,185,3.0,841449335
512,208,3.0,841449308
512,225,3.0,841449381
512,253,5.0,841449308
512,288,5.0,841449335
512,292,3.0,841449281
512,296,5.0,841449203
513,7,3.0,1159980407
513,32,4.0,1159980466
513,110,4.0,1159980717
513,150,4.5,1159980647
513,235,4.5,1159980374
513,260,5.0,1159980693
513,266,3.5,1159980354
513,296,4.5,1159980578
514,1,4.0,1533872400
514,11,4.0,1533949297
514,16,3.5,1533872553
514,22,3.0,1533947171
514,34,4.0,1533872519
514,44,2.5,1533945558
514,47,4.0,1533872325
514,62,4.0,1533949200
514,150,4.0,1533948837
514,161,4.0,1533948998
514,162,4.0,1537799250
514,185,3.0,1533946543
514,260,5.0,1533871727
514,261,2.5,1534048178
514,296,4.0,1533945044
515,50,4.5,1513678307
515,260,5.0,1513602000
516,260,5.0,994624788
517,1,4.0,1487954343
517,2,3.0,1487954340
517,10,0.5,1487957717
517,17,0.5,1487953834
517,34,5.0,1487954303
517,47,2.0,1487958109
517,107,1.0,1487956132
517,110,1.5,1487953160
517,158,2.0,1487954337
517,165,2.5,1487957639
517,260,3.5,1487957618
517,272,1.0,1488399245
517,277,5.0,1487955694
518,24,2.5,1056907643
518,31,1.0,1056907629
520,10,4.0,1326609139
520,19,1.0,1326609359
520,32,3.5,1326608236
520,135,3.5,1326607926
520,235,3.5,1326609630
520,253,4.0,1326609226
520,256,3.0,1326610296
521,5,3.0,852713143
521,6,4.0,852713143
521,7,3.0,852713143
521,14,4.0,852713185
521,18,4.0,852713356
521,25,5.0,852713083
521,29,3.0,852713417
521,32,3.0,852713082
521,36,4.0,852713143
521,43,4.0,852713446
521,52,4.0,852713185
521,58,4.0,852713185
521,79,4.0,852713251
521,81,3.0,852713417
521,86,4.0,852713380
521,95,3.0,852713082
521,103,3.0,852713493
521,104,3.0,852713185
521,112,3.0,852713143
521,140,3.0,852713251
522,1,3.0,1253344674
522,10,4.5,1253344761
522,50,4.5,1253430096
522,62,3.0,1253345769
522,110,4.0,1253344666
522,141,3.5,1253345731
522,180,4.5,1371443469
522,223,5.0,1253345772
522,260,5.0,1253344662
522,296,5.0,1253343461
523,2,4.5,1503126180
523,293,5.0,1503125936
524,1,4.0,851608466
524,6,4.0,852404399
524,10,4.0,851608818
524,12,1.0,852404800
524,19,3.0,851609256
524,20,2.0,851609083
524,21,3.0,852404913
524,23,2.0,851608986
524,25,3.0,851608466
524,32,3.0,851608466
524,47,5.0,851608960
524,50,2.0,851608781
524,76,2.0,852404800
524,86,3.0,852404550
524,95,4.0,851608466
524,110,3.0,851608745
524,112,3.0,852404734
524,119,3.0,851609623
524,150,5.0,851608745
524,151,5.0,851608839
524,153,3.0,851609297
524,161,5.0,851608781
524,165,3.0,851608818
524,168,2.0,851608875
524,172,3.0,851609213
524,173,1.0,851609191
524,185,3.0,851608818
524,193,2.0,851609711
524,196,3.0,851608986
524,204,3.0,851608839
524,208,1.0,851609297
524,235,4.0,851609487
524,253,3.0,851609837
524,260,5.0,851609016
525,1,4.0,1476475973
525,2,3.5,1476480324
525,34,3.0,1476480775
525,39,4.5,1476477672
525,47,3.5,1476476493
525,48,3.0,1476480566
525,50,4.5,1476476363
525,62,3.5,1476480183
525,107,3.5,1476478476
525,150,4.0,1476480166
525,158,3.5,1476480496
525,180,3.5,1476477577
525,223,3.5,1476477499
525,236,4.0,1476477698
525,260,4.0,1476475805
525,292,3.5,1476477448
525,293,4.0,1476477960
526,215,5.0,1502132362
526,296,4.0,1502132896
527,2,4.0,1033173338
527,30,1.0,1033173581
527,34,5.0,1033173966
527,48,3.0,1033173290
527,260,5.0,1033173453
528,1,2.5,1391736605
528,110,5.0,1391736104
528,150,4.0,1391736830
528,296,4.0,1391735987
529,1,3.0,855583216
529,7,2.0,855583292
529,32,5.0,855583215
529,62,3.0,855583216
529,65,1.0,855583470
529,95,4.0,855583216
529,104,3.0,855583362
529,135,4.0,855583422
529,141,3.0,855583216
529,260,5.0,855583422
530,11,4.0,843227087
530,150,4.0,843226673
530,161,3.0,843226836
530,208,3.0,843226873
530,292,4.0,843226801
531,10,4.0,1032961647
531,260,5.0,1032961819
532,6,5.0,1025523798
532,110,5.0,1025523258
532,111,4.0,1025523322
532,290,3.0,1025570521
532,293,3.0,1025570482
533,1,5.0,1424753740
534,1,4.0,1459787997
534,2,4.5,1459787996
534,10,4.0,1459787996
534,19,4.0,1459787996
534,31,3.5,1459788707
534,34,4.0,1459793302
534,44,4.0,1459788735
534,47,4.0,1459787998
534,48,4.0,1459792580
534,104,4.0,1459787997
534,153,3.5,1459787996
534,158,4.0,1465036614
534,160,3.5,1459788743
534,165,4.5,1459787998
534,169,3.5,1459797094
534,173,4.0,1459787997
534,180,4.5,1459787999
534,208,4.0,1459788715
534,223,4.0,1465036485
534,231,3.0,1465036569
534,253,4.0,1465036574
534,260,4.5,1459787998
536,45,5.0,832840081
536,110,5.0,832839862
536,150,5.0,832839783
536,165,2.0,832839804
536,196,1.0,832839926
536,225,4.0,832839862
536,232,2.0,832840090
536,233,3.0,832840121
536,253,1.0,832839848
536,261,5.0,832839938
536,272,5.0,832840002
536,276,3.0,832839990
536,292,1.0,832839848
538,158,4.5,1307845469
539,65,4.5,1332474525
539,88,3.5,1332474517
540,47,4.5,1179109020
540,145,3.5,1179107805
540,260,5.0,1179108620
540,296,5.0,1179108599
541,1,3.0,835643027
541,7,4.0,835644446
541,10,4.0,835642985
541,11,4.0,835643146
541,15,3.0,835643931
541,19,2.0,835643052
541,22,4.0,835643333
541,47,1.0,835643038
541,50,5.0,835643052
541,95,3.0,835643186
541,110,5.0,835643027
541,132,4.0,835643931
541,153,3.0,835642942
541,161,5.0,835642985
541,163,2.0,835643373
541,165,3.0,835642942
541,196,3.0,835643146
541,203,3.0,835643421
541,208,2.0,835643013
541,218,4.0,835643421
541,224,4.0,835643266
541,248,3.0,835643551
541,253,4.0,835643013
541,259,3.0,835644070
541,281,3.0,835643551
541,288,1.0,835643027
541,293,3.0,835643161
542,47,5.0,1163386913
542,141,4.0,1163387515
542,186,3.5,1163386601
542,296,3.5,1163386827
543,135,5.0,1230602081
543,165,5.0,1377022834
543,213,0.5,1377069202
543,231,5.0,1377069313
543,267,5.0,1230602169
544,1,3.0,850688537
544,3,3.0,850688562
544,14,3.0,850688581
544,32,3.0,850688537
544,40,5.0,850688776
544,62,5.0,850688537
544,68,5.0,850688776
544,95,4.0,850688537
544,116,5.0,850688776
545,44,2.5,1240358381
546,70,5.0,973588518
546,104,4.0,973588258
546,158,2.0,973588258
546,240,3.0,973588747
546,293,3.0,973588464
548,69,5.0,1488243429
548,260,3.5,1488825015
549,110,3.0,1464282652
549,260,2.0,1464282588
549,293,5.0,1464282636
550,1,4.0,1488728441
551,47,4.5,1505548073
551,110,3.5,1504317349
551,260,3.5,1505548034
551,293,4.5,1505548068
551,296,3.5,1504925815
552,3,1.0,1111472953
552,19,3.5,1111473056
552,25,3.0,1112151250
552,95,1.5,1111473067
552,104,3.0,1111472958
552,161,2.5,1111473069
552,173,1.0,1112151209
552,235,4.0,1111472950
552,296,4.0,1111473067
553,6,5.0,1219558120
553,16,5.0,1219558107
553,32,5.0,1219564918
553,42,4.0,1219559052
553,50,4.0,1219557525
553,165,4.5,1230773383
553,231,3.5,1230773406
553,293,4.0,1230773504
553,296,5.0,1219557512
554,170,5.0,944903307
555,1,4.0,978746159
555,3,5.0,978747454
555,19,3.0,980123949
555,21,4.0,978746440
555,24,5.0,978841879
555,29,4.0,978841345
555,32,4.0,978841464
555,39,4.0,978746326
555,50,5.0,978819462
555,65,3.0,980125946
555,72,3.0,978746552
555,75,3.0,980125866
555,88,4.0,980126008
555,104,5.0,978746676
555,110,5.0,978840250
555,116,3.0,980124922
555,141,4.0,978746874
555,145,4.0,978748996
555,150,4.0,978748797
555,153,3.0,978749155
555,155,1.0,978749372
555,160,2.0,978842115
555,172,2.0,978842115
555,173,1.0,978842149
555,185,3.0,978841950
555,186,3.0,978747317
555,187,5.0,978746596
555,196,3.0,978841950
555,203,3.0,978747627
555,216,3.0,978747041
555,218,4.0,978747454
555,231,4.0,978746933
555,260,5.0,978841221
555,293,5.0,978840381
555,296,4.0,978840045
557,10,4.5,1452797765
557,150,4.5,1452874576
557,165,5.0,1452797740
557,231,3.5,1452797746
557,260,3.0,1452797284
558,94,3.0,1035415930
558,223,4.0,1035416048
558,296,3.0,1035415412
559,1,5.0,865095758
559,2,4.0,845476032
559,6,5.0,865095857
559,10,3.0,845475880
559,15,3.0,845476569
559,19,2.0,845475946
559,32,3.0,845475965
559,34,5.0,845475917
559,36,4.0,845476089
559,39,3.0,845475987
559,48,3.0,845476159
559,58,4.0,865095758
559,66,3.0,865096234
559,76,3.0,865096444
559,95,4.0,865095801
559,104,3.0,845476382
559,107,3.0,845476830
559,110,4.0,845475880
559,112,3.0,845476335
559,135,3.0,865096085
559,145,3.0,845476229
559,150,3.0,845475789
559,153,3.0,845475828
559,160,2.0,845475987
559,161,3.0,845475880
559,165,3.0,845475827
559,168,3.0,845476105
559,173,3.0,845475999
559,174,1.0,845476569
559,185,3.0,845475896
559,186,3.0,845476065
559,196,3.0,845476032
559,204,2.0,845476056
559,207,4.0,845476370
559,218,5.0,845476352
559,227,3.0,845476247
559,234,3.0,845476293
559,237,4.0,845476218
559,253,3.0,845475896
559,255,2.0,845476518
559,260,5.0,865095758
559,265,5.0,845476125
559,273,3.0,845476170
559,275,2.0,845476898
559,292,3.0,845475880
559,296,3.0,845475789
560,1,3.0,1469653413
560,32,3.5,1469647882
560,34,2.5,1469647264
560,47,4.0,1469648029
560,48,2.5,1469654312
560,50,4.0,1469647239
560,70,4.0,1469653546
560,97,4.0,1469653182
560,110,4.0,1469652439
560,150,4.0,1469648079
560,163,3.5,1469654276
560,208,3.5,1469647278
560,223,4.0,1469657652
560,260,4.0,1469647797
560,288,3.5,1469649265
560,293,4.5,1469647274
560,296,4.0,1469647859
561,1,4.0,1491094681
561,2,4.0,1491094318
561,5,3.0,1491094488
561,6,4.0,1491092289
561,31,2.5,1491094481
561,32,3.5,1491091981
561,34,2.5,1491095062
561,39,3.0,1491091334
561,44,2.0,1491091620
561,47,4.5,1491091954
561,50,4.5,1491090860
561,110,5.0,1491090875
561,145,3.0,1491094544
561,185,2.0,1491094546
561,204,1.5,1491091780
561,216,2.5,1491094342
561,253,3.0,1491092013
561,260,4.5,1491090699
561,293,4.0,1491094655
561,296,4.5,1491092060
562,1,4.5,1368893997
562,50,4.0,1368894758
562,110,4.0,1368893870
562,150,3.0,1368893697
562,204,3.0,1368892062
562,223,4.0,1368893897
562,296,5.0,1368894104
563,2,2.5,1447185161
563,34,2.0,1441846213
563,48,3.5,1440800284
564,39,3.5,1478453734
564,104,3.0,1478452443
565,19,3.0,846533399
565,21,3.0,846533399
565,32,5.0,846533428
565,34,4.0,846533367
565,47,4.0,846533338
565,50,5.0,846533399
565,150,3.0,846533209
565,153,2.0,846533245
565,165,3.0,846533245
565,231,3.0,846533273
565,296,5.0,846533209
566,2,4.0,849005893
566,7,4.0,849006845
566,10,3.0,849005345
566,11,5.0,849005826
566,17,5.0,849006000
566,21,4.0,849005643
566,25,2.0,849006116
566,32,4.0,849005720
566,39,4.0,849005720
566,50,5.0,849005642
566,57,3.0,849006827
566,110,5.0,849005345
566,141,5.0,849006000
566,144,3.0,849006827
566,150,3.0,849005096
566,151,4.0,849006044
566,161,4.0,849005345
566,165,3.0,849005206
566,203,4.0,849006776
566,208,1.0,849005345
566,224,4.0,849006887
566,231,2.0,849005257
566,235,2.0,849006071
566,236,4.0,849005968
566,252,4.0,849006044
566,253,5.0,849005495
566,256,3.0,849006157
566,261,5.0,849006113
566,265,5.0,849006157
566,266,4.0,849005793
566,292,3.0,849005292
566,296,4.0,849005100
567,1,3.5,1525286001
567,34,2.5,1525288053
567,50,1.0,1525282012
567,101,3.0,1525287210
567,260,2.0,1525288368
568,50,5.0,1243576177
568,147,3.0,1243575917
568,296,4.5,1253767257
569,10,4.0,849190709
569,50,3.0,849190709
569,153,5.0,849190609
569,165,5.0,849190610
569,185,4.0,849190739
569,231,3.0,849190632
569,296,5.0,849190587
570,1,4.0,1181476989
570,2,3.5,1181477805
570,10,3.5,1181477300
570,11,3.5,1181477768
570,25,4.0,1181477537
570,32,4.0,1181477032
570,34,3.5,1181477210
570,39,3.0,1181477492
570,47,3.5,1181477162
570,95,2.5,1181477499
570,110,3.5,1181476971
570,111,3.0,1181477646
570,141,2.5,1181477496
570,150,4.0,1181476644
570,153,2.5,1181477153
570,160,2.5,1181478331
570,161,3.0,1181477445
570,165,4.0,1181477140
570,185,2.5,1181477457
570,186,0.5,1181476009
570,208,2.5,1181477417
570,231,2.5,1181477261
570,253,3.0,1181477393
570,260,3.5,1181476632
570,282,3.0,1181476033
570,292,3.5,1181477327
570,293,3.5,1181477740
571,12,1.0,966901337
571,70,2.0,966900368
571,152,2.0,966900418
571,253,5.0,966900555
572,1,4.0,945892484
572,17,5.0,945888053
572,21,5.0,945890765
572,62,4.0,945890338
572,111,4.0,945889997
572,150,4.0,945889951
572,161,3.0,946482678
572,260,5.0,945888912
573,1,5.0,1186722182
573,2,4.5,1187044862
573,6,4.5,1248842019
573,10,4.5,1186722464
573,47,5.0,1186589586
573,50,5.0,1248841981
573,104,5.0,1187044894
573,110,5.0,1186589227
573,150,3.0,1186722115
573,153,1.5,1186722291
573,163,5.0,1186589409
573,165,5.0,1186722398
573,185,3.5,1186722546
573,231,5.0,1186590109
573,260,5.0,1186589669
573,293,5.0,1186804237
573,296,5.0,1186589250
574,47,5.0,834634527
574,110,5.0,834634504
574,150,4.0,834634383
574,153,3.0,834634408
574,161,4.0,834634464
574,185,2.0,834634481
574,225,4.0,834634527
574,231,5.0,834634443
574,292,4.0,834634464
574,296,3.0,834634383
575,296,5.0,926510724
576,29,3.5,1358151482
577,6,4.0,945967415
577,39,3.0,945964946
577,88,3.0,945968259
577,110,4.0,945966190
577,141,3.0,945964977
577,260,5.0,945965658
579,1,4.0,958881146
579,11,3.0,958879371
579,17,5.0,977364909
579,34,3.0,958880089
579,48,4.0,958881238
579,110,5.0,958881746
579,207,5.0,967961786
580,1,3.0,1167792349
580,6,4.0,1167789917
580,10,3.5,1167792602
580,16,4.5,1167790725
580,22,4.0,1167861702
580,25,4.0,1167789966
580,32,5.0,1167790855
580,34,2.5,1167673463
580,47,5.0,1167791127
580,50,5.0,1167789884
580,62,2.0,1167790047
580,70,5.0,1167673477
580,110,4.5,1167789859
580,111,4.0,1167673449
580,153,2.0,1167674840
580,172,3.5,1167792949
580,208,4.0,1167792953
580,223,3.5,1168085202
580,224,3.5,1167861761
580,231,2.5,1167673475
580,260,4.0,1167860858
580,292,3.0,1167790141
580,293,5.0,1167783708
580,296,5.0,1167789886
582,260,4.0,1446792609
583,39,5.0,1481474136
583,104,3.0,1481474437
583,216,4.0,1481474353
583,239,4.5,1481474354
583,296,4.0,1481474161
584,1,5.0,834987643
584,10,5.0,834987172
584,19,3.0,834987751
584,22,4.0,834988132
584,34,3.0,834987730
584,39,1.0,834987810
584,47,5.0,834987730
584,48,5.0,834988006
584,60,5.0,834988340
584,110,5.0,834987672
584,150,5.0,834987019
584,153,3.0,834987064
584,158,5.0,834987959
584,160,5.0,834987810
584,161,5.0,834987172
584,165,5.0,834987064
584,173,4.0,834987843
584,185,5.0,834987643
584,186,5.0,834987912
584,193,1.0,834988027
584,196,4.0,834987890
584,203,5.0,834988194
584,204,4.0,834987933
584,208,4.0,834987643
584,218,4.0,834988194
584,225,5.0,834987730
584,227,4.0,834988106
584,231,2.0,834987145
584,234,2.0,834988230
584,236,4.0,834987866
584,237,5.0,834988106
584,252,4.0,834987890
584,253,3.0,834987643
584,256,4.0,834987959
584,257,5.0,834988281
584,261,5.0,834987933
584,276,3.0,834988063
584,282,5.0,834987866
584,288,1.0,834987672
584,292,5.0,834987172
584,293,3.0,834987912
584,296,3.0,834987020
585,16,5.0,1307417343
585,88,4.0,1307416427
585,111,4.5,1307581719
585,175,3.5,1307416442
585,223,4.5,1307417422
585,296,5.0,1307418531
586,2,4.0,1529901723
586,110,5.0,1529899907
586,161,4.5,1529901379
586,168,3.5,1529902272
586,185,3.5,1529902031
586,260,4.5,1529899127
587,1,5.0,953137847
587,11,4.0,953138510
587,21,4.0,953138653
587,32,5.0,953141417
587,50,5.0,953141366
587,58,5.0,953141592
587,141,4.0,953138865
587,153,3.0,953140530
587,205,3.0,953138273
587,235,4.0,953138131
587,236,5.0,953139541
587,252,4.0,953140266
587,296,5.0,953141880
588,3,3.0,839317471
588,6,5.0,839316454
588,10,3.0,839316215
588,16,4.0,839316454
588,20,2.0,839317230
588,21,3.0,839316350
588,22,3.0,839317568
588,25,3.0,839316993
588,36,2.0,839316709
588,42,3.0,839316637
588,47,3.0,839316278
588,50,5.0,839316659
588,110,5.0,839316241
588,147,3.0,839317076
588,150,3.0,839316050
588,161,4.0,839316184
588,163,3.0,839317316
588,165,4.0,839316092
588,175,4.0,839317272
588,185,1.0,839316215
588,198,3.0,839317286
588,204,2.0,839317108
588,208,2.0,839316215
588,217,1.0,839317437
588,223,5.0,839317085
588,225,3.0,839316350
588,231,2.0,839316145
588,253,2.0,839316215
588,288,3.0,839316241
588,292,3.0,839316184
588,296,5.0,839316050
589,25,5.0,856038816
589,36,5.0,856038894
589,111,5.0,856043304
589,150,4.0,856043430
589,161,3.0,856045612
589,185,3.0,856045612
589,193,3.0,856043369
589,231,4.0,856046112
589,235,4.0,856043305
589,246,5.0,856043304
589,282,4.0,856043430
589,296,5.0,856045408
590,1,4.0,1258420408
590,2,2.5,1258420835
590,3,3.0,1258416995
590,5,2.0,1258421220
590,6,3.5,1258420706
590,10,3.5,1258420600
590,11,3.0,1258419975
590,17,3.5,1258418302
590,19,2.0,1258420848
590,32,3.0,1258420444
590,36,3.5,1258420766
590,47,3.0,1258420506
590,50,4.5,1264910688
590,104,3.5,1258416985
590,110,4.0,1258420384
590,111,4.0,1260379976
590,150,4.5,1258416681
590,153,2.5,1258416677
590,161,4.0,1258420680
590,163,3.0,1266472591
590,165,3.0,1266472448
590,168,3.0,1258421429
590,186,2.5,1258419966
590,193,2.0,1258422888
590,196,2.5,1258416975
590,216,2.0,1258422557
590,231,2.0,1258420566
590,260,5.0,1258416665
590,277,3.0,1258422344
590,296,4.5,1258420369
591,24,2.0,970525102
591,223,4.0,970524802
591,260,5.0,970524685
592,2,4.0,837350242
592,6,3.0,837350390
592,10,3.0,837349966
592,15,4.0,837350747
592,19,4.0,837350082
592,21,3.0,837350081
592,24,4.0,837350801
592,39,4.0,837350111
592,44,3.0,837350308
592,93,3.0,837350801
592,95,3.0,837350282
592,110,5.0,837349998
592,112,3.0,837350598
592,141,3.0,837354395
592,145,3.0,837354148
592,150,5.0,837349827
592,153,3.0,837349868
592,158,4.0,837350308
592,160,3.0,837350111
592,161,4.0,837349924
592,163,5.0,837350419
592,165,3.0,837349867
592,173,3.0,837350176
592,177,1.0,837350786
592,185,3.0,837349966
592,196,3.0,837350221
592,198,5.0,837350578
592,204,3.0,837350260
592,208,4.0,837349966
592,225,3.0,837354309
592,231,3.0,837354238
592,240,2.0,837351074
592,253,4.0,837349966
592,276,3.0,837354148
592,277,3.0,837354148
592,293,4.0,837350260
592,296,4.0,837349829
593,34,4.0,1181008004
593,41,4.0,1181007216
593,50,4.5,1181007737
593,110,3.0,1181007627
593,141,4.0,1181008333
593,150,3.0,1181008132
593,231,2.5,1181008058
593,260,5.0,1181007473
594,2,4.0,1109037094
594,3,4.0,1108798921
594,11,5.0,1109036973
594,17,4.0,1108972872
594,28,4.5,1108973143
594,39,4.5,1115885611
594,46,4.5,1108973615
594,48,4.5,1109038257
594,70,3.5,1108951120
594,110,5.0,1109036538
594,140,4.5,1108973651
594,145,4.0,1108975153
594,150,3.5,1109036542
594,158,4.5,1109038350
594,160,5.0,1108975463
594,165,4.5,1109036671
594,186,3.5,1111977569
594,196,4.0,1108951281
594,204,4.5,1108975087
594,208,5.0,1109036873
594,223,4.0,1109037031
594,252,5.0,1108973713
594,253,0.5,1108950825
594,270,4.5,1108973606
594,273,3.0,1108951263
594,284,4.5,1108975148
594,289,4.5,1108973497
595,50,5.0,938807286
595,265,5.0,938807394
596,1,4.0,1535709666
596,32,3.5,1535709749
596,34,4.0,1535827362
596,39,4.0,1535827547
596,50,3.5,1535709301
596,141,3.5,1535829766
596,150,3.5,1535827366
596,153,2.5,1535711533
596,260,4.0,1535627138
597,1,4.0,941557863
597,6,3.0,940420695
597,7,1.0,941558874
597,10,3.0,941729264
597,11,3.0,941558713
597,17,3.0,940362409
597,21,5.0,941559030
597,34,4.0,940362281
597,39,4.0,941558116
597,42,3.0,941729264
597,45,5.0,941559030
597,47,4.0,940361541
597,50,5.0,940362491
597,52,4.0,941559030
597,69,4.0,941558258
597,70,2.0,941559139
597,101,5.0,940361171
597,104,5.0,941558713
597,110,5.0,940420585
597,125,4.0,940361937
597,144,2.0,941559554
597,145,2.0,941729576
597,153,3.0,941729824
597,159,2.0,940361870
597,173,1.0,941730578
597,176,4.0,940361416
597,223,3.0,941558145
597,232,5.0,941557914
597,235,4.0,941558002
597,236,2.0,941559200
597,246,5.0,940362409
597,260,5.0,940420585
597,281,5.0,941641805
597,288,3.0,941730541
597,292,4.0,941729576
599,1,3.0,1498524204
599,2,2.5,1498514085
599,3,1.5,1498505071
599,6,4.5,1498539623
599,7,2.5,1498514161
599,9,1.5,1498504960
599,10,3.5,1498500281
599,11,2.5,1498516445
599,12,1.5,1519181787
599,15,1.5,1519239842
599,16,3.0,1498523389
599,17,3.5,1498501103
599,18,3.0,1498523048
599,19,3.0,1498524930
599,20,1.5,1498504813
599,21,4.0,1498499235
599,23,1.0,1498503332
599,24,2.5,1498517444
599,26,2.5,1498518655
599,29,3.5,1498500987
599,31,2.0,1498511120
599,32,3.0,1498519822
599,39,3.0,1498525783
599,41,2.5,1498518847
599,42,3.0,1498525483
599,43,3.0,1519347048
599,44,2.5,1498517161
599,45,2.5,1498516640
599,47,4.0,1498499364
599,50,3.5,1498500777
599,52,3.0,1498525392
599,57,2.5,1519240604
599,60,2.0,1519118310
599,61,2.5,1519327817
599,65,2.0,1498511235
599,69,2.5,1498515243
599,70,3.5,1498501183
599,73,3.0,1519421396
599,75,1.0,1519353713
599,76,2.5,1498518457
599,79,2.0,1519336237
599,81,2.5,1498517265
599,87,0.5,1519184941
599,88,0.5,1498533540
599,89,2.5,1498517086
599,93,1.5,1498504070
599,95,2.0,1498510588
599,97,3.0,1519120150
599,100,2.0,1498511085
599,101,2.5,1498515741
599,104,2.5,1498516461
599,110,3.5,1498501202
599,111,3.5,1498500979
599,112,5.0,1498539725
599,141,3.0,1498523594
599,144,2.5,1519343783
599,145,3.0,1498524108
599,147,2.5,1519137306
599,150,2.5,1498518425
599,153,2.0,1498511246
599,155,2.5,1519366950
599,157,1.5,1519259638
599,158,1.0,1519124223
599,159,2.5,1498513783
599,160,2.5,1498514053
599,161,3.5,1498797906
599,163,3.5,1498501671
599,164,2.5,1498514387
599,165,3.0,1498521550
599,168,1.5,1498504534
599,170,3.0,1498525675
599,172,2.0,1498510855
599,173,2.5,1498514499
599,175,2.5,1498517973
599,180,3.0,1498521352
599,181,1.0,1519175718
599,185,2.5,1498514270
599,186,1.5,1498504452
599,188,2.5,1498518504
599,191,1.5,1519326661
599,193,1.5,1519124888
599,195,1.5,1519142337
599,196,2.5,1498516327
599,198,3.0,1498531881
599,203,2.5,1498514928
599,207,2.5,1519237998
599,208,2.5,1498516434
599,209,2.5,1498518003
599,210,2.0,1519256344
599,215,4.5,1498539255
599,216,2.5,1498516455
599,218,2.0,1498510964
599,223,3.5,1498500829
599,229,2.5,1498518838
599,230,2.0,1519183528
599,231,3.5,1498501223
599,233,3.0,1519143594
599,234,1.0,1519353754
599,235,3.5,1498501034
599,236,2.5,1498514152
599,237,2.0,1519342967
599,240,1.5,1519173207
599,248,1.5,1519330797
599,250,1.0,1519331237
599,252,2.0,1519181428
599,253,3.0,1519120397
599,256,2.0,1519146338
599,260,5.0,1498533468
599,262,2.5,1519145391
599,267,1.0,1498503462
599,270,1.5,1519145669
599,274,1.0,1498503536
599,276,3.0,1498523577
599,277,1.5,1498504462
599,281,3.0,1498524397
599,282,2.0,1498511326
599,288,3.0,1498615482
599,292,3.0,1519243230
599,293,5.0,1498456035
599,296,5.0,1498456867
600,1,2.5,1237764347
600,2,4.0,1237764627
600,4,1.5,1237760055
600,5,2.5,1237759452
600,7,3.5,1237851387
600,17,3.5,1237712509
600,19,3.0,1237709125
600,24,2.0,1237707977
600,29,4.5,1237713604
600,32,4.5,1237858629
600,34,2.0,1237711536
600,39,3.0,1237858693
600,46,3.0,1237851925
600,47,4.0,1237852430
600,52,3.5,1237715563
600,62,2.5,1237713038
600,72,1.0,1237760885
600,73,3.5,1237760041
600,101,4.5,1237851915
600,104,3.0,1237857215
600,110,2.0,1237759135
600,141,3.5,1237715130
600,145,2.5,1237711800
600,150,2.0,1237710443
600,151,3.0,1237742676
600,160,2.5,1237857208
600,161,1.0,1237851095
600,165,2.5,1237713030
600,172,2.0,1237851381
600,181,2.5,1237851910
600,185,2.5,1237713026
600,186,2.5,1237715539
600,193,1.0,1237715525
600,195,2.0,1237714178
600,203,3.0,1237760010
600,208,2.0,1237852412
600,216,3.0,1237715516
600,223,2.5,1237715120
600,225,2.0,1237713593
600,231,3.5,1237742353
600,237,1.0,1237857199
600,239,2.0,1237714155
600,247,4.5,1237715494
600,252,2.0,1237715486
600,253,4.5,1237713014
600,256,2.0,1237707879
600,260,4.0,1237714798
600,261,3.0,1237707795
600,262,3.0,1237857429
600,266,3.5,1237713584
600,277,2.0,1237708403
600,282,2.5,1237713576
600,292,2.5,1237742346
600,296,4.5,1237712505
601,1,4.0,1521467801
601,47,4.0,1521467863
601,50,5.0,1441639169
602,2,4.0,840875851
602,6,3.0,840876055
602,10,3.0,840875622
602,11,3.0,840875825
602,14,5.0,840875999
602,16,3.0,840876085
602,19,2.0,840875700
602,21,4.0,840875720
602,22,3.0,840876417
602,25,4.0,840875998
602,29,2.0,840876620
602,32,3.0,840875779
602,34,1.0,840875700
602,36,3.0,840876228
602,39,5.0,840875757
602,45,5.0,840876055
602,47,5.0,840875668
602,50,5.0,840875720
602,52,3.0,840876566
602,95,3.0,840875901
602,100,3.0,840876228
602,110,5.0,840875647
602,125,3.0,840876475
602,141,4.0,840875901
602,144,3.0,840876566
602,150,4.0,840875508
602,151,4.0,840875876
602,153,4.0,840875538
602,158,3.0,840875930
602,160,3.0,840875757
602,161,4.0,840875594
602,163,3.0,840876620
602,164,4.0,840876085
602,165,5.0,840875538
602,170,3.0,840876475
602,171,3.0,840876566
602,172,3.0,840875930
602,173,3.0,840875801
602,176,4.0,840876086
602,185,3.0,840875647
602,193,2.0,840876620
602,194,2.0,840876597
602,198,3.0,840876055
602,204,4.0,840875901
602,208,3.0,840875622
602,215,3.0,840876123
602,224,3.0,840876123
602,225,3.0,840875700
602,229,3.0,840876123
602,230,4.0,840876228
602,231,2.0,840875558
602,235,4.0,840875901
602,246,3.0,840876228
602,252,3.0,840875876
602,253,3.0,840875621
602,260,5.0,840875999
602,266,4.0,840875779
602,280,3.0,840876260
602,281,3.0,840876475
602,282,2.0,840875825
602,288,3.0,840875647
602,290,3.0,840876032
602,292,3.0,840875594
602,293,3.0,840875901
602,296,5.0,840875508
603,1,4.0,963178147
603,6,4.0,963177624
603,16,4.0,963179585
603,17,3.0,954482210
603,21,5.0,963177624
603,25,4.0,954482181
603,28,5.0,953925191
603,29,2.0,963177361
603,30,4.0,963179273
603,32,3.0,963179615
603,34,4.0,963179273
603,36,4.0,953925157
603,39,5.0,954482276
603,45,4.0,963179538
603,52,1.0,963178236
603,53,5.0,963180003
603,57,2.0,963180025
603,58,3.0,954482414
603,62,1.0,963180075
603,70,4.0,953925705
603,77,4.0,954482106
603,82,1.0,963180075
603,85,5.0,953925191
603,97,4.0,963179791
603,99,5.0,954482070
603,101,4.0,963178236
603,105,1.0,954482571
603,108,4.0,954482070
603,110,1.0,963177645
603,111,5.0,953926758
603,112,4.0,963177385
603,121,4.0,953925072
603,123,3.0,954482255
603,125,4.0,963178281
603,145,4.0,963176570
603,149,2.0,963179615
603,153,1.0,963177510
603,156,2.0,963178259
603,162,5.0,954482046
603,163,5.0,954482505
603,164,4.0,953925390
603,166,4.0,963178761
603,172,2.0,963177950
603,175,5.0,963180153
603,176,4.0,963178102
603,184,4.0,963179880
603,187,4.0,963178398
603,190,3.0,1000194311
603,193,4.0,963176292
603,194,5.0,963179538
603,199,5.0,953926672
603,205,4.0,963178528
603,206,4.0,954482107
603,207,4.0,954482713
603,214,4.0,963179452
603,215,5.0,954482557
603,223,3.0,953925989
603,232,5.0,963178147
603,233,4.0,953926058
603,235,4.0,963178147
603,246,4.0,954482018
603,249,2.0,963180195
603,253,3.0,963176251
603,260,4.0,953926816
603,261,4.0,963176178
603,265,2.0,954482255
603,269,3.0,963180041
603,278,2.0,963178727
603,288,4.0,953925861
603,290,4.0,953925049
603,293,2.0,954482255
603,296,5.0,953925131
603,299,3.0,963179585
604,1,3.0,832079851
604,2,5.0,832080293
604,5,3.0,832080355
604,6,3.0,832080355
604,14,4.0,832081027
604,17,4.0,832080092
604,19,1.0,832080050
604,22,3.0,832080546
604,23,4.0,832081042
604,25,3.0,832080316
604,32,4.0,832079958
604,34,4.0,832079958
604,39,3.0,832079983
604,60,4.0,832080939
604,62,4.0,832080293
604,76,4.0,832080615
604,92,3.0,832080615
604,95,4.0,832080071
604,104,3.0,832081105
604,105,2.0,832080193
604,110,3.0,832079938
604,111,4.0,832079983
604,112,4.0,832080961
604,117,3.0,832080636
604,151,3.0,832080071
604,153,3.0,832079796
604,158,4.0,832080193
604,165,4.0,832079796
604,168,3.0,832080193
604,169,3.0,832081027
604,170,3.0,832080961
604,172,2.0,832080293
604,173,3.0,832080093
604,177,4.0,832081105
604,181,4.0,832081063
604,183,3.0,832080615
604,184,3.0,832080636
604,185,4.0,832079869
604,186,3.0,832080093
604,188,3.0,832080591
604,193,3.0,832080883
604,196,3.0,832080111
604,208,3.0,832079869
604,220,3.0,832080636
604,223,4.0,832080333
604,224,3.0,832080293
604,233,3.0,832081076
604,235,3.0,832080111
604,237,3.0,832080333
604,253,5.0,832079869
604,261,4.0,832080111
604,265,4.0,832080111
604,267,3.0,832081063
604,272,4.0,832080355
604,273,3.0,832080545
604,277,4.0,832080355
604,285,4.0,832080636
604,288,5.0,832079938
604,292,3.0,832079869
604,293,3.0,832080193
604,296,5.0,832079767
605,1,4.0,1277097561
605,2,3.5,1277176522
605,28,4.0,1277094943
605,73,3.0,1277094964
605,110,3.0,1277097540
605,150,5.0,1277096909
605,153,4.0,1277097287
605,260,5.0,1277097531
605,296,2.0,1277097498
606,1,2.5,1349082950
606,7,2.5,1171754710
606,11,2.5,1174349629
606,15,3.5,1171839063
606,17,4.0,1171838026
606,18,4.0,1171327151
606,19,2.0,1171814553
606,28,3.5,1173049970
606,29,4.5,1179419005
606,32,4.0,1173653921
606,36,3.5,1171820699
606,46,4.0,1171757334
606,47,3.0,1171927423
606,50,4.5,1171234887
606,58,3.5,1181771144
606,68,4.0,1171817003
606,70,4.0,1171733439
606,73,4.0,1171410274
606,80,4.0,1171409272
606,82,4.0,1175637619
606,92,3.5,1171365342
606,105,3.5,1171361541
606,110,3.5,1172969333
606,111,3.5,1171831405
606,140,3.0,1173396091
606,147,4.0,1173570342
606,154,4.0,1172968258
606,156,4.0,1171733425
606,157,4.0,1171234688
606,159,3.5,1171811156
606,168,2.5,1181509390
606,172,3.0,1172012520
606,175,3.5,1171810709
606,194,4.0,1171408317
606,198,4.0,1171756497
606,202,3.0,1172015598
606,207,3.5,1171837525
606,215,4.0,1173483991
606,223,4.5,1171322828
606,224,4.0,1171361082
606,225,3.0,1174348180
606,229,3.5,1171762349
606,231,2.5,1171927216
606,232,5.0,1171327224
606,235,3.5,1182292420
606,236,3.5,1171379783
606,260,4.5,1171324078
606,261,3.5,1171757325
606,263,4.0,1171328200
606,265,4.0,1171377075
606,266,3.0,1171814965
606,282,4.0,1171236810
606,288,4.0,1171756877
606,293,4.5,1171387841
606,296,5.0,1171231349
607,1,4.0,964744033
607,11,3.0,964744602
607,25,3.0,963078417
607,34,3.0,963079238
607,36,4.0,964744413
607,86,4.0,963079311
607,110,5.0,963078901
607,112,2.0,963080410
607,150,5.0,963079343
607,153,3.0,963080497
607,165,4.0,963080256
607,188,5.0,963079441
607,204,3.0,963080513
607,208,3.0,963080303
607,241,4.0,964744490
607,260,3.0,963078880
607,292,4.0,963080256
607,296,3.0,963079311
608,1,2.5,1117408267
608,2,2.0,1117490786
608,3,2.0,1117504413
608,10,4.0,1117408486
608,16,4.5,1189471181
608,19,2.0,1117504385
608,21,3.5,1147210949
608,24,2.0,1117504646
608,31,3.0,1117504582
608,32,3.5,1117336682
608,34,3.5,1117491662
608,39,3.0,1117415401
608,44,0.5,1117504562
608,47,4.5,1117162426
608,48,0.5,1117161754
608,50,4.5,1117491010
608,63,0.5,1117506926
608,65,2.0,1117415653
608,70,3.0,1117415406
608,88,2.5,1117505159
608,93,2.5,1117506858
608,95,2.0,1117490752
608,104,3.0,1117504401
608,107,3.0,1117504903
608,110,4.0,1117162428
608,111,3.0,1147544014
608,141,3.0,1117506082
608,145,3.5,1117415368
608,150,2.0,1117162618
608,153,2.5,1117408484
608,158,0.5,1117161771
608,160,2.5,1117504410
608,163,3.0,1117162121
608,168,0.5,1117161738
608,170,4.5,1117504807
608,172,4.0,1117491626
608,173,3.0,1117408473
608,174,1.5,1117506975
608,180,2.5,1117337036
608,181,0.5,1117415643
608,185,3.0,1117415385
608,188,3.5,1117503407
608,193,3.0,1117504783
608,196,3.0,1117408480
608,203,2.5,1117504921
608,208,3.0,1117504330
608,216,2.5,1117504726
608,223,2.5,1117491315
608,231,3.0,1117504309
608,252,3.5,1117491631
608,253,3.0,1117162063
608,260,3.5,1117162625
608,276,3.0,1117504825
608,277,2.5,1117408431
608,288,3.0,1117504348
608,292,2.5,1117504312
608,293,4.0,1117490629
608,296,5.0,1117162592
609,1,3.0,847221025
609,10,4.0,847220937
609,110,3.0,847220990
609,116,3.0,847221025
609,137,3.0,847221054
609,150,3.0,847220802
609,161,3.0,847220937
609,185,3.0,847220937
609,208,3.0,847220937
609,231,3.0,847220869
609,253,4.0,847220990
609,288,3.0,847220990
609,292,3.0,847220907
609,296,4.0,847220802
610,1,5.0,1479542900
610,6,5.0,1493850345
610,16,4.5,1479542171
610,32,4.5,1479543331
610,47,5.0,1479545853
610,50,4.0,1493844757
610,70,4.0,1495959282
610,95,3.5,1479542004
610,110,4.5,1479545829
610,111,5.0,1479542162
610,112,4.0,1479542315
610,153,3.0,1479544720
610,159,3.5,1493850536
610,194,5.0,1479544506
610,215,5.0,1479542540
610,231,4.0,1479544262
610,260,5.0,1479543007
610,293,5.0,1479542783
610,296,5.0,1479545817
